时间,MA5,MA10,MA20,MA60,EMA20,ATR14,RSI14,MACD,MACD_SIGNAL,MACD_HIST,BOLL_UP,BOLL_LOW,BOLL_MID,BOLL_WIDTH,KDJ_K,KDJ_D,KDJ_J,WILLIAMS_R14,CCI20,STOCH_RSI,VOL_MA20,OBV,OI_MA20,OI_CHANGE,OI_CHANGE_PCT
2023-09-15,9468.0,9468.0,9468.0,9468.0,9468.0,640.0,0.0,0.0,0.0,0.0,9468.0,9468.0,9468.0,0.0,9.0625,9.0625,9.0625,-90.9375,0.0,0.0,235242.0,0,30735.0,0.0,0.0
2023-09-18,9407.0,9407.0,9407.0,9407.0,9456.380952380952,409.0,0.0,-9.732193732192172,-1.9464387464384345,-7.785754985753738,9579.534054609518,9234.465945390482,9407.0,345.06810921903525,8.49780701754386,8.874269005847953,7.744883040935672,-92.63157894736842,-35.35533905932726,0.0,179404.5,-123567,33195.5,4921.0,16.011062306816328
2023-09-19,9380.0,9380.0,9380.0,9380.0,9443.963718820862,321.3333333333333,0.0,-18.841665246223783,-5.325484046395505,-13.516181199828278,9533.727030804605,9226.272969195395,9380.0,307.454061609209,7.244152046783626,8.330896686159843,5.070662768031191,-95.26315789473684,-31.47239304254219,0.0,152390.33333333334,-221929,35084.0,3205.0,8.988669508638104
2023-09-20,9362.5,9362.5,9362.5,9362.5,9431.20526940935,318.5,0.0,-27.040349022216105,-9.668457041559625,-17.37189198065648,9506.21731512475,9218.78268487525,9362.5,287.4346302494996,7.174493324321412,7.945428898880366,5.632622175203506,-92.96482412060301,-20.93940694389649,0.0,168576.75,-439065,38219.75,8766.0,22.557319677826104
2023-09-21,9316.8,9316.8,9316.8,9316.8,9402.90000565608,297.6,0.0,-47.19555313135788,-17.173876259519275,-30.021676871838608,9556.092289888327,9077.507710111671,9316.8,478.584579776656,4.855617190796701,6.915491662852478,0.7358682466851469,-99.78213507625273,-58.08219951675754,0.0,155027.2,-539894,39768.6,-1663.0,-3.4917168832804935
2023-09-22,9266.8,9300.333333333334,9300.333333333334,9300.333333333334,9385.290481307882,272.3333333333333,20.09569377990431,-55.74797169970407,-24.888695347556236,-30.85927635214783,9529.060827672485,9071.605838994183,9300.333333333334,457.45498867830247,6.359808700908765,6.730264008871241,5.6188980849838135,-90.6318082788671,-44.476994674289365,100.0,143360.16666666666,-454869,40221.666666666664,-3477.0,-7.564615786267515
2023-09-25,9223.6,9276.0,9276.0,9276.0,9360.977102135703,266.85714285714283,16.600790513834,-68.83322303729801,-33.677600885504596,-35.155622151793416,9521.30796970339,9030.69203029661,9276.0,490.61593940677994,6.407894147489312,6.622807388410598,5.978067665646741,-93.4959349593496,-51.66712513348497,82.60869565217394,135131.85714285713,-540631,40509.42857142857,-251.0,-0.5907689410878603
2023-09-26,9144.4,9232.75,9232.75,9232.75,9319.931663837066,263.5,11.898016997167133,-94.2551923412575,-45.79311917665518,-48.462073164602316,9566.572450670154,8898.927549329846,9232.75,667.6449013403071,5.421354719015864,6.22232316527902,3.819417826489552,-96.55172413793103,-78.72281587256036,59.206798866855486,128377.625,-621729,41292.375,4537.0,10.742021024718241
2023-09-27,9078.4,9204.666666666666,9204.666666666666,9204.666666666666,9287.557219662107,248.44444444444446,17.724867724867735,-109.10995242451463,-58.45648582622707,-50.65346659828756,9559.490566650868,8849.842766682465,9204.666666666666,709.647799968403,6.200443375895633,6.215029902151224,6.1712703233844515,-92.24137931034483,-66.2084189050899,88.20231796422277,119472.66666666667,-573496,41274.0,-5646.0,-12.071066641010841
2023-09-28,9052.8,9184.8,9184.8,9184.8,9260.742246360955,243.4,20.46035805626599,-117.43080488376836,-70.25134963773533,-47.17945524603303,9542.149253376703,8827.450746623295,9184.8,714.6985067534079,9.870523081457621,7.43352762858669,14.744513987199486,-90.0,-44.94693812943844,100.0,113542.2,-513328,40467.5,-7918.0,-19.252559146059767
2023-10-09,8933.2,9100.0,9133.454545454546,9133.454545454546,9199.71917527896,259.45454545454544,13.698630136986296,-153.40377128479304,-86.88183396714687,-66.52193731764616,9614.004533394498,8652.904557514594,9133.454545454546,961.0999758799044,7.739176260167385,7.535410505780255,8.146707768941647,-97.6775956284153,-97.68869078410931,66.9520547945205,108079.72727272728,-566783,40782.818181818184,10727.0,32.30148453732422
2023-10-10,8807.2,9015.4,9080.666666666666,9080.666666666666,9133.07925382382,251.33333333333334,12.422360248447205,-189.41217776668054,-107.38790272705361,-82.02427503962693,9666.917207791954,8494.416125541378,9080.666666666666,1172.5010822505756,5.531198052007501,6.867339687856004,2.8589147803104975,-99.23175416133162,-94.87252547688325,60.7142857142857,103457.91666666667,-619401,41365.75,3842.0,8.744537509104156
2023-10-11,8712.8,8928.6,9032.76923076923,9032.76923076923,9068.785991554885,241.3846153846154,12.030075187969928,-218.81577626084618,-129.67347743381214,-89.14229882703404,9691.818118104178,8373.720343434283,9032.76923076923,1318.0977746698954,5.598293393482708,6.444324256398238,3.9062316676516495,-96.71931956257595,-88.5132494251349,58.79699248120301,101220.23076923077,-693769,42326.769230769234,6081.0,12.727615220394316
2023-10-12,8594.8,8836.6,8986.857142857143,8986.857142857143,9004.139706644895,236.28571428571428,11.444921316165946,-244.78365797267725,-152.69551354158517,-92.08814443109208,9707.258252130132,8266.456033584154,8986.857142857143,1440.8022185459777,6.972936336395879,6.620528283064118,7.677752443059401,-94.4254835039818,-84.58922852781915,55.937052932761056,99925.5,-776863,43627.0,6671.0,12.386045043539617
2023-10-13,8474.4,8763.6,8948.0,8948.0,8946.983544107286,202.71428571428572,12.322946175637398,-261.2224979694365,-174.40091042715545,-86.82158754228107,9704.63767513161,8191.362324868391,8948.0,1513.2753502632186,8.352327927967623,7.197794831365286,10.6613941211723,-91.19496855345912,-72.62896983523488,60.228399433427775,99351.13333333333,-685553,44866.13333333333,1684.0,2.7820915248637057
2023-10-16,8439.2,8686.2,8916.5,8916.5,8899.080349430402,198.28571428571428,16.09022556390977,-267.9341532606941,-193.1075589938632,-74.82659426683088,9689.699758579025,8143.300241420976,8916.5,1546.399517158049,11.365320067920443,8.586969910217004,16.92202038332732,-88.0503144654088,-60.681604318091644,78.64097744360897,98798.4375,-595045,46054.0,1658.0,2.6649950171987014
2023-10-17,8411.6,8609.4,8883.882352941177,8883.882352941177,8847.92983996084,204.0,15.373563218390814,-276.68050252579997,-209.82214770025058,-66.85835482554938,9679.38153029868,8088.383175583673,8883.882352941177,1590.9983547150077,10.661906380870965,9.27861540043499,13.428488341742913,-93.61370716510903,-63.74955722027596,75.13829022988509,97762.88235294117,-676239,47238.41176470588,2317.0,3.6275676352705455
2023-10-18,8404.0,8558.4,8858.111111111111,8858.111111111111,8807.174617107426,193.71428571428572,18.96792189679219,-275.75322058221536,-223.00836227664354,-52.744858305571825,9660.241770524673,8055.980451697549,8858.111111111111,1604.2613188271243,12.3750557211826,10.310762174017526,16.503642815512748,-86.86679174484053,-55.83132321629019,92.70571827057181,97142.61111111111,-589641,48318.5,491.0,0.7418151052289712
2023-10-19,8406.0,8500.4,8834.0,8834.0,8768.396082144814,189.0,21.283255086071975,-273.47967238616184,-233.1026242985472,-40.37704808761464,9641.37269378315,8026.627306216849,8834.0,1614.7453875663014,15.576044473462392,12.06585627383248,22.59642087272222,-88.23529411764706,-54.89539267721599,100.0,96177.57894736843,-668448,49288.57894736842,70.0,0.10497900419916828
2023-10-20,8407.2,8440.8,8812.8,8812.8,8734.263121940547,191.42857142857142,16.44518272425249,-267.7841041711781,-240.0389202730734,-27.745183898104727,9621.192192467306,8004.4078075326925,8812.8,1616.7843849346136,22.095741360686638,15.409151302783865,35.46892147649218,-87.25490196078431,-48.26590687887004,50.824270908368504,95878.8,-578246,50022.05,-2792.0,-4.182771535580521
2023-10-23,8382.0,8410.6,8755.3,8789.238095238095,8694.619015089065,188.85714285714286,16.390728476821195,-267.60912503782856,-245.55296122602445,-22.05616381180411,9530.376254313078,7980.22374568692,8755.3,1550.1525086261581,24.18995369991722,18.33608543516165,35.89769022942835,-90.98712446351931,-56.30834377808508,50.270780361037595,88212.7,-660166,51765.05,1637.0,2.5594921667344117
2023-10-24,8415.6,8413.6,8714.5,8777.454545454546,8678.941013652011,189.28571428571428,33.606557377049185,-247.51067557394708,-245.94450409560898,-1.5661714783381058,9443.171610390762,7985.828389609238,8714.5,1457.343220781524,47.95459278919212,28.208921219838473,87.4459359278994,-68.24034334763948,-36.19083030175301,100.0,86520.95,-570434,53256.35,-113.0,-0.17226922783748488
2023-10-25,8423.6,8413.8,8671.2,8763.652173913044,8658.089488542295,193.28571428571428,29.032258064516128,-234.5274382381558,-243.66109092411835,9.133652685962545,9347.943160484943,7994.456839515058,8671.2,1353.4863209698851,53.130777215266654,36.51620655164787,86.35991854250423,-75.7510729613734,-28.764046830066242,79.35937897379789,89828.7,-734951,54670.45,1661.0,2.5365749366238033
2023-10-26,8445.6,8425.8,8631.2,8753.083333333334,8643.985727728743,186.57142857142858,30.37974683544303,-217.69410484699983,-238.46769370869467,20.773588861694833,9240.138887262952,8022.261112737049,8631.2,1217.877774525903,61.26321477272459,44.76520929200677,94.25922573416022,-53.37837837837838,-21.04831763363967,85.43965557081911,82522.55,-663938,55584.55,-1234.0,-1.8378684300671688
2023-10-27,8474.4,8440.8,8602.2,8745.12,8635.415658421243,168.42857142857142,46.420824295010846,-198.51477977020113,-230.47711092099595,31.962331150794824,9163.713593592767,8040.686406407235,8602.2,1123.027187185532,70.3080732002326,53.27949726141538,104.36522507786704,-23.076923076923077,-14.804173174966971,100.0,82040.75,-572745,56463.2,-2372.0,-3.598901515726227
2023-10-30,8536.8,8459.4,8572.8,8740.692307692309,8634.899881428744,167.42857142857142,57.40318906605923,-175.16328827390498,-219.41434639157777,44.251058117672784,9054.450495691623,8091.149504308375,8572.8,963.3009913832475,77.28679534393386,61.281929955588204,109.29652612062516,-8.755760368663594,4.787850538697881,100.00000000000001,81392.05,-500694,57599.05,1667.0,2.623668098902998
2023-10-31,8558.4,8487.0,8548.2,8736.888888888889,8635.195130816483,171.71428571428572,60.66350710900473,-154.23362071100746,-206.3782012554637,52.14458054445623,8954.366986660189,8142.033013339812,8548.2,812.3339733203766,81.1867916096123,67.9168838402629,107.7266071483111,-11.013215859030836,13.331759734017925,100.0,81323.8,-416297,58717.0,-609.0,-0.9339917796454156
2023-11-01,8585.6,8504.6,8531.5,8731.857142857143,8631.462261214912,166.85714285714286,62.59168704156479,-139.42851227043502,-192.98826345845796,53.55975118802294,8896.999226005353,8166.000773994648,8531.5,730.9984520107055,80.70308867953595,72.17895212002058,97.7513617985667,-20.26431718061674,19.897987317943446,100.0,80085.45,-472628,59524.25,-1677.0,-2.596176174626519
2023-11-02,8596.4,8521.0,8510.7,8726.068965517241,8625.03728395635,165.42857142857142,59.56937799043062,-128.7928459734576,-180.1491799614579,51.3563339880003,8810.10368805517,8211.296311944832,8510.7,598.8073761103369,78.03113400955847,74.12967941653321,85.83404319560901,-27.312775330396477,17.965341830300563,93.59926060922635,80041.8,-519988,60541.65,-1443.0,-2.293461330620805
2023-11-03,8616.0,8545.2,8493.0,8723.6,8627.605161674794,167.57142857142858,61.76470588235294,-111.97239122826613,-166.51382221481956,54.54143098655342,8695.18803129756,8290.81196870244,8493.0,404.37606259512177,81.66899721240246,76.64278534848962,91.72142094022811,-9.523809523809524,69.5670517583629,98.24859377659988,79669.9,-467258,61884.7,-1405.0,-2.2854819032126827
2023-11-06,8601.6,8569.2,8489.9,8718.258064516129,8620.976098658146,165.57142857142858,60.9375,-105.01650912045625,-154.21435959594692,49.19785047549067,8685.689252970971,8294.110747029028,8489.9,391.57850594194315,71.6795582323046,74.98837630976129,65.06192207739122,-30.472103004291846,52.3671253296987,96.41958285509011,81868.25,-564680,63078.9,7750.0,12.901614782753445
2023-11-07,8573.2,8565.8,8489.7,8711.3125,8609.073613071656,164.42857142857142,54.22222222222222,-103.31584354743791,-144.03465638624513,40.718812838807224,8685.453980936827,8293.946019063174,8489.7,391.5079618736527,55.934520303017884,68.63709097418015,30.52937896069335,-43.776824034334766,20.193746484071884,81.88465114286744,82732.5,-634583,64000.75,-1605.0,-2.3665585373046305
2023-11-08,8546.4,8566.0,8489.9,8703.757575757576,8595.066602302926,164.14285714285714,53.39168490153172,-103.51827543698346,-135.9313801963928,32.41310475940935,8685.525743650805,8294.274256349194,8489.9,391.25148730161163,47.826078669444875,61.70008687260173,20.07806226313116,-51.072961373390555,-28.224685652202623,80.08698861271314,82569.0,-705681,64761.9,2867.0,4.329834629615648
2023-11-09,8520.0,8558.2,8492.0,8695.764705882353,8579.536449702648,164.28571428571428,51.177730192719494,-104.89034286683273,-129.7231727304808,24.832829863648072,8683.978068922865,8300.021931077135,8492.0,383.95613784572924,39.54688769533873,54.3156871468474,10.009288792321385,-57.51072961373391,-18.666594899697863,75.2949782787507,82437.05,-786136,65342.55,3061.0,4.430966098260036
2023-11-10,8483.6,8549.8,8495.3,8689.314285714287,8569.104406873825,157.42857142857142,58.63636363636363,-101.73865389743514,-124.12626896387167,22.387615066436524,8683.133184669647,8307.466815330352,8495.3,375.66636933929476,37.667273789229654,48.76621602764149,15.46938931240598,-57.21393034825871,-11.686288760050111,88.21397286614678,80857.05,-726426,65952.15,2263.0,3.1368254716327204
2023-11-13,8462.4,8532.0,8495.7,8682.722222222223,8557.951606219174,151.28571428571428,44.31486880466472,-99.5458644895316,-119.21018806900365,19.664323579472054,8683.1067908672,8308.293209132802,8495.7,374.8135817343973,34.69005992078912,44.07416399202404,15.92185177831928,-71.26436781609195,-22.46127032755441,45.538947491032665,79625.95,-792312,66359.5,-2387.0,-3.208074617638368
2023-11-14,8476.4,8524.8,8505.9,8679.567567567568,8558.718119912586,151.0,57.26027397260274,-87.59942419001163,-112.88803529320525,25.288611103193617,8684.674659690216,8327.125340309783,8505.9,357.5493193804323,43.62479090504715,43.92437296303174,43.02562678907796,-38.50574712643678,18.10091084874144,83.44895391321745,78736.15,-728914,66732.35,1627.0,2.2591260639553523
2023-11-15,8508.8,8527.6,8516.1,8678.105263157895,8564.935441825673,150.71428571428572,57.72357723577236,-72.61461285346377,-104.83335080525696,32.21873795179319,8697.497963198644,8334.702036801356,8516.1,362.795926397288,55.13683378344139,47.66185990316829,70.0867815439876,-21.839080459770116,49.40332661353467,73.3645662899687,77173.2,-673575,67125.95,906.0,1.2302093800070635
2023-11-16,8578.0,8549.0,8535.0,8680.666666666666,8585.227304508942,155.71428571428572,63.20754716981132,-47.76195881082822,-93.41907240637121,45.657113595542995,8742.373550564362,8327.626449435638,8535.0,414.74710112872344,69.93545928241886,55.08639302958515,99.63359178808628,-0.4672897196261682,98.5020889360806,100.0,76419.75,-609837,67740.55,4490.0,6.022641914368498
2023-11-17,8618.4,8551.0,8548.1,8680.45,8593.491370746186,160.14285714285714,52.391799544419136,-36.20205084225927,-81.97566809354883,45.773617251289565,8755.327208130255,8340.872791869746,8548.1,414.4544162605089,68.48156301888034,59.55144969268355,86.34178967127392,-34.42622950819672,91.53763862481871,42.751644757023,77605.5,-723754,68768.6,5477.0,6.929227499304158
2023-11-20,8669.6,8566.0,8567.6,8681.121951219513,8604.396954484644,156.0,53.86313465783664,-23.860789033924448,-70.35269228162396,46.49190324769951,8756.222039232423,8378.977960767577,8567.6,377.2440784648461,69.9713152366306,63.02473820733256,83.86446929522668,-27.049180327868854,85.30466522244208,50.539503550680536,76865.7,-656630,69941.85,4541.0,5.372756421632996
2023-11-21,8646.8,8561.6,8563.7,8675.666666666666,8589.88295881944,172.42857142857142,43.57142857142857,-34.34144386746448,-63.15044259879207,28.80899873132759,8758.712658158625,8368.687341841376,8563.7,390.02531631724923,51.98664883019241,59.34537508161918,37.269196327338875,-79.50819672131148,-9.793485909609593,0.0,76475.5,-738558,70735.8,-7699.0,-8.644733887267009
2023-11-22,8605.2,8557.0,8561.5,8669.627906976744,8573.322677027112,170.42857142857142,43.41637010676156,-45.033222510635824,-59.526998581160825,14.493776070525001,8762.34400859737,8360.65599140263,8561.5,401.6880171947414,37.39946862849768,52.03007293057868,8.138260024335665,-86.88524590163935,-71.18229285343548,0.0,70988.5,-793335,71248.05,-3973.0,-4.883174985558192
2023-11-23,8531.6,8554.8,8556.5,8663.727272727272,8557.768136357863,168.85714285714286,38.38771593090211,-53.37540552154678,-58.29667996923802,4.921274447691239,8767.466198340142,8345.533801659858,8556.5,421.932396680284,30.488534641220674,44.849560167459344,1.7664835887433412,-83.33333333333333,-85.84641768697591,0.0,69693.8,-838454,71788.55,-669.0,-0.8644751124205263
2023-11-24,8478.8,8548.6,8549.2,8658.044444444444,8543.50450432378,160.42857142857142,42.10526315789474,-59.46258132187177,-58.52986023976477,-0.932721082106994,8770.386846472882,8328.01315352712,8549.2,442.37369294576274,25.75204634996107,38.48372222829325,0.2886945932967109,-83.72093023255815,-71.14125499948977,14.978132571525126,66939.5,-874561,72430.65,-340.0,-0.44317574525215564
2023-11-27,8396.8,8533.2,8532.6,8650.217391304348,8520.12312295961,161.0,40.08016032064128,-72.32902867173652,-61.289693926159124,-11.0393347455774,8776.881459752747,8288.318540247254,8532.6,488.5629195054935,18.69385249621818,31.88709898426823,-7.6926404798819235,-95.4225352112676,-92.35002024914269,6.818919812339355,66838.0,-944582,73042.8,1068.0,1.3982901059191644
2023-11-28,8358.0,8502.4,8513.6,8641.872340425532,8495.159016011075,156.14285714285714,39.840637450199196,-84.7761993455988,-65.98699501004707,-18.78920433555173,8781.348821806803,8245.851178193197,8513.6,535.4976436136058,12.802704385233891,25.525634117923452,-12.643155080145235,-98.9795918367347,-98.20535111591829,5.85387348250535,64473.3,-981685,73701.3,318.0,0.4106033803762621
2023-11-29,8325.6,8465.4,8496.5,8633.791666666666,8472.191490676687,152.0,40.899795501022496,-93.88123392659509,-71.56584279335667,-22.31539113323842,8784.972930409303,8208.027069590697,8496.5,576.9458608186069,11.058795562816286,20.703354599554398,-8.230322510659938,-92.42902208201893,-89.84620769371497,10.121259673120914,64694.95,-1042449,74512.25,1372.0,1.7642898476178281
2023-11-30,8332.0,8431.8,8490.4,8629.877551020409,8469.31611061224,160.57142857142858,48.758865248226954,-84.9477854196648,-74.2422313186183,-10.705554101046502,8778.021388561208,8202.77861143879,8490.4,575.2427771224175,21.27123473327917,20.892647977462655,22.028408244912193,-62.77602523659306,-37.40382070401225,41.78573664540613,66911.25,-950763,74919.45,-9518.0,-12.027243893501138
2023-12-01,8314.0,8396.4,8473.7,8623.64,8454.905052458693,165.0,44.570502431118314,-86.87231681258709,-76.76824841741205,-10.104068395175034,8760.599285464397,8186.800714535603,8473.7,573.7985709287941,20.895451452881556,20.893582469268956,20.89918942010675,-82.33438485804416,-46.87992399650853,24.910670990073683,67435.6,-1013980,75264.8,-2642.0,-3.7949410362113745
2023-12-04,8310.0,8353.4,8459.7,8616.862745098038,8438.056952224531,162.85714285714286,37.58620689655173,-90.58102583196887,-79.53080390032342,-11.050221931645453,8756.436707679033,8162.963292320968,8459.7,593.4734153580648,21.82503781069297,21.20406758307696,23.06697826592498,-88.64353312302839,-57.061496435954545,0.0,65097.85,-1064647,75252.8,603.0,0.9003090613195486
2023-12-05,8313.2,8335.6,8448.6,8610.26923076923,8422.432480584099,164.28571428571428,34.17721518987341,-92.7735354530596,-82.17935021087067,-10.594185242188928,8756.035162184402,8141.1648378156,8448.6,614.8703243688024,24.07383473093817,22.16065663236403,27.900190928086445,-87.07692307692308,-68.06992982183134,0.0,64039.3,-1113379,75363.45,848.0,1.2548091151228125
2023-12-06,8324.4,8325.0,8441.0,8604.603773584906,8411.724625290375,164.0,26.31578947368422,-90.56227050715461,-83.85593427012746,-6.706336237027145,8754.495739918979,8127.50426008102,8441.0,626.9914798379587,33.87453509691778,26.06528278721528,49.493039716322784,-72.6027397260274,-63.3117364707706,0.0,64711.75,-1028832,75420.0,1785.0,2.6085812825159316
2023-12-07,8290.0,8311.0,8432.9,8598.407407407407,8398.227041929387,159.0,28.199566160520604,-90.98863249532405,-85.28247391516679,-5.706158580157265,8755.61082052542,8110.189179474579,8432.9,645.4216410508416,36.84327295231239,29.65794617558098,51.213926505775206,-75.83081570996978,-58.79999774410344,6.838323890173247,63220.85,-1079469,75287.25,-725.0,-1.0325723156680344
2023-12-08,8294.0,8304.0,8426.3,8593.672727272728,8392.491133174208,160.85714285714286,30.607966457023068,-84.86126787072317,-85.19823270627806,0.33696483555489465,8751.20782498552,8101.392175014479,8426.3,649.8156499710412,44.88303758318152,34.73297664478116,65.18315945998222,-65.03067484662577,-31.930377059532145,19.124727049255345,63113.3,-1021910,75157.2,2317.0,3.3343886714252813
2023-12-11,8305.6,8307.8,8420.5,8589.07142857143,8387.111025252854,144.57142857142858,41.714285714285715,-79.25309025463321,-84.0092042159491,4.75611396131589,8747.61015366625,8093.389846333749,8420.5,654.2203073325009,50.06462755099801,39.843526946853444,70.50682875928715,-43.5,-26.846579272214427,68.6113454113454,62688.6,-1079302,75241.7,1904.0,2.651625931341828
2023-12-12,8322.0,8317.6,8410.0,8584.982456140351,8384.148070466868,147.14285714285714,45.614035087719294,-72.36060818784244,-81.67948501032777,9.318876822485322,8730.867245872281,8089.132754127719,8410.0,641.7344917445625,55.301552057171584,44.99620198362616,75.91225220426243,-34.224598930481285,-19.319641778228593,85.98752598752596,63127.55,-1007125,75474.95,4602.0,6.243470946560126
2023-12-13,8287.2,8305.8,8385.6,8577.241379310344,8360.514920898595,154.42857142857142,34.74387527839643,-83.68575063479693,-82.08073813522161,-1.6050124995753237,8712.116800567153,8059.083199432847,8385.6,653.0336011343061,39.1849919240324,43.05913196376157,31.436711844574063,-93.04812834224599,-58.24664974393724,37.553167352721864,65213.7,-1104187,76451.55,15773.0,20.141487147399474
2023-12-14,8252.8,8271.4,8351.6,8569.118644067798,8335.513499860634,157.42857142857142,33.40471092077087,-94.63638074982009,-84.5918666581413,-10.044514091678792,8646.121485231783,8057.078514768217,8351.6,589.0429704635653,26.72213034456452,37.61346475736256,4.939461518968443,-98.46938775510205,-76.66909720204514,31.586229616208122,66147.3,-1186597,77666.15,9250.0,9.831639811232517
2023-12-15,8234.0,8264.0,8330.2,8563.7,8326.797928445336,160.57142857142858,47.21649484536083,-90.49073333851629,-85.7716399942163,-4.719093344299992,8586.40353750789,8073.996462492112,8330.2,512.4070750157771,32.98441424168573,36.070447918803616,26.812346887449948,-61.224489795918366,-44.68133063114326,93.12763358124182,64908.65,-1097453,77720.65,-17725.0,-17.153115141192632
2023-12-18,8228.4,8267.0,8310.2,8544.366666666667,8325.00764954578,164.42857142857142,52.515090543259554,-81.10607245115898,-84.83852648560485,3.7324540344458654,8494.62011535444,8125.779884645561,8310.2,368.84023070888,43.546495722002064,38.5624638532031,53.51455945959998,-44.89795918367347,-20.450876844156234,100.0,63943.75,-1049627,77372.45,-3513.0,-4.10354051559999
2023-12-19,8220.8,8271.4,8303.5,8527.233333333334,8324.340254350944,161.14285714285714,53.199999999999996,-72.03141138612227,-82.27710346570834,10.245692079586064,8475.550788095221,8131.449211904779,8303.5,344.10157619044185,51.58588736756225,42.903605024656144,68.95045205337448,-42.3469387755102,17.11195616684527,100.00000000000001,61927.05,-1008033,77256.45,-3055.0,-3.7212531670239746
2023-12-20,8292.0,8289.6,8307.3,8513.333333333334,8340.307849174664,159.14285714285714,52.535496957403645,-50.22042153304574,-75.86576707917582,25.645345546130088,8492.6555331901,8121.944466809898,8307.3,370.7110663802023,66.13662332440657,50.64794445790629,97.11398105740713,-4.761904761904762,89.52201288886299,97.5282776410864,62360.5,-944587,77508.85,3395.0,4.295239179666255
2023-12-21,8392.0,8322.4,8316.7,8501.466666666667,8364.849958777077,155.0,64.46280991735537,-24.10388621758102,-65.51339090685687,41.40950468927585,8539.30949996274,8094.090500037261,8316.7,445.2189999254779,76.40270418306542,59.23286436629267,110.74238381661094,-3.0651340996168583,130.4648687979902,100.0,64024.5,-866188,77700.75,-1879.0,-2.279343975932846
2023-12-22,8464.0,8349.0,8326.5,8492.633333333333,8387.626153179259,154.57142857142858,67.45182012847965,-2.8888926089675806,-52.988491247279015,50.099598638311434,8581.005092493726,8071.994907506274,8326.5,509.0101849874518,80.25930565239872,66.24167812832802,108.29456070054013,-12.027491408934708,125.8575160164171,100.0,66224.75,-786076,77920.8,223.0,0.27682262249091316
2023-12-25,8516.4,8372.4,8340.1,8481.833333333334,8404.99509097171,155.14285714285714,65.35269709543567,11.053212270817312,-40.18015054365975,51.23336281447706,8616.33475904607,8063.86524095393,8340.1,552.4695180921408,80.88306516574576,71.12214047413393,100.40491454896943,-17.869415807560138,93.02318909237376,94.8971181720002,65589.45,-843391,78124.55,742.0,0.9185441941074624
2023-12-26,8561.6,8391.2,8354.4,8472.066666666668,8418.23365373631,145.0,62.264150943396224,19.77647720773348,-28.188824993381104,47.96530220111458,8642.112136838521,8066.687863161478,8354.4,575.424273677043,79.80978685734712,74.01802260187166,91.39331536829803,-22.33676975945017,81.09335765079987,86.783767400165,65926.95,-887244,78350.4,760.0,0.9322636834228737
2023-12-27,8592.8,8442.4,8374.1,8467.366666666667,8440.11616290428,143.42857142857142,68.56581532416503,34.68186737531505,-15.614686519641875,50.29655389495693,8685.820455063895,8062.379544936106,8374.1,623.4409101277888,84.94084191473817,77.65896237282718,99.50460099856016,-4.4673539518900345,87.43149971147075,100.0,65868.7,-827645,78742.15,4690.0,5.6999100653849055
2023-12-28,8608.0,8500.0,8385.7,8462.266666666666,8462.390814056253,142.42857142857142,67.21311475409836,48.03871873310345,-2.884005469092809,50.922724202196264,8724.177768841588,8047.222231158414,8385.7,676.955537683174,86.77989969888397,80.6992748148461,98.94114946695967,-7.9113924050632916,88.94144558319371,96.15284959611196,64481.3,-763707,79773.7,3278.0,3.769029112817912
2023-12-29,8605.2,8534.6,8399.3,8455.333333333334,8474.54406986042,145.14285714285714,62.00378071833648,51.255183828428926,7.943832390411538,43.31135143801739,8748.027068666932,8050.572931333066,8399.3,697.4541373338661,80.65200860428743,80.68351941132656,80.58898699020918,-21.20253164556962,61.506553736857825,81.3372340909886,64007.6,-817450,80898.15,-784.0,-0.8686980609418304
2024-01-02,8614.0,8565.2,8416.1,8455.233333333334,8487.82558701657,144.71428571428572,62.14689265536723,55.10563159452795,17.37619223123482,37.729439363293125,8772.51129404986,8059.68870595014,8416.1,712.8225880997206,76.9907545513575,79.45259779133687,72.06706807139875,-19.692307692307693,69.09208898709257,81.74425184386936,63889.9,-769137,82003.05,212.0,0.23696152728411857
2024-01-03,8609.6,8585.6,8428.5,8455.6,8491.080293014991,142.28571428571428,70.66381156316916,50.155348430138474,23.932023471015555,26.22332495912292,8781.33364202886,8075.66635797114,8428.5,705.6672840577194,59.54634778309678,72.81718112192351,33.0046811054433,-33.84615384615385,38.20410945405007,100.0,64483.85,-829748,83102.5,739.0,0.8240594125649592
2024-01-04,8585.6,8589.2,8439.4,8456.766666666666,8494.596455584993,143.42857142857142,73.83592017738358,46.1839830058434,28.382415377981125,17.801567627862276,8790.283636432037,8088.516363567962,8439.4,701.7672728640755,46.0106965018625,63.881686248569835,10.268717008447823,-35.08196721311475,33.952693083740364,100.0,63331.75,-768243,84245.85,2663.0,2.9452425981839614
2024-01-05,8562.4,8585.2,8453.8,8459.566666666668,8500.634888386423,139.57142857142858,69.97455470737913,44.93936356508857,31.693805015402617,13.245558549685953,8799.004500793953,8108.595499206046,8453.8,690.4090015879074,42.857705713885345,56.87369273700834,14.82573166763936,-33.94833948339483,24.93457681793646,81.88923444224547,64369.4,-696853,85424.35,-22.0,-0.023635582294800894
2024-01-08,8518.4,8561.8,8455.4,8459.0,8488.19347044486,150.57142857142858,53.40659340659341,28.45495387714618,31.04603478775133,-2.5910809106051502,8798.635625681285,8112.164374318714,8455.4,686.4712513625709,29.27355819522181,47.673647889746164,-7.526621193826898,-84.16289592760181,-0.6080188569992977,4.089573433323474,66784.85,-802721,86184.45,-6051.0,-6.5023963549614265
2024-01-09,8450.4,8532.2,8452.3,8456.166666666666,8467.794092307253,152.42857142857142,47.791164658634536,7.557425444971159,26.348312919195298,-18.79088747422414,8801.150201602171,8103.449798397827,8452.3,697.7004032043442,20.075929553117064,38.474408444203135,-16.72102822905508,-98.31932773109244,-48.66309377478014,0.0,67039.0,-865196,86899.3,999.0,1.1481834794901502
2024-01-10,8409.6,8509.6,8450.4,8455.433333333332,8453.52798827799,145.57142857142858,39.95381062355658,-5.391435012656075,20.000363332825025,-25.3917983454811,8801.86274789496,8098.93725210504,8450.4,702.9254957899202,17.025409618044428,31.3247421688169,-11.573255483500517,-89.07563025210084,-39.19164428548558,0.0,66255.85,-808682,87046.1,-6759.0,-7.68015817103379
2024-01-11,8366.8,8476.2,8459.3,8453.666666666666,8440.23960844199,141.71428571428572,31.41361256544502,-15.794201069058545,12.841450452448312,-28.63565152150686,8785.335903738065,8133.2640962619325,8459.3,652.0718074761326,15.68631643912989,26.111933592254562,-5.164917867119456,-86.99186991869918,-49.39492258816452,0.0,64199.1,-864609,86436.8,651.0,0.8012603542284724
2024-01-12,8328.0,8445.2,8472.6,8453.066666666668,8432.978693352277,140.0,35.148514851485146,-19.77592147143514,6.317976067671623,-26.093897539106763,8755.416213337034,8189.783786662967,8472.6,565.6324266740667,18.181121528525615,23.46832957101158,7.606705443553686,-76.82926829268293,-38.892487340852504,8.804099767993389,63051.1,-805159,85437.65,1453.0,1.774158099098888
2024-01-15,8326.0,8422.2,8478.4,8452.233333333334,8426.02834160444,138.85714285714286,36.5038560411311,-22.989224675902733,0.45653591895675216,-23.445760594859486,8745.815230050834,8210.984769949166,8478.4,534.830460101668,20.850906415842474,22.595855185955212,17.361008875616996,-77.64227642276423,-43.25583352038624,11.998978278714791,61211.0,-857501,85228.15,-1932.0,-2.3179086033760843
2024-01-16,8359.2,8404.8,8485.0,8454.266666666666,8427.35897573735,144.0,43.75,-18.863018073408966,-3.407374879516392,-15.455643193892573,8740.978617528031,8229.021382471969,8485.0,511.9572350560629,29.893870270494308,25.02852688080158,39.62455704987977,-61.38211382113821,-31.999535706974,29.079953753112786,61792.0,-798055,85262.35,1361.0,1.6715999950871474
2024-01-17,8381.2,8395.4,8490.5,8452.566666666668,8427.420025667127,141.57142857142858,35.135135135135144,-16.37253691107253,-6.00040728582762,-10.37212962524491,8735.877904036726,8245.122095963274,8490.5,490.7558080734525,34.91241183016119,28.323155197254785,48.090925095974,-63.82113821138211,-25.53872422912646,8.772560426776042,62323.8,-850285,85197.2,-5042.0,-6.090843198840301
2024-01-18,8413.2,8390.0,8489.6,8452.8,8431.85621369883,142.14285714285714,36.8421052631579,-10.565207944446229,-6.913367417551342,-3.651840526894887,8735.086755993892,8244.113244006108,8489.6,490.97351198778415,42.130160075326316,32.92549015661196,60.53949991275503,-54.47154471544715,-17.011300224655287,12.796316379982072,62484.0,-783635,85065.55,2065.0,2.656358537652115
2024-01-19,8453.6,8390.8,8488.0,8453.733333333334,8444.631812394178,140.28571428571428,48.4375,1.4441262367508898,-5.241868686690896,6.685994923441786,8730.915623210989,8245.084376789011,8488.0,485.831246421978,60.39761182935864,42.082864047527515,97.02710739302087,-35.77235772357724,17.336696977089698,40.1295648277372,61069.6,-733524,85190.4,3251.0,4.073781687405242
2024-01-22,8500.0,8413.0,8487.4,8454.366666666667,8458.666877880447,136.85714285714286,48.57142857142858,12.910765538408668,-1.611341841670984,14.522107380079653,8729.165784876242,8245.634215123757,8487.4,483.53156975248567,71.58375587158707,51.91649465554737,110.91827830366648,-18.571428571428573,34.81168378230286,40.445268001297904,59922.15,-676361,85209.75,-1887.0,-2.2720157969513766
2024-01-23,8544.4,8451.8,8492.0,8454.9,8478.031937129928,132.42857142857142,59.35828877005347,27.331514101948414,4.177229347052895,23.15428475489552,8743.680666509608,8240.319333490392,8492.0,503.36133301921654,80.42091661280409,61.41796864129961,118.42681255581306,-1.9047619047619047,54.936005241805475,65.87259811567678,59265.45,-632180,85363.25,3425.0,4.219695196323636
2024-01-24,8604.8,8493.0,8501.3,8456.433333333332,8502.028895498506,131.14285714285714,62.46913580246914,43.74285255940049,12.090353989522415,31.652498569878077,8773.944051736604,8228.655948263395,8501.3,545.288103473209,85.15355576877522,69.3298310171248,116.80100527207605,-4.761904761904762,81.12521790416743,80.53621491590056,60045.05,-572735,85879.95,8024.0,9.4855305466238
2024-01-25,8632.0,8522.6,8499.4,8456.666666666666,8512.31185783198,131.28571428571428,52.88888888888889,46.529595196327136,18.978202230883362,27.551392965443775,8768.242665786798,8230.557334213201,8499.4,537.6853315735971,79.14346640292777,72.60104281239245,92.22831358399841,-28.571428571428573,58.55912601866981,69.1512300711818,61554.9,-662531,86049.45,-2254.0,-2.4337047594368166
2024-01-26,8652.8,8553.2,8499.2,8458.433333333332,8527.329776133696,120.85714285714286,69.4300518134715,52.969013556354184,25.77636449597753,27.192649060376656,8767.50116620965,8230.898833790352,8499.2,536.6023324192975,79.70295020469158,74.96834527649216,89.17216006109041,-16.666666666666668,67.79154938451968,100.0,61935.5,-590981,86049.0,-121.0,-0.13390584537747996
2024-01-29,8666.4,8583.2,8502.7,8458.566666666668,8539.965035549534,121.14285714285714,78.13411078717202,56.61278562126245,31.943648721034513,24.669136900227933,8777.730409801852,8227.66959019815,8502.7,550.0608196037028,78.22301943470666,76.05323666256366,82.56258497899265,-18.650793650793652,58.512024668789294,100.00000000000001,61539.55,-636805,85933.5,-3085.0,-3.418623463835724
2024-01-30,8664.8,8604.6,8504.7,8460.166666666666,8550.82550835434,119.71428571428571,75.92592592592592,58.343800365890274,37.22367905000567,21.120121315884603,8783.691492041538,8225.708507958463,8504.7,557.9829840830753,76.7100831319097,76.272185485679,77.58587842437109,-19.841269841269842,49.83618956860144,95.27362732570519,61053.05,-675388,85724.25,-1663.0,-1.9080728808114178
2024-01-31,8638.4,8621.6,8508.5,8461.866666666667,8555.3183170825,120.42857142857143,70.28571428571428,54.567885418053265,40.69252032361519,13.875365094438074,8790.537324890809,8226.462675109191,8508.5,564.0746497816181,66.7863139246745,73.1102282986775,54.138485176668496,-34.97757847533632,36.0695893580387,81.7474803005314,60567.7,-726292,85501.4,467.0,0.5462435521036868
2024-02-01,8608.8,8620.4,8505.2,8461.866666666667,8546.430858312739,122.71428571428571,56.23409669211196,40.13868840287432,40.58175393946702,-0.4430655365926981,8787.820519238647,8222.579480761355,8505.2,565.241038477292,45.839998756800554,64.02015178471852,9.47969270096462,-66.66666666666667,-1.1461292460228085,49.068521370641896,60398.9,-784421,85219.9,1490.0,1.7333643555141887
2024-02-02,8557.2,8605.0,8497.9,8461.533333333333,8533.627919425811,122.85714285714286,53.125,24.387737027416733,37.342950557056966,-12.955213529640233,8782.314745342792,8213.485254657207,8497.9,568.8294906855845,34.511889205564636,54.1840642583339,-4.832460899973896,-78.08219178082192,-30.882048444810263,41.83789169873555,59298.55,-833804,84869.4,-1402.0,-1.6032018296169293
2024-02-05,8506.0,8586.2,8499.6,8460.433333333332,8521.28240329002,116.85714285714286,47.631578947368425,11.131148490776468,32.10059014380087,-20.969441653024404,8781.188277267931,8218.01172273207,8499.6,563.1765545358612,26.730430367161535,45.03285296127645,-9.874414821068285,-88.83248730964468,-36.331694737738246,29.062189558558288,55761.6,-868933,84723.25,-1964.0,-2.2824470063220526
2024-02-06,8466.0,8565.4,8508.6,8460.466666666667,8514.874555357637,118.42857142857143,51.62907268170426,4.6066856943707535,26.60180925391485,-21.995123559544098,8770.656964478267,8246.543035521734,8508.6,524.1139289565326,25.854474945629057,38.640060289393986,0.2833042580992071,-76.14213197969544,-27.71350129175611,35.810727115074926,54186.9,-837952,84423.45,-2074.0,-2.4665810380096076
2024-02-07,8441.6,8540.0,8516.5,8458.966666666667,8511.172216752148,113.28571428571429,50.12919896640827,1.1974150055120845,21.5209304042343,-20.323515398722215,8763.454928766547,8269.545071233453,8516.5,493.9098575330936,27.20195236925099,34.827357649346325,11.951141809060317,-70.55837563451777,-16.231305676176444,8.18823838020105,52936.05,-806455,84457.25,-87.0,-0.10608462382636352
2024-02-08,8445.2,8527.0,8524.8,8456.566666666668,8508.203434204324,111.71428571428571,43.731778425655975,-1.1682234544823586,16.98309963249097,-18.151323086973328,8753.58866368674,8296.011336313259,8524.8,457.57732737348124,29.307819270375894,32.987511523022846,21.948434765082,-69.54314720812182,-11.998509475674622,0.0,51907.1,-771107,84344.4,-2282.0,-2.785542521636175
2024-02-19,8472.8,8515.0,8534.1,8452.766666666666,8512.184059518198,114.85714285714286,47.12328767123288,2.575714771497587,14.101622660292293,-11.525907888794706,8750.133038408936,8318.066961591065,8534.1,432.06607681787136,39.96865370713232,35.314558917726,49.27684328594495,-51.776649746192895,17.504846137243145,9.858370095193884,50782.35,-734152,84329.2,3406.0,4.276691653796405
2024-02-20,8493.2,8499.6,8541.4,8450.0,8511.595101468845,115.14285714285714,38.92045454545455,1.9696753215230274,11.67523319253844,-9.705557871015413,8741.976432471874,8340.823567528125,8541.4,401.1528649437496,42.344693869271005,37.65793723490767,51.71820713799768,-62.944162436548226,-9.974784289765388,0.0,50374.05,-778328,84522.75,2243.0,2.7008802244512076
2024-02-21,8506.8,8486.4,8545.5,8446.9,8512.586044186099,115.28571428571429,34.04907975460124,2.74876492257863,9.889939538546479,-7.141174615967849,8740.627488689042,8350.372511310958,8545.5,390.25497737808473,48.379049644190616,41.231641371335314,62.67386618990122,-58.46153846153846,-12.665084905763676,0.0,49897.1,-728421,84671.3,461.0,0.5405088521514889
2024-02-22,8530.0,8485.8,8553.7,8449.233333333334,8520.149278073137,113.14285714285714,48.50498338870432,8.911883385826513,9.694328308002486,-0.7824449221759728,8741.690033330406,8365.709966669596,8553.7,375.9800666608098,61.108421155828566,47.85723463283306,87.61079420181956,-40.20618556701031,10.260666632439987,32.790957146934545,49588.65,-682360,85279.95,4160.0,4.851255378946018
2024-02-23,8544.0,8494.6,8557.5,8451.466666666667,8522.992203970933,111.57142857142857,39.726027397260275,10.288550177421712,9.813172681886332,0.4753774955353798,8741.741831926323,8373.258168073677,8557.5,368.4836638526467,62.72968817795979,52.8147191478753,82.55962623812876,-46.927374301675975,10.548118550754253,12.877268110494944,49076.25,-738762,85847.95,1252.0,1.3924881271479617
2024-02-26,8531.6,8502.2,8553.6,8452.766666666666,8519.659613116557,111.85714285714286,36.47798742138365,6.304017889613533,9.111341723431773,-2.8073238338182396,8740.369094704745,8366.830905295255,8553.6,373.53818940948986,55.82945395438865,53.819630750046414,59.84910036307312,-58.70967741935484,-21.895877448769806,5.800120803857521,49274.65,-792841,86237.6,-316.0,-0.3466318572227789
2024-02-27,8550.0,8521.6,8553.9,8455.933333333332,8527.120602343552,116.42857142857143,46.21621621621621,11.885321448855393,9.666137668516496,2.2191837803388967,8740.947868908324,8366.852131091675,8553.9,374.0957378166495,62.69133408279998,56.776865194297606,74.52027185980474,-23.225806451612904,0.41558360080698903,33.576894264747956,48833.2,-744507,86826.9,2106.0,2.3181833192070123
2024-02-28,8564.8,8535.8,8550.6,8460.9,8533.680544977498,114.14285714285714,49.85422740524781,15.963148209530118,10.925539776719221,5.037608432810897,8731.856898235303,8369.343101764698,8550.6,362.5137964706046,64.6700397153307,59.40792336797531,75.1942724100415,-21.333333333333332,30.483051423433515,71.24244121681521,49204.8,-796120,87237.75,-144.0,-0.154917001065058
2024-02-29,8567.6,8548.8,8544.4,8466.7,8540.568112122499,109.28571428571429,62.85714285714286,19.773831304537453,12.695198082282868,7.0786332222545845,8707.380657554291,8381.419342445708,8544.4,325.9613151085832,67.4466931435538,62.08751329316814,78.16505284432512,-18.0,30.092977741628246,100.0,48519.55,-750380,87445.15,3955.0,4.261440162053254
2024-03-01,8570.0,8557.0,8542.0,8471.833333333334,8542.609244301308,108.28571428571429,63.53790613718411,19.024094911112115,13.960977448048718,5.0631174630633975,8702.304972507134,8381.695027492866,8542.0,320.6099450142683,61.96446209570253,62.046496227346275,61.800393832415054,-32.666666666666664,13.60470996683191,100.0,46166.25,-793110,87758.7,-131.0,-0.13538092679095115
2024-03-04,8576.4,8554.0,8534.5,8473.133333333333,8540.455982939278,114.0,59.863945578231295,14.869468450042405,14.142675648447456,0.7267928015949483,8683.205997472181,8385.794002527819,8534.5,297.41199494436296,51.309641397135024,58.46754461727586,36.99383495685336,-48.611111111111114,9.880744863363601,87.54117742331454,46631.6,-873967,88098.4,402.0,0.41600695414609756
2024-03-05,8528.8,8539.4,8519.5,8473.833333333334,8523.269698849823,118.71428571428571,43.266475644699135,-1.3185661670377158,11.050427285350423,-12.368993452388139,8675.25892303572,8363.74107696428,8519.5,311.51784607144145,35.28169641529433,50.73892854994868,4.367232145985611,-96.7741935483871,-82.82351890533974,31.257249001750754,49386.1,-974881,89274.95,13652.0,14.069150306590394
2024-03-06,8492.8,8528.8,8507.6,8476.133333333333,8513.053537054602,119.85714285714286,45.9016393442623,-9.519236409283621,6.9364945464236145,-16.455730955707235,8656.29877711593,8358.901222884071,8507.6,297.3975542318585,30.617905137077937,44.03192074565843,3.7898739199169427,-78.70967741935483,-76.4645132290969,40.19339201868541,51446.35,-895093,89661.2,-17469.0,-15.78234119634645
2024-03-07,8447.2,8507.4,8496.6,8477.866666666667,8500.191295430355,118.14285714285714,43.34203655352481,-18.867120657092528,1.7757715057203862,-20.642892162812913,8649.627551698803,8343.572448301198,8496.6,306.0551033976044,23.422689446224005,37.16217697918029,-4.056285619688566,-90.96774193548387,-80.18295673514571,31.513484729295,50806.7,-933204,90247.65,4471.0,4.796283979488947
2024-03-08,8401.6,8485.8,8490.2,8478.266666666666,8484.363553008418,112.71428571428571,35.4054054054054,-29.485923179938254,-4.476567431411342,-25.00935574852691,8659.19405159255,8321.20594840745,8490.2,337.98810318510004,18.251661137407343,30.858671698589305,-6.962359984956578,-92.090395480226,-98.58740984881162,4.599456191329674,51861.8,-1012435,91336.2,11532.0,11.804809139207073
2024-03-11,8360.8,8468.6,8485.4,8479.033333333333,8468.328928912379,110.0,36.69467787114846,-38.905373325414985,-11.36232861021207,-27.543044715202914,8668.602390239468,8302.197609760531,8485.4,366.404780478937,16.397892534921308,26.03841197736664,-2.8831463499693584,-87.30964467005076,-98.57373687823029,8.97152732436243,52224.25,-1069067,92557.85,1260.0,1.153624303018641
2024-03-12,8353.2,8441.0,8481.3,8478.766666666666,8454.392840444534,106.85714285714286,35.79545454545455,-45.363285851639375,-18.162520058497535,-27.20076579314184,8675.51214661992,8287.087853380079,8481.3,388.42429323984106,15.793039467725315,22.6232878074862,2.132542788203544,-85.78680203045685,-81.38800380640518,1.3864716250004057,52944.95,-1019524,93901.7,480.0,0.43446384446195196
2024-03-13,8334.8,8413.8,8474.8,8478.566666666668,8441.974474687911,102.42857142857143,28.93081761006289,-49.746399245672364,-24.479295895932502,-25.267103349739862,8681.179925584322,8268.420074415677,8474.8,412.7598511686447,15.563415200705766,20.269996938559387,6.150251724998526,-85.27918781725889,-79.62502500706513,0.0,53474.85,-977945,95246.35,-2058.0,-1.8547057074107087
2024-03-14,8350.8,8399.0,8473.9,8480.266666666666,8443.500715193824,104.42857142857143,43.68131868131868,-41.924093223951786,-27.96825536153636,-13.955837862415425,8680.414839533018,8267.385160466982,8473.9,413.0296790660359,27.04227680047051,22.52742355919643,36.07198328301867,-51.26903553299493,-32.12546172574584,42.622773827668205,55912.6,-897693,96028.25,-11342.0,-10.414772779445924
2024-03-15,8388.0,8394.8,8475.9,8486.666666666666,8450.786361365841,103.57142857142857,52.1978021978022,-30.371869494980274,-28.448978188225144,-1.9228913067551296,8683.435818087995,8268.364181912004,8475.9,415.07163617599144,47.02361832360134,30.692821813998066,79.68521134280789,-35.53299492385787,15.832950980810162,67.23184635860139,58330.15,-813994,96389.05,-10704.0,-10.971597257100685
2024-03-18,8429.2,8395.0,8474.5,8493.733333333334,8457.568612664332,100.57142857142857,43.87096774193548,-20.815319627608915,-26.9222464761019,6.106926848492986,8680.301641853153,8268.698358146847,8474.5,411.6032837063067,60.57282317463833,40.65282226754482,100.41282498882535,-35.025380710659896,10.610233603264382,43.17078022950168,59076.65,-762109,96312.35,-5344.0,-6.152641698423844
2024-03-19,8477.2,8415.2,8477.3,8499.033333333333,8467.514459077252,99.42857142857143,47.41641337386017,-9.899899422374801,-23.517777065356483,13.617877642981682,8686.40344959268,8268.196550407318,8477.3,418.206899185363,71.80438742428117,51.03667731979027,113.33980763326298,-22.916666666666668,35.52434072197916,53.41563405228473,59253.2,-714402,95992.0,-2630.0,-3.2264792119048535
2024-03-20,8504.8,8419.8,8474.3,8501.6,8466.989272498467,102.14285714285714,40.37433155080214,-9.212320635682772,-20.656685779421743,11.44436514373897,8682.422534756965,8266.177465243034,8474.3,416.2450695139305,68.54469710141952,56.87268391366669,91.88872347692518,-48.958333333333336,11.960010324568987,33.06696525993826,58800.5,-755255,95625.2,-468.0,-0.5932837239962963
2024-03-21,8479.2,8415.0,8461.2,8501.8,8453.942675117662,106.42857142857143,36.1244019138756,-19.098550126043847,-20.345058648746164,1.2465085227023174,8671.103837631927,8251.296162368075,8461.2,419.8076752638517,52.44751958660035,55.39762913797791,46.547300483845234,-83.33333333333333,-57.020501781135614,23.255276062657607,60179.95,-828905,94836.7,-4274.0,-5.4504877893260195
2024-03-22,8444.0,8416.0,8450.9,8499.333333333334,8443.471944154075,99.42857142857143,39.1089108910891,-25.509715109932586,-21.37798994098345,-4.131725168949135,8662.665411419479,8239.13458858052,8450.9,423.53082283895856,40.94202455198644,50.57909427598076,21.66788510399782,-75.31645569620254,-55.98813435305895,43.74478885583492,59105.05,-794001,94004.15,371.0,0.5003978905059325
2024-03-25,8411.2,8420.2,8444.4,8495.333333333334,8435.331758996545,92.85714285714286,49.84894259818731,-29.12518949776677,-22.927429852340115,-6.197759645426654,8659.327552053139,8229.47244794686,8444.4,429.8551041062783,34.88088993120935,45.34635949439029,13.949950804847475,-70.88607594936708,-34.48990522016839,89.90475284514248,58985.95,-742304,93089.15,-1965.0,-2.6371591153102836
2024-03-26,8373.6,8425.4,8433.2,8491.5,8429.490639092111,93.71428571428571,46.62379421221865,-30.349561858629386,-24.41185625359797,-5.9377056050314145,8637.508950778953,8228.891049221049,8433.2,408.6179015579037,31.825355192234806,40.83935806033846,13.79734945602749,-65.82278481012658,-19.815444291642844,76.04327297091686,58779.65,-698096,91869.1,-3995.0,-5.506774918328805
2024-03-27,8367.2,8436.0,8424.9,8489.166666666666,8429.539149654767,96.0,54.06249999999999,-26.49572753328357,-24.828630509535092,-1.6670970237484788,8614.30560765326,8235.49439234674,8424.9,378.81121530651944,36.45499869958511,39.37790494008735,30.609186218580646,-48.10126582278481,3.2191247825194056,100.0,58292.7,-656222,90484.8,-3429.0,-5.002042245302841
2024-03-28,8396.8,8438.0,8418.5,8488.066666666668,8434.154468735265,98.71428571428571,61.180124223602476,-19.345336223872437,-23.731971652402564,4.386635428530127,8589.937881952603,8247.062118047397,8418.5,342.87576390520553,45.25571341877102,41.337174432981904,53.09279139034926,-32.91139240506329,23.44359988295215,100.0,57770.25,-620931,88796.6,-2123.0,-3.2599849515532187
2024-03-29,8416.8,8430.4,8412.6,8484.666666666666,8435.092138379525,98.71428571428571,59.696969696969695,-16.23496883075677,-22.232571088073406,5.997602257316636,8570.859480467578,8254.340519532423,8412.6,316.5189609351546,47.07523751727592,43.249862127746574,54.72598829633462,-47.58620689655172,28.891471411380014,95.4009723545185,57291.3,-654082,86893.65,-4426.0,-7.0253968253968235
2024-04-01,8450.8,8431.0,8413.0,8482.233333333334,8443.940506152903,101.85714285714286,63.956639566395665,-6.912202709872872,-19.1684974124333,12.256294702560428,8572.438488386337,8253.561511613663,8413.0,318.8769767726735,58.28825358294585,48.262659279479664,78.33944218987821,-18.620689655172413,59.6779590045118,100.0,54999.4,-619063,84818.25,-3047.0,-5.201966742923481
2024-04-02,8502.0,8437.8,8426.5,8482.9,8461.660457947864,107.85714285714286,68.25775656324582,8.607482458453887,-13.613301438255863,22.22078389670975,8610.824085298224,8242.175914701776,8426.5,368.648170596447,70.82764663814324,55.784321732367516,100.91429644969469,-4.093567251461988,101.7728024854672,100.0,52008.55,-577966,82144.8,1691.0,3.0453653177733297
2024-04-03,8579.6,8473.4,8446.6,8486.3,8495.597557190924,116.57142857142857,70.17937219730942,35.66583998397073,-3.7574731538105457,39.42331313778127,8700.605718957537,8192.594281042464,8446.6,508.01143791507275,76.12999571794583,62.566213060893624,103.25756103205025,-13.131313131313131,157.40439626225762,100.0,51577.75,-506794,81550.65,24117.0,42.14932363941417
2024-04-08,8631.2,8514.0,8464.5,8489.866666666667,8518.493027934644,119.42857142857143,61.84210526315789,49.9176489856236,6.9775512740762835,42.94009771154732,8747.008686405774,8181.991313594226,8464.5,565.0173728115478,74.35430371464028,66.49557661214251,90.07175791963581,-26.936026936026938,98.27402824553641,75.51820816532256,51712.35,-547597,80640.6,-1847.0,-2.270855105428171
2024-04-09,8677.2,8547.0,8481.5,8492.3,8533.303215750393,123.14285714285714,57.81893004115227,55.568865166569594,16.695814052574946,38.87305111399465,8771.756873530258,8191.2431264697425,8481.5,580.513747060515,68.88771762794201,67.29295695074235,72.07723898234133,-37.37373737373738,80.42304508312696,63.704440047126,50644.8,-605477,79190.8,737.0,0.9271839774557256
2024-04-10,8707.2,8579.0,8499.6,8494.3,8547.083861869403,122.42857142857143,56.1965811965812,59.682281089913886,25.293107460042734,34.38917362987115,8791.545488783499,8207.654511216502,8499.6,583.8909775669963,64.60794078421941,66.39795156190138,61.02791922885547,-36.7003367003367,65.12101311273638,58.9405279630204,49813.0,-565481,77734.6,1132.0,1.4110314739794294
2024-04-11,8706.0,8604.0,8514.7,8498.533333333333,8554.409208358033,120.14285714285714,59.10112359550562,57.91721059008523,31.817928086051236,26.099282504033997,8799.11119231805,8230.28880768195,8514.7,568.8223846360997,58.12572396367315,63.64054236249197,47.09608716603552,-45.79124579124579,45.080850416694865,67.46951029584994,50295.2,-624668,76047.15,-4145.0,-5.094828963703179
2024-04-12,8664.0,8621.8,8528.9,8504.1,8559.513093276315,115.57142857142857,67.95865633074935,54.597942129079456,36.37393089465688,18.224011234422576,8801.328377840155,8256.471622159845,8528.9,544.85675568031,51.74483292493464,59.675305883306194,35.88388700819152,-48.97959183673469,30.350418212011164,92.85264597563126,50711.1,-674565,74410.2,-1048.0,-1.3573019737864622
2024-04-15,8653.6,8642.4,8540.2,8510.2,8571.36898915476,119.14285714285714,70.33492822966507,57.4378549630037,40.586715708326246,16.851139254677456,8818.921592840918,8261.478407159084,8540.2,557.4431856818337,52.730173516907996,57.36026176117346,43.469997028377065,-38.68613138686131,45.694937860121065,100.0,49957.0,-609395,73389.8,989.0,1.2985137335223884
2024-04-16,8674.0,8675.6,8553.0,8517.9,8590.857656854307,126.0,72.86652078774617,66.34732678487308,45.738837923635614,20.60848886123746,8850.683689421101,8255.316310578899,8553.0,595.367378842202,58.33449808064594,57.68500720099762,59.633479839942595,-22.727272727272727,71.79206021617628,100.00000000000001,51259.1,-499654,73170.55,5319.0,6.89409355436601
2024-04-17,8690.8,8699.0,8565.0,8524.533333333333,8607.156927630087,125.0,71.2719298245614,71.45477819192638,50.88202597729377,20.572752214632608,8876.452961726827,8253.547038273173,8565.0,622.9059234536544,58.52156722758809,57.96386054319444,59.636980596375395,-27.016129032258064,65.45771772650824,91.51994681784281,51548.1,-557319,73173.65,-897.0,-1.087641866330391
2024-04-18,8689.2,8697.6,8567.7,8528.8,8607.99912499865,130.14285714285714,59.2814371257485,62.99531957133149,53.30468469610132,9.690634875230174,8879.978620533167,8255.421379466834,8567.7,624.5572410663335,44.49056862791588,53.472763238101585,26.52617940754446,-56.45161290322581,25.851995827050203,18.50550154844155,53412.4,-642312,72927.65,-7612.0,-9.3312902237205
2024-04-19,8692.0,8678.0,8575.7,8531.833333333334,8609.332541665446,135.57142857142858,57.5,56.12827569968249,53.869402896817554,2.2588728028649356,8884.758400204291,8266.64159979571,8575.7,618.1168004085812,37.490356713912604,48.14529439670525,16.180481348327305,-58.05084745762712,17.853670341692197,7.818977365158598,56231.45,-545078,72567.0,-2761.0,-3.7329475548585123
2024-04-22,8681.2,8667.4,8590.7,8535.2,8611.300871030642,134.14285714285714,59.95717344753747,50.74665129084315,53.24485257562268,-2.498201284779533,8877.895587123397,8303.504412876604,8590.7,574.3911742467935,33.718403357373504,43.336330716928,14.482548638264504,-56.837606837606835,9.897623282842169,22.559123447270185,54833.4,-499389,72708.5,5769.0,8.10230049717704
2024-04-23,8642.0,8658.0,8602.5,8536.966666666667,8608.31983569439,130.14285714285714,52.88888888888889,41.96336548573345,50.98855515764484,-9.025189671911392,8865.380801485142,8339.619198514858,8602.5,525.761602970284,25.610926623036477,37.42786268563083,1.9770544978477744,-80.20304568527919,-2.8124371616465114,0.0,55170.8,-541041,72785.3,-923.0,-1.1991529277260216
2024-04-24,8605.2,8648.0,8613.5,8537.166666666666,8605.432232294925,126.85714285714286,46.75,34.444114607247684,47.67966704756541,-13.235552440317726,8850.434367994261,8376.565632005739,8613.5,473.86873598852253,22.07395108202432,32.309892151095326,1.6020689438823013,-86.88524590163935,-17.436843939858893,0.0,54762.75,-584577,73052.6,1845.0,2.4260993057016567
2024-04-25,8578.0,8633.6,8618.8,8535.3,8593.486305409693,118.28571428571429,26.19718309859155,20.342774293822004,42.21228849681673,-21.86951420299473,8837.193753525475,8400.406246474524,8618.8,436.7875070509508,17.52124791606902,27.380344072753225,-2.19694439729939,-91.58415841584159,-53.71798390502242,0.0,56125.9,-656048,73851.55,6638.0,8.521946773137511
2024-04-26,8556.4,8624.2,8623.0,8532.833333333334,8585.91618108496,113.85714285714286,33.23262839879155,11.775139868273982,36.12485877110819,-24.349718902834205,8828.98415881861,8417.01584118139,8623.0,411.96831763722,17.291393000151622,24.017360381886025,3.839458236682816,-83.16831683168317,-59.984646299678786,15.075091373827117,56080.85,-615075,74795.75,-524.0,-0.6198909275886955
2024-04-29,8527.2,8604.2,8623.3,8528.733333333334,8576.209878124488,109.57142857142857,34.920634920634924,2.5352537528924586,29.406937767465045,-26.871684014572587,8828.410599176972,8418.189400823027,8623.3,410.2211983539455,14.93261325458137,20.989111339451142,2.8196170848418234,-90.5940594059406,-61.474925779688554,18.692041185899658,56473.15,-658212,75866.75,413.0,0.49162569785852206
2024-04-30,8504.8,8573.4,8624.5,8526.366666666667,8565.904175445965,110.28571428571429,33.64485981308411,-6.009218317594787,22.323706550453082,-28.33292486804787,8825.432038785571,8423.567961214429,8624.5,401.86407757114284,12.275750608539479,18.08465776248059,0.657936300657255,-94.55445544554455,-72.43517828789211,15.958393847580373,56500.0,-691900,77088.85,-1404.0,-1.6631130063965882
2024-05-06,8461.2,8533.2,8616.1,8521.2,8546.29425397492,113.42857142857143,31.034482758620683,-21.250508762363097,13.608863487889845,-34.859372250252946,8845.979510773977,8386.220489226023,8616.1,459.75902154795403,10.329048260478466,15.499454595146549,-0.011764408857700914,-94.96124031007751,-113.91390418901652,10.365048872663262,56710.4,-731127,78942.75,9589.0,11.550785390768038
2024-05-07,8446.4,8512.2,8604.9,8516.966666666667,8532.9328964535,110.42857142857143,36.088154269972456,-29.28000402521684,5.031089985268508,-34.31109401048535,8853.030610767792,8356.769389232208,8604.9,496.2612215355839,14.24799536383636,15.082301518043153,12.579383055422774,-86.04651162790698,-88.36169568969652,21.19372517617589,56481.95,-694599,80901.25,3783.0,4.085092597591933
2024-05-08,8412.8,8484.6,8581.3,8511.833333333334,8515.129763457928,107.28571428571429,26.19718309859155,-40.023568643973704,-3.979841740579934,-36.04372690339377,8833.836688319465,8328.763311680534,8581.3,505.0733766389312,10.780714857942188,13.648439298009498,5.045265977807571,-97.67441860465117,-88.99033181280862,0.0,55026.55,-736663,82024.9,7420.0,7.698053699630658
2024-05-09,8385.2,8456.2,8561.8,8507.633333333333,8499.022166938124,101.0,15.21035598705501,-47.98478230660476,-12.7808298537849,-35.203952452819856,8824.081166930277,8299.518833069722,8561.8,524.5623338605546,11.713892209821541,13.003590268613513,9.134496092237601,-91.47286821705427,-85.48369678970425,0.0,55294.1,-736663,83284.7,876.0,0.8438655980271159
2024-05-10,8364.0,8434.4,8546.2,8505.966666666667,8485.972436753542,105.0,17.74193548387096,-52.39901201599605,-20.70446628622713,-31.69454572976892,8817.34695957027,8275.053040429731,8546.2,542.2939191405385,19.727324787925717,15.244835108384247,28.692304147008656,-75.75757575757575,-82.34687236549887,5.657563242462284,56744.6,-649773,85025.4,10355.0,9.891673990294603
2024-05-13,8354.4,8407.8,8527.9,8504.3,8469.403633253205,99.28571428571429,20.992366412213727,-59.24891834653317,-28.41335669828834,-30.835561648244834,8810.744126684625,8245.055873315374,8527.9,565.6882533692515,21.12700998131653,17.20556006602834,28.969909811892904,-84.52380952380952,-72.56216240073553,12.921612649357733,58566.6,-726209,86696.3,-264.0,-0.22948739123254125
2024-05-14,8333.6,8390.0,8511.8,8502.6,8453.460430086234,91.85714285714286,19.69696969696969,-64.73817352463084,-35.67832006355684,-29.059853461074,8807.956146581295,8215.643853418704,8511.8,592.3122931625912,21.037638556051512,18.48291956270273,26.147076542749076,-84.03755868544602,-67.38914472489724,10.026665502808036,58748.3,-789030,88682.9,2169.0,1.8897843607057263
2024-05-15,8333.2,8373.0,8498.6,8500.766666666666,8443.035627220877,92.71428571428571,24.555160142348754,-64.95068771231672,-41.53279359330882,-23.417894119007904,8800.186262426185,8197.013737573816,8498.6,603.172524852369,26.412479758088395,21.12610629449795,36.98522668526928,-73.30097087378641,-59.3799807605804,24.801401316872703,59342.3,-727253,90959.45,4751.0,4.062628266520729
2024-05-16,8342.8,8364.0,8484.1,8499.4,8438.365567485556,94.57142857142857,33.45195729537366,-60.38840466606234,-45.303915807859525,-15.084488858202818,8775.880667445123,8192.319332554878,8484.1,583.5613348902443,47.237949468355225,29.830054019117043,82.05374036683159,-59.183673469387756,-40.453972987246914,57.83705517041235,59937.45,-650180,93148.9,-753.0,-0.6187600147910755
2024-05-17,8359.6,8361.8,8467.6,8498.833333333334,8439.092656296456,92.85714285714286,39.2156862745098,-51.97763128604856,-46.63865890349733,-5.338972382551233,8725.198953904346,8210.001046095655,8467.6,515.1979078086915,62.7604028904079,40.806836976213994,106.66753471879572,-40.78212290502793,-14.651479014030803,100.0,57760.9,-583970,94817.55,-5097.0,-4.21441682790098
2024-05-20,8405.2,8379.8,8456.5,8498.666666666666,8448.702879506318,90.28571428571429,54.93421052631579,-37.29708084545746,-44.770343291889354,7.473262446431896,8677.170270813793,8235.829729186207,8456.5,441.3405416275855,73.71526859360526,51.77631418201108,117.59317741679362,-6.134969325153374,23.220127447864428,100.0,57988.3,-521757,96049.25,-9636.0,-8.318011135569082
2024-05-21,8445.2,8389.4,8450.8,8498.6,8453.778795743812,92.14285714285714,49.01960784313726,-28.401526160145295,-41.49657986554054,13.095053705395244,8659.6984643817,8241.901535618299,8450.8,417.7969287634005,74.66732191954637,59.40665009452284,105.18866556959343,-23.428571428571427,32.3499502120747,85.11070299753294,57147.8,-589940,97180.25,-9626.0,-9.063262058770915
2024-05-22,8475.6,8404.4,8444.5,8498.166666666666,8457.799862815831,90.57142857142857,51.0204081632653,-21.58704284646592,-37.51467246172562,15.927629615259697,8638.74509747923,8250.25490252077,8444.5,388.49019495846005,74.73059556541187,64.51463191815252,95.16252285993059,-25.142857142857142,28.42663387523658,90.14747584683076,54227.85,-628775,98421.95,-547.0,-0.5663522566083046
2024-05-23,8488.4,8415.6,8435.9,8495.933333333332,8457.818923500037,93.0,49.18032786885246,-19.033393038353097,-33.81841657705111,14.785023538698013,8609.721323868958,8262.078676131041,8435.9,347.6426477379173,69.94618320712993,66.32514901447831,77.18825159243318,-36.0,18.308567187965693,85.51529622641095,54287.75,-675662,99454.3,1582.0,1.647298929568075
2024-05-24,8504.0,8431.8,8433.1,8495.5,8464.1218831667,89.14285714285714,64.43661971830986,-11.550808225290893,-29.36489490669907,17.814086681408178,8598.760273800835,8267.439726199165,8433.1,331.3205476016701,73.67481396198599,68.7750373303142,83.47436722532956,-17.142857142857142,47.76701135779729,100.0,54738.95,-624986,100586.05,1065.0,1.0909873179126839
2024-05-27,8516.0,8460.6,8434.2,8497.366666666667,8477.062656198443,91.71428571428571,66.22073578595317,0.505926978392381,-23.39073052968078,23.89665750807316,8604.14810353374,8264.251896466261,8434.2,339.8962070674788,81.10887980607495,72.88631815556778,97.5540031070893,-3.6842105263157894,86.64404522856941,100.0,56579.45,-544640,101791.5,3319.0,3.363294589746957
2024-05-28,8525.6,8485.4,8437.7,8496.566666666668,8484.00906989383,93.14285714285714,67.34693877551021,5.957717500043145,-17.521040923736,23.478758423779144,8614.369897355371,8261.03010264463,8437.7,353.33979471074053,79.17546719581952,74.98270116898502,87.56099924948853,-20.2020202020202,77.15974588670325,100.0,55736.8,-599258,102336.35,-6574.0,-6.444971667222211
2024-05-29,8547.2,8511.4,8442.2,8496.7,8495.436777522988,92.57142857142857,70.09345794392524,14.468861441508125,-11.123060450687175,25.591921892195302,8631.206933874422,8253.19306612558,8442.2,378.01386774884304,82.53571091291549,77.50037108362851,92.60639057148947,-6.565656565656566,77.05484196953627,100.0,56014.35,-552734,102744.15,-3265.0,-3.4214276732196014
2024-05-30,8596.0,8542.2,8453.1,8498.3,8515.109465377942,93.85714285714286,73.48066298342542,28.7899131171107,-3.1404657371276006,31.9303788542383,8674.606706563507,8231.593293436494,8453.1,443.01341312701334,83.80227518417969,79.60100578381224,92.20481398491461,-9.166666666666666,105.90480602949407,100.0,60895.65,-411971,103214.05,1655.0,1.7957314757549137
2024-05-31,8618.8,8561.4,8461.6,8499.566666666668,8526.813325818137,94.14285714285714,72.08672086720867,34.576607015464106,4.402948813390742,30.173658202073362,8698.056650082846,8225.143349917154,8461.6,472.9133001656919,78.02139256585065,79.07446804449171,75.91524160856852,-22.5,82.63215838573137,97.40824396570812,63075.2,-489250,103701.9,-1045.0,-1.1138587477882655
2024-06-03,8603.6,8559.8,8469.8,8499.633333333333,8526.545390025933,100.71428571428571,63.18289786223278,29.622289049611936,9.44681686063498,20.175472188976954,8702.770384383897,8236.829615616101,8469.8,465.9407687677958,62.36622858427311,73.5050548910855,40.08857597064832,-46.25,42.526867887300654,78.95215271544049,64743.55,-561844,103440.65,-5393.0,-5.813113729210007
2024-06-04,8581.6,8553.6,8471.5,8500.966666666667,8518.302971928224,105.28571428571429,55.42986425339366,18.70227025528584,11.297907539565152,7.404362715720687,8703.001733538997,8239.998266461003,8471.5,463.00346707799326,45.933546328909344,64.31455203702679,9.171534912674446,-69.54545454545455,-4.730289741705066,54.905364988057116,66752.1,-638543,103170.9,3613.0,4.13481345845732
2024-06-05,8548.8,8548.0,8476.2,8501.366666666667,8510.845546030298,104.0,52.757793764988016,9.933568689872118,11.025039769626545,-1.0914710797544274,8700.684063436192,8251.715936563809,8476.2,448.96812687238344,34.978424825333505,54.53584296646236,-4.136411456924208,-85.47486033519553,-12.153905766618095,39.521718066583745,67735.25,-638543,102717.05,3738.0,4.108008308331401
2024-06-06,8496.4,8546.2,8480.9,8502.4,8504.098351170269,102.85714285714286,49.61636828644502,2.95030029884947,9.41009187547113,-6.45979157662166,8697.711244610273,8264.088755389726,8480.9,433.6224892205464,27.675010489616277,45.582232140847,-8.139432812845172,-86.93181818181819,-15.17867804413283,2.4396349212461983,67913.2,-638543,102273.1,1074.0,1.133736580422462
2024-06-07,8468.8,8543.8,8487.8,8505.166666666666,8503.708032011196,102.42857142857143,47.32620320855615,2.231781755470365,7.974429851470977,-5.742648096000612,8697.340449555646,8278.259550444352,8487.8,419.08089911129355,28.487885780956304,39.8841166875501,5.695423967768718,-69.88636363636364,-3.1437609507241207,0.0,66516.45,-579588,101407.25,1917.0,2.0009394081728527
2024-06-11,8480.0,8541.8,8501.2,8509.566666666668,8510.973933724415,100.71428571428571,54.936708860759495,8.025172848199873,7.984578450816757,0.04059439738311532,8697.246825770582,8305.15317422942,8501.2,392.0936515411631,36.605560217607234,38.791264530902474,32.234151591016754,-47.15909090909091,28.560711324466414,29.098309495637004,65157.7,-530327,100497.6,-1140.0,-1.1665745686744056
2024-06-12,8512.0,8546.8,8516.1,8514.2,8519.452606703042,100.0,56.46766169154229,14.068141107767588,9.201290982206924,4.8668501255606635,8692.737481866066,8339.462518133934,8516.1,353.27496373213216,43.91128256931391,40.49793721037295,50.737973287195814,-41.47727272727273,43.02534016795085,34.95181533732073,64628.55,-478089,99239.8,-4794.0,-4.963657824439338
2024-06-13,8536.0,8542.4,8526.9,8518.133333333333,8523.314263207514,99.42857142857143,56.327543424317625,15.45145651218445,10.45132408820243,5.00013242398202,8684.633819755696,8369.166180244303,8526.9,315.4676395113929,47.00923111458535,42.66836851177708,55.69095632020186,-52.84090909090909,34.51083058731339,34.41608159083633,64176.55,-530826,97544.1,-4007.0,-4.365494400139447
2024-06-14,8558.8,8527.6,8534.9,8519.733333333334,8526.236714330607,98.14285714285714,52.010723860589806,15.88053317932281,11.537165906426505,4.343367272896305,8679.97479014918,8389.82520985082,8534.9,290.14958029835907,50.25201696055099,45.19625132803505,60.363548225582875,-54.54545454545455,19.84727628775249,17.91098226595686,62454.95,-573467,95817.05,-1380.0,-1.5720941889474926
2024-06-17,8548.4,8508.6,8535.0,8518.533333333333,8518.785598680073,101.71428571428571,40.20618556701031,7.579889164355336,10.745710558012272,-3.1658213936569357,8679.819306651198,8390.180693348802,8535.0,289.63861330239524,40.878393820695194,43.756965492255105,35.12125047757537,-84.6590909090909,-38.965262816460594,0.0,62295.4,-636486,94491.95,2942.0,3.4050531822548358
2024-06-18,8524.8,8502.4,8531.1,8517.533333333333,8513.377446424829,102.28571428571429,44.05405405405405,2.106964204884207,9.017961287386658,-6.910997082502451,8679.508965539882,8382.691034460118,8531.1,296.8179310797641,34.395119689987276,40.6363502248325,21.91265862029684,-80.68181818181819,-38.51430334299899,11.564023797847817,61286.75,-594446,93476.15,-3450.0,-3.8615224471978737
2024-06-19,8516.0,8514.0,8533.8,8517.433333333332,8517.436737241513,105.85714285714286,46.92307692307692,5.293624544845443,8.273093938878416,-2.9794693940329733,8681.944452975313,8385.655547024686,8533.8,296.28890595062694,43.72518682696399,41.66596242554299,47.843635629806,-53.97727272727273,1.0190464427484394,20.18631659336896,60494.15,-542115,92911.75,-598.0,-0.6962150582701776
2024-06-20,8519.6,8527.8,8537.9,8519.366666666667,8523.204667028036,99.0,41.19318181818182,9.484955300713409,8.515466211245414,0.9694890894679951,8686.17840102494,8389.62159897506,8537.9,296.5568020498795,53.309145958037156,45.54702360304105,68.83339066802937,-41.02564102564103,21.9264931702279,3.095921200436589,60616.2,-500839,92388.2,270.0,0.3165484494987991
2024-06-21,8516.8,8537.8,8542.0,8522.866666666667,8524.804222549175,97.71428571428571,42.772861356932154,9.62933175843682,8.738239320683697,0.8910924377531231,8685.431626843365,8398.568373156635,8542.0,286.8632536867299,52.53943063869144,47.87782594825785,61.862640019558626,-48.226950354609926,15.185363489024684,11.170770460730939,60760.45,-550611,91779.55,-120.0,-0.14024425875065472
2024-06-24,8543.2,8545.8,8544.8,8526.8,8530.060963258778,91.28571428571429,54.63576158940398,12.823594433195467,9.55531034318605,3.2682840900094163,8688.936777146926,8400.663222853073,8544.8,288.2735542938535,58.69295375912763,51.48286855188111,73.11312417362066,-23.770491803278688,8.199134627597743,88.73472439949829,60756.55,-500013,90983.4,-2685.0,-3.1423722862660153
2024-06-25,8580.4,8552.6,8547.2,8531.633333333333,8541.293252472227,88.71428571428571,67.68707482993197,20.604585481130925,11.765165370775026,8.8394201103559,8696.705289468082,8397.69471053192,8547.2,299.01057893616235,70.94681765760023,57.97085158712082,96.89874979855907,-4.098360655737705,51.25948199163715,100.0,60271.1,-429376,90117.4,1922.0,2.3223779603673167
2024-06-26,8589.6,8552.8,8549.8,8535.433333333332,8547.074847474873,92.85714285714286,62.77602523659306,22.796477778163535,13.971427852252727,8.825049925910808,8701.305567033336,8398.294432966662,8549.8,303.01113406667355,71.92250306302478,62.6214020790888,90.52470503089673,-24.166666666666668,35.01568485575836,82.12921879509516,60888.95,-496351,89355.05,-4501.0,-5.315179140785531
2024-06-27,8592.8,8556.2,8549.3,8538.166666666666,8551.543909620123,92.42857142857143,61.993769470404985,23.615806754149162,15.900303632632017,7.715503121517145,8700.116863499334,8398.483136500665,8549.3,301.63372699866886,71.37175879877327,65.53818765231696,83.03890109168589,-27.5,26.347703749649853,79.28267420658534,60424.9,-533594,88749.2,-135.0,-0.168369064990459
2024-06-28,8615.6,8566.2,8546.9,8541.1,8561.301632513445,91.28571428571429,61.993769470404985,28.77492994896238,18.47522889589809,10.29970105306429,8688.746321585566,8405.053678414433,8546.9,283.69264317113266,76.78471235552436,69.28702922005276,91.78007862646757,-11.475409836065573,76.59767313407131,79.28267420658534,56382.65,-473676,88293.65,4661.0,5.822901831446914
2024-07-01,8628.8,8586.0,8547.3,8544.466666666667,8569.36814370264,90.42857142857143,55.78947368421053,31.850881968272006,21.150359510372876,10.70052245789913,8690.26867525878,8404.331324741219,8547.3,285.93735051756084,78.862764211859,72.47894088398817,91.63041086760066,-14.754098360655737,76.21986851567435,56.705909216066836,54289.6,-509094,87844.75,-912.0,-1.076652460835581
2024-07-02,8629.6,8605.0,8553.7,8546.533333333333,8577.237844302388,91.14285714285714,54.67625899280576,34.37647535128235,23.795582678554773,10.580892672727579,8703.570259680933,8403.829740319068,8553.7,299.74051936186515,80.22669129275448,75.06152435357694,90.55702517110956,-12.295081967213115,67.5600224614057,52.65504069884326,52821.45,-465863,87729.9,1288.0,1.5370845515842335
2024-07-03,8662.8,8626.2,8570.1,8548.833333333334,8595.405668654541,92.57142857142857,66.45569620253164,45.217023154482376,28.079870773740293,17.137152380742084,8738.252687506858,8401.947312493143,8570.1,336.3053750137151,86.5652689426444,78.8961058832661,101.903595061401,-0.6024096385542169,114.39999441214233,95.51914563018978,53657.4,-372445,87822.15,7755.0,9.114629244384886
2024-07-04,8676.4,8634.6,8581.2,8546.233333333334,8601.747985925538,96.71428571428571,57.37704918032787,44.73919567089797,31.411735753171833,13.327459917726138,8742.355825212713,8420.044174787288,8581.2,322.3116504254249,77.11316436972312,78.30179204541844,74.7359090183325,-33.333333333333336,82.50313686036368,62.48292567622691,54775.5,-456534,87372.7,-7096.0,-7.643421874663392
2024-07-05,8662.0,8638.8,8588.3,8543.666666666666,8599.867225361202,94.71428571428571,59.49008498583569,37.47321464334891,32.62403153120725,4.8491831121416595,8735.139117117275,8441.460882882724,8588.3,293.6782342345505,58.725849417213794,71.77647783601688,32.62459257960762,-60.37735849056604,23.76542997089941,69.0608328475514,55336.65,-517470,86546.95,-6452.0,-7.524900282242076
2024-07-08,8644.4,8636.6,8591.2,8541.733333333334,8595.879870564897,93.71428571428571,56.703910614525135,29.438919369422365,31.987009098850276,-2.548089729427911,8732.897379539683,8449.502620460318,8591.2,283.39475907936503,43.215606928549036,62.2561875335276,5.134445718591891,-71.05263157894737,-11.669169095995613,58.544543791522976,54699.85,-563689,85523.8,-2031.0,-2.5614831630722645
2024-07-09,8619.2,8624.4,8588.5,8539.2,8589.224644796812,88.71428571428571,47.706422018348626,20.25605077167893,29.64081743341601,-9.384766661737082,8733.123649518297,8443.876350481703,8588.5,289.2472990365932,31.526454001748746,52.01294302293465,-9.44652404062306,-91.85185185185185,-48.79427009064103,24.583930331711375,54105.35,-601060,84535.15,-450.0,-0.5824564128451004
2024-07-10,8562.0,8612.4,8582.6,8536.833333333334,8579.012773863782,89.28571428571429,42.89940828402367,9.320685907101506,25.57679112815311,-16.256105221051605,8734.683633501236,8430.516366498765,8582.6,304.1672670024709,22.54269046739677,42.18952550442202,-16.75097960665373,-95.42483660130719,-69.39641580796223,0.5079306526319195,53459.95,-640390,83650.0,-2724.0,-3.546459399289148
2024-07-11,8538.4,8607.4,8581.8,8535.766666666666,8575.678223971994,88.42857142857143,50.28571428571428,5.592742655286202,21.57998143357973,-15.987238778293527,8734.551053058618,8429.04894694138,8581.8,305.5021061172374,23.30732741399436,35.89545947427947,-1.8689367065758518,-75.16339869281046,-42.73358763634968,29.79831113998047,52409.95,-608653,82933.45,-635.0,-0.8571235742728001
2024-07-12,8524.4,8593.2,8579.7,8532.9,8569.613631212756,86.42857142857143,45.08670520231214,0.05554788357585494,17.275094723578956,-17.2195468400031,8735.190531104465,8424.209468895537,8579.7,310.98106220892805,20.33124659843633,30.707388515665087,-0.4210372360211849,-85.62091503267973,-50.6187922388954,8.824134027450537,51949.15,-642078,82399.9,2280.0,3.1041524846834534
2024-07-15,8497.2,8570.8,8578.4,8527.0,8555.555190144874,85.28571428571429,34.17366946778712,-11.462830332247904,11.527509712413584,-22.990340044661487,8738.881381113824,8417.918618886175,8578.4,320.96276222764936,14.474974712033061,25.296583914454413,-7.168243692809639,-97.23756906077348,-91.9587366758695,0.0,51361.4,-693342,81927.05,4156.0,5.487917602007131
2024-07-16,8470.0,8544.6,8574.8,8520.8,8539.788029178695,80.0,34.85714285714286,-22.909276736871107,4.640152422556645,-27.549429159427753,8748.92590725948,8400.674092740519,8574.8,348.2518145189606,10.660084151456386,20.41775066012174,-8.855248865874323,-96.96969696969697,-109.95628218159897,2.117194793783287,51512.25,-738399,81856.35,4593.0,5.749442956212603
2024-07-17,8452.4,8507.2,8566.7,8517.1,8525.9034549712,81.57142857142857,35.632183908045974,-31.29712760388975,-2.5473035827326336,-28.749824021157114,8758.666115431015,8374.733884568986,8566.7,383.9322308620285,10.876564037478861,17.23735511924078,-1.8450181260449767,-90.9090909090909,-98.67698546061918,4.518038635687894,50976.2,-696789,81748.6,-1339.0,-1.5850092922501502
2024-07-18,8430.0,8484.2,8559.4,8513.933333333332,8516.960268783467,79.42857142857143,33.53115727002967,-34.48080417943129,-8.934003702072365,-25.54680047735892,8760.44610625947,8358.35389374053,8559.4,402.09221251893905,16.564768181848653,17.013159473443405,15.66798559865915,-81.81818181818181,-74.35771409768887,0.0,51105.85,-652920,81755.8,2569.0,3.0899687274476895
2024-07-19,8408.4,8466.4,8552.6,8510.166666666666,8506.202147946946,77.28571428571429,32.564841498559076,-38.81581227503375,-14.910365416664643,-23.905446858369107,8765.272617196599,8339.927382803402,8552.6,425.34523439319673,18.735486480206795,17.58726847569787,21.031922489224648,-88.51674641148325,-71.16315984592089,0.0,50041.4,-681403,81684.2,-1696.0,-1.9787886919693354
2024-07-22,8400.0,8448.6,8542.6,8506.833333333334,8494.182895761522,77.85714285714286,30.898876404494374,-43.68437061460645,-20.665166456253004,-23.019204158353446,8768.259641239185,8316.940358760816,8542.6,451.31928247836913,17.20412903394258,17.459555328446104,16.693276444935528,-93.36492890995261,-73.10700652283734,0.0,49490.65,-720986,81672.7,-1483.0,-1.7652030042969558
2024-07-23,8392.4,8431.2,8527.8,8503.066666666668,8480.641667593758,72.85714285714286,16.666666666666657,-49.234558822367035,-26.37904492947581,-22.855513892891224,8762.979304495833,8292.620695504165,8527.8,470.358608991668,13.071983458525823,15.99703137180601,7.221887631965451,-97.68518518518519,-75.14426942298705,0.0,47700.85,-755827,81522.7,-848.0,-1.0275051496425491
2024-07-24,8379.2,8415.8,8514.1,8500.533333333333,8466.104365918161,69.42857142857143,19.18819188191881,-54.93644919799408,-32.090525783179466,-22.845923414814614,8762.623979569453,8265.576020430548,8514.1,497.04795913890484,14.916206026614114,15.636756256742046,13.475105566358252,-88.3495145631068,-81.65298803166498,5.888192288758613,46918.7,-807159,81633.35,712.0,0.8716730736269884
2024-07-25,8340.8,8385.4,8496.4,8495.966666666667,8444.5706167831,69.71428571428571,18.909090909090907,-65.79762884615593,-38.831946395774764,-26.965682450381166,8770.111642349897,8222.688357650102,8496.4,547.4232846997947,10.187446353509168,13.820319622331088,2.921699815865331,-99.48717948717949,-85.55180558444998,5.600845665961962,47022.9,-846486,81784.35,672.0,0.8155933684491634
2024-07-26,8323.2,8365.8,8479.5,8493.166666666666,8432.325796137091,74.0,29.900332225913616,-67.49459148963251,-44.564475414546315,-22.930116075086197,8753.977494044273,8205.022505955727,8479.5,548.9549880885461,23.45829756900611,17.03297893788943,36.308934831239476,-66.31016042780749,-75.48793161875561,39.363594439686416,46841.25,-790201,81546.6,-3114.0,-3.748826234560465
2024-07-29,8305.2,8352.6,8461.7,8490.2,8418.770958409748,74.71428571428571,30.201342281879192,-70.12902556654808,-49.67738544494667,-20.451640121601407,8736.88652047768,8186.513479522322,8461.7,550.3730409553573,28.8663782735173,20.97744538309872,44.64424405435446,-72.22222222222223,-65.31488016083217,40.25895013023559,47745.8,-843710,81311.15,-866.0,-1.0831498899339653
2024-07-30,8274.0,8333.2,8438.9,8487.466666666667,8397.554676656438,78.71428571428571,27.863777089783284,-78.89242519300205,-55.52039339455776,-23.372031798444297,8723.11333721803,8154.686662781969,8438.9,568.4266744360611,22.20721514530783,21.38736863716842,23.846908161586654,-93.65079365079364,-78.87300992354618,33.305852533349736,47941.15,-890848,80964.0,-946.0,-1.1961661988215355
2024-07-31,8272.4,8325.8,8416.5,8486.033333333333,8390.168516974873,85.28571428571429,34.180790960451986,-74.96753971295402,-59.40982265823701,-15.55771705471701,8659.06827579267,8173.931724207329,8416.5,485.1365515853404,33.92625712529566,25.566998133210834,50.64477510946532,-59.56284153005465,-56.401389099485414,61.62596954898023,45892.1,-838411,79876.95,-7043.0,-9.013309444586637
2024-08-01,8300.0,8320.4,8402.3,8486.566666666668,8389.009610596313,87.14285714285714,40.87193460490463,-66.4113754227401,-60.81013321113763,-5.601242211602461,8615.874195168986,8188.725804831012,8402.3,427.148390337974,49.23249183030046,33.4554960322407,80.78648342641998,-39.411764705882355,-19.200073962434033,100.00000000000001,44132.3,-789518,79121.75,-459.0,-0.645596860627029
2024-08-02,8297.2,8310.2,8388.3,8485.833333333334,8380.722981015711,86.0,41.666666666666664,-65.01368117345373,-61.65084280360085,-3.3628383698528808,8588.570448722603,8188.0295512773955,8388.3,400.5408974452075,52.1668993154384,39.69263045997327,77.11543702636865,-51.851851851851855,-30.355308831177005,100.00000000000001,42966.15,-827131,78563.4,-2515.0,-3.560406580027742
2024-08-05,8266.4,8285.8,8367.2,8482.066666666668,8357.416030442786,94.85714285714286,35.1288056206089,-76.41989016704974,-64.60465227629064,-11.815237890759107,8580.67609258471,8153.723907415291,8367.2,426.95218516941895,36.71030002671739,38.698520315554646,32.73385944904288,-95.03105590062111,-95.40539471587029,73.84855581576896,43630.7,-886641,78301.25,3893.0,5.714663182772339
2024-08-06,8240.4,8257.2,8344.2,8477.966666666667,8329.662122781569,97.71428571428571,32.173913043478265,-90.06954233961551,-69.69763028895562,-20.371912050659887,8583.229264889584,8105.170735110417,8344.2,478.05852977916675,26.014959170027396,34.4706666003789,9.103544309324391,-95.91836734693878,-114.8929270634779,62.02898550724642,44278.05,-936959,77846.0,-4312.0,-5.987558320373254
2024-08-07,8188.4,8230.4,8323.1,8473.933333333332,8303.980015849991,101.28571428571429,29.05405405405405,-100.2159132173856,-75.80128687464162,-24.414626342743986,8584.379362489897,8061.8206375101045,8323.1,522.5587249797927,24.50841514761951,31.14991611612577,11.225413210606995,-80.08658008658008,-115.3413667273169,49.54954954954955,45268.9,-996106,77326.35,-4012.0,-5.925794635472059
2024-08-08,8120.0,8210.0,8297.7,8468.8,8278.458109578563,107.0,29.18552036199094,-108.93781731572562,-82.42859296285843,-26.509224352867193,8567.20020017563,8028.199799824372,8297.7,539.0004003512577,21.63489358750958,27.978241939920373,8.948196882687995,-85.28138528138528,-93.33656621157118,50.07541478129712,45291.9,-1028303,76828.55,-198.0,-0.3108710670099879
2024-08-09,8055.6,8176.4,8271.1,8461.9,8250.033527713938,113.14285714285714,28.165938864628814,-118.99699782222251,-89.74227393473124,-29.254723887491267,8556.112206571406,7986.087793428594,8271.1,570.0244131428126,20.243368211778876,25.399950697206542,9.930203240923547,-82.53968253968254,-107.28932026305655,45.99708879184861,47336.75,-1102625,76075.35,-2828.0,-4.453964154093304
2024-08-12,8040.8,8153.6,8253.1,8455.5,8232.125572693563,117.71428571428571,35.05154639175257,-118.98072046609195,-95.58996324100339,-23.390757225088564,8543.407930888576,7962.792069111424,8253.1,580.6158617771516,24.738965051238825,25.17962214855064,23.8576508566152,-66.26984126984127,-78.96970393365926,70.93222781995136,46758.25,-1062931,74981.45,-2658.0,-4.3813668282069
2024-08-13,8044.4,8142.4,8237.8,8447.9,8218.018375294176,118.42857142857143,37.396694214876035,-115.85707615042156,-99.64338582288704,-16.213690327534522,8529.977019161806,7945.622980838192,8237.8,584.3540383236141,29.191056065905247,26.516766787668843,34.53963462237806,-61.904761904761905,-53.805590241857416,81.23713836097326,46123.6,-1030567,73384.95,-5459.0,-9.410770928147837
2024-08-14,8032.8,8110.6,8218.2,8439.566666666668,8197.44519669473,117.85714285714286,37.629937629937636,-118.63077845409407,-103.44086434912845,-15.189914104965624,8518.731178871089,7917.668821128912,8218.2,601.0623577421766,26.883106203181093,26.638879926172926,27.371558757197434,-78.17460317460318,-68.00883093766184,70.75446402549211,46010.25,-1069910,71643.95,-4229.0,-8.047726883480177
2024-08-15,8006.8,8063.4,8191.9,8429.733333333334,8169.688511295232,132.57142857142858,29.124236252545828,-127.11010899453049,-108.17471327820887,-18.935395716321622,8505.433277004904,7878.366722995096,8191.9,627.066554009808,31.190679216360213,28.156146356235354,37.259744936609934,-66.57608695652173,-104.1836415284733,9.131849934332003,49903.35,-1191641,69156.45,-12361.0,-25.581539735099334
2024-08-16,7992.8,8024.2,8167.2,8420.6,8144.956272124257,136.42857142857142,30.208333333333343,-131.98582256331065,-112.93693513522923,-19.048887428081414,8488.126028532171,7846.273971467828,8167.2,641.8520570643432,37.39405174848981,31.235448153653504,49.71125893816242,-66.03260869565217,-76.09225822889292,16.985981308411276,50571.85,-1149788,66527.2,-4531.0,-12.600461636864202
2024-08-19,7926.4,7983.6,8134.7,8407.366666666667,8105.436627160042,143.42857142857142,27.72466539196941,-148.66068849254498,-120.08168580669239,-28.579002685852586,8494.218449859573,7775.181550140427,8134.7,719.0368997191454,29.89390683941874,30.788267715575248,28.105185087105717,-90.48913043478261,-98.34953510222935,0.0,53329.6,-1244526,66458.3,49724.0,158.2156039200713
2024-08-20,7856.4,7950.4,8103.8,8392.933333333332,8070.061710287657,141.28571428571428,18.358531317494595,-159.71181492151845,-128.00771162965762,-31.704103291860832,8489.927658192219,7717.672341807781,8103.8,772.2553163844377,25.531512122637704,29.036015851262736,18.522504665387636,-89.21832884097034,-100.99897873203876,0.0,57710.35,-1122070,66595.5,3274.0,4.0344045741324885
2024-08-21,7812.0,7922.4,8076.4,8380.1,8042.436785498356,143.14285714285714,17.286652078774623,-162.8805115263085,-134.98227160898782,-27.898239917320694,8473.167146347836,7679.632853652163,8076.4,793.5342926956728,25.957178294524425,28.0097366656833,21.852061552206678,-82.78688524590164,-80.68151525409299,0.0,59495.95,-1035026,66815.4,2366.0,2.802454220263906
2024-08-22,7762.0,7884.4,8047.2,8364.3,8005.633282117559,149.28571428571428,16.42411642411642,-173.39865830754025,-142.6655489486983,-30.733109358841944,8477.789119084116,7616.610880915883,8047.2,861.1782381682333,18.4067139043386,24.8087290785684,5.60268355587899,-97.4921630094044,-83.4163088035141,0.0,62089.9,-1126232,67336.6,6698.0,7.717301133745047
2024-08-23,7716.4,7854.6,8015.5,8347.3,7974.81106477303,144.14285714285714,22.38442822384428,-177.58924443747856,-149.65028804645436,-27.938956391024192,8456.002822740167,7574.997177259833,8015.5,881.0056454803344,16.940403303281503,22.185953820139435,6.449302269565642,-86.95652173913044,-80.1950066558351,28.10696054577549,63511.35,-1041518,67939.2,-1486.0,-1.5894748101401235
2024-08-26,7737.2,7831.8,7992.7,8333.9,7961.400487175599,147.57142857142858,37.16814159292036,-166.72330201007935,-153.06489083917936,-13.658411170899996,8420.398418096273,7565.001581903728,7992.7,855.3968361925445,27.1801270248827,23.85067822172052,33.83902463120707,-56.92307692307692,-47.565327548182495,97.8223147666146,64877.75,-960681,67982.65,-12049.0,-13.096169731750795
2024-08-27,7761.2,7808.8,7975.6,8322.733333333334,7951.171869349351,147.57142857142858,38.77995642701525,-154.71467700844096,-153.39484807303168,-1.3198289354092765,8396.365417830473,7554.8345821695275,7975.6,841.5308356609457,38.65880522197567,28.786720555138903,58.4029745556492,-53.07692307692308,-28.91959189972497,100.0,65738.4,-896330,68017.0,-1128.0,-1.410793571383906
2024-08-28,7755.2,7783.6,7947.1,8311.233333333334,7932.012643697031,148.28571428571428,35.67134268537073,-151.8393762007936,-153.08375369858408,1.244377497790481,8346.308638235761,7547.891361764239,7947.1,798.4172764715222,38.18388433238094,31.91910848088625,50.71343603537032,-72.76264591439688,-44.12492816521457,86.0948470679633,66846.4,-970927,68729.6,6522.0,8.27381480964644
2024-08-29,7772.0,7767.0,7915.2,8299.566666666668,7913.725725249695,142.28571428571428,37.39495798319328,-148.65400518396655,-152.1978039956606,3.543798811694046,8268.78590112394,7561.614098876061,7915.2,707.171802247879,38.58723601956709,34.14181766044653,47.478072737808205,-74.70817120622569,-51.491356661161625,93.80475775617298,67742.2,-1037736,69549.3,1683.0,1.9719035958241982
2024-08-30,7782.8,7749.6,7886.9,8287.833333333334,7896.7994657021045,140.0,31.350114416475975,-144.78336971284625,-150.71491713909774,5.931547426251484,8198.20955993224,7575.590440067758,7886.9,622.619119864482,39.724824013044724,36.00281977797926,47.16883248317565,-75.4863813229572,-44.37756258539545,66.76554309936077,69317.8,-1106861,70467.3,-549.0,-0.6308024634617104
2024-09-02,7692.8,7715.0,7849.3,8269.233333333334,7847.961421349523,159.71428571428572,20.930232558139537,-168.18063970313233,-154.20806165190464,-13.972578051227686,8211.434665268895,7487.165334731106,7849.3,724.2693305377888,26.73478833574051,32.91347596389968,14.377413079422169,-99.42857142857143,-108.88556161198481,20.156326639655763,73614.1,-1252297,72491.75,26022.0,30.08915046887828
2024-09-03,7606.8,7684.0,7817.2,8249.966666666667,7807.5841431257595,159.85714285714286,25.129087779690195,-181.40436246243735,-159.64732181401118,-21.75704064842617,8210.896436624038,7423.503563375962,7817.2,787.3928732480763,21.70198010261489,29.176310676804746,6.753318954235169,-90.09287925696594,-111.956441555898,38.938243226132506,75451.2,-1165237,74482.6,-4984.0,-4.430025332207455
2024-09-04,7517.6,7636.4,7779.4,8228.366666666667,7759.623748542354,151.0,24.620573355817882,-199.27019240249228,-167.5718959317074,-31.698296470784896,8217.597456092857,7341.202543907141,7779.4,876.3949121857158,19.270246622082244,25.87428932523058,6.062161215785572,-86.98979591836735,-117.25149823182603,36.66360526215363,78596.3,-1287286,76731.0,1139.0,1.0593279452385973
2024-09-05,7401.6,7586.8,7735.6,8205.033333333333,7702.516724871653,156.28571428571428,21.71945701357467,-222.48393161589775,-178.55430306854547,-43.92962854735228,8236.446609567964,7234.753390432037,7735.6,1001.6932191359265,13.457651325716261,21.73540999205914,-3.0978660069694968,-98.2367758186398,-112.73884624532893,23.68660980205447,81925.95,-1386076,79128.45,2783.0,2.561200073624148
2024-09-06,7288.0,7535.4,7695.0,8181.933333333333,7651.610370121973,157.57142857142858,25.649913344887338,-237.49772807522095,-190.34298806988056,-47.154740005340386,8241.952514055389,7148.04748594461,7695.0,1093.9050281107784,13.941186510722154,19.137335498280144,3.5488885356061743,-85.09174311926606,-103.74846098710034,41.2679502070807,86774.6,-1214781,81844.55,3545.0,3.1809983579049295
2024-09-09,7213.2,7453.0,7642.4,8157.966666666666,7590.5046205865465,170.0,22.32415902140673,-259.1581358074527,-204.10601761739503,-55.05211819005768,8240.67766832883,7044.1223316711685,7642.4,1196.5553366576614,13.599679896036992,17.29145029753243,6.216139093046124,-87.890625,-107.98955459373424,26.39150484403746,92650.55,-1371994,84793.2,1993.0,1.7332243364525102
2024-09-10,7075.2,7341.0,7574.9,8129.166666666667,7508.932751959256,183.28571428571428,15.994798439531863,-295.1922656739316,-222.32326722870235,-72.86899844522927,8261.501362931122,6888.298637068878,7574.9,1373.2027258622438,9.559367620155285,14.71408940507338,-0.7500759496809053,-98.65771812080537,-118.01381558206192,0.0,99400.3,-1539353,88574.65,11197.0,9.571639838948197
2024-09-11,6990.4,7254.0,7518.8,8101.233333333334,7449.0343946298035,193.71428571428572,25.128205128205124,-308.4133957325803,-239.54129292947795,-68.87210280310234,8240.899162165368,6796.700837834634,7518.8,1444.198324330734,14.733389488355423,14.720522766167395,14.75912293273148,-76.98056801195814,-105.0163728065143,40.084895148370414,110174.85,-1284519,91775.35,-15844.0,-12.360935573967446
2024-09-12,6946.4,7174.0,7470.5,8073.933333333333,7400.554928474584,203.85714285714286,26.72521957340024,-310.47082360493914,-253.72719906457021,-56.74362454036893,8212.503972183953,6728.496027816047,7470.5,1484.007944367906,20.342556971653757,16.59453416799618,27.83860257896891,-72.49626307922271,-80.72754109916579,47.093907094095805,113558.75,-1095110,95470.25,-2477.0,-2.2050314241458535
2024-09-13,6900.8,7094.4,7422.0,8047.266666666666,7356.692554334147,204.28571428571428,19.001386962552004,-308.5446394752498,-264.6906871467061,-43.8539523285437,8169.829420459762,6674.170579540238,7422.0,1495.6588409195247,27.221689799959222,20.136919378650525,41.391230642576616,-72.49626307922271,-61.764495324151305,13.195381505240194,118544.65,-1095110,99222.05,-3393.0,-3.0885605833037455
2024-09-18,6851.2,7032.2,7373.6,8016.966666666666,7300.055168207085,216.57142857142858,15.875,-317.7187728269155,-275.296304282748,-42.42246854416749,8161.711239810542,6585.488760189459,7373.6,1576.222479621083,25.928300980480596,22.067379912593882,33.65014311625402,-85.08634222919937,-69.70735283400641,0.0,119505.85,-1209072,100799.95,6246.0,5.8667718665464275
2024-09-19,6888.8,6982.0,7333.0,7988.2,7264.049914092125,228.42857142857142,25.000000000000014,-308.52222462292775,-281.94148835078397,-26.58073627214378,8126.5800294600485,6539.4199705399515,7333.0,1587.160058920097,32.39779650857601,25.51085211125459,46.171685303218844,-71.49837133550488,-62.75533894377571,42.40249914579984,125163.65,-973460,102466.55,5048.0,4.478750776328622
2024-09-20,6896.4,6943.4,7289.9,7960.133333333333,7231.092779416685,231.14285714285714,25.090909090909093,-298.12011734489806,-285.1772141496068,-12.942903195291251,8074.846233492205,6504.953766507794,7289.9,1569.892466984411,37.8426624611164,29.621455561208524,54.28507626093215,-71.82410423452768,-48.63906690720204,59.55309177615605,127916.3,-1115557,103914.55,-2006.0,-1.703493605529982
2024-09-23,6873.2,6909.8,7248.3,7930.633333333333,7192.322038519857,235.57142857142858,23.793103448275858,-294.0715134393786,-286.9560740075612,-7.115439431817379,8039.713153130071,6456.886846869929,7248.3,1582.8263062601418,38.820674650453,32.68786192429002,51.086300102778964,-78.3876500857633,-52.203997147230616,72.97643512844124,131239.85,-1273234,104763.1,-5291.0,-4.570979335130277
2024-09-24,6887.6,6894.2,7214.8,7903.266666666666,7175.148511041776,228.0,38.19796954314721,-272.55113700696893,-284.07508660744276,11.523949600473827,7985.361954884681,6444.238045115319,7214.8,1541.1239097693615,55.93509457571183,40.43693947476395,86.93140477760757,-51.00222717149221,-35.30344900383109,100.0,135404.05,-1105236,105599.7,-1725.0,-1.5616371388997075
2024-09-25,6937.2,6894.2,7173.6,7876.0,7159.42008141875,235.14285714285714,36.540962288686615,-252.74399151710986,-277.8088675893762,25.064876072266316,7891.047639754556,6456.1523602454445,7173.6,1434.8952795091118,60.17407558965951,47.0159848463958,86.49025707618692,-46.19164619164619,-14.668870116430615,92.57711994249766,139923.55,-1276463,106889.15,-2992.0,-2.7516185991759867
2024-09-26,6946.4,6917.6,7129.3,7847.933333333333,7141.189597474107,233.28571428571428,38.49315068493151,-237.6957266288482,-269.7862393972706,32.0905127684224,7775.755957713335,6482.844042286665,7129.3,1292.91191542667,59.044621821677765,51.025530504823124,75.08280445538705,-48.704663212435236,-25.674838519287988,100.0,145799.85,-1458340,107902.4,-6652.0,-6.29066424572553
2024-09-27,6986.4,6941.4,7097.7,7820.433333333333,7138.981064381335,233.85714285714286,48.567530695770806,-211.23118033030914,-258.0752275838783,46.84404725356916,7674.430932429463,6520.969067570537,7097.7,1153.4618648589258,67.2202240715947,56.42376169374698,88.81314882729012,-23.098591549295776,-4.086785973665777,100.0,149346.95,-1312801,108390.45,-3982.0,-4.018487869858312
2024-09-30,7101.2,6987.2,7080.6,7799.366666666667,7163.649534440256,247.14285714285714,56.61680092059839,-165.7534739103112,-239.6108768491649,73.85740293885371,7593.942155312572,6567.257844687429,7080.6,1026.6843106251436,74.49602239693616,62.44784859481004,98.59237000118839,-10.021786492374728,44.57966207249804,100.0,154375.85,-1145414,108338.4,-9119.0,-9.587845652402482
2024-10-08,7215.2,7051.4,7072.9,7782.7,7203.492435922137,255.0,66.21315192743765,-113.55580108654794,-214.39986169664152,100.84406061009358,7548.048242795322,6597.751757204677,7072.9,950.2964855906448,76.39952841379221,67.09840853447076,95.0017681724351,-18.548387096774192,113.77231075264609,100.0,157824.75,-1007311,108305.1,-174.0,-0.20234675721877426
2024-10-09,7299.2,7118.2,7075.2,7763.9,7225.064584881933,247.28571428571428,71.21951219512195,-83.4914613974288,-188.218181636799,104.7267202393702,7557.086468393704,6593.313531606295,7075.2,963.772936787409,71.97548998499919,68.72410235131358,78.47826525237042,-30.806451612903224,80.7870283967702,100.0,157310.1,-1142454,107015.65,899.0,1.0475779857137768
2024-10-10,7382.0,7164.2,7073.1,7744.833333333333,7240.010814893178,236.71428571428572,66.27756160830091,-62.814369488318334,-163.13741920710288,100.32304971878455,7548.914160980291,6597.28583901971,7073.1,951.6283219605812,67.48172948806895,68.30997806356537,65.82523233707613,-37.00516351118761,61.2075928607995,91.0705679916416,159431.8,-1271948,106165.8,3808.0,4.3913464643203115
2024-10-11,7437.6,7212.0,7077.7,7726.733333333334,7254.866927760494,228.28571428571428,65.24064171122994,-44.78172631749658,-139.46628062918163,94.68455431168505,7564.563689990826,6590.836310009174,7077.7,973.7273799816521,64.88446048558602,67.16813887090558,60.31710371494688,-35.800344234079176,66.60851879404186,89.19699488394987,159154.05,-1155454,105561.0,6040.0,6.672263709071635
2024-10-14,7426.0,7263.6,7086.7,7706.666666666667,7262.974839402352,228.28571428571428,62.88659793814433,-34.61049048488621,-118.49512260032255,83.88463211543633,7586.453665635075,6586.946334364925,7086.7,999.5073312701497,59.95820973880505,64.76482916020541,50.34497089600433,-40.61962134251291,56.50158431223286,84.94355822019136,159908.9,-1269341,104648.7,-3367.0,-3.486806677436727
2024-10-15,7338.0,7276.6,7085.4,7683.833333333333,7251.453426125938,225.0,62.08651399491094,-42.04202377290039,-103.20450283483812,61.16247906193773,7584.397901060778,6586.402098939221,7085.4,997.9958021215571,49.6972983882379,59.74231890288291,29.607257358947876,-57.6592082616179,24.332985236316237,80.74280039004985,156969.7,-1381852,103923.15,7280.0,7.8114102385269835
2024-10-16,7263.6,7281.4,7087.8,7661.1,7233.02929030442,212.71428571428572,54.54545454545455,-54.086193456979345,-93.38084095926638,39.294647502287035,7585.7315531063,6589.8684468937,7087.8,995.8631062126005,37.17193629922931,52.21885803499838,7.078092827691165,-72.77992277992279,1.092167080761566,64.8422512050815,154107.75,-1481826,103235.3,2747.0,2.73395901549609
2024-10-17,7175.2,7278.6,7098.1,7636.933333333333,7205.121738846856,216.0,50.6832298136646,-72.3192472726314,-89.16852222193938,16.849274949307983,7573.216340323095,6622.9836596769055,7098.1,950.2326806461897,24.781290866152876,43.07300231204988,-11.802132025641129,-84.16988416988417,-20.905426722843174,56.6986349502522,151186.95,-1590769,101895.35,-1845.0,-1.7873750290630097
2024-10-18,7108.4,7273.0,7107.2,7614.733333333334,7191.491097051917,215.71428571428572,57.26495726495726,-76.04805869774373,-86.54442951710026,10.496370819356528,7571.578067390774,6642.821932609226,7107.2,928.7561347815481,21.184469140126385,35.776824588075385,-8.000241755771611,-72.67441860465117,-17.114131104746708,59.76026976959862,142441.65,-1510841,101253.4,-1884.0,-1.8583730358358252
2024-10-21,7040.0,7233.0,7110.1,7590.833333333333,7173.063373523163,207.0,49.53764861294584,-83.20826071231477,-85.87719575614317,2.668935043828398,7570.791425439622,6649.408574560379,7110.1,921.382850879243,17.466444472343632,29.673364549498135,-6.947395681965375,-86.04651162790698,-26.740425514286468,37.477594534157305,136876.15,-1588940,100820.7,1708.0,1.7166691793557565
2024-10-22,7025.6,7181.8,7116.6,7568.6,7163.247814140004,201.28571428571428,51.89393939393939,-82.12627356461599,-85.12701131783774,3.000737753221756,7570.809040675641,6662.39095932436,7116.6,908.4180813512812,19.917677609859783,26.42146890295202,6.910095023675311,-78.43551797040169,-11.793892181400825,40.9479944931706,134604.15,-1492809,100687.4,2595.0,2.5641532365641373
2024-10-23,7034.4,7149.0,7133.6,7547.3,7157.414688983813,197.28571428571428,54.256670902160096,-77.78994433420121,-83.65959792111045,5.869653586909237,7556.284354048979,6710.915645951021,7133.6,845.368708097958,23.470298262688296,25.437745356197446,19.53540407567,-80.68181818181819,-3.013834741338716,25.11541962257144,133849.5,-1393940,100265.35,471.0,0.45376596851576245
2024-10-24,7062.8,7119.0,7141.6,7526.133333333333,7150.232337652022,190.0,48.75346260387812,-75.10148189630672,-81.9479747161497,6.846492819842979,7553.3364512197895,6729.863548780211,7141.6,823.4729024395783,24.77095309969974,25.21548127069821,23.881896757702798,-82.95454545454545,-16.24906389951712,0.0,125920.95,-1470981,99473.9,-2340.0,-2.2441953025347905
2024-10-25,7063.2,7085.8,7148.9,7505.066666666667,7142.019734066114,171.42857142857142,35.87140439932318,-73.57517677378291,-80.27341512767634,6.69823835389343,7548.955732959287,6748.844267040712,7148.9,800.111465918575,26.605711852399214,25.678891464598546,28.459352628000552,-85.0,-23.04800925415199,0.0,124965.65,-1593972,98969.95,3744.0,3.6731450323264303
2024-10-28,7066.8,7053.4,7158.5,7484.666666666667,7130.017854631246,154.57142857142858,22.944550669216056,-75.36994994817178,-79.29272209177543,3.922772143603652,7534.2017293992585,6782.7982706007415,7158.5,751.403458798517,28.770005084698067,26.709262671298386,32.89148991149742,-85.92814371257485,-38.9990469636903,0.0,123060.75,-1713551,98720.9,-193.0,-0.18263889546052958
2024-10-29,7018.8,7022.2,7149.4,7459.9,7101.444725618747,156.71428571428572,22.222222222222214,-90.75480129621883,-81.58513793266411,-9.169663363554719,7548.151947693528,6750.648052306471,7149.4,797.5038953870571,21.64305757699083,25.020527639862536,14.888117451247425,-95.63953488372093,-72.03666931192949,0.0,121443.9,-1849212,98997.35,8785.0,8.328593098217674
2024-10-30,6966.8,7000.6,7141.0,7435.766666666666,7076.735704131247,154.28571428571428,24.13793103448276,-100.81695205270898,-85.43150075667309,-15.385451296035896,7558.742302836157,6723.257697163843,7141.0,835.4846056723145,19.805049137348725,23.282034805691264,12.851077800663646,-90.22346368715084,-72.80014130023012,4.4532291865117415,118072.75,-1745408,99659.15,4715.0,4.126372905089037
2024-10-31,6926.8,6994.8,7136.7,7413.866666666667,7058.189446594938,150.71428571428572,25.981308411214954,-104.36060917471423,-89.21732244028132,-15.143286734432905,7563.610122427996,6709.789877572003,7136.7,853.8202448559932,21.65190679817104,22.738658803184524,19.478402788144074,-84.46327683615819,-62.56558272686787,9.24417533236806,112344.0,-1678106,100549.4,-2083.0,-1.750714405782483
2024-11-01,6894.4,6978.8,7125.9,7390.233333333334,7043.314261204944,147.42857142857142,28.820116054158618,-104.35224242785625,-92.24430643779633,-12.107935990059929,7565.540953985135,6686.259046014864,7125.9,879.2819079702713,24.419243549011107,23.29885371846005,26.660023210113224,-78.18791946308725,-49.70404263504149,16.55088686777238,109707.5,-1585297,101452.85,-3718.0,-3.180577773595561
2024-11-04,6874.0,6970.4,7101.7,7365.833333333333,7030.998617280664,137.0,36.556603773584904,-102.19922298313304,-94.23528974686367,-7.963933236269369,7531.449057743568,6671.9509422564315,7101.7,859.4981154871366,27.185793702412933,24.594500379777678,32.36838034768344,-67.28110599078342,-47.933354869900114,40.905430280717916,104753.25,-1516995,102765.6,-933.0,-0.8243578755776193
2024-11-05,6895.6,6957.2,7069.5,7343.1,7022.141606111077,135.57142857142858,42.38578680203045,-97.43319096253163,-94.87486998999728,-2.5583209725343465,7440.167392401027,6698.832607598973,7069.5,741.3347848020549,32.91887138093126,27.369290713495538,44.018032715802704,-61.75115207373272,-34.47529484348834,57.53992819116009,101477.7,-1444403,104018.7,-1367.0,-1.217860770094259
2024-11-06,6881.6,6924.2,7036.6,7320.366666666667,6998.31859600526,141.0,39.95215311004785,-105.8309357787266,-97.06608314774314,-8.764852630983455,7388.891984162519,6684.308015837481,7036.6,704.5839683250379,22.81396980950973,25.850850412166935,16.740208604195317,-97.74774774774775,-58.767105686299544,50.59516863111218,100611.55,-1562223,105425.15,3966.0,3.5768720857872083
2024-11-07,6889.6,6908.2,7013.6,7301.3,6991.0501582904735,147.14285714285714,41.89814814814815,-99.23850296202818,-97.50056711060014,-1.737935851428034,7329.085523898282,6698.1144761017185,7013.6,630.9710477965637,33.250550319741876,28.31741704802525,43.11681686317513,-57.48987854251012,-51.74698511475329,61.42114734831794,100170.8,-1441544,106545.6,-1912.0,-1.664852627454394
2024-11-08,6894.0,6894.2,6990.0,7282.366666666667,6984.664428929476,150.57142857142858,45.386533665835415,-92.78302422573051,-96.55705853362622,3.774034307895704,7250.942421557552,6729.057578442448,6990.0,521.8848431151036,43.07433137686934,33.236388490973276,62.75021714866146,-57.08502024291498,-19.831314924926552,72.31062933235447,100280.4,-1322858,107302.6,-1229.0,-1.088255868523813
2024-11-11,6880.8,6877.4,6965.4,7262.566666666667,6971.648769031431,155.71428571428572,36.22828784119107,-92.73063462634309,-95.7917737521696,3.0611391258265144,7175.158156481275,6755.641843518724,6965.4,419.5163129625507,42.128449714757075,36.20040889890121,53.98453134646881,-72.46963562753037,-63.63812410344027,43.721887518358926,100369.85,-1438534,108275.25,946.0,0.8468810427558537
2024-11-12,6848.0,6871.8,6947.0,7242.466666666666,6952.825076742723,152.0,30.660377358490564,-97.53596317809115,-96.14061163735391,-1.3953515407372379,7156.09227376272,6737.90772623728,6947.0,418.1845475254395,34.200031565262115,35.53361645435484,31.532861787076655,-85.71428571428571,-81.38466822607693,31.80460097185134,98600.05,-1515649,109044.2,3206.0,2.84598313359965
2024-11-13,6853.6,6867.6,6934.1,7221.433333333333,6938.27030752913,150.14285714285714,33.48946135831382,-98.11522670805789,-96.53553465149471,-1.5796920565631751,7146.171388178853,6722.028611821148,6934.1,424.14277635770486,31.47852202970137,34.18191831280369,26.071729463496737,-79.72350230414746,-71.47189473113662,48.640509619802124,97891.45,-1429847,109685.2,188.0,0.16227040464025233
2024-11-14,6808.8,6849.2,6922.0,7198.333333333333,6915.387421097784,147.0,30.490405117270782,-105.5876955511012,-98.345966831416,-7.241728719685199,7158.824607540552,6685.175392459448,6922.0,473.64921508110456,21.72642209387499,30.030086239827455,5.119093801970067,-98.04878048780488,-86.74866589614132,35.69362687587353,97752.45,-1536010,110834.6,8323.0,7.172279480197163
2024-11-15,6746.8,6820.4,6899.6,7175.2,6886.683857183709,146.0,29.36344969199179,-116.93977005147917,-102.06472747542864,-14.875042576050532,7163.831477466451,6635.368522533549,6899.6,528.462954932902,14.636488397438733,24.898886959031216,-5.888308725746235,-99.54337899543378,-98.91408402100696,30.82857648133778,98561.95,-1632128,112196.0,2356.0,1.8943932072012615
2024-11-18,6711.6,6796.2,6883.3,7154.633333333333,6866.237775547165,138.85714285714286,40.66193853427896,-119.87441793580365,-105.62666556750365,-14.247752368299999,7161.808130845871,6604.791869154129,6883.3,557.0162616917423,15.818264992231882,21.872012970098105,3.7107690364994355,-81.81818181818181,-89.3525913623601,77.7651490146216,98714.4,-1550980,113257.15,-4297.0,-3.3908603805149817
2024-11-19,6709.6,6778.8,6868.0,7135.533333333334,6856.500844542673,140.28571428571428,45.78833693304536,-113.46852191428297,-107.19503683685952,-6.273485077423459,7136.773432270804,6599.226567729196,6868.0,537.5468645416076,23.24392269323395,22.329316211143386,25.07313565741508,-61.904761904761905,-54.09311480453464,100.0,99549.2,-1438153,113728.3,-9205.0,-7.518827699998365
2024-11-20,6715.2,6784.4,6854.3,7120.5,6853.786478395752,143.14285714285714,47.15789473684211,-102.05115583572024,-106.16626063663166,4.115104800911425,7099.775349818086,6608.824650181914,6854.3,490.95069963617243,32.81196577817328,25.823532733486683,46.78883186754647,-48.05194805194805,-25.552201666656735,100.0,99371.4,-1342840,113968.9,-4140.0,-3.656565478135676
2024-11-21,6743.6,6776.2,6842.2,7105.6,6852.4734804533,146.85714285714286,46.70912951167728,-90.98568490994421,-103.13014549129419,12.144460581349975,7063.038211796246,6621.361788203753,6842.2,441.67642359249294,44.95156692903859,32.199544132003986,70.4556125231078,-45.45454545454545,4.869238961173151,97.47806001235931,103785.75,-1177512,114170.7,-3116.0,-2.8565928071799807
2024-11-22,6791.6,6769.2,6831.7,7090.166666666667,6852.618863267271,146.57142857142858,46.82203389830509,-80.1624733879271,-98.53661107062078,18.374137682693686,7026.578747727091,6636.821252272909,6831.7,389.7574954541815,54.32668564500008,39.57525796966935,83.82954099566155,-42.42424242424242,14.944668851930949,98.1125523291651,102184.85,-1086539,114000.5,-3696.0,-3.4879441324965788
2024-11-25,6818.0,6764.8,6821.1,7075.966666666666,6847.988495337055,153.85714285714286,43.09278350515464,-74.75782078933298,-93.78085301436323,19.02303222503025,6995.786365568921,6646.41363443108,6821.1,349.3727311378407,55.99801021021983,45.04950871651951,77.89501319762047,-53.246753246753244,-7.011334449515205,77.1551671241138,103171.4,-1225849,113611.2,-4575.0,-4.473496367423168
2024-11-26,6816.8,6763.2,6817.5,7060.566666666667,6839.4181624478115,143.42857142857142,49.17647058823529,-73.34098105209341,-89.69287862190927,16.35189756981586,6994.368074533994,6640.631925466006,6817.5,353.73614906798866,52.89977237457879,47.66626326920594,63.36679058532448,-63.2034632034632,-34.553090914761306,100.0,100319.05,-1304463,112664.45,-2364.0,-2.4198006018793405
2024-11-27,6810.0,6762.6,6815.1,7043.233333333334,6835.092623167067,133.0,41.30434782608696,-68.52333190124136,-85.4589692777757,16.93563737653433,6991.870919256041,6638.32908074396,6815.1,353.5418385120811,54.13098378085472,49.8211701064222,62.75061112971977,-55.41125541125541,-25.201052203674166,60.2679328741794,99516.4,-1216712,111479.05,-58.0,-0.060841288156932016
2024-11-28,6781.6,6762.6,6805.9,7023.966666666666,6822.036182865441,129.85714285714286,36.385542168674704,-71.62604744514647,-82.69238491124985,11.066337466103377,6987.107528598954,6624.692471401046,6805.9,362.415057197908,46.16058259382989,48.600974268891434,41.279799243706805,-69.78021978021978,-43.35695826291226,35.44180624174422,101207.3,-1317832,110494.05,1925.0,2.020530691073974
2024-11-29,6754.4,6773.0,6796.7,7006.766666666666,6812.127974973495,121.71428571428571,41.60206718346253,-71.64525708843212,-80.48295934668631,8.837702258254197,6976.038081199473,6617.361918800527,6796.7,358.67616239894596,38.94576473997262,45.38257109258516,26.072152034747532,-64.28571428571429,-59.89105908143517,61.770577821331386,100892.4,-1231321,109607.8,-1743.0,-1.7932652242353186
2024-12-02,6730.8,6774.4,6785.3,6989.2,6800.115786880781,124.0,43.98907103825137,-73.39654376521321,-79.0656762303917,5.6691324651784925,6962.212824205336,6608.3871757946645,6785.3,353.8256484106714,32.42848962462821,41.06454393659951,15.156381000685613,-73.07692307692308,-64.12645448015057,73.81823005613727,101496.55,-1311706,108515.95,-5045.0,-5.285268296771218
2024-12-03,6718.4,6767.6,6773.2,6971.866666666667,6790.19999765404,124.0,42.737430167597765,-73.13448581949706,-77.87943814821277,4.744952328715712,6938.885307292221,6607.5146927077785,6773.2,331.3706145844426,29.09374055783295,37.074276143677324,13.132669386144215,-70.32967032967034,-52.68341881705995,67.50096588320689,100919.7,-1250651,107426.55,-1318.0,-1.4578194648762866
2024-12-04,6714.4,6762.2,6773.3,6961.7,6788.657140734607,123.0,55.49132947976879,-65.87350610909743,-75.47825174038971,9.604745631292275,6938.984671971194,6607.615328028806,6773.3,331.3693439423878,36.17286898116016,36.773807089504935,34.97099276447061,-48.9010989010989,-8.735329702989965,100.0,100686.15,-1137502,105960.65,-3564.0,-4.000404081220321
2024-12-05,6702.4,6742.0,6759.1,6948.6,6774.308841617026,125.71428571428571,51.61290322580645,-70.28301196437951,-74.43920378518767,4.156191820808161,6919.727584967581,6598.47241503242,6759.1,321.25516993516067,27.46954368136044,33.67238595345677,15.063859137167782,-86.26373626373626,-53.70800587072526,79.70025421715928,100509.95,-1254657,104524.4,-1319.0,-1.5422030469910086
2024-12-06,6676.8,6715.6,6742.4,6936.7,6756.755618605881,129.0,44.4141689373297,-76.76586684285576,-74.9045363967213,-1.8613304461344597,6900.267899473246,6584.532100526753,6742.4,315.73579894649265,28.849427588339914,32.06473316508448,22.41881643485077,-76.69491525423729,-117.70343496065438,42.02196244481924,101729.75,-1397739,103040.3,-2186.0,-2.5959528785863606
2024-12-09,6643.6,6687.2,6726.0,6926.033333333334,6734.207464452939,127.14285714285714,32.86516853932585,-86.55424753860916,-77.23447862509887,-9.319768913510288,6904.480133053011,6547.519866946989,6726.0,356.96026610602166,23.06436935008102,29.06461189341666,11.063884263409733,-91.52542372881356,-111.62383359689946,0.0,100644.8,-1491716,101591.05,1643.0,2.003121113847506
2024-12-10,6623.2,6670.8,6717.0,6916.466666666666,6720.854372600278,131.42857142857142,33.7950138504155,-87.33369967871658,-79.25432283582242,-8.079376842894163,6903.272013887696,6530.727986112304,6717.0,372.54402777539144,26.295786463272407,28.141670083368574,22.604019223080073,-75.84745762711864,-63.05459600616531,4.109602656576204,102686.25,-1373772,99588.65,-7857.0,-9.391023725572223
2024-12-11,6602.0,6658.2,6710.4,6910.766666666666,6715.820622828824,125.42857142857143,39.03061224489795,-81.04599181494086,-79.61265663164612,-1.4333351832947443,6893.618477578541,6527.181522421458,6710.4,366.4369551570835,36.636215365758844,30.973185177498664,47.9622757422792,-57.65765765765766,-37.21095840561997,27.249181696359866,101356.9,-1314557,97401.4,-3509.0,-4.628799071338118
2024-12-12,6616.0,6659.2,6710.9,6910.333333333333,6715.075801607031,126.42857142857143,40.98765432098765,-72.00524073289489,-78.09117345189588,6.0859327190009935,6894.030554522949,6527.76944547705,6710.9,366.2611090458995,47.59487528448963,36.513748546495655,69.75712876047758,-48.648648648648646,-3.3710809487021556,35.8986476010755,100452.4,-1226484,94503.75,-5885.0,-8.139808296103679
2024-12-13,6640.0,6658.4,6715.7,6907.5,6714.592391930171,117.0,43.83202099737533,-63.941914492171236,-75.26132165995095,11.319407167779715,6893.078690940832,6538.321309059168,6715.7,354.7573818816636,55.103900596163825,42.710465896385045,79.89076999572137,-33.9080459770115,-0.9129143598551678,48.46978896206326,99212.7,-1155160,91092.2,-7922.0,-11.928207907971212
2024-12-16,6709.6,6676.6,6725.5,6906.3,6729.202640317773,126.71428571428571,56.29290617848971,-44.29182225807472,-69.06742177957571,24.775599521500993,6914.02055590806,6536.97944409194,6725.5,377.04111181611916,66.95400226660144,50.791644686457175,99.27871742688995,-9.345794392523365,53.20808145074211,99.99999999999999,100382.3,-1050620,87565.15,-6607.0,-11.295561786227182
2024-12-17,6760.0,6691.6,6729.6,6904.733333333334,6740.326198382747,126.57142857142857,53.02325581395349,-30.146686493377274,-61.28327472233603,31.136588228958757,6925.084176233727,6534.115823766274,6729.6,390.96835246745286,73.14067440826389,58.241321260392745,102.93938070400618,-14.485981308411215,64.9599903194106,86.04367858776776,97561.65,-1107034,84106.25,-7842.0,-15.114194854004047
2024-12-18,6792.8,6697.4,6729.8,6905.9,6749.05703663201,122.85714285714286,58.61182519280206,-19.837572301737964,-52.994134238216425,33.15656193647846,6925.715771375273,6533.884228624727,6729.8,391.83154275054585,76.1747798235778,64.21914078145443,100.08605790782451,-17.757009345794394,56.16103036795093,100.0,94923.9,-1149592,80664.25,-3802.0,-8.632472810662307
2024-12-19,6810.0,6713.0,6727.5,6903.766666666666,6753.337318857533,122.0,54.77386934673367,-14.565900814821362,-45.30848755353742,30.742586738716057,6918.998797577343,6536.001202422657,6727.5,382.99759515468577,74.98190449776982,67.8067286868929,89.33225611952366,-26.635514018691588,38.379245866381794,85.09338164669934,88864.7,-1193736,77088.05,-5800.0,-14.413160706741879
2024-12-20,6867.6,6753.8,6734.7,6905.1,6776.638526585388,133.42857142857142,66.11570247933884,6.0038235788006205,-35.04602532706981,41.049848905870434,6954.901916909028,6514.498083090972,6734.7,440.4038338180562,78.55936490327511,71.39094075902031,92.89621319178471,-12.794612794612794,128.54949538508203,100.0,87817.85,-1123700,75456.3,35193.0,102.1834441508667
2024-12-23,6904.0,6806.8,6747.0,6908.866666666667,6802.672952624875,136.57142857142858,67.52475247524752,26.19943302019783,-22.796933657616286,48.996366677814116,7007.326919973795,6486.673080026205,6747.0,520.6538399475903,84.0041156092756,75.59533237577207,100.82168207628266,-4.040404040404041,111.714480317204,100.0,84911.05,-1042526,74236.05,3655.0,5.24887267714047
2024-12-24,6942.4,6851.2,6761.0,6909.3,6825.085052374887,135.14285714285714,63.983050847457626,40.76636995553599,-10.08427293498583,50.850642890521826,7052.11328957694,6469.88671042306,6761.0,582.2265791538794,86.43752634821271,79.20939703325229,100.89378497813357,-6.0606060606060606,97.60801346748399,89.78146525261883,84430.35,-1111526,73197.75,1275.0,1.7396880841599627
2024-12-25,6980.4,6886.6,6772.4,6909.5,6843.838856910612,125.71428571428571,73.30097087378641,50.43828499085157,2.0202386501816516,48.41804634066992,7085.947041715127,6458.852958284872,6772.4,627.0940834302546,85.86803891194477,81.42894432614978,94.74622808353473,-10.264900662251655,87.5069108395741,100.0,83272.05,-1176111,72150.75,-232.0,-0.3111421061101849
2024-12-26,7007.6,6908.8,6784.0,6908.866666666667,6852.044680061982,121.85714285714286,69.5852534562212,50.102169591275015,11.636624838400325,38.46554475287469,7103.074978813994,6464.925021186006,6784.0,638.1499576279875,77.93501444704364,80.2643010331144,73.27644127490211,-26.013513513513512,55.825254907009125,90.81082307497934,82628.0,-1264350,71532.05,10491.0,14.11370607544531
2024-12-27,6978.4,6923.0,6790.7,6904.433333333333,6852.040424817984,122.71428571428571,68.94977168949772,43.04564419740382,17.918428710201024,25.127215487202793,7109.567139466371,6471.832860533628,6790.7,637.7342789327431,61.123342964695766,73.88398167697487,35.602065540137545,-42.80442804428044,32.459118321451776,88.98596689680342,83190.05,-1362102,71278.05,5551.0,6.544215601900438
2024-12-30,6953.6,6928.8,6802.7,6896.566666666667,6859.084193882938,115.57142857142857,68.94977168949772,42.92961268713498,22.920665505587813,20.008947181547164,7123.037387928964,6482.362612071036,6802.7,640.6747758579277,57.62389530979718,68.46395288791564,35.943780153560255,-32.916666666666664,32.15632431924718,87.30331587303317,82963.05,-1286257,71471.45,3903.0,4.318719985836639
2024-12-31,6944.4,6943.4,6817.5,6886.733333333334,6871.742842084563,117.57142857142857,68.66359447004609,47.61443571826749,27.859419548123746,19.75501617014374,7144.365496238848,6490.634503761152,6817.5,653.7309924776964,62.165930206531456,66.3646119941209,53.76856663135254,-21.69811320754717,48.843612932926774,85.64871421921976,84091.25,-1202638,71793.2,1249.0,1.3248194151277648
2025-01-02,6956.4,6968.4,6832.9,6880.933333333333,6891.767333314605,120.0,70.37037037037038,57.9217536404567,33.87188636659034,24.04986727386636,7179.559183454837,6486.2408165451625,6832.9,693.3183669096743,69.6677977532594,67.46567391383374,74.07204543211074,-9.417040358744394,68.62664152457326,90.05529373898091,83800.6,-1095302,72185.3,-2157.0,-2.2580239934677504
2025-01-03,6987.6,6997.6,6855.3,6876.0,6910.265682522738,121.0,70.43478260869566,65.65629897960298,40.22876888919287,25.42753009041011,7206.795511687894,6503.8044883121065,6855.3,702.9910233757873,73.2025681166854,69.37797198145097,80.85176038715426,-12.446351931330472,69.10383996997788,85.86532922159341,82724.1,-999677,72613.65,-594.0,-0.6361854577000892
2025-01-06,7040.0,7009.2,6881.5,6871.3,6929.668950853906,120.14285714285714,65.56962025316456,73.20152625124592,46.823320361603486,26.378205889642437,7227.810174326425,6535.189825673575,6881.5,692.6203486528502,70.80171207779027,69.85255201356406,72.70003220624267,-27.983539094650205,72.71724827257215,61.872673534423576,83358.1,-843915,73342.05,3815.0,4.112099164645655
2025-01-07,7054.4,7004.0,6905.4,6865.6,6936.176669820201,128.42857142857142,58.5972850678733,69.02526241847318,51.26370877297743,17.761553645495745,7210.147280977293,6600.652719022706,6905.4,609.494561954587,59.534474718526845,66.41319291521833,45.77703832514388,-51.851851851851855,44.06392296371667,20.63688006219856,85135.6,-973442,74018.7,608.0,0.6294647479035076
2025-01-08,7059.2,7001.8,6926.5,6863.5,6943.778891742087,128.14285714285714,60.36036036036035,66.40254559885398,54.291476138152746,12.11106946070123,7196.975215325101,6656.024784674899,6926.5,540.9504306502022,53.52298314568456,62.11645632537375,36.33603678630618,-48.148148148148145,27.482708976593656,30.153076051693517,83931.5,-879580,75294.15,4119.0,4.2377415173151745
2025-01-09,7094.8,7025.6,6956.1,6866.866666666667,6973.89518776665,142.57142857142858,71.29798903107861,83.05537378178724,60.04425566687965,23.01111811490759,7236.8402995463475,6675.359700453653,6956.1,561.4805990926943,66.46276954457049,63.565227398439326,72.25785383683281,-7.657657657657658,90.72565917936704,86.3776887703742,98656.85,-525858,78295.7,31013.0,30.609868037940323
2025-01-10,7125.2,7056.4,6982.6,6871.833333333333,6999.048027026969,134.28571428571428,63.15789473684211,93.40097564839562,66.71559966318284,26.685375985212772,7264.787246531739,6700.412753468262,6982.6,564.3744930634766,71.00342828395094,66.04462769360987,80.92102946463308,-19.502074688796682,96.14031519326961,31.016778576258424,110101.3,-842820,81813.7,4444.0,3.358270989193679
2025-01-13,7190.4,7115.2,7019.1,6878.133333333333,7041.0434530244,147.0,68.36158192090396,116.55606570743657,76.68369287203359,39.872372835402984,7339.132827263423,6699.067172736578,7019.1,640.0656545268448,75.4672536755002,69.18550302090665,88.03075498468729,-14.244186046511627,131.39174621020658,66.40713751584606,122992.85,-513665,86376.2,12968.0,9.481334171699295
2025-01-14,7274.4,7164.4,7046.6,6885.133333333333,7076.944076545887,150.0,67.72388059701493,131.61425802483427,87.66980590259374,43.944452122240534,7404.272240436483,6688.927759563518,7046.6,715.3444808729655,76.72442055875331,71.6984755335222,86.77631060921553,-17.441860465116278,105.42016317156438,62.07012071402771,128481.4,-727976,91058.75,-4206.0,-2.808831189646188
2025-01-15,7366.8,7213.0,7078.2,6891.933333333333,7115.1398787796115,152.71428571428572,70.43010752688173,146.698434250432,99.4755315721614,47.2229026782706,7471.180299492712,6685.219700507288,7078.2,785.9605989854244,81.02273942671212,74.80656349791883,93.4550912842987,-8.720930232558139,101.58954858665432,93.16666614141081,134400.25,-553185,96370.75,4747.0,3.2617359278803937
2025-01-16,7431.6,7263.2,7115.8,6899.966666666666,7159.7932236577435,158.28571428571428,78.93805309734513,165.30058446421572,112.64054215057229,52.66004231364343,7551.207419611268,6680.392580388732,7115.8,870.8148392225357,83.90021708907246,77.8377813616367,96.02508854394398,-8.933002481389579,110.07465868879844,100.0,144115.1,-316330,101484.5,-7767.0,-5.16824923644058
2025-01-17,7488.4,7306.8,7152.2,6907.3,7194.289107118911,160.14285714285714,80.07181328545781,173.04528238710373,124.72149019787858,48.323792189225145,7595.9750022607095,6708.42499773929,7152.2,887.5500045214194,82.84918687164217,79.50824986497186,89.5310608849828,-16.834170854271356,85.46119499422112,100.0,151032.1,-498814,106244.9,-12867.0,-9.02845996239019
2025-01-20,7479.6,7335.0,7172.1,6912.833333333333,7213.499668345681,165.85714285714286,70.15437392795883,167.08975759862824,133.1951436780285,33.89461392059974,7622.406983009684,6721.793016990317,7172.1,900.6139660193676,76.1140173014013,78.37683901044835,71.58837388330721,-34.85254691689008,58.55156412570943,53.817661291492115,155989.35,-667995,108261.2,-19689.0,-15.186387862613671
2025-01-21,7480.0,7377.2,7190.6,6919.566666666667,7233.166366598473,164.14285714285714,69.03914590747331,162.43412128174805,139.04293919877242,23.391182082975632,7650.09372597506,6731.106274024941,7190.6,918.9874519501191,71.09471340445455,75.94946380845042,61.38521259646282,-33.9080459770115,50.60991776486228,48.62440158778273,157511.2,-556384,110158.8,1281.0,1.1649690796653234
2025-01-22,7450.8,7408.8,7205.3,6927.933333333333,7242.579093589095,164.57142857142858,61.140819964349376,149.9154988536311,141.21745112974415,8.698047723886958,7663.046010934267,6747.553989065734,7205.3,915.4920218685329,58.59866139531943,70.16586300407343,35.464258177811445,-46.55172413793103,29.45647920691156,11.844427363918946,161361.2,-702384,111788.75,-4078.0,-3.665914545895843
2025-01-23,7378.0,7404.8,7215.2,6934.233333333334,7240.428703723466,169.85714285714286,55.44715447154472,129.4645496708781,138.86687083797096,-9.40232116709285,7664.745079994529,6765.654920005471,7215.2,899.0901599890585,39.95863140640344,60.0967858048501,-0.31767739048987664,-62.64367816091954,11.234305428952485,0.0,164206.95,-823884,113281.7,-2972.0,-2.7733452777544465
2025-01-24,7307.2,7397.8,7227.1,6939.0,7233.530731940279,163.14285714285714,52.15311004784689,107.81819860551968,132.65713639148072,-24.838937785961036,7657.029688253819,6797.170311746182,7227.1,859.8593765076366,28.810224258164236,49.66793195595481,-12.90519113741692,-70.11494252873563,-9.976702780484368,0.0,165220.65,-932397,114059.05,-3821.0,-3.6673033179449255
2025-01-27,7250.0,7364.8,7240.0,6942.466666666666,7221.765900326919,155.85714285714286,54.682274247491634,85.00332869840804,123.12637485286619,-38.12304615445815,7636.742525548835,6843.257474451165,7240.0,793.4850510976703,20.040149505442827,39.79200447245082,-19.46356042857316,-78.44827586206897,-28.088409863370654,9.059031782814188,164121.8,-1008172,114564.3,109.0,0.10859818670918564
2025-02-05,7196.4,7338.2,7251.3,6946.433333333333,7215.121528867212,158.0,55.57377049180328,69.51015907091914,112.40313169647679,-42.89297262555765,7622.433739548833,6880.166260451168,7251.3,742.2674790976653,17.827453622185253,32.4704875223623,-11.458614178168837,-83.16831683168317,-32.03485927537221,12.252218216740888,164687.0,-921023,115595.95,14431.0,14.362205037868602
2025-02-06,7157.2,7304.0,7258.5,6949.733333333334,7207.586145165573,143.85714285714286,43.75,55.303144017234445,100.98313416062832,-45.67999014339388,7613.698091507328,6903.301908492672,7258.5,710.3961830146563,15.905721351236341,26.948898798653648,-6.180633543598269,-89.34707903780068,-34.37829278005768,0.0,166971.15,-1050325,117655.2,21801.0,18.972239143677673
2025-02-07,7179.2,7278.6,7270.9,6959.033333333334,7219.244607530756,147.0,53.95189003436426,59.01783998352403,92.59007532520747,-33.57223534168344,7617.36236219967,6924.437637800329,7270.9,692.9247243993414,29.736848613828712,27.878215403712005,33.45411503406213,-56.013745704467354,2.0151312664984915,28.087502003785698,173698.85,-808435,120914.0,21834.0,15.970916751395281
2025-02-10,7226.8,7267.0,7286.9,6967.1,7237.03083538497,135.71428571428572,48.36223506743738,67.31832440174458,87.53572514051488,-20.21740073877031,7626.904891605567,6946.895108394432,7286.9,680.0097832111351,48.7948973306851,34.85044271270304,76.68380656664922,-42.955326460481096,29.889357036974186,12.698251134075363,178449.45,-617798,124737.1,10692.0,6.743826673815012
2025-02-11,7282.8,7266.4,7300.7,6974.866666666667,7251.599327253068,134.42857142857142,48.64341085271318,71.77803926614251,84.38418796564042,-12.606148699497908,7633.484804814936,6967.915195185064,7300.7,665.5696096298725,60.544115950953184,43.41500045878642,94.80234693528669,-45.70446735395189,29.84497920552179,13.472374890138978,179074.75,-786066,127660.95,-14170.0,-8.372873544201331
2025-02-12,7325.6,7261.0,7319.1,6983.5,7262.4946294194415,134.71428571428572,44.37751004016065,72.53960459561586,82.01527129163551,-9.475666696019658,7620.642630310648,7017.5573696893525,7319.1,603.0852606212957,65.57863343189625,50.802878116489694,95.13014406270935,-49.828178694158076,26.089207607854416,1.7276396286412483,180623.6,-946570,130464.6,-1796.0,-1.1582090322247773
2025-02-13,7334.8,7246.0,7327.4,6990.3,7254.828474236638,135.14285714285714,31.284916201117326,57.631547750095706,77.13852658332755,-19.50697883323184,7601.724740331276,7053.075259668723,7327.4,548.6494806625524,53.04551382506382,51.55042335268107,56.035694769829306,-78.98832684824903,-31.691622815438528,0.0,186130.25,-1150565,132660.3,-8040.0,-5.245610715660498
2025-02-14,7315.6,7247.4,7326.1,6997.533333333334,7252.844810023625,131.57142857142858,36.46616541353384,49.44282460616887,71.59938618789582,-22.156561581726947,7602.01142743533,7050.188572564671,7326.1,551.8228548706593,49.18060161740006,50.76048277425407,46.02083930369204,-64.12556053811659,-39.744402737098845,13.3298726440389,174006.85,-1039311,133138.1,-3345.0,-2.3032272724142877
2025-02-17,7288.0,7257.4,7327.6,7007.033333333334,7254.2881614499465,127.71428571428571,43.415637860082306,45.17595804490247,66.31470055929715,-21.13874251439468,7601.815742954591,7053.38425704541,7327.6,548.431485909181,49.54009019743769,50.35368524864862,47.91290009501586,-49.740932642487046,-32.901748506662734,32.13076191281093,164352.95,-915427,133458.95,1305.0,0.9197524773409738
2025-02-18,7271.6,7277.2,7321.0,7018.6,7259.40357464519,128.42857142857142,44.33198380566802,44.50902888100609,61.953566223638944,-17.444537342632856,7590.131937903934,7051.868062096066,7321.0,538.2638758078683,52.04744242917691,50.91827097549138,54.305785336547984,-39.37823834196891,-10.744098664056185,43.70012613926741,153280.0,-807731,133198.65,1345.0,0.9393048445782259
2025-02-19,7256.8,7291.2,7314.7,7028.933333333333,7262.5079961075535,124.28571428571429,47.81659388646288,42.20292735509247,58.003438449929654,-15.800511094837184,7580.145087987645,7049.254912012355,7314.7,530.8901759752898,49.610575654539,50.48237253517392,47.866981893269156,-43.523316062176164,-8.386539022586351,68.06281386308517,147264.45,-901731,133269.35,2414.0,1.6701721370454337
2025-02-20,7280.0,7307.4,7305.7,7037.833333333333,7265.888186954453,118.71428571428571,54.81481481481482,40.39384009285095,54.481518778513916,-14.087678685662965,7559.795796274036,7051.604203725964,7305.7,508.19159254807164,48.16380719311609,49.709517421154644,45.07238673703898,-41.968911917098445,-3.778741396107778,96.87529239582331,143457.45,-803080,133115.4,254.0,0.17284790745151213
2025-02-21,7272.4,7294.0,7286.3,7043.966666666666,7259.232169149267,121.42857142857143,51.62790697674419,30.37938323391063,49.66109166959326,-19.28170843568263,7508.1288576925635,7064.471142307437,7286.3,443.6577153851267,35.712808399014335,45.04394774710787,17.050529702827262,-68.39378238341969,-22.521828736599332,83.75442716302922,140715.75,-985101,133819.45,9393.0,6.3809407353061065
2025-02-24,7242.8,7265.4,7266.2,7048.633333333333,7245.971962563623,125.71428571428571,50.56947608200456,16.12441694005338,42.95375672368529,-26.82933978363191,7470.242926340014,7062.157073659986,7266.2,408.08585268002753,25.83432162144234,38.640739038552695,0.22148678722162174,-88.08290155440415,-62.66071858670133,79.39674572580513,137937.85,-1112027,135302.7,2717.0,1.7350268523662615
2025-02-25,7204.0,7237.8,7252.1,7052.966666666666,7233.40320422423,122.0,47.74346793349169,4.293609536716758,35.22172728629158,-30.928117749574824,7457.346860351461,7046.85313964854,7252.1,410.49372070292156,20.486284344364822,32.58925414049007,-3.719655247885669,-92.51336898395722,-76.78987631900581,69.94739757524209,133957.85,-1201608,137823.95,1071.0,0.6722573031874068
2025-02-26,7147.6,7202.2,7231.6,7056.4,7212.126708583827,128.85714285714286,43.2258064516129,-13.320767882269138,25.513228252579438,-38.833996134848576,7447.843916859798,7015.356083140203,7231.6,432.4878337195951,18.938050949048495,28.03885307667621,0.7364466937930629,-87.54863813229572,-106.45879159308299,50.74773353908293,135259.75,-1339257,140284.5,67.0,0.0417744801571196
2025-02-27,7094.8,7187.4,7216.7,7061.0,7195.162260147272,118.85714285714286,30.526315789473685,-25.054872493927178,15.399608103278116,-40.45448059720529,7444.569861289572,6988.8301387104275,7216.7,455.73972257914465,19.886093371972926,25.321266508441784,9.01574709903521,-82.87937743190662,-94.31282353301248,0.0,133232.25,-1233807,143016.3,1347.0,0.8395034028868542
2025-02-28,7058.8,7165.6,7206.5,7064.7,7178.099187752294,113.85714285714286,22.222222222222214,-35.398631121364815,5.23996025834953,-40.63859137971434,7451.376338286387,6961.623661713613,7206.5,489.75267657277436,19.03297313907106,23.225168718651545,10.648581979910091,-86.38132295719845,-76.71608761646682,0.0,131715.35,-1324969,146071.1,3488.0,2.1557611604521743
2025-03-03,7041.2,7142.0,7199.7,7070.266666666666,7164.184979394932,113.28571428571429,24.501424501424495,-41.822959036065186,-4.172623600533412,-37.65033543553177,7456.348110516123,6943.051889483877,7199.7,513.2962210322457,19.784358330337803,22.078231922546962,15.196611145919483,-83.26848249027238,-69.92506719545165,6.993006993006995,131640.65,-1217950,149180.05,-2738.0,-1.656512611397143
2025-03-04,6987.6,7095.8,7186.5,7072.4,7133.881648023987,120.85714285714286,19.907407407407405,-61.217256302156784,-15.581550140858086,-45.6357061612987,7486.130298517005,6886.869701482995,7186.5,599.2605970340101,13.8380806508348,19.331514831976243,2.8512122885519204,-98.13432835820896,-101.46299312680486,0.0,135247.55,-1365863,152541.35,5156.0,3.171966606992349
2025-03-05,6947.2,7047.4,7169.3,7074.433333333333,7102.845300593131,112.28571428571429,23.955431754874652,-78.7459250285574,-28.214425118397948,-50.53149991015945,7513.454861103206,6825.145138896794,7169.3,688.3097222064116,10.064715637726799,16.24258176722643,-2.291016621272462,-97.4820143884892,-110.06677779740969,11.596462321656835,135620.05,-1460462,155111.1,-1400.0,-0.8347992009779093
2025-03-06,6891.6,6993.2,7150.3,7075.433333333333,7069.812414822356,114.71428571428571,16.71309192200556,-95.72997118139483,-41.717534330997324,-54.012436850397506,7541.005219341852,6759.594780658148,7150.3,781.4104386837043,12.246533588993007,14.91056570781529,6.918469351348445,-85.83815028901734,-111.03447677501511,0.0,139158.8,-1660539,156862.75,5439.0,3.270496978443216
2025-03-07,6840.4,6949.6,7121.8,7075.2,7040.30647055356,112.42857142857143,13.08139534883722,-107.62653188596687,-54.899333841991236,-52.72719804397563,7539.535045717932,6704.064954282068,7121.8,835.4700914358637,15.189149114425089,15.003426843351889,15.560593656571484,-85.26011560693641,-93.44783814748945,0.0,132756.2,-1546701,157723.85,4023.0,2.3424399105645533
2025-03-10,6777.2,6909.2,7087.3,7076.5,7009.420140024649,114.0,7.225433526011557,-119.23065743073494,-67.76559855973997,-51.465058870994966,7519.91413462067,6654.685865379331,7087.3,865.2282692413391,14.292766076283392,14.766539920995724,13.345218386858729,-91.61849710982659,-81.7996040835768,0.0,130652.45,-1695263,157788.65,-5234.0,-2.9778058452383016
2025-03-11,6742.8,6865.2,7051.5,7077.9,6977.475364784206,122.57142857142857,6.96378830083566,-130.313882203066,-80.27525528840518,-50.03862691466081,7496.95494189992,6606.04505810008,7051.5,890.9098837998408,17.239953503591913,15.591011115194453,20.537838280386833,-84.5,-89.52128088769932,0.0,129726.35,-1845009,158430.9,-2621.0,-1.5369459283540388
2025-03-12,6700.8,6824.0,7013.1,7079.2,6941.334853852377,128.0,5.583756345177662,-143.57493999104008,-92.93519222893217,-50.639747762107916,7476.452497394808,6549.7475026051925,7013.1,926.7049947896157,14.478376962593615,15.220133064327507,12.994864759125829,-94.0,-83.43231002232082,0.0,130245.15,-2015889,159405.5,4851.0,2.889013292677123
2025-03-13,6693.6,6792.6,6990.0,7081.3,6920.255343961674,130.28571428571428,20.54455445544555,-142.59628224667722,-102.86741023248118,-39.72887201419604,7463.844744726753,6516.155255273247,6990.0,947.6894894535053,20.224390611878327,16.888218913511114,26.896734008612754,-75.64469914040114,-60.598008424940275,33.25677169953213,131030.35,-1796190,160407.15,-7499.0,-4.340628491054222
2025-03-14,6704.8,6772.6,6969.1,7083.766666666666,6910.326263584371,129.14285714285714,31.642512077294683,-132.5463790880258,-108.80320400359011,-23.743175084435677,7434.427456857168,6503.772543142833,6969.1,930.6549137143356,31.075519667178142,21.617319164733455,49.991920672067515,-55.067567567567565,-42.94533937040907,61.809615745426676,132308.55,-1659372,161233.95,-6842.0,-4.140042598509053
2025-03-17,6726.8,6752.0,6947.0,7085.733333333334,6902.295190862051,133.71428571428572,32.69230769230769,-122.36430249263867,-111.51542370139983,-10.848878791238846,7394.186291099428,6499.813708900572,6947.0,894.3725821988555,49.83093716208501,31.02185849718397,87.44909449188708,-51.74825174825175,-33.31696263615208,72.01667090522147,133699.0,-1507679,161720.9,-5492.0,-3.4666902324172133
2025-03-18,6763.2,6753.0,6924.4,7088.166666666667,6897.886125065665,128.57142857142858,39.84168865435357,-110.59926467582409,-111.33219189628468,0.7329272204605957,7339.288393362915,6509.511606637085,6924.4,829.7767867258299,64.31818575033309,42.12063424823367,108.7132887545319,-42.91044776119403,-22.081394320319898,100.0,135115.95,-1371644,161906.35,-4685.0,-3.063493101418946
2025-03-19,6800.0,6750.4,6898.9,7086.733333333334,6886.849351249886,132.71428571428572,34.405940594059416,-106.02438587717006,-110.27063069246176,4.246244815291703,7279.971011478652,6517.828988521347,6898.9,762.142022957305,65.89466351609508,50.045310670854136,97.59336920657697,-56.71641791044776,-24.573367248763645,84.13287757347165,137772.7,-1518779,161705.4,-5314.0,-3.584606563459136
2025-03-20,6825.2,6759.4,6876.3,7086.733333333334,6882.958936845135,135.71428571428572,40.04683840749414,-96.12641091096248,-107.44178673616192,11.315375825199439,7208.144668799146,6544.455331200855,6876.3,663.6893375982909,73.29485504247609,57.795158794728124,104.29424753797201,-44.776119402985074,-17.44301875813954,100.0,140012.35,-1375335,161301.0,-3815.0,-2.6691200649264335
2025-03-21,6834.0,6769.4,6859.5,7087.2,6880.772371431312,138.85714285714286,39.906103286384976,-86.1593204284818,-103.1852934746259,17.025973046144088,7155.254877167406,6563.745122832594,6859.5,591.5097543348129,75.49553910048233,63.69528556331286,99.09604617482127,-38.492063492063494,-0.48439100485727116,99.59163512754115,139216.0,-1209241,160125.75,-6024.0,-4.33019925817304
2025-03-24,6848.4,6787.6,6848.4,7088.933333333333,6882.413097961664,131.0,53.69318181818182,-74.33713477493166,-97.41566173468705,23.078526959755393,7118.544133068745,6578.255866931254,6848.4,540.2882661374915,79.91837438159496,69.10298183607355,101.54915947263777,-10.309278350515465,9.829113279774795,100.0,140388.3,-1058869,158627.3,-3747.0,-2.8153457758542944
2025-03-25,6854.8,6809.0,6837.1,7087.1,6882.945183870077,130.42857142857142,55.91715976331361,-65.02531257029932,-90.9375919018095,25.912279331510177,7077.763906287084,6596.436093712917,6837.1,481.3278125741672,81.20099417647455,73.13565261620721,97.33167729700924,-12.88659793814433,19.952351776873964,100.0,140796.35,-1156611,157060.35,-299.0,-0.23116471452317988
2025-03-26,6884.0,6842.0,6833.0,7085.066666666667,6887.236118739594,125.42857142857143,62.95180722891566,-53.797812978974434,-83.5096361172425,29.71182313826806,7063.855616759389,6602.144383240611,6833.0,461.7112335187776,82.70542468907827,76.32557664049756,95.46512078623971,-9.569377990430622,42.45521572538724,100.0,140140.7,-1032075,154885.45,-12092.0,-9.370302062830305
2025-03-27,6908.4,6866.8,6829.7,7083.9,6894.927916954871,126.0,64.85714285714286,-41.19737525951405,-75.04718394569682,33.84980868618277,7050.108329195679,6609.29167080432,6829.7,440.81665839135894,84.73893984247009,79.13003104115506,95.95675744510015,-6.696428571428571,59.157448339447114,100.0,139867.9,-932081,152571.6,-1432.0,-1.2244130170836365
2025-03-28,6922.8,6878.4,6825.5,7082.4,6898.458591530597,123.42857142857143,65.60693641618496,-33.72754655897461,-66.78325646835238,33.05570990937777,7033.831214024029,6617.168785975971,6825.5,416.66242804805734,80.49262656164672,79.58422954798561,82.30942058896892,-15.486725663716815,60.25934511321183,100.0,140509.8,-1036081,149740.45,-6858.0,-5.936531569744297
2025-03-31,6914.8,6881.6,6816.8,7081.2,6894.6053923372065,119.14285714285714,62.70718232044199,-33.39389106357794,-60.105383387397495,26.711492323819556,7002.078851009665,6631.521148990335,6816.8,370.55770201933046,67.79508437443114,75.65451449013412,52.07622414302517,-34.285714285714285,30.170061356261122,95.16894291120101,142184.25,-1176589,146789.9,-5126.0,-4.717293675918432
2025-04-01,6934.4,6894.6,6823.8,7083.433333333333,6903.309640686044,119.85714285714286,75.0,-22.541096688967627,-52.59252604771152,30.051429358743896,7023.723774947746,6623.876225052254,6823.8,399.8475498954922,74.30120052822772,75.20340983616532,72.49678191235253,-8.717948717948717,70.72925433562483,100.0,142200.95,-1028342,143454.2,-2547.0,-2.459966389151813
2025-04-02,6935.6,6909.8,6830.1,7083.566666666667,6906.232532049278,111.14285714285714,65.15580736543909,-17.929464666819513,-45.65991377153312,27.730449104713607,7035.78540106291,6624.414598937091,6830.1,411.37080212581895,70.61675476810623,73.67452481347895,64.50121467736079,-25.903614457831324,61.20618835706067,77.29528829689015,142103.8,-1120998,139826.2,-7246.0,-7.174896772979766
2025-04-03,6900.4,6904.4,6831.9,7080.233333333334,6895.3532432826805,115.57142857142857,48.40425531914894,-25.43967359913313,-41.61586573705313,16.176192137919998,7035.474271975636,6628.325728024363,6831.9,407.1485439512726,47.932537366771676,65.09386233124319,13.609887437828661,-78.62068965517241,11.39044363392828,37.137330754352035,139791.15,-1274822,135701.3,-4499.0,-4.799189290095473
2025-04-07,6792.4,6857.6,6813.5,7068.733333333334,6847.41483916052,135.57142857142858,30.998248686514884,-62.94266152503042,-45.88122489464859,-17.061436630381827,7095.75520367193,6531.24479632807,6813.5,564.5104073438597,31.95502491118112,54.0475831912225,-12.230091648901634,-100.0,-154.30964605299903,0.0,134302.3,-1278883,131270.0,-2105.0,-2.358649127131751
2025-04-08,6616.0,6765.4,6776.5,7050.233333333334,6764.422949716661,159.0,21.204188481675402,-124.79323427010604,-61.663626769740084,-63.12960750036596,7245.079712928655,6307.920287071345,6776.5,937.1594258573095,21.806494594875467,43.300553659106825,-21.181623533587242,-98.49056603773585,-165.53248083319028,0.0,138194.25,-1505284,126249.95,-17009.0,-19.51894056758586
2025-04-09,6363.6,6649.0,6729.0,7027.066666666667,6665.335049743645,175.85714285714286,18.991793669402114,-191.9320791926566,-87.71731725432339,-104.21476193833321,7393.128712952765,6064.871287047235,6729.0,1328.257425905531,15.823518651776524,34.141541989996725,-20.812528024663877,-96.14243323442136,-151.4449847533277,0.0,141384.95,-1718844,120756.85,-12082.0,-17.227513831061426
2025-04-10,6197.6,6566.6,6704.3,7012.166666666667,6611.874568815679,207.42857142857142,31.651829871414435,-212.03308784488127,-112.58047137243497,-99.4526164724463,7423.412054806687,5985.187945193314,6704.3,1438.224109613373,22.76662423719172,30.349902739061722,7.600067233451718,-63.34716459197787,-108.03390000444796,22.603895092237593,144740.05,-1480862,114476.45,-10895.0,-18.768303186907843
2025-04-11,6050.0,6475.2,6671.0,6996.133333333333,6558.7436574999,210.42857142857142,30.417881438289598,-229.35401385052864,-135.93517986805372,-93.41883398247492,7446.519655999754,5895.480344000246,6671.0,1551.0393119995078,26.242756407090468,28.98085396173797,20.766561297795462,-66.80497925311204,-84.43322976912195,20.40073860148828,141249.05,-1630741,108247.95,-6461.0,-13.701622309405149
2025-04-14,5974.0,6383.2,6630.8,6975.333333333333,6506.6728329761,208.28571428571428,28.516003879728416,-243.66124631819457,-157.4803931580819,-86.18085316011266,7456.407425507124,5805.192574492877,6630.8,1651.214851014247,27.591989748572068,28.517899224016006,25.740170797684186,-69.70954356846472,-73.86545257674747,17.00502628866214,138121.25,-1705003,102180.85,-3614.0,-8.880916105568392
2025-04-15,5964.8,6290.4,6586.0,6953.533333333334,6451.7516107879,212.85714285714286,27.553889409559517,-258.63516068667104,-177.71134666379976,-80.92381402287128,7462.669294906263,5709.330705093737,6586.0,1753.3385898125252,26.786927630589773,27.94090869287393,24.47896550602146,-75.38035961272476,-71.52718674819681,15.287216465419709,134127.6,-1776823,96264.05,-2486.0,-6.704422869471416
2025-04-16,6005.6,6184.6,6539.6,6928.333333333333,6401.8705049985765,219.71428571428572,26.145038167938935,-267.57899489916235,-195.68487631087228,-71.89411858829007,7453.540318217234,5625.659681782767,6539.6,1827.8806364344673,26.238633571908334,27.373483652552064,23.96893341062087,-75.51867219917013,-62.28384897050247,12.77177929304429,134908.4,-1928474,93948.65,67343.0,194.66670520899578
2025-04-17,5991.6,6094.6,6502.2,6905.266666666666,6366.835218808236,229.85714285714286,28.399629972247922,-263.0810986850274,-209.16412078570332,-53.91697789932411,7435.390475282378,5569.009524717621,6502.2,1866.3809505647569,36.23732865674084,30.328098653948324,48.05578866232588,-68.1881051175657,-49.741080399178614,16.797246188021926,136720.45,-1745098,91815.95,-1660.0,-1.628456791940125
2025-04-18,5999.6,6024.8,6464.6,6882.2,6340.850912255071,230.14285714285714,30.83257090576396,-251.77270593965022,-217.6858378164927,-34.08686812315753,7400.061023408054,5529.138976591947,6464.6,1870.9220468161075,49.7236075017407,36.79326826987912,75.58428596546386,-64.0387275242047,-43.196242836208214,21.141147007046897,136935.35,-1597356,89955.5,1630.0,1.6254973722787946
2025-04-21,6019.2,5996.6,6427.1,6857.633333333333,6318.865111087922,229.0,32.42481203007519,-238.7672961711678,-221.90212948742771,-16.865166683740085,7355.929461430302,5498.270538569699,6427.1,1857.6589228606026,63.12670030317389,45.57107894764404,98.2379430142336,-62.93222683264177,-35.172291686054024,23.98401813009761,137242.25,-1425124,88375.15,-422.0,-0.4141030547459956
2025-04-22,6043.2,6004.0,6384.7,6833.1,6293.258910031929,224.71428571428572,27.28155339805825,-230.6432025215463,-223.65034409425144,-6.992858427294863,7300.346702724568,5469.053297275432,6384.7,1831.2934054491361,68.70639080614276,53.282849567143614,99.55347328414106,-66.33663366336634,-37.39483935970044,17.957190168167255,138508.45,-1600820,86979.5,-53.0,-0.052224466669947844
2025-04-23,6102.4,6054.0,6351.5,6813.566666666667,6286.662823362221,236.42857142857142,33.730522456461955,-207.76941743968837,-220.47415876333883,12.704741323650467,7237.996474894201,5465.003525105799,6351.5,1772.9929497884023,78.51259387076183,61.69276433501635,112.1522529422528,-53.83522727272727,-23.137017921935893,50.11049045324198,143754.9,-1398149,85890.7,5838.0,5.75558009306727
2025-04-24,6128.8,6060.2,6313.4,6792.666666666667,6275.171125899153,232.0,35.081029551954245,-192.10739872951854,-214.8008067565748,22.69340802705625,7160.181746564976,5466.618253435024,6313.4,1693.563493129952,78.79334215040036,67.39295694014436,101.59411257091239,-27.628361858190708,-19.81160369641602,100.0,145931.0,-1566207,85464.15,1153.0,1.0748578353686922
2025-04-25,6156.0,6077.8,6276.5,6774.3,6270.869113908757,214.0,45.40295119182747,-172.5419151391634,-206.3490284330925,33.80711329392912,7065.524581032507,5487.475418967493,6276.5,1578.0491620650137,80.30667254471135,71.69752880833336,97.52496001746732,-8.635097493036211,-7.09060999761213,100.0,151052.55,-1363782,85124.15,299.0,0.27577174584727526
2025-04-28,6192.8,6106.0,6244.6,6758.866666666667,6273.072055441256,194.71428571428572,61.27659574468085,-150.14112981749804,-195.10744870997362,44.966318892475584,6971.153913672977,5518.046086327024,6244.6,1453.1078273459534,82.62583201093965,75.34029654253546,97.19690294774804,-6.976744186046512,4.374190213632241,100.0,157815.65,-1124520,85306.65,3592.0,3.3038391493901864
2025-04-29,6224.0,6133.6,6212.0,6742.833333333333,6266.684240637327,179.71428571428572,69.34189406099519,-137.89958998066686,-183.66587696411227,45.76628698344541,6878.713542211535,5545.286457788465,6212.0,1333.4270844230705,76.15469975167997,75.61176427891697,77.24057069720598,-18.34625322997416,1.3519518852113144,100.0,159469.05,-1298096,85712.0,-669.0,-0.5956514771088162
2025-04-30,6221.6,6162.0,6173.3,6727.866666666667,6261.476217719486,147.0,56.19266055045871,-126.258502188497,-172.18440200898922,45.92589982049222,6731.9408694791855,5614.659130520815,6173.3,1117.2817389583706,71.29710680243825,74.17354512009072,65.54423016713332,-31.050228310502284,6.304957980580578,69.55974401680893,160537.65,-1128477,86095.8,-2978.0,-2.6673832236105532
2025-05-06,6214.4,6171.6,6133.1,6710.833333333333,6248.954673174773,145.0,54.203539823008846,-122.24045902154376,-162.19561341150012,39.95515438995636,6561.872495189937,5704.327504810064,6133.1,857.5449903798726,60.33743090030723,69.56150704682956,41.88927860726258,-50.93457943925234,-2.0704916818231935,64.95496275130576,164213.75,-1294655,87150.6,6174.0,5.681577663872206
2025-05-07,6226.0,6191.0,6107.9,6696.7,6252.673275729557,156.0,63.52941176470588,-105.09537723522408,-150.77556617624492,45.680188941020845,6415.834306049079,5799.9656939509205,6107.9,615.8686120981583,66.85538871614685,68.65946760326867,63.24723094190321,-16.742081447963802,57.8370142165862,86.54420055320821,170048.55,-1024135,89282.95,17052.0,14.848355552459491
2025-05-08,6248.0,6220.4,6108.5,6681.266666666666,6267.085344707693,158.14285714285714,72.48576850094877,-81.21139147972826,-136.8627312369416,55.65133975721335,6418.802738424119,5798.197261575881,6108.5,620.6054768482372,77.58153128580483,71.63348883078072,89.47761619585305,-0.8264462809917356,95.41035369982177,100.0,184525.85,-730528,92173.4,13057.0,9.899691416527023
2025-05-09,6301.2,6262.6,6133.3,6665.7,6286.601026164103,151.42857142857142,74.28571428571428,-56.14887966012702,-120.7199609215787,64.57108126145168,6476.548321956774,5790.051678043226,6133.3,686.4966439135478,83.99374812993048,75.75357526383064,100.47409386213016,-2.6717557251908395,108.48390759567528,100.0,185639.3,-481858,96169.95,5113.0,3.527423249396344
2025-05-12,6389.6,6305.6,6179.8,6653.433333333333,6321.591404624664,154.42857142857142,75.91973244147157,-21.354616785395592,-100.84689209434208,79.49227530894649,6541.08402589687,5818.51597410313,6179.8,722.5680517937399,89.21987580246731,80.24234211004286,107.17494318731625,-0.3021148036253776,123.02589961245933,100.0,190374.15,-173601,101219.35,8975.0,5.980821388350233
2025-05-13,6505.2,6359.8,6210.0,6642.466666666666,6358.392223231839,159.14285714285714,75.7983193277311,10.456895344784243,-78.58613460651682,89.04302995130107,6639.1994996806825,5780.8005003193175,6210.0,858.398999361365,90.12806534979302,83.53758318995958,103.3090296694599,-7.512953367875648,127.19475153342307,99.75037487807244,193985.65,136611,106835.2,434.0,0.27289075566845344
2025-05-14,6623.6,6424.8,6251.3,6637.433333333333,6408.069154352616,169.57142857142858,78.60326894502228,48.98207555680801,-53.072492573851854,102.05456813065987,6767.451385381668,5735.148614618332,6251.3,1032.3027707633355,89.91370308011952,85.66295648667956,98.41519626699946,-9.959349593495935,129.99711484627971,100.00000000000001,208223.35,571244,112809.55,709.0,0.44459215410854735
2025-05-15,6695.2,6471.6,6288.8,6629.566666666667,6441.776853938081,173.85714285714286,75.35612535612536,69.19431560261819,-28.619130938557845,97.81344654117603,6839.566585386938,5738.033414613063,6288.8,1101.533170773875,85.550480165001,85.62546437945338,85.40051173609629,-21.951219512195124,96.60481306217288,92.76366203765859,219762.7,266195,118906.1,-1170.0,-0.7304237081801168
2025-05-16,6749.6,6525.4,6329.5,6620.833333333333,6470.5600107058835,165.0,70.83333333333334,82.80567956326468,-6.334168838193342,89.13984840145801,6888.864865388792,5770.135134611208,6329.5,1118.7297307775843,81.99788806422099,84.41627227437591,77.16111964391112,-25.107296137339056,80.59121754272779,82.14720630178215,229489.1,-153,125007.5,-2389.0,-1.5024117828326355
2025-05-19,6769.2,6579.4,6370.7,6611.566666666667,6497.363819210085,165.85714285714286,74.45742904841403,93.16437577672605,13.565540084790538,79.5988356919355,6926.923771705572,5814.4762282944275,6370.7,1112.4475434111446,79.07284164786928,82.63512873220704,71.94826747919379,-24.248927038626608,73.07076745067509,87.51264994682377,237382.1,309358,127948.65,4138.0,2.642029855320449
2025-05-20,6761.2,6633.2,6402.4,6601.166666666667,6513.614884047221,165.85714285714286,67.98029556650246,93.51760641944657,29.555953351721744,63.961653067724825,6950.02661117134,5854.773388828659,6402.4,1095.2532223426806,71.85442190444033,79.04155978961813,57.48014613408472,-33.261802575107296,52.24921911383085,56.46274052716523,241201.85,49587,130712.4,-5208.0,-3.2396118437422294
2025-05-21,6738.4,6681.0,6436.0,6592.3,6537.651561757009,163.85714285714286,68.84984025559105,100.54629018317974,43.75402071801335,56.792269465166385,6986.409608239133,5885.590391760867,6436.0,1100.8192164782668,69.29934433268996,75.79415463730874,56.30972372345241,-22.746781115879827,57.42375574653969,60.02648783247479,246839.65,310085,133223.45,-3424.0,-2.2011931701296006
2025-05-22,6708.8,6702.0,6461.2,6582.6,6544.922841589676,165.57142857142858,65.5015197568389,92.7819109076645,53.55959875594358,39.222312151720914,6994.654126671649,5927.745873328351,6461.2,1066.9082533432975,59.037400726297804,70.20857000030509,36.69506217828325,-39.05579399141631,39.429496616696646,46.3037104933965,251651.75,41611,135573.2,-3648.0,-2.397980647875475
2025-05-23,6690.4,6720.0,6491.3,6574.8,6555.120666200182,166.85714285714286,66.32047477744807,88.67270308886782,60.58221962252843,28.090483466339393,6994.117786395475,5988.482213604525,6491.3,1005.6355727909504,43.636342017175366,61.351160672595185,8.206704706335728,-34.97854077253219,34.90267231272717,49.660120790059615,254468.5,273642,137651.95,-5473.0,-3.6860183189655227
2025-05-26,6674.8,6722.0,6513.8,6567.466666666666,6566.442507514451,167.42857142857142,71.11801242236025,86.19770889364099,65.70531747675095,20.492391416890044,7006.42502019911,6021.1749798008905,6513.8,985.2500403982194,35.47387340152117,52.72539824890385,0.9708237067558088,-36.018957345971565,35.00378883311973,50.34279260363199,262820.25,643348,139680.9,4842.0,3.3858482451907923
2025-05-27,6682.4,6721.8,6540.8,6562.4,6579.73369727498,162.14285714285714,67.98623063683304,85.82900735728253,69.73005545285727,16.098951904425263,7011.884571689703,6069.715428310297,6540.8,942.1691433794058,38.46406374916226,47.97162008232332,19.44895108284014,-37.362637362637365,27.03416935526997,18.96472634535799,269758.15,950164,141956.25,6081.0,4.112980135137878
2025-05-28,6647.2,6692.8,6558.8,6555.0,6580.7114403916485,163.0,58.00344234079174,75.3084690327023,70.84573816882627,4.462730863876033,7006.828946433115,6110.771053566886,6558.8,896.0578928662289,29.951099188783907,41.964779784476846,5.923737997398035,-65.54054054054055,14.928186890941983,0.0,273108.1,680740,143748.2,-9369.0,-6.086532839602421
2025-05-29,6682.0,6695.4,6583.5,6551.2,6600.453207973396,176.42857142857142,62.22910216718266,82.00253764982426,73.07709806502588,8.925439584798383,7024.474757601803,6142.525242398197,6583.5,881.9495152036052,46.72476907370174,43.55144288088514,53.07142145933493,-32.0945945945946,33.0269842369859,20.513084442774403,283967.3,1137186,146381.3,20415.0,14.122066117417553
2025-05-30,6675.2,6682.8,6604.1,6544.3,6602.1243310235495,172.57142857142858,48.59375,72.75142288945062,73.01196302991083,-0.2605401404602077,7007.735009696256,6200.464990303744,6604.1,807.270019392512,39.23808134325214,42.11365570167414,33.48693262640815,-84.50704225352112,11.684136806228691,0.0,290616.35,830629,148072.35,-19510.0,-11.825962564251768
2025-06-03,6645.2,6660.0,6619.7,6538.933333333333,6594.683918545116,180.57142857142858,43.03030303030303,57.1757469616432,69.84471981625731,-12.668972854614111,6981.474049867817,6257.925950132183,6619.7,723.5480997356335,27.024521761302292,37.083944388216864,6.905676507473146,-98.26839826839827,-2.099475228346042,0.0,294657.55,580186,150196.95,5693.0,3.9136293016925006
2025-06-04,6619.6,6651.0,6642.1,6535.1,6593.094973921772,170.42857142857142,37.437603993344425,48.62869890468119,65.60151563394209,-16.9728167292609,6922.54318309996,6361.656816900041,6642.1,560.8863661999185,25.883842664884757,33.350577147106165,10.950373700441943,-80.20833333333333,-23.66087114628473,0.0,302266.3,898539,151960.85,-1040.0,-0.6880172533557327
2025-06-05,6609.6,6628.4,6654.7,6531.5,6588.038309738747,168.14285714285714,40.106951871657756,38.34678149361753,60.15056880587718,-21.80378731225965,6886.599342955144,6422.800657044856,6654.7,463.79868591028753,25.80737853051654,30.836177608242956,15.749780375063708,-75.74257425742574,-56.82082916631013,7.210590202256461,302113.0,631085,152472.3,-7997.0,-5.327107161651757
2025-06-06,6563.2,6622.6,6662.3,6528.1,6584.98704214458,170.85714285714286,41.60714285714285,31.130501111802914,54.34655526706233,-23.216054155259414,6868.099186740445,6456.500813259556,6662.3,411.59837348088877,27.15256299940195,29.608306071962623,22.241076854280607,-71.78217821782178,-43.585603623063264,11.262989108122307,300282.55,888083,152134.35,-3931.0,-2.7659334937588875
2025-06-09,6538.4,6606.8,6663.4,6524.4,6576.3216095593825,171.71428571428572,39.01192504258943,20.17608769457638,47.512461752565144,-27.336374057988763,6865.11099701221,6461.6890029877895,6663.4,403.4219940244202,22.639230481276698,27.285280875067315,13.347129693695464,-86.38743455497382,-78.61066261144408,4.674293224688816,301755.9,609946,151544.05,66.0,0.04775998436945539
2025-06-10,6534.0,6589.6,6655.8,6521.533333333334,6569.243361029918,174.71428571428572,42.4408014571949,12.00181977288048,40.41033335662821,-28.408513583747727,6870.0655509307535,6441.534449069247,6655.8,428.5311018615066,20.32842241509197,24.966328055075536,11.052611135124842,-84.29319371727749,-69.0279459588218,14.85491921630083,303880.1,960687,150560.0,1100.0,0.7956197516219898
2025-06-11,6524.0,6571.8,6646.8,6520.366666666667,6565.315421884211,175.57142857142858,38.40155945419103,7.5347800077588545,33.83522268685434,-26.300442679095482,6866.876159066226,6426.723840933774,6646.8,440.1523181324519,21.056644611806515,23.66310024065253,15.843733354114484,-77.4869109947644,-68.24399345130854,2.8620658293922396,306111.95,1315536,149678.65,2488.0,1.7853426810278572
2025-06-12,6523.2,6566.4,6629.6,6517.3,6562.523476942858,173.14285714285714,45.578231292517,4.58727272730448,27.985632694944368,-23.398359967639887,6825.363982494158,6433.836017505842,6629.6,391.52796498831594,23.14629020632062,23.49083022920856,22.45721016054474,-75.39267015706807,-51.617964565662184,24.17021550177934,300820.05,1644331,148490.7,-5423.0,-3.823187281892204
2025-06-13,6568.0,6565.6,6630.5,6516.7,6583.235526757823,198.85714285714286,55.88235294117647,21.690083003559266,26.72652275666735,-5.036439753108084,6828.973649317868,6432.026350682132,6630.5,396.94729863573593,36.295057668411275,27.75890604227613,53.36736092068156,-37.407407407407405,68.70215308445698,54.76402991580652,313628.35,2205546,146969.15,-7842.0,-5.748339710603867
2025-06-16,6620.8,6579.6,6631.2,6515.566666666667,6599.879762304698,193.57142857142858,53.86029411764706,33.087554496311895,27.998729104596258,5.088825391715638,6831.449949076476,6430.950050923524,6631.2,400.4998981529516,43.70287795178035,33.0735633454442,64.96150716445266,-41.48148148148148,76.53054478168497,53.75917652849084,317458.25,1862600,145211.7,-7107.0,-5.527298180121321
2025-06-17,6675.6,6604.8,6632.4,6514.233333333334,6616.653118275679,191.28571428571428,53.25884543761639,43.076028691529245,31.014189021982858,12.061839669546387,6835.958242020815,6428.841757979184,6632.4,407.11648404163134,49.752535918470855,38.63322086978641,71.99116601583972,-38.148148148148145,60.12548871117719,63.817205936217555,316611.95,2155185,143325.95,1572.0,1.294114741547503
2025-06-18,6767.6,6645.8,6648.4,6517.666666666667,6652.019487963709,199.0,67.008547008547,67.32254233517233,38.275859684620755,29.046682650551574,6906.687803571042,6390.112196428957,6648.4,516.5756071420856,62.89513323526472,46.720524991612514,95.24434972256914,-10.784313725490197,134.4244809229991,100.0,329378.1,2670279,142434.0,14668.0,11.920841968385542
2025-06-19,6879.2,6701.2,6664.8,6521.8,6694.112870062404,193.0,64.19294990723563,94.00773060486245,49.422233868669096,44.58549673619335,6988.019071870649,6341.580928129351,6664.8,646.4381437412976,75.05954855847413,56.16686618056639,112.84491331428961,-0.6097560975609756,134.39217501644052,90.4785008044422,335828.4,3059783,141986.1,5457.0,3.962588862344152
2025-06-20,6938.4,6753.2,6687.9,6525.4,6730.483072913603,191.0,74.73002159827215,112.4077187864741,62.019330852230105,50.388387934244,7058.40969161254,6317.390308387459,6687.9,741.0193832250807,77.04824604752976,63.127326136220844,104.8900858701476,-18.925831202046037,124.90012345894405,100.0,345201.0,2603857,141381.4,-6784.0,-4.738422853949853
2025-06-23,7012.0,6816.4,6711.6,6529.2,6768.151351683737,183.85714285714286,84.12698412698413,129.53126828732002,75.5217183392481,54.00954994807192,7129.987078395468,6293.212921604532,6711.6,836.7741567909361,80.51079651031898,68.92181626092022,103.6887570091165,-12.531969309462916,102.3949117259051,99.99999999999999,351080.95,2953487,141129.05,1574.0,1.1540773979733965
2025-06-24,7008.8,6842.2,6715.9,6527.066666666667,6767.375032475762,213.71428571428572,57.6214405360134,112.27443364225837,82.87226139985015,29.402172242408227,7134.427695115654,6297.372304884345,6715.9,837.0553902313095,66.1062967726451,67.98330976482852,62.35227078827825,-59.33503836317136,26.820665752513573,42.03324784703054,355149.7,2502406,139829.0,-16112.0,-11.678747463032767
2025-06-25,6962.8,6865.2,6718.5,6524.233333333334,6766.482172239976,208.14285714285714,59.41278065630398,97.31509671359527,85.76082846259916,11.554268250996103,7137.414637705686,6299.585362294314,6718.5,837.8292754113718,55.77002886050064,63.912216130052556,39.485654321396794,-59.743589743589745,8.911384344088662,45.950849778798776,351068.95,2277205,138022.35,-4051.0,-3.32463397019237
2025-06-26,6888.4,6883.8,6725.1,6520.133333333333,6762.245774883788,203.71428571428572,57.04584040747029,81.61401967018537,84.93146670411642,-3.317447033931046,7139.626692683649,6310.573307316352,6725.1,829.0533853672969,44.529915720665024,57.45144932692338,18.6868485081483,-64.35897435897436,-3.2271592705644014,40.774429295509016,352115.25,1986855,136522.35,-3236.0,-2.7470988225506643
2025-06-27,6823.6,6881.0,6723.3,6517.133333333333,6761.269986799618,197.57142857142858,61.2565445026178,70.77569412711273,82.10031218871569,-11.324618061602962,7136.988466564269,6309.611533435731,6723.3,827.3769331285384,38.58930199183051,51.164066881892424,13.439772211706682,-60.51282051282051,1.7899535536355338,49.98310067533528,340677.2,2214540,133855.2,-2928.0,-2.5558436117003147
2025-06-30,6757.6,6884.8,6732.2,6516.1,6764.5776071044165,193.85714285714286,62.43654822335026,64.987539423827,78.67775763573795,-13.690218211910945,7144.004552516798,6320.395447483202,6732.2,823.6091050335963,36.90632555148949,46.411486438424774,17.896003777618915,-54.87179487179487,20.921842649346328,52.563730006121055,340104.75,2509648,132339.8,3525.0,3.1576684313778136
2025-07-01,6764.4,6886.6,6745.7,6512.9,6767.379739761139,194.42857142857142,61.4853195164076,59.552517483374686,74.8527096052653,-15.300192121890618,7146.3169452756365,6345.083054724363,6745.7,801.2338905512734,35.68082158919175,42.8345981553471,21.37326845688105,-58.108108108108105,12.814423791194079,41.26485827491619,341626.65,2228767,130542.15,48.0,0.04168186317927702
2025-07-02,6770.8,6866.8,6756.3,6510.5,6769.534050260078,193.0,61.005199306759096,54.29655992338121,70.74147966888849,-16.444919745507278,7149.381804797724,6363.218195202277,6756.3,786.1636095954473,34.65677961018581,40.108658640293335,23.753021549970754,-60.44568245125348,5.738126757057958,25.0949820690383,336416.0,2014627,128561.3,-4704.0,-4.083120670798401
2025-07-03,6774.4,6831.4,6766.3,6509.633333333333,6766.721283568642,166.28571428571428,47.916666666666664,45.57127625189423,65.70743898548963,-20.1361627335954,7146.166513950534,6386.433486049466,6766.3,759.7330279010675,31.963877436690872,37.39373157242585,21.104169165220924,-75.15527950310559,-4.1767013534502,0.0,334190.7,1791679,127007.35,541.0,0.48958389893396514
2025-07-04,6758.4,6791.0,6772.1,6514.3,6757.700208943057,168.71428571428572,45.72564612326043,32.79139558332827,59.12423030505736,-26.332834721729093,7141.854342346496,6402.3456576535045,6772.1,739.5086846929917,26.946506526421366,33.91132322375769,13.016873131748724,-85.71428571428571,-19.918448658626403,0.0,333396.35,1550568,126288.1,12763.0,11.493745666093314
2025-07-07,6736.0,6746.8,6781.6,6526.1,6750.68114142467,165.28571428571428,45.400000000000006,23.362242403302844,51.97183272470646,-28.609590321403616,7130.441330240685,6432.758669759316,6781.6,697.6826604813687,25.287570007513235,31.036738818342872,13.789232385853957,-83.85093167701864,-32.85994489705469,0.0,327553.6,1711850,125215.35,-7004.0,-5.657237936772042
2025-07-08,6716.4,6740.4,6791.3,6542.3,6745.47341366994,150.0,31.75,16.665757804670648,44.910617740699294,-28.244859936028647,7117.457275590984,6465.142724409016,6791.3,652.3145511819675,25.696763843392663,29.256747160026137,18.57679721012572,-81.98757763975155,-30.22000666662798,0.0,319019.65,1891912,124059.05,-571.0,-0.4888614920977363
2025-07-09,6703.2,6737.0,6801.1,6552.633333333333,6743.428326653755,142.0,24.37673130193906,13.462919354977203,38.621078063554876,-25.158158708577673,7104.962780665163,6497.237219334837,6801.1,607.725561330326,29.504913269332484,29.339469196461586,29.835801415074272,-77.63975155279503,-28.465222221000623,0.0,310129.75,2068963,122916.3,2759.0,2.373721296383935
2025-07-10,6711.6,6743.0,6813.4,6564.766666666666,6747.101819353397,136.0,30.70866141732283,15.426930035643636,33.98224845797263,-18.555318422328995,7090.847311261431,6535.952688738568,6813.4,554.8946225228628,39.36691187652468,32.68195008981595,52.73683544994215,-66.44518272425249,-18.423020245716966,10.597327736711538,302830.05,2251764,122156.55,2237.0,1.879989915118907
2025-07-11,6716.0,6737.2,6809.1,6576.133333333333,6742.0445032245025,131.28571428571428,23.0,9.769936351998695,29.139786036777846,-19.36984968477915,7091.351026756582,6526.848973243419,6809.1,564.5020535131625,35.53422540402192,33.6327085278846,39.33725915629654,-79.04411764705883,-31.611076818555404,0.0,285471.65,2037717,121908.3,2388.0,1.9698581999059606
2025-07-14,6734.8,6735.4,6810.1,6590.266666666666,6745.46883625074,100.14285714285714,51.73745173745174,11.92733518843579,25.697295867109435,-13.769960678673645,7091.7297681632235,6528.470231836777,6810.1,563.2595363264463,48.52608490987082,38.59716732188001,68.38392008585245,-42.42424242424242,-18.584788032654817,72.87009901245969,279732.9,2265888,122292.6,5544.0,4.484892610120128
2025-07-15,6733.2,6724.8,6805.7,6602.933333333333,6739.99561375067,107.14285714285714,44.224422442244226,6.3021937048652035,21.81827543466059,-15.516081729795385,7092.279170653613,6519.120829346387,6805.7,573.1583413072258,43.582607331218234,40.25898065832608,50.229860677002534,-76.51515151515152,-32.434479982549355,53.81916876203002,275836.05,2051240,122344.25,-5081.0,-3.9339109160027586
2025-07-16,6731.6,6717.4,6792.1,6614.3,6737.710317202987,105.14285714285714,49.49832775919732,4.056829936200302,18.26598633496853,-14.20915639876823,7067.864888417817,6516.335111582183,6792.1,551.529776835634,45.359419380232445,41.959126898961536,52.16000434277426,-65.9090909090909,-28.37039160080983,67.19231006000608,257286.65,2195346,121448.4,-4282.0,-3.4510549815438663
2025-07-17,6723.6,6717.6,6774.5,6625.1,6738.118858421751,105.71428571428571,49.15824915824916,4.325484192248041,15.477885906424433,-11.152401714176392,7011.317051306178,6537.682948693822,6774.5,473.6341026123555,51.254105673778156,45.05745315723374,63.64741070686699,-56.06060606060606,-23.323047540027478,66.32996632996634,245798.0,2355077,120103.3,-3528.0,-2.945006511068815
2025-07-18,6746.8,6731.4,6761.2,6636.766666666666,6744.964681429203,107.57142857142857,51.13268608414239,9.911176453340886,14.364544015807724,-4.453367562466838,6952.159461115054,6570.240538884946,6761.2,381.91892223010836,55.480879192354834,48.5319285022741,69.37878057251629,-32.35294117647059,27.954063133368813,73.09978567840257,237163.05,2638304,119802.7,14106.0,12.132314996387649
2025-07-21,6763.6,6749.2,6748.0,6650.3,6756.110902245468,102.71428571428571,55.08982035928143,18.322631342193745,15.15616148108493,3.1664698611088156,6847.268906457919,6648.731093542081,6748.0,198.537812915838,65.40255334135131,54.155470115299835,87.89671979345425,-13.235294117647058,106.85671846808071,84.43534291260609,230568.9,2856051,119293.35,-2601.0,-1.9950296838326609
2025-07-22,6803.2,6768.2,6754.3,6661.333333333333,6768.481292507805,101.71428571428571,56.97674418604652,26.618527550357612,17.448634694939468,9.169892855418144,6871.202298387581,6637.397701612419,6754.3,233.80459677516228,74.53503556090087,60.94865859716684,101.70778948836892,-6.474820143884892,104.15365932171,100.0,218242.45,3060603,119395.1,-3890.0,-3.0444616624795584
2025-07-23,6832.0,6781.8,6759.4,6672.9,6777.197359888014,103.42857142857143,59.036144578313255,30.740742214299644,20.107056198811506,10.633686015488138,6885.518407187283,6633.281592812717,6759.4,252.23681437456617,71.84056134167585,64.57929284533651,86.36309833435453,-30.76923076923077,105.7994944566125,100.0,218383.95,2832572,119441.15,-5165.0,-4.169256475868355
2025-07-24,6874.8,6799.2,6771.1,6685.0,6794.226182755822,104.0,70.52023121387283,41.278195387311825,24.34128403651157,16.936911350800255,6923.324073066424,6618.875926933577,6771.1,304.4481461328469,77.8540250214347,69.00420357070257,95.55366792289894,-9.340659340659341,114.07523321833331,100.0,212314.6,3001535,119954.25,6105.0,5.142438383395942
2025-07-25,6925.2,6836.0,6786.6,6697.8,6819.728451064791,108.85714285714286,74.04580152671755,57.519468438675176,30.976920916944295,26.54254752173088,6986.347630247155,6586.852369752845,6786.6,399.49526049431006,83.23908887757705,73.74916533966073,102.21893595340967,-5.990783410138249,135.09771703706824,100.0,210424.05,3191409,120440.1,-3473.0,-2.782339793147093
2025-07-28,6930.8,6847.2,6791.3,6709.2,6826.4209795348115,122.42857142857143,60.2536997885835,55.867822328619695,35.955101199279376,19.91272112934032,6996.332577642232,6586.267422357769,6791.3,410.0651552844629,71.93314824115997,73.14382630682715,69.51179210982559,-48.69565217391305,82.73459308102588,72.98092825339374,206125.95,2982263,120330.15,-8391.0,-6.9147095179233675
2025-07-29,6942.0,6872.6,6798.7,6721.366666666667,6837.428505293401,123.28571428571429,61.23711340206185,58.08527540674095,40.38113604077169,17.704139365969255,7014.541169673899,6582.8588303261,6798.7,431.6823393477989,68.31742311099956,71.53502524155128,61.882218849896105,-37.391304347826086,66.9981623248488,74.90746008180204,198779.4,3116213,120181.9,-718.0,-0.6356288564877577
2025-07-30,6966.8,6899.4,6808.4,6735.6,6851.387695265458,122.85714285714286,60.58700209643606,62.51108308439507,44.80712544949637,17.7039576348987,7039.492963749697,6577.307036250302,6808.4,462.1859274993949,67.47477330206988,70.18160792839082,62.061104049427996,-28.26086956521739,80.03490458578969,73.633875798312,195247.1,3259707,120388.45,2392.0,2.1311285537370495
2025-07-31,6961.2,6918.0,6817.8,6746.266666666666,6858.684105240177,124.57142857142857,62.68980477223427,60.79898273971412,48.00549690753992,12.793485832174198,7052.445174454153,6583.154825545847,6817.8,469.29034890830553,58.81966018880131,66.39429201519431,43.67039653601529,-40.43478260869565,58.41346085586993,61.919947691500795,192087.05,3099960,120353.1,-4297.0,-3.748484293353571
2025-08-01,6911.2,6918.2,6824.8,6753.066666666667,6854.237999979207,126.14285714285714,51.781970649895186,49.5111664270471,48.306630811441366,1.2045356156057352,7049.263430381947,6600.3365696180535,6824.8,448.9268607638933,40.89025563949438,57.89294655662767,6.884873805227798,-65.65217391304348,6.265734340198248,25.342718679250623,187115.75,2958275,119250.4,-8584.0,-7.779872389791187
2025-08-04,6884.0,6907.4,6828.3,6757.766666666666,6844.6915237907115,123.0,53.57917570498915,35.47642525413539,45.74058969998018,-10.264164445844784,7045.587682214131,6611.0123177858695,6828.3,434.5753644282613,29.505420858108515,48.43043799045462,-8.344613406583704,-81.44796380090497,-26.97786105458188,17.763605200249163,183984.4,2859620,118450.6,-946.0,-0.929711455303095
2025-08-05,6842.4,6892.2,6830.2,6759.1,6834.149473905882,123.42857142857143,50.984682713347915,22.480814075882336,41.08863457516061,-18.607820499278276,7043.239754135207,6617.160245864793,6830.2,426.0795082704135,23.269654593981578,40.043510191630276,-10.278056601315825,-85.97285067873302,-51.690571252507034,7.338743192009417,179261.75,2774011,117703.05,474.0,0.47021010654126894
2025-08-06,6804.4,6885.6,6833.7,6760.533333333334,6830.325714486275,128.28571428571428,52.74261603375528,16.829200599177966,36.236747779964084,-19.407547180786118,7041.632276423916,6625.767723576084,6833.7,415.8645528478319,24.268863431317982,34.785294604859516,3.236001084234914,-73.73271889400921,-33.40722276328622,7.622931630655358,175606.7,2877961,116708.45,-2182.0,-2.1544233807267
2025-08-07,6770.0,6865.6,6832.4,6758.466666666666,6823.247075011392,122.0,47.05882352941176,9.178173509460976,30.825032925863464,-21.64685941640249,7042.011570592369,6622.78842940763,6832.4,419.2231411847388,22.016415866654388,30.529001692124474,4.991244215714218,-82.48847926267281,-29.152417750901026,0.0,170813.85,2791017,115395.55,-4129.0,-4.1665825748249175
2025-08-08,6752.8,6832.0,6834.0,6757.866666666667,6813.985448819831,120.0,42.410714285714285,0.6860221028800879,24.797230761266793,-24.111208658386705,7039.613843482055,6628.386156517945,6834.0,411.22768696411003,18.93686983702885,26.664957740425933,3.4806940302346874,-89.40092165898618,-48.959831097723615,0.0,163340.4,2726439,113767.65,-3912.0,-4.119238909538902
2025-08-11,6757.6,6820.8,6834.0,6758.433333333333,6810.558263217942,117.71428571428571,44.15584415584416,-1.8270426413400855,19.47237608074542,-21.299418722085505,7039.613843482055,6628.386156517945,6834.0,411.22768696411003,21.698653965426644,25.009523148759506,15.07691559876092,-77.41935483870968,-35.21562004730699,5.5164376719908415,155635.25,2800507,111527.25,-6706.0,-7.364617766893266
2025-08-12,6777.2,6809.8,6841.2,6759.766666666666,6812.600333387662,116.42857142857143,48.529411764705884,0.5325452957104062,15.684409923738418,-15.151864628028012,7035.035089973791,6647.364910026208,6841.2,387.67017994758316,28.85970870422382,26.29291833391428,33.9932894448429,-64.97695852534562,-15.329255852269569,19.341490770605354,148344.55,2869341,109154.15,-7735.0,-9.170015767447925
2025-08-13,6762.4,6783.4,6841.4,6760.633333333333,6803.781254017409,115.42857142857143,37.809917355371894,-6.559316523359485,11.235664634318837,-17.794981157678322,7034.698678079425,6648.101321920574,6841.4,386.59735615885074,24.93781150082158,25.841216056216712,23.13100239003132,-90.78341013824885,-57.91157519329871,0.0,146930.75,2753511,107692.5,13947.0,18.203769447634954
2025-08-14,6734.0,6752.0,6835.0,6758.1,6785.706848872895,115.0,26.859504132231407,-20.4967089283482,4.889189921785431,-25.38589885013363,7049.472179523028,6620.527820476972,6835.0,428.944359046056,18.915284003092253,23.53257203850856,9.680707932259637,-96.52509652509653,-93.83272549487798,0.0,146956.05,2593274,107110.9,14073.0,15.539458719344545
2025-08-15,6726.4,6739.6,6828.9,6759.333333333333,6776.401434694523,104.71428571428571,38.39080459770115,-25.279603730793497,-1.1445688087303547,-24.13503492206314,7053.085919084302,6604.714080915697,6828.9,448.3718381686049,24.3150239409928,23.793389339336642,25.358293144305108,-79.27927927927928,-74.85581810349504,32.1830971537972,139861.3,2734606,105702.55,-2429.0,-2.321380786727323
2025-08-18,6722.8,6740.2,6823.8,6761.133333333333,6774.839393295045,107.28571428571429,39.7752808988764,-22.995209587629688,-5.514696964510222,-17.480512623119466,7049.451431240611,6598.1485687593895,6823.8,451.3028624812214,37.075155909771276,28.22064486281485,54.78417800368413,-63.06306306306306,-42.96761638718711,36.047078969315514,135575.7,2866641,104527.1,2057.0,2.0125823084524486
2025-08-19,6711.2,6744.2,6818.2,6762.8,6774.759451076469,108.71428571428571,37.81902552204177,-19.826579309223234,-8.377073433452825,-11.44950587577041,7042.909028230518,6593.490971769482,6818.2,449.41805646103603,47.36308103908416,34.601456921571284,72.8863292741099,-59.174311926605505,-16.32833189483667,30.587299559453225,136448.05,3088640,103902.4,7125.0,6.833614670451937
2025-08-20,6736.0,6749.2,6817.4,6765.1,6781.353789069187,110.71428571428571,45.205479452054796,-11.534044711505885,-9.008467689063437,-2.525577022442448,7041.595779104567,6593.204220895433,6817.4,448.391558209134,60.08113448582622,43.09468277632293,94.0540379048328,-22.0125786163522,0.21229299568165805,68.66093121641576,140486.9,3397448,103703.6,3353.0,3.0101715609261337
2025-08-21,6804.8,6769.4,6817.5,6771.233333333334,6798.177237729265,112.85714285714286,58.35240274599543,4.188414528432986,-6.369091245564153,10.55750577399714,7041.957709062927,6593.042290937073,6817.5,448.91541812585456,70.52547012859795,52.2382785604146,107.09985326496465,-8.585858585858587,48.95173910172082,100.0,148319.45,3723062,104218.8,20385.0,17.765944466716643
2025-08-22,6860.4,6793.4,6812.7,6774.2,6814.160357945525,111.85714285714286,62.86407766990292,17.0970260180884,-1.6758677928336425,18.772893810922042,7018.470541597567,6606.929458402433,6812.7,411.541083195134,76.38205945081133,60.28620552388017,108.57376730467365,-11.904761904761905,72.4164437141009,100.0,151085.05,3968248,105068.75,3222.0,2.3844235422972426
2025-08-25,6902.4,6812.6,6816.7,6780.066666666667,6829.00222861738,114.14285714285714,64.60396039603961,27.334860934279277,4.126277952588941,23.208582981690334,7031.700709912876,6601.699290087124,6816.7,430.00141982575224,80.04909882390537,66.87383662388856,106.39962322393899,-12.616822429906541,74.18623850154127,100.0,151801.75,4191728,106555.8,4351.0,3.1449450303218773
2025-08-26,6946.4,6828.8,6819.3,6787.9,6844.716302082392,118.28571428571429,62.953367875647665,36.95897819415222,10.692818000901598,26.266160193250627,7041.80733873146,6596.7926612685405,6819.3,445.0146774629193,77.14145417412091,70.29637580729934,90.83161090776406,-28.67383512544803,93.15924989292176,95.62692727945154,167207.15,4633786,109144.4,21313.0,14.935529081990184
2025-08-27,6965.6,6850.8,6817.1,6793.933333333333,6853.790939979307,124.42857142857143,61.6751269035533,39.77036376021624,16.50832715276453,23.262036607451712,7033.538054830546,6600.661945169455,6817.1,432.8761096610906,71.74393781924363,70.77889647794743,73.67402050183603,-38.35125448028674,73.96029224219363,92.24036114862605,181078.75,4212860,111978.25,7297.0,4.449037576289694
2025-08-28,6951.2,6878.0,6815.0,6799.7,6856.858469505088,129.57142857142858,59.85221674876847,37.21210044291274,20.649081810794172,16.56301863211857,7027.690038862805,6602.309961137195,6815.0,425.3800777256092,63.224204864770186,68.26066594022168,53.151282713867204,-48.028673835125446,36.228846441073095,87.41075082904979,190107.75,3872533,114364.75,-13244.0,-7.731013951316323
2025-08-29,6933.6,6897.0,6818.3,6805.066666666667,6858.871948599842,133.85714285714286,56.510416666666664,34.14551692715668,23.348368834066672,10.797148093090005,7032.834109666526,6603.765890333474,6818.3,429.0682193330522,53.784690035632956,63.43534063869211,34.48338882951464,-49.46236559139785,16.7474603997454,78.55700007226345,196521.75,3602568,116388.05,-15848.0,-10.026191590854449
2025-09-01,6912.8,6907.6,6823.9,6811.266666666666,6859.550810637952,132.14285714285714,52.34159779614325,30.396535347267672,24.758002136706875,5.638533210560798,7037.2106457231575,6610.589354276842,6823.9,426.6212914463158,46.54828392312638,57.80632173350354,24.032208302372055,-51.61290322580645,13.76135664289037,67.51214929633441,199658.85,3441171,118874.15,8310.0,5.843142218284614
2025-09-02,6880.8,6913.6,6828.9,6816.8,6857.117400101005,130.85714285714286,58.82352941176471,24.560193250804332,24.71844035952637,-0.15824710872203696,7037.984118050454,6619.815881949546,6828.9,418.16823610090796,35.99672828917645,50.536457252061176,6.917270363407013,-57.34767025089606,14.28179137652618,84.68535102513174,209469.25,3159354,121596.85,5206.0,3.4584927721088343
2025-09-03,6854.8,6910.2,6829.7,6821.5,6852.630028662814,127.71428571428571,67.3758865248227,17.793142397440533,23.333380767109205,-5.540238369668671,7038.343841585278,6621.056158414722,6829.7,417.2876831705562,26.834698292075082,42.635870932065814,-4.7676469879063745,-62.77372262773723,-4.108105982135843,100.0,214127.0,2962249,116671.5,-155143.0,-99.62050676152927
2025-09-04,6813.6,6882.4,6825.9,6823.9,6836.18907355207,132.0,49.354838709677416,1.9181807043787558,19.050340754563116,-17.13216005018436,7042.800559315697,6608.9994406843025,6825.9,433.8011186313943,20.48383258382178,35.251858149317805,-9.05221854717027,-92.21789883268482,-56.66310187933377,39.02922298328726,223118.9,2695467,111952.6,0.0,0.0
2025-09-05,6780.8,6857.2,6825.3,6822.8,6824.552018928063,128.71428571428572,46.04810996563574,-7.829076242656811,13.67445735511913,-21.50353359777594,7043.427051339808,6607.172948660193,6825.3,436.25410267961524,18.454850775725546,29.65285569145372,-3.9411590557308003,-85.60311284046692,-57.95074054293098,27.84153717412588,229105.05,2879768,114868.15,148777.0,25173.773265651438
2025-09-08,6760.0,6836.4,6824.5,6822.866666666667,6818.594683792057,128.57142857142858,49.02597402597402,-11.547535944833726,8.630058695128561,-20.177594639962287,7043.473201916988,6605.526798083012,6824.5,437.94640383397564,21.260649415828777,26.855453599578738,10.071041048328851,-76.26459143968872,-42.85141369946384,17.232406068952933,233543.15,3042598,118343.05,4481.0,2.9999732205023832
2025-09-09,6738.4,6809.6,6819.2,6822.033333333334,6809.776142478528,123.57142857142857,39.86254295532646,-17.201058093892243,3.463835337324401,-20.664893431216644,7042.497394332474,6595.902605667526,6819.2,446.5947886649483,22.860634964087872,25.523847387748447,17.53421011676673,-83.26848249027238,-41.575592866079255,0.0,237502.35,2894580,122091.65,-2261.0,-1.4696228119779775
2025-09-10,6730.4,6792.6,6821.7,6818.4,6805.987938432953,118.0,31.640625,-17.924460824990092,-0.8138238951384977,-17.110636929851594,7041.411868735035,6601.988131264965,6821.7,439.4237374700697,30.1829520450241,27.076882273506996,36.39509158805831,-74.70817120622569,-28.21264881115892,0.0,239416.95,3048702,125128.3,-292.0,-0.19262738475340768
2025-09-11,6750.0,6781.8,6829.9,6813.133333333333,6803.3224204869575,115.85714285714286,31.640625,-17.648785348500496,-4.180816185810897,-13.467969162689599,7028.168186263188,6631.631813736812,6829.9,396.536372526376,35.9840369955333,30.045933847515766,47.86024329156837,-73.15175097276264,-24.899053793898826,0.0,237352.05,3167641,127593.65,2647.0,1.7495505499153907
2025-09-12,6749.6,6765.2,6831.1,6807.066666666667,6794.625047107247,117.14285714285714,27.526132404181183,-22.49663179457275,-7.843979307563268,-14.652652487009481,7026.014178145124,6636.185821854877,6831.1,389.82835629024703,32.26522006598772,30.78569592033975,35.224268357283655,-85.99221789883268,-58.69100935756035,0.0,237843.5,3016480,129892.95,-5750.0,-3.735148723878323
2025-09-15,6747.6,6753.8,6830.7,6800.833333333333,6790.565518811319,109.57142857142857,29.491525423728817,-22.84754702389364,-10.844692850829343,-12.002854173064296,7026.260301643332,6635.139698356667,6830.7,391.12060328666485,37.06570226621403,32.87903136896451,45.43904406071307,-75.33039647577093,-37.13481758057745,4.9320078954504565,239128.25,3174210,131761.85,-6551.0,-4.42058666738645
2025-09-16,6754.8,6746.6,6830.1,6800.866666666667,6787.844993210241,104.14285714285714,33.69963369963371,-22.064388904143016,-13.088632061492078,-8.975756842650938,7026.464751901551,6633.73524809845,6830.1,392.72950380310067,45.891023733031574,37.21636215698686,63.240346885121,-63.03030303030303,-24.786962006011226,15.491943254562647,236697.95,3347603,133328.2,1074.0,0.7582496717075449
2025-09-17,6755.2,6742.8,6826.5,6801.1,6786.335946237838,98.85714285714286,38.64541832669323,-20.401636657566996,-14.551232980707063,-5.8504036768599335,7024.425557510072,6628.574442489928,6826.5,395.8511150201448,52.81623804424327,42.41632078607233,73.61607256058514,-54.48275862068966,-24.284173319617462,27.9030226606905,229123.25,3504917,134733.05,123.0,0.08618515092910783
2025-09-18,6736.4,6743.2,6812.8,6800.466666666666,6776.589665643758,102.57142857142857,33.33333333333333,-25.886356274551872,-16.818257639476023,-9.068098635075849,7010.331716307157,6615.268283692843,6812.8,395.06343261431357,40.31286617915538,41.71516925043335,37.50826003659944,-84.82758620689656,-42.03477295323814,14.5727396750589,226258.55,3236597,135265.25,2932.0,2.0526606879073706
2025-09-19,6712.8,6731.2,6794.2,6797.833333333333,6759.200173677686,107.71428571428571,29.39393939393939,-37.06798724199507,-20.868203559979833,-16.199783682015237,7000.838866267972,6587.561133732028,6794.2,413.27773253594387,30.578947823140624,38.00309544133577,15.730652586750324,-91.30434782608695,-83.02985628110818,4.687122997305306,227618.55,2964211,136237.55,12024.0,8.248554239183381
2025-09-22,6680.8,6714.2,6775.3,6794.433333333333,6743.276347613144,106.57142857142857,30.793650793650784,-45.56564127925776,-25.80769110383542,-19.75795017542234,6983.378021803782,6567.2219781962185,6775.3,416.15604360756333,24.064126134967314,33.35677233921295,5.47883372647604,-90.0,-84.09990019000573,8.199594857166458,226199.45,2769113,136607.25,-7701.0,-4.880382775119618
2025-09-23,6634.4,6694.6,6752.1,6790.033333333334,6722.9643145071295,107.0,29.04191616766468,-56.64994981239124,-31.97614284554659,-24.67380696684465,6960.97457833246,6543.225421667541,6752.1,417.7491566649187,19.74645446034858,28.81999971292483,1.5993639551960825,-88.88888888888889,-108.00710514629047,6.943992659344359,212302.05,2605003,135555.8,-7110.0,-4.737031460284891
2025-09-24,6600.4,6677.8,6735.2,6786.9,6711.443903601688,100.71428571428571,43.60655737704918,-58.94506390744027,-37.369927057925324,-21.575136849514948,6934.539541063625,6535.860458936375,6735.2,398.6790821272498,23.534673343936092,27.058224256595253,16.48757151861777,-68.88888888888889,-81.54231541737789,74.79322525133594,200515.6,2790200,133800.4,-6782.0,-4.743188049012481
2025-09-25,6598.4,6667.4,6724.6,6785.8,6707.877817544385,102.42857142857143,46.91358024691358,-54.327901857608595,-40.76152201786198,-13.566379839746617,6912.387561944154,6536.8124380558465,6724.6,375.57512388830764,32.726819266327766,28.94775592650609,40.28494594597112,-48.888888888888886,-41.53619821864485,90.1748402791988,192774.6,2975707,132072.9,-12686.0,-9.31410698814995
2025-09-26,6610.8,6661.8,6713.5,6785.533333333334,6702.937073016348,99.71428571428571,41.42394822006472,-51.52724325038798,-42.914666264367185,-8.612576986020798,6888.948297977022,6538.051702022978,6713.5,350.89659595404373,37.18824988125555,31.69458724475591,48.17557515425483,-53.888888888888886,-30.571637849172323,71.68460711600723,189106.95,2779095,130519.7,-12362.0,-10.00841996178633
2025-09-29,6626.4,6653.6,6703.7,6785.3,6699.800208919553,100.57142857142857,45.302013422818796,-47.628980885750934,-43.85752918864394,-3.771451697106997,6864.572751282305,6542.827248717695,6703.7,321.74550256461043,41.45883325417037,34.949335914560734,54.47782793338965,-50.0,-29.419961223707094,91.68757622371167,190008.45,2958522,127121.05,-28599.0,-25.729168540943192
2025-09-30,6634.4,6634.4,6690.5,6783.2,6687.438284260548,105.57142857142857,34.662576687116555,-52.00921429367827,-45.487866209650804,-6.521348084027466,6849.6708780554,6531.3291219446,6690.5,318.3417561107999,35.04662957685432,34.98176713532526,35.176354459912446,-77.77777777777777,-68.67504868255743,36.809611769558146,185398.2,2768910,122740.55,-14431.0,-17.480467567076495
2025-10-09,6631.2,6615.8,6679.3,6780.9,6677.777495283353,110.28571428571429,35.45454545454547,-53.57197021961838,-47.10468701164432,-6.467283207974056,6834.541204513561,6524.0587954864395,6679.3,310.4824090271213,39.37491840556692,36.44615089207248,45.232453432555815,-68.39378238341969,-81.61151811415141,40.894568045666404,180899.05,2876032,126083.55,-673.0,-0.9879044096060108
2025-10-10,6597.2,6597.8,6670.5,6776.266666666666,6661.22725763732,113.42857142857143,34.61538461538461,-60.727155401255914,-49.82918068956665,-10.897974711689265,6844.405600526866,6496.594399473134,6670.5,347.81120105373157,32.483007934334594,35.125103239493185,27.198817324017412,-88.26530612244898,-83.29051824627209,31.18606316124408,172596.65,2775298,129189.15,-4748.0,-7.039184000237208
2025-10-13,6557.6,6584.2,6657.7,6772.333333333333,6641.87228071948,112.57142857142857,28.445747800586503,-69.31053803187024,-53.725452158027366,-15.585085873842871,6854.325318281613,6461.074681718386,6657.7,393.2506365632271,26.516449734000844,32.25555207099574,15.03824506001105,-90.3225806451613,-101.94542696445313,0.0,168841.65,2666097,124213.3,-12852.0,-20.496626955648058
2025-10-14,6491.2,6558.8,6636.5,6765.0,6612.932063508101,117.14285714285714,23.232323232323225,-84.81819635463853,-59.944000997349605,-24.874195357288926,6873.135629296398,6399.864370703602,6636.5,473.2712585927966,20.20288568125309,28.237996607748194,4.132663828262878,-94.4649446494465,-119.25625997890782,0.0,168862.75,2502845,122292.0,65572.0,131.53597721209204
2025-10-15,6439.6,6537.0,6615.8,6758.733333333334,6584.27186698352,118.85714285714286,21.534653465346537,-98.0755560507705,-67.57031200803378,-30.50524404273672,6889.066093569265,6342.533906430735,6615.8,546.5321871385295,17.50446489363061,24.660152703042336,3.193089274807164,-90.87837837837837,-116.38591146341643,0.0,169255.95,2346963,120985.8,10041.0,8.699306030860399
2025-10-16,6397.6,6514.4,6596.1,6753.066666666667,6564.436451080328,112.57142857142857,30.35714285714286,-102.23929306568061,-74.50410821956315,-27.735184846117463,6879.191132806297,6313.008867193704,6596.1,566.1822656125933,20.48877629680008,23.269693900961585,14.926941088477065,-74.34782608695652,-85.51342269286407,34.763051518018415,170278.9,2521544,119903.95,4195.0,3.343588599120073
2025-10-17,6355.2,6476.2,6571.8,6745.566666666667,6538.490122406011,109.14285714285714,30.59125964010282,-111.03721473758196,-81.81072952316691,-29.22648521441505,6872.062060978446,6271.537939021554,6571.8,600.5241219568925,16.223286761969284,20.920891521297484,6.828077243312883,-92.37668161434978,-83.0796892049634,35.68553647955744,171573.15,2376720,118899.8,4201.0,3.2400373286852524
2025-10-20,6317.2,6437.4,6549.6,6736.533333333334,6512.729158367343,111.28571428571429,29.75,-118.57932186243306,-89.16444799102015,-29.414873871412908,6871.119026202791,6228.0809737972095,6549.6,643.0380524055818,11.636542570376896,17.82610853765729,-0.7425893641838925,-97.75784753363229,-77.40613312422852,32.370740517760375,173888.65,2179249,118885.8,14053.0,10.498281786941588
2025-10-21,6316.0,6403.6,6528.6,6727.7,6495.516857570454,111.71428571428571,37.65586034912719,-118.03163574244536,-94.93788554130519,-23.093750201140168,6849.320504653392,6207.879495346609,6528.6,641.4410093067836,14.609546898769782,16.753921324694787,10.320798046919776,-83.40807174887892,-66.06440555545429,63.52201975494739,174132.6,2341858,119160.7,-773.0,-0.5226045039989691
2025-10-22,6343.6,6391.6,6513.0,6720.433333333333,6491.1819187542205,115.0,41.0377358490566,-106.8443416513719,-97.31917676331854,-9.525164888053368,6815.768975675252,6210.231024324748,6513.0,605.5379513505031,27.517475710290967,20.341772786560178,41.868881557752545,-56.95067264573991,-32.42834477757399,76.84754580668611,175685.45,2546308,119377.3,-92.0,-0.06252548593176366
2025-10-23,6367.6,6382.6,6499.2,6714.366666666667,6491.640783634772,114.71428571428571,39.1727493917275,-93.19225264382112,-96.49379193941905,3.3015392955979337,6776.338460549327,6222.061539450673,6499.2,554.2769210986535,47.51165047352731,29.398398682215888,83.73815405615017,-46.63677130044843,-5.272787414090668,74.21142254731448,174993.85,2689790,119223.65,-7282.0,-4.952124476361464
2025-10-24,6413.6,6384.4,6491.1,6707.133333333333,6494.532137574317,115.14285714285714,41.9277108433735,-79.36007746532687,-93.06704904460062,13.706971579273755,6754.632201168078,6227.567798831923,6491.1,527.0644023361547,59.00362619560205,39.2668078533446,98.47726288011694,-40.27149321266968,17.607604772530003,85.80278758144341,169125.45,2840742,119031.5,2162.0,1.5468711990040518
2025-10-27,6485.2,6401.2,6492.7,6699.866666666667,6507.052886376763,118.28571428571429,47.60869565217391,-59.32221853670126,-86.31808294302076,26.995864406319498,6759.234168837234,6226.165831162765,6492.7,533.0683376744691,69.6987871006984,49.41080093579586,110.27475943050348,-9.35960591133005,44.739114808634,100.0,167112.9,3072877,118348.8,2213.0,1.5592413054506427
2025-10-28,6542.4,6429.2,6494.0,6695.333333333333,6517.619278150405,111.28571428571429,52.89855072463768,-43.58518127311618,-77.77150260903984,34.186321335923665,6762.81729267658,6225.18270732342,6494.0,537.6345853531602,76.11409927316241,58.31190038158471,111.7184970563178,-10.891089108910892,48.306855545196655,100.0,165500.15,2910034,118661.7,12211.0,8.471566036034162
2025-10-29,6582.8,6463.2,6500.1,6690.5,6530.41744213608,107.42857142857143,53.90070921985815,-28.046645738703774,-67.82653123497263,39.77988549626886,6777.748698898196,6222.451301101804,6500.1,555.297397796392,83.23854524408482,66.62078200241808,116.47407172741828,-2.4752475247524752,50.12035800960724,100.0,165161.5,3067371,119551.7,4432.0,2.8346295538272726
2025-10-30,6601.2,6484.4,6499.4,6683.9,6535.901495265977,103.85714285714286,55.07246376811594,-20.658372647768374,-58.39289951753179,37.734526869763414,6776.035728559509,6222.76427144049,6499.4,553.271457119019,81.08478055766793,71.44211485416803,100.37011196466773,-22.897196261682243,45.45285322436024,100.0,164237.0,2900664,120904.95,2483.0,1.5443078913324637
2025-10-31,6620.4,6517.0,6496.6,6678.733333333334,6543.720400478742,104.71428571428571,59.85221674876847,-12.241254156035211,-49.162570445232475,36.921316289197264,6766.854772585285,6226.345227414716,6496.6,540.5095451705693,82.01860567983549,74.96761179605718,96.12059344739208,-15.88785046728972,45.288186961568755,100.0,162823.2,3057895,123010.5,2360.0,1.4454850030930944
2025-11-03,6623.2,6554.2,6495.8,6675.866666666667,6552.889886147433,100.28571428571429,71.1484593837535,-3.7521584242667814,-40.08048804103934,36.32832961677256,6764.156087081223,6227.443912918778,6495.8,536.7121741624451,81.93505572025865,77.29009310412434,91.22498095252726,-14.732142857142858,62.3807937084201,100.0,161703.7,3232117,125943.35,4184.0,2.526158174693749
2025-11-04,6631.6,6587.0,6495.3,6674.3,6563.090849371487,100.28571428571429,74.57627118644068,4.537043740785521,-31.15698168467437,35.69402542545989,6762.323436779124,6228.276563220877,6495.3,534.0468735582472,82.31944891154498,78.96654503993122,89.0252566547725,-10.407239819004525,60.18855514501114,100.0,160331.05,3384091,130511.1,4099.0,2.4138601150690997
2025-11-05,6631.2,6607.0,6499.3,6672.9,6571.367911336107,100.57142857142857,70.9480122324159,10.182007901544239,-22.88918376743065,33.07119166897489,6773.339643693482,6225.260356306519,6499.3,548.0792873869632,78.87963260769666,78.93757422918637,78.76374936471726,-12.669683257918551,51.36100913240487,91.90595412468242,161000.7,3181086,135653.15,-2945.0,-1.6934046345811082
2025-11-06,6677.6,6639.4,6511.0,6673.333333333333,6595.047157875525,109.14285714285714,85.67567567567568,28.04991990326016,-12.701363033292491,40.751282936552656,6818.556755566511,6203.443244433489,6511.0,615.1135111330223,85.6990045199214,81.19138432609805,94.71424490756812,-0.35842293906810035,84.21650224990772,100.0,170580.4,3479802,143176.75,46958.0,27.466440499517454
2025-11-07,6710.0,6665.2,6524.8,6673.733333333334,6612.661714268332,107.85714285714286,83.86243386243386,38.53845586012176,-2.453399254609642,40.9918551147314,6854.97099238181,6194.62900761819,6524.8,660.3419847636196,85.12249156289926,82.50175340503179,90.36396787863418,-7.526881720430108,81.1325421288731,96.22397170644815,183685.85,3116959,151037.35,1992.0,0.9140843325394776
2025-11-10,6752.4,6687.8,6544.5,6675.833333333333,6635.455836718967,110.57142857142857,84.03141361256544,52.06037484786157,8.4493555658846,43.611019281976965,6903.635511735248,6185.364488264752,6544.5,718.2710234704955,87.55001547231258,84.18450742745873,94.2810315620203,-4.511278195488722,84.92075459738662,96.46417506487587,193287.75,3418198,160430.3,17795.0,8.091762726507978
2025-11-11,6771.6,6701.6,6565.4,6675.466666666666,6646.9362332219225,109.28571428571429,70.61994609164421,54.40307063771161,17.640098580250005,36.7629720574616,6922.582188510765,6208.217811489234,6565.4,714.3643770215313,79.0417824667738,82.47026577389708,72.18481585252724,-27.149321266968325,65.40952791140033,67.62412435703345,199220.8,3136285,165959.65,-11700.0,-4.921963737326996
2025-11-12,6796.4,6713.8,6588.5,6674.5,6659.037544343644,106.85714285714286,69.46778711484595,57.05443548004223,25.522965960208452,31.531469519833777,6936.314530128184,6240.685469871816,6588.5,695.6290602563677,75.26836130696311,80.06963095158576,65.6658220177178,-27.56756756756757,58.367811252554816,62.951674156823145,199504.8,3297847,170714.25,-5454.0,-2.413167558957563
2025-11-13,6799.6,6738.6,6611.5,6676.433333333333,6675.891111549012,112.42857142857143,70.93333333333334,63.427391576111404,33.103851083389046,30.32354049272236,6960.981119134423,6262.018880865577,6611.5,698.9622382688467,79.15494239636321,79.76473476651158,77.93535765606649,-11.235955056179776,57.53751856700275,61.27262437618975,204590.1,3574134,175065.65,-3869.0,-1.7542030142004728
2025-11-14,6804.8,6757.4,6637.2,6679.633333333333,6688.28243425863,109.85714285714286,63.31360946745562,65.30446667615342,39.54397420194192,25.760492474211503,6962.51481109175,6311.88518890825,6637.2,650.6296221835,76.04412333327568,78.52453095543294,71.08330808896116,-29.310344827586206,67.65222525395076,31.775388348965347,212004.8,3281016,178470.3,-14734.0,-6.799669569471167
2025-11-17,6797.2,6774.8,6664.5,6681.733333333334,6700.255535757808,110.0,64.49704142011834,66.66907575252662,44.96899451205886,21.70008124046776,6948.358749158024,6380.641250841976,6664.5,567.7174983160476,74.75919859299246,77.26942016795277,69.73875544307185,-27.011494252873565,56.639181173413284,33.34805157070482,206113.95,3360670,181003.9,-3368.0,-1.6677147653166857
2025-11-18,6799.6,6785.6,6686.3,6681.866666666667,6706.707389495159,111.42857142857143,58.43023255813954,63.30893670122441,48.63698294989198,14.671953751332431,6926.206209743641,6446.393790256359,6686.3,479.81241948728166,68.31080330827947,74.28321454806168,56.36598082871507,-40.229885057471265,45.19998332695474,10.971948958057398,207307.3,3174194,183060.1,-10321.0,-5.197270690132694
2025-11-19,6818.8,6807.6,6707.3,6683.466666666666,6722.259066686096,115.14285714285714,69.42148760330579,68.09163189805258,52.527912739524105,15.563719158528478,6933.2362742011055,6481.363725798895,6707.3,451.87254840221067,70.7437875713733,73.10340555583221,66.02455160245549,-16.216216216216218,72.102120176432,40.341627030069816,215371.65,3539931,185792.4,13430.0,7.133599626057019
2025-11-20,6817.6,6808.6,6724.0,6683.233333333334,6732.5201079540875,117.14285714285714,64.40217391304347,67.87190156054658,55.5967105037286,12.275191056817974,6932.908945161043,6515.091054838957,6724.0,417.8178903220869,66.94572287956052,71.05084466374164,58.735479311198276,-27.77777777777778,58.49719850899296,21.9190465324463,224942.6,3205030,188391.35,-9949.0,-4.9327198627624025
2025-11-21,6806.4,6805.6,6735.4,6679.766666666666,6734.184859577508,123.57142857142857,56.92695214105794,60.54451281679667,56.58627096634222,3.958241850454449,6921.539053850342,6549.260946149658,6735.4,372.2781077006839,53.57357135060133,65.22508689269488,30.27054026641423,-50.0,21.611121031557385,0.0,233866.05,2875609,189822.15,-21201.0,-11.056872408667761
2025-11-24,6798.0,6797.6,6742.7,6676.533333333334,6737.7863015225075,126.42857142857143,57.035175879396995,55.868700976915534,56.44275696845689,-0.574055991541357,6922.103807974272,6563.296192025728,6742.7,358.8076159485445,47.63983347492663,59.3633357534388,24.192828917902304,-43.888888888888886,13.591980214445634,0.37644710802112247,234922.95,3128882,191129.0,-266.0,-0.15597147950089374
2025-11-25,6788.0,6793.8,6747.7,6672.333333333333,6735.901891853698,123.85714285714286,54.047619047619044,47.26094297157397,54.6063941690803,-7.3454511975063355,6917.80349790607,6577.596502093929,6747.7,340.20699581214103,36.36693505374513,51.69786885354091,5.705067454153578,-63.095238095238095,-2.246734027646361,0.0,236332.1,2937856,191510.65,-6293.0,-3.695721114882722
2025-11-26,6768.8,6793.8,6753.8,6668.666666666667,6739.530283105726,114.42857142857143,46.83195592286501,44.44562324691469,52.57423998464718,-8.128616737732486,6918.104723319642,6589.495276680358,6753.8,328.6094466392842,36.090353396711635,46.49536370126449,15.280332787605929,-63.41463414634146,1.3601620537862964,0.0,239965.95,3167870,191516.15,-3091.0,-1.8849284995578919
2025-11-27,6746.4,6782.0,6760.3,6664.966666666666,6737.4797799528,117.71428571428571,45.82210242587601,37.2661491236413,49.51262181244601,-12.246472688804708,6906.247503178684,6614.352496821316,6760.3,291.8950063573684,31.602814673233546,41.53118069192084,11.746082635858954,-77.37226277372262,-19.741652704671893,0.0,245936.95,2881743,190705.75,-13835.0,-8.598829042723777
2025-11-28,6762.4,6784.4,6770.9,6664.033333333334,6746.291229481105,116.85714285714286,48.59335038363171,40.15099248433944,47.6402959468247,-7.48930346248526,6903.517217267109,6638.28278273289,6770.9,265.23443453421896,42.23642632716786,41.76626257033651,43.17675384083057,-36.496350364963504,28.08792736841774,11.035890546220555,248558.95,3091414,189936.5,3183.0,2.1644374026751123
2025-12-01,6794.0,6796.0,6785.4,6664.9,6763.787302863857,118.42857142857143,61.06870229007633,49.93084420586365,48.098405598632496,1.832438607231154,6921.1341053984015,6649.665894601598,6785.4,271.46821079680376,60.5453244072372,48.0259498493034,85.58407352310479,-2.8368794326241136,92.71457492616682,60.71625847569468,249877.75,3292012,189002.35,886.0,0.5897152593815402
2025-12-02,6832.8,6810.4,6798.0,6665.666666666667,6777.902797829203,118.85714285714286,58.778625954198475,55.58821129018088,49.59636673694218,5.9918445532387,6931.487630019809,6664.512369980191,6798.0,266.97526003961866,70.62359688614868,55.558498861585164,100.7537929352757,-9.21985815602837,95.3264901059764,51.596528963758374,249753.25,3142528,187195.6,-13353.0,-8.835556614260764
2025-12-03,6859.6,6814.2,6810.9,6666.9,6790.293007559755,112.0,54.94505494505495,59.06804919054139,51.490703227662024,7.577345962879363,6933.595858463503,6688.2041415364965,6810.9,245.3917169270062,76.04791516547843,62.38830429621625,103.36713690400279,-13.10344827586207,98.74846553685379,38.65758557093275,247420.45,2986179,187351.3,36304.0,26.35020867356197
2025-12-04,6897.2,6821.8,6815.2,6668.5,6801.312721125492,109.0,57.142857142857146,60.961733594636826,53.38490930105699,7.576824293579833,6945.057573801338,6685.342426198662,6815.2,259.71514760267564,79.434242294227,68.0702836288865,102.16215962490801,-13.793103448275861,79.53046189451702,47.97054936756655,241428.75,2807297,185648.0,9778.0,5.616989987304621
2025-12-05,6893.2,6827.8,6816.7,6670.666666666667,6802.140081018302,112.71428571428571,49.746192893401016,54.09254919790601,53.5264372804268,0.566111917479212,6945.534614504886,6687.8653854951135,6816.7,257.6692290097726,70.65731095477203,68.93262607084834,74.10668072261942,-46.89655172413793,27.09317628712464,16.627935168743154,236625.25,2540524,183707.6,-2750.0,-1.4957276579080525
2025-12-08,6882.8,6838.4,6818.0,6673.4,6809.364835207036,111.71428571428571,56.79012345679012,53.51877168824012,53.52490416198947,-0.006132473749346445,6948.843417869934,6687.156582130066,6818.0,261.6868357398671,72.62211534915836,70.16245583028501,77.54143438690505,-23.448275862068964,31.167196125371703,46.47587616563764,233683.0,2782918,181384.3,10137.0,5.597243618413428
2025-12-09,6856.4,6844.6,6819.2,6673.7,6806.568184234937,108.71428571428571,44.416873449131515,44.6416665545903,51.74825664050964,-7.106590085919336,6948.07464329377,6690.325356706229,6819.2,257.74928658754106,62.667617129323965,67.664176263298,52.674498861375895,-57.241379310344826,-18.220886070196148,0.0,232659.0,2521485,179488.4,-3152.0,-1.6481562820271467
2025-12-10,6824.0,6841.8,6817.8,6674.033333333334,6800.799785736372,104.0,44.75,34.465682001962705,48.29174171280025,-13.826059710837548,6949.323221883525,6686.276778116476,6817.8,263.0464437670489,46.12623750650584,60.484863344367284,17.40898583078294,-68.96551724137932,-48.55861205565414,2.00054032533272,244164.6,2129811,178177.45,6245.0,3.3201837398719736
2025-12-11,6806.0,6851.6,6816.8,6674.8,6802.24742519005,102.28571428571429,54.177215189873415,31.68431881113611,44.97025713246743,-13.285938321331322,6948.044408401761,6685.5555915982395,6816.8,262.48881680352133,43.449237702749926,54.80632146382816,20.73507018059344,-44.827586206896555,-1.9128268730718911,58.61423291081644,246159.25,2445991,177047.0,-259.0,-0.13327364320742108
2025-12-12,6795.6,6844.4,6814.4,6674.466666666666,6798.03338469576,100.71428571428571,49.152542372881356,24.51733262104517,40.87967223018298,-16.362339609137813,6948.206458816226,6680.593541183774,6814.4,267.6129176324521,34.81411168487422,48.142251537510184,8.157831979602292,-64.82758620689656,-43.099615495276,28.4393322138011,244325.4,2189550,176529.8,-2469.0,-1.2721689217737198
2025-12-15,6776.8,6829.8,6812.9,6675.666666666667,6796.696871867593,103.14285714285714,54.13533834586466,20.69684677272835,36.84310713869206,-16.146260365963713,6947.396174862028,6678.403825137972,6812.9,268.9923497240561,32.85853059693369,43.04767789065136,12.480236009498356,-55.86206896551724,-27.734052011816786,58.36274795736926,252208.1,2426858,176699.4,10368.0,5.4110193153766195
2025-12-16,6769.6,6813.0,6811.7,6675.533333333334,6791.678122165917,103.0,48.08184143222506,14.276843936893783,32.32985449833241,-18.053010561438626,6948.294829215116,6675.105170784884,6811.7,273.18965843023216,28.68534808157161,38.26023462095811,9.535575002798609,-69.65517241379311,-54.85452370571963,22.00940219900554,253831.9,2207906,177093.3,-5835.0,-2.8889428004178708
2025-12-17,6774.8,6799.4,6806.8,6675.7,6789.804015292972,100.28571428571429,53.58090185676393,11.317846342584744,28.12745286718288,-16.809606524598134,6941.608402049143,6671.991597950858,6806.8,269.6168040982848,30.922975417212932,35.81448155304305,21.139963145552684,-68.50393700787401,-39.72473269918265,55.033164796284645,246838.7,2433779,176761.8,-1078.0,-0.5496018190902507
2025-12-18,6784.0,6795.0,6808.4,6677.2,6796.679823360308,98.57142857142857,52.18579234972678,16.05005225766945,25.711972745280192,-9.661920487610743,6945.11391566599,6671.686084334009,6808.4,273.427831331981,48.948650278141955,40.192537794742684,66.46087524494051,-33.07086614173228,22.29103771972991,46.6550489727137,241812.65,2668159,177179.3,5031.0,2.579153508592058
2025-12-19,6846.4,6821.0,6824.4,6683.633333333333,6822.710316373611,105.0,58.33333333333333,36.167307008717216,27.8030395979676,8.364267410749616,7001.323890862091,6647.476109137909,6824.4,353.8477817241819,65.61672671247858,48.66726743398798,99.5156452694598,-1.0471204188481675,123.31736869300416,96.8994548492042,253917.4,3239675,181306.15,52986.0,26.48042179964516
2025-12-22,6941.2,6859.0,6848.7,6694.7,6864.166476718981,114.57142857142857,67.12871287128712,66.51367689049312,35.54516705647271,30.96850983402041,7109.119984680402,6588.280015319598,6848.7,520.8399693608044,76.27322010716964,57.86925165838186,113.08115700474518,-2.413793103448276,162.47493550242166,100.00000000000001,277407.55,3962751,187007.15,31217.0,12.33478609615104
2025-12-23,7052.8,6911.2,6877.9,6706.533333333334,6905.86490750765,118.71428571428571,68.76190476190476,93.04130369939958,47.044394385058084,45.996909314341494,7200.221774498217,6555.578225501782,6877.9,644.6435489964351,83.75064727748742,66.49638353141705,118.25917476962815,-1.2944983818770226,138.05041249090976,100.0,290811.2,4421850,192972.85,-999.0,-0.3513918493974644
2025-12-24,7157.2,6966.0,6903.9,6719.266666666666,6942.830154411684,122.71428571428571,68.37121212121212,112.12658050182654,60.060831608411775,52.065748893414764,7271.626385695579,6536.17361430442,6903.9,735.4527713911593,84.74827013503965,72.58034573262458,109.08411893986977,-13.256484149855908,121.35558587642569,98.39518530219493,302700.05,3954059,198774.15,-6379.0,-2.2516846159005177
2025-12-25,7256.4,7020.2,6935.9,6731.866666666667,6982.370139705809,124.85714285714286,76.7578125,130.9070500136786,74.23007528946515,56.67697472421345,7344.614493065757,6527.185506934242,6935.9,817.4289861315156,87.85477896008292,77.6718234751107,108.22068993002739,-5.932203389830509,106.17666862813131,100.0,307093.8,4328061,205331.6,1288.0,0.46511627906977715
2025-12-26,7353.6,7100.0,6972.2,6746.566666666667,7037.001554971923,137.28571428571428,79.37608318890815,159.924146639617,91.36888955949553,68.55525708012146,7462.190590672172,6482.209409327827,6972.2,979.9811813443448,89.67136451910496,81.67167048977545,105.67075257776398,-6.695464362850972,119.4500003901304,100.0,327269.65,4941249,211816.95,1741.0,0.6257907752472924
2025-12-29,7356.0,7148.6,6989.2,6756.8,7059.191883069835,151.85714285714286,68.25633383010432,158.0210269404006,104.69931703567654,53.321709904724045,7496.318837935814,6482.081162064185,6989.2,1014.2376758716291,80.58724517256385,81.31019538403825,79.14134474961506,-37.58099352051836,71.07849565428273,67.88620503757744,350155.6,4282932,216726.8,-30624.0,-10.93913534250881
2025-12-30,7358.8,7205.8,7009.4,6767.566666666667,7083.649798967946,157.71428571428572,71.04874446085671,158.39868498870146,115.43919062628153,42.95949436241993,7535.404362599382,6483.3956374006175,7009.4,1052.0087251987643,75.298038837784,79.3061432019535,67.281830109445,-32.6133909287257,60.81077310470408,73.39018854395766,359304.6,4615396,222156.05,-2965.0,-1.1892108693472347
2025-12-31,7352.0,7254.6,7027.0,6779.066666666667,7100.445056209094,155.14285714285714,66.56716417910448,152.4222212374998,122.8357967485252,29.5864244889746,7562.194209708179,6491.805790291821,7027.0,1070.3884194163584,67.95326174912319,75.5218493843434,52.81608647868276,-38.66090712742981,50.083796534205646,59.069406092677596,364371.6,4357707,224926.65,-16869.0,-6.847296639064782
2026-01-05,7322.4,7289.4,7042.2,6789.466666666666,7110.878860379657,161.0,66.96696696696696,142.01419725878077,126.67147685057631,15.342720408204457,7580.1851690382955,6504.214830961704,7042.2,1075.9703380765914,53.07159805831271,68.03843227566651,23.137929623605118,-44.06047516198704,34.214945757745646,60.34696632555048,369638.55,4073486,227254.5,923.0,0.40219442156772534
2026-01-06,7278.4,7316.0,7068.5,6803.333333333333,7132.3189689149285,166.14285714285714,69.27374301675978,142.292649158544,129.79571131216986,12.496937846374152,7610.105993902837,6526.894006097163,7068.5,1083.2119878056747,49.29291110223602,61.78992521785634,24.29888287099537,-30.453563714902806,48.09188048784219,67.71821394269458,375103.55,4449559,230181.8,9239.0,4.009738991554324
2026-01-07,7281.6,7318.8,7088.9,6817.133333333333,7146.955257589697,175.0,68.79334257975034,136.9006368388882,131.21669641751353,5.683940421374672,7631.02909707434,6546.770902925659,7088.9,1084.2581941486806,43.330260294052664,55.636703576588445,18.7173737289811,-35.85313174946004,40.85067640579474,61.07897237381508,382729.3,4054650,232494.55,-2154.0,-0.8987995142977545
2026-01-08,7252.0,7305.4,7108.3,6830.966666666666,7148.95951877163,180.57142857142858,62.92428198433421,121.70289913159286,129.31393696032939,-7.611037828736528,7631.31840563357,6585.28159436643,7108.3,1046.0368112671404,31.228437992178364,47.500615048451756,-1.3159161203684135,-52.570093457943926,21.714432418130276,39.49383880489133,387725.35,3693296,234859.5,-2108.0,-0.8875826845586743
2026-01-09,7247.6,7299.8,7132.9,6846.4,7157.439564602903,184.14285714285714,62.43386243386244,113.99295763292412,126.24974109484835,-12.256783461924229,7629.798125744428,6636.001874255571,7132.9,993.7962514888568,29.21790879268584,41.40637962986312,4.840967118331278,-49.608355091383814,15.789377004350568,19.486659912191854,383844.8,4007359,236327.35,-11697.0,-4.969178940571217
2026-01-12,7267.2,7294.8,7157.5,6861.933333333333,7171.778653688341,182.28571428571428,58.660844250363894,112.23738571649847,123.44727001917838,-11.20988430267991,7636.741286333117,6678.258713666883,7157.5,958.4825726662348,36.40168278486748,39.738147348197906,29.728753658206628,-58.27067669172932,33.04142928159221,0.0,387892.2,4404487,238071.9,5275.0,2.3581320911602477
2026-01-13,7256.4,7267.4,7183.7,6878.433333333333,7182.275924765642,176.57142857142858,50.990099009900995,107.50880503307053,120.25957702195682,-12.750771988886285,7626.921270627605,6740.478729372395,7183.7,886.44254125521,42.64385689931336,40.70671719856973,46.518136300800634,-66.14173228346456,22.394313261174492,0.0,389917.45,4107541,239310.8,-12582.0,-5.4950670178059
2026-01-14,7251.6,7266.6,7207.6,6895.0,7189.868693835581,177.14285714285714,48.31649831649832,100.98346341462366,116.4043543004902,-15.420890885866541,7609.715668093428,6805.484331906573,7207.6,804.2313361868546,44.66855417219182,42.027329523110424,49.95100347035461,-70.07874015748031,21.963260487408174,0.0,394515.05,3778281,240036.4,102.0,0.04713776705624895
2026-01-15,7244.0,7248.0,7226.9,6908.3,7184.166913470288,185.57142857142858,43.75,84.19029304786727,109.96154204996562,-25.771249002098344,7567.706412096697,6886.093587903302,7226.9,681.6128241933948,31.915788251546687,38.65681576592252,18.433733222795027,-96.06299212598425,-8.463684956917076,0.0,400439.05,3440849,240979.05,-1494.0,-0.6901043471030821
2026-01-16,7213.6,7230.6,7242.6,6918.9,7174.8176836159755,184.57142857142858,39.47368421052632,66.56384568875183,101.28200277772287,-34.71815708897104,7517.782924806704,6967.417075193297,7242.6,550.3658496134067,25.744546119587827,34.352725883810955,8.528186591141576,-91.0958904109589,-52.662833623299385,0.0,403913.75,3145482,240917.95,-21153.0,-9.83883346124328
2026-01-19,7173.2,7220.2,7254.8,6929.066666666667,7168.263618509692,171.57142857142858,29.802513464991023,53.59083028558507,91.74376827929531,-38.15293799371024,7475.097980017769,7034.502019982231,7254.8,440.59596003553816,23.348597756701164,30.684683174774356,8.676426920554775,-84.54935622317596,-64.67956333776252,0.0,401232.95,3326246,240090.2,-10302.0,-5.3146376946172635
2026-01-20,7163.2,7209.8,7262.9,6940.9,7174.333750080197,165.28571428571428,48.0083857442348,52.8673472171713,83.96848406687052,-31.101136849699216,7465.815486685347,7059.984513314652,7262.9,405.8309733706956,33.192258888411594,31.52054174598677,36.53569317326124,-48.46938775510204,-48.35028581098721,44.139480965105975,388110.7,3635317,236771.95,3176.0,1.7304129889942343
2026-01-21,7152.0,7201.8,7260.3,6950.566666666667,7177.349583405892,163.85714285714286,44.11134903640257,49.6239647878765,77.09958021107172,-27.475615423195222,7464.806183151703,7055.793816848297,7260.3,409.01236630340645,37.485938735380856,33.50900740911813,45.439801387906314,-55.10204081632653,-25.496049886633305,36.25130439031472,368936.4,3295727,231069.05,-16476.0,-8.824096488785106
2026-01-22,7204.0,7224.0,7264.7,6963.433333333333,7197.602004033903,172.14285714285714,56.120527306967986,61.19540060779764,73.91874429041691,-12.723343682619273,7476.635541342456,7052.764458657543,7264.7,423.87108268491284,56.24062582358724,41.0862135472745,86.54945037621272,-8.16326530612245,31.30352074992432,66.67644798715833,361780.0,3611698,224979.95,-8723.0,-5.123942669172932
2026-01-23,7288.4,7251.0,7275.4,6977.7,7227.163717935436,172.85714285714286,63.1858407079646,78.97706228314473,74.93040788896248,4.046654394182255,7513.55112406757,7037.24887593243,7275.4,476.30224813513996,70.27838703739835,50.81693804398245,109.20128502423015,-1.646090534979424,85.68769706318886,84.57635503649423,357719.55,3998280,219343.65,2677.0,1.6574106750373074
2026-01-26,7371.6,7272.4,7283.6,6993.266666666666,7255.243363846346,171.28571428571428,59.13555992141454,93.12534921074621,78.56939615331923,14.555953057426976,7543.982229161416,7023.217770838584,7283.6,520.7644583228321,77.67932569410516,59.77106726069002,113.49584256093544,-7.518796992481203,95.2751159488821,75.23063018252152,356706.8,4352027,212435.75,-24144.0,-14.704556804755352
2026-01-27,7382.4,7272.8,7270.1,7004.4,7258.172567289551,177.0,50.0,84.3227210291152,79.72006112847843,4.602659900636766,7496.840658717619,7043.359341282382,7270.1,453.48131743523663,67.82631738003,62.45615063380335,78.56665087248334,-51.8796992481203,29.28383385880319,60.50171808222047,342463.45,4023706,204521.95,-18377.0,-13.1217422349161
2026-01-28,7419.6,7285.8,7276.2,7016.933333333333,7270.9180370714985,176.71428571428572,59.39597315436242,84.9209727839152,80.76024345956579,4.160729324349418,7509.401606927556,7042.998393072444,7276.2,466.40321385511197,67.89924918067163,64.27051681609278,75.15671390982934,-31.954887218045112,35.89999730671277,88.6474241287622,323675.55,4306265,196794.2,-26903.0,-22.11090381596574
2026-01-29,7417.6,7310.8,7279.4,7028.933333333333,7281.306795445642,176.57142857142858,56.261022927689595,83.46466321535172,81.30112741072298,2.1635358046287365,7516.622879876188,7042.177120123812,7279.4,474.44575975237603,67.19599068185126,65.2456747713456,71.09662250286257,-34.21052631578947,42.44418339520851,79.25665788231902,317251.55,4102281,188125.95,-21775.0,-22.97668038408779
2026-01-30,7396.0,7342.2,7286.4,7041.433333333333,7292.6109101651045,189.42857142857142,54.24354243542435,82.96795727741392,81.63449338406117,1.333463893352743,7529.404353437102,7043.395646562897,7286.4,486.008706874205,62.41637474028179,64.30257476099099,58.64397469886339,-47.142857142857146,92.33487672196163,73.21328036760508,319687.6,4408691,190264.85,199274.0,272.99678060141105
2026-02-02,7321.6,7346.6,7283.4,7046.933333333333,7279.028918720809,205.85714285714286,44.95412844036697,61.69027647387338,77.64565000202361,-15.955373528150233,7531.7973048415415,7035.002695158458,7283.4,496.79460968308376,42.28659216919687,56.96391389705962,12.931948713471385,-82.85714285714286,-13.991080686503606,45.386773059192336,324078.45,4036653,192116.65,-4819.0,-1.7699407571188819
2026-02-03,7305.6,7344.0,7276.9,7054.033333333334,7272.073783604541,204.42857142857142,47.916666666666664,48.78394220928931,71.87330844347676,-23.08936623418745,7526.303414487061,7027.4965855129385,7276.9,498.80682897412225,32.019890274960076,48.64923935635977,-1.2388078878393145,-74.85714285714286,-33.14409752468924,54.261077902258094,316998.0,4271117,194024.95,10369.0,3.8769863525892623
2026-02-04,7286.4,7353.0,7277.4,7061.433333333333,7274.352470880299,198.57142857142858,56.37480798771122,45.295686677671256,66.55778409031566,-21.262097412644408,7526.920297665898,7027.879702334101,7277.4,499.0405953317968,30.242989913036446,42.513822875252,5.701323988605338,-62.0,-1.639126897283229,79.59750185869521,309066.1,4507388,196006.25,-694.0,-0.2498029292453019
2026-02-05,7250.4,7334.0,7279.0,7068.833333333333,7267.271283177412,199.42857142857142,54.20974889217134,34.38841312238492,60.123909896729515,-25.735496774344597,7525.963879736789,7032.036120263211,7279.0,493.9277594735777,23.652984266348625,36.22687667228421,-1.4948005455225513,-75.71428571428571,-24.31338840101594,73.11205156255801,301954.65,4288263,197499.25,-11874.0,-4.284709066305814
2026-02-06,7222.8,7309.4,7280.2,7076.966666666666,7266.769256208136,206.57142857142858,55.58739255014327,30.39680662610772,54.17848924260515,-23.781682616497434,7526.5575493163815,7033.842450683618,7280.2,492.71509863276333,22.750638159547734,31.73479716803872,4.782320142565759,-66.85714285714286,-19.64290897482645,60.164347817720454,299984.25,4562918,199491.85,-1705.0,-0.6427873975969889
2026-02-09,7250.8,7286.2,7279.3,7084.533333333334,7268.981707997837,202.0,52.23420647149461,29.156695478015536,49.17413048968723,-20.017435011671694,7525.361267509397,7033.238732490603,7279.3,492.1225350187942,23.725650664923712,29.065081667000385,13.046788660770375,-74.32432432432432,-8.047743277212476,42.58492218276162,292330.45,4806970,201366.1,2908.0,1.1034126869692518
2026-02-10,7271.2,7288.4,7280.6,7092.9,7272.6977358075665,206.14285714285714,53.95348837209302,29.288725826626433,45.197049557075076,-15.908323730448643,7526.995830449844,7034.204169550157,7280.6,492.7916608996875,25.389172515354545,27.83977861645177,20.487960313160094,-71.28378378378379,12.871576138511811,49.36102434942542,292481.65,5106940,203833.8,-713.0,-0.267588401750396
2026-02-11,7287.6,7287.0,7286.4,7102.3,7282.726522873513,197.14285714285714,49.48979591836734,34.64243933819762,43.08612751329959,-8.443688175101968,7536.387283886948,7036.412716113051,7286.4,499.97456777389743,30.439628523749874,28.706395252217803,33.90609506681402,-59.45945945945946,29.322993392532137,24.877901819794513,285081.85,5288204,206272.3,-482.0,-0.18137961398504432
2026-02-12,7310.0,7280.2,7295.5,7111.366666666667,7285.514473076036,193.85714285714286,41.28113879003559,33.17720132773957,41.10434227618759,-7.92714094844802,7534.525653765042,7056.474346234958,7295.5,478.05130753008416,36.77035840977264,31.39438297140275,47.522309286512424,-70.60810810810811,26.938226487547034,0.0,276731.65,5117776,208627.85,-3153.0,-1.1886495839914968
2026-02-13,7304.8,7263.8,7303.0,7117.466666666666,7280.798808973556,192.57142857142858,37.94266441821248,25.58845700242091,38.001165221434256,-12.412708219013346,7523.003827717696,7082.996172282304,7303.0,440.00765543539273,34.53535876555649,32.44137490278733,38.72332649109481,-83.44594594594595,-29.58236141838925,0.0,271257.9,4931884,211728.25,-6256.0,-2.3868205992995217
2026-02-24,7342.4,7296.6,7321.6,7128.266666666666,7299.579874785599,194.28571428571428,58.05369127516779,38.656096553781026,38.13215148790361,0.5239450658774132,7534.254798106714,7108.945201893287,7321.6,425.30959621342663,49.915682011176145,38.26614393891694,73.21475815569454,-42.567567567567565,70.26082204807956,93.74324074806785,272173.2,5130954,215675.0,6625.0,2.5894078561657263
2026-02-25,7367.2,7319.2,7331.6,7139.633333333333,7312.191315282209,190.14285714285714,51.76678445229681,44.784234703094626,39.46256813094182,5.321666572152807,7545.321313864371,7117.878686135629,7331.6,427.4426277287421,56.465527137885545,44.332605005239806,80.73137140317702,-50.33783783783784,68.50441726949093,68.73900637899709,267182.2,4921703,219771.4,6169.0,2.3503190780074235
2026-02-26,7368.0,7327.8,7340.4,7149.8,7318.839761445808,190.0,50.085470085470085,45.08651690323313,40.58735788540008,4.499159017833051,7546.711364076926,7134.0886359230735,7340.4,412.6227281538522,56.8063256603617,48.49051189028043,73.43795320052425,-58.78378378378378,32.119625483858115,60.37884466877964,263585.3,4654051,225321.8,12604.0,4.691710963207818
2026-02-27,7384.4,7347.2,7340.6,7161.066666666667,7325.99787940335,171.57142857142858,49.74182444061962,45.76680618364753,41.62324754504957,4.143558638597959,7547.1214656867105,7134.07853431329,7340.6,413.0429313734203,57.18712308981378,51.389382290124885,68.78260468919157,-39.04761904761905,6.813857404091578,58.67010225947984,260544.45,4909205,230870.35,-8760.0,-3.1146888155649144
2026-03-02,7504.4,7404.6,7357.0,7178.766666666666,7374.569509936364,179.28571428571428,75.33234859675036,81.03749657504159,49.50609735104797,31.531399223993617,7652.44328870702,7061.55671129298,7357.0,590.8865774140395,70.56522491701871,57.78132983242283,96.13301508621046,-2.535211267605634,142.12384652885564,100.0,266945.65,5423811,236537.45,5048.0,1.8525586447843523
2026-03-03,7605.6,7474.0,7380.1,7199.866666666667,7432.610508990044,191.71428571428572,76.90179806362379,119.55399193496578,63.51567626783154,56.03831566713424,7782.682139379387,6977.517860620614,7380.1,805.1642787587734,77.35338501648565,64.30534822711043,103.44945859523608,-8.695652173913043,161.05915552519613,100.0,278655.45,6011754,242805.1,-12133.0,-4.371685114723856
2026-03-04,7736.8,7552.0,7420.2,7220.833333333333,7495.028555752897,207.28571428571428,77.12328767123287,156.66459095558912,82.14545920538306,74.51913175020606,7929.058619595619,6911.34138040438,7420.2,1017.7172391912391,79.79322240974433,69.46797295465507,100.44372131992287,-14.8014440433213,140.9222372727807,100.0,293460.5,6636176,249270.1,-14430.0,-5.437014653187788
2026-03-05,7929.2,7648.6,7467.8,7244.4,7575.882979014526,248.28571428571428,85.30864197530865,204.37614755629966,106.59159687556638,97.78455068073328,8122.700104877333,6812.899895122668,7467.8,1309.800209754665,80.16855495839965,73.03483362256993,94.43599763005909,-18.58887381275441,136.369790454597,100.0,320594.75,7461420,257390.0,6195.0,2.468393014387993
2026-03-06,8184.4,7784.4,7532.3,7273.7,7680.084600060762,269.57142857142856,87.36730360934183,265.4336218439639,138.36000186924588,127.07361997471804,8377.29993148547,6687.30006851453,7532.3,1689.9998629709398,86.11990292895194,77.39652339136394,103.56666200412795,-1.8300653594771241,131.31041953634485,100.0,348224.05,8217990,267554.05,19108.0,7.430162384122441
2026-03-09,8422.8,7963.6,7613.7,7309.033333333334,7808.45749529307,282.85714285714283,89.25022583559169,338.80419432753024,178.44884036090275,160.3553539666275,8687.670910122522,6539.729089877476,7613.7,2147.941820245046,90.74660195263463,81.84654957845417,108.54670670099554,-0.0,137.55196183539678,100.0,346335.45,8486628,267772.15,355.0,0.1284946937120779
2026-03-10,8606.4,8106.0,7701.3,7342.3,7912.604400503254,398.42857142857144,84.3238587424634,382.37596257730456,219.2342648041831,163.14169777312145,8895.138409236508,6507.461590763493,7701.3,2387.6768184730145,81.13993646995215,81.61101187562016,80.19778565861611,-36.671575846833576,110.36940490496072,90.39836048130792,367829.1,7684717,265431.65,-55991.0,-20.240320137656298
2026-03-11,8895.2,8316.0,7817.6,7387.666666666667,8066.8325528362775,459.0,87.36988202637058,462.412237273541,267.86985929805473,194.54237797548626,9239.649284807314,6395.550715192688,7817.6,2844.0985696146263,82.7630157506103,81.99501316728355,84.29902091726379,-13.475699558173785,108.09250288027694,96.33515264168413,390366.55,8369930,263205.5,12656.0,5.736040609137061
2026-03-12,9270.0,8599.6,7963.7,7443.333333333333,8271.705643042347,497.7142857142857,91.49057681324958,574.5727118956793,329.21042981757967,245.3622820780996,9721.001412004078,6206.398587995923,7963.7,3514.602824008155,88.50867716707353,84.16623450054686,97.19356250012686,-0.0,129.48024761291717,100.0,431906.4,9436998,262991.6,39551.0,16.95314107400041
2026-03-13,9539.6,8862.0,8104.6,7497.3,8438.01939132403,539.8571428571429,88.36183121897407,639.9454744982577,391.3574387537153,248.58803574454237,10046.295883825042,6162.904116174959,8104.6,3883.3917676500823,86.51745267291514,84.9499738913363,89.6524102360728,-14.766355140186915,108.20434485133475,92.50577462447316,496498.15,7926038,261612.7,-35174.0,-12.89147397625776
2026-03-16,9770.0,9096.4,8250.5,7554.533333333334,8603.922306436027,577.1428571428571,88.09926677946983,696.7937018991597,452.4446913828042,244.34901051635552,10357.128286348132,6143.871713651869,8250.5,4213.256572696263,85.8683581130725,85.25610196524838,87.09287040872073,-12.658227848101266,95.75563110877543,91.87685896931605,530795.8,8886646,260055.0,-5281.0,-2.22196042461702
2026-03-17,9993.2,9299.8,8386.9,7607.9,8738.59637248974,612.7142857142857,85.30857454942654,720.4691655106999,506.0495862083834,214.4195793023165,10583.037269221375,6190.762730778623,8386.9,4392.274538442752,83.37771758391915,84.62997383813862,80.8732050754802,-17.540687160940326,74.08215897523833,85.19236644811477,560977.25,8038965,257736.4,-12310.0,-5.2970842369788995
2026-03-18,10061.6,9478.4,8515.2,7659.833333333333,8846.730051300241,645.7142857142857,83.17358892438764,719.3206636050909,548.703801687725,170.6168619173659,10745.496803472337,6284.9031965276645,8515.2,4460.5936069446725,79.24621619903164,82.83538795843629,72.06787268022234,-21.880650994575046,67.15943799121213,80.07847560418486,584123.35,7276073,255469.85,328.0,0.1490353595478
2026-03-19,10000.8,9635.4,8642.0,7712.0,8948.374808319266,683.1428571428571,83.29809725158563,713.414336885824,581.6459087273448,131.7684281584792,10888.37326419837,6395.62673580163,8642.0,4492.746528396739,77.0247889501671,80.89852162234655,69.27732360580822,-21.397379912663755,64.58357916748251,49.29840418209602,613429.75,8043465,252818.75,-8173.0,-3.708089469624787
2026-03-20,9933.6,9736.6,8760.5,7760.966666666666,9018.243874193622,701.0,75.82540570789033,682.1496725116322,601.7466614842024,80.40301102742978,10961.039216216162,6559.960783783837,8760.5,4401.078432432326,72.4529768061066,78.08334001693324,61.19225038445333,-32.53012048192771,41.134078004994606,0.0,639462.6,7352380,249624.9,-14008.0,-6.600168679353747
2026-03-23,9975.6,9872.8,8918.2,7821.266666666666,9148.887314746611,745.7142857142857,79.10014513788099,706.359412132857,622.6692116139334,83.69020051892358,11110.77383960159,6725.626160398411,8918.2,4385.147679203179,78.16997133608427,78.11221712331691,78.285479761619,-7.7149155033063925,61.30048360649157,20.904587686695177,659964.05,7948301,247058.05,6284.0,3.1700709785147385
2026-03-24,9913.6,9953.4,9029.7,7868.7,9202.136141913601,779.8571428571429,67.19015280135824,662.8729185354368,630.7099529982341,32.162965537202695,11139.128368564636,6920.271631435366,9029.7,4218.85673712927,63.42195619936483,73.21546348199955,43.83494163409537,-33.11061618411284,38.839271229393674,0.0,681206.4,7324384,243015.45,-22890.0,-11.19244253421543
2026-03-25,9839.2,9950.4,9133.2,7909.233333333334,9230.694604588496,791.1428571428571,62.41956241956242,604.8151481267978,625.5309920239469,-20.715843897149057,11111.620167177523,7154.779832822478,9133.2,3956.8403343550453,52.82509823834783,66.41867506744897,25.63794458014553,-43.884892086330936,18.18874936178155,0.0,697667.35,6785914,238197.5,-9338.0,-5.141419313633189
2026-03-26,9811.2,9906.0,9252.8,7951.166666666667,9282.437975580067,788.0,61.979166666666664,574.1338163465043,615.2515568884584,-41.11774054195405,11067.943039165668,7437.65696083433,9252.8,3630.286078331338,51.40602232079146,61.4144574852298,31.38915199191476,-33.01358912869704,23.953127920002075,0.0,703279.45,7165808,232583.3,-3321.0,-1.927619932089275
2026-03-27,9858.0,9895.8,9378.9,7994.733333333334,9342.777216001014,790.7142857142857,60.10928961748634,554.8805357055735,603.1773526518814,-48.2968169463079,10989.176720253225,7768.623279746775,9378.9,3220.55344050645,53.69756734576151,58.842160772073704,43.40838049313713,-27.33812949640288,32.52214556278793,0.0,719209.3,7739559,227824.0,8338.0,4.934779006178824
2026-03-30,9748.0,9861.8,9479.1,8037.166666666667,9390.13176685806,689.8571428571429,60.80147397512667,527.4099535999376,588.0238728414927,-60.613919241555095,10926.273637419545,8031.926362580456,9479.1,2894.3472748390886,53.623915525071524,57.10274568973965,46.66625519573526,-37.62376237623762,33.63777296388763,2.2057232812737535,716905.3,7271033,222053.65,-15173.0,-8.55771508499622
2026-03-31,9746.4,9830.0,9564.9,8076.2,9419.643027157292,659.8571428571429,52.18068535825545,488.70895675250176,568.1608896236945,-79.45193287119275,10830.993852013064,8298.806147986936,9564.9,2532.187704026128,50.62496180390356,54.94348439446095,41.98791662278879,-56.039850560398506,18.431270511937434,0.0,707711.3,6866970,216037.3,-17053.0,-10.518167631947396
2026-04-01,9684.0,9761.6,9620.0,8103.433333333333,9397.772262666122,660.4285714285714,36.01741022850924,412.13456940191827,536.9556255793393,-124.82105617742104,10697.308146309717,8542.691853690283,9620.0,2154.616292619434,37.879768046260196,49.255578945060705,15.128146248659178,-87.79576587795766,-16.790502343789882,0.0,703386.5,6329044,210772.35,598.0,0.4121977446303937
2026-04-02,9673.2,9742.2,9688.8,8144.266666666666,9428.460618602681,657.4285714285714,46.28057913130304,389.7229033078511,507.5090811250417,-117.7861778171906,10583.2238015852,8794.376198414799,9688.8,1788.8476031704013,40.55027098574953,46.35380962529031,28.943193706667955,-54.794520547945204,-5.753031591351781,19.705843037203536,683334.65,6753251,204924.65,-5460.0,-3.7480950615758513
2026-04-03,9690.0,9774.0,9755.3,8189.0,9482.89294064052,645.4285714285714,47.8176527643065,390.0588013446031,484.019025168954,-93.96022382435086,10519.005399249032,8991.594600750966,9755.3,1527.4107984980656,55.11838277888606,49.27533400982223,66.80448031701371,-36.40960809102402,7.713663804632481,23.939873805719145,671035.8,7263844,198001.55,-2400.0,-1.7116693054901821
2026-04-07,9698.0,9723.0,9797.9,8232.666666666666,9520.71266057952,618.0,48.309652131308184,376.3042052042274,462.4760611760087,-86.17185597178133,10481.652463673052,9114.147536326947,9797.9,1367.5049273461045,61.77383710682799,53.44150170882415,78.43850790283568,-43.99494310998736,24.64773478774359,25.998441809442067,672282.65,6970269,190620.85,-8797.0,-6.3832411801413524
2026-04-08,9560.0,9653.2,9803.3,8262.666666666666,9472.073359571947,662.1428571428571,41.01497504159734,291.83773580417073,428.34839610164113,-136.5106602974704,10458.365155457652,9148.234844542347,9803.3,1310.130310915305,46.2360080226278,51.039670480092035,36.62868310769933,-88.2750845546787,-88.27414228688993,10.569991951785568,652157.85,6570854,185256.65,-15661.0,-12.138710402505094
2026-04-09,9568.8,9626.4,9788.4,8294.3,9449.399706279379,644.4285714285714,43.18910256410256,240.20346221946238,390.71940932520545,-150.51594710574307,10481.87831142803,9094.921688571969,9788.4,1386.9566228560616,41.31963217057597,47.79965771025334,28.35958109122123,-75.64825253664036,-110.28829712749405,16.646325612056884,630004.7,6813004,178972.15,-5750.0,-5.072514908782955
2026-04-10,9414.8,9544.0,9725.0,8322.033333333333,9401.837829490867,628.2857142857143,42.743854084060274,174.35662722039524,347.4468529042434,-173.0902256838482,10482.0441132944,8967.9558867056,9725.0,1514.0882265887994,31.14214545093792,42.24715362381487,8.932129105184032,-91.65727170236754,-104.80273908993495,15.612852502750087,588927.1,6567488,170550.85,-3185.0,-2.9598721260896244
2026-04-13,9217.6,9453.8,9674.8,8352.8,9364.90089334888,594.0,34.363636363636374,125.88566957473995,303.13461623834274,-177.2489466636028,10481.557147310676,8868.042852689323,9674.8,1613.5142946213527,26.273650789444833,36.92265267902486,4.9756470102847885,-84.7041847041847,-87.91957669004358,0.0,523710.55,6774117,163473.45,-8296.0,-7.944762068932498
2026-04-14,9118.0,9408.0,9634.9,8388.533333333333,9366.529379696605,565.1428571428571,46.010768477728824,115.83137888854617,265.6739687683834,-149.84258987983725,10414.94531582265,8854.85468417735,9634.9,1560.0906316453002,32.59637041709219,35.480558591713965,26.827994067848635,-57.72594752186589,-56.700929713110646,41.51398207592693,495841.45,7177343,156981.4,6426.0,6.685045513654098
2026-04-15,9235.6,9397.8,9613.9,8426.7,9388.574200677882,541.0,51.171875,123.86483913282609,237.31214284127196,-113.44730370844587,10372.848275056042,8854.951724943958,9613.9,1517.8965501120838,42.42774148450971,37.79628622264588,51.690652008237365,-41.98250728862974,-4.873259140790013,60.86516699814827,478712.35,7682442,151424.4,6391.0,6.232021140700716
2026-04-16,9314.4,9441.6,9601.6,8465.8,9411.37665775618,526.4285714285714,48.10586403736378,131.14045796657592,216.07780586633277,-84.93734789975684,10350.709337813925,8852.490662186075,9601.6,1498.2186756278497,49.76202006403611,41.78486416977596,65.71633185255641,-39.795918367346935,0.8887271337834761,51.97939360878297,452576.3,7922613,144939.2,-18236.0,-16.73918231719631
2026-04-17,9432.8,9423.8,9583.0,8503.8,9423.816976065114,516.5714285714286,45.07635597682991,128.48585211875616,198.55941511681746,-70.0735629980613,10317.78561141115,8848.21438858885,9583.0,1469.5712228222983,52.415449673475976,45.3283926710093,66.58956367840935,-46.06413994169096,4.098656450468759,40.52040779816887,422903.45,7748678,138489.25,-7468.0,-8.233192953057134
2026-04-20,9494.8,9356.2,9565.1,8540.366666666667,9414.310597392247,523.2857142857143,43.45177664974619,107.55149309702938,180.35783071285988,-72.8063376158305,10307.137564661276,8823.062435338725,9565.1,1484.0751293225512,49.02130301856327,46.559362786860625,53.945183481968556,-59.28237129485179,-41.56473040414546,51.00811188684796,399611.35,7523435,135297.45,51155.0,61.4563060140801
2026-04-21,9472.0,9295.0,9509.0,8576.733333333334,9400.376254783461,501.0,44.398340248962654,85.45703525269164,161.37767162082622,-75.92063636813458,10151.414524316384,8866.585475683616,9509.0,1284.8290486327678,46.87228782095637,46.663671131559205,47.289521199750695,-63.650546021840874,-46.19886171424965,59.701103146029794,380569.0,7308361,132421.95,12610.0,9.382929170418098
2026-04-22,9407.6,9321.6,9487.4,8612.9,9388.530897185035,465.14285714285717,51.282051282051285,67.81086987319395,142.66431127129977,-74.85344139810582,10130.691666680881,8844.108333319118,9487.4,1286.583333361763,45.703637425192035,46.34365989610348,44.42359248336915,-63.026521060842434,-32.92069259597732,100.0,358324.3,7487384,130808.9,2359.0,1.604729155187301
2026-04-23,9386.4,9350.4,9488.4,8651.066666666668,9401.24224031027,444.2857142857143,46.77524429967427,72.83668480523193,128.6987859780862,-55.86210117285427,10131.849388677529,8844.95061132247,9488.4,1286.898777355058,52.71398957597836,48.467103122728446,61.20776248247819,-43.8377535101404,-1.7037677785739227,73.36152940975833,349525.5,7849878,130759.4,21933.0,14.684457894243508
2026-04-24,9358.8,9395.8,9469.9,8687.7,9401.504884090244,412.0,39.75240715268226,66.53113599352037,116.26525598117304,-49.734119987652676,10099.910826974645,8839.889173025354,9469.9,1260.0216539492903,51.994924008335985,49.64304341793096,56.69868518914602,-53.042121684867396,-7.261704245195944,31.851511001662796,343229.0,7595914,130912.85,738.0,0.43083569281063827
2026-04-27,9424.4,9459.6,9456.7,8725.4,9425.361561795935,417.42857142857144,46.245059288537554,80.61617739752364,109.13544026444316,-28.51926286691952,10057.753496174151,8855.64650382585,9456.7,1202.106992348301,59.70558385665716,52.99722356417303,73.12230444162543,-31.22977346278317,23.86483140524356,70.2277546814909,329303.25,7891150,131565.85,18329.0,10.654351200060464
2026-04-28,9538.4,9505.2,9456.6,8764.233333333334,9464.660460672514,346.42857142857144,67.60204081632654,105.57037020809548,108.42242625317363,-2.852056045078143,10057.385590968861,8855.81440903114,9456.6,1201.5711819377211,72.13954967002414,59.377998932790064,97.66265114449229,-2.34375,60.91219751629064,100.0,320911.75,8191846,133769.5,15840.0,8.320988432565324
2026-04-29,9655.2,9531.4,9464.6,8803.2,9502.31184537037,337.14285714285717,64.55813953488371,125.6732805843767,111.87259711941425,13.800683464962447,10083.034151708986,8846.165848291015,9464.6,1236.8683034179703,74.60065405436997,64.45221730665003,94.89752754980987,-16.775244299674267,82.66885236403496,90.84221601017173,320496.55,8587605,137018.5,3854.0,1.8690410374293087
2026-04-30,9723.6,9555.0,9498.3,8846.166666666666,9536.758336287478,316.14285714285717,74.43850267379679,140.31033822295285,117.56014534012198,22.750192882830873,10127.098386230697,8869.501613769302,9498.3,1257.5967724613947,76.37392841530563,68.42612100953522,92.26954322684645,-16.86143572621035,71.44575647444432,100.0,306779.15,8851183,139842.5,-7902.0,-3.7618539817953267
2026-05-06,9830.4,9594.6,9509.2,8888.6,9574.971828069623,303.42857142857144,74.57446808510639,156.0822741138818,125.26457109487394,30.81770301900785,10161.305771207493,8857.094228792508,9509.2,1304.2115424149852,79.70060046450368,72.18428082785803,94.73323973779497,-11.469534050179211,65.38773253824024,100.0,296245.85,9064724,143982.05,20851.0,10.314413763764252
2026-05-07,9780.8,9602.6,9479.4,8922.333333333334,9558.688796824898,309.7142857142857,50.537634408602145,124.06219797015001,125.02409646992916,-0.9618984997791529,10090.23563126349,8868.56436873651,9479.4,1221.6712625269793,60.32172732388713,68.2300963265344,44.50498931859261,-65.8051689860835,7.63741544355028,30.97239786252098,286197.2,8755104,148036.7,-4098.0,-1.8376269590367977
2026-05-08,9652.0,9595.2,9445.1,8952.233333333334,9523.956530460622,296.57142857142856,40.09803921568627,80.80929275246672,116.18113572643668,-35.37184297396996,10037.998997344948,8852.201002655052,9445.1,1185.7979946898959,41.17959252921355,59.21326172742745,5.1122541327857505,-86.67992047713717,-31.018584145930564,0.992566360947867,289306.6,8399341,152077.5,-9074.0,-4.145139260051067
