date,symbol,close,volume,open_interest,roll_yield
20250526,NR2506,12705.0,15757.0,13334.0,-0.0568048398023876
20250526,NR2507,12645.0,134736.0,60115.0,-0.1335997895081531
20250526,NR2508,12505.0,29819.0,29041.0,-0.0915115813567983
20250526,NR2509,12410.0,23591.0,27022.0,-0.0241984353023156
20250526,NR2510,12385.0,4948.0,4373.0,0.0338641627681177
20250526,NR2511,12420.0,234.0,1026.0,0.0144840090004234
20250526,NR2512,12435.0,119.0,872.0,0.0625628046346505
20250526,NR2601,12500.0,296.0,2574.0,-0.0673888654276289
20250526,NR2602,12430.0,11.0,37.0,0.1677678614071597
20250526,NR2603,12605.0,11.0,44.0,-0.0668259483555168
20250526,NR2604,12535.0,9.0,27.0,0.0668259483555183
20250526,NR2605,12605.0,4.0,7.0,0.0
20250527,NR2506,13020.0,15386.0,9316.0,-0.0971665227914323
20250527,NR2507,12915.0,165882.0,64277.0,-0.1778503693346079
20250527,NR2508,12725.0,32948.0,33160.0,-0.0994284638822327
20250527,NR2509,12620.0,21972.0,27973.0,-0.0571883528761734
20250527,NR2510,12560.0,5486.0,3968.0,-0.0047780211660509
20250527,NR2511,12555.0,690.0,1240.0,0.0334062653604882
20250527,NR2512,12590.0,1003.0,1083.0,0.0570524054072819
20250527,NR2601,12650.0,1184.0,2750.0,0.0236920116446112
20250527,NR2602,12675.0,12.0,37.0,-0.0331819291024253
20250527,NR2603,12640.0,20.0,40.0,0.0521019172551656
20250527,NR2604,12695.0,10.0,25.0,0.0141704405366512
20250527,NR2605,12710.0,10.0,8.0,0.0
20250528,NR2506,12370.0,9536.0,6428.0,-0.121877952003185
20250528,NR2507,12245.0,206531.0,57246.0,-0.1578321149842164
20250528,NR2508,12085.0,47587.0,33917.0,-0.1097264503016092
20250528,NR2509,11975.0,33161.0,30140.0,-0.0301003502304726
20250528,NR2510,11945.0,4006.0,4411.0,0.0
20250528,NR2511,11945.0,846.0,1369.0,0.0100418415901833
20250528,NR2512,11955.0,297.0,1221.0,0.0300752037127144
20250528,NR2601,11985.0,847.0,2994.0,0.3405533914788627
20250528,NR2602,12330.0,3.0,36.0,-0.325544008659031
20250528,NR2603,12000.0,8.0,38.0,0.198351623414526
20250528,NR2604,12200.0,4.0,24.0,0.093080687147339
20250528,NR2605,12295.0,5.0,8.0,0.0
20250529,NR2506,12690.0,5012.0,4981.0,-0.104472365448022
20250529,NR2507,12580.0,182135.0,52829.0,-0.2068602035869793
20250529,NR2508,12365.0,37137.0,37428.0,-0.1366423873493253
20250529,NR2509,12225.0,27221.0,31842.0,-0.0689091311141889
20250529,NR2510,12155.0,2864.0,4582.0,-0.049464208536778
20250529,NR2511,12105.0,815.0,1273.0,-0.024808774600235
20250529,NR2512,12080.0,689.0,1165.0,0.0594551174962007
20250529,NR2601,12140.0,1002.0,3007.0,-0.0346463428959647
20250529,NR2602,12105.0,27.0,37.0,0.0839682372378993
20250529,NR2603,12190.0,11.0,35.0,-0.1038111520528055
20250529,NR2604,12085.0,12.0,25.0,0.1333072750560357
20250529,NR2605,12220.0,4.0,8.0,0.0
20250530,NR2506,11905.0,3305.0,3910.0,-0.0403870806131902
20250530,NR2507,11865.0,215775.0,50106.0,-0.1885789498517504
20250530,NR2508,11680.0,53425.0,36902.0,-0.1395064151234678
20250530,NR2509,11545.0,37695.0,35044.0,0.0
20250530,NR2510,11545.0,4018.0,5133.0,-0.0677526229804595
20250530,NR2511,11480.0,1126.0,1210.0,-0.0523789570164131
20250530,NR2512,11430.0,1410.0,1372.0,0.0628273686473393
20250530,NR2601,11490.0,1463.0,3172.0,0.0208695704775227
20250530,NR2602,11510.0,14.0,39.0,0.0520156861252803
20250530,NR2603,11560.0,7.0,33.0,0.0414508184170512
20250530,NR2604,11600.0,3.0,25.0,0.2710535013048961
20250530,NR2605,11865.0,2.0,8.0,0.0
20250603,NR2506,11825.0,1010.0,3540.0,-0.0152316500247091
20250603,NR2507,11810.0,115699.0,48296.0,-0.1431022069296761
20250603,NR2508,11670.0,36926.0,37364.0,-0.0721961782337476
20250603,NR2509,11600.0,22303.0,34682.0,-0.0414508184170506
20250603,NR2510,11560.0,3346.0,5701.0,-0.0155810452532733
20250603,NR2511,11545.0,405.0,1162.0,-0.0103986141688997
20250603,NR2512,11535.0,330.0,1278.0,0.0467229662295868
20250603,NR2601,11580.0,373.0,3201.0,-0.0831892413077374
20250603,NR2602,11500.0,10.0,41.0,0.0260586421620951
20250603,NR2603,11525.0,13.0,36.0,0.0052049447790646
20250603,NR2604,11530.0,9.0,22.0,0.0933050057135693
20250603,NR2605,11620.0,1.0,8.0,0.0
20250604,NR2506,12000.0,1470.0,2650.0,0.0199833518287349
20250604,NR2507,12020.0,159633.0,43672.0,-0.1153613900188249
20250604,NR2508,11905.0,45315.0,39795.0,-0.0758376233823685
20250604,NR2509,11830.0,26273.0,35510.0,-0.0355555815678848
20250604,NR2510,11795.0,4387.0,6301.0,0.0050858233437675
20250604,NR2511,11800.0,306.0,1183.0,-0.0407470680136579
20250604,NR2512,11760.0,175.0,1204.0,0.0
20250604,NR2601,11760.0,450.0,3262.0,0.0
20250604,NR2602,11760.0,12.0,43.0,0.0559916180206841
20250604,NR2603,11815.0,13.0,37.0,0.0354954833072272
20250604,NR2604,11850.0,16.0,22.0,-0.0405748484624308
20250604,NR2605,11810.0,7.0,10.0,0.0
20250605,NR2506,11940.0,300.0,2570.0,0.0250993607505687
20250605,NR2507,11965.0,128894.0,42118.0,-0.14123744378808
20250605,NR2508,11825.0,31238.0,40997.0,-0.0865694397365546
20250605,NR2509,11740.0,16661.0,36281.0,-0.0307036414838923
20250605,NR2510,11710.0,2695.0,6567.0,-0.0410607757339359
20250605,NR2511,11670.0,89.0,1171.0,-0.0257345155459236
20250605,NR2512,11645.0,93.0,1189.0,0.0257345155459233
20250605,NR2601,11670.0,267.0,3189.0,0.0308087460629488
20250605,NR2602,11700.0,16.0,36.0,0.0307298503400838
20250605,NR2603,11730.0,5.0,32.0,-0.0153550884675009
20250605,NR2604,11715.0,5.0,20.0,0.0204690881187338
20250605,NR2605,11735.0,4.0,9.0,0.0
20250606,NR2506,12000.0,450.0,2320.0,0.024973994445896
20250606,NR2507,12025.0,114304.0,38687.0,-0.1304360668428465
20250606,NR2508,11895.0,38498.0,42932.0,-0.1063971504676976
20250606,NR2509,11790.0,18380.0,37229.0,-0.0509988017919498
20250606,NR2510,11740.0,3356.0,6941.0,-0.0051118211635623
20250606,NR2511,11735.0,241.0,1215.0,-0.0255918203203302
20250606,NR2512,11710.0,179.0,1252.0,0.0255918203203307
20250606,NR2601,11735.0,354.0,3247.0,0.0916812609001174
20250606,NR2602,11825.0,7.0,33.0,0.0304054216724665
20250606,NR2603,11855.0,7.0,32.0,0.0202275648400337
20250606,NR2604,11875.0,3.0,20.0,-0.0404892834570917
20250606,NR2605,11835.0,4.0,12.0,0.0
20250609,NR2506,11985.0,620.0,1920.0,0.0649055046037947
20250609,NR2507,12050.0,103575.0,36290.0,-0.094980708316511
20250609,NR2508,11955.0,36299.0,43903.0,-0.0957384880885044
20250609,NR2509,11860.0,17553.0,37484.0,-0.0303925869514072
20250609,NR2510,11830.0,3016.0,6931.0,0.0
20250609,NR2511,11830.0,146.0,1228.0,-0.010147992148119
20250609,NR2512,11820.0,63.0,1258.0,0.0101479921481203
20250609,NR2601,11830.0,444.0,3334.0,-0.0559204570537674
20250609,NR2602,11775.0,3.0,33.0,0.0812529553786482
20250609,NR2603,11855.0,3.0,32.0,0.05554396619808
20250609,NR2604,11910.0,4.0,20.0,-0.030264833192518
20250609,NR2605,11880.0,5.0,11.0,0.0
20250610,NR2506,12180.0,270.0,1780.0,-0.024655854163971
20250610,NR2507,12155.0,94831.0,33615.0,-0.1140740146489402
20250610,NR2508,12040.0,42962.0,45923.0,-0.0900379380378632
20250610,NR2509,11950.0,17610.0,38240.0,-0.0301634008837921
20250610,NR2510,11920.0,2206.0,7232.0,-0.0100713392399397
20250610,NR2511,11910.0,197.0,1177.0,0.0
20250610,NR2512,11910.0,221.0,1182.0,0.0201342329113909
20250610,NR2601,11930.0,321.0,3462.0,0.0201005072123387
20250610,NR2602,11950.0,23.0,33.0,0.0551034155483613
20250610,NR2603,12005.0,11.0,34.0,0.0099916741825886
20250610,NR2604,12015.0,6.0,18.0,-0.0149906328051831
20250610,NR2605,12000.0,2.0,11.0,0.0
20250611,NR2506,12200.0,50.0,1780.0,0.0147450356459148
20250611,NR2507,12215.0,80378.0,33164.0,-0.0986442052945766
20250611,NR2508,12115.0,35076.0,46537.0,-0.0894784593199698
20250611,NR2509,12025.0,14226.0,39558.0,-0.0099833616407117
20250611,NR2510,12015.0,1668.0,7612.0,0.0049927190235505
20250611,NR2511,12020.0,205.0,1256.0,-0.0199833518287345
20250611,NR2512,12000.0,140.0,1232.0,0.0149906328051827
20250611,NR2601,12015.0,245.0,3435.0,0.0049927190235505
20250611,NR2602,12020.0,13.0,38.0,0.0
20250611,NR2603,12020.0,23.0,32.0,0.0498132720285433
20250611,NR2604,12070.0,8.0,18.0,-0.0798007928402076
20250611,NR2605,11990.0,1.0,10.0,0.0
20250612,NR2506,12100.0,20.0,1780.0,-0.1697905979144481
20250612,NR2507,11930.0,92260.0,30828.0,-0.090871279847581
20250612,NR2508,11840.0,45651.0,46128.0,-0.0609654147890274
20250612,NR2509,11780.0,22036.0,39209.0,-0.0050944598515101
20250612,NR2510,11775.0,2780.0,7836.0,0.0152768957615773
20250612,NR2511,11790.0,169.0,1240.0,0.0203389879198953
20250612,NR2512,11810.0,24.0,1224.0,-0.0203389879198971
20250612,NR2601,11790.0,365.0,3678.0,0.1918425376562858
20250612,NR2602,11980.0,5.0,35.0,0.0250156438309602
20250612,NR2603,12005.0,8.0,32.0,0.0249636037604524
20250612,NR2604,12030.0,1.0,17.0,-0.0399667313659753
20250612,NR2605,11990.0,0.0,10.0,0.0
20250613,NR2506,12130.0,0.0,1780.0,-0.0247575907912431
20250613,NR2507,12105.0,122050.0,28938.0,-0.084559935395524
20250613,NR2508,12020.0,62824.0,47321.0,-0.0650679383612815
20250613,NR2509,11955.0,28073.0,39206.0,-0.0200920934339362
20250613,NR2510,11935.0,3324.0,8207.0,-0.0100586761966626
20250613,NR2511,11925.0,268.0,1253.0,-0.010067114684394
20250613,NR2512,11915.0,70.0,1188.0,0.0
20250613,NR2601,11915.0,362.0,3568.0,0.0251519689650058
20250613,NR2602,11940.0,3.0,37.0,0.0950995592469501
20250613,NR2603,12035.0,1.0,33.0,-0.0049864949813736
20250613,NR2604,12030.0,0.0,17.0,-0.0199667267363445
20250613,NR2605,12010.0,2.0,10.0,0.0
20250616,NR2506,12130.0,0.0,1780.0,0.0296418429847454
20250616,NR2507,12160.0,136825.0,27772.0,-0.0543994337759898
20250616,NR2508,12105.0,79919.0,48499.0,-0.0496689450826491
20250616,NR2509,12055.0,36777.0,38646.0,0.0
20250616,NR2510,12055.0,7104.0,9722.0,-0.004978220357645
20250616,NR2511,12050.0,403.0,1172.0,0.0049782203576444
20250616,NR2512,12055.0,170.0,1128.0,0.0099502493263293
20250616,NR2601,12065.0,462.0,3465.0,-0.2868662502426524
20250616,NR2602,11780.0,6.0,35.0,0.1819748435885407
20250616,NR2603,11960.0,7.0,34.0,-0.0050177713463718
20250616,NR2604,11955.0,4.0,19.0,-0.0603774858644051
20250616,NR2605,11895.0,4.0,11.0,0.0
20250617,NR2507,12140.0,68534.0,25746.0,-0.0644230331125894
20250617,NR2508,12075.0,46010.0,50232.0,-0.0647707613609304
20250617,NR2509,12010.0,18410.0,39017.0,-0.0099958356467026
20250617,NR2510,12000.0,2185.0,9810.0,0.0099958356467012
20250617,NR2511,12010.0,69.0,1174.0,0.0049947971584808
20250617,NR2512,12015.0,218.0,1025.0,0.0049927190235505
20250617,NR2601,12020.0,344.0,3512.0,0.0199501292833614
20250617,NR2602,12040.0,1.0,35.0,0.0199170170203736
20250617,NR2603,12060.0,2.0,33.0,0.0347754331554131
20250617,NR2604,12095.0,1.0,19.0,0.0297275131386769
20250617,NR2605,12125.0,2.0,11.0,-0.2096559152740974
20250617,NR2606,11915.0,0.0,0.0,0.0
20250618,NR2507,12330.0,73810.0,22667.0,-0.0487607334870777
20250618,NR2508,12280.0,59033.0,49683.0,-0.0833506926133529
20250618,NR2509,12195.0,26021.0,39324.0,-0.0196963523907611
20250618,NR2510,12175.0,3371.0,10092.0,-0.0147935091675908
20250618,NR2511,12160.0,131.0,1164.0,0.0049331963695799
20250618,NR2512,12165.0,88.0,1008.0,0.0098603127980112
20250618,NR2601,12175.0,402.0,3528.0,0.0295324185152395
20250618,NR2602,12205.0,13.0,37.0,0.0588476863863494
20250618,NR2603,12265.0,3.0,33.0,0.0
20250618,NR2604,12265.0,1.0,19.0,-0.0539326750540719
20250618,NR2605,12210.0,7.0,12.0,0.0539326750540712
20250618,NR2606,12265.0,2.0,1.0,0.0
20250619,NR2507,12280.0,51948.0,20539.0,-0.0440547098923363
20250619,NR2508,12235.0,42747.0,48310.0,-0.0589923351117781
20250619,NR2509,12175.0,18457.0,39952.0,-0.0246659901851519
20250619,NR2510,12150.0,2335.0,10515.0,-0.0346177862168208
20250619,NR2511,12115.0,38.0,1171.0,0.0099009906606944
20250619,NR2512,12125.0,34.0,1019.0,0.0247167955561267
20250619,NR2601,12150.0,235.0,3553.0,0.049281383431842
20250619,NR2602,12200.0,2.0,37.0,-0.0246153932466883
20250619,NR2603,12175.0,3.0,33.0,0.0540873687651303
20250619,NR2604,12230.0,1.0,20.0,0.0147088884606004
20250619,NR2605,12245.0,4.0,12.0,-0.0490999048349701
20250619,NR2606,12195.0,1.0,0.0,0.0
20250620,NR2507,12065.0,71218.0,17258.0,-0.054828755821235
20250620,NR2508,12010.0,96692.0,50711.0,-0.0250052184665345
20250620,NR2509,11985.0,30257.0,40950.0,-0.0100166950724249
20250620,NR2510,11975.0,3849.0,11302.0,-0.0050114847251657
20250620,NR2511,11970.0,289.0,1140.0,0.0150281797975904
20250620,NR2512,11985.0,180.0,943.0,0.0150093828198321
20250620,NR2601,12000.0,465.0,3719.0,0.0548743421416093
20250620,NR2602,12055.0,4.0,37.0,0.1237890077834002
20250620,NR2603,12180.0,0.0,33.0,-0.1088667260677305
20250620,NR2604,12070.0,1.0,20.0,0.0198675542071338
20250620,NR2605,12090.0,4.0,11.0,0.1037684044941879
20250620,NR2606,12195.0,0.0,0.0,0.0
20250623,NR2507,12040.0,32127.0,13828.0,-0.0299376454653935
20250623,NR2508,12010.0,118420.0,53705.0,-0.0350219135389584
20250623,NR2509,11975.0,36512.0,40859.0,0.0150219089093272
20250623,NR2510,11990.0,3878.0,11924.0,-0.0100125162254347
20250623,NR2511,11980.0,90.0,1159.0,-0.0703225118411343
20250623,NR2512,11910.0,57.0,941.0,0.090339197049499
20250623,NR2601,12000.0,284.0,3754.0,-0.1054620723969521
20250623,NR2602,11895.0,2.0,36.0,0.2841254223219597
20250623,NR2603,12180.0,0.0,33.0,-0.1088667260677305
20250623,NR2604,12070.0,0.0,20.0,0.0397022694667286
20250623,NR2605,12110.0,0.0,11.0,0.0839336892345917
20250623,NR2606,12195.0,0.0,0.0,0.0
20250624,NR2507,11780.0,22497.0,9096.0,0.0101824359100663
20250624,NR2508,11790.0,140070.0,53457.0,0.0050879797243045
20250624,NR2509,11795.0,47952.0,42092.0,0.0152510081955902
20250624,NR2510,11810.0,9615.0,12103.0,0.0304439909590638
20250624,NR2511,11840.0,207.0,1140.0,0.020253169364638
20250624,NR2512,11860.0,478.0,1152.0,0.0353610022240993
20250624,NR2601,11895.0,902.0,3891.0,-0.0100925153131644
20250624,NR2602,11885.0,3.0,34.0,0.0855170250926952
20250624,NR2603,11970.0,1.0,33.0,0.0998341864747015
20250624,NR2604,12070.0,0.0,20.0,-0.13497330382376
20250624,NR2605,11935.0,3.0,13.0,0.2586092625250835
20250624,NR2606,12195.0,0.0,0.0,0.0
20250625,NR2507,11765.0,8265.0,7110.0,0.0458112963593417
20250625,NR2508,11810.0,90538.0,54476.0,0.0152316500247098
20250625,NR2509,11825.0,36293.0,45629.0,0.0101437030554082
20250625,NR2510,11835.0,4588.0,12701.0,0.0556376128409188
20250625,NR2511,11890.0,44.0,1116.0,0.0151292308336274
20250625,NR2512,11905.0,49.0,1141.0,-0.0201765495200267
20250625,NR2601,11885.0,321.0,3906.0,0.0352867299005575
20250625,NR2602,11920.0,1.0,35.0,0.0150911778430774
20250625,NR2603,11935.0,1.0,33.0,0.1349733038237608
20250625,NR2604,12070.0,0.0,20.0,-0.0998341864747006
20250625,NR2605,11970.0,3.0,11.0,0.0550115570633168
20250625,NR2606,12025.0,0.0,0.0,0.0
20250626,NR2507,12085.0,8758.0,5845.0,0.0594305795842726
20250626,NR2508,12145.0,121641.0,51687.0,-0.0247269817556089
20250626,NR2509,12120.0,52511.0,47365.0,-0.0148606830137589
20250626,NR2510,12105.0,9610.0,12409.0,0.0247575907912433
20250626,NR2511,12130.0,1310.0,1530.0,0.0
20250626,NR2512,12130.0,664.0,1097.0,-0.0049474335889418
20250626,NR2601,12125.0,891.0,3866.0,-0.0297275131386754
20250626,NR2602,12095.0,5.0,32.0,0.0346749467276173
20250626,NR2603,12130.0,10.0,35.0,0.0395062085217251
20250626,NR2604,12170.0,2.0,20.0,0.0393765734781309
20250626,NR2605,12210.0,2.0,11.0,0.049039708625424
20250626,NR2606,12260.0,0.0,0.0,0.0
20250627,NR2507,12185.0,4444.0,4531.0,0.0442351514629378
20250627,NR2508,12230.0,87001.0,47808.0,-0.068880877932721
20250627,NR2509,12160.0,40240.0,51417.0,-0.0246964483134743
20250627,NR2510,12135.0,12347.0,13200.0,0.0049433574334493
20250627,NR2511,12140.0,364.0,1472.0,-0.0049433574334505
20250627,NR2512,12135.0,84.0,1074.0,0.0098846793068546
20250627,NR2601,12145.0,325.0,3939.0,0.0098765437674097
20250627,NR2602,12155.0,3.0,32.0,0.0541761642543193
20250627,NR2603,12210.0,1.0,35.0,-0.1533093178737475
20250627,NR2604,12055.0,0.0,20.0,0.2414370089428482
20250627,NR2605,12300.0,1.0,12.0,-0.0390879824436781
20250627,NR2606,12260.0,0.0,0.0,0.0
20250630,NR2507,12150.0,2311.0,3174.0,0.0394412844794726
20250630,NR2508,12190.0,75211.0,43000.0,-0.0295688034619102
20250630,NR2509,12160.0,35597.0,53851.0,-0.0049352252392113
20250630,NR2510,12155.0,8327.0,13069.0,0.0246558541639725
20250630,NR2511,12180.0,551.0,1771.0,0.014769232633592
20250630,NR2512,12195.0,764.0,1528.0,-0.0049210580964413
20250630,NR2601,12190.0,550.0,3943.0,-0.0098481745371506
20250630,NR2602,12180.0,3.0,33.0,-0.0642108961591425
20250630,NR2603,12115.0,1.0,35.0,0.0838991696486627
20250630,NR2604,12200.0,1.0,20.0,0.0245650034606978
20250630,NR2605,12225.0,1.0,11.0,0.0343067417655543
20250630,NR2606,12260.0,0.0,0.0,0.0
20250701,NR2507,12290.0,634.0,2770.0,0.019512199421025
20250701,NR2508,12310.0,97951.0,41060.0,-0.0586320384675131
20250701,NR2509,12250.0,44372.0,55243.0,-0.0196078474998602
20250701,NR2510,12230.0,6406.0,13252.0,0.0147088884606004
20250701,NR2511,12245.0,415.0,1770.0,0.0
20250701,NR2512,12245.0,113.0,1498.0,0.0097959189113384
20250701,NR2601,12255.0,707.0,4124.0,-0.0294117794296822
20250701,NR2602,12225.0,2.0,31.0,-0.0936157488597234
20250701,NR2603,12130.0,8.0,33.0,0.0542875694545283
20250701,NR2604,12185.0,1.0,19.0,0.0393281794051946
20250701,NR2605,12225.0,0.0,11.0,0.0343067417655543
20250701,NR2606,12260.0,0.0,0.0,0.0
20250702,NR2507,12270.0,370.0,2540.0,0.0048889794931701
20250702,NR2508,12275.0,74845.0,38945.0,-0.0342647591568515
20250702,NR2509,12240.0,37618.0,56458.0,-0.0049029622745404
20250702,NR2510,12235.0,3549.0,13237.0,0.0098039221139527
20250702,NR2511,12245.0,288.0,1795.0,0.0097959189113384
20250702,NR2512,12255.0,113.0,1458.0,0.0097879287645203
20250702,NR2601,12265.0,530.0,4134.0,0.0
20250702,NR2602,12265.0,3.0,31.0,0.0244349504098902
20250702,NR2603,12290.0,9.0,27.0,-0.0293279168385372
20250702,NR2604,12260.0,11.0,16.0,0.0877695907910492
20250702,NR2605,12350.0,7.0,9.0,-0.0877695907910501
20250702,NR2606,12260.0,0.0,0.0,0.0
20250703,NR2507,12100.0,320.0,2320.0,0.0247678106502171
20250703,NR2508,12125.0,86005.0,36726.0,-0.0148545511025525
20250703,NR2509,12110.0,50362.0,59459.0,-0.0049556060997483
20250703,NR2510,12105.0,5443.0,13726.0,0.0099091665416063
20250703,NR2511,12115.0,290.0,1917.0,-0.0099091665416073
20250703,NR2512,12105.0,160.0,1437.0,0.034646342895964
20250703,NR2601,12140.0,859.0,4226.0,0.0197530908800246
20250703,NR2602,12160.0,6.0,28.0,-0.0692785429358363
20250703,NR2603,12090.0,1.0,27.0,0.1037684044941879
20250703,NR2604,12195.0,1.0,15.0,0.0196640765018419
20250703,NR2605,12215.0,6.0,9.0,0.0441267095803385
20250703,NR2606,12260.0,0.0,0.0,0.0
20250704,NR2507,12065.0,410.0,2190.0,0.0298013398199457
20250704,NR2508,12095.0,69535.0,33719.0,-0.0099255588785308
20250704,NR2509,12085.0,38650.0,58799.0,0.0049638056550588
20250704,NR2510,12090.0,3479.0,13573.0,0.0148791091598468
20250704,NR2511,12105.0,224.0,1876.0,0.0247575907912433
20250704,NR2512,12130.0,11.0,1433.0,-0.0098969077774846
20250704,NR2601,12120.0,144.0,4219.0,0.1133245950415996
20250704,NR2602,12235.0,2.0,27.0,-0.0442170408174584
20250704,NR2603,12190.0,2.0,27.0,0.0049210580964415
20250704,NR2604,12195.0,0.0,15.0,0.0735747246592365
20250704,NR2605,12270.0,2.0,9.0,-0.0097839385770561
20250704,NR2606,12260.0,0.0,0.0,0.0
20250707,NR2507,12000.0,600.0,1910.0,0.0399334811120969
20250707,NR2508,12040.0,70490.0,32672.0,-0.00997091872905
20250707,NR2509,12030.0,42014.0,59197.0,0.0049864949813739
20250707,NR2510,12035.0,5729.0,14596.0,0.0149470644195448
20250707,NR2511,12050.0,415.0,2055.0,0.0099543763485045
20250707,NR2512,12060.0,139.0,1415.0,0.039735135643872
20250707,NR2601,12100.0,764.0,4214.0,-0.0248190367687088
20250707,NR2602,12075.0,3.0,27.0,0.0049679156163901
20250707,NR2603,12080.0,7.0,29.0,-0.0049679156163899
20250707,NR2604,12075.0,4.0,16.0,0.0198593342802507
20250707,NR2605,12095.0,7.0,9.0,0.1625974373528968
20250707,NR2606,12260.0,0.0,0.0,0.0
20250708,NR2507,11995.0,240.0,1830.0,0.074797665813388
20250708,NR2508,12070.0,55756.0,30922.0,0.0099378887667463
20250708,NR2509,12080.0,32728.0,61312.0,0.0
20250708,NR2510,12080.0,5901.0,14965.0,0.0148914186638598
20250708,NR2511,12095.0,858.0,2130.0,0.0049597024884585
20250708,NR2512,12100.0,484.0,1654.0,0.0148668199895233
20250708,NR2601,12115.0,862.0,4249.0,0.0543546327713606
20250708,NR2602,12170.0,2.0,26.0,-0.0049311691673985
20250708,NR2603,12165.0,4.0,28.0,0.0393927313132491
20250708,NR2604,12205.0,5.0,15.0,0.0196479781921484
20250708,NR2605,12225.0,6.0,7.0,0.0343067417655543
20250708,NR2606,12260.0,0.0,0.0,0.0
20250709,NR2507,12050.0,90.0,1750.0,0.0447298095039187
20250709,NR2508,12095.0,61527.0,28278.0,0.0148729620361229
20250709,NR2509,12110.0,39219.0,62913.0,0.0148545511025532
20250709,NR2510,12125.0,5986.0,15399.0,0.0
20250709,NR2511,12125.0,106.0,2108.0,0.0148361856936641
20250709,NR2512,12140.0,71.0,1649.0,0.0098806098624642
20250709,NR2601,12150.0,374.0,4281.0,0.049281383431842
20250709,NR2602,12200.0,15.0,40.0,0.0049170252685501
20250709,NR2603,12205.0,7.0,28.0,-0.0147571242209191
20250709,NR2604,12190.0,2.0,16.0,0.0931567497595479
20250709,NR2605,12285.0,7.0,8.0,-0.0587516473464803
20250709,NR2606,12225.0,1.0,1.0,0.0
20250710,NR2507,12380.0,110.0,1730.0,0.0193704642544944
20250710,NR2508,12400.0,84821.0,27149.0,0.0193392467320993
20250710,NR2509,12420.0,71769.0,64764.0,0.0048299457283166
20250710,NR2510,12425.0,11845.0,16235.0,0.0241206111362892
20250710,NR2511,12450.0,807.0,2269.0,0.0240722247223891
20250710,NR2512,12475.0,271.0,1699.0,-0.0144375393393028
20250710,NR2601,12460.0,1039.0,4250.0,0.0336606111313041
20250710,NR2602,12495.0,23.0,42.0,-0.0192230717919996
20250710,NR2603,12475.0,19.0,26.0,0.0527895272447351
20250710,NR2604,12530.0,6.0,15.0,0.0095731955615725
20250710,NR2605,12540.0,5.0,10.0,0.0
20250710,NR2606,12540.0,1.0,1.0,0.0
20250711,NR2507,12315.0,0.0,1730.0,0.0583233225870319
20250711,NR2508,12375.0,51317.0,25523.0,0.014536646235565
20250711,NR2509,12390.0,43662.0,66538.0,0.0
20250711,NR2510,12390.0,6146.0,16533.0,0.0048416381532316
20250711,NR2511,12395.0,393.0,2245.0,0.0096774198793261
20250711,NR2512,12405.0,107.0,1690.0,0.0048357848730179
20250711,NR2601,12410.0,429.0,4307.0,0.0096657274658024
20250711,NR2602,12420.0,8.0,44.0,0.0241303117706715
20250711,NR2603,12445.0,5.0,27.0,0.0096385547350614
20250711,NR2604,12455.0,1.0,15.0,0.0432779471293416
20250711,NR2605,12500.0,4.0,11.0,0.0574622007815651
20250711,NR2606,12560.0,1.0,1.0,0.0
20250714,NR2507,12280.0,70.0,1730.0,0.0438935665170894
20250714,NR2508,12325.0,49752.0,22585.0,0.0048671669699896
20250714,NR2509,12330.0,62350.0,62563.0,0.0145896674506793
20250714,NR2510,12345.0,7885.0,16939.0,0.0194253381148401
20250714,NR2511,12365.0,322.0,2326.0,0.0048514251722039
20250714,NR2512,12370.0,133.0,1736.0,0.0096969702246424
20250714,NR2601,12380.0,866.0,4314.0,0.0193704642544944
20250714,NR2602,12400.0,34.0,75.0,-0.0096813236392817
20250714,NR2603,12390.0,4.0,27.0,0.0627894368771113
20250714,NR2604,12455.0,2.0,16.0,-0.0048183096411248
20250714,NR2605,12450.0,4.0,14.0,0.0576924188172369
20250714,NR2606,12510.0,0.0,1.0,0.0
20250715,NR2507,12235.0,0.0,1730.0,0.121977061618917
20250715,NR2508,12360.0,45779.0,18269.0,0.019401782722863
20250715,NR2509,12380.0,128685.0,65375.0,0.0145307787684446
20250715,NR2510,12395.0,11606.0,18144.0,0.0096774198793261
20250715,NR2511,12405.0,476.0,2405.0,0.0193314580671363
20250715,NR2512,12425.0,174.0,1753.0,0.0289389207774165
20250715,NR2601,12455.0,1070.0,4459.0,0.0288693002111126
20250715,NR2602,12485.0,22.0,93.0,-0.0144259684774973
20250715,NR2603,12470.0,6.0,24.0,0.1244526511858472
20250715,NR2604,12600.0,2.0,15.0,-0.1244526511858463
20250715,NR2605,12470.0,0.0,14.0,0.0384307774424956
20250715,NR2606,12510.0,0.0,1.0,0.0
20250716,NR2508,12470.0,20875.0,16616.0,0.0192307733464943
20250716,NR2509,12490.0,76889.0,66567.0,0.0048028817931539
20250716,NR2510,12495.0,6867.0,18515.0,0.0096000005120011
20250716,NR2511,12505.0,527.0,2437.0,0.0047971217908488
20250716,NR2512,12510.0,159.0,1755.0,0.0047952048590122
20250716,NR2601,12515.0,512.0,4473.0,-0.0143913669057855
20250716,NR2602,12500.0,51.0,143.0,-0.0048009602560762
20250716,NR2603,12495.0,0.0,24.0,0.0383540078800912
20250716,NR2604,12535.0,0.0,15.0,0.0286852726235851
20250716,NR2605,12565.0,0.0,14.0,0.0
20250716,NR2606,12565.0,0.0,1.0,-0.0526421582008289
20250716,NR2607,12510.0,0.0,0.0,0.0
20250717,NR2508,12560.0,24490.0,14542.0,0.0238616105667177
20250717,NR2509,12585.0,118976.0,69045.0,0.0047666336277197
20250717,NR2510,12590.0,12357.0,19153.0,0.0142885510035283
20250717,NR2511,12605.0,1000.0,2560.0,0.0142715576782075
20250717,NR2512,12620.0,570.0,1849.0,0.0095049509919914
20250717,NR2601,12630.0,1603.0,4539.0,0.0094974282757386
20250717,NR2602,12640.0,31.0,172.0,-0.138453893181548
20250717,NR2603,12495.0,0.0,24.0,0.185828609272566
20250717,NR2604,12690.0,1.0,15.0,0.0377655701162263
20250717,NR2605,12730.0,2.0,14.0,-0.0898880607498915
20250717,NR2606,12635.0,1.0,1.0,-0.1193089963360531
20250717,NR2607,12510.0,0.0,0.0,0.0
20250718,NR2508,12655.0,24388.0,13133.0,0.0189498657619142
20250718,NR2509,12675.0,138880.0,68054.0,0.004732794381995
20250718,NR2510,12680.0,24916.0,21124.0,0.0047309285059852
20250718,NR2511,12685.0,3383.0,3754.0,0.0283464698740522
20250718,NR2512,12715.0,1645.0,2460.0,0.0423945485107302
20250718,NR2601,12760.0,3754.0,5868.0,-0.0471143125833736
20250718,NR2602,12710.0,71.0,208.0,0.0471143125833733
20250718,NR2603,12760.0,6.0,25.0,0.0609733576822737
20250718,NR2604,12825.0,2.0,15.0,-0.0609733576822725
20250718,NR2605,12760.0,6.0,18.0,0.1773661227468351
20250718,NR2606,12950.0,1.0,2.0,-0.4052210696831312
20250718,NR2607,12520.0,0.0,0.0,0.0
20250721,NR2508,12715.0,12369.0,11624.0,0.032986472764225
20250721,NR2509,12750.0,139866.0,67338.0,-0.0047068053162763
20250721,NR2510,12745.0,35537.0,20896.0,-0.0047086522087377
20250721,NR2511,12740.0,1612.0,3969.0,0.0141204173970902
20250721,NR2512,12755.0,694.0,2672.0,0.0516331717784174
20250721,NR2601,12810.0,4006.0,5778.0,-0.0093713397968567
20250721,NR2602,12800.0,50.0,228.0,0.0421135156353039
20250721,NR2603,12845.0,0.0,25.0,-0.0749709584207971
20250721,NR2604,12765.0,1.0,16.0,0.1587571793345436
20250721,NR2605,12935.0,4.0,18.0,-0.1118454698634957
20250721,NR2606,12815.0,1.0,2.0,-0.2794679297289831
20250721,NR2607,12520.0,0.0,0.0,0.0
20250722,NR2508,12830.0,9271.0,10436.0,0.0233599450836932
20250722,NR2509,12855.0,176033.0,66364.0,0.004666537099445
20250722,NR2510,12860.0,39427.0,21037.0,0.0279611776994713
20250722,NR2511,12890.0,3620.0,5024.0,0.0325392413207618
20250722,NR2512,12925.0,1211.0,3246.0,0.0601969234561835
20250722,NR2601,12990.0,3874.0,7087.0,0.0184615421028676
20250722,NR2602,13010.0,132.0,321.0,-0.1158533810410265
20250722,NR2603,12885.0,1.0,24.0,0.1158533810410257
20250722,NR2604,13010.0,0.0,16.0,-0.009227220754526
20250722,NR2605,13000.0,12.0,20.0,0.0184473518266367
20250722,NR2606,13020.0,2.0,3.0,-0.1951262504613635
20250722,NR2607,12810.0,0.0,0.0,0.0
20250723,NR2508,12730.0,12877.0,8122.0,0.0423446822454358
20250723,NR2509,12775.0,144689.0,62205.0,0.0093896718405809
20250723,NR2510,12785.0,41039.0,22310.0,0.028125012874615
20250723,NR2511,12815.0,1443.0,4994.0,0.0513919415040113
20250723,NR2512,12870.0,364.0,3192.0,0.0418848592772228
20250723,NR2601,12915.0,1972.0,7218.0,0.0787191709647952
20250723,NR2602,13000.0,26.0,341.0,-0.1766788986347259
20250723,NR2603,12810.0,4.0,24.0,0.102604589349755
20250723,NR2604,12920.0,2.0,16.0,-0.0232423082537725
20250723,NR2605,12895.0,6.0,18.0,0.032526641405496
20250723,NR2606,12930.0,2.0,3.0,-0.1118889225014794
20250723,NR2607,12810.0,0.0,0.0,0.0
20250724,NR2508,13075.0,10513.0,5905.0,0.0412292827794773
20250724,NR2509,13120.0,194715.0,66552.0,-0.0366412498426841
20250724,NR2510,13080.0,59374.0,27371.0,-0.0045880329367923
20250724,NR2511,13075.0,7191.0,5546.0,0.0183416161042643
20250724,NR2512,13095.0,4940.0,2425.0,0.0365993421339346
20250724,NR2601,13135.0,5240.0,7788.0,-0.0320183151647684
20250724,NR2602,13100.0,66.0,328.0,-0.1846190260737534
20250724,NR2603,12900.0,0.0,24.0,0.334820114664918
20250724,NR2604,13265.0,1.0,16.0,-0.0498584286656278
20250724,NR2605,13210.0,7.0,16.0,0.0634203061686452
20250724,NR2606,13280.0,1.0,2.0,-0.3158679409235446
20250724,NR2607,12935.0,0.0,0.0,0.0
20250725,NR2508,13270.0,6193.0,4316.0,0.045129801217523
20250725,NR2509,13320.0,177597.0,62511.0,-0.0180315586144202
20250725,NR2510,13300.0,50432.0,27569.0,0.0090191661517454
20250725,NR2511,13310.0,4684.0,5904.0,0.0180180214031655
20250725,NR2512,13330.0,748.0,2545.0,0.0269764070145881
20250725,NR2601,13360.0,2862.0,8193.0,-0.0044918585589056
20250725,NR2602,13355.0,40.0,347.0,0.0314077576938825
20250725,NR2603,13390.0,4.0,23.0,-0.1215998395451073
20250725,NR2604,13255.0,8.0,15.0,0.1573940495298871
20250725,NR2605,13430.0,11.0,9.0,-0.1347823978423013
20250725,NR2606,13280.0,0.0,2.0,0.1793755372304777
20250725,NR2607,13480.0,1.0,1.0,0.0
20250728,NR2508,12740.0,4798.0,3521.0,0.0657535891755068
20250728,NR2509,12810.0,157787.0,55287.0,-0.0281360035110496
20250728,NR2510,12780.0,58236.0,32104.0,0.0187646637141931
20250728,NR2511,12800.0,9751.0,7525.0,0.0234146415751409
20250728,NR2512,12825.0,996.0,2502.0,0.03736865612249
20250728,NR2601,12865.0,3235.0,8215.0,0.1021677998189374
20250728,NR2602,12975.0,22.0,332.0,0.0829496390474829
20250728,NR2603,13065.0,0.0,23.0,-0.0552360008635315
20250728,NR2604,13005.0,3.0,15.0,-0.0323388068671484
20250728,NR2605,12970.0,3.0,8.0,0.1562641767373428
20250728,NR2606,13140.0,0.0,2.0,0.0
20250728,NR2607,13140.0,0.0,1.0,0.0
20250729,NR2508,12610.0,1298.0,3088.0,0.0569621322746337
20250729,NR2509,12670.0,110850.0,51979.0,0.018927448718984
20250729,NR2510,12690.0,42011.0,35500.0,0.014176020549974
20250729,NR2511,12705.0,8847.0,9358.0,0.0283018999115146
20250729,NR2512,12735.0,1103.0,2801.0,0.070464089726671
20250729,NR2601,12810.0,2866.0,8881.0,0.0280701882380668
20250729,NR2602,12840.0,1.0,331.0,-0.1457412625268392
20250729,NR2603,12685.0,2.0,25.0,0.0613329426382783
20250729,NR2604,12750.0,11.0,16.0,0.0890803074889422
20250729,NR2605,12845.0,8.0,8.0,0.1900020384822661
20250729,NR2606,13050.0,0.0,2.0,-0.0276179638593512
20250729,NR2607,13020.0,0.0,1.0,0.0
20250730,NR2508,12525.0,1204.0,2602.0,0.0478088281784941
20250730,NR2509,12575.0,108709.0,47606.0,0.0285941358489622
20250730,NR2510,12605.0,40600.0,38141.0,0.0332739369459397
20250730,NR2511,12640.0,5807.0,10065.0,0.056827256950011
20250730,NR2512,12700.0,567.0,2914.0,0.0330253796024957
20250730,NR2601,12735.0,2370.0,9143.0,0.0470220037407547
20250730,NR2602,12785.0,3.0,331.0,-0.0281910857925025
20250730,NR2603,12755.0,4.0,25.0,0.1077080401711268
20250730,NR2604,12870.0,1.0,17.0,-0.0842108719037584
20250730,NR2605,12780.0,6.0,10.0,0.2232622539724138
20250730,NR2606,13020.0,0.0,2.0,-0.125073512113138
20250730,NR2607,12885.0,3.0,4.0,0.0
20250731,NR2508,12300.0,881.0,2224.0,-0.0244150643734508
20250731,NR2509,12275.0,93706.0,43054.0,0.0439114130974726
20250731,NR2510,12320.0,39751.0,38530.0,0.0291852596233487
20250731,NR2511,12350.0,8047.0,10234.0,0.0388035908047778
20250731,NR2512,12390.0,2567.0,2035.0,0.043504579371802
20250731,NR2601,12435.0,6711.0,7937.0,0.0144665478641842
20250731,NR2602,12450.0,38.0,335.0,0.0864349475286962
20250731,NR2603,12540.0,4.0,26.0,-0.0095731955615727
20250731,NR2604,12530.0,10.0,21.0,0.0095731955615725
20250731,NR2605,12540.0,19.0,12.0,0.0477517542177726
20250731,NR2606,12590.0,2.0,3.0,-0.0381861897415553
20250731,NR2607,12550.0,1.0,3.0,0.0
20250801,NR2508,12170.0,474.0,1970.0,0.0049291436306123
20250801,NR2509,12175.0,96278.0,36880.0,0.0442714172975503
20250801,NR2510,12220.0,41832.0,40012.0,0.0294237989674394
20250801,NR2511,12250.0,4492.0,10225.0,0.03911983904649
20250801,NR2512,12290.0,706.0,1978.0,0.0438579168405199
20250801,NR2601,12335.0,4282.0,8145.0,-0.0048651936608053
20250801,NR2602,12330.0,136.0,450.0,-0.0194805237586889
20250801,NR2603,12310.0,1.0,27.0,0.0146133567886991
20250801,NR2604,12325.0,2.0,22.0,0.034028785209492
20250801,NR2605,12360.0,8.0,14.0,0.0629414394377722
20250801,NR2606,12425.0,45.0,16.0,0.1201211231412051
20250801,NR2607,12550.0,0.0,3.0,0.0
20250804,NR2508,12085.0,110.0,1950.0,0.0742423485908945
20250804,NR2509,12160.0,67313.0,33716.0,0.0394089024142802
20250804,NR2510,12200.0,36998.0,41030.0,0.0490798230183008
20250804,NR2511,12250.0,3415.0,10499.0,0.0244648402781797
20250804,NR2512,12275.0,894.0,2280.0,0.0439114130974726
20250804,NR2601,12320.0,2279.0,8079.0,0.0146015025113564
20250804,NR2602,12335.0,47.0,458.0,0.0388507016812075
20250804,NR2603,12375.0,56.0,57.0,0.0096930538388266
20250804,NR2604,12385.0,16.0,25.0,0.0145249160360191
20250804,NR2605,12400.0,3.0,13.0,0.096386060367171
20250804,NR2606,12500.0,11.0,8.0,0.0
20250804,NR2607,12500.0,2.0,4.0,0.0
20250805,NR2508,12270.0,330.0,1770.0,0.0293040438666217
20250805,NR2509,12300.0,62839.0,31365.0,0.0535389247464181
20250805,NR2510,12355.0,44004.0,45966.0,0.0387879125589639
20250805,NR2511,12395.0,8272.0,11962.0,0.0290088779464634
20250805,NR2512,12425.0,2700.0,2740.0,0.0530014915030697
20250805,NR2601,12480.0,6634.0,9803.0,0.0048067294854585
20250805,NR2602,12485.0,86.0,471.0,0.0383846788703039
20250805,NR2603,12525.0,36.0,83.0,0.014362658806154
20250805,NR2604,12540.0,5.0,24.0,0.038216592810239
20250805,NR2605,12580.0,10.0,14.0,0.028582784454404
20250805,NR2606,12610.0,3.0,8.0,-0.0476758672413067
20250805,NR2607,12560.0,1.0,5.0,0.0
20250806,NR2508,12300.0,80.0,1760.0,0.0194963487240237
20250806,NR2509,12320.0,52922.0,28101.0,0.0631452580313898
20250806,NR2510,12385.0,35797.0,47778.0,0.0483481717685407
20250806,NR2511,12435.0,3892.0,12653.0,0.0096463027702476
20250806,NR2512,12445.0,1058.0,3243.0,0.0529165018644011
20250806,NR2601,12500.0,1915.0,9820.0,0.0095961620467709
20250806,NR2602,12510.0,183.0,350.0,0.0764942829292336
20250806,NR2603,12590.0,8.0,85.0,-0.0238521247284038
20250806,NR2604,12565.0,0.0,24.0,0.052412233410138
20250806,NR2605,12620.0,1.0,14.0,-0.07631186289951
20250806,NR2606,12540.0,0.0,8.0,0.1000601390058461
20250806,NR2607,12645.0,1.0,6.0,0.0
20250807,NR2508,12280.0,70.0,1760.0,0.0682096842598762
20250807,NR2509,12350.0,59784.0,25546.0,0.0484849144440588
20250807,NR2510,12400.0,56857.0,50135.0,0.0434695585027701
20250807,NR2511,12445.0,5077.0,13205.0,0.0144549304770217
20250807,NR2512,12460.0,983.0,3615.0,0.0384615713873799
20250807,NR2601,12500.0,3000.0,9876.0,0.0431224261215626
20250807,NR2602,12545.0,34.0,336.0,0.0
20250807,NR2603,12545.0,0.0,85.0,-0.0335262640747904
20250807,NR2604,12510.0,2.0,23.0,0.0478660387347929
20250807,NR2605,12560.0,3.0,12.0,0.0238616105667177
20250807,NR2606,12585.0,1.0,7.0,0.0618190390350009
20250807,NR2607,12650.0,1.0,5.0,0.0
20250808,NR2508,12330.0,160.0,1770.0,0.0727715996101373
20250808,NR2509,12405.0,38885.0,22043.0,0.0579011979810827
20250808,NR2510,12465.0,52464.0,52368.0,0.0528317843571756
20250808,NR2511,12520.0,4834.0,14385.0,0.0095808388322947
20250808,NR2512,12530.0,435.0,3692.0,0.0525583161516275
20250808,NR2601,12585.0,2707.0,10647.0,0.0190551846312465
20250808,NR2602,12605.0,23.0,323.0,0.0427638544037534
20250808,NR2603,12650.0,10.0,84.0,0.0331557345325912
20250808,NR2604,12685.0,3.0,25.0,-0.0664033314986891
20250808,NR2605,12615.0,6.0,16.0,0.123029468820693
20250808,NR2606,12745.0,1.0,8.0,0.0094117651883515
20250808,NR2607,12755.0,1.0,5.0,0.0
20250811,NR2508,12480.0,70.0,1770.0,0.0910002365342559
20250811,NR2509,12575.0,25909.0,18452.0,0.0428656935271706
20250811,NR2510,12620.0,79440.0,55758.0,0.0521843083701583
20250811,NR2511,12675.0,7001.0,15099.0,0.0472441555120751
20250811,NR2512,12725.0,905.0,3653.0,0.0470588838381797
20250811,NR2601,12775.0,4357.0,11195.0,0.0140817540117984
20250811,NR2602,12790.0,331.0,571.0,-0.02818005208929
20250811,NR2603,12760.0,23.0,75.0,0.0047012733216397
20250811,NR2604,12765.0,13.0,22.0,0.0749709584207976
20250811,NR2605,12845.0,11.0,18.0,-0.0186988740601637
20250811,NR2606,12825.0,5.0,8.0,-0.0656764735567016
20250811,NR2607,12755.0,0.0,5.0,0.0
20250812,NR2508,12480.0,30.0,1740.0,0.1195943723832174
20250812,NR2509,12605.0,21876.0,15498.0,0.0569846737650651
20250812,NR2510,12665.0,80448.0,54903.0,0.0425616209726906
20250812,NR2511,12710.0,10824.0,15156.0,0.0377062368368699
20250812,NR2512,12750.0,1420.0,3716.0,0.0469667918536357
20250812,NR2601,12800.0,5450.0,12368.0,-0.0234604180296402
20250812,NR2602,12775.0,936.0,1307.0,0.0328317578264981
20250812,NR2603,12810.0,8.0,79.0,0.0607359676938823
20250812,NR2604,12875.0,6.0,22.0,0.0139724448155547
20250812,NR2605,12890.0,4.0,16.0,0.0046538685865446
20250812,NR2606,12895.0,1.0,7.0,-0.0699982540894099
20250812,NR2607,12820.0,0.0,5.0,0.0
20250813,NR2508,12480.0,0.0,1740.0,0.0623378025252471
20250813,NR2509,12545.0,15214.0,13423.0,0.0620156419013111
20250813,NR2510,12610.0,77109.0,56027.0,0.04274692824311
20250813,NR2511,12655.0,6592.0,15910.0,0.0378698539146534
20250813,NR2512,12695.0,671.0,3714.0,0.0518766773735194
20250813,NR2601,12750.0,4988.0,12290.0,-0.0188383084214402
20250813,NR2602,12730.0,568.0,1501.0,0.0235432682935142
20250813,NR2603,12755.0,1.0,79.0,0.0469484166925674
20250813,NR2604,12805.0,12.0,24.0,0.1072893444356061
20250813,NR2605,12920.0,2.0,15.0,0.0370943108360745
20250813,NR2606,12960.0,3.0,4.0,0.0092556888506859
20250813,NR2607,12970.0,1.0,5.0,0.0
20250814,NR2508,12495.0,70.0,1810.0,-0.0674159076506791
20250814,NR2509,12425.0,12454.0,12515.0,0.0626130258575272
20250814,NR2510,12490.0,82348.0,56239.0,0.0287884984135933
20250814,NR2511,12520.0,8199.0,16051.0,0.0573706272041027
20250814,NR2512,12580.0,809.0,3714.0,0.0380952700892716
20250814,NR2601,12620.0,3739.0,12597.0,-0.014271557678207
20250814,NR2602,12605.0,590.0,1708.0,0.1231265734984462
20250814,NR2603,12735.0,7.0,81.0,0.056404334163982
20250814,NR2604,12795.0,5.0,26.0,0.0887681680721267
20250814,NR2605,12890.0,3.0,14.0,-0.1216384684134262
20250814,NR2606,12760.0,0.0,4.0,0.0656508085308155
20250814,NR2607,12830.0,0.0,5.0,0.0
20250815,NR2508,12485.0,0.0,1810.0,0.1480615798436983
20250815,NR2509,12640.0,11440.0,11970.0,0.0662723577918148
20250815,NR2510,12710.0,80214.0,57784.0,0.0282907793118561
20250815,NR2511,12740.0,7519.0,16650.0,0.03292183134901
20250815,NR2512,12775.0,670.0,3676.0,0.037514684715195
20250815,NR2601,12815.0,3781.0,12647.0,-0.0422122772590379
20250815,NR2602,12770.0,284.0,1821.0,0.0234695948076501
20250815,NR2603,12795.0,9.0,85.0,-0.0847062340754962
20250815,NR2604,12705.0,1.0,26.0,0.1455132244481508
20250815,NR2605,12860.0,1.0,15.0,-0.0936772907139543
20250815,NR2606,12760.0,0.0,4.0,0.0656508085308155
20250815,NR2607,12830.0,0.0,5.0,0.0
20250818,NR2509,12575.0,10284.0,10456.0,0.0713579902527156
20250818,NR2510,12650.0,66942.0,58494.0,0.0284248060266073
20250818,NR2511,12680.0,6512.0,17286.0,0.0283576343073936
20250818,NR2512,12710.0,592.0,3664.0,0.0282907793118561
20250818,NR2601,12740.0,3037.0,12797.0,0.004708652208738
20250818,NR2602,12745.0,120.0,1830.0,0.0
20250818,NR2603,12745.0,1.0,86.0,0.0
20250818,NR2604,12745.0,0.0,26.0,0.0329089334557187
20250818,NR2605,12780.0,2.0,15.0,-0.0187940523929393
20250818,NR2606,12760.0,0.0,4.0,0.13094440141179
20250818,NR2607,12900.0,2.0,5.0,-0.065293592880976
20250818,NR2608,12830.0,0.0,0.0,0.0
20250819,NR2509,12630.0,8037.0,9427.0,0.0568721443667588
20250819,NR2510,12690.0,75763.0,58095.0,0.0377655701162263
20250819,NR2511,12730.0,5631.0,17500.0,0.0329476574895837
20250819,NR2512,12765.0,192.0,3655.0,0.0375440274964973
20250819,NR2601,12805.0,2566.0,12728.0,-0.0469484166925667
20250819,NR2602,12755.0,567.0,2076.0,0.0797033600164845
20250819,NR2603,12840.0,19.0,98.0,-0.0421299438007556
20250819,NR2604,12795.0,3.0,27.0,0.0281030573409734
20250819,NR2605,12825.0,8.0,20.0,-0.0609733576822725
20250819,NR2606,12760.0,0.0,4.0,0.13094440141179
20250819,NR2607,12900.0,0.0,5.0,-0.065293592880976
20250819,NR2608,12830.0,0.0,0.0,0.0
20250820,NR2509,12475.0,9625.0,8251.0,0.0480000640001536
20250820,NR2510,12525.0,111615.0,54565.0,0.0239282232823733
20250820,NR2511,12550.0,14959.0,19211.0,0.0334195561138344
20250820,NR2512,12585.0,2057.0,3830.0,0.0190551846312465
20250820,NR2601,12605.0,8900.0,11759.0,-0.0047609601894096
20250820,NR2602,12600.0,223.0,2065.0,-0.0620649881661069
20250820,NR2603,12535.0,6.0,100.0,0.0286852726235851
20250820,NR2604,12565.0,6.0,30.0,0.0143169633208677
20250820,NR2605,12580.0,11.0,22.0,0.1563694386694122
20250820,NR2606,12745.0,0.0,4.0,-0.1325457262583472
20250820,NR2607,12605.0,1.0,5.0,0.0427638544037534
20250820,NR2608,12650.0,1.0,1.0,0.0
20250821,NR2509,12535.0,3884.0,7088.0,0.0620649881661061
20250821,NR2510,12600.0,69949.0,56111.0,0.0190325178676173
20250821,NR2511,12620.0,12504.0,19767.0,0.0190023792677306
20250821,NR2512,12640.0,785.0,3697.0,0.0331819291024268
20250821,NR2601,12675.0,4035.0,11948.0,0.0
20250821,NR2602,12675.0,16.0,2059.0,0.0519583571048186
20250821,NR2603,12730.0,1.0,100.0,-0.1565548988851155
20250821,NR2604,12565.0,5.0,25.0,0.2223599991601925
20250821,NR2605,12800.0,1.0,21.0,-0.0516735971699123
20250821,NR2606,12745.0,0.0,4.0,-0.0897818718545937
20250821,NR2607,12650.0,0.0,5.0,0.0
20250821,NR2608,12650.0,0.0,1.0,0.0
20250822,NR2509,12490.0,1920.0,6391.0,0.0192000040960011
20250822,NR2510,12510.0,62662.0,54330.0,0.023956885577244
20250822,NR2511,12535.0,13330.0,20667.0,0.0477707637242701
20250822,NR2512,12585.0,483.0,3809.0,0.0190551846312465
20250822,NR2601,12605.0,4426.0,12770.0,-0.0190551846312471
20250822,NR2602,12585.0,50.0,2056.0,0.0
20250822,NR2603,12585.0,22.0,103.0,0.0475813470345393
20250822,NR2604,12635.0,14.0,30.0,-0.0285261624032932
20250822,NR2605,12605.0,1.0,22.0,0.1325457262583466
20250822,NR2606,12745.0,0.0,4.0,-0.0897818718545937
20250822,NR2607,12650.0,0.0,5.0,0.0
20250822,NR2608,12650.0,0.0,1.0,0.0
20250825,NR2509,12705.0,2520.0,5154.0,0.07532390365227
20250825,NR2510,12785.0,84854.0,57206.0,0.028125012874615
20250825,NR2511,12815.0,21594.0,23519.0,0.0280592489497504
20250825,NR2512,12845.0,920.0,3797.0,0.0279937918554342
20250825,NR2601,12875.0,7523.0,12393.0,-0.0420152150670579
20250825,NR2602,12830.0,95.0,2071.0,0.051331985721399
20250825,NR2603,12885.0,25.0,117.0,-0.1358063275237331
20250825,NR2604,12740.0,3.0,33.0,0.1637133168454377
20250825,NR2605,12915.0,1.0,22.0,-0.1590046646367011
20250825,NR2606,12745.0,0.0,4.0,0.0329089334557187
20250825,NR2607,12780.0,0.0,5.0,0.0
20250825,NR2608,12780.0,0.0,1.0,0.0
20250826,NR2509,12735.0,2473.0,3764.0,0.0517140859119731
20250826,NR2510,12790.0,85452.0,58896.0,0.0187500038146996
20250826,NR2511,12810.0,40390.0,31256.0,0.0187207526268262
20250826,NR2512,12830.0,7013.0,7978.0,0.0233599450836932
20250826,NR2601,12855.0,11278.0,13416.0,0.0186552699833646
20250826,NR2602,12875.0,547.0,2133.0,0.0046592895168927
20250826,NR2603,12880.0,28.0,124.0,0.1619457776986141
20250826,NR2604,13055.0,1.0,33.0,-0.1154521124079129
20250826,NR2605,12930.0,5.0,20.0,0.1933298432723792
20250826,NR2606,13140.0,1.0,3.0,-0.3333547692849085
20250826,NR2607,12780.0,0.0,5.0,0.0
20250826,NR2608,12780.0,0.0,1.0,0.0
20250827,NR2509,12540.0,3730.0,2224.0,0.0715565626589565
20250827,NR2510,12615.0,113104.0,51988.0,0.0285035763468897
20250827,NR2511,12645.0,47083.0,37432.0,0.042628819252415
20250827,NR2512,12690.0,8536.0,11395.0,-0.0047290641006124
20250827,NR2601,12685.0,9269.0,14429.0,0.0283464698740522
20250827,NR2602,12715.0,321.0,2055.0,0.0658825184288039
20250827,NR2603,12785.0,3.0,127.0,0.1816452303935274
20250827,NR2604,12980.0,5.0,33.0,0.0046216060652127
20250827,NR2605,12985.0,17.0,23.0,-0.018497113489009
20250827,NR2606,12965.0,4.0,6.0,-0.0185256694455211
20250827,NR2607,12945.0,5.0,5.0,0.0092664097268686
20250827,NR2608,12955.0,4.0,1.0,0.0
20250828,NR2509,12700.0,1141.0,1663.0,0.0753534658181172
20250828,NR2510,12780.0,88899.0,49244.0,0.032818930399748
20250828,NR2511,12815.0,40678.0,41685.0,0.0093603748895867
20250828,NR2512,12825.0,12389.0,13349.0,0.03736865612249
20250828,NR2601,12865.0,7584.0,14621.0,-0.0139996127097446
20250828,NR2602,12850.0,223.0,2039.0,0.0372960673184064
20250828,NR2603,12890.0,36.0,139.0,0.0649904876763916
20250828,NR2604,12960.0,15.0,45.0,0.0415944957178359
20250828,NR2605,13005.0,21.0,33.0,-0.013848818617281
20250828,NR2606,12990.0,6.0,5.0,-0.0046198268135565
20250828,NR2607,12985.0,3.0,6.0,-0.018497113489009
20250828,NR2608,12965.0,5.0,6.0,0.0
20250829,NR2509,12640.0,886.0,1220.0,0.0521019172551656
20250829,NR2510,12695.0,70684.0,44403.0,0.0283241673593364
20250829,NR2511,12725.0,33423.0,45549.0,0.0282574698862595
20250829,NR2512,12755.0,6355.0,14612.0,0.0375734162157283
20250829,NR2601,12795.0,6273.0,16117.0,-0.0046902482520102
20250829,NR2602,12790.0,105.0,2049.0,0.0234329307033965
20250829,NR2603,12815.0,17.0,150.0,-0.0375146847151962
20250829,NR2604,12775.0,8.0,51.0,0.088906626219205
20250829,NR2605,12870.0,2.0,34.0,0.1021282760149033
20250829,NR2606,12980.0,0.0,5.0,-0.1348067634340829
20250829,NR2607,12835.0,1.0,7.0,0.051312031535908
20250829,NR2608,12890.0,1.0,5.0,0.0
20250901,NR2509,12600.0,220.0,1120.0,0.0759496206197703
20250901,NR2510,12680.0,91582.0,41362.0,0.0377953068347544
20250901,NR2511,12720.0,42845.0,47849.0,0.0188531067844937
20250901,NR2512,12740.0,7867.0,16480.0,0.0376175856644577
20250901,NR2601,12780.0,10040.0,16348.0,-0.00939334685929
20250901,NR2602,12770.0,963.0,2418.0,-0.0141038214080787
20250901,NR2603,12755.0,331.0,318.0,0.0234971682673676
20250901,NR2604,12780.0,100.0,112.0,0.0140762479483601
20250901,NR2605,12795.0,52.0,53.0,0.0561404532732086
20250901,NR2606,12855.0,2.0,7.0,0.0
20250901,NR2607,12855.0,7.0,6.0,0.0465839094326931
20250901,NR2608,12905.0,1.0,4.0,0.0
20250902,NR2509,12630.0,150.0,1060.0,0.0757697860675564
20250902,NR2510,12710.0,79053.0,38853.0,0.0471143125833733
20250902,NR2511,12760.0,49300.0,52443.0,0.0281800520892891
20250902,NR2512,12790.0,10980.0,19349.0,0.037470756441524
20250902,NR2601,12830.0,14266.0,17334.0,-0.0046774508485417
20250902,NR2602,12825.0,1719.0,2673.0,0.0046774508485431
20250902,NR2603,12830.0,1221.0,1051.0,-0.0468567561378751
20250902,NR2604,12780.0,448.0,520.0,0.0375000305176233
20250902,NR2605,12820.0,195.0,214.0,0.1025248954949059
20250902,NR2606,12930.0,5.0,10.0,-0.0558140541087701
20250902,NR2607,12870.0,4.0,6.0,0.0325897387505014
20250902,NR2608,12905.0,3.0,6.0,0.0
20250903,NR2509,12675.0,40.0,1020.0,0.0378101927620328
20250903,NR2510,12715.0,58129.0,36890.0,0.0470958218323707
20250903,NR2511,12765.0,41363.0,56423.0,0.0375440274964973
20250903,NR2512,12805.0,5133.0,19837.0,0.0234055077126768
20250903,NR2601,12830.0,10006.0,18193.0,-0.0046774508485417
20250903,NR2602,12825.0,610.0,2908.0,0.0885612875714695
20250903,NR2603,12920.0,48.0,1044.0,-0.0885612875714704
20250903,NR2604,12825.0,9.0,520.0,0.0885612875714695
20250903,NR2605,12920.0,10.0,214.0,-0.0465297209570464
20250903,NR2606,12870.0,0.0,10.0,0.0186335441167298
20250903,NR2607,12890.0,0.0,6.0,0.0325392413207618
20250903,NR2608,12925.0,0.0,6.0,0.0
20250904,NR2509,12645.0,280.0,930.0,0.085106739713902
20250904,NR2510,12735.0,75945.0,33073.0,0.0517140859119731
20250904,NR2511,12790.0,66414.0,59309.0,0.0234329307033965
20250904,NR2512,12815.0,9330.0,20572.0,0.0280592489497504
20250904,NR2601,12845.0,13980.0,17238.0,-0.0233781488318749
20250904,NR2602,12820.0,481.0,2963.0,0.0140323539669566
20250904,NR2603,12835.0,46.0,1039.0,-0.0093530791952455
20250904,NR2604,12825.0,169.0,521.0,0.0
20250904,NR2605,12825.0,47.0,207.0,0.0420315666144248
20250904,NR2606,12870.0,0.0,10.0,-0.0420315666144253
20250904,NR2607,12825.0,2.0,6.0,0.158019324439445
20250904,NR2608,12995.0,3.0,5.0,0.0
20250905,NR2509,13000.0,160.0,900.0,0.0827906695232632
20250905,NR2510,13090.0,76555.0,31314.0,0.0411821185883368
20250905,NR2511,13135.0,97445.0,69386.0,0.0228180331160157
20250905,NR2512,13160.0,13501.0,22290.0,0.0364188443418493
20250905,NR2601,13200.0,17696.0,18602.0,-0.0045463156444532
20250905,NR2602,13195.0,1230.0,3282.0,0.0181749372115811
20250905,NR2603,13215.0,609.0,1336.0,-0.0409323876127538
20250905,NR2604,13170.0,1278.0,1526.0,0.004554944066835
20250905,NR2605,13175.0,67.0,234.0,-0.1420134917640335
20250905,NR2606,13020.0,6.0,14.0,-0.1297309932505874
20250905,NR2607,12880.0,1.0,6.0,0.0372093321389782
20250905,NR2608,12920.0,2.0,6.0,0.0
20250908,NR2509,12945.0,130.0,850.0,0.0324011768693166
20250908,NR2510,12980.0,38015.0,25003.0,0.0599424877529738
20250908,NR2511,13045.0,86083.0,72778.0,0.0321531292843308
20250908,NR2512,13080.0,6915.0,22984.0,0.0320672074774112
20250908,NR2601,13115.0,10311.0,19803.0,0.0
20250908,NR2602,13115.0,214.0,3315.0,-0.0137325973407736
20250908,NR2603,13100.0,29.0,1334.0,-0.0321039748143607
20250908,NR2604,13065.0,317.0,1649.0,-0.0598504981324686
20250908,NR2605,13000.0,7.0,232.0,0.0873734459776609
20250908,NR2606,13095.0,2.0,13.0,-0.022931403882536
20250908,NR2607,13070.0,2.0,6.0,0.0183486274281354
20250908,NR2608,13090.0,2.0,5.0,0.0
20250909,NR2509,12645.0,20.0,850.0,0.0378997551518014
20250909,NR2510,12685.0,35116.0,19073.0,0.0472069845621009
20250909,NR2511,12735.0,113623.0,70928.0,0.0376323319001747
20250909,NR2512,12775.0,10215.0,23457.0,0.0421957848330705
20250909,NR2601,12820.0,15280.0,20386.0,0.0
20250909,NR2602,12820.0,404.0,3368.0,-0.009364027006573
20250909,NR2603,12810.0,25.0,1327.0,0.0140433017782829
20250909,NR2604,12825.0,300.0,1735.0,0.0792697656206138
20250909,NR2605,12910.0,56.0,239.0,0.0833658312358285
20250909,NR2606,13000.0,0.0,13.0,0.05525719664098
20250909,NR2607,13060.0,0.0,6.0,-0.18052413737493
20250909,NR2608,12865.0,0.0,5.0,0.0
20250910,NR2509,12645.0,10.0,840.0,0.02370137053343
20250910,NR2510,12670.0,14412.0,17819.0,0.0425448544924242
20250910,NR2511,12715.0,73475.0,71970.0,0.0423945485107302
20250910,NR2512,12760.0,5127.0,23865.0,0.0328703003412987
20250910,NR2601,12795.0,8925.0,20507.0,0.0234237825692633
20250910,NR2602,12820.0,507.0,3355.0,-0.0187353668034295
20250910,NR2603,12800.0,112.0,1398.0,-0.0093786640178413
20250910,NR2604,12790.0,46.0,1735.0,0.0468201920527665
20250910,NR2605,12840.0,3.0,241.0,0.1486087103966594
20250910,NR2606,13000.0,0.0,13.0,0.0414667335258595
20250910,NR2607,13045.0,0.0,6.0,-0.1667336742598105
20250910,NR2608,12865.0,1.0,5.0,0.0
20250911,NR2509,12645.0,0.0,840.0,-0.0761605095164758
20250911,NR2510,12565.0,16368.0,15690.0,0.052412233410138
20250911,NR2511,12620.0,90869.0,73296.0,0.0474496466397683
20250911,NR2512,12670.0,7221.0,24830.0,0.0283799895779746
20250911,NR2601,12700.0,13321.0,21670.0,0.0188827733691664
20250911,NR2602,12720.0,111.0,3350.0,-0.0188827733691666
20250911,NR2603,12700.0,37.0,1402.0,-0.0047253396948454
20250911,NR2604,12695.0,7.0,1737.0,-0.0331295812873389
20250911,NR2605,12660.0,18.0,240.0,0.0567376943513507
20250911,NR2606,12720.0,3.0,12.0,-0.0188827733691666
20250911,NR2607,12700.0,7.0,6.0,0.0283130292572341
20250911,NR2608,12730.0,5.0,4.0,0.0
20250912,NR2509,12645.0,0.0,840.0,-0.1288026677173039
20250912,NR2510,12510.0,13264.0,14405.0,0.0430880175687424
20250912,NR2511,12555.0,82933.0,69872.0,0.0429338561746068
20250912,NR2512,12600.0,9222.0,24989.0,0.0427807939739537
20250912,NR2601,12645.0,12917.0,21346.0,0.02370137053343
20250912,NR2602,12670.0,210.0,3298.0,-0.0047365305529091
20250912,NR2603,12665.0,75.0,1415.0,0.0236639792718938
20250912,NR2604,12690.0,69.0,1730.0,-0.0616236787784726
20250912,NR2605,12625.0,3.0,239.0,-0.0428486866695487
20250912,NR2606,12580.0,1.0,12.0,0.0570976493570015
20250912,NR2607,12640.0,1.0,6.0,0.0426456519904055
20250912,NR2608,12685.0,2.0,6.0,0.0
20250915,NR2509,12645.0,0.0,840.0,0.02370137053343
20250915,NR2510,12670.0,11370.0,13189.0,0.0378250904197787
20250915,NR2511,12710.0,75663.0,68965.0,0.0329994315205922
20250915,NR2512,12745.0,7385.0,25398.0,0.0282131791402726
20250915,NR2601,12775.0,10026.0,21441.0,0.0093896718405809
20250915,NR2602,12785.0,252.0,3315.0,-0.0423115031895922
20250915,NR2603,12740.0,13.0,1412.0,0.0376175856644577
20250915,NR2604,12780.0,52.0,1714.0,0.0515323844845799
20250915,NR2605,12835.0,8.0,240.0,-0.1884608817953548
20250915,NR2606,12635.0,0.0,12.0,0.0142376920004605
20250915,NR2607,12650.0,0.0,6.0,0.0331557345325912
20250915,NR2608,12685.0,0.0,6.0,0.0
20250916,NR2510,12680.0,7549.0,12318.0,0.0330773983800382
20250916,NR2511,12715.0,68982.0,65091.0,0.0423945485107302
20250916,NR2512,12760.0,6507.0,25554.0,0.0281800520892891
20250916,NR2601,12790.0,11783.0,21501.0,-0.0046920821712161
20250916,NR2602,12785.0,101.0,3291.0,-0.0234879699180739
20250916,NR2603,12760.0,22.0,1400.0,0.0328703003412987
20250916,NR2604,12795.0,26.0,1702.0,0.0281030573409734
20250916,NR2605,12825.0,0.0,240.0,-0.1791078026001084
20250916,NR2606,12635.0,0.0,12.0,0.0189798378831573
20250916,NR2607,12655.0,0.0,6.0,0.0284135886498931
20250916,NR2608,12685.0,0.0,6.0,0.0
20250916,NR2609,12685.0,0.0,0.0,0.0
20250917,NR2510,12530.0,3689.0,11634.0,0.0573249497793468
20250917,NR2511,12590.0,69049.0,65239.0,0.0380650596737277
20250917,NR2512,12630.0,6583.0,26307.0,0.0332081650948653
20250917,NR2601,12665.0,13338.0,21586.0,0.0094711922832985
20250917,NR2602,12675.0,540.0,3245.0,-0.0142095931346003
20250917,NR2603,12660.0,151.0,1516.0,0.0284023801231949
20250917,NR2604,12690.0,106.0,1660.0,-0.0568721443667587
20250917,NR2605,12630.0,3.0,239.0,0.0047496537330932
20250917,NR2606,12635.0,0.0,12.0,0.0189798378831573
20250917,NR2607,12655.0,0.0,6.0,0.0284135886498931
20250917,NR2608,12685.0,0.0,6.0,0.0
20250917,NR2609,12685.0,0.0,0.0,0.0
20250918,NR2510,12300.0,5061.0,10639.0,0.0
20250918,NR2511,12300.0,118055.0,69153.0,0.0438223250252522
20250918,NR2512,12345.0,17991.0,27705.0,0.0339737335116874
20250918,NR2601,12380.0,23062.0,21567.0,0.0
20250918,NR2602,12380.0,479.0,3310.0,-0.0777960585369391
20250918,NR2603,12300.0,41.0,1499.0,0.082641606755412
20250918,NR2604,12385.0,99.0,1666.0,0.0868869443551138
20250918,NR2605,12475.0,12.0,240.0,-0.0337146519185883
20250918,NR2606,12440.0,1.0,11.0,0.2056236802326488
20250918,NR2607,12655.0,0.0,6.0,0.0284135886498931
20250918,NR2608,12685.0,0.0,6.0,-0.2340372688825415
20250918,NR2609,12440.0,2.0,0.0,0.0
20250919,NR2510,12300.0,3742.0,9245.0,0.0
20250919,NR2511,12300.0,83165.0,65754.0,0.0486816083473736
20250919,NR2512,12350.0,16509.0,29148.0,0.043645228958012
20250919,NR2601,12395.0,14336.0,22346.0,0.0193470416757134
20250919,NR2602,12415.0,193.0,3290.0,-0.0629922706337241
20250919,NR2603,12350.0,11.0,1498.0,0.0823081701765812
20250919,NR2604,12435.0,33.0,1672.0,0.0289156766418372
20250919,NR2605,12465.0,2.0,241.0,-0.0240915559738534
20250919,NR2606,12440.0,0.0,11.0,0.2008815343499502
20250919,NR2607,12650.0,0.0,6.0,0.0331557345325912
20250919,NR2608,12685.0,0.0,6.0,-0.1667024228691053
20250919,NR2609,12510.0,0.0,0.0,0.0
20251027,NR2511,12555.0,3211.0,6520.0,0.0
20251027,NR2512,12540.0,63427.0,51038.0,0.0
20251027,NR2601,12555.0,19673.0,42797.0,0.0
20251027,NR2602,12540.0,1707.0,7148.0,0.0
20251027,NR2603,12500.0,359.0,2712.0,0.0
20251027,NR2604,12485.0,56.0,1917.0,0.0
20251027,NR2605,12535.0,37.0,444.0,0.0
20251027,NR2606,12565.0,0.0,28.0,0.0
20251027,NR2607,12490.0,0.0,13.0,0.0
20251027,NR2608,12390.0,0.0,18.0,0.0
20251027,NR2609,12565.0,3.0,4.0,0.0
20251027,NR2610,12530.0,4.0,5.0,0.0
20251028,NR2511,12510.0,6226.0,4621.0,0.0
20251028,NR2512,12530.0,64201.0,46472.0,0.0
20251028,NR2601,12525.0,26028.0,45254.0,0.0
20251028,NR2602,12520.0,2631.0,7644.0,0.0
20251028,NR2603,12485.0,566.0,2720.0,0.0
20251028,NR2604,12500.0,80.0,1914.0,0.0
20251028,NR2605,12505.0,157.0,464.0,0.0
20251028,NR2606,12500.0,27.0,40.0,0.0
20251028,NR2607,12575.0,11.0,16.0,0.0
20251028,NR2608,12590.0,5.0,23.0,0.0
20251028,NR2609,12545.0,1.0,5.0,0.0
20251028,NR2610,12545.0,1.0,4.0,0.0
20251029,NR2511,12680.0,4596.0,3278.0,0.0
20251029,NR2512,12720.0,91874.0,40039.0,0.0
20251029,NR2601,12730.0,51522.0,51887.0,0.0
20251029,NR2602,12700.0,7521.0,9507.0,0.0
20251029,NR2603,12650.0,3007.0,3894.0,0.0
20251029,NR2604,12645.0,473.0,1926.0,0.0
20251029,NR2605,12650.0,126.0,531.0,0.0
20251029,NR2606,12630.0,11.0,51.0,0.0
20251029,NR2607,12635.0,1.0,17.0,0.0
20251029,NR2608,12675.0,7.0,22.0,0.0
20251029,NR2609,12545.0,0.0,5.0,0.0
20251029,NR2610,12705.0,3.0,3.0,0.0
20251030,NR2511,12465.0,848.0,3045.0,0.0
20251030,NR2512,12525.0,60612.0,34659.0,0.0
20251030,NR2601,12545.0,45665.0,55534.0,0.0
20251030,NR2602,12535.0,8236.0,10115.0,0.0
20251030,NR2603,12535.0,2544.0,4784.0,0.0
20251030,NR2604,12485.0,542.0,2180.0,0.0
20251030,NR2605,12550.0,140.0,543.0,0.0
20251030,NR2606,12545.0,12.0,52.0,0.0
20251030,NR2607,12540.0,3.0,19.0,0.0
20251030,NR2608,12545.0,2.0,20.0,0.0
20251030,NR2609,12545.0,0.0,5.0,0.0
20251030,NR2610,12635.0,0.0,3.0,0.0
20251031,NR2511,12125.0,1369.0,2600.0,0.0
20251031,NR2512,12230.0,66004.0,30436.0,0.0
20251031,NR2601,12240.0,54727.0,55953.0,0.0
20251031,NR2602,12255.0,6680.0,10801.0,0.0
20251031,NR2603,12250.0,1266.0,4714.0,0.0
20251031,NR2604,12240.0,126.0,2186.0,0.0
20251031,NR2605,12270.0,82.0,551.0,0.0
20251031,NR2606,12305.0,14.0,48.0,0.0
20251031,NR2607,12375.0,5.0,15.0,0.0
20251031,NR2608,12305.0,6.0,18.0,0.0
20251031,NR2609,12305.0,11.0,6.0,0.0
20251031,NR2610,12295.0,8.0,3.0,0.0
20251103,NR2511,12150.0,200.0,2430.0,0.0
20251103,NR2512,12200.0,39653.0,27744.0,0.0
20251103,NR2601,12210.0,39788.0,57361.0,0.0
20251103,NR2602,12230.0,5379.0,11320.0,0.0
20251103,NR2603,12230.0,804.0,4764.0,0.0
20251103,NR2604,12255.0,263.0,2258.0,0.0
20251103,NR2605,12265.0,122.0,609.0,0.0
20251103,NR2606,12320.0,22.0,48.0,0.0
20251103,NR2607,12335.0,12.0,13.0,0.0
20251103,NR2608,12385.0,4.0,17.0,0.0
20251103,NR2609,12420.0,16.0,13.0,0.0
20251103,NR2610,12470.0,10.0,4.0,0.0
20251104,NR2511,11920.0,80.0,2390.0,0.0
20251104,NR2512,11940.0,36718.0,23882.0,0.0
20251104,NR2601,11960.0,62052.0,62961.0,0.0
20251104,NR2602,11995.0,8878.0,13217.0,0.0
20251104,NR2603,12020.0,2160.0,5060.0,0.0
20251104,NR2604,12040.0,291.0,2314.0,0.0
20251104,NR2605,12050.0,397.0,728.0,0.0
20251104,NR2606,12085.0,23.0,40.0,0.0
20251104,NR2607,12235.0,0.0,13.0,0.0
20251104,NR2608,12295.0,0.0,17.0,0.0
20251104,NR2609,12125.0,4.0,13.0,0.0
20251104,NR2610,12275.0,1.0,5.0,0.0
20251105,NR2511,11850.0,270.0,2350.0,0.0
20251105,NR2512,11935.0,23746.0,21504.0,0.0
20251105,NR2601,11935.0,62883.0,67977.0,0.0
20251105,NR2602,11950.0,6623.0,14204.0,0.0
20251105,NR2603,11990.0,1187.0,5408.0,0.0
20251105,NR2604,12015.0,443.0,2475.0,0.0
20251105,NR2605,12075.0,406.0,807.0,0.0
20251105,NR2606,12030.0,12.0,39.0,0.0
20251105,NR2607,12100.0,2.0,15.0,0.0
20251105,NR2608,12295.0,0.0,17.0,0.0
20251105,NR2609,12195.0,4.0,13.0,0.0
20251105,NR2610,12070.0,1.0,4.0,0.0
20251106,NR2511,12045.0,360.0,2150.0,0.0
20251106,NR2512,12115.0,22891.0,18810.0,0.0
20251106,NR2601,12130.0,69358.0,70575.0,0.0
20251106,NR2602,12145.0,6917.0,14453.0,0.0
20251106,NR2603,12175.0,733.0,5274.0,0.0
20251106,NR2604,12225.0,172.0,2406.0,0.0
20251106,NR2605,12220.0,125.0,788.0,0.0
20251106,NR2606,12260.0,7.0,38.0,0.0
20251106,NR2607,12205.0,2.0,14.0,0.0
20251106,NR2608,12295.0,0.0,17.0,0.0
20251106,NR2609,12300.0,4.0,11.0,0.0
20251106,NR2610,12220.0,1.0,4.0,0.0
20251107,NR2511,12020.0,280.0,2150.0,0.0
20251107,NR2512,12030.0,12961.0,17920.0,0.0
20251107,NR2601,12035.0,45757.0,70691.0,0.0
20251107,NR2602,12065.0,4307.0,15034.0,0.0
20251107,NR2603,12085.0,387.0,5332.0,0.0
20251107,NR2604,12125.0,35.0,2412.0,0.0
20251107,NR2605,12160.0,19.0,789.0,0.0
20251107,NR2606,12190.0,0.0,38.0,0.0
20251107,NR2607,12210.0,0.0,14.0,0.0
20251107,NR2608,12295.0,0.0,17.0,0.0
20251107,NR2609,12280.0,3.0,13.0,0.0
20251107,NR2610,12320.0,3.0,6.0,0.0
20251110,NR2511,12060.0,170.0,2110.0,0.0
20251110,NR2512,12145.0,14539.0,16925.0,0.0
20251110,NR2601,12165.0,47925.0,69351.0,0.0
20251110,NR2602,12195.0,6313.0,15423.0,0.0
20251110,NR2603,12205.0,712.0,5205.0,0.0
20251110,NR2604,12240.0,157.0,2446.0,0.0
20251110,NR2605,12265.0,52.0,797.0,0.0
20251110,NR2606,12185.0,2.0,37.0,0.0
20251110,NR2607,12210.0,0.0,14.0,0.0
20251110,NR2608,12295.0,0.0,17.0,0.0
20251110,NR2609,12305.0,1.0,14.0,0.0
20251110,NR2610,12320.0,2.0,4.0,0.0
20251111,NR2511,12070.0,40.0,2090.0,0.0
20251111,NR2512,12100.0,10676.0,16163.0,0.0
20251111,NR2601,12125.0,40166.0,69173.0,0.0
20251111,NR2602,12140.0,4259.0,15606.0,0.0
20251111,NR2603,12180.0,309.0,5254.0,0.0
20251111,NR2604,12205.0,56.0,2440.0,0.0
20251111,NR2605,12260.0,26.0,792.0,0.0
20251111,NR2606,12315.0,7.0,31.0,0.0
20251111,NR2607,12210.0,0.0,14.0,0.0
20251111,NR2608,12295.0,0.0,17.0,0.0
20251111,NR2609,12305.0,0.0,14.0,0.0
20251111,NR2610,12320.0,0.0,4.0,0.0
20251112,NR2511,12135.0,100.0,2040.0,0.0247218788627927
20251112,NR2512,12160.0,10432.0,15203.0,0.0002217622708456
20251112,NR2601,12180.0,40634.0,68949.0,0.0344827586206886
20251112,NR2602,12215.0,3840.0,16143.0,0.0392959476054031
20251112,NR2603,12255.0,424.0,5346.0,0.024479804161567
20251112,NR2604,12280.0,78.0,2470.0,0.0439739413680788
20251112,NR2605,12325.0,87.0,849.0,0.0048681541582151
20251112,NR2606,12330.0,1.0,31.0,-0.116788321167883
20251112,NR2607,12210.0,0.0,14.0,0.0835380835380839
20251112,NR2608,12295.0,0.0,17.0,0.019520130134202
20251112,NR2609,12315.0,0.0,14.0,0.0048721071863573
20251112,NR2610,12320.0,0.0,4.0,0.0
20251113,NR2511,12310.0,20.0,1830.0,0.0
20251113,NR2512,12370.0,15246.0,13572.0,0.0
20251113,NR2601,12400.0,63197.0,68343.0,0.0
20251113,NR2602,12425.0,9250.0,17056.0,0.0
20251113,NR2603,12445.0,1047.0,5162.0,0.0
20251113,NR2604,12455.0,124.0,2404.0,0.0
20251113,NR2605,12490.0,157.0,828.0,0.0
20251113,NR2606,12460.0,29.0,32.0,0.0
20251113,NR2607,12515.0,10.0,20.0,0.0
20251113,NR2608,12510.0,13.0,26.0,0.0
20251113,NR2609,12550.0,5.0,15.0,0.0
20251113,NR2610,12405.0,0.0,4.0,0.0
20251114,NR2511,12170.0,10.0,1820.0,0.0
20251114,NR2512,12245.0,9748.0,12807.0,0.0
20251114,NR2601,12265.0,46360.0,65922.0,0.0
20251114,NR2602,12295.0,5614.0,17534.0,0.0
20251114,NR2603,12300.0,1021.0,5281.0,0.0
20251114,NR2604,12365.0,305.0,2347.0,0.0
20251114,NR2605,12410.0,47.0,833.0,0.0
20251114,NR2606,12385.0,3.0,31.0,0.0
20251114,NR2607,12415.0,1.0,20.0,0.0
20251114,NR2608,12425.0,3.0,24.0,0.0
20251114,NR2609,12450.0,0.0,15.0,0.0
20251114,NR2610,12405.0,0.0,4.0,0.0
20251117,NR2511,12200.0,40.0,1780.0,0.1278688524590174
20251117,NR2512,12330.0,9756.0,12235.0,0.0002733809016102
20251117,NR2601,12355.0,53841.0,64475.0,0.0145690004046956
20251117,NR2602,12370.0,9481.0,17983.0,0.029102667744544
20251117,NR2603,12400.0,979.0,5455.0,0.0048387096774202
20251117,NR2604,12405.0,50.0,2354.0,0.0290205562273264
20251117,NR2605,12435.0,42.0,846.0,0.0241254523522318
20251117,NR2606,12460.0,3.0,32.0,0.0048154093097902
20251117,NR2607,12465.0,11.0,25.0,-0.1058965102286397
20251117,NR2608,12355.0,1.0,23.0,0.1311210036422503
20251117,NR2609,12490.0,3.0,13.0,-0.0816653322658123
20251117,NR2610,12405.0,0.0,4.0,0.0
20251118,NR2512,12325.0,9400.0,11043.0,0.000218793445313
20251118,NR2601,12345.0,53163.0,61403.0,0.014580801944108
20251118,NR2602,12360.0,7320.0,18177.0,0.024271844660193
20251118,NR2603,12385.0,3421.0,6390.0,0.0193782801776345
20251118,NR2604,12405.0,166.0,2284.0,0.0145102781136632
20251118,NR2605,12420.0,120.0,820.0,0.0579710144927538
20251118,NR2606,12480.0,1.0,31.0,-0.0625000000000004
20251118,NR2607,12415.0,0.0,25.0,-0.0579943616592832
20251118,NR2608,12355.0,0.0,23.0,0.160259004451639
20251118,NR2609,12520.0,1.0,13.0,-0.1102236421725235
20251118,NR2610,12405.0,0.0,4.0,0.0
20251118,NR2611,12405.0,0.0,0.0,0.0
20251119,NR2512,12455.0,13526.0,9583.0,0.0002706372153234
20251119,NR2601,12480.0,65755.0,61464.0,0.028846153846155
20251119,NR2602,12510.0,10739.0,19076.0,-0.0095923261390882
20251119,NR2603,12500.0,2056.0,6614.0,0.0384000000000011
20251119,NR2604,12540.0,75.0,2280.0,0.0239234449760772
20251119,NR2605,12565.0,71.0,824.0,-0.0525268603263033
20251119,NR2606,12510.0,18.0,34.0,0.014388489208633
20251119,NR2607,12525.0,1.0,25.0,-0.1149700598802399
20251119,NR2608,12405.0,0.0,23.0,0.1112454655380901
20251119,NR2609,12520.0,0.0,13.0,-0.0766773162939293
20251119,NR2610,12440.0,0.0,4.0,-0.0337620578778135
20251119,NR2611,12405.0,0.0,0.0,0.0
20251120,NR2512,12295.0,9942.0,8638.0,0.0002741591310983
20251120,NR2601,12320.0,57161.0,62272.0,0.0194805194805196
20251120,NR2602,12340.0,12389.0,20572.0,0.0048622366288499
20251120,NR2603,12345.0,1919.0,7284.0,0.0486026731470223
20251120,NR2604,12395.0,73.0,2298.0,0.0290439693424771
20251120,NR2605,12425.0,70.0,834.0,0.0048289738430575
20251120,NR2606,12430.0,8.0,29.0,0.0048270313757026
20251120,NR2607,12435.0,4.0,24.0,-0.0289505428226779
20251120,NR2608,12405.0,0.0,23.0,0.1112454655380901
20251120,NR2609,12520.0,0.0,13.0,-0.0766773162939293
20251120,NR2610,12440.0,0.0,4.0,-0.0337620578778135
20251120,NR2611,12405.0,0.0,0.0,0.0
20251121,NR2512,12260.0,7210.0,7503.0,0.0002749418039848
20251121,NR2601,12285.0,103401.0,58511.0,0.0146520146520146
20251121,NR2602,12300.0,24657.0,21975.0,0.0341463414634155
20251121,NR2603,12335.0,3503.0,7861.0,0.0097284150790439
20251121,NR2604,12345.0,339.0,2281.0,0.0097205346294044
20251121,NR2605,12355.0,433.0,933.0,0.0485633346823153
20251121,NR2606,12405.0,47.0,14.0,0.0290205562273264
20251121,NR2607,12435.0,29.0,9.0,0.0772014475271403
20251121,NR2608,12515.0,6.0,21.0,0.0095884938074322
20251121,NR2609,12525.0,2.0,13.0,-0.0814371257485024
20251121,NR2610,12440.0,0.0,4.0,-0.0337620578778135
20251121,NR2611,12405.0,0.0,0.0,0.0
20251124,NR2512,12250.0,5582.0,6620.0,0.0002751662462737
20251124,NR2601,12275.0,81414.0,56956.0,0.034215885947046
20251124,NR2602,12310.0,27806.0,23996.0,0.0194963444354181
20251124,NR2603,12330.0,4493.0,9817.0,0.0486618004866175
20251124,NR2604,12380.0,527.0,2373.0,0.0290791599353807
20251124,NR2605,12410.0,336.0,1058.0,0.0966962127316684
20251124,NR2606,12510.0,8.0,14.0,0.0095923261390895
20251124,NR2607,12520.0,1.0,10.0,0.0287539936102243
20251124,NR2608,12550.0,1.0,21.0,0.0047808764940233
20251124,NR2609,12555.0,0.0,13.0,-0.1099163679808845
20251124,NR2610,12440.0,0.0,4.0,-0.0337620578778135
20251124,NR2611,12405.0,0.0,0.0,0.0
20251125,NR2512,12130.0,6174.0,5450.0,0.0002223107348296
20251125,NR2601,12150.0,70405.0,55468.0,0.0296296296296292
20251125,NR2602,12180.0,25471.0,27249.0,0.014778325123153
20251125,NR2603,12195.0,4821.0,10558.0,0.0147601476014758
20251125,NR2604,12210.0,839.0,2389.0,0.0196560196560184
20251125,NR2605,12230.0,567.0,1150.0,0.0294358135731798
20251125,NR2606,12260.0,12.0,16.0,0.1125611745513861
20251125,NR2607,12375.0,4.0,13.0,0.1696969696969708
20251125,NR2608,12550.0,0.0,21.0,0.0047808764940233
20251125,NR2609,12555.0,0.0,13.0,-0.1099163679808845
20251125,NR2610,12440.0,0.0,4.0,-0.0337620578778135
20251125,NR2611,12405.0,0.0,0.0,0.0
20251126,NR2512,12135.0,6144.0,4846.0,0.000333328703768
20251126,NR2601,12165.0,73347.0,52504.0,0.0246609124537595
20251126,NR2602,12190.0,31152.0,32184.0,0.0196882690730113
20251126,NR2603,12210.0,7875.0,11248.0,0.0196560196560184
20251126,NR2604,12230.0,1190.0,2567.0,0.0147179067865899
20251126,NR2605,12245.0,817.0,1422.0,-0.04899959167007
20251126,NR2606,12195.0,4.0,17.0,0.0344403444034435
20251126,NR2607,12230.0,2.0,12.0,0.0588716271463622
20251126,NR2608,12290.0,1.0,21.0,0.087876322213181
20251126,NR2609,12380.0,4.0,13.0,0.0581583198707589
20251126,NR2610,12440.0,0.0,4.0,-0.0337620578778135
20251126,NR2611,12405.0,0.0,0.0,0.0
20251127,NR2512,12155.0,2228.0,4292.0,0.000554633733748
20251127,NR2601,12205.0,49698.0,49887.0,0.0294961081523972
20251127,NR2602,12235.0,22731.0,36031.0,0.0343277482631787
20251127,NR2603,12270.0,5834.0,12432.0,0.0097799511002438
20251127,NR2604,12280.0,413.0,2629.0,0.0097719869706827
20251127,NR2605,12290.0,688.0,1889.0,-0.0195280716029286
20251127,NR2606,12270.0,3.0,18.0,-0.0440097799511001
20251127,NR2607,12225.0,0.0,12.0,0.0638036809815938
20251127,NR2608,12290.0,0.0,21.0,0.0634662327095192
20251127,NR2609,12355.0,0.0,13.0,0.082557668959935
20251127,NR2610,12440.0,0.0,4.0,-0.0337620578778135
20251127,NR2611,12405.0,0.0,0.0,0.0
20251128,NR2512,12215.0,2800.0,3376.0,0.0006622912517764
20251128,NR2601,12275.0,74950.0,46947.0,0.0146639511201618
20251128,NR2602,12290.0,32525.0,39691.0,0.0146460537021981
20251128,NR2603,12305.0,12442.0,14546.0,0.0438845997561969
20251128,NR2604,12350.0,451.0,2617.0,0.0048582995951429
20251128,NR2605,12355.0,726.0,2156.0,0.009712666936462
20251128,NR2606,12365.0,2.0,17.0,-0.126162555600485
20251128,NR2607,12235.0,0.0,12.0,0.0539436044135666
20251128,NR2608,12290.0,0.0,21.0,0.1366965012205048
20251128,NR2609,12430.0,1.0,13.0,0.0096540627514079
20251128,NR2610,12440.0,0.0,4.0,-0.0337620578778135
20251128,NR2611,12405.0,0.0,0.0,0.0
20251201,NR2512,12140.0,576.0,3170.0,0.0003331914184699
20251201,NR2601,12170.0,72806.0,45211.0,0.0098603122432212
20251201,NR2602,12180.0,39526.0,40561.0,0.0197044334975382
20251201,NR2603,12200.0,13569.0,14379.0,0.0049180327868851
20251201,NR2604,12205.0,185.0,2586.0,0.0
20251201,NR2605,12205.0,401.0,2220.0,-0.009832036050799
20251201,NR2606,12195.0,6.0,20.0,0.0393603936039355
20251201,NR2607,12235.0,0.0,12.0,0.0539436044135666
20251201,NR2608,12290.0,0.0,21.0,-0.0292921074043936
20251201,NR2609,12260.0,1.0,12.0,0.1761827079934752
20251201,NR2610,12440.0,0.0,4.0,-0.0337620578778135
20251201,NR2611,12405.0,0.0,0.0,0.0
20251202,NR2512,12150.0,340.0,3200.0,0.0008877791649327
20251202,NR2601,12230.0,60840.0,42278.0,0.0049059689288633
20251202,NR2602,12235.0,32310.0,43303.0,0.0245198201879848
20251202,NR2603,12260.0,6403.0,14679.0,0.0048939641109289
20251202,NR2604,12265.0,581.0,2414.0,0.024459845087648
20251202,NR2605,12290.0,553.0,2254.0,-0.0634662327095205
20251202,NR2606,12225.0,1.0,20.0,0.0098159509202462
20251202,NR2607,12235.0,0.0,12.0,0.0539436044135666
20251202,NR2608,12290.0,0.0,21.0,0.0585842148087873
20251202,NR2609,12350.0,1.0,12.0,0.0874493927125517
20251202,NR2610,12440.0,0.0,4.0,-0.0337620578778135
20251202,NR2611,12405.0,0.0,0.0,0.0
20251203,NR2512,12010.0,110.0,3190.0,0.0008419949667411
20251203,NR2601,12085.0,52561.0,39260.0,0.0
20251203,NR2602,12085.0,35093.0,45633.0,0.0198593297476206
20251203,NR2603,12105.0,6317.0,15505.0,0.0148698884758369
20251203,NR2604,12120.0,765.0,2397.0,0.0396039603960387
20251203,NR2605,12160.0,545.0,2230.0,-0.0098684210526318
20251203,NR2606,12150.0,8.0,27.0,0.0641975308641971
20251203,NR2607,12215.0,0.0,12.0,0.0
20251203,NR2608,12215.0,4.0,22.0,0.0196479738027015
20251203,NR2609,12235.0,4.0,11.0,0.2010625255414782
20251203,NR2610,12440.0,0.0,4.0,-0.0337620578778135
20251203,NR2611,12405.0,0.0,0.0,0.0
20251204,NR2512,11945.0,130.0,3200.0,0.000282192257585
20251204,NR2601,11970.0,58634.0,36885.0,-0.0050125313283211
20251204,NR2602,11965.0,44976.0,48979.0,0.0
20251204,NR2603,11965.0,11843.0,18258.0,0.0250731299623909
20251204,NR2604,11990.0,935.0,2506.0,0.0100083402835693
20251204,NR2605,12000.0,279.0,2338.0,0.044999999999999
20251204,NR2606,12045.0,9.0,31.0,0.0348692403486934
20251204,NR2607,12080.0,1.0,12.0,0.0099337748344368
20251204,NR2608,12090.0,4.0,24.0,0.0297766749379642
20251204,NR2609,12120.0,3.0,12.0,0.262376237623763
20251204,NR2610,12385.0,0.0,4.0,0.0096891400888159
20251204,NR2611,12395.0,0.0,0.0,0.0
20251205,NR2512,11960.0,420.0,3150.0,0.0009582503476006
20251205,NR2601,12045.0,36407.0,33701.0,-0.0049813200498127
20251205,NR2602,12040.0,35009.0,50598.0,0.0099667774086382
20251205,NR2603,12050.0,7800.0,18608.0,0.0149377593360995
20251205,NR2604,12065.0,1832.0,2558.0,-0.014919187733112
20251205,NR2605,12050.0,573.0,2515.0,0.0199170124481327
20251205,NR2606,12070.0,15.0,35.0,0.0099420049710037
20251205,NR2607,12080.0,0.0,12.0,0.0198675496688736
20251205,NR2608,12100.0,0.0,24.0,0.0049586776859502
20251205,NR2609,12105.0,0.0,12.0,0.277571251548947
20251205,NR2610,12385.0,0.0,4.0,0.0096891400888159
20251205,NR2611,12395.0,0.0,0.0,0.0
20251208,NR2512,12045.0,260.0,3030.0,0.0002238795528006
20251208,NR2601,12065.0,31163.0,29787.0,0.0149191877331134
20251208,NR2602,12080.0,55022.0,54493.0,0.0198675496688736
20251208,NR2603,12100.0,8646.0,19568.0,0.0148760330578507
20251208,NR2604,12115.0,958.0,2630.0,0.0148576145274459
20251208,NR2605,12130.0,331.0,2509.0,0.0395713107996709
20251208,NR2606,12170.0,1.0,35.0,-0.0887428101889886
20251208,NR2607,12080.0,0.0,12.0,0.0198675496688736
20251208,NR2608,12100.0,0.0,24.0,0.0942148760330576
20251208,NR2609,12195.0,0.0,12.0,0.1869618696186963
20251208,NR2610,12385.0,0.0,4.0,0.0096891400888159
20251208,NR2611,12395.0,0.0,0.0,0.0
20251209,NR2512,12020.0,0.0,3030.0,0.0005047766830563
20251209,NR2601,12065.0,25146.0,25909.0,0.0149191877331134
20251209,NR2602,12080.0,70497.0,56144.0,0.0099337748344368
20251209,NR2603,12090.0,9711.0,20654.0,0.0
20251209,NR2604,12090.0,1257.0,2619.0,0.0
20251209,NR2605,12090.0,526.0,2654.0,0.0446650124069476
20251209,NR2606,12135.0,9.0,41.0,0.0
20251209,NR2607,12135.0,0.0,12.0,-0.0346106304079114
20251209,NR2608,12100.0,0.0,24.0,0.1884297520661153
20251209,NR2609,12290.0,1.0,11.0,0.0927583401139129
20251209,NR2610,12385.0,0.0,4.0,0.0096891400888159
20251209,NR2611,12395.0,0.0,0.0,0.0
20251210,NR2512,12020.0,0.0,3030.0,0.0024677971171642
20251210,NR2601,12240.0,25706.0,22392.0,0.0294117647058822
20251210,NR2602,12270.0,85503.0,59310.0,0.0097799511002438
20251210,NR2603,12280.0,14396.0,22725.0,0.0146579804560253
20251210,NR2604,12295.0,940.0,2870.0,-0.0048800325335505
20251210,NR2605,12290.0,216.0,2672.0,0.1025223759153792
20251210,NR2606,12395.0,6.0,41.0,-0.203307785397337
20251210,NR2607,12185.0,0.0,12.0,0.1034058268362754
20251210,NR2608,12290.0,2.0,25.0,0.0
20251210,NR2609,12290.0,0.0,11.0,0.0927583401139129
20251210,NR2610,12385.0,0.0,4.0,-0.0726685506661288
20251210,NR2611,12310.0,1.0,1.0,0.0
20251211,NR2512,12195.0,10.0,3020.0,0.0005528145169092
20251211,NR2601,12245.0,13579.0,20319.0,0.0244997958350356
20251211,NR2602,12270.0,66786.0,58112.0,0.0097799511002438
20251211,NR2603,12280.0,17385.0,25999.0,0.0097719869706827
20251211,NR2604,12290.0,1710.0,3037.0,0.01952807160293
20251211,NR2605,12310.0,377.0,2748.0,-0.0584890333062544
20251211,NR2606,12250.0,1.0,42.0,-0.0636734693877545
20251211,NR2607,12185.0,0.0,12.0,0.1427985227739014
20251211,NR2608,12330.0,0.0,25.0,-0.0389294403892948
20251211,NR2609,12290.0,0.0,11.0,0.180634662327094
20251211,NR2610,12475.0,1.0,5.0,-0.1587174348697391
20251211,NR2611,12310.0,0.0,1.0,0.0
20251212,NR2512,12250.0,10.0,3030.0,0.0005503324925475
20251212,NR2601,12300.0,13466.0,17726.0,0.0292682926829268
20251212,NR2602,12330.0,72515.0,61643.0,-0.004866180048662
20251212,NR2603,12325.0,22394.0,28478.0,0.0
20251212,NR2604,12325.0,2350.0,4015.0,0.0194726166328607
20251212,NR2605,12345.0,856.0,3043.0,0.0583232077764268
20251212,NR2606,12405.0,702.0,347.0,0.0483675937122134
20251212,NR2607,12455.0,1.0,11.0,-0.0144520272982733
20251212,NR2608,12440.0,12.0,23.0,0.0627009646302241
20251212,NR2609,12505.0,3.0,12.0,-0.1199520191923224
20251212,NR2610,12380.0,2.0,6.0,0.135702746365105
20251212,NR2611,12520.0,1.0,2.0,0.0
20251215,NR2512,12305.0,150.0,2950.0,0.0003835108592926
20251215,NR2601,12340.0,12546.0,16142.0,0.0194489465153973
20251215,NR2602,12360.0,75883.0,60954.0,-0.0048543689320386
20251215,NR2603,12355.0,24437.0,30240.0,0.0145690004046956
20251215,NR2604,12370.0,2266.0,4255.0,0.0194017784963627
20251215,NR2605,12390.0,1104.0,3454.0,0.0484261501210658
20251215,NR2606,12440.0,1227.0,909.0,0.0144694533762059
20251215,NR2607,12455.0,2.0,12.0,0.0433560818948226
20251215,NR2608,12500.0,2.0,23.0,-0.0432000000000005
20251215,NR2609,12455.0,1.0,12.0,-0.0722601364913693
20251215,NR2610,12380.0,0.0,6.0,0.1114701130856223
20251215,NR2611,12495.0,0.0,2.0,0.0
20251216,NR2601,12345.0,8183.0,14184.0,0.0388821385176179
20251216,NR2602,12385.0,54890.0,59234.0,0.0048445700444093
20251216,NR2603,12390.0,17236.0,31491.0,-0.0048426150121065
20251216,NR2604,12385.0,1434.0,4574.0,0.038756560355269
20251216,NR2605,12425.0,1069.0,3943.0,0.0096579476861178
20251216,NR2606,12435.0,444.0,1000.0,0.0241254523522318
20251216,NR2607,12460.0,2.0,12.0,0.0192616372391665
20251216,NR2608,12480.0,3.0,23.0,-0.0048076923076929
20251216,NR2609,12475.0,1.0,12.0,0.0096192384769544
20251216,NR2610,12485.0,3.0,5.0,-0.0144173007609129
20251216,NR2611,12470.0,1.0,3.0,-0.0433039294306341
20251216,NR2612,12425.0,1.0,1.0,0.0
20251217,NR2601,12520.0,10735.0,12080.0,0.0479233226837063
20251217,NR2602,12570.0,72331.0,61828.0,0.0
20251217,NR2603,12570.0,30953.0,35706.0,-0.014319809069212
20251217,NR2604,12555.0,2593.0,4858.0,0.0143369175627245
20251217,NR2605,12570.0,1268.0,4147.0,0.0381861575179005
20251217,NR2606,12610.0,945.0,1439.0,-0.0999206978588418
20251217,NR2607,12505.0,0.0,12.0,-0.0479808076769292
20251217,NR2608,12455.0,2.0,24.0,0.2023283821758319
20251217,NR2609,12665.0,4.0,10.0,-0.1894986182392419
20251217,NR2610,12465.0,1.0,4.0,0.192539109506618
20251217,NR2611,12665.0,2.0,4.0,-0.2226608764311088
20251217,NR2612,12430.0,0.0,1.0,0.0
20251218,NR2601,12415.0,7833.0,10564.0,0.0386629077728546
20251218,NR2602,12455.0,65858.0,59257.0,0.0048173424327586
20251218,NR2603,12460.0,24585.0,38688.0,-0.0096308186195832
20251218,NR2604,12450.0,1382.0,5091.0,0.0240963855421689
20251218,NR2605,12475.0,658.0,4171.0,0.0529058116232468
20251218,NR2606,12530.0,179.0,1447.0,-0.0239425379090185
20251218,NR2607,12505.0,0.0,12.0,-0.0527788884446223
20251218,NR2608,12450.0,0.0,24.0,0.1783132530120488
20251218,NR2609,12635.0,7.0,12.0,0.0
20251218,NR2610,12635.0,1.0,3.0,0.0
20251218,NR2611,12635.0,2.0,5.0,-0.1044717055797384
20251218,NR2612,12525.0,2.0,3.0,0.0
20251219,NR2601,12325.0,6675.0,8862.0,0.0340770791075062
20251219,NR2602,12360.0,52046.0,56602.0,0.024271844660193
20251219,NR2603,12385.0,19928.0,39443.0,0.0
20251219,NR2604,12385.0,1480.0,5291.0,0.0048445700444093
20251219,NR2605,12390.0,780.0,4110.0,0.0435835351089579
20251219,NR2606,12435.0,48.0,1451.0,0.0675512665862481
20251219,NR2607,12505.0,0.0,12.0,-0.0239904038384639
20251219,NR2608,12480.0,2.0,25.0,-0.0336538461538467
20251219,NR2609,12445.0,2.0,12.0,0.1832061068702293
20251219,NR2610,12635.0,0.0,3.0,-0.1757024139295602
20251219,NR2611,12450.0,1.0,5.0,0.0144578313253003
20251219,NR2612,12465.0,6.0,6.0,0.0
20251222,NR2601,12295.0,5840.0,7638.0,0.0585603904026035
20251222,NR2602,12355.0,53738.0,54992.0,0.0145690004046956
20251222,NR2603,12370.0,23943.0,40993.0,0.0097008892481813
20251222,NR2604,12380.0,2897.0,5727.0,0.0290791599353807
20251222,NR2605,12410.0,976.0,4285.0,0.0241740531829171
20251222,NR2606,12435.0,21.0,1447.0,-0.0241254523522318
20251222,NR2607,12410.0,1.0,12.0,0.0483481063658342
20251222,NR2608,12460.0,0.0,25.0,0.0144462279293735
20251222,NR2609,12475.0,0.0,12.0,0.0240480961923834
20251222,NR2610,12500.0,3.0,6.0,-0.048
20251222,NR2611,12450.0,0.0,5.0,0.0530120481927722
20251222,NR2612,12505.0,3.0,6.0,0.0
20251223,NR2601,12355.0,4793.0,6566.0,0.0485633346823153
20251223,NR2602,12405.0,49269.0,53329.0,0.0193470374848843
20251223,NR2603,12425.0,24588.0,41132.0,-0.0048289738430589
20251223,NR2604,12420.0,3693.0,7262.0,0.0289855072463769
20251223,NR2605,12450.0,810.0,4482.0,-0.0048192771084343
20251223,NR2606,12445.0,12.0,1445.0,0.0385697067095209
20251223,NR2607,12485.0,0.0,12.0,-0.0240288346015211
20251223,NR2608,12460.0,0.0,25.0,0.0144462279293735
20251223,NR2609,12475.0,0.0,12.0,0.1058116232464936
20251223,NR2610,12585.0,2.0,8.0,0.0047675804529205
20251223,NR2611,12590.0,2.0,7.0,-0.0857823669579027
20251223,NR2612,12500.0,0.0,6.0,0.0
20251224,NR2601,12550.0,6288.0,4694.0,0.0621513944223117
20251224,NR2602,12615.0,65471.0,51674.0,0.0285374554102268
20251224,NR2603,12645.0,31726.0,43803.0,-0.009489916963226
20251224,NR2604,12635.0,4562.0,8127.0,0.0284922833399292
20251224,NR2605,12665.0,1860.0,4645.0,-0.0142123963679425
20251224,NR2606,12650.0,20.0,1442.0,0.0
20251224,NR2607,12650.0,1.0,11.0,0.0142292490118576
20251224,NR2608,12665.0,1.0,25.0,-0.0521121200157912
20251224,NR2609,12610.0,1.0,12.0,-0.0237906423473432
20251224,NR2610,12585.0,0.0,8.0,0.0047675804529205
20251224,NR2611,12590.0,0.0,7.0,-0.0381254964257351
20251224,NR2612,12550.0,0.0,6.0,0.0
20251225,NR2601,12625.0,5026.0,4001.0,0.0665346534653466
20251225,NR2602,12695.0,75815.0,50850.0,0.0425364316660106
20251225,NR2603,12740.0,42825.0,51452.0,-0.0094191522762945
20251225,NR2604,12730.0,5064.0,9370.0,0.0047132757266288
20251225,NR2605,12735.0,1840.0,5206.0,0.0848056537102479
20251225,NR2606,12825.0,23.0,1455.0,0.0327485380116963
20251225,NR2607,12860.0,2.0,13.0,-0.0093312597200627
20251225,NR2608,12850.0,7.0,28.0,-0.056031128404669
20251225,NR2609,12790.0,3.0,12.0,0.0703674745895233
20251225,NR2610,12865.0,3.0,8.0,0.0466381655654881
20251225,NR2611,12915.0,3.0,7.0,-0.3205574912891986
20251225,NR2612,12570.0,0.0,6.0,0.0
20251226,NR2601,12675.0,2803.0,3525.0,0.0757396449704135
20251226,NR2602,12755.0,71165.0,46164.0,0.0235201881615045
20251226,NR2603,12780.0,47466.0,57254.0,0.0187793427230049
20251226,NR2604,12800.0,7197.0,10646.0,0.0187499999999989
20251226,NR2605,12820.0,2854.0,5559.0,0.0795631825273019
20251226,NR2606,12905.0,63.0,1478.0,-0.0511429678419221
20251226,NR2607,12850.0,2.0,11.0,-0.0093385214007781
20251226,NR2608,12840.0,5.0,27.0,-0.0841121495327099
20251226,NR2609,12750.0,0.0,12.0,0.0752941176470596
20251226,NR2610,12830.0,0.0,8.0,-0.0187061574434923
20251226,NR2611,12810.0,0.0,7.0,-0.1639344262295083
20251226,NR2612,12635.0,0.0,6.0,0.0
20251229,NR2601,12620.0,1784.0,2828.0,0.0427892234548323
20251229,NR2602,12665.0,64878.0,38242.0,0.0189498618239243
20251229,NR2603,12685.0,46961.0,61156.0,0.0141899881750093
20251229,NR2604,12700.0,7729.0,10350.0,0.0141732283464577
20251229,NR2605,12715.0,2600.0,5425.0,0.0424695241840344
20251229,NR2606,12760.0,546.0,1503.0,0.0987460815047018
20251229,NR2607,12865.0,0.0,11.0,0.0
20251229,NR2608,12865.0,0.0,27.0,0.2378546443839875
20251229,NR2609,13120.0,3.0,14.0,-0.2652439024390243
20251229,NR2610,12830.0,0.0,8.0,-0.0187061574434923
20251229,NR2611,12810.0,0.0,7.0,-0.1639344262295083
20251229,NR2612,12635.0,0.0,6.0,0.0
20251230,NR2601,12625.0,806.0,2389.0,0.0617821782178218
20251230,NR2602,12690.0,44852.0,35012.0,0.0330969267139487
20251230,NR2603,12725.0,39487.0,64269.0,0.0141453831041244
20251230,NR2604,12740.0,8423.0,11845.0,0.0235478806907369
20251230,NR2605,12765.0,2910.0,5503.0,0.0282021151586358
20251230,NR2606,12795.0,684.0,1523.0,-0.0609613130128954
20251230,NR2607,12730.0,1.0,11.0,0.1272584446190103
20251230,NR2608,12865.0,0.0,27.0,-0.0559657986785855
20251230,NR2609,12805.0,2.0,12.0,0.0234283483014436
20251230,NR2610,12830.0,0.0,8.0,0.0233826968043651
20251230,NR2611,12855.0,0.0,7.0,-0.2053675612602097
20251230,NR2612,12635.0,0.0,6.0,0.0
20251231,NR2601,12585.0,1201.0,1919.0,0.038140643623362
20251231,NR2602,12625.0,35904.0,29593.0,0.0285148514851485
20251231,NR2603,12655.0,42799.0,64862.0,0.0474120900829708
20251231,NR2604,12705.0,6238.0,11939.0,0.018890200708383
20251231,NR2605,12725.0,1703.0,5683.0,0.0047151277013757
20251231,NR2606,12730.0,138.0,1521.0,0.0329929300864098
20251231,NR2607,12765.0,1.0,11.0,0.0940070505287904
20251231,NR2608,12865.0,0.0,27.0,-0.0606296152351335
20251231,NR2609,12800.0,2.0,13.0,0.028125000000001
20251231,NR2610,12830.0,0.0,8.0,0.0233826968043651
20251231,NR2611,12855.0,0.0,7.0,0.0093348891481914
20251231,NR2612,12865.0,1.0,6.0,0.0
20260105,NR2601,12710.0,89.0,1930.0,0.0519276160503547
20260105,NR2602,12765.0,19604.0,25448.0,0.0376028202115161
20260105,NR2603,12805.0,48776.0,70581.0,0.0374853572823115
20260105,NR2604,12845.0,7868.0,13167.0,0.0326975476839228
20260105,NR2605,12880.0,3094.0,6608.0,0.0186335403726705
20260105,NR2606,12900.0,71.0,1510.0,-0.1255813953488371
20260105,NR2607,12765.0,0.0,11.0,0.1551116333725035
20260105,NR2608,12930.0,1.0,26.0,-0.0974477958236654
20260105,NR2609,12825.0,0.0,13.0,0.0046783625731006
20260105,NR2610,12830.0,0.0,8.0,0.1590023382696817
20260105,NR2611,13000.0,1.0,7.0,-0.1246153846153852
20260105,NR2612,12865.0,0.0,6.0,0.0
20260106,NR2601,12930.0,280.0,2000.0,0.0417633410672859
20260106,NR2602,12975.0,16777.0,23032.0,0.0323699421965315
20260106,NR2603,13010.0,58209.0,74434.0,0.018447348193697
20260106,NR2604,13030.0,8957.0,14688.0,0.0414428242517255
20260106,NR2605,13075.0,4049.0,7402.0,0.0367112810707448
20260106,NR2606,13115.0,214.0,1487.0,-0.1326725123903922
20260106,NR2607,12970.0,0.0,11.0,-0.037008481110254
20260106,NR2608,12930.0,0.0,26.0,0.1531322505800476
20260106,NR2609,13095.0,1.0,14.0,-0.2107674684994274
20260106,NR2610,12865.0,0.0,8.0,0.1259230470268164
20260106,NR2611,13000.0,0.0,7.0,-0.1246153846153852
20260106,NR2612,12865.0,0.0,6.0,0.0
20260107,NR2601,13090.0,350.0,2040.0,0.0091673032849515
20260107,NR2602,13100.0,18757.0,19974.0,0.0458015267175566
20260107,NR2603,13150.0,80007.0,72732.0,0.0273764258555138
20260107,NR2604,13180.0,15345.0,16527.0,0.0318664643399095
20260107,NR2605,13215.0,5606.0,7260.0,0.0363223609534628
20260107,NR2606,13255.0,221.0,1496.0,0.0316861561674848
20260107,NR2607,13290.0,3.0,11.0,-0.1264108352144464
20260107,NR2608,13150.0,0.0,26.0,0.1368821292775663
20260107,NR2609,13300.0,2.0,15.0,-0.0902255639097751
20260107,NR2610,13200.0,0.0,8.0,0.1772727272727285
20260107,NR2611,13395.0,3.0,9.0,-0.2821948488241883
20260107,NR2612,13080.0,0.0,6.0,0.0
20260108,NR2601,13005.0,280.0,1870.0,0.0138408304498263
20260108,NR2602,13020.0,15323.0,18208.0,0.041474654377879
20260108,NR2603,13065.0,73446.0,71121.0,0.027554535017221
20260108,NR2604,13095.0,17123.0,17863.0,0.0412371134020617
20260108,NR2605,13140.0,6424.0,8246.0,0.0228310502283113
20260108,NR2606,13165.0,136.0,1485.0,0.0501329282187628
20260108,NR2607,13220.0,2.0,13.0,0.0635400907715588
20260108,NR2608,13290.0,6.0,31.0,0.0
20260108,NR2609,13290.0,1.0,16.0,-0.0812641083521445
20260108,NR2610,13200.0,0.0,8.0,0.0954545454545465
20260108,NR2611,13305.0,1.0,9.0,-0.2029312288613298
20260108,NR2612,13080.0,0.0,6.0,0.0
20260109,NR2601,12860.0,10.0,1870.0,0.0419906687402811
20260109,NR2602,12905.0,8063.0,17498.0,0.041844246416117
20260109,NR2603,12950.0,65915.0,71006.0,0.0277992277992282
20260109,NR2604,12980.0,14048.0,18684.0,0.0369799691833598
20260109,NR2605,13020.0,4170.0,8499.0,0.032258064516129
20260109,NR2606,13055.0,302.0,1525.0,0.1103025660666423
20260109,NR2607,13175.0,0.0,13.0,-0.0774193548387098
20260109,NR2608,13090.0,0.0,31.0,0.0458365164247522
20260109,NR2609,13140.0,2.0,16.0,0.0547945205479445
20260109,NR2610,13200.0,0.0,8.0,0.0954545454545465
20260109,NR2611,13305.0,0.0,9.0,-0.2029312288613298
20260109,NR2612,13080.0,0.0,6.0,0.0
20260112,NR2601,12860.0,40.0,1830.0,0.0933125972006223
20260112,NR2602,12960.0,9455.0,15686.0,0.0462962962962958
20260112,NR2603,13010.0,69642.0,70564.0,0.0368946963873941
20260112,NR2604,13050.0,18885.0,20291.0,0.0413793103448263
20260112,NR2605,13095.0,5047.0,8620.0,0.0274914089347078
20260112,NR2606,13125.0,150.0,1524.0,0.0228571428571422
20260112,NR2607,13150.0,1.0,12.0,-0.0091254752851717
20260112,NR2608,13140.0,3.0,28.0,0.0502283105022822
20260112,NR2609,13195.0,0.0,16.0,-0.2455475558923829
20260112,NR2610,12925.0,1.0,9.0,0.3528046421663431
20260112,NR2611,13305.0,0.0,9.0,-0.3517474633596391
20260112,NR2612,12915.0,5.0,11.0,0.0
20260113,NR2601,12860.0,0.0,1830.0,-0.0559875583203726
20260113,NR2602,12800.0,8587.0,13981.0,0.0375000000000005
20260113,NR2603,12840.0,70227.0,70162.0,0.0514018691588793
20260113,NR2604,12895.0,19212.0,22247.0,0.0465296626599451
20260113,NR2605,12945.0,7125.0,8848.0,0.0324449594438016
20260113,NR2606,12980.0,381.0,1477.0,0.0785824345146384
20260113,NR2607,13065.0,5.0,9.0,0.0229621125143513
20260113,NR2608,13090.0,2.0,27.0,-0.0137509549274259
20260113,NR2609,13075.0,3.0,16.0,0.0045889101338421
20260113,NR2610,13080.0,1.0,9.0,0.0642201834862392
20260113,NR2611,13150.0,1.0,9.0,-0.0091254752851717
20260113,NR2612,13140.0,2.0,11.0,0.0
20260114,NR2601,12860.0,0.0,1830.0,0.1026438569206851
20260114,NR2602,12970.0,10013.0,12216.0,0.041634541249035
20260114,NR2603,13015.0,92109.0,70673.0,0.0414905877833273
20260114,NR2604,13060.0,28073.0,25664.0,0.0505359877488507
20260114,NR2605,13115.0,12616.0,11634.0,0.0
20260114,NR2606,13115.0,1960.0,1915.0,0.2333206252382762
20260114,NR2607,13370.0,5.0,12.0,-0.2064323111443533
20260114,NR2608,13140.0,12.0,33.0,0.04566210045662
20260114,NR2609,13190.0,7.0,17.0,-0.1000758150113725
20260114,NR2610,13080.0,0.0,9.0,0.0825688073394497
20260114,NR2611,13170.0,0.0,9.0,-0.0364464692482919
20260114,NR2612,13130.0,1.0,12.0,0.0
20260115,NR2601,12860.0,0.0,1830.0,-0.0186625194401242
20260115,NR2602,12840.0,5245.0,10667.0,0.009345794392523
20260115,NR2603,12850.0,84076.0,69423.0,0.0373540856031127
20260115,NR2604,12890.0,26374.0,23840.0,0.0465477114041883
20260115,NR2605,12940.0,13586.0,10919.0,-0.0046367851622877
20260115,NR2606,12935.0,810.0,1906.0,0.0046385775028996
20260115,NR2607,12940.0,16.0,10.0,-0.0231839258114372
20260115,NR2608,12915.0,9.0,26.0,0.1672473867595831
20260115,NR2609,13095.0,0.0,17.0,-0.0137457044673539
20260115,NR2610,13080.0,0.0,9.0,0.0825688073394497
20260115,NR2611,13170.0,0.0,9.0,-0.0364464692482919
20260115,NR2612,13130.0,0.0,12.0,0.0
20260116,NR2602,12710.0,4676.0,8885.0,0.0330448465774972
20260116,NR2603,12745.0,67435.0,67652.0,0.0329540996469193
20260116,NR2604,12780.0,16538.0,25061.0,0.046948356807511
20260116,NR2605,12830.0,11780.0,11861.0,0.0420888542478561
20260116,NR2606,12875.0,308.0,1921.0,0.1491262135922317
20260116,NR2607,13035.0,1.0,11.0,-0.1288837744533948
20260116,NR2608,12895.0,4.0,27.0,0.1070182241178763
20260116,NR2609,13010.0,0.0,17.0,0.0553420445810912
20260116,NR2610,13070.0,0.0,9.0,0.0137719969395559
20260116,NR2611,13085.0,0.0,9.0,-0.0779518532671001
20260116,NR2612,13000.0,1.0,12.0,0.0013483146067415
20260116,NR2701,13130.0,0.0,0.0,0.0
20260119,NR2602,12625.0,3903.0,7264.0,0.0285148514851485
20260119,NR2603,12655.0,50584.0,65825.0,0.0379296720663777
20260119,NR2604,12695.0,16489.0,26657.0,0.0519889720362334
20260119,NR2605,12750.0,8067.0,12684.0,0.0
20260119,NR2606,12750.0,246.0,1928.0,0.0517647058823538
20260119,NR2607,12805.0,2.0,10.0,0.0843420538852015
20260119,NR2608,12895.0,2.0,26.0,-0.0372237301279572
20260119,NR2609,12855.0,3.0,16.0,0.1120186697782976
20260119,NR2610,12975.0,0.0,9.0,0.0184971098265886
20260119,NR2611,12995.0,0.0,9.0,0.004617160446326
20260119,NR2612,13000.0,0.0,12.0,0.0001555747623163
20260119,NR2701,13015.0,0.0,0.0,0.0
20260120,NR2602,12520.0,2664.0,6224.0,0.0287539936102243
20260120,NR2603,12550.0,50143.0,63724.0,0.0334661354581662
20260120,NR2604,12585.0,16518.0,27288.0,0.0476758045292005
20260120,NR2605,12635.0,8901.0,13370.0,0.0142461416699646
20260120,NR2606,12650.0,290.0,1941.0,0.0521739130434779
20260120,NR2607,12705.0,4.0,10.0,-0.0141676505312866
20260120,NR2608,12690.0,3.0,24.0,0.1276595744680859
20260120,NR2609,12825.0,0.0,16.0,0.0608187134502919
20260120,NR2610,12890.0,0.0,9.0,-0.1303335919317305
20260120,NR2611,12750.0,1.0,9.0,0.2258823529411762
20260120,NR2612,12990.0,0.0,12.0,-0.0004151854062329
20260120,NR2701,12950.0,0.0,0.0,0.0
20260121,NR2602,12590.0,2478.0,5176.0,0.0238284352660844
20260121,NR2603,12615.0,48971.0,62058.0,0.0428061831153376
20260121,NR2604,12660.0,15239.0,28283.0,0.0284360189573469
20260121,NR2605,12690.0,9889.0,14906.0,0.0094562647754123
20260121,NR2606,12700.0,462.0,1906.0,0.0519685039370072
20260121,NR2607,12755.0,1.0,9.0,0.0517444139553111
20260121,NR2608,12810.0,2.0,24.0,0.0468384074941452
20260121,NR2609,12860.0,4.0,17.0,-0.0513219284603425
20260121,NR2610,12805.0,4.0,6.0,-0.0515423662631779
20260121,NR2611,12750.0,0.0,9.0,0.0988235294117654
20260121,NR2612,12855.0,12.0,12.0,-0.0002622159873087
20260121,NR2701,12830.0,2.0,2.0,0.0
20260122,NR2602,12695.0,1464.0,4770.0,0.0378101614808992
20260122,NR2603,12735.0,48300.0,60827.0,0.0235571260306253
20260122,NR2604,12760.0,15178.0,29943.0,0.0517241379310355
20260122,NR2605,12815.0,6512.0,15198.0,0.0234100663285214
20260122,NR2606,12840.0,73.0,1919.0,-0.0560747663551395
20260122,NR2607,12780.0,0.0,9.0,0.032863849765258
20260122,NR2608,12815.0,0.0,24.0,0.0093640265314096
20260122,NR2609,12825.0,0.0,17.0,0.1497076023391823
20260122,NR2610,12985.0,1.0,7.0,-0.1894493646515216
20260122,NR2611,12780.0,0.0,9.0,0.286384976525821
20260122,NR2612,13085.0,4.0,11.0,0.0005152138352088
20260122,NR2701,13135.0,5.0,2.0,0.0
20260123,NR2602,13055.0,2659.0,3906.0,0.0367675220222141
20260123,NR2603,13095.0,100811.0,59878.0,0.0274914089347078
20260123,NR2604,13125.0,33406.0,34904.0,0.054857142857144
20260123,NR2605,13185.0,13271.0,15992.0,0.0136518771331051
20260123,NR2606,13200.0,499.0,1917.0,-0.081818181818182
20260123,NR2607,13110.0,2.0,7.0,0.0
20260123,NR2608,13110.0,3.0,24.0,0.1739130434782616
20260123,NR2609,13300.0,4.0,17.0,-0.1669172932330824
20260123,NR2610,13115.0,0.0,7.0,0.1097979412886012
20260123,NR2611,13235.0,1.0,9.0,0.0680015111446925
20260123,NR2612,13310.0,3.0,10.0,0.0004052034881266
20260123,NR2701,13350.0,0.0,2.0,0.0
20260126,NR2602,13055.0,2212.0,3204.0,0.0275756415166599
20260126,NR2603,13085.0,76014.0,54206.0,0.03668322506687
20260126,NR2604,13125.0,31433.0,37140.0,0.0365714285714275
20260126,NR2605,13165.0,11368.0,16247.0,0.0319027725028497
20260126,NR2606,13200.0,347.0,1933.0,-0.0499999999999998
20260126,NR2607,13145.0,0.0,7.0,0.2236591860022825
20260126,NR2608,13390.0,2.0,25.0,-0.0761762509335328
20260126,NR2609,13305.0,6.0,18.0,-0.1488162344983092
20260126,NR2610,13140.0,0.0,7.0,0.0867579908675804
20260126,NR2611,13235.0,0.0,9.0,0.1722704948998865
20260126,NR2612,13425.0,5.0,8.0,-0.0007532483836545
20260126,NR2701,13350.0,0.0,2.0,0.0
20260127,NR2602,13015.0,1266.0,2748.0,0.0645409143296191
20260127,NR2603,13085.0,62894.0,49072.0,0.0229270156667951
20260127,NR2604,13110.0,30069.0,38476.0,0.0366132723112127
20260127,NR2605,13150.0,9756.0,16807.0,0.0228136882129286
20260127,NR2606,13175.0,918.0,2330.0,-0.0910815939278935
20260127,NR2607,13075.0,5.0,11.0,0.2294455066921612
20260127,NR2608,13325.0,10.0,26.0,0.0315196998123825
20260127,NR2609,13360.0,0.0,18.0,-0.1976047904191622
20260127,NR2610,13140.0,0.0,7.0,0.0867579908675804
20260127,NR2611,13235.0,0.0,9.0,0.222138269739327
20260127,NR2612,13480.0,0.0,8.0,-0.0013003034041276
20260127,NR2701,13350.0,0.0,2.0,0.0
20260128,NR2602,13110.0,747.0,2486.0,0.0732265446224254
20260128,NR2603,13190.0,59370.0,44184.0,0.0272934040940109
20260128,NR2604,13220.0,31126.0,41274.0,0.0363086232980336
20260128,NR2605,13260.0,10247.0,17410.0,0.0135746606334841
20260128,NR2606,13275.0,1333.0,2787.0,-0.1265536723163847
20260128,NR2607,13135.0,15.0,18.0,0.1644461362771219
20260128,NR2608,13315.0,5.0,24.0,0.0675929402929016
20260128,NR2609,13390.0,2.0,16.0,-0.1299477221807321
20260128,NR2610,13245.0,0.0,7.0,0.0
20260128,NR2611,13245.0,0.0,9.0,0.2446206115515279
20260128,NR2612,13515.0,1.0,7.0,-0.0013468181421391
20260128,NR2701,13380.0,0.0,2.0,0.0
20260129,NR2602,13375.0,776.0,2208.0,0.0717757009345803
20260129,NR2603,13455.0,83220.0,40636.0,0.0178372352285398
20260129,NR2604,13475.0,48110.0,45051.0,0.0311688311688298
20260129,NR2605,13510.0,21593.0,19731.0,-0.0177646188008888
20260129,NR2606,13490.0,1464.0,3293.0,0.0222386953298752
20260129,NR2607,13515.0,3.0,19.0,0.0399556048834632
20260129,NR2608,13560.0,2.0,24.0,-0.1150442477876105
20260129,NR2609,13430.0,4.0,14.0,0.0536113179449007
20260129,NR2610,13490.0,0.0,7.0,0.0
20260129,NR2611,13490.0,0.0,9.0,0.008895478131949
20260129,NR2612,13500.0,4.0,7.0,0.00354556803995
20260129,NR2701,13855.0,1.0,3.0,0.0
20260130,NR2602,13100.0,1277.0,1710.0,0.1236641221374048
20260130,NR2603,13235.0,90956.0,32975.0,0.0408009066868144
20260130,NR2604,13280.0,68241.0,48370.0,0.0496987951807241
20260130,NR2605,13335.0,26326.0,19578.0,0.0404949381327321
20260130,NR2606,13380.0,3138.0,3125.0,0.0672645739910322
20260130,NR2607,13455.0,26.0,16.0,0.0579710144927538
20260130,NR2608,13520.0,25.0,35.0,-0.0665680473372782
20260130,NR2609,13445.0,6.0,16.0,0.1561918928969872
20260130,NR2610,13620.0,13.0,14.0,-0.1145374449339202
20260130,NR2611,13490.0,0.0,9.0,0.3736100815418828
20260130,NR2612,13910.0,1.0,6.0,0.0004361909223822
20260130,NR2701,13955.0,1.0,2.0,0.0
20260202,NR2602,12885.0,830.0,1390.0,0.0372526193247972
20260202,NR2603,12925.0,60843.0,27653.0,0.0417794970986467
20260202,NR2604,12970.0,60618.0,48488.0,0.018504240555127
20260202,NR2605,12990.0,20401.0,20033.0,0.0369515011547347
20260202,NR2606,13030.0,2064.0,2987.0,-0.2164236377590183
20260202,NR2607,12795.0,10.0,15.0,0.4642438452520512
20260202,NR2608,13290.0,11.0,36.0,-0.1354401805869081
20260202,NR2609,13140.0,1.0,15.0,0.2876712328767121
20260202,NR2610,13455.0,0.0,14.0,-0.0713489409141581
20260202,NR2611,13375.0,0.0,9.0,-0.0538317757009352
20260202,NR2612,13315.0,1.0,6.0,0.0026834650453362
20260202,NR2701,13580.0,0.0,2.0,0.0
20260203,NR2602,12945.0,50.0,1370.0,0.1390498261877164
20260203,NR2603,13095.0,31498.0,23350.0,0.0366552119129428
20260203,NR2604,13135.0,46455.0,49513.0,0.0182717929196805
20260203,NR2605,13155.0,14907.0,20584.0,0.0136830102622571
20260203,NR2606,13170.0,1460.0,3076.0,0.0501138952164019
20260203,NR2607,13225.0,13.0,13.0,-0.1497164461247635
20260203,NR2608,13060.0,10.0,38.0,0.2297090352220525
20260203,NR2609,13310.0,1.0,15.0,0.1307287753568742
20260203,NR2610,13455.0,0.0,14.0,-0.0713489409141581
20260203,NR2611,13375.0,0.0,9.0,-0.0538317757009352
20260203,NR2612,13315.0,0.0,6.0,0.0026834650453362
20260203,NR2701,13580.0,0.0,2.0,0.0
20260204,NR2602,13185.0,70.0,1300.0,0.0864618885096701
20260204,NR2603,13280.0,17144.0,19453.0,0.0180722891566267
20260204,NR2604,13300.0,43945.0,51371.0,0.0406015037593991
20260204,NR2605,13345.0,10147.0,22435.0,0.0089921318846011
20260204,NR2606,13355.0,898.0,3170.0,-0.0044926993635341
20260204,NR2607,13350.0,4.0,12.0,0.0359550561797759
20260204,NR2608,13390.0,6.0,34.0,-0.0089619118745334
20260204,NR2609,13380.0,3.0,16.0,0.1614349775784758
20260204,NR2610,13560.0,1.0,14.0,-0.1637168141592915
20260204,NR2611,13375.0,0.0,9.0,0.0986915887850479
20260204,NR2612,13485.0,0.0,6.0,0.0009498693929584
20260204,NR2701,13580.0,0.0,2.0,0.0
20260205,NR2602,13000.0,10.0,1300.0,0.0923076923076919
20260205,NR2603,13100.0,15684.0,17680.0,0.0320610687022888
20260205,NR2604,13135.0,62662.0,50827.0,0.036543585839361
20260205,NR2605,13175.0,18331.0,25225.0,0.022770398481974
20260205,NR2606,13200.0,1154.0,3535.0,-0.0136363636363632
20260205,NR2607,13185.0,3.0,9.0,0.1501706484641642
20260205,NR2608,13350.0,0.0,34.0,-0.1707865168539322
20260205,NR2609,13160.0,5.0,17.0,0.0866261398176302
20260205,NR2610,13255.0,5.0,13.0,0.108638249717087
20260205,NR2611,13375.0,0.0,9.0,0.0986915887850479
20260205,NR2612,13485.0,0.0,6.0,0.0009498693929584
20260205,NR2701,13580.0,0.0,2.0,0.0
20260206,NR2602,12940.0,70.0,1240.0,0.0602782071097376
20260206,NR2603,13005.0,9868.0,15188.0,0.0415224913494816
20260206,NR2604,13050.0,51030.0,50150.0,0.0321839080459778
20260206,NR2605,13085.0,17743.0,27509.0,0.018341612533435
20260206,NR2606,13105.0,1660.0,3915.0,-0.0412056466997325
20260206,NR2607,13060.0,5.0,9.0,0.2434915773353747
20260206,NR2608,13325.0,0.0,34.0,-0.0630393996247651
20260206,NR2609,13255.0,11.0,15.0,-0.0362127499056965
20260206,NR2610,13215.0,6.0,13.0,0.104426787741203
20260206,NR2611,13330.0,2.0,8.0,0.1395348837209304
20260206,NR2612,13485.0,0.0,6.0,0.0009498693929584
20260206,NR2701,13580.0,0.0,2.0,0.0
20260209,NR2602,12935.0,60.0,1230.0,0.1530730575956695
20260209,NR2603,13100.0,4747.0,13728.0,0.0458015267175566
20260209,NR2604,13150.0,46432.0,48669.0,0.0410646387832693
20260209,NR2605,13195.0,15659.0,27602.0,0.0318302387267896
20260209,NR2606,13230.0,2293.0,4763.0,0.0952380952380949
20260209,NR2607,13335.0,99.0,66.0,-0.008998875140608
20260209,NR2608,13325.0,0.0,34.0,0.0225140712945597
20260209,NR2609,13350.0,25.0,14.0,0.0314606741573042
20260209,NR2610,13385.0,3.0,11.0,-0.0806873365707878
20260209,NR2611,13295.0,0.0,8.0,0.2752914629559972
20260209,NR2612,13600.0,3.0,9.0,-0.0008922670191672
20260209,NR2701,13510.0,8.0,8.0,0.0
20260210,NR2602,12935.0,20.0,1230.0,0.2319288751449555
20260210,NR2603,13185.0,5433.0,11622.0,0.040955631399318
20260210,NR2604,13230.0,41282.0,48541.0,0.0453514739229037
20260210,NR2605,13280.0,12556.0,29153.0,0.0180722891566267
20260210,NR2606,13300.0,1565.0,5393.0,0.018045112781956
20260210,NR2607,13320.0,39.0,75.0,0.0045045045045055
20260210,NR2608,13325.0,0.0,34.0,0.1530956848030014
20260210,NR2609,13495.0,1.0,13.0,-0.1067061874768438
20260210,NR2610,13375.0,0.0,11.0,-0.0717757009345789
20260210,NR2611,13295.0,0.0,8.0,0.230161714930424
20260210,NR2612,13550.0,0.0,9.0,0.0007960529043492
20260210,NR2701,13630.0,5.0,8.0,0.0
20260211,NR2602,12935.0,0.0,1230.0,0.4221105527638196
20260211,NR2603,13390.0,4414.0,10272.0,0.0492905153099325
20260211,NR2604,13445.0,50956.0,49041.0,0.0401636296020821
20260211,NR2605,13490.0,16546.0,30825.0,0.0133432171979235
20260211,NR2606,13505.0,1310.0,5736.0,0.0044427989633462
20260211,NR2607,13510.0,153.0,155.0,0.0222057735011107
20260211,NR2608,13535.0,21.0,38.0,0.0709272257111184
20260211,NR2609,13615.0,3.0,13.0,-0.2115313991920677
20260211,NR2610,13375.0,1.0,10.0,0.1256074766355128
20260211,NR2611,13515.0,0.0,8.0,0.1331853496115416
20260211,NR2612,13665.0,1.0,8.0,0.0016280417864058
20260211,NR2701,13830.0,3.0,11.0,0.0
20260212,NR2602,13100.0,60.0,1200.0,0.1786259541984733
20260212,NR2603,13295.0,4599.0,8454.0,0.0676946220383598
20260212,NR2604,13370.0,46594.0,50704.0,0.031413612565446
20260212,NR2605,13405.0,15379.0,30898.0,0.0179037672510258
20260212,NR2606,13425.0,1292.0,5850.0,0.0134078212290509
20260212,NR2607,13440.0,36.0,154.0,0.0535714285714297
20260212,NR2608,13500.0,7.0,42.0,0.0711111111111106
20260212,NR2609,13580.0,2.0,13.0,-0.1502209131075105
20260212,NR2610,13410.0,0.0,10.0,0.2102908277404909
20260212,NR2611,13645.0,1.0,8.0,0.0175888603884208
20260212,NR2612,13665.0,0.0,8.0,0.0011840303901133
20260212,NR2701,13785.0,11.0,17.0,0.0
20260213,NR2602,12880.0,0.0,1200.0,0.2236024844720487
20260213,NR2603,13120.0,3283.0,7117.0,0.0548780487804885
20260213,NR2604,13180.0,47212.0,47785.0,0.0136570561456759
20260213,NR2605,13195.0,18749.0,32362.0,0.0545661235316394
20260213,NR2606,13255.0,1839.0,5880.0,0.0543191248585435
20260213,NR2607,13315.0,55.0,153.0,0.1081487044686442
20260213,NR2608,13435.0,8.0,37.0,-0.0312616300707113
20260213,NR2609,13400.0,2.0,12.0,0.0089552238805961
20260213,NR2610,13410.0,0.0,10.0,0.2058165548098429
20260213,NR2611,13640.0,0.0,8.0,0.0087976539589442
20260213,NR2612,13650.0,0.0,8.0,-0.0015804420298802
20260213,NR2701,13490.0,2.0,15.0,0.0
20260224,NR2602,12880.0,0.0,1200.0,0.787267080745341
20260224,NR2603,13725.0,4646.0,5488.0,0.061202185792351
20260224,NR2604,13795.0,66703.0,47522.0,0.0434940195723081
20260224,NR2605,13845.0,39914.0,36950.0,0.0130010834236173
20260224,NR2606,13860.0,4726.0,6742.0,-0.0086580086580081
20260224,NR2607,13850.0,388.0,250.0,0.0346570397111918
20260224,NR2608,13890.0,10.0,43.0,0.0345572354211674
20260224,NR2609,13930.0,4.0,11.0,-0.0818377602297206
20260224,NR2610,13835.0,0.0,10.0,0.0260209613299595
20260224,NR2611,13865.0,0.0,8.0,0.0605842048323115
20260224,NR2612,13935.0,0.0,8.0,0.0006773019194252
20260224,NR2701,14005.0,2.0,16.0,0.0
20260225,NR2603,13940.0,3341.0,3863.0,0.0344332855093263
20260225,NR2604,13980.0,56602.0,45890.0,0.0386266094420602
20260225,NR2605,14025.0,31397.0,43534.0,0.038502673796791
20260225,NR2606,14070.0,5209.0,8008.0,0.0085287846481874
20260225,NR2607,14080.0,260.0,338.0,0.0511363636363624
20260225,NR2608,14140.0,11.0,36.0,-0.0212164073550216
20260225,NR2609,14115.0,10.0,14.0,-0.0042507970244423
20260225,NR2610,14110.0,3.0,11.0,0.0127569099929134
20260225,NR2611,14125.0,4.0,10.0,0.0
20260225,NR2612,14125.0,0.0,8.0,0.0004772795068111
20260225,NR2701,14175.0,4.0,16.0,-0.0677248677248671
20260225,NR2702,14095.0,0.0,0.0,0.0
20260226,NR2603,13780.0,3494.0,2453.0,0.065312046444121
20260226,NR2604,13855.0,56787.0,42778.0,0.047636232407072
20260226,NR2605,13910.0,36767.0,47898.0,0.0474478792235792
20260226,NR2606,13965.0,7899.0,9915.0,0.0257787325456488
20260226,NR2607,13995.0,114.0,349.0,0.0514469453376209
20260226,NR2608,14055.0,1.0,35.0,-0.0426894343649943
20260226,NR2609,14005.0,5.0,13.0,0.158514816137095
20260226,NR2610,14190.0,3.0,13.0,-0.080338266384778
20260226,NR2611,14095.0,0.0,10.0,0.0255409719758779
20260226,NR2612,14125.0,0.0,8.0,0.0003818236054489
20260226,NR2701,14165.0,0.0,16.0,-0.0593010942463823
20260226,NR2702,14095.0,0.0,0.0,0.0
20260227,NR2603,13730.0,2451.0,1510.0,0.0305899490167522
20260227,NR2604,13765.0,52571.0,38080.0,0.0828187431892475
20260227,NR2605,13860.0,36394.0,54720.0,0.0476190476190474
20260227,NR2606,13915.0,8384.0,10549.0,0.0258713618397425
20260227,NR2607,13945.0,297.0,369.0,0.0172104697024018
20260227,NR2608,13965.0,7.0,31.0,-0.0171858216970997
20260227,NR2609,13945.0,10.0,13.0,0.0473287916816076
20260227,NR2610,14000.0,1.0,12.0,0.0128571428571433
20260227,NR2611,14015.0,0.0,10.0,0.0941848019978595
20260227,NR2612,14125.0,0.0,8.0,-0.0002386397534055
20260227,NR2701,14100.0,2.0,18.0,-0.0127659574468088
20260227,NR2702,14085.0,3.0,2.0,0.0
20260302,NR2603,13795.0,440.0,1220.0,0.0652410293584635
20260302,NR2604,13870.0,65365.0,31588.0,0.0821917808219181
20260302,NR2605,13965.0,62794.0,59004.0,0.0515574650913004
20260302,NR2606,14025.0,11656.0,11626.0,0.0641711229946526
20260302,NR2607,14100.0,723.0,341.0,-0.1957446808510634
20260302,NR2608,13870.0,33.0,40.0,0.3114635904830569
20260302,NR2609,14230.0,97.0,36.0,0.008432888264231
20260302,NR2610,14240.0,10.0,14.0,-0.0505617977528087
20260302,NR2611,14180.0,6.0,8.0,-0.0465444287729202
20260302,NR2612,14125.0,0.0,8.0,-0.0002863677040867
20260302,NR2701,14095.0,0.0,18.0,0.0936502305782198
20260302,NR2702,14205.0,0.0,2.0,0.0
20260303,NR2603,13435.0,200.0,1060.0,0.0580573129884633
20260303,NR2604,13500.0,57394.0,26709.0,0.0799999999999991
20260303,NR2605,13590.0,87451.0,60650.0,0.044150110375277
20260303,NR2606,13640.0,16668.0,13617.0,0.0703812316715541
20260303,NR2607,13720.0,1188.0,626.0,0.0612244897959177
20260303,NR2608,13790.0,7.0,45.0,0.1827411167512682
20260303,NR2609,14000.0,15.0,29.0,-0.0257142857142853
20260303,NR2610,13970.0,0.0,14.0,0.0085898353614881
20260303,NR2611,13980.0,0.0,8.0,0.2317596566523612
20260303,NR2612,14250.0,2.0,9.0,-0.0037374334713187
20260303,NR2701,13855.0,8.0,17.0,0.2035366293756775
20260303,NR2702,14090.0,0.0,2.0,0.0
20260304,NR2603,13305.0,40.0,1060.0,0.1217587373167976
20260304,NR2604,13440.0,34755.0,22530.0,0.0848214285714279
20260304,NR2605,13535.0,81471.0,63605.0,0.0531954192833401
20260304,NR2606,13595.0,14016.0,15025.0,0.0706141963957325
20260304,NR2607,13675.0,1281.0,726.0,-0.043875685557587
20260304,NR2608,13625.0,15.0,45.0,0.1321100917431179
20260304,NR2609,13775.0,26.0,26.0,-0.2003629764065335
20260304,NR2610,13545.0,3.0,15.0,0.1461794019933542
20260304,NR2611,13710.0,39.0,9.0,0.0656455142231937
20260304,NR2612,13785.0,6.0,11.0,-0.0004890513626193
20260304,NR2701,13735.0,9.0,17.0,0.117946851110303
20260304,NR2702,13870.0,27.0,4.0,0.0
20260305,NR2603,13100.0,80.0,1040.0,0.1328244274809167
20260305,NR2604,13245.0,20624.0,19462.0,0.1132502831257067
20260305,NR2605,13370.0,75669.0,64528.0,0.0538519072550496
20260305,NR2606,13430.0,11351.0,15268.0,0.075949367088608
20260305,NR2607,13515.0,2769.0,1724.0,-0.0221975582685898
20260305,NR2608,13490.0,12.0,53.0,0.1111934766493707
20260305,NR2609,13615.0,16.0,32.0,0.0837311788468611
20260305,NR2610,13710.0,1.0,15.0,0.0787746170678325
20260305,NR2611,13800.0,1.0,9.0,0.1695652173913053
20260305,NR2612,13995.0,5.0,6.0,0.0003853703770608
20260305,NR2701,14035.0,1.0,17.0,-0.1581759885999289
20260305,NR2702,13850.0,1.0,3.0,0.0
20260306,NR2603,13285.0,840.0,790.0,0.1445238991343629
20260306,NR2604,13445.0,14435.0,17844.0,0.1115656377835634
20260306,NR2605,13570.0,55294.0,65897.0,0.0486366985998536
20260306,NR2606,13625.0,8184.0,16162.0,0.0396330275229361
20260306,NR2607,13670.0,693.0,1768.0,0.0614484272128743
20260306,NR2608,13740.0,24.0,51.0,-0.0218340611353711
20260306,NR2609,13715.0,10.0,33.0,0.0131243164418526
20260306,NR2610,13730.0,4.0,14.0,0.0873998543335767
20260306,NR2611,13830.0,2.0,9.0,0.030368763557484
20260306,NR2612,13865.0,0.0,6.0,0.0
20260306,NR2701,13865.0,6.0,20.0,-0.0129823296069244
20260306,NR2702,13850.0,0.0,3.0,0.0
20260309,NR2603,13450.0,160.0,780.0,0.0133828996282518
20260309,NR2604,13465.0,25191.0,14297.0,0.1292239138507254
20260309,NR2605,13610.0,133111.0,65473.0,0.0705363703159438
20260309,NR2606,13690.0,26145.0,15280.0,0.0262965668371064
20260309,NR2607,13720.0,5502.0,2069.0,0.0655976676384835
20260309,NR2608,13795.0,347.0,253.0,0.0521928234867719
20260309,NR2609,13855.0,45.0,40.0,0.2598339949476722
20260309,NR2610,14155.0,1.0,13.0,0.0635817732250076
20260309,NR2611,14230.0,2.0,7.0,0.029515108924806
20260309,NR2612,14265.0,5.0,6.0,-0.0009924502888739
20260309,NR2701,14160.0,6.0,19.0,-0.2627118644067794
20260309,NR2702,13850.0,0.0,3.0,0.0
20260310,NR2603,13550.0,20.0,760.0,-0.0487084870848701
20260310,NR2604,13495.0,10891.0,12015.0,0.1689514635050022
20260310,NR2605,13685.0,96016.0,65749.0,0.0833028863719409
20260310,NR2606,13780.0,22382.0,16942.0,0.0609579100145136
20260310,NR2607,13850.0,5008.0,2968.0,0.0606498194945857
20260310,NR2608,13920.0,262.0,290.0,-0.0129310344827588
20260310,NR2609,13905.0,21.0,44.0,-0.0517799352750807
20260310,NR2610,13845.0,2.0,13.0,0.2340195016251343
20260310,NR2611,14115.0,0.0,7.0,-0.2422954303931983
20260310,NR2612,13830.0,1.0,5.0,0.0035584586511979
20260310,NR2701,14195.0,3.0,19.0,-0.2916519901373724
20260310,NR2702,13850.0,0.0,3.0,0.0
20260311,NR2603,13480.0,0.0,760.0,0.0400593471810077
20260311,NR2604,13525.0,6641.0,10303.0,0.1730129390018495
20260311,NR2605,13720.0,74435.0,67414.0,0.0787172011661807
20260311,NR2606,13810.0,14306.0,18488.0,0.0912382331643737
20260311,NR2607,13915.0,1976.0,3388.0,0.0344951491196541
20260311,NR2608,13955.0,46.0,299.0,-0.1160874238624152
20260311,NR2609,13820.0,8.0,39.0,0.1128798842257605
20260311,NR2610,13950.0,1.0,13.0,0.1419354838709665
20260311,NR2611,14115.0,0.0,7.0,-0.1955366631243356
20260311,NR2612,13885.0,0.0,5.0,0.0021848814297216
20260311,NR2701,14110.0,8.0,18.0,-0.1020552799433023
20260311,NR2702,13990.0,5.0,3.0,0.0
20260312,NR2603,13480.0,0.0,760.0,0.0178041543026719
20260312,NR2604,13500.0,6766.0,8507.0,0.1200000000000001
20260312,NR2605,13635.0,95040.0,68133.0,0.1012101210120999
20260312,NR2606,13750.0,20772.0,19008.0,0.0872727272727278
20260312,NR2607,13850.0,4142.0,3935.0,0.0259927797833938
20260312,NR2608,13880.0,54.0,333.0,0.142651296829972
20260312,NR2609,14045.0,1.0,40.0,-0.0811676753292989
20260312,NR2610,13950.0,0.0,13.0,0.1419354838709665
20260312,NR2611,14115.0,0.0,7.0,-0.1955366631243356
20260312,NR2612,13885.0,0.0,5.0,0.002621857715666
20260312,NR2701,14155.0,15.0,28.0,0.025432709290003
20260312,NR2702,14185.0,8.0,10.0,0.0
20260313,NR2603,13480.0,0.0,760.0,-0.2314540059347187
20260313,NR2604,13220.0,4749.0,7038.0,0.0907715582450841
20260313,NR2605,13320.0,68347.0,67673.0,0.1306306306306295
20260313,NR2606,13465.0,15524.0,19965.0,0.0935759376160403
20260313,NR2607,13570.0,3538.0,4183.0,0.0795873249815777
20260313,NR2608,13660.0,40.0,330.0,0.281112737920937
20260313,NR2609,13980.0,4.0,41.0,-0.0515021459227464
20260313,NR2610,13920.0,1.0,13.0,-0.0129310344827588
20260313,NR2611,13905.0,0.0,7.0,-0.0172599784250273
20260313,NR2612,13885.0,0.0,5.0,0.0017479051437773
20260313,NR2701,14065.0,4.0,30.0,0.0511908993956629
20260313,NR2702,14125.0,0.0,10.0,0.0
20260316,NR2603,13480.0,0.0,760.0,-0.0801186943620182
20260316,NR2604,13390.0,3441.0,6316.0,0.0941000746825997
20260316,NR2605,13495.0,70080.0,64390.0,0.0800296406076315
20260316,NR2606,13585.0,15170.0,20229.0,0.1015826278984182
20260316,NR2607,13700.0,2228.0,4286.0,-0.0569343065693437
20260316,NR2608,13635.0,31.0,323.0,0.1848184818481835
20260316,NR2609,13845.0,13.0,47.0,-0.0433369447453948
20260316,NR2610,13795.0,2.0,14.0,0.09568684305908
20260316,NR2611,13905.0,0.0,7.0,-0.0172599784250273
20260316,NR2612,13885.0,0.0,5.0,0.0014565876198144
20260316,NR2701,14035.0,4.0,31.0,0.0769504809405052
20260316,NR2702,14125.0,0.0,10.0,0.0
20260317,NR2604,13355.0,2581.0,6062.0,0.1033320853612878
20260317,NR2605,13470.0,65392.0,61564.0,0.0712694877505564
20260317,NR2606,13550.0,15564.0,20665.0,0.0708487084870839
20260317,NR2607,13630.0,3317.0,4946.0,0.0396184886280268
20260317,NR2608,13675.0,53.0,331.0,0.0570383912248635
20260317,NR2609,13740.0,22.0,56.0,0.1091703056768569
20260317,NR2610,13865.0,2.0,13.0,0.0346195456184625
20260317,NR2611,13905.0,0.0,7.0,-0.0172599784250273
20260317,NR2612,13885.0,0.0,5.0,0.001116717175191
20260317,NR2701,14000.0,19.0,44.0,0.1071428571428567
20260317,NR2702,14125.0,0.0,10.0,0.0
20260317,NR2703,14125.0,0.0,0.0,0.0
20260318,NR2604,13000.0,2959.0,5063.0,0.0969230769230771
20260318,NR2605,13105.0,70320.0,61137.0,0.086989698588324
20260318,NR2606,13200.0,16560.0,21203.0,0.0727272727272732
20260318,NR2607,13280.0,3830.0,5830.0,0.0180722891566267
20260318,NR2608,13300.0,79.0,330.0,0.0766917293233087
20260318,NR2609,13385.0,69.0,108.0,0.0627568173328363
20260318,NR2610,13455.0,2.0,14.0,0.0981047937569679
20260318,NR2611,13565.0,4.0,10.0,0.2255805381496491
20260318,NR2612,13820.0,1.0,5.0,-0.001561000991886
20260318,NR2701,13660.0,9.0,45.0,0.1713030746705719
20260318,NR2702,13855.0,2.0,10.0,0.1732226632984481
20260318,NR2703,14055.0,0.0,0.0,0.0
20260319,NR2604,12840.0,2685.0,4279.0,0.0794392523364484
20260319,NR2605,12925.0,80077.0,60014.0,0.078916827852999
20260319,NR2606,13010.0,21171.0,21987.0,0.0599538816295162
20260319,NR2607,13075.0,3278.0,6684.0,0.0688336520076475
20260319,NR2608,13150.0,326.0,528.0,0.031939163498099
20260319,NR2609,13185.0,42.0,107.0,0.1001137656427753
20260319,NR2610,13295.0,4.0,13.0,0.2211357653253109
20260319,NR2611,13540.0,3.0,10.0,-0.0221565731166908
20260319,NR2612,13515.0,0.0,5.0,0.0001995286136502
20260319,NR2701,13535.0,2.0,44.0,0.0398965644625057
20260319,NR2702,13580.0,3.0,9.0,0.039764359351988
20260319,NR2703,13625.0,0.0,0.0,0.0
20260320,NR2604,12775.0,2742.0,3418.0,0.0845401174168305
20260320,NR2605,12865.0,53985.0,58938.0,0.0839486980178776
20260320,NR2606,12955.0,16109.0,23310.0,0.0602084137398675
20260320,NR2607,13020.0,2013.0,6820.0,0.087557603686637
20260320,NR2608,13115.0,103.0,532.0,-0.0457491422035833
20260320,NR2609,13065.0,93.0,162.0,0.2663605051664763
20260320,NR2610,13355.0,0.0,13.0,-0.0853612879071512
20260320,NR2611,13260.0,1.0,9.0,0.1538461538461533
20260320,NR2612,13430.0,2.0,5.0,0.0004517807691985
20260320,NR2701,13475.0,6.0,45.0,0.0400742115027838
20260320,NR2702,13520.0,1.0,9.0,0.0310650887573977
20260320,NR2703,13555.0,0.0,0.0,0.0
20260323,NR2604,12970.0,2013.0,3052.0,0.0786430223592917
20260323,NR2605,13055.0,68099.0,58703.0,0.0919188050555339
20260323,NR2606,13155.0,19767.0,23178.0,0.0684150513112884
20260323,NR2607,13230.0,3605.0,6994.0,0.0544217687074839
20260323,NR2608,13290.0,50.0,537.0,0.0090293453724603
20260323,NR2609,13300.0,76.0,167.0,0.0541353383458655
20260323,NR2610,13360.0,0.0,13.0,0.0898203592814361
20260323,NR2611,13460.0,0.0,9.0,0.1158989598811288
20260323,NR2612,13590.0,0.0,5.0,-4.960686559019295e-05
20260323,NR2701,13585.0,0.0,45.0,0.1015826278984182
20260323,NR2702,13700.0,1.0,9.0,-0.127007299270073
20260323,NR2703,13555.0,0.0,0.0,0.0
20260324,NR2604,13215.0,1576.0,2707.0,0.0862656072644716
20260324,NR2605,13310.0,74903.0,57562.0,0.0495867768595053
20260324,NR2606,13365.0,21295.0,25008.0,0.058361391694726
20260324,NR2607,13430.0,9285.0,7923.0,0.0402084884586741
20260324,NR2608,13475.0,697.0,617.0,-0.0400742115027825
20260324,NR2609,13430.0,85.0,166.0,0.1563663440059564
20260324,NR2610,13605.0,8.0,14.0,0.0441014332965812
20260324,NR2611,13655.0,3.0,7.0,0.0
20260324,NR2612,13655.0,1.0,4.0,0.0022216828012951
20260324,NR2701,13880.0,13.0,52.0,-0.0302593659942358
20260324,NR2702,13845.0,0.0,9.0,-0.1906825568797394
20260324,NR2703,13625.0,0.0,0.0,0.0
20260325,NR2604,13475.0,2360.0,2348.0,0.0801484230055651
20260325,NR2605,13565.0,87365.0,55398.0,0.0619240692959834
20260325,NR2606,13635.0,25483.0,29013.0,0.0440044004400448
20260325,NR2607,13685.0,5055.0,8852.0,0.0657654366094258
20260325,NR2608,13760.0,160.0,610.0,0.0174418604651149
20260325,NR2609,13780.0,56.0,182.0,-0.0783744557329457
20260325,NR2610,13690.0,0.0,14.0,0.2892622352081817
20260325,NR2611,14020.0,1.0,6.0,-0.0813124108416554
20260325,NR2612,13925.0,3.0,3.0,0.0020817783874286
20260325,NR2701,14140.0,16.0,63.0,0.0169731258840162
20260325,NR2702,14160.0,0.0,9.0,-0.1355932203389831
20260325,NR2703,14000.0,0.0,0.0,0.0
20260326,NR2604,13560.0,581.0,2107.0,0.0663716814159283
20260326,NR2605,13635.0,66510.0,51030.0,0.0616061606160611
20260326,NR2606,13705.0,22044.0,32146.0,0.0218898212331275
20260326,NR2607,13730.0,6333.0,9987.0,0.0742898761835393
20260326,NR2608,13815.0,557.0,745.0,0.0738327904451683
20260326,NR2609,13900.0,301.0,346.0,-0.0302158273381301
20260326,NR2610,13865.0,4.0,13.0,0.1341507392715462
20260326,NR2611,14020.0,0.0,6.0,0.1283880171184028
20260326,NR2612,14170.0,4.0,6.0,0.0014272913973975
20260326,NR2701,14320.0,19.0,70.0,-0.0586592178770954
20260326,NR2702,14250.0,0.0,9.0,-0.2105263157894743
20260326,NR2703,14000.0,0.0,0.0,0.0
20260327,NR2604,13670.0,723.0,1728.0,0.0570592538405279
20260327,NR2605,13735.0,67150.0,47433.0,0.0567892246086652
20260327,NR2606,13800.0,28501.0,37062.0,0.0347826086956528
20260327,NR2607,13840.0,8192.0,10889.0,0.0303468208092496
20260327,NR2608,13875.0,281.0,779.0,0.0648648648648642
20260327,NR2609,13950.0,76.0,375.0,-0.0172043010752687
20260327,NR2610,13930.0,0.0,13.0,0.0775305096913134
20260327,NR2611,14020.0,0.0,6.0,0.2268188302425109
20260327,NR2612,14285.0,3.0,5.0,0.0001415801127135
20260327,NR2701,14300.0,21.0,85.0,0.1132867132867145
20260327,NR2702,14435.0,1.0,9.0,-0.1870453758226533
20260327,NR2703,14210.0,3.0,3.0,0.0
20260330,NR2604,13750.0,764.0,1474.0,0.0829090909090917
20260330,NR2605,13845.0,58454.0,43043.0,0.0433369447453948
20260330,NR2606,13895.0,27804.0,39737.0,0.0302267002518901
20260330,NR2607,13930.0,9053.0,11367.0,0.0258435032304378
20260330,NR2608,13960.0,589.0,935.0,0.0644699140401154
20260330,NR2609,14035.0,87.0,390.0,-0.0897755610972566
20260330,NR2610,13930.0,2.0,13.0,0.193826274228285
20260330,NR2611,14155.0,3.0,6.0,0.1398799010950195
20260330,NR2612,14320.0,2.0,6.0,0.0
20260330,NR2701,14320.0,21.0,94.0,0.0963687150837984
20260330,NR2702,14435.0,0.0,9.0,-0.1621059923796326
20260330,NR2703,14240.0,1.0,3.0,0.0
20260331,NR2604,13180.0,2297.0,561.0,0.3869499241274647
20260331,NR2605,13605.0,57178.0,38489.0,0.0573318632855563
20260331,NR2606,13670.0,34036.0,45063.0,0.039502560351134
20260331,NR2607,13715.0,8599.0,12889.0,0.0481224936201245
20260331,NR2608,13770.0,364.0,968.0,0.0348583877995647
20260331,NR2609,13810.0,59.0,393.0,0.1042722664735711
20260331,NR2610,13930.0,0.0,13.0,0.1765972720746589
20260331,NR2611,14135.0,1.0,7.0,0.0848956490979846
20260331,NR2612,14235.0,2.0,7.0,0.0002367956808467
20260331,NR2701,14260.0,30.0,111.0,-0.0378681626928472
20260331,NR2702,14215.0,2.0,10.0,0.0337671473795282
20260331,NR2703,14255.0,4.0,3.0,0.0
20260401,NR2604,13600.0,111.0,570.0,0.0573529411764717
20260401,NR2605,13665.0,70493.0,32309.0,0.0922063666300756
20260401,NR2606,13770.0,53605.0,49546.0,0.0479302832244021
20260401,NR2607,13825.0,16473.0,14998.0,0.0173598553345382
20260401,NR2608,13845.0,1773.0,1234.0,0.0433369447453948
20260401,NR2609,13895.0,247.0,443.0,0.2849946023749563
20260401,NR2610,14225.0,1.0,13.0,-0.075922671353251
20260401,NR2611,14135.0,0.0,7.0,0.2377078174743543
20260401,NR2612,14415.0,5.0,8.0,-0.0005612131557717
20260401,NR2701,14355.0,51.0,145.0,0.2340647857889237
20260401,NR2702,14635.0,3.0,8.0,-0.2090878032114798
20260401,NR2703,14380.0,0.0,3.0,0.0
20260402,NR2604,13655.0,230.0,570.0,0.1757597949469058
20260402,NR2605,13855.0,43477.0,30691.0,0.1125947311439921
20260402,NR2606,13985.0,39530.0,55040.0,0.0429031104755104
20260402,NR2607,14035.0,8686.0,15683.0,0.0085500534378342
20260402,NR2608,14045.0,872.0,1569.0,0.0811676753292989
20260402,NR2609,14140.0,78.0,431.0,-0.0339462517680337
20260402,NR2610,14100.0,22.0,27.0,0.1446808510638293
20260402,NR2611,14270.0,1.0,7.0,0.0967063770147156
20260402,NR2612,14385.0,2.0,9.0,0.0015934201122423
20260402,NR2701,14555.0,27.0,156.0,-0.0453452421848168
20260402,NR2702,14500.0,5.0,5.0,-0.0413793103448276
20260402,NR2703,14450.0,5.0,7.0,0.0
20260403,NR2604,13620.0,120.0,580.0,0.3127753303964748
20260403,NR2605,13975.0,43709.0,28228.0,0.1202146690518786
20260403,NR2606,14115.0,50063.0,59154.0,0.051009564293305
20260403,NR2607,14175.0,9464.0,16769.0,0.0507936507936497
20260403,NR2608,14235.0,786.0,1783.0,0.0084299262381453
20260403,NR2609,14245.0,83.0,428.0,0.0379080379080383
20260403,NR2610,14290.0,14.0,34.0,0.0251924422673202
20260403,NR2611,14320.0,0.0,7.0,0.1047486033519549
20260403,NR2612,14445.0,1.0,8.0,0.0004200357030347
20260403,NR2701,14490.0,10.0,156.0,0.037267080745341
20260403,NR2702,14535.0,0.0,5.0,-0.0454076367389055
20260403,NR2703,14480.0,2.0,7.0,0.0
20260407,NR2604,13800.0,60.0,580.0,0.2086956521739118
20260407,NR2605,14040.0,23022.0,25363.0,0.1025641025641022
20260407,NR2606,14160.0,57103.0,63832.0,0.0508474576271185
20260407,NR2607,14220.0,12099.0,16963.0,0.0464135021097051
20260407,NR2608,14275.0,1197.0,1997.0,0.0882661996497375
20260407,NR2609,14380.0,40.0,428.0,-0.1251738525730186
20260407,NR2610,14230.0,0.0,34.0,0.1264933239634578
20260407,NR2611,14380.0,0.0,7.0,0.0542420027816401
20260407,NR2612,14445.0,0.0,8.0,0.0027535673865612
20260407,NR2701,14740.0,6.0,156.0,0.0203527815468103
20260407,NR2702,14765.0,1.0,6.0,-0.1259735861835427
20260407,NR2703,14610.0,0.0,7.0,0.0
20260408,NR2604,13530.0,40.0,570.0,0.4700665188470054
20260408,NR2605,14060.0,24223.0,21999.0,0.1194879089615943
20260408,NR2606,14200.0,87740.0,68545.0,0.0802816901408443
20260408,NR2607,14295.0,19057.0,18734.0,0.0335781741867782
20260408,NR2608,14335.0,2325.0,2506.0,0.0209277990931298
20260408,NR2609,14360.0,145.0,427.0,0.0626740947075212
20260408,NR2610,14435.0,20.0,33.0,0.0540353307932104
20260408,NR2611,14500.0,2.0,9.0,0.1200000000000001
20260408,NR2612,14645.0,1.0,9.0,0.0010127320364737
20260408,NR2701,14755.0,23.0,147.0,0.0528634361233484
20260408,NR2702,14820.0,1.0,5.0,-0.165991902834008
20260408,NR2703,14615.0,0.0,7.0,0.0
20260409,NR2604,13600.0,0.0,570.0,0.352941176470587
20260409,NR2605,14000.0,14382.0,20000.0,0.1157142857142847
20260409,NR2606,14135.0,73931.0,67919.0,0.0721613017332849
20260409,NR2607,14220.0,17727.0,19902.0,0.0295358649789028
20260409,NR2608,14255.0,2130.0,2598.0,0.0757628902139595
20260409,NR2609,14345.0,118.0,448.0,-0.1212966190310211
20260409,NR2610,14200.0,4.0,33.0,0.2450704225352122
20260409,NR2611,14490.0,0.0,9.0,0.0496894409937898
20260409,NR2612,14550.0,4.0,8.0,0.00129734738793
20260409,NR2701,14690.0,36.0,159.0,-0.0816882232811435
20260409,NR2702,14590.0,1.0,4.0,0.0205620287868413
20260409,NR2703,14615.0,0.0,7.0,0.0
20260410,NR2604,13600.0,0.0,570.0,0.1235294117647054
20260410,NR2605,13740.0,12019.0,18639.0,0.1310043668122267
20260410,NR2606,13890.0,81365.0,68594.0,0.073434125269979
20260410,NR2607,13975.0,24532.0,20994.0,0.0300536672629689
20260410,NR2608,14010.0,1662.0,2743.0,0.0385438972162743
20260410,NR2609,14055.0,144.0,425.0,0.1536819637139803
20260410,NR2610,14235.0,10.0,33.0,0.0379346680716539
20260410,NR2611,14280.0,1.0,9.0,0.1344537815126045
20260410,NR2612,14440.0,0.0,8.0,-0.0014939774035917
20260410,NR2701,14280.0,12.0,161.0,0.155462184873949
20260410,NR2702,14465.0,0.0,4.0,0.0788109229173859
20260410,NR2703,14560.0,2.0,6.0,0.0
20260413,NR2604,13600.0,0.0,570.0,0.0926470588235304
20260413,NR2605,13705.0,8826.0,16999.0,0.1225829989055089
20260413,NR2606,13845.0,67139.0,67127.0,0.0780065005417123
20260413,NR2607,13935.0,20051.0,21839.0,0.0559741657696442
20260413,NR2608,14000.0,1302.0,2803.0,0.064285714285714
20260413,NR2609,14075.0,165.0,435.0,0.0383658969804621
20260413,NR2610,14120.0,11.0,32.0,-0.0042492917847027
20260413,NR2611,14115.0,1.0,8.0,0.2763018065887355
20260413,NR2612,14440.0,0.0,8.0,-0.0012605434342805
20260413,NR2701,14305.0,9.0,163.0,-0.0754980775952463
20260413,NR2702,14215.0,1.0,3.0,0.0801969750263795
20260413,NR2703,14310.0,3.0,5.0,0.0
20260414,NR2604,13600.0,0.0,570.0,0.0573529411764717
20260414,NR2605,13665.0,10147.0,14601.0,0.1229418221734368
20260414,NR2606,13805.0,63665.0,68410.0,0.0825787758058673
20260414,NR2607,13900.0,16615.0,22891.0,0.043165467625899
20260414,NR2608,13950.0,1671.0,3226.0,0.0387096774193542
20260414,NR2609,13995.0,139.0,441.0,0.0943193997856388
20260414,NR2610,14105.0,2.0,32.0,0.0085076214108461
20260414,NR2611,14115.0,0.0,8.0,0.1232731137088203
20260414,NR2612,14260.0,2.0,8.0,0.0013237310304615
20260414,NR2701,14400.0,6.0,160.0,-0.1541666666666667
20260414,NR2702,14215.0,0.0,3.0,0.1646148434752028
20260414,NR2703,14410.0,2.0,5.0,0.0
20260415,NR2604,13600.0,0.0,570.0,0.1367647058823538
20260415,NR2605,13755.0,4034.0,13662.0,0.1352235550708842
20260415,NR2606,13910.0,53966.0,69211.0,0.0733285406182613
20260415,NR2607,13995.0,15583.0,23693.0,0.0471596998928181
20260415,NR2608,14050.0,967.0,3453.0,0.034163701067615
20260415,NR2609,14090.0,64.0,439.0,0.1022001419446407
20260415,NR2610,14210.0,2.0,32.0,-0.0802251935256861
20260415,NR2611,14115.0,0.0,8.0,0.1232731137088203
20260415,NR2612,14260.0,0.0,8.0,0.0007091416234615
20260415,NR2701,14335.0,3.0,159.0,-0.1004534356470174
20260415,NR2702,14215.0,0.0,3.0,0.2152655645444952
20260415,NR2703,14470.0,0.0,5.0,0.0
20260416,NR2605,13705.0,4653.0,11648.0,0.1269609631521344
20260416,NR2606,13850.0,54047.0,68641.0,0.0736462093862826
20260416,NR2607,13935.0,16866.0,26457.0,0.081808396124865
20260416,NR2608,14030.0,1863.0,4513.0,0.0555951532430514
20260416,NR2609,14095.0,665.0,1041.0,0.0681092586023419
20260416,NR2610,14175.0,3.0,30.0,0.0677248677248671
20260416,NR2611,14255.0,1.0,8.0,0.0042090494563318
20260416,NR2612,14260.0,0.0,8.0,0.0011819027057692
20260416,NR2701,14385.0,10.0,157.0,-0.1418143899895723
20260416,NR2702,14215.0,0.0,3.0,0.2152655645444952
20260416,NR2703,14470.0,0.0,5.0,0.0
20260416,NR2704,14470.0,0.0,0.0,0.0
20260417,NR2605,13555.0,5568.0,9412.0,0.1106602729620078
20260417,NR2606,13680.0,72639.0,65923.0,0.083333333333333
20260417,NR2607,13775.0,19720.0,27066.0,0.0609800362976393
20260417,NR2608,13845.0,2260.0,5133.0,0.0520043336944748
20260417,NR2609,13905.0,1139.0,2063.0,-0.0043149946062568
20260417,NR2610,13900.0,7.0,29.0,0.086330935251798
20260417,NR2611,14000.0,3.0,6.0,0.1157142857142847
20260417,NR2612,14135.0,4.0,8.0,0.0002384709244325
20260417,NR2701,14160.0,2.0,157.0,0.046610169491525
20260417,NR2702,14215.0,0.0,3.0,0.189940204009849
20260417,NR2703,14440.0,0.0,5.0,-0.0831024930747927
20260417,NR2704,14340.0,0.0,0.0,0.0
20260420,NR2605,13935.0,5208.0,8232.0,0.1334768568353066
20260420,NR2606,14090.0,95056.0,69711.0,0.0638750887153998
20260420,NR2607,14165.0,29221.0,30637.0,0.0423579244617018
20260420,NR2608,14215.0,3017.0,5912.0,0.0168835736897641
20260420,NR2609,14235.0,516.0,2094.0,0.0674394099051625
20260420,NR2610,14315.0,5.0,29.0,0.016765630457562
20260420,NR2611,14335.0,0.0,6.0,0.0585978374607591
20260420,NR2612,14405.0,1.0,7.0,0.001918809402166
20260420,NR2701,14610.0,6.0,155.0,-0.0616016427104728
20260420,NR2702,14535.0,2.0,5.0,0.1073271413828687
20260420,NR2703,14665.0,1.0,5.0,-0.1309239686327994
20260420,NR2704,14505.0,0.0,0.0,0.0
20260421,NR2605,13955.0,2865.0,7175.0,0.1289860265137949
20260421,NR2606,14105.0,59629.0,71666.0,0.0638071605813541
20260421,NR2607,14180.0,15234.0,31508.0,0.0338504936530323
20260421,NR2608,14220.0,1811.0,6541.0,0.0295358649789028
20260421,NR2609,14255.0,327.0,2163.0,0.0294633461943174
20260421,NR2610,14290.0,3.0,26.0,0.0377886634009803
20260421,NR2611,14335.0,0.0,6.0,0.0920823160097663
20260421,NR2612,14445.0,0.0,7.0,0.0001866825346821
20260421,NR2701,14465.0,0.0,155.0,0.0414794331144134
20260421,NR2702,14515.0,0.0,5.0,0.1198759903548047
20260421,NR2703,14660.0,1.0,5.0,0.0204638472032741
20260421,NR2704,14685.0,1.0,1.0,0.0
20260422,NR2605,14035.0,1802.0,6650.0,0.1282508015675105
20260422,NR2606,14185.0,59725.0,71266.0,0.0845964046528013
20260422,NR2607,14285.0,18520.0,34259.0,0.0546027301365068
20260422,NR2608,14350.0,2320.0,7246.0,0.0376306620209048
20260422,NR2609,14395.0,319.0,2194.0,0.0458492532129204
20260422,NR2610,14450.0,3.0,27.0,0.0415224913494816
20260422,NR2611,14500.0,2.0,8.0,0.0331034482758632
20260422,NR2612,14540.0,0.0,7.0,0.0015300681575815
20260422,NR2701,14705.0,2.0,155.0,-0.0122407344440671
20260422,NR2702,14690.0,1.0,5.0,-0.0245064669843433
20260422,NR2703,14660.0,0.0,5.0,0.0204638472032741
20260422,NR2704,14685.0,0.0,1.0,0.0
20260423,NR2605,14000.0,6610.0,4196.0,0.1542857142857148
20260423,NR2606,14180.0,95841.0,73842.0,0.0761636107193242
20260423,NR2607,14270.0,32396.0,36659.0,0.037841625788368
20260423,NR2608,14315.0,4665.0,7733.0,0.037722668529514
20260423,NR2609,14360.0,632.0,2229.0,0.1044568245125345
20260423,NR2610,14485.0,69.0,76.0,0.1615464273386271
20260423,NR2611,14680.0,8.0,11.0,-0.1062670299727526
20260423,NR2612,14550.0,0.0,7.0,0.0023166917641607
20260423,NR2701,14800.0,195.0,303.0,0.2432432432432421
20260423,NR2702,15100.0,4.0,7.0,0.0198675496688736
20260423,NR2703,15125.0,5.0,10.0,0.0
20260423,NR2704,15125.0,6.0,7.0,0.0
20260424,NR2605,13945.0,2352.0,3254.0,0.1678020795984229
20260424,NR2606,14140.0,63480.0,71153.0,0.080622347949081
20260424,NR2607,14235.0,28187.0,37539.0,0.0505795574288718
20260424,NR2608,14295.0,2380.0,7668.0,0.0377754459601265
20260424,NR2609,14340.0,526.0,2289.0,0.0711297071129717
20260424,NR2610,14425.0,13.0,79.0,0.1081455805892543
20260424,NR2611,14555.0,1.0,10.0,0.0742013053933359
20260424,NR2612,14645.0,1.0,7.0,0.001380998231555
20260424,NR2701,14795.0,10.0,298.0,0.0932747549847921
20260424,NR2702,14910.0,0.0,7.0,-0.0281690140845074
20260424,NR2703,14875.0,1.0,10.0,0.060504201680672
20260424,NR2704,14950.0,2.0,6.0,0.0
20260427,NR2605,14090.0,2577.0,2013.0,0.1618168914123483
20260427,NR2606,14280.0,62808.0,67566.0,0.0840336134453778
20260427,NR2607,14380.0,31885.0,40493.0,0.0375521557719045
20260427,NR2608,14425.0,9139.0,10172.0,0.0374350086655104
20260427,NR2609,14470.0,830.0,2361.0,0.0621976503109884
20260427,NR2610,14545.0,14.0,83.0,0.0082502578205563
20260427,NR2611,14555.0,0.0,10.0,0.1855032634833398
20260427,NR2612,14780.0,4.0,8.0,0.0014139970503717
20260427,NR2701,14935.0,23.0,300.0,-0.0200870438567122
20260427,NR2702,14910.0,0.0,7.0,0.0482897384305838
20260427,NR2703,14970.0,0.0,10.0,-0.0360721442885765
20260427,NR2704,14925.0,2.0,5.0,0.0
20260428,NR2605,14265.0,1975.0,1370.0,0.214511041009465
20260428,NR2606,14520.0,91555.0,63111.0,0.107438016528925
20260428,NR2607,14650.0,52064.0,48685.0,0.0368600682593864
20260428,NR2608,14695.0,8744.0,11578.0,0.0122490643075874
20260428,NR2609,14710.0,2360.0,3098.0,0.0285520054384784
20260428,NR2610,14745.0,50.0,97.0,0.0
20260428,NR2611,14745.0,47.0,13.0,0.1139369277721256
20260428,NR2612,14885.0,8.0,7.0,0.0019475152196804
20260428,NR2701,15100.0,19.0,301.0,0.0198675496688736
20260428,NR2702,15125.0,0.0,7.0,-0.0317355371900824
20260428,NR2703,15085.0,5.0,7.0,0.0357971494862443
20260428,NR2704,15130.0,2.0,4.0,0.0
20260429,NR2605,14555.0,1730.0,687.0,0.1484026107866718
20260429,NR2606,14735.0,89529.0,56597.0,0.1221581269087215
20260429,NR2607,14885.0,50855.0,55171.0,0.0524017467248896
20260429,NR2608,14950.0,10285.0,12979.0,0.0481605351170557
20260429,NR2609,15010.0,4375.0,4411.0,0.0279813457694872
20260429,NR2610,15045.0,18.0,94.0,-0.1156530408773681
20260429,NR2611,14900.0,6.0,14.0,0.2496644295302008
20260429,NR2612,15210.0,0.0,7.0,0.001241052235002
20260429,NR2701,15350.0,14.0,301.0,0.0117263843648203
20260429,NR2702,15365.0,0.0,7.0,-0.0820045558086559
20260429,NR2703,15260.0,3.0,8.0,0.078636959370903
20260429,NR2704,15360.0,4.0,6.0,0.0
20260430,NR2605,14230.0,617.0,440.0,0.2951510892480682
20260430,NR2606,14580.0,55481.0,47776.0,0.1316872427983551
20260430,NR2607,14740.0,39737.0,56558.0,0.0691994572591587
20260430,NR2608,14825.0,5979.0,13433.0,0.0768971332209114
20260430,NR2609,14920.0,2541.0,5018.0,0.024128686327077
20260430,NR2610,14950.0,19.0,95.0,0.0882943143812697
20260430,NR2611,15060.0,8.0,18.0,0.0836653386454182
20260430,NR2612,15165.0,15.0,16.0,0.0011113704308783
20260430,NR2701,15290.0,25.0,318.0,0.0274689339437541
20260430,NR2702,15325.0,2.0,8.0,0.0156606851549767
20260430,NR2703,15345.0,1.0,8.0,-0.0547409579667648
20260430,NR2704,15275.0,0.0,6.0,0.0
20260506,NR2605,14500.0,210.0,440.0,0.1986206896551712
20260506,NR2606,14740.0,56251.0,42771.0,0.1506105834464053
20260506,NR2607,14925.0,51498.0,64602.0,0.088442211055276
20260506,NR2608,15035.0,11423.0,15116.0,0.0678417026937134
20260506,NR2609,15120.0,1754.0,5251.0,0.1230158730158734
20260506,NR2610,15275.0,19.0,97.0,0.1217675941080207
20260506,NR2611,15430.0,6.0,16.0,-0.0388852883992227
20260506,NR2612,15380.0,0.0,16.0,0.0014465013661401
20260506,NR2701,15545.0,46.0,339.0,-0.007719523962689
20260506,NR2702,15535.0,0.0,8.0,-0.1313163823624075
20260506,NR2703,15365.0,0.0,8.0,0.1288643019850317
20260506,NR2704,15530.0,0.0,6.0,0.0
20260507,NR2605,14760.0,40.0,430.0,0.1788617886178851
20260507,NR2606,14980.0,69274.0,38456.0,0.1241655540720962
20260507,NR2607,15135.0,85098.0,74271.0,0.063429137760159
20260507,NR2608,15215.0,11335.0,15680.0,0.0512651988169556
20260507,NR2609,15280.0,2791.0,5598.0,0.0392670157068062
20260507,NR2610,15330.0,23.0,99.0,0.0939334637964774
20260507,NR2611,15450.0,8.0,19.0,0.0776699029126204
20260507,NR2612,15550.0,5.0,16.0,0.0015607500270963
20260507,NR2701,15730.0,41.0,347.0,-0.0190718372536555
20260507,NR2702,15705.0,3.0,7.0,0.003820439350525
20260507,NR2703,15710.0,3.0,9.0,0.0763844684914056
20260507,NR2704,15810.0,1.0,5.0,0.0
20260508,NR2605,14870.0,70.0,380.0,0.0201748486886348
20260508,NR2606,14895.0,43991.0,32554.0,0.1369587109768391
20260508,NR2607,15065.0,103138.0,80111.0,0.0597411218055095
20260508,NR2608,15140.0,13174.0,17418.0,0.0475561426684283
20260508,NR2609,15200.0,2684.0,6003.0,0.2368421052631566
20260508,NR2610,15500.0,8.0,97.0,-0.1083870967741935
20260508,NR2611,15360.0,10.0,21.0,0.2382812499999991
20260508,NR2612,15665.0,2.0,17.0,8.607179104638163e-05
20260508,NR2701,15675.0,39.0,348.0,0.1492822966507176
20260508,NR2702,15870.0,4.0,5.0,0.0302457466918726
20260508,NR2703,15910.0,3.0,8.0,0.0301697045883093
20260508,NR2704,15950.0,4.0,7.0,0.0
20260511,NR2605,14820.0,0.0,380.0,0.07287449392712553
20260511,NR2606,14910.0,28039.0,27608.0,0.14486921529175145
20260511,NR2607,15090.0,87454.0,79464.0,0.06759443339960125
20260511,NR2608,15175.0,10395.0,18069.0,0.055354200988467994
20260511,NR2609,15245.0,3273.0,6218.0,0.035421449655625104
20260511,NR2610,15290.0,14.0,99.0,0.07455853499018872
20260511,NR2611,15385.0,8.0,23.0,0.07799805004874827
20260511,NR2612,15485.0,4.0,19.0,0.00017414460532664552
20260511,NR2701,15505.0,25.0,356.0,0.054176072234762174
20260511,NR2702,15575.0,2.0,5.0,0.25040128410914875
20260511,NR2703,15900.0,0.0,8.0,-0.15094339622641506
20260511,NR2704,15700.0,3.0,8.0,0.0
