date,symbol,close,volume,open_interest,roll_yield
20250526,HC2506,3138.0,237.0,585.0,0.0686369840734429
20250526,HC2507,3156.0,4053.0,16947.0,-0.0152187718559419
20250526,HC2508,3152.0,91.0,426.0,-0.041951417269478
20250526,HC2509,3141.0,40745.0,169559.0,-0.0114667949480241
20250526,HC2510,3138.0,804010.0,1471007.0,-0.0306317971053477
20250526,HC2511,3130.0,33657.0,181462.0,0.0420985920533718
20250526,HC2512,3141.0,78.0,372.0,0.0114558481254065
20250526,HC2601,3144.0,16904.0,64376.0,0.0304955691440705
20250526,HC2602,3152.0,9.0,227.0,0.0455985349172981
20250526,HC2603,3164.0,9.0,150.0,0.0227344558053818
20250526,HC2604,3170.0,34.0,106.0,-0.0341178558685023
20250526,HC2605,3161.0,437.0,771.0,0.0
20250527,HC2506,3109.0,195.0,641.0,0.115237761398398
20250527,HC2507,3139.0,4228.0,15490.0,-0.0728553124611056
20250527,HC2508,3120.0,80.0,440.0,0.0076898432621919
20250527,HC2509,3122.0,40226.0,170212.0,-0.0423552501328837
20250527,HC2510,3111.0,694483.0,1513825.0,-0.011577424921188
20250527,HC2511,3108.0,33968.0,188658.0,0.0308483460372107
20250527,HC2512,3116.0,206.0,450.0,0.0153944857546694
20250527,HC2601,3120.0,16397.0,70201.0,0.0153747618725824
20250527,HC2602,3124.0,12.0,227.0,0.053657068000815
20250527,HC2603,3138.0,30.0,155.0,0.0
20250527,HC2604,3138.0,31.0,116.0,0.0114667949480236
20250527,HC2605,3141.0,852.0,1164.0,0.0
20250528,HC2506,3127.0,350.0,500.0,0.057425536292702
20250528,HC2507,3142.0,5804.0,12737.0,-0.0881652264931589
20250528,HC2508,3119.0,53.0,419.0,-0.0076972420855936
20250528,HC2509,3117.0,38612.0,173045.0,-0.0656266715291943
20250528,HC2510,3100.0,452531.0,1537114.0,-0.0154938691634391
20250528,HC2511,3096.0,24190.0,193471.0,0.0193642126899754
20250528,HC2512,3101.0,56.0,453.0,0.0347770328739707
20250528,HC2601,3110.0,14468.0,74494.0,0.0730888619472273
20250528,HC2602,3129.0,0.0,227.0,0.0535715175442263
20250528,HC2603,3143.0,0.0,155.0,-0.0650823097937481
20250528,HC2604,3126.0,20.0,129.0,0.0306709432145314
20250528,HC2605,3134.0,1383.0,2149.0,0.0
20250529,HC2506,3141.0,354.0,426.0,0.0267133199837681
20250529,HC2507,3148.0,5371.0,10781.0,-0.0534862394559327
20250529,HC2508,3134.0,62.0,431.0,-0.0191601509650074
20250529,HC2509,3129.0,49374.0,172011.0,-0.0730888619472275
20250529,HC2510,3110.0,809980.0,1552234.0,-0.0077195242289004
20250529,HC2511,3108.0,28770.0,196152.0,0.0231436908768682
20250529,HC2512,3114.0,313.0,473.0,0.0154043666853375
20250529,HC2601,3118.0,23182.0,81148.0,0.0115403118366921
20250529,HC2602,3121.0,6.0,225.0,0.0728320395782359
20250529,HC2603,3140.0,17.0,166.0,0.0114594947432219
20250529,HC2604,3143.0,14.0,132.0,0.003817401018355
20250529,HC2605,3144.0,2090.0,3386.0,0.0
20250530,HC2506,3140.0,175.0,330.0,-0.0421120228010036
20250530,HC2507,3129.0,2683.0,9601.0,-0.092396991615636
20250530,HC2508,3105.0,190.0,483.0,0.0
20250530,HC2509,3105.0,32176.0,173012.0,-0.1126039649045342
20250530,HC2510,3076.0,602113.0,1578525.0,-0.0117092219405987
20250530,HC2511,3073.0,36171.0,200221.0,0.0234070295281897
20250530,HC2512,3079.0,64.0,461.0,0.011686415466729
20250530,HC2601,3082.0,19385.0,81271.0,0.0505100308636245
20250530,HC2602,3095.0,7.0,229.0,0.0965411482179799
20250530,HC2603,3120.0,3.0,169.0,-0.0346654068706921
20250530,HC2604,3111.0,4.0,133.0,-0.0308979893910817
20250530,HC2605,3103.0,1032.0,3726.0,0.0
20250603,HC2506,3090.0,60.0,390.0,0.019401782722863
20250603,HC2507,3095.0,3719.0,8835.0,-0.0194017827228634
20250603,HC2508,3090.0,33.0,481.0,-0.0466926659155987
20250603,HC2509,3078.0,29867.0,172356.0,-0.1017950639337236
20250603,HC2510,3052.0,594311.0,1588097.0,-0.0393830350213129
20250603,HC2511,3042.0,38288.0,204199.0,0.0157687276304284
20250603,HC2512,3046.0,154.0,474.0,-0.003940239733317
20250603,HC2601,3045.0,48583.0,96703.0,0.0157532021310896
20250603,HC2602,3049.0,37.0,241.0,0.0275184395778756
20250603,HC2603,3056.0,74.0,200.0,0.0039260592530815
20250603,HC2604,3057.0,31.0,148.0,-0.0432574612287282
20250603,HC2605,3046.0,3449.0,4655.0,0.0
20250604,HC2506,3120.0,30.0,420.0,0.0613812080012449
20250604,HC2507,3136.0,2308.0,8148.0,-0.0806274029849397
20250604,HC2508,3115.0,143.0,487.0,-0.0038529459313185
20250604,HC2509,3114.0,28416.0,171605.0,-0.0656900690488903
20250604,HC2510,3097.0,806676.0,1576113.0,-0.0193892431906829
20250604,HC2511,3092.0,34273.0,206293.0,0.0
20250604,HC2512,3092.0,126.0,469.0,-0.0077644777862573
20250604,HC2601,3090.0,31103.0,99568.0,0.019401782722863
20250604,HC2602,3095.0,28.0,228.0,-0.0349458263470845
20250604,HC2603,3086.0,20.0,190.0,0.0736555373336753
20250604,HC2604,3105.0,37.0,159.0,-0.0658809986749487
20250604,HC2605,3088.0,2745.0,5551.0,0.0
20250605,HC2506,3110.0,30.0,420.0,0.0269792951286877
20250605,HC2507,3117.0,1195.0,7634.0,-0.1316142225742406
20250605,HC2508,3083.0,97.0,510.0,0.0349797818539473
20250605,HC2509,3092.0,19509.0,171921.0,-0.0583564126232484
20250605,HC2510,3077.0,639907.0,1579049.0,-0.0312398484276673
20250605,HC2511,3069.0,48509.0,211703.0,0.0
20250605,HC2512,3069.0,225.0,440.0,0.0234375074505848
20250605,HC2601,3075.0,28956.0,103605.0,-0.0940259462873833
20250605,HC2602,3051.0,10.0,226.0,0.1524202221014571
20250605,HC2603,3090.0,5.0,195.0,-0.0350024555414789
20250605,HC2604,3081.0,11.0,160.0,-0.0351048519492612
20250605,HC2605,3072.0,1421.0,5834.0,0.0
20250606,HC2506,3110.0,0.0,420.0,0.0692531579030624
20250606,HC2507,3128.0,1413.0,7092.0,-0.0461243360947539
20250606,HC2508,3116.0,35.0,494.0,-0.0579058546822797
20250606,HC2509,3101.0,25663.0,170805.0,-0.0348781127176366
20250606,HC2510,3092.0,640481.0,1582478.0,-0.0233085214104774
20250606,HC2511,3086.0,54877.0,217455.0,0.0349458263470842
20250606,HC2512,3095.0,264.0,634.0,-0.0310579273984457
20250606,HC2601,3087.0,27209.0,108272.0,0.0504283916529397
20250606,HC2602,3100.0,12.0,233.0,0.0
20250606,HC2603,3100.0,13.0,206.0,0.0270662270377168
20250606,HC2604,3107.0,5.0,159.0,-0.0852716766427102
20250606,HC2605,3085.0,805.0,6111.0,0.0
20250609,HC2506,3110.0,30.0,420.0,0.0884194293469439
20250609,HC2507,3133.0,922.0,6794.0,-0.0191662714438803
20250609,HC2508,3128.0,50.0,451.0,-0.0731122992773747
20250609,HC2509,3109.0,19266.0,168725.0,-0.0541586992806885
20250609,HC2510,3095.0,512180.0,1585218.0,-0.0116373049366069
20250609,HC2511,3092.0,39337.0,219390.0,0.0310077691911008
20250609,HC2512,3100.0,126.0,620.0,-0.0271274134580153
20250609,HC2601,3093.0,23777.0,114798.0,0.0116335442945779
20250609,HC2602,3096.0,5.0,234.0,0.0425600962011569
20250609,HC2603,3107.0,5.0,206.0,0.0154390500550746
20250609,HC2604,3111.0,6.0,162.0,-0.077394657186249
20250609,HC2605,3091.0,457.0,6185.0,0.0
20250610,HC2506,3110.0,0.0,420.0,0.0615780696977056
20250610,HC2507,3126.0,1643.0,5940.0,-0.0423009571184206
20250610,HC2508,3115.0,38.0,469.0,-0.0579244889797904
20250610,HC2509,3100.0,19013.0,168474.0,-0.0426563706558708
20250610,HC2510,3089.0,507470.0,1592616.0,-0.0077720209970691
20250610,HC2511,3087.0,39560.0,221799.0,0.0194206224618391
20250610,HC2512,3092.0,252.0,645.0,-0.027197680413893
20250610,HC2601,3085.0,23724.0,119741.0,0.0116636976621444
20250610,HC2602,3088.0,21.0,237.0,0.0426701597169775
20250610,HC2603,3099.0,5.0,206.0,0.0270749510506101
20250610,HC2604,3106.0,2.0,162.0,-0.0736317504776769
20250610,HC2605,3087.0,373.0,6327.0,0.0
20250611,HC2506,3140.0,30.0,420.0,0.0
20250611,HC2507,3140.0,1547.0,5407.0,-0.015296369184007
20250611,HC2508,3136.0,54.0,446.0,-0.072925220435536
20250611,HC2509,3117.0,21854.0,168284.0,-0.0346988193575881
20250611,HC2510,3108.0,598818.0,1563430.0,-0.0193205644698944
20250611,HC2511,3103.0,41289.0,224392.0,0.0347546501988234
20250611,HC2512,3112.0,7.0,646.0,-0.0386224987415771
20250611,HC2601,3102.0,23837.0,122647.0,0.0154639196657801
20250611,HC2602,3106.0,48.0,236.0,-0.0580927389181925
20250611,HC2603,3091.0,0.0,206.0,0.11206006405694
20250611,HC2604,3120.0,5.0,163.0,-0.0849151179205688
20250611,HC2605,3098.0,402.0,6434.0,0.0
20250612,HC2506,3140.0,0.0,420.0,-0.1036309015282912
20250612,HC2507,3113.0,1205.0,5078.0,-0.0579617935775307
20250612,HC2508,3098.0,43.0,462.0,-0.0621360611610339
20250612,HC2509,3082.0,22068.0,168673.0,-0.0077896789492905
20250612,HC2510,3080.0,490001.0,1566756.0,-0.015594544105026
20250612,HC2511,3076.0,34477.0,227053.0,0.0506083475165661
20250612,HC2512,3089.0,129.0,667.0,-0.0389105399289759
20250612,HC2601,3079.0,16889.0,122560.0,0.0233614609798526
20250612,HC2602,3085.0,123.0,238.0,0.0465869236045747
20250612,HC2603,3097.0,1.0,205.0,0.1118439720986298
20250612,HC2604,3126.0,0.0,163.0,-0.1934901642706479
20250612,HC2605,3076.0,358.0,6614.0,0.0
20250613,HC2506,3140.0,0.0,420.0,-0.0843723514149266
20250613,HC2507,3118.0,1836.0,4109.0,-0.0424096826960934
20250613,HC2508,3107.0,33.0,463.0,-0.0541936404957333
20250613,HC2509,3093.0,28127.0,169212.0,-0.0427530816601024
20250613,HC2510,3082.0,814335.0,1555245.0,-0.0116864154667283
20250613,HC2511,3079.0,46002.0,227791.0,0.0544394971268319
20250613,HC2512,3093.0,31.0,671.0,-0.0505427606093941
20250613,HC2601,3080.0,30209.0,125354.0,0.0350138034115394
20250613,HC2602,3089.0,43.0,250.0,0.031037844655454
20250613,HC2603,3097.0,0.0,205.0,0.003874092043333
20250613,HC2604,3098.0,37.0,182.0,-0.0582431170879624
20250613,HC2605,3083.0,1170.0,6883.0,0.0
20250616,HC2506,3140.0,0.0,420.0,-0.0421120228010036
20250616,HC2507,3129.0,528.0,3910.0,-0.0268757111220575
20250616,HC2508,3122.0,58.0,444.0,-0.0500722921994826
20250616,HC2509,3109.0,23754.0,169172.0,-0.0193143450677335
20250616,HC2510,3104.0,603542.0,1528393.0,-0.015473889958461
20250616,HC2511,3100.0,36228.0,228740.0,0.0463619379005356
20250616,HC2512,3112.0,500.0,770.0,-0.0424915943739999
20250616,HC2601,3101.0,27722.0,131464.0,-0.0271186556092497
20250616,HC2602,3094.0,35.0,249.0,0.0116297860822963
20250616,HC2603,3097.0,0.0,205.0,0.0270924159588791
20250616,HC2604,3104.0,1.0,181.0,-0.0348443542129545
20250616,HC2605,3095.0,1280.0,7229.0,0.0
20250617,HC2507,3121.0,800.0,3540.0,-0.0539499945327842
20250617,HC2508,3107.0,96.0,411.0,-0.0348106609948018
20250617,HC2509,3098.0,24144.0,170939.0,-0.0193829795009312
20250617,HC2510,3093.0,353677.0,1522669.0,0.0
20250617,HC2511,3093.0,29591.0,229242.0,0.015508887457597
20250617,HC2512,3097.0,90.0,815.0,-0.0232708540930374
20250617,HC2601,3091.0,15406.0,132826.0,-0.0077669905624147
20250617,HC2602,3089.0,5.0,252.0,0.031037844655454
20250617,HC2603,3097.0,0.0,205.0,0.0270924159588791
20250617,HC2604,3104.0,0.0,181.0,-0.0775697594386708
20250617,HC2605,3084.0,697.0,7223.0,0.0116674778272702
20250617,HC2606,3087.0,5.0,3.0,0.0
20250618,HC2507,3140.0,875.0,3145.0,-0.0613028153126695
20250618,HC2508,3124.0,18.0,408.0,-0.0307692476272517
20250618,HC2509,3116.0,21815.0,170891.0,-0.0540367590498569
20250618,HC2510,3102.0,484069.0,1501786.0,-0.0077394391589588
20250618,HC2511,3100.0,30394.0,232294.0,0.0232033588247373
20250618,HC2512,3106.0,227.0,813.0,-0.0232033588247375
20250618,HC2601,3100.0,23234.0,138323.0,-0.0271274134580153
20250618,HC2602,3093.0,35.0,257.0,0.015508887457597
20250618,HC2603,3097.0,0.0,205.0,0.0348218848251538
20250618,HC2604,3106.0,7.0,180.0,-0.0503307722827526
20250618,HC2605,3093.0,614.0,7251.0,0.0
20250618,HC2606,3093.0,0.0,3.0,0.0
20250619,HC2507,3151.0,383.0,2856.0,-0.0687462096609945
20250619,HC2508,3133.0,4.0,407.0,-0.0729952626989768
20250619,HC2509,3114.0,21806.0,168690.0,-0.0424642553467612
20250619,HC2510,3103.0,398637.0,1488632.0,-0.0038678485427533
20250619,HC2511,3102.0,38764.0,234268.0,0.0193267878787594
20250619,HC2512,3107.0,20.0,811.0,-0.0348106609948018
20250619,HC2601,3098.0,21062.0,143415.0,-0.0038740920433336
20250619,HC2602,3097.0,5.0,257.0,0.003874092043333
20250619,HC2603,3098.0,0.0,205.0,0.0926049611827608
20250619,HC2604,3122.0,2.0,180.0,-0.1119879406836935
20250619,HC2605,3093.0,351.0,7374.0,0.0
20250619,HC2606,3093.0,0.0,3.0,0.0
20250620,HC2507,3150.0,1367.0,2265.0,-0.0305149560493469
20250620,HC2508,3142.0,19.0,401.0,-0.0612636940097345
20250620,HC2509,3126.0,26785.0,169770.0,-0.0384492478893961
20250620,HC2510,3116.0,566709.0,1482115.0,-0.0115588385883689
20250620,HC2511,3113.0,47063.0,235692.0,0.0269533243430376
20250620,HC2512,3120.0,75.0,800.0,-0.0501044569257674
20250620,HC2601,3107.0,33504.0,148022.0,0.0270053160107541
20250620,HC2602,3114.0,0.0,257.0,0.0115551284807201
20250620,HC2603,3117.0,42.0,230.0,0.0
20250620,HC2604,3117.0,15.0,182.0,-0.0656266715291943
20250620,HC2605,3100.0,991.0,7355.0,0.0270662270377168
20250620,HC2606,3107.0,15.0,6.0,0.0
20250623,HC2507,3135.0,384.0,2046.0,0.0229445576595053
20250623,HC2508,3141.0,11.0,404.0,-0.0497687744813382
20250623,HC2509,3128.0,17848.0,168286.0,-0.0615385964030334
20250623,HC2510,3112.0,382209.0,1511083.0,0.0
20250623,HC2511,3112.0,31523.0,238173.0,0.0231139718332758
20250623,HC2512,3118.0,134.0,815.0,-0.0231139718332758
20250623,HC2601,3112.0,17818.0,151575.0,0.0308087460629488
20250623,HC2602,3120.0,46.0,254.0,0.0076898432621919
20250623,HC2603,3122.0,0.0,230.0,-0.015384617491866
20250623,HC2604,3118.0,0.0,182.0,-0.0578686220320988
20250623,HC2605,3103.0,574.0,7567.0,0.0115960711230249
20250623,HC2606,3106.0,10.0,16.0,0.0
20250624,HC2507,3140.0,979.0,1572.0,-0.0229518718359949
20250624,HC2508,3134.0,123.0,410.0,-0.0883911122199488
20250624,HC2509,3111.0,22054.0,166634.0,-0.0463768693186659
20250624,HC2510,3099.0,550221.0,1512865.0,0.0116110313848297
20250624,HC2511,3102.0,43295.0,238029.0,0.0193267878787594
20250624,HC2512,3107.0,193.0,774.0,-0.0309378192635897
20250624,HC2601,3099.0,29247.0,158694.0,0.0347994443974777
20250624,HC2602,3108.0,78.0,260.0,-0.0115886054395076
20250624,HC2603,3105.0,2.0,230.0,0.0462874247970944
20250624,HC2604,3117.0,5.0,183.0,-0.0849971357836874
20250624,HC2605,3095.0,802.0,7580.0,0.0271099034134518
20250624,HC2606,3102.0,47.0,46.0,0.0
20250625,HC2507,3120.0,340.0,1445.0,0.0153747618725824
20250625,HC2508,3124.0,58.0,409.0,-0.0732061991039699
20250625,HC2509,3105.0,19502.0,166229.0,-0.0270836806891827
20250625,HC2510,3098.0,533425.0,1510406.0,0.0077444339570838
20250625,HC2511,3100.0,46230.0,245459.0,0.0193392467320993
20250625,HC2512,3105.0,120.0,766.0,-0.0232108389579703
20250625,HC2601,3099.0,30648.0,163508.0,0.0386598272520664
20250625,HC2602,3109.0,19.0,266.0,0.0038591413743107
20250625,HC2603,3110.0,1.0,231.0,0.0038579006922861
20250625,HC2604,3111.0,7.0,187.0,-0.0735130462838936
20250625,HC2605,3092.0,991.0,7755.0,0.0348781127176368
20250625,HC2606,3101.0,45.0,80.0,0.0
20250626,HC2507,3133.0,424.0,1348.0,-0.0345213599113816
20250626,HC2508,3124.0,153.0,379.0,-0.046183507935532
20250626,HC2509,3112.0,18882.0,165619.0,-0.0347546501988237
20250626,HC2510,3103.0,552939.0,1510669.0,0.0
20250626,HC2511,3103.0,43335.0,247932.0,0.0154589393360057
20250626,HC2512,3107.0,82.0,798.0,-0.0231958835111816
20250626,HC2601,3101.0,32699.0,170176.0,-0.0077419357524091
20250626,HC2602,3099.0,54.0,276.0,0.0193454821843346
20250626,HC2603,3104.0,1011.0,504.0,0.0
20250626,HC2604,3104.0,11.0,188.0,-0.0270924159588788
20250626,HC2605,3097.0,718.0,7865.0,0.003874092043333
20250626,HC2606,3098.0,37.0,113.0,0.0
20250627,HC2507,3146.0,308.0,1213.0,-0.0152671776318798
20250627,HC2508,3142.0,57.0,361.0,-0.0344223343604962
20250627,HC2509,3133.0,18637.0,165786.0,-0.0460505841769474
20250627,HC2510,3121.0,613616.0,1524710.0,0.0153698387966681
20250627,HC2511,3125.0,50669.0,248406.0,0.0268499392823024
20250627,HC2512,3132.0,175.0,806.0,-0.0191723958342289
20250627,HC2601,3127.0,45271.0,175355.0,0.0230032019322058
20250627,HC2602,3133.0,120.0,345.0,0.0153110068618369
20250627,HC2603,3137.0,87.0,480.0,0.0114704485394512
20250627,HC2604,3140.0,7.0,190.0,-0.0536228150505255
20250627,HC2605,3126.0,1573.0,7992.0,0.0306709432145314
20250627,HC2606,3134.0,60.0,95.0,0.0
20250630,HC2507,3138.0,480.0,1020.0,0.0152866262710626
20250630,HC2508,3142.0,170.0,315.0,-0.0497529017602116
20250630,HC2509,3129.0,19100.0,164835.0,-0.023032636629643
20250630,HC2510,3123.0,595861.0,1525709.0,0.0
20250630,HC2511,3123.0,48620.0,251888.0,0.0421927875946508
20250630,HC2512,3134.0,208.0,838.0,-0.0229958550091728
20250630,HC2601,3128.0,38571.0,180475.0,0.0344772783057171
20250630,HC2602,3137.0,64.0,369.0,0.0305635313263523
20250630,HC2603,3145.0,65.0,517.0,-0.0076335880436801
20250630,HC2604,3143.0,15.0,196.0,-0.0535715175442259
20250630,HC2605,3129.0,1410.0,8416.0,0.0268156536169963
20250630,HC2606,3136.0,25.0,113.0,0.0
20250701,HC2507,3124.0,180.0,990.0,0.1108817830258102
20250701,HC2508,3153.0,88.0,305.0,-0.0228571497678473
20250701,HC2509,3147.0,10179.0,164367.0,-0.042018187129301
20250701,HC2510,3136.0,537703.0,1522628.0,0.0
20250701,HC2511,3136.0,38072.0,256243.0,0.0267558639272288
20250701,HC2512,3143.0,65.0,840.0,-0.0267558639272291
20250701,HC2601,3136.0,22721.0,183409.0,-0.0076555026519875
20250701,HC2602,3134.0,18.0,360.0,0.0153061245241417
20250701,HC2603,3138.0,61.0,513.0,-0.0191357080894338
20250701,HC2604,3133.0,4.0,197.0,0.0038295835652928
20250701,HC2605,3134.0,779.0,8609.0,-0.0268327854974979
20250701,HC2606,3127.0,27.0,119.0,0.0
20250702,HC2507,3180.0,60.0,1020.0,0.052714236008824
20250702,HC2508,3194.0,50.0,288.0,0.0375117529595045
20250702,HC2509,3204.0,12116.0,164547.0,-0.0487881829200754
20250702,HC2510,3191.0,920428.0,1595758.0,0.0150328864007013
20250702,HC2511,3195.0,65593.0,261626.0,0.0112623189871714
20250702,HC2512,3198.0,106.0,802.0,-0.0037529320086967
20250702,HC2601,3197.0,46391.0,186946.0,0.0262459095408994
20250702,HC2602,3204.0,13.0,361.0,0.0074882997749797
20250702,HC2603,3206.0,276.0,625.0,-0.0525164951975866
20250702,HC2604,3192.0,15.0,200.0,0.0262869765578241
20250702,HC2605,3199.0,958.0,8719.0,0.0224859528630293
20250702,HC2606,3205.0,29.0,134.0,0.0
20250703,HC2507,3210.0,90.0,1080.0,0.0410511984856469
20250703,HC2508,3221.0,92.0,273.0,-0.011181861346444
20250703,HC2509,3218.0,10180.0,164399.0,-0.0373483027910806
20250703,HC2510,3208.0,694556.0,1595284.0,0.0112167012373056
20250703,HC2511,3211.0,64659.0,262712.0,0.0149393109864698
20250703,HC2512,3215.0,109.0,852.0,-0.0261560122237752
20250703,HC2601,3208.0,52983.0,198398.0,0.0410767477488358
20250703,HC2602,3219.0,22.0,362.0,-0.0373366822674156
20250703,HC2603,3209.0,171.0,569.0,0.0410639691431648
20250703,HC2604,3220.0,37.0,192.0,-0.0335873333872806
20250703,HC2605,3211.0,735.0,8824.0,0.0298600465115306
20250703,HC2606,3219.0,39.0,158.0,0.0
20250704,HC2507,3195.0,0.0,1080.0,0.0786151618466607
20250704,HC2508,3216.0,29.0,270.0,-0.0224089700975456
20250704,HC2509,3210.0,11907.0,163279.0,-0.0336921138503823
20250704,HC2510,3201.0,623730.0,1580869.0,0.0187295183956226
20250704,HC2511,3206.0,57630.0,265354.0,0.0149625954547602
20250704,HC2512,3210.0,165.0,847.0,0.0
20250704,HC2601,3210.0,49856.0,203313.0,0.0671017591893352
20250704,HC2602,3228.0,52.0,363.0,-0.0596274518782461
20250704,HC2603,3212.0,264.0,595.0,0.0298507616616204
20250704,HC2604,3220.0,39.0,188.0,-0.0186480224008104
20250704,HC2605,3215.0,1171.0,8766.0,0.0111922905673052
20250704,HC2606,3218.0,138.0,158.0,0.0
20250707,HC2507,3195.0,0.0,1080.0,0.0037552808943618
20250707,HC2508,3196.0,21.0,274.0,0.0112587967602337
20250707,HC2509,3199.0,9946.0,161739.0,-0.030046964055294
20250707,HC2510,3191.0,490427.0,1585555.0,0.0037599874974701
20250707,HC2511,3192.0,48717.0,265859.0,0.0300375626174216
20250707,HC2512,3200.0,111.0,870.0,-0.0150093828198312
20250707,HC2601,3196.0,44207.0,216651.0,0.0262541126759132
20250707,HC2602,3203.0,120.0,327.0,-0.0149953159156819
20250707,HC2603,3199.0,3434.0,823.0,0.014995315915681
20250707,HC2604,3203.0,5.0,188.0,-0.0262541126759147
20250707,HC2605,3196.0,974.0,8740.0,0.0187587970043733
20250707,HC2606,3201.0,21.0,172.0,0.0
20250708,HC2507,3170.0,210.0,1080.0,0.0942659992837059
20250708,HC2508,3195.0,47.0,283.0,0.0187646637141931
20250708,HC2509,3200.0,7610.0,161430.0,-0.0337975501148928
20250708,HC2510,3191.0,341788.0,1593691.0,0.0150328864007013
20250708,HC2511,3195.0,39965.0,268840.0,0.0300093935702749
20250708,HC2512,3203.0,47.0,854.0,-0.0112447298560829
20250708,HC2601,3200.0,16726.0,218651.0,0.0262213308640441
20250708,HC2602,3207.0,34.0,336.0,-0.011230698058861
20250708,HC2603,3204.0,875.0,862.0,0.0336606111313041
20250708,HC2604,3213.0,10.0,187.0,-0.0449018297519446
20250708,HC2605,3201.0,305.0,8806.0,0.0523691604222814
20250708,HC2606,3215.0,20.0,189.0,0.0
20250709,HC2507,3176.0,300.0,780.0,0.0527804809423666
20250709,HC2508,3190.0,22.0,271.0,0.0413081302916723
20250709,HC2509,3201.0,7038.0,160147.0,-0.0413081302916734
20250709,HC2510,3190.0,345228.0,1582553.0,0.0225493332872996
20250709,HC2511,3196.0,38065.0,269165.0,0.0337447496232621
20250709,HC2512,3205.0,36.0,849.0,-0.0149859526188884
20250709,HC2601,3201.0,26090.0,219442.0,0.0411664211614706
20250709,HC2602,3212.0,37.0,317.0,-0.0074743073110889
20250709,HC2603,3210.0,73.0,866.0,0.0149439620807572
20250709,HC2604,3214.0,10.0,189.0,-0.0299065575355152
20250709,HC2605,3206.0,301.0,8785.0,0.0597387668090576
20250709,HC2606,3222.0,10.0,197.0,0.0
20250710,HC2507,3245.0,60.0,720.0,0.0406091758108859
20250710,HC2508,3256.0,66.0,248.0,0.0514864412264175
20250710,HC2509,3270.0,17651.0,158230.0,-0.0293937685240791
20250710,HC2510,3262.0,901412.0,1597104.0,0.0073551948364611
20250710,HC2511,3264.0,66651.0,270917.0,0.0146968787507504
20250710,HC2512,3268.0,201.0,802.0,0.0146789009129307
20250710,HC2601,3272.0,73388.0,219537.0,-0.0110074919811246
20250710,HC2602,3269.0,102.0,303.0,0.0073394497700799
20250710,HC2603,3271.0,1990.0,942.0,0.0183290092149125
20250710,HC2604,3276.0,49.0,180.0,-0.0073282445025579
20250710,HC2605,3274.0,1469.0,8977.0,0.0402500758515692
20250710,HC2606,3285.0,64.0,218.0,0.0
20250711,HC2507,3240.0,0.0,720.0,0.0812060927350102
20250711,HC2508,3262.0,36.0,251.0,0.0733498616289246
20250711,HC2509,3282.0,17381.0,154827.0,-0.0329519657862688
20250711,HC2510,3273.0,609870.0,1599748.0,0.0146564903716098
20250711,HC2511,3277.0,36879.0,269231.0,0.0146386111474451
20250711,HC2512,3281.0,163.0,823.0,-0.0036579789949462
20250711,HC2601,3280.0,44974.0,226358.0,-0.0219713213653104
20250711,HC2602,3274.0,71.0,299.0,0.0402500758515692
20250711,HC2603,3285.0,2150.0,981.0,0.0291882174918418
20250711,HC2604,3293.0,28.0,178.0,-0.043808992983152
20250711,HC2605,3281.0,910.0,9060.0,0.0438089929831525
20250711,HC2606,3293.0,16.0,227.0,0.0
20250714,HC2507,3270.0,30.0,750.0,0.0036691637650179
20250714,HC2508,3271.0,102.0,254.0,0.0366300650726132
20250714,HC2509,3281.0,10084.0,153273.0,-0.0183010558576985
20250714,HC2510,3276.0,454659.0,1580291.0,0.0109839824602584
20250714,HC2511,3279.0,27906.0,269434.0,0.0182843247320478
20250714,HC2512,3284.0,203.0,849.0,0.0146074272450206
20250714,HC2601,3288.0,33431.0,230812.0,-0.0182620640937338
20250714,HC2602,3283.0,38.0,291.0,0.0219111442495706
20250714,HC2603,3289.0,1384.0,926.0,-0.0036490801558371
20250714,HC2604,3288.0,22.0,180.0,-0.0036501901422136
20250714,HC2605,3287.0,300.0,9014.0,0.021884504545738
20250714,HC2606,3293.0,7.0,228.0,0.0
20250715,HC2507,3250.0,30.0,750.0,-0.0110820386512465
20250715,HC2508,3247.0,66.0,256.0,0.0405842047097337
20250715,HC2509,3258.0,12616.0,151812.0,0.0036826761068525
20250715,HC2510,3259.0,496158.0,1566776.0,0.0257471363141854
20250715,HC2511,3266.0,25474.0,269127.0,0.0220250903067261
20250715,HC2512,3272.0,133.0,803.0,0.0183234117141238
20250715,HC2601,3277.0,46627.0,238573.0,-0.0109906892128124
20250715,HC2602,3274.0,80.0,278.0,0.0292861646274722
20250715,HC2603,3282.0,124.0,925.0,-0.0476263791099067
20250715,HC2604,3269.0,5.0,183.0,0.0439695148426921
20250715,HC2605,3281.0,684.0,9065.0,0.0401643460303054
20250715,HC2606,3292.0,6.0,232.0,0.0
20250716,HC2508,3239.0,21.0,256.0,0.0517560876242651
20250716,HC2509,3253.0,9154.0,151105.0,0.0
20250716,HC2510,3253.0,385432.0,1549973.0,0.0147465456345838
20250716,HC2511,3257.0,24497.0,268142.0,0.0147284461570275
20250716,HC2512,3261.0,64.0,833.0,0.0367422209887772
20250716,HC2601,3271.0,33500.0,244383.0,-0.0330629322890962
20250716,HC2602,3262.0,14.0,274.0,0.0550543862142659
20250716,HC2603,3277.0,1162.0,1000.0,0.0292593866387568
20250716,HC2604,3285.0,1.0,184.0,-0.0475827983528789
20250716,HC2605,3272.0,355.0,9030.0,0.0109974041605753
20250716,HC2606,3275.0,37.0,202.0,0.0292772331868858
20250716,HC2607,3283.0,2.0,2.0,0.0
20250717,HC2508,3278.0,162.0,316.0,0.0511416299182243
20250717,HC2509,3292.0,10456.0,150445.0,0.0
20250717,HC2510,3292.0,698968.0,1610257.0,0.0182121752972475
20250717,HC2511,3297.0,38953.0,269123.0,0.0109140525940873
20250717,HC2512,3300.0,184.0,779.0,0.0290557042681241
20250717,HC2601,3308.0,56893.0,249080.0,-0.007257333151349
20250717,HC2602,3306.0,46.0,285.0,0.0072573331513498
20250717,HC2603,3308.0,246.0,927.0,-0.007257333151349
20250717,HC2604,3306.0,4.0,185.0,0.0108843544877114
20250717,HC2605,3309.0,737.0,9147.0,0.010874491002457
20250717,HC2606,3312.0,25.0,215.0,0.0108646453777502
20250717,HC2607,3315.0,1.0,1.0,0.0
20250718,HC2508,3304.0,401.0,449.0,0.05435612494927
20250718,HC2509,3319.0,15640.0,147060.0,-0.0325841201863917
20250718,HC2510,3310.0,786987.0,1596254.0,0.0361991224731087
20250718,HC2511,3320.0,55840.0,269530.0,-0.010848275561781
20250718,HC2512,3317.0,277.0,698.0,0.0108482755617811
20250718,HC2601,3320.0,88527.0,258755.0,0.0216671741080637
20250718,HC2602,3326.0,41.0,271.0,-0.0036084799550219
20250718,HC2603,3325.0,215.0,977.0,0.0324373226494186
20250718,HC2604,3334.0,16.0,181.0,-0.0252214475071516
20250718,HC2605,3327.0,1576.0,9527.0,0.0324178495219288
20250718,HC2606,3336.0,25.0,211.0,0.0
20250718,HC2607,3336.0,5.0,6.0,0.0
20250721,HC2508,3385.0,442.0,685.0,0.0601150513131814
20250721,HC2509,3402.0,29420.0,145056.0,-0.0282519259396258
20250721,HC2510,3394.0,1279822.0,1600476.0,0.0211951777209728
20250721,HC2511,3400.0,74793.0,269330.0,0.0105835667598366
20250721,HC2512,3403.0,451.0,553.0,0.0246587493198815
20250721,HC2601,3410.0,171816.0,291285.0,-0.0352423160797165
20250721,HC2602,3400.0,350.0,391.0,0.0211578074205693
20250721,HC2603,3406.0,1833.0,1169.0,0.0316669293870832
20250721,HC2604,3415.0,49.0,187.0,-0.0070298771782003
20250721,HC2605,3413.0,3051.0,10017.0,-0.0105525435497343
20250721,HC2606,3410.0,111.0,241.0,-0.0670491378230868
20250721,HC2607,3391.0,12.0,15.0,0.0
20250722,HC2508,3442.0,1030.0,1411.0,0.1283063805654875
20250722,HC2509,3479.0,27626.0,143397.0,-0.0069005177289676
20250722,HC2510,3477.0,1292117.0,1582445.0,0.0137970696429304
20250722,HC2511,3481.0,71972.0,266037.0,0.0172240592223281
20250722,HC2512,3486.0,423.0,622.0,0.0206362905543201
20250722,HC2601,3492.0,197101.0,324714.0,-0.0723828131724784
20250722,HC2602,3471.0,493.0,670.0,0.0379692535961779
20250722,HC2603,3482.0,1647.0,1349.0,0.037849493744371
20250722,HC2604,3493.0,54.0,192.0,-0.0103107553243091
20250722,HC2605,3490.0,4865.0,10821.0,0.0274756845848932
20250722,HC2606,3498.0,84.0,296.0,0.1092779321855401
20250722,HC2607,3530.0,18.0,24.0,0.0
20250723,HC2508,3408.0,494.0,1674.0,0.0981887418592751
20250723,HC2509,3436.0,18228.0,140262.0,0.0069828340637815
20250723,HC2510,3438.0,1086574.0,1495321.0,0.003489893873661
20250723,HC2511,3439.0,49512.0,266045.0,0.0244008798673053
20250723,HC2512,3446.0,259.0,619.0,0.006962576348505
20250723,HC2601,3448.0,182016.0,341879.0,-0.0383442592049976
20250723,HC2602,3437.0,440.0,573.0,0.0313816828564917
20250723,HC2603,3446.0,1220.0,1294.0,0.0382442740049944
20250723,HC2604,3457.0,113.0,193.0,0.0069404281865295
20250723,HC2605,3459.0,3702.0,11820.0,-0.0486675058729177
20250723,HC2606,3445.0,0.0,296.0,0.0243584250667164
20250723,HC2607,3452.0,31.0,34.0,0.0
20250724,HC2508,3446.0,802.0,2132.0,0.0555878237793551
20250724,HC2509,3462.0,16633.0,139421.0,-0.0208152697464996
20250724,HC2510,3456.0,852865.0,1507782.0,0.0208152697465004
20250724,HC2511,3462.0,53603.0,268811.0,0.0276976464570044
20250724,HC2512,3470.0,174.0,578.0,0.006914434072031
20250724,HC2601,3472.0,158350.0,362553.0,-0.0311463765338263
20250724,HC2602,3463.0,170.0,578.0,0.0276896575123714
20250724,HC2603,3471.0,1490.0,1467.0,0.0414150540505795
20250724,HC2604,3483.0,64.0,178.0,-0.01378914256871
20250724,HC2605,3479.0,2113.0,11870.0,0.0584947394818076
20250724,HC2606,3496.0,9.0,298.0,0.0308527523191727
20250724,HC2607,3505.0,10.0,39.0,0.0
20250725,HC2508,3507.0,198.0,2231.0,0.0068415053164439
20250725,HC2509,3509.0,19664.0,131342.0,-0.0068415053164439
20250725,HC2510,3507.0,995111.0,1554563.0,0.0102607958368017
20250725,HC2511,3510.0,46353.0,271632.0,-0.0205303728435531
20250725,HC2512,3504.0,251.0,609.0,0.0478496788946574
20250725,HC2601,3518.0,170132.0,391240.0,-0.0752782622649287
20250725,HC2602,3496.0,208.0,591.0,0.0171502101508746
20250725,HC2603,3501.0,1582.0,1845.0,0.0615385964030343
20250725,HC2604,3519.0,50.0,189.0,0.0102258208147952
20250725,HC2605,3522.0,2983.0,12355.0,-0.006816245568104
20250725,HC2606,3520.0,31.0,297.0,0.010222916989137
20250725,HC2607,3523.0,33.0,41.0,0.0
20250728,HC2508,3387.0,682.0,2239.0,0.0636043891900915
20250728,HC2509,3405.0,68520.0,73324.0,-0.0282270050763458
20250728,HC2510,3397.0,1255676.0,1481167.0,0.0247022583921711
20250728,HC2511,3404.0,58727.0,272971.0,0.0281690270196586
20250728,HC2512,3412.0,163.0,605.0,-0.0105556376839998
20250728,HC2601,3409.0,203851.0,393638.0,-0.0458486964799823
20250728,HC2602,3396.0,264.0,619.0,0.0388064427567438
20250728,HC2603,3407.0,11391.0,8701.0,0.0351700134519042
20250728,HC2604,3417.0,71.0,194.0,0.0070216502881129
20250728,HC2605,3419.0,4436.0,13575.0,0.0630106465263912
20250728,HC2606,3437.0,18.0,297.0,0.0869695066358482
20250728,HC2607,3462.0,3.0,40.0,0.0
20250729,HC2508,3503.0,307.0,2430.0,0.0239555191490968
20250729,HC2509,3510.0,32540.0,51810.0,-0.0239555191490956
20250729,HC2510,3503.0,1006596.0,1612699.0,0.003425146305543
20250729,HC2511,3504.0,47263.0,274602.0,0.0
20250729,HC2512,3504.0,190.0,550.0,0.0102695770067522
20250729,HC2601,3507.0,231733.0,436033.0,-0.072072288722543
20250729,HC2602,3486.0,137.0,628.0,0.0412371539829731
20250729,HC2603,3498.0,9760.0,13961.0,0.0068591027874908
20250729,HC2604,3500.0,37.0,209.0,0.0
20250729,HC2605,3500.0,5048.0,13982.0,-0.0102901249695508
20250729,HC2606,3497.0,19.0,293.0,0.058194380204001
20250729,HC2607,3514.0,9.0,42.0,0.0
20250730,HC2508,3465.0,1131.0,3433.0,0.086269242869631
20250730,HC2509,3490.0,25249.0,39966.0,-0.0240929379656595
20250730,HC2510,3483.0,1337397.0,1573214.0,0.0137733157157997
20250730,HC2511,3487.0,66190.0,275526.0,0.0068807341334749
20250730,HC2512,3489.0,442.0,510.0,0.020618561773638
20250730,HC2601,3495.0,323616.0,478657.0,-0.0723204944023245
20250730,HC2602,3474.0,1007.0,1087.0,0.0241552921246636
20250730,HC2603,3481.0,12555.0,20991.0,-0.0034477805150265
20250730,HC2604,3480.0,83.0,227.0,0.0584779715382707
20250730,HC2605,3497.0,4128.0,14239.0,0.0376873971443728
20250730,HC2606,3508.0,32.0,294.0,0.0648189209277387
20250730,HC2607,3527.0,22.0,48.0,0.0
20250731,HC2508,3384.0,272.0,3390.0,0.0530739476400245
20250731,HC2509,3399.0,20149.0,31768.0,-0.0318161918594403
20250731,HC2510,3390.0,1070244.0,1433936.0,0.0
20250731,HC2511,3390.0,55125.0,275548.0,0.0247532134330551
20250731,HC2512,3397.0,272.0,524.0,0.0
20250731,HC2601,3397.0,287893.0,470844.0,-0.067306449514063
20250731,HC2602,3378.0,197.0,1098.0,0.0460925370947196
20250731,HC2603,3391.0,16731.0,30023.0,0.03180682174337
20250731,HC2604,3400.0,26.0,227.0,0.0070567482186506
20250731,HC2605,3402.0,5100.0,14842.0,-0.0636606267563187
20250731,HC2606,3384.0,24.0,297.0,0.1129420101881591
20250731,HC2607,3416.0,25.0,55.0,0.0
20250801,HC2508,3391.0,90.0,3360.0,0.0705676835160847
20250801,HC2509,3411.0,13390.0,27173.0,-0.0352319689374029
20250801,HC2510,3401.0,787627.0,1454760.0,-0.0070588237329538
20250801,HC2511,3399.0,42941.0,276254.0,0.0105866791162939
20250801,HC2512,3402.0,258.0,558.0,0.0035268185411837
20250801,HC2601,3403.0,170857.0,482233.0,-0.038852131069345
20250801,HC2602,3392.0,173.0,1118.0,0.0176756549854834
20250801,HC2603,3397.0,15416.0,37869.0,0.0493537710967413
20250801,HC2604,3411.0,6.0,222.0,-0.0246515127045711
20250801,HC2605,3404.0,3638.0,15694.0,0.0105711356124209
20250801,HC2606,3407.0,7.0,292.0,0.0035216434588769
20250801,HC2607,3408.0,9.0,55.0,0.0
20250804,HC2508,3395.0,0.0,3360.0,0.1055725284423495
20250804,HC2509,3425.0,11417.0,23799.0,-0.0280619829724057
20250804,HC2510,3417.0,724139.0,1437071.0,-0.0105401851308714
20250804,HC2511,3414.0,40505.0,278251.0,0.0035144238060535
20250804,HC2512,3415.0,91.0,569.0,0.0
20250804,HC2601,3415.0,188169.0,506703.0,-0.0457679885890004
20250804,HC2602,3402.0,412.0,1021.0,0.0246659901851515
20250804,HC2603,3409.0,14037.0,43717.0,0.014072121225646
20250804,HC2604,3413.0,2.0,222.0,0.0280948328507722
20250804,HC2605,3421.0,3921.0,16478.0,0.0280292098237884
20250804,HC2606,3429.0,42.0,305.0,-0.0035000729429989
20250804,HC2607,3428.0,18.0,61.0,0.0
20250805,HC2508,3453.0,30.0,3360.0,0.0450932746267077
20250805,HC2509,3466.0,8563.0,21513.0,-0.0312003642471227
20250805,HC2510,3457.0,735458.0,1461734.0,0.0173435497743612
20250805,HC2511,3462.0,44458.0,282780.0,0.0173185193864271
20250805,HC2512,3467.0,138.0,566.0,-0.0173185193864263
20250805,HC2601,3462.0,243991.0,570838.0,-0.0242879944126117
20250805,HC2602,3455.0,208.0,1004.0,0.0242879944126106
20250805,HC2603,3462.0,20957.0,54656.0,-0.0242879944126117
20250805,HC2604,3455.0,67.0,206.0,0.02775369840782
20250805,HC2605,3463.0,3832.0,16292.0,0.0518658061416774
20250805,HC2606,3478.0,22.0,319.0,-0.0657346317247149
20250805,HC2607,3459.0,0.0,61.0,0.0
20250806,HC2508,3450.0,30.0,3360.0,0.0347322963163746
20250806,HC2509,3460.0,5682.0,19558.0,-0.0312545394451984
20250806,HC2510,3451.0,561631.0,1460175.0,0.0104272273034455
20250806,HC2511,3454.0,41369.0,282005.0,0.017358602766537
20250806,HC2512,3459.0,118.0,563.0,-0.0138848728247816
20250806,HC2601,3455.0,174592.0,604286.0,-0.0243372530182391
20250806,HC2602,3448.0,10.0,1004.0,0.0347524135158238
20250806,HC2603,3458.0,20931.0,64671.0,0.0104061287053016
20250806,HC2604,3461.0,1.0,206.0,-0.0034677070028915
20250806,HC2605,3460.0,2196.0,16741.0,-0.0104091375617453
20250806,HC2606,3457.0,3.0,316.0,0.0554113538693936
20250806,HC2607,3473.0,1.0,60.0,0.0
20250807,HC2508,3437.0,60.0,3390.0,0.0592077822814799
20250807,HC2509,3454.0,12680.0,13698.0,-0.0487381000701581
20250807,HC2510,3440.0,640048.0,1428587.0,0.0034878651604358
20250807,HC2511,3441.0,56150.0,279773.0,0.0034868516880514
20250807,HC2512,3442.0,442.0,579.0,-0.0069747168484883
20250807,HC2601,3440.0,251376.0,625940.0,0.0
20250807,HC2602,3440.0,36.0,997.0,0.0174291969637776
20250807,HC2603,3445.0,20971.0,73559.0,-0.0034838148016496
20250807,HC2604,3444.0,17.0,206.0,0.0174089686706343
20250807,HC2605,3449.0,2857.0,16795.0,0.0069565219339496
20250807,HC2606,3451.0,27.0,304.0,0.0728010321868483
20250807,HC2607,3472.0,7.0,60.0,0.0
20250808,HC2508,3436.0,0.0,3390.0,0.0522724799262899
20250808,HC2509,3451.0,6013.0,12097.0,-0.0802445205639965
20250808,HC2510,3428.0,457370.0,1392227.0,-0.0140105094724524
20250808,HC2511,3424.0,52423.0,274431.0,0.0210096347802338
20250808,HC2512,3430.0,258.0,576.0,-0.0034990523647828
20250808,HC2601,3429.0,162299.0,615684.0,-0.0245219761293789
20250808,HC2602,3422.0,126.0,999.0,0.0175208090696413
20250808,HC2603,3427.0,19403.0,80913.0,0.01399825180609
20250808,HC2604,3431.0,18.0,210.0,0.0069930071909091
20250808,HC2605,3433.0,1943.0,16907.0,0.0349040385699807
20250808,HC2606,3443.0,10.0,311.0,0.0034848265091715
20250808,HC2607,3444.0,8.0,66.0,0.0
20250811,HC2508,3436.0,0.0,3390.0,0.1526914759724889
20250811,HC2509,3480.0,4306.0,11293.0,-0.0518359337341967
20250811,HC2510,3465.0,566686.0,1375009.0,-0.0207972322420182
20250811,HC2511,3459.0,49371.0,275818.0,0.0034687093752137
20250811,HC2512,3460.0,122.0,590.0,0.0034677070028905
20250811,HC2601,3461.0,197416.0,631799.0,-0.0242950191446439
20250811,HC2602,3454.0,65.0,984.0,0.017358602766537
20250811,HC2603,3459.0,18164.0,87208.0,0.0069364163781072
20250811,HC2604,3461.0,16.0,221.0,0.0173235196824858
20250811,HC2605,3466.0,2873.0,17439.0,0.0138408319842414
20250811,HC2606,3470.0,25.0,314.0,0.0
20250811,HC2607,3470.0,6.0,67.0,0.0
20250812,HC2508,3436.0,0.0,3390.0,0.2043044587651744
20250812,HC2509,3495.0,4425.0,10236.0,-0.0378278003462062
20250812,HC2510,3484.0,488547.0,1381560.0,-0.0206837166979811
20250812,HC2511,3478.0,46473.0,274306.0,0.0068985342514991
20250812,HC2512,3480.0,134.0,578.0,-0.0068985342514999
20250812,HC2601,3478.0,174097.0,658867.0,-0.0172637060418519
20250812,HC2602,3473.0,378.0,1134.0,0.0172637060418507
20250812,HC2603,3478.0,19069.0,93470.0,0.0172389054212729
20250812,HC2604,3483.0,22.0,219.0,0.0103314685675799
20250812,HC2605,3486.0,3078.0,17794.0,0.0549514411899703
20250812,HC2606,3502.0,34.0,322.0,-0.020577312844453
20250812,HC2607,3496.0,19.0,78.0,0.0
20250813,HC2508,3436.0,30.0,3420.0,0.0973918389381577
20250813,HC2509,3464.0,4156.0,9616.0,-0.0451193590118682
20250813,HC2510,3451.0,468704.0,1353836.0,-0.0208816758029341
20250813,HC2511,3445.0,50521.0,273947.0,0.0208816758029325
20250813,HC2512,3451.0,127.0,586.0,-0.0139170789736563
20250813,HC2601,3447.0,170583.0,675730.0,0.0
20250813,HC2602,3447.0,101.0,1120.0,0.0034807832006199
20250813,HC2603,3448.0,17237.0,97123.0,0.0451585422211266
20250813,HC2604,3461.0,24.0,216.0,0.0
20250813,HC2605,3461.0,3244.0,18924.0,0.0932512967223126
20250813,HC2606,3488.0,5.0,324.0,-0.0517167874175551
20250813,HC2607,3473.0,7.0,78.0,0.0
20250814,HC2508,3436.0,0.0,3420.0,0.0453159579923384
20250814,HC2509,3449.0,3131.0,9510.0,-0.0592938279478564
20250814,HC2510,3432.0,551741.0,1291831.0,-0.0209973806854524
20250814,HC2511,3426.0,54043.0,274194.0,0.0035021158865226
20250814,HC2512,3427.0,150.0,579.0,-0.0035021158865238
20250814,HC2601,3426.0,228001.0,696486.0,-0.0105124842465591
20250814,HC2602,3423.0,107.0,1093.0,0.0070093459936834
20250814,HC2603,3425.0,17773.0,101589.0,0.014006421199136
20250814,HC2604,3429.0,18.0,215.0,0.0139900919372617
20250814,HC2605,3433.0,3908.0,19636.0,0.0209546036948899
20250814,HC2606,3439.0,11.0,330.0,-0.0069808029891875
20250814,HC2607,3437.0,3.0,79.0,0.0
20250815,HC2508,3450.0,60.0,3480.0,0.0
20250815,HC2509,3450.0,4265.0,9141.0,-0.0383219951176707
20250815,HC2510,3439.0,421840.0,1255562.0,-0.02095460369489
20250815,HC2511,3433.0,51113.0,274593.0,0.0034949759967454
20250815,HC2512,3434.0,168.0,592.0,-0.0069909701948157
20250815,HC2601,3432.0,171143.0,715977.0,-0.0104940977391901
20250815,HC2602,3429.0,51.0,1101.0,0.0209790263223529
20250815,HC2603,3435.0,15357.0,105240.0,-0.0139819415760006
20250815,HC2604,3431.0,17.0,215.0,0.0279476108857969
20250815,HC2605,3439.0,4873.0,21074.0,0.0034888792221344
20250815,HC2606,3440.0,4.0,327.0,-0.0209485069202781
20250815,HC2607,3434.0,4.0,78.0,0.0
20250818,HC2509,3440.0,2511.0,9014.0,-0.0734803287377128
20250818,HC2510,3419.0,503900.0,1202731.0,-0.0105340167700892
20250818,HC2511,3416.0,51570.0,273052.0,0.021058794524139
20250818,HC2512,3422.0,167.0,602.0,-0.0316020665451815
20250818,HC2601,3413.0,232020.0,720886.0,0.0
20250818,HC2602,3413.0,25.0,1102.0,0.0
20250818,HC2603,3413.0,18921.0,108512.0,0.0351082754817389
20250818,HC2604,3423.0,33.0,225.0,-0.0105217016824144
20250818,HC2605,3420.0,5021.0,21454.0,-0.0070195965733761
20250818,HC2606,3418.0,316.0,342.0,0.0525471573858699
20250818,HC2607,3433.0,8.0,77.0,-0.0244933748835222
20250818,HC2608,3426.0,2.0,1.0,0.0
20250819,HC2509,3448.0,4828.0,8222.0,-0.1118889225014794
20250819,HC2510,3416.0,380711.0,1184978.0,-0.0175772698777773
20250819,HC2511,3411.0,46384.0,272545.0,0.0140638750349358
20250819,HC2512,3415.0,111.0,584.0,-0.0422411700478168
20250819,HC2601,3403.0,186915.0,743637.0,-0.0035268185411845
20250819,HC2602,3402.0,29.0,1101.0,-0.0035278553833392
20250819,HC2603,3401.0,16535.0,111596.0,0.0387494832524926
20250819,HC2604,3412.0,16.0,226.0,-0.0316948093279684
20250819,HC2605,3403.0,4960.0,21506.0,0.0246587493198815
20250819,HC2606,3410.0,11.0,342.0,0.0666765862242949
20250819,HC2607,3429.0,3.0,78.0,-0.0070011670597388
20250819,HC2608,3427.0,2.0,3.0,0.0
20250820,HC2509,3439.0,3844.0,7170.0,-0.1298068497175101
20250820,HC2510,3402.0,619254.0,1123892.0,-0.0176496575426772
20250820,HC2511,3397.0,55216.0,269900.0,-0.0141384405162455
20250820,HC2512,3393.0,196.0,607.0,-0.0283269532542569
20250820,HC2601,3385.0,358597.0,774983.0,-0.0141885916618724
20250820,HC2602,3381.0,532.0,801.0,0.0106430162187354
20250820,HC2603,3384.0,21997.0,116327.0,0.0318725286973945
20250820,HC2604,3393.0,40.0,237.0,-0.0389668239084542
20250820,HC2605,3382.0,9661.0,23339.0,0.0531052644246986
20250820,HC2606,3397.0,48.0,346.0,-0.0247532134330554
20250820,HC2607,3390.0,14.0,76.0,0.0212201646809033
20250820,HC2608,3396.0,10.0,7.0,0.0
20250821,HC2509,3405.0,2329.0,6606.0,-0.10619538332379
20250821,HC2510,3375.0,572544.0,1047482.0,-0.017790959522674
20250821,HC2511,3370.0,49820.0,269816.0,0.00356030265184
20250821,HC2512,3371.0,48.0,611.0,-0.0392215473217302
20250821,HC2601,3360.0,297373.0,800591.0,0.0071407321357319
20250821,HC2602,3362.0,212.0,714.0,0.0142687293862837
20250821,HC2603,3366.0,18316.0,120741.0,0.0640001517043512
20250821,HC2604,3384.0,50.0,237.0,-0.0533097278347328
20250821,HC2605,3369.0,6382.0,25923.0,0.0851822565321261
20250821,HC2606,3393.0,15.0,339.0,0.0035361721192973
20250821,HC2607,3394.0,34.0,95.0,-0.0354087008166927
20250821,HC2608,3384.0,3.0,7.0,0.0
20250822,HC2509,3388.0,893.0,6432.0,-0.0960147365620715
20250822,HC2510,3361.0,498652.0,998147.0,-0.0035708972142694
20250822,HC2511,3360.0,51576.0,265911.0,0.0
20250822,HC2512,3360.0,101.0,629.0,-0.028605496263315
20250822,HC2601,3352.0,292529.0,825576.0,-0.035853029359616
20250822,HC2602,3342.0,39.0,706.0,0.0430107987337812
20250822,HC2603,3354.0,13143.0,123714.0,0.0
20250822,HC2604,3354.0,70.0,241.0,0.0143027430519828
20250822,HC2605,3358.0,5573.0,27388.0,0.0285544453591825
20250822,HC2606,3366.0,22.0,348.0,0.0213713324519363
20250822,HC2607,3372.0,29.0,112.0,0.0106714102186084
20250822,HC2608,3375.0,7.0,13.0,0.0
20250825,HC2509,3419.0,1295.0,6232.0,-0.1057586163869991
20250825,HC2510,3389.0,508110.0,938245.0,0.0
20250825,HC2511,3389.0,51649.0,266966.0,0.0
20250825,HC2512,3389.0,140.0,630.0,-0.0425658146578036
20250825,HC2601,3377.0,349419.0,861868.0,0.028393979529693
20250825,HC2602,3385.0,63.0,702.0,0.0
20250825,HC2603,3385.0,16573.0,126270.0,0.0212514813511588
20250825,HC2604,3391.0,61.0,246.0,-0.0106210362443237
20250825,HC2605,3388.0,5150.0,27640.0,0.0283018999115146
20250825,HC2606,3396.0,9.0,347.0,0.028235307144322
20250825,HC2607,3404.0,44.0,134.0,-0.0211702495366488
20250825,HC2608,3398.0,2.0,12.0,0.0
20250826,HC2509,3396.0,899.0,5661.0,-0.1029135392419607
20250826,HC2510,3367.0,299285.0,899991.0,0.0
20250826,HC2511,3367.0,31199.0,266698.0,0.010687250223994
20250826,HC2512,3370.0,66.0,613.0,-0.0463803163964704
20250826,HC2601,3357.0,230847.0,894509.0,0.007147111587095
20250826,HC2602,3359.0,18.0,702.0,0.0214158295984261
20250826,HC2603,3365.0,14561.0,127584.0,0.0249369245150146
20250826,HC2604,3372.0,30.0,236.0,-0.0392098967596851
20250826,HC2605,3361.0,5696.0,28188.0,0.0249665716453413
20250826,HC2606,3368.0,49.0,355.0,0.0284697642435647
20250826,HC2607,3376.0,91.0,213.0,0.0955898254206951
20250826,HC2608,3403.0,2.0,13.0,0.0
20250827,HC2509,3388.0,272.0,5516.0,-0.1389357957328851
20250827,HC2510,3349.0,402184.0,854160.0,-0.0107542949692237
20250827,HC2511,3346.0,38592.0,268286.0,0.0
20250827,HC2512,3346.0,260.0,635.0,-0.0179452702801525
20250827,HC2601,3341.0,322166.0,954050.0,0.0035912015829898
20250827,HC2602,3342.0,59.0,687.0,0.0
20250827,HC2603,3342.0,16715.0,129593.0,0.0430107987337812
20250827,HC2604,3354.0,77.0,251.0,-0.0214861292854587
20250827,HC2605,3348.0,9087.0,31302.0,0.0500745883103391
20250827,HC2606,3362.0,44.0,359.0,-0.0321668100279888
20250827,HC2607,3353.0,26.0,213.0,0.053563546751866
20250827,HC2608,3368.0,5.0,12.0,0.0
20250828,HC2509,3426.0,419.0,5346.0,-0.1444739224522784
20250828,HC2510,3385.0,437558.0,778904.0,-0.0141885916618724
20250828,HC2511,3381.0,43367.0,268960.0,-0.0106524640816879
20250828,HC2512,3378.0,115.0,649.0,-0.0213333389519912
20250828,HC2601,3372.0,453242.0,1062710.0,0.0248852111105267
20250828,HC2602,3379.0,32.0,690.0,0.0
20250828,HC2603,3379.0,14803.0,131139.0,0.010649312930829
20250828,HC2604,3382.0,82.0,256.0,-0.0070984917775336
20250828,HC2605,3380.0,10586.0,34197.0,0.0319101975598427
20250828,HC2606,3389.0,77.0,359.0,0.0141551181261448
20250828,HC2607,3393.0,18.0,209.0,0.017670449371767
20250828,HC2608,3398.0,8.0,12.0,0.0
20250829,HC2509,3371.0,635.0,5010.0,-0.0570919899393429
20250829,HC2510,3355.0,358769.0,659806.0,-0.0071556352746439
20250829,HC2511,3353.0,49756.0,274087.0,0.0035783510031081
20250829,HC2512,3354.0,118.0,654.0,-0.0286567300366182
20250829,HC2601,3346.0,527886.0,1166633.0,0.0143369192681142
20250829,HC2602,3350.0,23.0,686.0,-0.0215118073742379
20250829,HC2603,3344.0,15917.0,133574.0,0.0
20250829,HC2604,3344.0,108.0,324.0,0.0286738487685778
20250829,HC2605,3352.0,8271.0,34938.0,-0.003580486375959
20250829,HC2606,3351.0,25.0,357.0,0.003580486375958
20250829,HC2607,3352.0,24.0,193.0,0.0035794183710598
20250829,HC2608,3353.0,13.0,19.0,0.0
20250901,HC2509,3336.0,1170.0,4920.0,-0.0576924188172374
20250901,HC2510,3320.0,245512.0,574221.0,-0.010848275561781
20250901,HC2511,3317.0,36623.0,275087.0,-0.0072376359250749
20250901,HC2512,3315.0,229.0,757.0,-0.0435177267500785
20250901,HC2601,3303.0,587250.0,1195204.0,-0.0072683224511602
20250901,HC2602,3301.0,109.0,658.0,0.0072683224511608
20250901,HC2603,3303.0,18854.0,135020.0,0.0290293458774789
20250901,HC2604,3311.0,56.0,321.0,0.0108679252711423
20250901,HC2605,3314.0,11035.0,37676.0,0.0325448444170331
20250901,HC2606,3323.0,48.0,342.0,0.0
20250901,HC2607,3323.0,24.0,190.0,-0.0833462508002726
20250901,HC2608,3300.0,5.0,21.0,0.0
20250902,HC2509,3359.0,120.0,4950.0,-0.1763414548942094
20250902,HC2510,3310.0,124871.0,546834.0,-0.0072529467303192
20250902,HC2511,3308.0,23822.0,274351.0,-0.0036281179414696
20250902,HC2512,3307.0,202.0,827.0,-0.0327025183469825
20250902,HC2601,3298.0,375810.0,1217277.0,0.0181790672549452
20250902,HC2602,3303.0,39.0,662.0,0.0036325110009479
20250902,HC2603,3304.0,19447.0,137834.0,0.0145190580325578
20250902,HC2604,3308.0,59.0,325.0,0.0145015123388199
20250902,HC2605,3312.0,5936.0,39514.0,0.0289505568646071
20250902,HC2606,3320.0,17.0,347.0,0.039693315397744
20250902,HC2607,3331.0,30.0,194.0,-0.0360794018031973
20250902,HC2608,3321.0,7.0,23.0,0.0
20250903,HC2509,3360.0,60.0,4920.0,-0.1799134150336953
20250903,HC2510,3310.0,85150.0,530633.0,-0.0072529467303192
20250903,HC2511,3308.0,17589.0,272202.0,0.0
20250903,HC2512,3308.0,151.0,876.0,-0.032692618980006
20250903,HC2601,3299.0,370616.0,1249082.0,0.0
20250903,HC2602,3299.0,46.0,661.0,0.00727272749534
20250903,HC2603,3301.0,20328.0,137806.0,0.0254198914846657
20250903,HC2604,3308.0,30.0,325.0,0.0072529467303195
20250903,HC2605,3310.0,5019.0,39838.0,0.0325841201863916
20250903,HC2606,3319.0,0.0,347.0,-0.0108515455774684
20250903,HC2607,3316.0,11.0,199.0,-0.003619363622672
20250903,HC2608,3315.0,9.0,26.0,0.0
20250904,HC2509,3374.0,240.0,4680.0,-0.1611243063706634
20250904,HC2510,3329.0,133395.0,510738.0,-0.0216476306451676
20250904,HC2511,3323.0,19214.0,271886.0,0.0144360919665892
20250904,HC2512,3327.0,144.0,853.0,-0.0506024846229708
20250904,HC2601,3313.0,509314.0,1283425.0,0.0
20250904,HC2602,3313.0,28.0,670.0,0.0253279153276615
20250904,HC2603,3320.0,32496.0,139690.0,0.007226739152471
20250904,HC2604,3322.0,75.0,333.0,0.0108319550005726
20250904,HC2605,3325.0,8122.0,41474.0,-0.0397650612413552
20250904,HC2606,3314.0,1.0,347.0,0.0577966198557763
20250904,HC2607,3330.0,9.0,197.0,0.0467556413473095
20250904,HC2608,3343.0,6.0,31.0,0.0
20250905,HC2509,3395.0,270.0,4530.0,-0.1029439829045418
20250905,HC2510,3366.0,136672.0,481052.0,-0.0500149577853313
20250905,HC2511,3352.0,15531.0,271559.0,-0.0071620413943383
20250905,HC2512,3350.0,117.0,899.0,-0.0358744661803925
20250905,HC2601,3340.0,534944.0,1300035.0,0.0
20250905,HC2602,3340.0,71.0,665.0,0.0071834782151139
20250905,HC2603,3342.0,47223.0,141432.0,0.014354068697162
20250905,HC2604,3346.0,109.0,336.0,0.0143369192681142
20250905,HC2605,3350.0,8335.0,42795.0,-0.1007200157504631
20250905,HC2606,3322.0,11.0,346.0,0.1293425695709513
20250905,HC2607,3358.0,19.0,188.0,-0.1257308313947017
20250905,HC2608,3323.0,5.0,34.0,0.0
20250908,HC2509,3396.0,30.0,4500.0,-0.0531209366802236
20250908,HC2510,3381.0,123490.0,457659.0,-0.0284276117548287
20250908,HC2511,3373.0,21352.0,269258.0,-0.0391982531170721
20250908,HC2512,3362.0,282.0,846.0,-0.0357462283990471
20250908,HC2601,3352.0,500889.0,1301185.0,-0.003580486375959
20250908,HC2602,3351.0,29.0,669.0,0.0214669109126929
20250908,HC2603,3357.0,31024.0,140689.0,-0.0071513708910329
20250908,HC2604,3355.0,30.0,336.0,0.0285799480138481
20250908,HC2605,3363.0,6545.0,43426.0,-0.0071386081819671
20250908,HC2606,3361.0,13.0,345.0,-0.0071428573537547
20250908,HC2607,3359.0,24.0,177.0,-0.0178757667496629
20250908,HC2608,3354.0,25.0,33.0,0.0
20250909,HC2509,3396.0,0.0,4500.0,-0.0673263245480433
20250909,HC2510,3377.0,91987.0,427413.0,-0.0355872146939184
20250909,HC2511,3367.0,12994.0,267408.0,-0.0214030972316264
20250909,HC2512,3361.0,292.0,786.0,-0.0429210591708127
20250909,HC2601,3349.0,514892.0,1306764.0,0.0071641793172707
20250909,HC2602,3351.0,17.0,670.0,0.0107382557501244
20250909,HC2603,3354.0,32497.0,141202.0,0.0071535024473112
20250909,HC2604,3356.0,39.0,335.0,-0.0035762181757758
20250909,HC2605,3355.0,7106.0,44440.0,0.0250111747533437
20250909,HC2606,3362.0,18.0,349.0,-0.0035698349214627
20250909,HC2607,3361.0,19.0,167.0,0.0676459290235053
20250909,HC2608,3380.0,21.0,30.0,0.0
20250910,HC2509,3396.0,0.0,4500.0,-0.0673263245480433
20250910,HC2510,3377.0,84626.0,410859.0,-0.0498517037435775
20250910,HC2511,3363.0,12556.0,266129.0,-0.0393150016595512
20250910,HC2512,3352.0,170.0,765.0,-0.035853029359616
20250910,HC2601,3342.0,446058.0,1313659.0,-0.0035912015829902
20250910,HC2602,3341.0,92.0,678.0,0.0179452702801529
20250910,HC2603,3346.0,32730.0,143322.0,0.0071706007511586
20250910,HC2604,3348.0,45.0,327.0,-0.0071706007511601
20250910,HC2605,3346.0,8291.0,46085.0,0.0143369192681142
20250910,HC2606,3350.0,6.0,349.0,0.0178970950400414
20250910,HC2607,3355.0,28.0,148.0,0.0250111747533437
20250910,HC2608,3362.0,6.0,35.0,0.0
20250911,HC2509,3396.0,60.0,4500.0,-0.0851067397139029
20250911,HC2510,3372.0,83435.0,390112.0,-0.0463527541134394
20250911,HC2511,3359.0,12259.0,265203.0,-0.0178757667496629
20250911,HC2512,3354.0,76.0,764.0,-0.0717705488689782
20250911,HC2601,3334.0,485423.0,1323310.0,0.014388490932494
20250911,HC2602,3338.0,65.0,673.0,-0.010789750464675
20250911,HC2603,3335.0,31034.0,144888.0,0.0215698080843885
20250911,HC2604,3341.0,56.0,343.0,-0.0035922766321251
20250911,HC2605,3340.0,7026.0,47427.0,0.0430365075747318
20250911,HC2606,3352.0,4.0,350.0,-0.0214989606624519
20250911,HC2607,3346.0,13.0,146.0,0.0429594730886028
20250911,HC2608,3358.0,0.0,35.0,0.0
20250912,HC2509,3396.0,0.0,4500.0,-0.0035340892612972
20250912,HC2510,3395.0,107925.0,364110.0,-0.0495868474189259
20250912,HC2511,3381.0,11947.0,263304.0,-0.0142053878678194
20250912,HC2512,3377.0,237.0,752.0,-0.0462839915127485
20250912,HC2601,3364.0,720705.0,1325832.0,-0.0071364854913333
20250912,HC2602,3362.0,133.0,670.0,0.032080815185998
20250912,HC2603,3371.0,49106.0,145493.0,-0.0035603026518397
20250912,HC2604,3370.0,153.0,319.0,-0.0071237758102812
20250912,HC2605,3368.0,10643.0,47852.0,-0.0106935994006697
20250912,HC2606,3365.0,18.0,352.0,0.049822135625541
20250912,HC2607,3379.0,55.0,153.0,-0.046256543562464
20250912,HC2608,3366.0,4.0,35.0,0.0
20250915,HC2509,3396.0,0.0,4500.0,0.0070650576076728
20250915,HC2510,3398.0,103193.0,335167.0,-0.028285222288577
20250915,HC2511,3390.0,11978.0,260665.0,-0.053215164814389
20250915,HC2512,3375.0,356.0,819.0,-0.017790959522674
20250915,HC2601,3370.0,517074.0,1347955.0,0.0
20250915,HC2602,3370.0,94.0,673.0,0.0142348771140754
20250915,HC2603,3374.0,48050.0,145853.0,-0.0071153278100103
20250915,HC2604,3372.0,97.0,321.0,0.0071153278100097
20250915,HC2605,3374.0,12369.0,50848.0,0.010665087355849
20250915,HC2606,3377.0,71.0,391.0,0.0177541088754942
20250915,HC2607,3382.0,26.0,149.0,0.0283520509916438
20250915,HC2608,3390.0,20.0,49.0,0.0
20250916,HC2510,3433.0,98110.0,305380.0,-0.0630842574336198
20250916,HC2511,3415.0,14190.0,255028.0,-0.0246226086682089
20250916,HC2512,3408.0,186.0,787.0,-0.0211453799207919
20250916,HC2601,3402.0,637603.0,1390939.0,-0.0070567482186515
20250916,HC2602,3400.0,229.0,714.0,0.0105835667598366
20250916,HC2603,3403.0,62813.0,147492.0,0.01409691792073
20250916,HC2604,3407.0,134.0,356.0,0.0105618313991496
20250916,HC2605,3410.0,16565.0,55275.0,0.0246081820527512
20250916,HC2606,3417.0,12.0,390.0,0.0245578217560915
20250916,HC2607,3424.0,45.0,156.0,-0.0035051847773685
20250916,HC2608,3423.0,15.0,49.0,0.0070093459936834
20250916,HC2609,3425.0,49.0,28.0,0.0
20250917,HC2510,3424.0,69401.0,285923.0,-0.0597278352079944
20250917,HC2511,3407.0,10084.0,251877.0,-0.0458756624015391
20250917,HC2512,3394.0,93.0,770.0,-0.0141509450361076
20250917,HC2601,3390.0,500938.0,1391462.0,-0.0035403452093352
20250917,HC2602,3389.0,211.0,764.0,0.0070796462230482
20250917,HC2603,3391.0,52463.0,148316.0,-0.0035393010137126
20250917,HC2604,3390.0,190.0,369.0,0.03181619185944
20250917,HC2605,3399.0,18332.0,64333.0,0.0035299308976423
20250917,HC2606,3400.0,19.0,385.0,0.0176340957523197
20250917,HC2607,3405.0,9.0,158.0,0.0105680323871244
20250917,HC2608,3408.0,8.0,49.0,-0.0140927790712986
20250917,HC2609,3404.0,17.0,36.0,0.0
20250918,HC2510,3397.0,73043.0,266297.0,-0.0779683782474447
20250918,HC2511,3375.0,13934.0,247589.0,-0.0391749865654987
20250918,HC2512,3364.0,159.0,783.0,-0.035724944516214
20250918,HC2601,3354.0,661851.0,1412324.0,0.0
20250918,HC2602,3354.0,111.0,765.0,0.0071535024473112
20250918,HC2603,3356.0,39866.0,149977.0,0.0250037298380733
20250918,HC2604,3363.0,95.0,371.0,0.0142644890496583
20250918,HC2605,3367.0,13995.0,65695.0,0.0
20250918,HC2606,3367.0,46.0,387.0,0.0462428317918796
20250918,HC2607,3380.0,12.0,165.0,-0.0213207044538109
20250918,HC2608,3374.0,5.0,48.0,0.0603105482366998
20250918,HC2609,3391.0,15.0,42.0,0.0
20250919,HC2510,3425.0,59501.0,246036.0,-0.0914424120025164
20250919,HC2511,3399.0,8353.0,245605.0,-0.0637169638587607
20250919,HC2512,3381.0,86.0,791.0,-0.024870475223669
20250919,HC2601,3374.0,459672.0,1413153.0,-0.032052252325025
20250919,HC2602,3365.0,96.0,756.0,0.0391633636442345
20250919,HC2603,3376.0,58311.0,150822.0,-0.0177856857814446
20250919,HC2604,3371.0,99.0,369.0,0.0461880659046371
20250919,HC2605,3384.0,13264.0,68086.0,-0.0141927869885925
20250919,HC2606,3380.0,28.0,390.0,0.0212828905921932
20250919,HC2607,3386.0,2.0,165.0,-0.0141843988146598
20250919,HC2608,3382.0,5.0,52.0,0.0778075228168705
20250919,HC2609,3404.0,6.0,45.0,0.0
20251027,HC2511,3361.0,2706.0,11165.0,-0.1535257363879791
20251027,HC2512,3318.0,389.0,1377.0,-0.0007720909441859
20251027,HC2601,3299.0,595934.0,1482730.0,0.0072749317975153
20251027,HC2602,3301.0,147.0,838.0,0.0145410481672216
20251027,HC2603,3305.0,74021.0,289374.0,-0.0036308623298033
20251027,HC2604,3304.0,121.0,1292.0,0.0290556900726395
20251027,HC2605,3312.0,62288.0,190483.0,0.0108695652173906
20251027,HC2606,3315.0,46.0,448.0,-0.0108597285067872
20251027,HC2607,3312.0,654.0,1587.0,0.0
20251027,HC2608,3312.0,24.0,282.0,0.0289855072463769
20251027,HC2609,3320.0,60.0,480.0,0.0180722891566267
20251027,HC2610,3325.0,634.0,865.0,0.0
20251028,HC2511,3345.0,2788.0,9139.0,-0.0789237668161431
20251028,HC2512,3323.0,194.0,1400.0,-0.0007303539849939
20251028,HC2601,3305.0,504315.0,1473797.0,0.01089258698941
20251028,HC2602,3308.0,46.0,831.0,0.0145102781136632
20251028,HC2603,3312.0,56644.0,290914.0,0.0
20251028,HC2604,3312.0,68.0,1311.0,0.0144927536231884
20251028,HC2605,3316.0,41827.0,195833.0,0.0144752714113396
20251028,HC2606,3320.0,13.0,453.0,0.0
20251028,HC2607,3320.0,441.0,1643.0,0.0289156626506033
20251028,HC2608,3328.0,36.0,275.0,0.0144230769230775
20251028,HC2609,3332.0,56.0,479.0,0.0252100840336133
20251028,HC2610,3339.0,814.0,1257.0,0.0
20251029,HC2511,3370.0,4941.0,6618.0,-0.0178041543026705
20251029,HC2512,3365.0,296.0,1433.0,-0.0008013756949429
20251029,HC2601,3345.0,573794.0,1461059.0,0.014349775784753
20251029,HC2602,3349.0,45.0,834.0,0.0
20251029,HC2603,3349.0,71834.0,292164.0,0.0
20251029,HC2604,3349.0,158.0,1254.0,0.0322484323678713
20251029,HC2605,3358.0,58539.0,212216.0,-0.0035735556879088
20251029,HC2606,3357.0,22.0,446.0,-0.007149240393208
20251029,HC2607,3355.0,172.0,1687.0,0.0107302533532047
20251029,HC2608,3358.0,13.0,274.0,0.0285884455032761
20251029,HC2609,3366.0,19.0,481.0,0.0
20251029,HC2610,3366.0,614.0,1432.0,0.0
20251030,HC2511,3337.0,3593.0,4030.0,-0.0287683548097099
20251030,HC2512,3329.0,207.0,1535.0,-0.0004455230001248
20251030,HC2601,3318.0,614494.0,1473286.0,0.0036166365280294
20251030,HC2602,3319.0,88.0,825.0,0.0036155468514618
20251030,HC2603,3320.0,77375.0,289727.0,0.0144578313253003
20251030,HC2604,3324.0,557.0,1037.0,0.0108303249097474
20251030,HC2605,3327.0,83441.0,230062.0,0.0216411181244362
20251030,HC2606,3333.0,99.0,449.0,0.0144014401440131
20251030,HC2607,3337.0,133.0,1665.0,0.0035960443512124
20251030,HC2608,3338.0,27.0,266.0,0.0251647693229468
20251030,HC2609,3345.0,45.0,479.0,0.0179372197309426
20251030,HC2610,3350.0,1212.0,2002.0,0.0
20251031,HC2511,3330.0,2667.0,2970.0,-0.0360360360360365
20251031,HC2512,3320.0,256.0,1465.0,-0.0004873426289427
20251031,HC2601,3308.0,431109.0,1470219.0,0.0072551390568316
20251031,HC2602,3310.0,75.0,826.0,0.0108761329305133
20251031,HC2603,3313.0,50686.0,288700.0,0.0181104738907347
20251031,HC2604,3318.0,153.0,966.0,0.0
20251031,HC2605,3318.0,39090.0,232033.0,0.0072332730560589
20251031,HC2606,3320.0,32.0,457.0,0.0036144578313264
20251031,HC2607,3321.0,38.0,1661.0,0.0108401084010845
20251031,HC2608,3324.0,16.0,267.0,0.0397111913357397
20251031,HC2609,3335.0,27.0,479.0,0.0251874062968529
20251031,HC2610,3342.0,1161.0,2538.0,0.0
20251103,HC2511,3310.0,270.0,2910.0,0.0036253776435035
20251103,HC2512,3311.0,96.0,1428.0,-0.0006515564393797
20251103,HC2601,3295.0,512951.0,1422835.0,0.0145675265553864
20251103,HC2602,3299.0,102.0,832.0,-0.0109123976962717
20251103,HC2603,3296.0,53763.0,290949.0,0.0
20251103,HC2604,3296.0,96.0,928.0,0.0291262135922343
20251103,HC2605,3304.0,42487.0,236673.0,0.0145278450363184
20251103,HC2606,3308.0,28.0,455.0,-0.0290205562273278
20251103,HC2607,3300.0,1679.0,1876.0,0.0218181818181806
20251103,HC2608,3306.0,30.0,272.0,0.0689655172413798
20251103,HC2609,3325.0,46.0,486.0,-0.0036090225563909
20251103,HC2610,3324.0,708.0,2762.0,0.0
20251104,HC2511,3290.0,600.0,2730.0,-0.0182370820668698
20251104,HC2512,3285.0,490.0,1215.0,-0.0008208916936021
20251104,HC2601,3265.0,375271.0,1396130.0,0.0183767228177629
20251104,HC2602,3270.0,141.0,873.0,-0.0146788990825683
20251104,HC2603,3266.0,53019.0,292716.0,0.0036742192284133
20251104,HC2604,3267.0,69.0,926.0,0.0183654729109274
20251104,HC2605,3272.0,46340.0,243329.0,0.0660146699266501
20251104,HC2606,3290.0,29.0,463.0,-0.0437689969604861
20251104,HC2607,3278.0,386.0,1917.0,0.021964612568639
20251104,HC2608,3284.0,15.0,276.0,0.0511571254567613
20251104,HC2609,3298.0,24.0,487.0,-0.0072771376591873
20251104,HC2610,3296.0,442.0,3032.0,0.0
20251105,HC2511,3264.0,510.0,2700.0,0.0477941176470579
20251105,HC2512,3277.0,76.0,1232.0,-0.0009874748416782
20251105,HC2601,3253.0,447834.0,1373091.0,0.0332001229634171
20251105,HC2602,3262.0,79.0,849.0,-0.0294297976701414
20251105,HC2603,3254.0,67094.0,295518.0,0.0147510755992623
20251105,HC2604,3258.0,251.0,968.0,0.0073664825046053
20251105,HC2605,3260.0,69441.0,253503.0,0.0036809815950933
20251105,HC2606,3261.0,18.0,455.0,0.0036798528058872
20251105,HC2607,3262.0,1630.0,2029.0,0.01471489883507
20251105,HC2608,3266.0,33.0,286.0,0.0220453153704829
20251105,HC2609,3272.0,64.0,502.0,0.0403422982885093
20251105,HC2610,3283.0,876.0,3451.0,0.0
20251106,HC2511,3270.0,420.0,2640.0,0.003669724770642
20251106,HC2512,3271.0,200.0,1306.0,-0.0006183038551245
20251106,HC2601,3256.0,462037.0,1365348.0,0.0036855036855047
20251106,HC2602,3257.0,101.0,855.0,0.011053116364752
20251106,HC2603,3260.0,44040.0,294115.0,0.0110429447852773
20251106,HC2604,3263.0,66.0,941.0,0.0073551946061893
20251106,HC2605,3265.0,66036.0,260658.0,0.0147013782542124
20251106,HC2606,3269.0,41.0,444.0,-0.0073416947078621
20251106,HC2607,3267.0,913.0,2103.0,0.011019283746557
20251106,HC2608,3270.0,26.0,293.0,0.0330275229357788
20251106,HC2609,3279.0,66.0,539.0,0.0292772186642276
20251106,HC2610,3287.0,596.0,3722.0,0.0
20251107,HC2511,3265.0,180.0,2580.0,-0.0220520673813173
20251107,HC2512,3259.0,81.0,1277.0,-0.0005792084840252
20251107,HC2601,3245.0,395124.0,1365588.0,0.0221879815100143
20251107,HC2602,3251.0,107.0,915.0,-0.0147646877883729
20251107,HC2603,3247.0,35335.0,294437.0,0.0258700338774264
20251107,HC2604,3254.0,59.0,930.0,0.0
20251107,HC2605,3254.0,49611.0,270582.0,0.0331899200983416
20251107,HC2606,3263.0,82.0,461.0,0.0110327919092867
20251107,HC2607,3266.0,776.0,2257.0,0.0183710961420695
20251107,HC2608,3271.0,11.0,296.0,0.0146744114949548
20251107,HC2609,3275.0,18.0,544.0,0.0036641221374047
20251107,HC2610,3276.0,711.0,4143.0,0.0
20251110,HC2511,3280.0,90.0,2520.0,-0.0402439024390237
20251110,HC2512,3269.0,52.0,1277.0,-0.0007011730900766
20251110,HC2601,3252.0,375365.0,1346071.0,0.0184501845018454
20251110,HC2602,3257.0,119.0,959.0,0.0073687442431698
20251110,HC2603,3259.0,39891.0,296928.0,0.0
20251110,HC2604,3259.0,65.0,920.0,0.0147284443080693
20251110,HC2605,3263.0,50499.0,279967.0,0.0330983757278575
20251110,HC2606,3272.0,116.0,486.0,0.0
20251110,HC2607,3272.0,478.0,2134.0,0.011002444987775
20251110,HC2608,3275.0,25.0,305.0,0.0073282442748094
20251110,HC2609,3277.0,28.0,541.0,0.0219713152273417
20251110,HC2610,3283.0,353.0,4314.0,0.0
20251111,HC2511,3284.0,390.0,2580.0,-0.1169305724725946
20251111,HC2512,3252.0,91.0,1305.0,-0.0004146108876819
20251111,HC2601,3242.0,324368.0,1326892.0,0.0222085132634184
20251111,HC2602,3248.0,20.0,968.0,-0.0036945812807882
20251111,HC2603,3247.0,33636.0,302535.0,0.0147828765013846
20251111,HC2604,3251.0,47.0,930.0,0.0073823438941857
20251111,HC2605,3253.0,46939.0,288546.0,0.0221334153089447
20251111,HC2606,3259.0,28.0,494.0,0.0184105553850866
20251111,HC2607,3264.0,136.0,2169.0,0.0294117647058822
20251111,HC2608,3272.0,2.0,306.0,0.0183374083129592
20251111,HC2609,3277.0,5.0,542.0,-0.0109856576136708
20251111,HC2610,3274.0,492.0,4493.0,0.0
20251112,HC2511,3280.0,180.0,2760.0,-0.032926829268292
20251112,HC2512,3271.0,116.0,1250.0,-0.0006595241121328
20251112,HC2601,3255.0,343788.0,1311464.0,0.0147465437788021
20251112,HC2602,3259.0,76.0,952.0,0.0073642221540346
20251112,HC2603,3261.0,30153.0,306297.0,0.0183992640294388
20251112,HC2604,3266.0,112.0,933.0,0.0036742192284133
20251112,HC2605,3267.0,54531.0,303266.0,0.011019283746557
20251112,HC2606,3270.0,53.0,513.0,0.0110091743119262
20251112,HC2607,3273.0,296.0,2206.0,0.0256645279560023
20251112,HC2608,3280.0,1.0,306.0,0.0256097560975616
20251112,HC2609,3287.0,21.0,544.0,0.0036507453605105
20251112,HC2610,3288.0,331.0,4471.0,0.0
20251113,HC2511,3280.0,150.0,2850.0,-0.051219512195122
20251113,HC2512,3266.0,83.0,1249.0,-0.0004954003454041
20251113,HC2601,3254.0,332809.0,1302507.0,0.0110633066994481
20251113,HC2602,3257.0,19.0,950.0,0.011053116364752
20251113,HC2603,3260.0,29769.0,308743.0,0.0
20251113,HC2604,3260.0,93.0,916.0,0.0110429447852773
20251113,HC2605,3263.0,39081.0,312343.0,0.0220655838185708
20251113,HC2606,3269.0,33.0,515.0,0.0073416947078621
20251113,HC2607,3271.0,503.0,2250.0,0.033017425863651
20251113,HC2608,3280.0,0.0,306.0,0.0036585365853651
20251113,HC2609,3281.0,11.0,541.0,0.0256019506248081
20251113,HC2610,3288.0,263.0,4518.0,0.0
20251114,HC2511,3270.0,30.0,2820.0,-0.0110091743119262
20251114,HC2512,3267.0,53.0,1276.0,-0.0004539779820678
20251114,HC2601,3256.0,326342.0,1287025.0,0.0110565110565117
20251114,HC2602,3259.0,70.0,956.0,0.0073642221540346
20251114,HC2603,3261.0,28093.0,309443.0,0.0147194112235515
20251114,HC2604,3265.0,56.0,919.0,0.0110260336906593
20251114,HC2605,3268.0,41391.0,318995.0,0.0036719706242358
20251114,HC2606,3269.0,45.0,496.0,0.0146833894157243
20251114,HC2607,3273.0,232.0,2325.0,0.0293308890925745
20251114,HC2608,3281.0,1.0,307.0,0.0219445291069799
20251114,HC2609,3287.0,7.0,544.0,0.0109522360815343
20251114,HC2610,3290.0,341.0,4630.0,0.0
20251117,HC2511,3310.0,120.0,2820.0,-0.0543806646525681
20251117,HC2512,3295.0,281.0,1345.0,0.000286440128898
20251117,HC2601,3302.0,564044.0,1263520.0,0.0181708055723799
20251117,HC2602,3307.0,452.0,762.0,-0.0072573329301479
20251117,HC2603,3305.0,40349.0,310693.0,0.0036308623298033
20251117,HC2604,3306.0,64.0,926.0,0.0108892921960066
20251117,HC2605,3309.0,116706.0,348071.0,0.0072529465095199
20251117,HC2606,3311.0,63.0,516.0,0.0144971307762018
20251117,HC2607,3315.0,122.0,2305.0,0.0036199095022624
20251117,HC2608,3316.0,5.0,307.0,0.0144752714113396
20251117,HC2609,3320.0,31.0,540.0,0.0108433734939765
20251117,HC2610,3323.0,1252.0,4396.0,0.0
20251118,HC2512,3287.0,109.0,1296.0,-4.101961079225367e-05
20251118,HC2601,3286.0,327415.0,1217174.0,0.0146074254412669
20251118,HC2602,3290.0,27.0,761.0,-0.0036474164133739
20251118,HC2603,3289.0,27428.0,310574.0,0.003648525387657
20251118,HC2604,3290.0,22.0,913.0,0.0182370820668698
20251118,HC2605,3295.0,68901.0,364436.0,-0.0036418816388472
20251118,HC2606,3294.0,20.0,517.0,0.0218579234972668
20251118,HC2607,3300.0,270.0,2394.0,-0.0036363636363629
20251118,HC2608,3299.0,8.0,310.0,0.0400121248863278
20251118,HC2609,3310.0,6.0,537.0,0.0145015105740169
20251118,HC2610,3314.0,698.0,4730.0,-0.0398310199155105
20251118,HC2611,3303.0,0.0,0.0,0.0
20251119,HC2512,3274.0,314.0,1392.0,0.0001235474593837
20251119,HC2601,3277.0,308474.0,1196921.0,-0.0036618858712231
20251119,HC2602,3276.0,57.0,774.0,0.0109890109890109
20251119,HC2603,3279.0,32543.0,314255.0,0.010978956999085
20251119,HC2604,3282.0,63.0,912.0,-0.0036563071297983
20251119,HC2605,3281.0,78788.0,376140.0,0.0256019506248081
20251119,HC2606,3288.0,16.0,516.0,0.007299270072993
20251119,HC2607,3290.0,565.0,2348.0,0.0328267477203656
20251119,HC2608,3299.0,9.0,305.0,-0.0145498635950294
20251119,HC2609,3295.0,21.0,534.0,0.0109256449165391
20251119,HC2610,3298.0,2131.0,5306.0,0.0072771376591873
20251119,HC2611,3300.0,2.0,2.0,0.0
20251120,HC2512,3265.0,207.0,1436.0,8.259201266411501e-05
20251120,HC2601,3267.0,372816.0,1152598.0,0.011019283746557
20251120,HC2602,3270.0,77.0,783.0,0.003669724770642
20251120,HC2603,3271.0,44568.0,317074.0,0.0036686028737387
20251120,HC2604,3272.0,97.0,903.0,0.0
20251120,HC2605,3272.0,95075.0,397221.0,0.0293398533007342
20251120,HC2606,3280.0,25.0,502.0,-0.0256097560975603
20251120,HC2607,3273.0,1110.0,2413.0,0.0549954170485795
20251120,HC2608,3288.0,6.0,304.0,-0.0401459854014603
20251120,HC2609,3277.0,70.0,540.0,0.0219713152273417
20251120,HC2610,3283.0,2269.0,6162.0,0.0328967407858664
20251120,HC2611,3292.0,4.0,6.0,0.0
20251121,HC2512,3270.0,48.0,1434.0,0.0
20251121,HC2601,3270.0,343623.0,1124623.0,0.0073394495412841
20251121,HC2602,3272.0,65.0,786.0,0.011002444987775
20251121,HC2603,3275.0,52828.0,323654.0,0.0
20251121,HC2604,3275.0,269.0,778.0,-0.0036641221374047
20251121,HC2605,3274.0,97318.0,423308.0,-0.0036652412950513
20251121,HC2606,3273.0,8.0,501.0,0.0146654445462885
20251121,HC2607,3277.0,1635.0,2336.0,-0.0109856576136708
20251121,HC2608,3274.0,3.0,304.0,0.0256566890653644
20251121,HC2609,3281.0,37.0,540.0,-0.0109722645534899
20251121,HC2610,3278.0,2160.0,6843.0,0.0146430750457593
20251121,HC2611,3282.0,57.0,48.0,0.0
20251124,HC2512,3310.0,326.0,1499.0,-0.0006110187039614
20251124,HC2601,3295.0,521184.0,1082089.0,-0.0072837632776932
20251124,HC2602,3293.0,422.0,694.0,0.0036440935317347
20251124,HC2603,3294.0,67799.0,326137.0,0.0
20251124,HC2604,3294.0,429.0,654.0,-0.0072859744990898
20251124,HC2605,3292.0,207668.0,503766.0,0.0255164034021877
20251124,HC2606,3299.0,9.0,498.0,-0.0254622612912998
20251124,HC2607,3292.0,1342.0,2508.0,0.0109356014580797
20251124,HC2608,3295.0,1.0,304.0,0.0254931714719282
20251124,HC2609,3302.0,14.0,542.0,-0.0072683222289522
20251124,HC2610,3300.0,3285.0,8068.0,0.0181818181818176
20251124,HC2611,3305.0,4.0,48.0,0.0
20251125,HC2512,3300.0,283.0,1450.0,0.0003677221654749
20251125,HC2601,3309.0,399805.0,999741.0,-0.0181323662737984
20251125,HC2602,3304.0,311.0,574.0,0.0108958837772394
20251125,HC2603,3307.0,50334.0,325881.0,0.0036286664650733
20251125,HC2604,3308.0,330.0,642.0,-0.0326481257557436
20251125,HC2605,3299.0,170073.0,565256.0,0.0036374658987563
20251125,HC2606,3300.0,4.0,496.0,0.0036363636363629
20251125,HC2607,3301.0,993.0,2977.0,0.003635262041806
20251125,HC2608,3302.0,10.0,302.0,-0.0036341611144754
20251125,HC2609,3301.0,14.0,539.0,0.0218115722508338
20251125,HC2610,3307.0,2704.0,8989.0,-0.0036286664650746
20251125,HC2611,3306.0,7.0,48.0,0.0
20251126,HC2512,3307.0,36.0,1443.0,-0.0001223145999463
20251126,HC2601,3304.0,302766.0,935189.0,-0.0108958837772394
20251126,HC2602,3301.0,45.0,575.0,0.003635262041806
20251126,HC2603,3302.0,41666.0,327229.0,0.0218049666868553
20251126,HC2604,3308.0,39.0,642.0,-0.0471584038694068
20251126,HC2605,3295.0,146234.0,614439.0,0.0109256449165391
20251126,HC2606,3298.0,24.0,498.0,-0.0036385688295936
20251126,HC2607,3297.0,2741.0,4873.0,0.0181983621474071
20251126,HC2608,3302.0,2.0,302.0,-0.0145366444579044
20251126,HC2609,3298.0,14.0,538.0,-0.010915706488781
20251126,HC2610,3295.0,2289.0,9609.0,0.0109256449165391
20251126,HC2611,3298.0,7.0,49.0,0.0
20251127,HC2512,3290.0,88.0,1456.0,0.0001229466206755
20251127,HC2601,3293.0,379233.0,876319.0,-0.0072881870634682
20251127,HC2602,3291.0,206.0,489.0,-0.0364630811303552
20251127,HC2603,3281.0,44030.0,334786.0,0.0146296860713208
20251127,HC2604,3285.0,244.0,642.0,-0.0146118721461192
20251127,HC2605,3281.0,176465.0,670288.0,0.0548613227674499
20251127,HC2606,3296.0,0.0,498.0,-0.050970873786408
20251127,HC2607,3282.0,6071.0,9017.0,0.0731261425959779
20251127,HC2608,3302.0,5.0,305.0,-0.0545124167171411
20251127,HC2609,3287.0,18.0,542.0,-0.0182537268025555
20251127,HC2610,3282.0,3998.0,11325.0,0.0658135283363812
20251127,HC2611,3300.0,0.0,49.0,0.0
20251128,HC2512,3310.0,315.0,1410.0,-0.0003258766421127
20251128,HC2601,3302.0,314400.0,785392.0,-0.0145366444579044
20251128,HC2602,3298.0,87.0,480.0,-0.0363856882959368
20251128,HC2603,3288.0,49656.0,333729.0,0.0036496350364965
20251128,HC2604,3289.0,597.0,908.0,-0.0036485253876556
20251128,HC2605,3288.0,193172.0,734508.0,-0.0510948905109485
20251128,HC2606,3274.0,5.0,501.0,0.0659743433109341
20251128,HC2607,3292.0,5099.0,12142.0,-0.0364520048602674
20251128,HC2608,3282.0,2.0,305.0,0.0402193784277873
20251128,HC2609,3293.0,13.0,541.0,-0.0109322805952016
20251128,HC2610,3290.0,3826.0,12895.0,0.0218844984802437
20251128,HC2611,3296.0,2.0,50.0,0.0
20251201,HC2512,3320.0,180.0,1470.0,0.0002842832002165
20251201,HC2601,3327.0,397138.0,704586.0,-0.0072137060414783
20251201,HC2602,3325.0,70.0,457.0,-0.0036090225563909
20251201,HC2603,3324.0,59533.0,333612.0,0.0072202166064974
20251201,HC2604,3326.0,367.0,699.0,-0.0216476247745043
20251201,HC2605,3320.0,312266.0,819724.0,0.0144578313253003
20251201,HC2606,3324.0,21.0,507.0,0.0072202166064974
20251201,HC2607,3326.0,9570.0,17541.0,0.0036079374624176
20251201,HC2608,3327.0,13.0,310.0,0.0108205590622194
20251201,HC2609,3330.0,32.0,537.0,0.0108108108108107
20251201,HC2610,3333.0,5486.0,14204.0,-0.0324032403240321
20251201,HC2611,3324.0,13.0,49.0,0.0
20251202,HC2512,3325.0,360.0,1500.0,0.0
20251202,HC2601,3325.0,249589.0,630397.0,-0.0036090225563909
20251202,HC2602,3324.0,82.0,467.0,0.0108303249097474
20251202,HC2603,3327.0,36757.0,330265.0,0.0
20251202,HC2604,3327.0,58.0,706.0,-0.0180342651036964
20251202,HC2605,3322.0,241660.0,892086.0,0.021673690547864
20251202,HC2606,3328.0,255.0,709.0,0.00360576923077
20251202,HC2607,3329.0,8793.0,23441.0,0.025232802643436
20251202,HC2608,3336.0,43.0,327.0,-0.0107913669064747
20251202,HC2609,3333.0,48.0,545.0,0.018001800180019
20251202,HC2610,3338.0,6603.0,16773.0,0.0071899340922705
20251202,HC2611,3340.0,17.0,43.0,0.0
20251203,HC2512,3316.0,0.0,1500.0,0.0001219826242528
20251203,HC2601,3319.0,234619.0,542502.0,0.0216932811087682
20251203,HC2602,3325.0,54.0,447.0,-0.0036090225563909
20251203,HC2603,3324.0,49434.0,327744.0,-0.0108303249097474
20251203,HC2604,3321.0,229.0,668.0,0.0108401084010845
20251203,HC2605,3324.0,318148.0,954557.0,0.0180505415162448
20251203,HC2606,3329.0,17.0,708.0,-0.0072093721838388
20251203,HC2607,3327.0,9156.0,29036.0,0.0036068530207398
20251203,HC2608,3328.0,34.0,338.0,0.0180288461538449
20251203,HC2609,3333.0,16.0,543.0,0.0144014401440131
20251203,HC2610,3337.0,2517.0,17350.0,0.0107881330536399
20251203,HC2611,3340.0,4.0,42.0,0.0
20251204,HC2512,3316.0,0.0,1500.0,0.0002846261232566
20251204,HC2601,3323.0,198265.0,465687.0,-0.0072223894071621
20251204,HC2602,3321.0,594.0,474.0,0.0252935862691954
20251204,HC2603,3328.0,49839.0,329950.0,0.0144230769230775
20251204,HC2604,3332.0,96.0,657.0,0.0
20251204,HC2605,3332.0,381701.0,1034595.0,0.0036014405762312
20251204,HC2606,3333.0,12.0,709.0,0.0108010801080098
20251204,HC2607,3336.0,11852.0,35193.0,0.025179856115109
20251204,HC2608,3343.0,46.0,346.0,-0.014358360753814
20251204,HC2609,3339.0,40.0,548.0,0.017969451931715
20251204,HC2610,3344.0,3697.0,17938.0,-0.0107655502392347
20251204,HC2611,3341.0,1.0,42.0,0.0
20251205,HC2512,3316.0,0.0,1500.0,-0.0001626434990038
20251205,HC2601,3312.0,106373.0,431740.0,0.0072463768115929
20251205,HC2602,3314.0,75.0,456.0,0.0072420036210019
20251205,HC2603,3316.0,32504.0,328804.0,0.0180940892641725
20251205,HC2604,3321.0,71.0,629.0,-0.0036133694670277
20251205,HC2605,3320.0,290472.0,1066744.0,0.0144578313253003
20251205,HC2606,3324.0,32.0,719.0,-0.0072202166064987
20251205,HC2607,3322.0,9212.0,40753.0,0.0072245635159537
20251205,HC2608,3324.0,395.0,689.0,0.0144404332129974
20251205,HC2609,3328.0,28.0,543.0,0.00360576923077
20251205,HC2610,3329.0,1585.0,18087.0,0.0324421748272749
20251205,HC2611,3338.0,0.0,42.0,0.0
20251208,HC2512,3265.0,90.0,1530.0,0.0010324001583013
20251208,HC2601,3290.0,166957.0,365594.0,-0.0036474164133739
20251208,HC2602,3289.0,81.0,436.0,0.0
20251208,HC2603,3289.0,55441.0,325530.0,0.0145941015506227
20251208,HC2604,3293.0,61.0,628.0,-0.0072881870634682
20251208,HC2605,3291.0,529595.0,1078676.0,-0.0182315405651776
20251208,HC2606,3286.0,20.0,713.0,0.0255629945222164
20251208,HC2607,3293.0,13440.0,46808.0,0.0255086547221381
20251208,HC2608,3300.0,391.0,656.0,-0.0145454545454546
20251208,HC2609,3296.0,38.0,544.0,0.0218446601941737
20251208,HC2610,3302.0,4059.0,18186.0,-0.0072683222289522
20251208,HC2611,3300.0,8.0,45.0,0.0
20251209,HC2512,3273.0,0.0,1530.0,-0.0006179260342537
20251209,HC2601,3258.0,156264.0,298796.0,-0.007366482504604
20251209,HC2602,3256.0,82.0,442.0,-0.0036855036855034
20251209,HC2603,3255.0,39520.0,320929.0,0.007373271889401
20251209,HC2604,3257.0,86.0,608.0,-0.0184218606079218
20251209,HC2605,3252.0,603263.0,1108414.0,-0.0258302583025833
20251209,HC2606,3245.0,24.0,708.0,0.0147919876733428
20251209,HC2607,3249.0,13034.0,52411.0,0.0221606648199443
20251209,HC2608,3255.0,265.0,738.0,0.007373271889401
20251209,HC2609,3257.0,48.0,561.0,0.0036843721215849
20251209,HC2610,3258.0,6786.0,19520.0,0.0184162062615094
20251209,HC2611,3263.0,18.0,56.0,0.0
20251210,HC2512,3280.0,60.0,1500.0,0.0
20251210,HC2601,3280.0,111540.0,265343.0,0.0146341463414634
20251210,HC2602,3284.0,133.0,419.0,-0.0109622411693059
20251210,HC2603,3281.0,50652.0,317844.0,0.0109722645534899
20251210,HC2604,3284.0,176.0,618.0,-0.0073081607795373
20251210,HC2605,3282.0,687182.0,1105908.0,0.0292504570383922
20251210,HC2606,3290.0,56.0,740.0,-0.0218844984802437
20251210,HC2607,3284.0,15327.0,57574.0,-0.0036540803897686
20251210,HC2608,3283.0,304.0,772.0,0.02193116052391
20251210,HC2609,3289.0,188.0,692.0,0.0109455761629684
20251210,HC2610,3292.0,4838.0,19881.0,0.0291616038882134
20251210,HC2611,3300.0,13.0,60.0,0.0
20251211,HC2512,3276.0,0.0,1500.0,-0.0013581923694283
20251211,HC2601,3243.0,96349.0,239107.0,0.0407030527289551
20251211,HC2602,3254.0,52.0,425.0,-0.0368776889981559
20251211,HC2603,3244.0,62460.0,313441.0,0.0258939580764483
20251211,HC2604,3251.0,103.0,611.0,-0.0479852353122116
20251211,HC2605,3238.0,630010.0,1148348.0,0.0
20251211,HC2606,3238.0,466.0,770.0,0.0
20251211,HC2607,3238.0,15377.0,62101.0,0.0185299567634338
20251211,HC2608,3243.0,57.0,770.0,0.011100832562441
20251211,HC2609,3246.0,64.0,709.0,0.0073937153419585
20251211,HC2610,3248.0,4084.0,20806.0,0.029556650246306
20251211,HC2611,3256.0,10.0,60.0,0.0
20251212,HC2512,3223.0,90.0,1500.0,0.0007111805248093
20251212,HC2601,3240.0,67219.0,221900.0,0.0
20251212,HC2602,3240.0,44.0,427.0,-0.0111111111111106
20251212,HC2603,3237.0,52891.0,310539.0,0.0037071362372573
20251212,HC2604,3238.0,141.0,609.0,-0.0222359481161213
20251212,HC2605,3232.0,488186.0,1190487.0,-0.0111386138613864
20251212,HC2606,3229.0,1537.0,1618.0,0.0037163208423658
20251212,HC2607,3230.0,15896.0,66339.0,0.018575851393189
20251212,HC2608,3235.0,87.0,769.0,0.0111282843894899
20251212,HC2609,3238.0,116.0,735.0,0.0037059913526862
20251212,HC2610,3239.0,5669.0,22361.0,0.0407533189255948
20251212,HC2611,3250.0,25.0,81.0,0.0
20251215,HC2512,3244.0,180.0,1500.0,-0.0002493800135773
20251215,HC2601,3238.0,89185.0,195275.0,0.0074119827053724
20251215,HC2602,3240.0,297.0,445.0,-0.0185185185185186
20251215,HC2603,3235.0,53496.0,308828.0,0.0185471406491508
20251215,HC2604,3240.0,210.0,660.0,-0.0259259259259265
20251215,HC2605,3233.0,706855.0,1224554.0,0.0111351685740803
20251215,HC2606,3236.0,601.0,1452.0,-0.0037082818294185
20251215,HC2607,3235.0,17897.0,69578.0,0.0037094281298291
20251215,HC2608,3236.0,110.0,768.0,0.0185414091470939
20251215,HC2609,3241.0,91.0,760.0,0.0074051218759638
20251215,HC2610,3243.0,13980.0,23762.0,0.0259019426456994
20251215,HC2611,3250.0,12.0,85.0,0.0
20251216,HC2601,3254.0,50073.0,181934.0,0.0221266133988935
20251216,HC2602,3260.0,92.0,408.0,-0.05521472392638
20251216,HC2603,3245.0,42787.0,305737.0,0.0073959938366714
20251216,HC2604,3247.0,44.0,664.0,-0.0036957191253468
20251216,HC2605,3246.0,440810.0,1206761.0,-0.0073937153419598
20251216,HC2606,3244.0,69.0,1420.0,0.0110974106041936
20251216,HC2607,3247.0,14590.0,73285.0,0.0110871573760391
20251216,HC2608,3250.0,33.0,764.0,0.0295384615384621
20251216,HC2609,3258.0,66.0,768.0,-0.0110497237569067
20251216,HC2610,3255.0,5275.0,24161.0,0.0294930875576042
20251216,HC2611,3263.0,7.0,82.0,-0.0735519460619058
20251216,HC2612,3243.0,6.0,6.0,0.0
20251217,HC2601,3255.0,34041.0,170599.0,0.0036866359447005
20251217,HC2602,3256.0,64.0,394.0,-0.0331695331695325
20251217,HC2603,3247.0,26080.0,303749.0,0.0
20251217,HC2604,3247.0,31.0,649.0,-0.0073914382506923
20251217,HC2605,3245.0,286883.0,1199948.0,0.0147919876733428
20251217,HC2606,3249.0,26.0,1411.0,-0.0036934441366573
20251217,HC2607,3248.0,12014.0,77749.0,0.0036945812807882
20251217,HC2608,3249.0,10.0,767.0,0.0184672206832869
20251217,HC2609,3254.0,40.0,784.0,0.0147510755992623
20251217,HC2610,3258.0,2319.0,25027.0,0.0220994475138134
20251217,HC2611,3264.0,5.0,77.0,0.0147058823529411
20251217,HC2612,3268.0,1.0,7.0,0.0
20251218,HC2601,3288.0,60203.0,154901.0,-0.0036496350364965
20251218,HC2602,3287.0,48.0,387.0,-0.036507453605111
20251218,HC2603,3277.0,40911.0,299499.0,0.0219713152273417
20251218,HC2604,3283.0,114.0,653.0,-0.0219311605239114
20251218,HC2605,3277.0,586127.0,1189556.0,0.0073237717424463
20251218,HC2606,3279.0,112.0,1428.0,0.0
20251218,HC2607,3279.0,15484.0,81680.0,0.0146386093321124
20251218,HC2608,3283.0,44.0,770.0,0.0
20251218,HC2609,3283.0,80.0,793.0,0.0182759671032579
20251218,HC2610,3288.0,7452.0,25832.0,0.0
20251218,HC2611,3288.0,9.0,78.0,0.021897810218979
20251218,HC2612,3294.0,4.0,7.0,0.0
20251219,HC2601,3276.0,37485.0,141490.0,0.0
20251219,HC2602,3276.0,30.0,388.0,-0.0256410256410255
20251219,HC2603,3269.0,26007.0,296352.0,0.0110125420617919
20251219,HC2604,3272.0,32.0,654.0,-0.011002444987775
20251219,HC2605,3269.0,279994.0,1191178.0,0.0146833894157243
20251219,HC2606,3273.0,33.0,1436.0,0.0073327222731442
20251219,HC2607,3275.0,12535.0,83338.0,0.0073282442748094
20251219,HC2608,3277.0,19.0,784.0,-0.0036618858712231
20251219,HC2609,3276.0,70.0,816.0,0.0219780219780219
20251219,HC2610,3282.0,3042.0,26242.0,0.0036563071297983
20251219,HC2611,3283.0,7.0,81.0,0.0365519342065185
20251219,HC2612,3293.0,0.0,7.0,0.0
20251222,HC2601,3282.0,34592.0,127176.0,-0.0036563071297983
20251222,HC2602,3281.0,106.0,395.0,0.0
20251222,HC2603,3281.0,38216.0,288173.0,0.0073148430356591
20251222,HC2604,3283.0,64.0,651.0,-0.0219311605239114
20251222,HC2605,3277.0,344532.0,1188551.0,0.0146475434848953
20251222,HC2606,3281.0,218.0,1381.0,0.0036574215178308
20251222,HC2607,3282.0,12723.0,85279.0,0.0073126142595967
20251222,HC2608,3284.0,8.0,782.0,0.0292326431181493
20251222,HC2609,3292.0,85.0,837.0,0.0
20251222,HC2610,3292.0,4573.0,27402.0,-0.0255164034021877
20251222,HC2611,3285.0,0.0,81.0,0.0292237442922385
20251222,HC2612,3293.0,0.0,7.0,0.0
20251223,HC2601,3280.0,33144.0,111120.0,0.0219512195121938
20251223,HC2602,3286.0,737.0,487.0,-0.0109555690809495
20251223,HC2603,3283.0,40955.0,282127.0,0.0255863539445622
20251223,HC2604,3290.0,57.0,653.0,-0.0328267477203643
20251223,HC2605,3281.0,303242.0,1198397.0,0.0146296860713208
20251223,HC2606,3285.0,78.0,1389.0,0.0
20251223,HC2607,3285.0,12101.0,87832.0,0.0219178082191788
20251223,HC2608,3291.0,26.0,794.0,0.0072926162260715
20251223,HC2609,3293.0,39.0,849.0,0.0072881870634669
20251223,HC2610,3295.0,6195.0,29628.0,0.0254931714719282
20251223,HC2611,3302.0,3.0,80.0,-0.0036341611144754
20251223,HC2612,3301.0,9.0,10.0,0.0
20251224,HC2601,3287.0,32895.0,91925.0,0.0146029814420449
20251224,HC2602,3291.0,296.0,626.0,0.0
20251224,HC2603,3291.0,53974.0,271649.0,-0.0072926162260715
20251224,HC2604,3289.0,84.0,660.0,-0.0145941015506227
20251224,HC2605,3285.0,363464.0,1229562.0,0.0109589041095894
20251224,HC2606,3288.0,127.0,1390.0,0.0036496350364965
20251224,HC2607,3289.0,14198.0,91388.0,0.0109455761629684
20251224,HC2608,3292.0,46.0,813.0,0.0109356014580797
20251224,HC2609,3295.0,84.0,873.0,0.0218512898330809
20251224,HC2610,3301.0,11341.0,34926.0,-0.003635262041806
20251224,HC2611,3300.0,5.0,81.0,0.0218181818181806
20251224,HC2612,3306.0,6.0,5.0,0.0
20251225,HC2601,3282.0,34204.0,70698.0,0.0292504570383922
20251225,HC2602,3290.0,787.0,1015.0,-0.0109422492401218
20251225,HC2603,3287.0,52907.0,261141.0,-0.0073014907210224
20251225,HC2604,3285.0,26.0,660.0,-0.018264840182649
20251225,HC2605,3280.0,248652.0,1238912.0,0.0182926829268286
20251225,HC2606,3285.0,34.0,1405.0,0.0036529680365298
20251225,HC2607,3286.0,9865.0,93961.0,0.0109555690809495
20251225,HC2608,3289.0,42.0,817.0,0.0255396777135912
20251225,HC2609,3296.0,44.0,894.0,0.0109223300970882
20251225,HC2610,3299.0,4747.0,36667.0,-0.0327371930888151
20251225,HC2611,3290.0,0.0,81.0,0.0583586626139807
20251225,HC2612,3306.0,0.0,5.0,0.0
20251226,HC2601,3288.0,27960.0,55063.0,0.0109489051094895
20251226,HC2602,3291.0,134.0,1056.0,-0.0072926162260715
20251226,HC2603,3289.0,64555.0,254040.0,0.0182426269382798
20251226,HC2604,3294.0,61.0,641.0,-0.0400728597449915
20251226,HC2605,3283.0,490404.0,1232390.0,0.02193116052391
20251226,HC2606,3289.0,378.0,1458.0,0.0
20251226,HC2607,3289.0,13216.0,97546.0,0.0182426269382798
20251226,HC2608,3294.0,312.0,970.0,-0.0036429872495449
20251226,HC2609,3293.0,126.0,942.0,0.0109322805952016
20251226,HC2610,3296.0,8619.0,38130.0,-0.0072815533980579
20251226,HC2611,3294.0,17.0,80.0,0.0364298724954466
20251226,HC2612,3304.0,9.0,13.0,0.0
20251229,HC2601,3280.0,30415.0,37698.0,0.0292682926829268
20251229,HC2602,3288.0,137.0,1071.0,0.0036496350364965
20251229,HC2603,3289.0,76257.0,244556.0,0.003648525387657
20251229,HC2604,3290.0,77.0,633.0,-0.0109422492401218
20251229,HC2605,3287.0,511982.0,1276297.0,0.0182537268025555
20251229,HC2606,3292.0,190.0,1525.0,0.0109356014580797
20251229,HC2607,3295.0,16480.0,102002.0,0.0072837632776945
20251229,HC2608,3297.0,397.0,1103.0,0.0181983621474071
20251229,HC2609,3302.0,193.0,1005.0,0.0181708055723799
20251229,HC2610,3307.0,8464.0,40695.0,-0.0217719987904438
20251229,HC2611,3301.0,8.0,85.0,0.0981520751287483
20251229,HC2612,3328.0,2.0,15.0,0.0
20251230,HC2601,3277.0,15732.0,27859.0,0.0036618858712245
20251230,HC2602,3278.0,35.0,1070.0,-0.0036607687614398
20251230,HC2603,3277.0,62657.0,232445.0,0.0366188587122371
20251230,HC2604,3287.0,37.0,640.0,-0.0182537268025555
20251230,HC2605,3282.0,311439.0,1283319.0,0.0146252285191961
20251230,HC2606,3286.0,516.0,1768.0,0.0146074254412669
20251230,HC2607,3290.0,16169.0,105104.0,-0.0109422492401218
20251230,HC2608,3287.0,197.0,1198.0,0.0401581989656216
20251230,HC2609,3298.0,109.0,1071.0,0.0145542753183747
20251230,HC2610,3302.0,7902.0,44149.0,0.0290732889158089
20251230,HC2611,3310.0,5.0,86.0,0.0145015105740169
20251230,HC2612,3314.0,4.0,15.0,0.0
20251231,HC2601,3221.0,12862.0,18015.0,0.1415709407016461
20251231,HC2602,3259.0,75.0,1088.0,-0.0073642221540346
20251231,HC2603,3257.0,52519.0,224746.0,0.0331593490942587
20251231,HC2604,3266.0,126.0,666.0,0.0146968769136561
20251231,HC2605,3270.0,364579.0,1267557.0,0.0256880733944946
20251231,HC2606,3277.0,132.0,1807.0,0.0
20251231,HC2607,3277.0,18224.0,106485.0,0.0183094293561172
20251231,HC2608,3282.0,236.0,1303.0,0.0182815356489944
20251231,HC2609,3287.0,87.0,1111.0,0.0219044721630661
20251231,HC2610,3293.0,6049.0,45727.0,0.0109322805952016
20251231,HC2611,3296.0,7.0,85.0,0.0218446601941737
20251231,HC2612,3302.0,5.0,19.0,0.0
20260105,HC2601,3220.0,3075.0,16140.0,0.0857142857142854
20260105,HC2602,3243.0,64.0,1112.0,-0.0333024976873259
20260105,HC2603,3234.0,34921.0,224937.0,0.0371057513914649
20260105,HC2604,3244.0,296.0,913.0,0.0147965474722573
20260105,HC2605,3248.0,391613.0,1294526.0,0.0221674876847295
20260105,HC2606,3254.0,58.0,1838.0,0.0036877688998169
20260105,HC2607,3255.0,15650.0,109424.0,0.0110599078341016
20260105,HC2608,3258.0,616.0,1587.0,0.0257826887661147
20260105,HC2609,3265.0,186.0,1187.0,0.022052067381316
20260105,HC2610,3271.0,9862.0,50229.0,0.058697645979822
20260105,HC2611,3287.0,4.0,86.0,-0.0292059628840886
20260105,HC2612,3279.0,4.0,19.0,0.0
20260106,HC2601,3240.0,3480.0,15780.0,0.0296296296296292
20260106,HC2602,3248.0,72.0,1098.0,-0.0110837438423647
20260106,HC2603,3245.0,27456.0,224920.0,0.0517719568567027
20260106,HC2604,3259.0,122.0,948.0,0.0147284443080693
20260106,HC2605,3263.0,439684.0,1274085.0,0.0294207784247628
20260106,HC2606,3271.0,339.0,1824.0,-0.0036686028737387
20260106,HC2607,3270.0,18910.0,112739.0,0.0
20260106,HC2608,3270.0,293.0,1688.0,0.0513761467889919
20260106,HC2609,3284.0,98.0,1220.0,-0.0073081607795373
20260106,HC2610,3282.0,10543.0,53471.0,0.0219378427787928
20260106,HC2611,3288.0,22.0,89.0,0.0401459854014589
20260106,HC2612,3299.0,5.0,24.0,0.0
20260107,HC2601,3299.0,4170.0,14910.0,0.018187329493787
20260107,HC2602,3304.0,162.0,1129.0,0.0363196125908
20260107,HC2603,3314.0,37800.0,224683.0,0.0434520217260114
20260107,HC2604,3326.0,310.0,1130.0,0.0216476247745029
20260107,HC2605,3332.0,943506.0,1377887.0,0.0432172869147668
20260107,HC2606,3344.0,206.0,1846.0,-0.0035885167464115
20260107,HC2607,3343.0,39362.0,123293.0,0.021537541130721
20260107,HC2608,3349.0,244.0,1710.0,-0.0071663183039709
20260107,HC2609,3347.0,361.0,1375.0,0.0215118016133848
20260107,HC2610,3353.0,26176.0,60156.0,0.0357888458097219
20260107,HC2611,3363.0,48.0,82.0,0.0856378233719903
20260107,HC2612,3387.0,180.0,166.0,0.0
20260108,HC2601,3300.0,2100.0,14250.0,-0.0254545454545449
20260108,HC2602,3293.0,149.0,1083.0,0.0218645611904033
20260108,HC2603,3299.0,35210.0,218316.0,0.0618369202788713
20260108,HC2604,3316.0,153.0,1132.0,0.0036188178528355
20260108,HC2605,3317.0,696880.0,1440895.0,0.0072354537232444
20260108,HC2606,3319.0,267.0,1899.0,0.0216932811087682
20260108,HC2607,3325.0,54117.0,129631.0,-0.0180451127819547
20260108,HC2608,3320.0,428.0,1826.0,0.04698795180723
20260108,HC2609,3333.0,247.0,1417.0,0.0108010801080098
20260108,HC2610,3336.0,17467.0,66515.0,0.010791366906476
20260108,HC2611,3339.0,6.0,87.0,0.1868823000898478
20260108,HC2612,3391.0,5.0,164.0,0.0
20260109,HC2601,3255.0,90.0,14220.0,0.0663594470046096
20260109,HC2602,3273.0,26.0,1086.0,0.0183318056828607
20260109,HC2603,3278.0,23524.0,213024.0,0.0585723001830373
20260109,HC2604,3294.0,46.0,1120.0,0.0
20260109,HC2605,3294.0,515603.0,1417090.0,0.0291438979963567
20260109,HC2606,3302.0,645.0,2099.0,0.010902483343429
20260109,HC2607,3305.0,44768.0,130381.0,0.0145234493192134
20260109,HC2608,3309.0,200.0,1846.0,0.0036264732547586
20260109,HC2609,3310.0,143.0,1432.0,0.0290030211480365
20260109,HC2610,3318.0,12088.0,71524.0,0.0506329113924044
20260109,HC2611,3332.0,23.0,85.0,0.0216086434573821
20260109,HC2612,3338.0,164.0,52.0,0.0
20260112,HC2601,3300.0,570.0,14130.0,0.0
20260112,HC2602,3300.0,221.0,1147.0,-0.0218181818181819
20260112,HC2603,3294.0,16828.0,208847.0,0.0400728597449902
20260112,HC2604,3305.0,40.0,1120.0,0.0217851739788201
20260112,HC2605,3311.0,408729.0,1427498.0,0.0362428269405006
20260112,HC2606,3321.0,150.0,2119.0,0.003613369467029
20260112,HC2607,3322.0,45864.0,135207.0,-0.010836845273932
20260112,HC2608,3319.0,89.0,1877.0,0.0433865622175364
20260112,HC2609,3331.0,309.0,1455.0,-0.0036025217652362
20260112,HC2610,3330.0,9571.0,73937.0,0.0396396396396383
20260112,HC2611,3341.0,13.0,85.0,0.0215504340017957
20260112,HC2612,3347.0,8.0,53.0,0.0
20260113,HC2601,3280.0,150.0,14070.0,0.0731707317073171
20260113,HC2602,3300.0,10.0,1147.0,-0.0690909090909088
20260113,HC2603,3281.0,17300.0,201026.0,0.0658335873209399
20260113,HC2604,3299.0,70.0,1101.0,0.014549863595028
20260113,HC2605,3303.0,404061.0,1440250.0,0.0653950953678483
20260113,HC2606,3321.0,113.0,2128.0,-0.0289069557362244
20260113,HC2607,3313.0,38733.0,140521.0,0.0144883791125867
20260113,HC2608,3317.0,13.0,1875.0,-0.0036177268616222
20260113,HC2609,3316.0,87.0,1436.0,0.0180940892641725
20260113,HC2610,3321.0,8524.0,75205.0,0.0325203252032508
20260113,HC2611,3330.0,11.0,88.0,0.0252252252252258
20260113,HC2612,3337.0,1.0,53.0,0.0
20260114,HC2601,3251.0,480.0,13890.0,0.1033528145186091
20260114,HC2602,3279.0,103.0,1149.0,0.0182982616651425
20260114,HC2603,3284.0,17639.0,192117.0,0.0694275274056019
20260114,HC2604,3303.0,74.0,1101.0,0.0108991825613067
20260114,HC2605,3306.0,309018.0,1448875.0,0.0399274047186946
20260114,HC2606,3317.0,31.0,2129.0,0.0072354537232444
20260114,HC2607,3319.0,36889.0,147992.0,0.0144621874058445
20260114,HC2608,3323.0,35.0,1881.0,0.0252783629250687
20260114,HC2609,3330.0,156.0,1484.0,0.0
20260114,HC2610,3330.0,10934.0,79856.0,0.0216216216216214
20260114,HC2611,3336.0,1.0,88.0,0.039568345323742
20260114,HC2612,3347.0,13.0,53.0,0.0
20260115,HC2601,3329.0,60.0,13890.0,-0.1441874436767802
20260115,HC2602,3289.0,1.0,1148.0,-0.0291882031012469
20260115,HC2603,3281.0,16078.0,184110.0,0.062176165803109
20260115,HC2604,3298.0,71.0,1114.0,0.0327471194663431
20260115,HC2605,3307.0,326133.0,1448345.0,0.0181433323253692
20260115,HC2606,3312.0,39.0,2126.0,0.0072463768115929
20260115,HC2607,3314.0,30623.0,151796.0,0.0181050090525047
20260115,HC2608,3319.0,213.0,1964.0,0.032539921663151
20260115,HC2609,3328.0,148.0,1489.0,-0.0144230769230775
20260115,HC2610,3324.0,9805.0,81537.0,0.0433212996389897
20260115,HC2611,3336.0,12.0,89.0,0.010791366906476
20260115,HC2612,3339.0,12.0,61.0,0.0
20260116,HC2602,3284.0,57.0,1170.0,0.0255785627283806
20260116,HC2603,3291.0,22584.0,173938.0,0.0510483135824983
20260116,HC2604,3305.0,95.0,1099.0,0.0363086232980336
20260116,HC2605,3315.0,629257.0,1514654.0,0.0180995475113121
20260116,HC2606,3320.0,173.0,2096.0,0.0253012048192768
20260116,HC2607,3327.0,42816.0,156057.0,-0.0072137060414783
20260116,HC2608,3325.0,136.0,1951.0,0.0360902255639095
20260116,HC2609,3335.0,215.0,1425.0,0.0035982008995496
20260116,HC2610,3336.0,15368.0,82550.0,0.0647482014388485
20260116,HC2611,3354.0,11.0,85.0,-0.0107334525939171
20260116,HC2612,3351.0,16.0,63.0,0.0
20260116,HC2701,3351.0,64.0,41.0,0.0
20260119,HC2602,3235.0,99.0,1109.0,0.1446676970633698
20260119,HC2603,3274.0,19075.0,165385.0,0.0806353084911419
20260119,HC2604,3296.0,81.0,1084.0,0.0109223300970882
20260119,HC2605,3299.0,486769.0,1502009.0,0.0363746589875715
20260119,HC2606,3309.0,369.0,2038.0,0.0036264732547586
20260119,HC2607,3310.0,33250.0,158177.0,0.0181268882175231
20260119,HC2608,3315.0,381.0,1918.0,0.0180995475113121
20260119,HC2609,3320.0,208.0,1485.0,-0.003614457831325
20260119,HC2610,3319.0,9034.0,82839.0,0.0433865622175364
20260119,HC2611,3331.0,58.0,137.0,0.0288201741218845
20260119,HC2612,3339.0,23.0,53.0,0.0002019039542889
20260119,HC2701,3344.0,154.0,109.0,0.0
20260120,HC2602,3262.0,108.0,1105.0,-0.0367872470876764
20260120,HC2603,3252.0,22685.0,154305.0,0.0627306273062728
20260120,HC2604,3269.0,85.0,1101.0,0.0256959314775162
20260120,HC2605,3276.0,471822.0,1486145.0,0.0293040293040292
20260120,HC2606,3284.0,143.0,2015.0,-0.0036540803897686
20260120,HC2607,3283.0,30674.0,161003.0,0.0292415473652143
20260120,HC2608,3291.0,81.0,1892.0,0.0291704649042836
20260120,HC2609,3299.0,230.0,1482.0,-0.0145498635950294
20260120,HC2610,3295.0,11726.0,85121.0,0.0910470409711683
20260120,HC2611,3320.0,15.0,135.0,-0.0361445783132534
20260120,HC2612,3310.0,36.0,68.0,0.0002036729013204
20260120,HC2701,3315.0,95.0,142.0,0.0
20260121,HC2602,3260.0,118.0,1095.0,0.007361963190184
20260121,HC2603,3262.0,17978.0,144768.0,0.0625383200490503
20260121,HC2604,3279.0,48.0,1098.0,0.0256175663311974
20260121,HC2605,3286.0,335123.0,1449160.0,0.0073037127206321
20260121,HC2606,3288.0,57.0,2006.0,0.021897810218979
20260121,HC2607,3294.0,30014.0,167316.0,0.0291438979963567
20260121,HC2608,3302.0,87.0,1837.0,-0.0072683222289522
20260121,HC2609,3300.0,101.0,1451.0,0.0181818181818176
20260121,HC2610,3305.0,11314.0,85284.0,0.0580937972768538
20260121,HC2611,3321.0,7.0,137.0,-0.0361336946702799
20260121,HC2612,3311.0,12.0,71.0,0.0002036113873061
20260121,HC2701,3316.0,59.0,127.0,0.0
20260122,HC2602,3273.0,97.0,1113.0,-0.0183318056828594
20260122,HC2603,3268.0,16462.0,135488.0,0.0697674418604652
20260122,HC2604,3287.0,8.0,1100.0,0.0
20260122,HC2605,3287.0,241486.0,1453320.0,0.0182537268025555
20260122,HC2606,3292.0,18.0,2005.0,0.007290400972054
20260122,HC2607,3294.0,28340.0,172359.0,0.0327868852459003
20260122,HC2608,3303.0,76.0,1797.0,-0.0036330608537689
20260122,HC2609,3302.0,119.0,1447.0,0.0
20260122,HC2610,3302.0,9613.0,89176.0,0.0654149000605688
20260122,HC2611,3320.0,5.0,142.0,0.0180722891566267
20260122,HC2612,3325.0,2.0,71.0,-0.0003244065219227
20260122,HC2701,3317.0,61.0,166.0,0.0
20260123,HC2602,3278.0,87.0,1111.0,0.0256253813300801
20260123,HC2603,3285.0,30985.0,111375.0,0.043835616438355
20260123,HC2604,3297.0,59.0,1114.0,0.0291173794358519
20260123,HC2605,3305.0,304877.0,1487297.0,0.0363086232980336
20260123,HC2606,3315.0,71.0,2028.0,0.0072398190045248
20260123,HC2607,3317.0,28094.0,178349.0,-0.0036177268616222
20260123,HC2608,3316.0,32.0,1794.0,0.0072376357056684
20260123,HC2609,3318.0,159.0,1437.0,0.021699819168174
20260123,HC2610,3324.0,7632.0,90702.0,0.0324909747292423
20260123,HC2611,3333.0,9.0,142.0,0.0216021602160223
20260123,HC2612,3339.0,2.0,71.0,8.07615817155793e-05
20260123,HC2701,3341.0,90.0,236.0,0.0
20260126,HC2602,3300.0,118.0,1203.0,-0.0399999999999995
20260126,HC2603,3289.0,41192.0,78116.0,0.0291882031012455
20260126,HC2604,3297.0,73.0,1144.0,0.0181983621474071
20260126,HC2605,3302.0,391114.0,1514797.0,0.0145366444579044
20260126,HC2606,3306.0,162.0,2088.0,0.0145190562613439
20260126,HC2607,3310.0,37958.0,186396.0,0.0072507552870098
20260126,HC2608,3312.0,49.0,1772.0,0.0217391304347813
20260126,HC2609,3318.0,587.0,1590.0,0.0144665461121151
20260126,HC2610,3322.0,14709.0,94295.0,0.0288982540638178
20260126,HC2611,3330.0,25.0,140.0,0.0828828828828838
20260126,HC2612,3353.0,52.0,108.0,-0.0004825462356367
20260126,HC2701,3341.0,242.0,382.0,0.0
20260127,HC2602,3270.0,95.0,1181.0,0.0110091743119262
20260127,HC2603,3273.0,18542.0,65395.0,0.0513290559120074
20260127,HC2604,3287.0,92.0,1134.0,0.0073014907210211
20260127,HC2605,3289.0,288700.0,1508428.0,0.0291882031012455
20260127,HC2606,3297.0,52.0,2094.0,0.0036396724294824
20260127,HC2607,3298.0,29768.0,190516.0,0.0
20260127,HC2608,3298.0,11.0,1769.0,0.0181928441479684
20260127,HC2609,3303.0,581.0,1545.0,0.0181653042688472
20260127,HC2610,3308.0,8433.0,95554.0,0.0761789600967359
20260127,HC2611,3329.0,0.0,140.0,0.0216281165515166
20260127,HC2612,3335.0,2.0,107.0,-0.0002021461179522
20260127,HC2701,3330.0,136.0,449.0,0.0
20260128,HC2602,3271.0,40.0,1185.0,-0.0036686028737387
20260128,HC2603,3270.0,13849.0,57541.0,0.0330275229357788
20260128,HC2604,3279.0,92.0,1154.0,0.0036596523330274
20260128,HC2605,3280.0,283776.0,1517650.0,0.032926829268292
20260128,HC2606,3289.0,31.0,2084.0,0.0218911523259341
20260128,HC2607,3295.0,37608.0,196046.0,0.0072837632776945
20260128,HC2608,3297.0,14.0,1767.0,0.0072793448589623
20260128,HC2609,3299.0,514.0,1649.0,0.0072749317975153
20260128,HC2610,3301.0,12753.0,96209.0,0.0581641926688893
20260128,HC2611,3317.0,12.0,141.0,0.0687368103708179
20260128,HC2612,3336.0,8.0,104.0,-0.0004041710451863
20260128,HC2701,3326.0,73.0,470.0,0.0
20260129,HC2602,3283.0,42.0,1178.0,0.0402071276271707
20260129,HC2603,3294.0,20575.0,42611.0,0.0327868852459003
20260129,HC2604,3303.0,111.0,1179.0,0.0181653042688472
20260129,HC2605,3308.0,434547.0,1547118.0,0.0181378476420803
20260129,HC2606,3313.0,51.0,2101.0,0.0362209477814667
20260129,HC2607,3323.0,56817.0,204391.0,0.0036111947035823
20260129,HC2608,3324.0,42.0,1750.0,0.0180505415162448
20260129,HC2609,3329.0,905.0,1588.0,0.0036046860919194
20260129,HC2610,3330.0,16759.0,100639.0,0.0396396396396383
20260129,HC2611,3341.0,56.0,162.0,0.0466926070038908
20260129,HC2612,3354.0,5.0,105.0,-0.0001608007879238
20260129,HC2701,3350.0,183.0,552.0,0.0
20260130,HC2602,3260.0,75.0,1200.0,0.03680981595092
20260130,HC2603,3270.0,15344.0,35575.0,0.0330275229357788
20260130,HC2604,3279.0,85.0,1158.0,0.032936870997255
20260130,HC2605,3288.0,523900.0,1529652.0,0.0328467153284659
20260130,HC2606,3297.0,137.0,2095.0,0.0218380345768869
20260130,HC2607,3303.0,56703.0,199634.0,0.0
20260130,HC2608,3303.0,335.0,1684.0,0.025431425976385
20260130,HC2609,3310.0,1388.0,1797.0,0.0036253776435035
20260130,HC2610,3311.0,19606.0,104914.0,0.0507399577167024
20260130,HC2611,3325.0,6.0,163.0,0.0757894736842113
20260130,HC2612,3346.0,41.0,136.0,-0.0004029631221582
20260130,HC2701,3336.0,187.0,595.0,0.0
20260202,HC2602,3250.0,330.0,1470.0,0.025846153846154
20260202,HC2603,3257.0,15496.0,28762.0,-0.0110531163647533
20260202,HC2604,3254.0,197.0,1030.0,0.0258143822987104
20260202,HC2605,3261.0,529496.0,1498793.0,0.0294388224471031
20260202,HC2606,3269.0,166.0,2118.0,0.0036708473539297
20260202,HC2607,3270.0,52340.0,201914.0,0.0073394495412841
20260202,HC2608,3272.0,40.0,1675.0,0.0256723716381408
20260202,HC2609,3279.0,1432.0,1906.0,-0.010978956999085
20260202,HC2610,3276.0,23927.0,104661.0,0.073260073260073
20260202,HC2611,3296.0,23.0,167.0,0.0473300970873777
20260202,HC2612,3309.0,12.0,140.0,-0.0003667220145262
20260202,HC2701,3300.0,155.0,657.0,0.0
20260203,HC2602,3255.0,120.0,1560.0,-0.0147465437788021
20260203,HC2603,3251.0,4839.0,26562.0,0.0406028914180245
20260203,HC2604,3262.0,53.0,1013.0,0.0110361741263025
20260203,HC2605,3265.0,335114.0,1477230.0,0.0294027565084222
20260203,HC2606,3273.0,56.0,2125.0,0.0073327222731442
20260203,HC2607,3275.0,42471.0,205299.0,0.0109923664122142
20260203,HC2608,3278.0,28.0,1669.0,0.0256253813300801
20260203,HC2609,3285.0,595.0,1968.0,0.0036529680365298
20260203,HC2610,3286.0,16349.0,108005.0,0.043822276323798
20260203,HC2611,3298.0,40.0,182.0,0.0727713765918736
20260203,HC2612,3318.0,50.0,190.0,-0.0003250909238677
20260203,HC2701,3310.0,105.0,671.0,0.0
20260204,HC2602,3250.0,30.0,1560.0,0.0295384615384621
20260204,HC2603,3258.0,10163.0,21169.0,0.0331491712707174
20260204,HC2604,3267.0,37.0,1015.0,0.0257116620752979
20260204,HC2605,3274.0,285185.0,1482712.0,0.0219914477703104
20260204,HC2606,3280.0,39.0,2120.0,0.0182926829268286
20260204,HC2607,3285.0,40719.0,211254.0,0.018264840182649
20260204,HC2608,3290.0,24.0,1673.0,0.0109422492401218
20260204,HC2609,3293.0,1256.0,2076.0,0.0109322805952016
20260204,HC2610,3296.0,9820.0,109787.0,0.0546116504854357
20260204,HC2611,3311.0,11.0,181.0,0.0942313500453027
20260204,HC2612,3337.0,2.0,191.0,-0.0005656698979437
20260204,HC2701,3323.0,127.0,683.0,0.0
20260205,HC2602,3250.0,60.0,1620.0,0.0147692307692297
20260205,HC2603,3254.0,9341.0,16587.0,0.0405654578979728
20260205,HC2604,3265.0,66.0,1004.0,-0.0073506891271062
20260205,HC2605,3263.0,283875.0,1494646.0,0.0257431811216681
20260205,HC2606,3270.0,19.0,2110.0,0.0293577981651367
20260205,HC2607,3278.0,44574.0,216911.0,0.0292861500915186
20260205,HC2608,3286.0,54.0,1694.0,-0.0073037127206334
20260205,HC2609,3284.0,1273.0,2115.0,0.0
20260205,HC2610,3284.0,17639.0,112491.0,0.0475030450669926
20260205,HC2611,3297.0,21.0,186.0,0.0291173794358519
20260205,HC2612,3305.0,15.0,200.0,0.0002855734416699
20260205,HC2701,3312.0,576.0,1077.0,0.0
20260206,HC2602,3250.0,0.0,1620.0,-0.048
20260206,HC2603,3237.0,3363.0,14969.0,0.0370713623725684
20260206,HC2604,3247.0,11.0,1005.0,0.0147828765013846
20260206,HC2605,3251.0,276669.0,1484610.0,0.0073823438941857
20260206,HC2606,3253.0,52.0,2103.0,0.0295112204119263
20260206,HC2607,3261.0,41233.0,218965.0,0.0294388224471031
20260206,HC2608,3269.0,21.0,1699.0,-0.003670847353931
20260206,HC2609,3268.0,3744.0,4584.0,0.0036719706242358
20260206,HC2610,3269.0,13427.0,113339.0,0.0697460997246866
20260206,HC2611,3288.0,121.0,283.0,0.0437956204379554
20260206,HC2612,3300.0,87.0,277.0,-0.0002451481103166
20260206,HC2701,3294.0,175.0,1200.0,0.0
20260209,HC2602,3220.0,0.0,1620.0,-0.0037267080745335
20260209,HC2603,3219.0,4368.0,13966.0,0.0484622553588067
20260209,HC2604,3232.0,35.0,1028.0,0.0259900990099
20260209,HC2605,3239.0,348786.0,1499810.0,0.0296387774004314
20260209,HC2606,3247.0,71.0,2090.0,0.0073914382506936
20260209,HC2607,3249.0,39739.0,221660.0,0.0295475530932591
20260209,HC2608,3257.0,102.0,1646.0,-0.0036843721215849
20260209,HC2609,3256.0,1775.0,4710.0,0.0073710073710069
20260209,HC2610,3258.0,14956.0,115812.0,0.0331491712707174
20260209,HC2611,3267.0,26.0,300.0,0.0881542699724509
20260209,HC2612,3291.0,31.0,303.0,-0.0003687277867114
20260209,HC2701,3282.0,134.0,1274.0,0.0
20260210,HC2602,3210.0,120.0,1680.0,0.0037383177570102
20260210,HC2603,3211.0,3661.0,11698.0,0.0149486141388974
20260210,HC2604,3215.0,154.0,909.0,0.0186625194401255
20260210,HC2605,3220.0,336623.0,1542845.0,0.0409937888198745
20260210,HC2606,3231.0,36.0,2082.0,0.0
20260210,HC2607,3231.0,37893.0,221476.0,0.0037140204271128
20260210,HC2608,3232.0,51.0,1654.0,0.0297029702970297
20260210,HC2609,3240.0,1016.0,4667.0,-0.0037037037037039
20260210,HC2610,3239.0,18222.0,122557.0,0.0518678604507556
20260210,HC2611,3253.0,1.0,300.0,0.0848447586842908
20260210,HC2612,3276.0,32.0,328.0,-0.0005350454788657
20260210,HC2701,3263.0,176.0,1367.0,0.0
20260211,HC2602,3215.0,0.0,1680.0,0.0074650077760507
20260211,HC2603,3217.0,4158.0,10593.0,0.0634131178116259
20260211,HC2604,3234.0,15.0,908.0,-0.0222634508348797
20260211,HC2605,3228.0,255255.0,1552374.0,0.048327137546468
20260211,HC2606,3241.0,9.0,2078.0,-0.0111076828139458
20260211,HC2607,3238.0,36767.0,219427.0,0.0074119827053724
20260211,HC2608,3240.0,22.0,1649.0,0.0148148148148159
20260211,HC2609,3244.0,999.0,4607.0,0.0110974106041936
20260211,HC2610,3247.0,21524.0,132676.0,0.0369571912534656
20260211,HC2611,3257.0,25.0,314.0,0.0921093030396065
20260211,HC2612,3282.0,32.0,346.0,-0.000369738923238
20260211,HC2701,3273.0,96.0,1405.0,0.0
20260212,HC2602,3200.0,60.0,1710.0,0.0487500000000009
20260212,HC2603,3213.0,2721.0,9756.0,0.0261437908496722
20260212,HC2604,3220.0,41.0,908.0,-0.0074534161490684
20260212,HC2605,3218.0,214288.0,1533692.0,0.0149160969546295
20260212,HC2606,3222.0,33.0,2088.0,0.0186219739292354
20260212,HC2607,3227.0,34255.0,212429.0,-0.0037186241090791
20260212,HC2608,3226.0,175.0,1501.0,0.0260384376937397
20260212,HC2609,3233.0,815.0,4579.0,0.0148468914321062
20260212,HC2610,3237.0,16958.0,137016.0,0.0370713623725684
20260212,HC2611,3247.0,26.0,332.0,0.0850015398829677
20260212,HC2612,3270.0,5.0,346.0,-0.0004535614885063
20260212,HC2701,3259.0,103.0,1426.0,0.0
20260213,HC2602,3200.0,0.0,1710.0,0.0637500000000006
20260213,HC2603,3217.0,2336.0,9117.0,0.02984146720547
20260213,HC2604,3225.0,74.0,892.0,-0.0111627906976741
20260213,HC2605,3222.0,277887.0,1482223.0,0.0223463687150831
20260213,HC2606,3228.0,11.0,2081.0,0.011152416356877
20260213,HC2607,3231.0,29897.0,210967.0,0.0222841225626746
20260213,HC2608,3237.0,183.0,1546.0,0.0074142724745147
20260213,HC2609,3239.0,649.0,4654.0,-0.0111145415251621
20260213,HC2610,3236.0,12790.0,137965.0,0.0667490729295439
20260213,HC2611,3254.0,9.0,338.0,0.0516287645974182
20260213,HC2612,3268.0,21.0,350.0,-0.0003300647752121
20260213,HC2701,3260.0,37.0,1437.0,0.0
20260224,HC2602,3220.0,270.0,1950.0,-0.1192546583850928
20260224,HC2603,3188.0,1839.0,8792.0,-0.0188205771643663
20260224,HC2604,3183.0,18.0,892.0,0.045240339302544
20260224,HC2605,3195.0,373301.0,1500880.0,0.0150234741784034
20260224,HC2606,3199.0,45.0,2068.0,0.0187558612066283
20260224,HC2607,3204.0,34686.0,215241.0,0.0224719101123582
20260224,HC2608,3210.0,12.0,1547.0,0.0037383177570102
20260224,HC2609,3211.0,946.0,4758.0,0.0112114606041737
20260224,HC2610,3214.0,21399.0,144275.0,0.0597386434349713
20260224,HC2611,3230.0,40.0,359.0,0.029721362229103
20260224,HC2612,3238.0,38.0,376.0,-8.328070455476178e-05
20260224,HC2701,3236.0,88.0,1469.0,0.0
20260225,HC2603,3225.0,2303.0,8096.0,0.0260465116279062
20260225,HC2604,3232.0,35.0,893.0,0.0148514851485135
20260225,HC2605,3236.0,523081.0,1501203.0,0.0148331273176767
20260225,HC2606,3240.0,578.0,2098.0,0.0407407407407411
20260225,HC2607,3251.0,54032.0,226894.0,-0.0073823438941857
20260225,HC2608,3249.0,91.0,1542.0,0.0073868882733147
20260225,HC2609,3251.0,1924.0,4901.0,-0.0147646877883729
20260225,HC2610,3247.0,41169.0,156817.0,0.0295657530027719
20260225,HC2611,3255.0,55.0,392.0,0.073732718894008
20260225,HC2612,3275.0,48.0,406.0,-0.0001646796466249
20260225,HC2701,3271.0,175.0,1573.0,-0.0550290431060833
20260225,HC2702,3256.0,0.0,0.0,0.0
20260226,HC2603,3209.0,3158.0,6193.0,0.0037394827048924
20260226,HC2604,3210.0,31.0,888.0,0.0299065420560742
20260226,HC2605,3218.0,321040.0,1492800.0,0.0298321939092591
20260226,HC2606,3226.0,80.0,2075.0,0.0148791072535647
20260226,HC2607,3230.0,36831.0,233331.0,0.0111455108359139
20260226,HC2608,3233.0,16.0,1535.0,0.0259820600061866
20260226,HC2609,3240.0,1240.0,4962.0,-0.0037037037037039
20260226,HC2610,3239.0,22384.0,161605.0,0.0259339302253778
20260226,HC2611,3246.0,591.0,580.0,0.0406654343807773
20260226,HC2612,3257.0,37.0,436.0,0.000124192318705
20260226,HC2701,3260.0,92.0,1592.0,-0.03680981595092
20260226,HC2702,3250.0,3.0,3.0,0.0
20260227,HC2603,3230.0,2144.0,6120.0,-0.0520123839009283
20260227,HC2604,3216.0,5.0,883.0,-0.0037313432835821
20260227,HC2605,3215.0,277047.0,1492009.0,0.0298600311042003
20260227,HC2606,3223.0,99.0,2046.0,0.0186161960905986
20260227,HC2607,3228.0,31559.0,238679.0,0.0
20260227,HC2608,3228.0,48.0,1521.0,0.0371747211895909
20260227,HC2609,3238.0,1434.0,5105.0,-0.0185299567634338
20260227,HC2610,3233.0,27262.0,172138.0,0.0408289514382929
20260227,HC2611,3244.0,684.0,609.0,0.0406905055487056
20260227,HC2612,3255.0,80.0,437.0,0.0001242686273494
20260227,HC2701,3258.0,100.0,1582.0,0.014732965009208
20260227,HC2702,3262.0,0.0,3.0,0.0
20260302,HC2603,3192.0,1260.0,6420.0,0.0601503759398509
20260302,HC2604,3208.0,244.0,1076.0,0.0411471321695753
20260302,HC2605,3219.0,404093.0,1459599.0,0.0149114631873263
20260302,HC2606,3223.0,198.0,2110.0,0.0148929568724778
20260302,HC2607,3227.0,35862.0,246499.0,0.0223117446544778
20260302,HC2608,3233.0,105.0,1514.0,0.0111351685740803
20260302,HC2609,3236.0,873.0,5310.0,0.007416563658837
20260302,HC2610,3238.0,46166.0,190487.0,0.0333539221741814
20260302,HC2611,3247.0,1073.0,748.0,0.0184785956267328
20260302,HC2612,3252.0,14.0,444.0,0.0002902276213773
20260302,HC2701,3259.0,69.0,1615.0,0.0478674440012278
20260302,HC2702,3272.0,1.0,4.0,0.0
20260303,HC2603,3210.0,420.0,6540.0,-0.0672897196261677
20260303,HC2604,3192.0,37.0,1061.0,0.1015037593984953
20260303,HC2605,3219.0,369765.0,1451887.0,0.033550792171483
20260303,HC2606,3228.0,139.0,2052.0,0.011152416356877
20260303,HC2607,3231.0,32281.0,253853.0,0.0
20260303,HC2608,3231.0,133.0,1605.0,0.0259981429897875
20260303,HC2609,3238.0,1266.0,5410.0,0.0
20260303,HC2610,3238.0,42707.0,208976.0,0.0518838789376152
20260303,HC2611,3252.0,677.0,814.0,0.0442804428044274
20260303,HC2612,3264.0,8.0,439.0,-0.0007848645076007
20260303,HC2701,3245.0,192.0,1716.0,0.0702619414483827
20260303,HC2702,3264.0,9.0,13.0,0.0
20260304,HC2603,3202.0,990.0,6660.0,0.0449718925671458
20260304,HC2604,3214.0,69.0,1058.0,-0.007467330429371
20260304,HC2605,3212.0,280903.0,1435635.0,0.0298879202988793
20260304,HC2606,3220.0,20.0,2051.0,0.0186335403726705
20260304,HC2607,3225.0,28266.0,257080.0,0.007441860465116
20260304,HC2608,3227.0,48.0,1597.0,0.0148744964363194
20260304,HC2609,3231.0,2122.0,5639.0,0.0037140204271128
20260304,HC2610,3232.0,34904.0,215002.0,0.0334158415841594
20260304,HC2611,3241.0,338.0,820.0,0.0629435359456955
20260304,HC2612,3258.0,18.0,444.0,-0.0002069236658596
20260304,HC2701,3253.0,61.0,1747.0,0.0516446357208737
20260304,HC2702,3267.0,6.0,16.0,0.0
20260305,HC2603,3200.0,60.0,6660.0,0.0337500000000012
20260305,HC2604,3209.0,372.0,993.0,0.0
20260305,HC2605,3209.0,389600.0,1430083.0,0.026176378934247
20260305,HC2606,3216.0,57.0,2042.0,0.026119402985075
20260305,HC2607,3223.0,32373.0,258753.0,0.0297859137449583
20260305,HC2608,3231.0,35.0,1622.0,0.0037140204271128
20260305,HC2609,3232.0,2674.0,5692.0,-0.0074257425742567
20260305,HC2610,3230.0,50704.0,231626.0,0.0482972136222921
20260305,HC2611,3243.0,90.0,819.0,0.0370027752081405
20260305,HC2612,3253.0,29.0,439.0,-0.0002072417163759
20260305,HC2701,3248.0,232.0,1924.0,0.0591133004926121
20260305,HC2702,3264.0,8.0,19.0,0.0
20260306,HC2603,3215.0,90.0,6570.0,-0.0074650077760494
20260306,HC2604,3213.0,2.0,992.0,0.0634920634920641
20260306,HC2605,3230.0,340329.0,1398808.0,0.0037151702786388
20260306,HC2606,3231.0,55.0,2005.0,0.0334261838440106
20260306,HC2607,3240.0,21049.0,262659.0,0.0037037037037039
20260306,HC2608,3241.0,106.0,1596.0,0.0185128046899096
20260306,HC2609,3246.0,1269.0,5679.0,-0.0073937153419598
20260306,HC2610,3244.0,45362.0,247181.0,0.0258939580764483
20260306,HC2611,3251.0,70.0,840.0,0.0442940633651174
20260306,HC2612,3263.0,68.0,447.0,0.0
20260306,HC2701,3263.0,151.0,2006.0,0.0551639595464283
20260306,HC2702,3278.0,5.0,20.0,0.0
20260309,HC2603,3258.0,660.0,6450.0,0.0257826887661147
20260309,HC2604,3265.0,159.0,962.0,0.0183767228177629
20260309,HC2605,3270.0,784875.0,1292623.0,0.0146788990825683
20260309,HC2606,3274.0,630.0,1827.0,0.0366524129505183
20260309,HC2607,3284.0,40923.0,262031.0,0.0036540803897686
20260309,HC2608,3285.0,584.0,1419.0,0.0073059360730596
20260309,HC2609,3287.0,3994.0,5747.0,-0.0182537268025555
20260309,HC2610,3282.0,146917.0,288796.0,0.0146252285191961
20260309,HC2611,3286.0,599.0,1019.0,0.0511259890444302
20260309,HC2612,3300.0,204.0,578.0,-0.0003677221654749
20260309,HC2701,3291.0,797.0,1933.0,0.0328167730173207
20260309,HC2702,3300.0,16.0,24.0,0.0
20260310,HC2603,3245.0,60.0,6390.0,0.0517719568567027
20260310,HC2604,3259.0,11.0,957.0,-0.0110463332310519
20260310,HC2605,3256.0,414803.0,1269676.0,0.0331695331695325
20260310,HC2606,3265.0,419.0,1506.0,0.0110260336906593
20260310,HC2607,3268.0,37911.0,265634.0,0.0293757649938788
20260310,HC2608,3276.0,130.0,1358.0,-0.0109890109890109
20260310,HC2609,3273.0,7366.0,10708.0,-0.0183318056828594
20260310,HC2610,3268.0,63238.0,303541.0,0.0367197062423505
20260310,HC2611,3278.0,160.0,1058.0,0.021964612568639
20260310,HC2612,3284.0,69.0,592.0,8.211416606221721e-05
20260310,HC2701,3286.0,118.0,1896.0,0.021911138161899
20260310,HC2702,3292.0,1.0,25.0,0.0
20260311,HC2603,3242.0,0.0,6390.0,0.0999383096853803
20260311,HC2604,3269.0,166.0,952.0,0.0
20260311,HC2605,3269.0,278376.0,1265100.0,0.0146833894157243
20260311,HC2606,3273.0,244.0,1377.0,0.0219981668194328
20260311,HC2607,3279.0,25605.0,270584.0,-0.0036596523330287
20260311,HC2608,3278.0,108.0,1281.0,0.0109823062843208
20260311,HC2609,3281.0,2073.0,10695.0,-0.0109722645534899
20260311,HC2610,3278.0,47214.0,312526.0,0.0292861500915186
20260311,HC2611,3286.0,405.0,1062.0,0.0401704199634807
20260311,HC2612,3297.0,11.0,584.0,-0.0002044759791843
20260311,HC2701,3292.0,570.0,2363.0,0.0619684082624552
20260311,HC2702,3309.0,28.0,42.0,0.0
20260312,HC2603,3249.0,60.0,6360.0,0.0775623268698053
20260312,HC2604,3270.0,49.0,928.0,0.0183486238532104
20260312,HC2605,3275.0,320782.0,1243723.0,0.0073282442748094
20260312,HC2606,3277.0,286.0,1296.0,0.0219713152273417
20260312,HC2607,3283.0,39113.0,280019.0,0.0
20260312,HC2608,3283.0,400.0,1091.0,0.0328967407858664
20260312,HC2609,3292.0,7149.0,15807.0,-0.0291616038882134
20260312,HC2610,3284.0,82756.0,333654.0,0.0255785627283806
20260312,HC2611,3291.0,192.0,1034.0,0.021877848678212
20260312,HC2612,3297.0,74.0,574.0,8.179039167373383e-05
20260312,HC2701,3299.0,173.0,2396.0,0.0327371930888151
20260312,HC2702,3308.0,11.0,44.0,0.0
20260313,HC2603,3290.0,390.0,6180.0,-0.0072948328267479
20260313,HC2604,3288.0,101.0,926.0,0.0255474452554755
20260313,HC2605,3295.0,443015.0,1198226.0,0.0254931714719282
20260313,HC2606,3302.0,123.0,1318.0,0.0181708055723799
20260313,HC2607,3307.0,31625.0,282596.0,0.0036286664650733
20260313,HC2608,3308.0,155.0,1126.0,0.0108827085852487
20260313,HC2609,3311.0,1717.0,15812.0,-0.0326185442464508
20260313,HC2610,3302.0,113153.0,370053.0,0.0399757722592379
20260313,HC2611,3313.0,192.0,1042.0,0.0434651373377601
20260313,HC2612,3325.0,22.0,569.0,-0.0002838557066824
20260313,HC2701,3318.0,835.0,2191.0,0.0433996383363481
20260313,HC2702,3330.0,16.0,47.0,0.0
20260316,HC2603,3285.0,90.0,6120.0,0.0219178082191788
20260316,HC2604,3291.0,414.0,882.0,0.0291704649042836
20260316,HC2605,3299.0,292044.0,1183856.0,0.0109123976962717
20260316,HC2606,3302.0,236.0,1263.0,0.0290732889158089
20260316,HC2607,3310.0,34571.0,281670.0,-0.0072507552870084
20260316,HC2608,3308.0,17.0,1125.0,0.0
20260316,HC2609,3308.0,1595.0,15901.0,-0.0181378476420803
20260316,HC2610,3303.0,74236.0,386638.0,0.0108991825613067
20260316,HC2611,3306.0,283.0,1191.0,0.0689655172413798
20260316,HC2612,3325.0,18.0,566.0,-0.0003649573371631
20260316,HC2701,3316.0,308.0,2336.0,0.0579010856453559
20260316,HC2702,3332.0,67.0,65.0,0.0
20260317,HC2604,3304.0,88.0,830.0,0.0326876513317184
20260317,HC2605,3313.0,279583.0,1179948.0,0.0072441895562933
20260317,HC2606,3315.0,130.0,1277.0,0.025339366515837
20260317,HC2607,3322.0,32415.0,284055.0,-0.0361228175797716
20260317,HC2608,3312.0,46.0,1116.0,0.0253623188405791
20260317,HC2609,3319.0,4873.0,17861.0,-0.0180777342573064
20260317,HC2610,3314.0,74989.0,413867.0,0.0325890162945086
20260317,HC2611,3323.0,159.0,1183.0,-0.0144447788143242
20260317,HC2612,3319.0,8.0,565.0,0.0002031206096326
20260317,HC2701,3324.0,644.0,2397.0,0.0505415162454871
20260317,HC2702,3338.0,17.0,70.0,-0.0107849011384058
20260317,HC2703,3335.0,3.0,2.0,0.0
20260318,HC2604,3295.0,96.0,798.0,0.054628224582701
20260318,HC2605,3310.0,358351.0,1171958.0,-0.0072507552870084
20260318,HC2606,3308.0,210.0,1250.0,0.0326481257557436
20260318,HC2607,3317.0,36924.0,286663.0,-0.0217063611697319
20260318,HC2608,3311.0,26.0,1107.0,0.0253699788583512
20260318,HC2609,3318.0,2931.0,17600.0,-0.0253164556962022
20260318,HC2610,3311.0,113295.0,456480.0,0.0181214134702516
20260318,HC2611,3316.0,114.0,1207.0,0.0180940892641725
20260318,HC2612,3321.0,117.0,557.0,0.0
20260318,HC2701,3321.0,259.0,2480.0,0.021680216802169
20260318,HC2702,3327.0,27.0,78.0,0.0036068530207398
20260318,HC2703,3328.0,0.0,2.0,0.0
20260319,HC2604,3294.0,66.0,771.0,0.0291438979963567
20260319,HC2605,3302.0,287920.0,1143177.0,0.0327074500302844
20260319,HC2606,3311.0,13.0,1246.0,0.0108728480821493
20260319,HC2607,3314.0,30277.0,287549.0,0.0144840072420038
20260319,HC2608,3318.0,34.0,1088.0,-0.0144665461121151
20260319,HC2609,3314.0,2171.0,17605.0,-0.0253470126735066
20260319,HC2610,3307.0,83078.0,480108.0,0.0254006652555185
20260319,HC2611,3314.0,152.0,1180.0,0.0181050090525047
20260319,HC2612,3319.0,32.0,535.0,4.062412192653725e-05
20260319,HC2701,3320.0,1347.0,3026.0,0.0253012048192768
20260319,HC2702,3327.0,18.0,70.0,0.0288548241659158
20260319,HC2703,3335.0,17.0,16.0,0.0
20260320,HC2604,3299.0,291.0,787.0,-0.007274931797514
20260320,HC2605,3297.0,276514.0,1098203.0,0.0363967242948142
20260320,HC2606,3307.0,72.0,1203.0,-0.0036286664650746
20260320,HC2607,3306.0,35858.0,290111.0,0.0217785843920133
20260320,HC2608,3312.0,11.0,1084.0,-0.0181159420289849
20260320,HC2609,3307.0,1831.0,17807.0,-0.0145146658602959
20260320,HC2610,3303.0,84515.0,499243.0,0.0145322434150783
20260320,HC2611,3307.0,141.0,1132.0,0.0036286664650733
20260320,HC2612,3308.0,4.0,536.0,0.0001630368327377
20260320,HC2701,3312.0,1203.0,3317.0,0.0652173913043467
20260320,HC2702,3330.0,2.0,71.0,0.0252252252252258
20260320,HC2703,3337.0,11.0,14.0,0.0
20260323,HC2604,3332.0,59.0,761.0,-0.0072028811524611
20260323,HC2605,3330.0,472394.0,1055371.0,0.0072072072072062
20260323,HC2606,3332.0,268.0,1181.0,0.0144057623049222
20260323,HC2607,3336.0,49889.0,290317.0,-0.0107913669064747
20260323,HC2608,3333.0,229.0,939.0,0.0216021602160223
20260323,HC2609,3339.0,5045.0,17782.0,-0.0107816711590298
20260323,HC2610,3336.0,206237.0,551778.0,0.0215827338129495
20260323,HC2611,3342.0,391.0,1041.0,0.0035906642728908
20260323,HC2612,3343.0,44.0,513.0,8.066494805513498e-05
20260323,HC2701,3345.0,1907.0,3777.0,0.0322869955156956
20260323,HC2702,3354.0,78.0,45.0,0.0286225402504483
20260323,HC2703,3362.0,47.0,46.0,0.0
20260324,HC2604,3318.0,71.0,732.0,0.021699819168174
20260324,HC2605,3324.0,253950.0,1024272.0,0.0180505415162448
20260324,HC2606,3329.0,98.0,1178.0,0.0216281165515166
20260324,HC2607,3335.0,36149.0,292501.0,-0.0071964017991006
20260324,HC2608,3333.0,11.0,937.0,0.0108010801080098
20260324,HC2609,3336.0,2999.0,18232.0,-0.0179856115107912
20260324,HC2610,3331.0,113023.0,573123.0,0.0216151305914147
20260324,HC2611,3337.0,138.0,1028.0,-0.0179802217560687
20260324,HC2612,3332.0,17.0,508.0,4.046562445203641e-05
20260324,HC2701,3333.0,1025.0,4193.0,0.0504050405040512
20260324,HC2702,3347.0,5.0,48.0,-0.100388407529131
20260324,HC2703,3319.0,26.0,50.0,0.0
20260325,HC2604,3295.0,145.0,709.0,0.0655538694992401
20260325,HC2605,3313.0,302330.0,1003104.0,0.025354663447028
20260325,HC2606,3320.0,116.0,1159.0,0.0072289156626501
20260325,HC2607,3322.0,36554.0,290716.0,0.0072245635159537
20260325,HC2608,3324.0,30.0,929.0,0.0
20260325,HC2609,3324.0,3196.0,19645.0,-0.0072202166064987
20260325,HC2610,3322.0,111685.0,587197.0,0.0144491270319075
20260325,HC2611,3326.0,157.0,1046.0,0.0144317498496704
20260325,HC2612,3330.0,10.0,514.0,-0.0003644093531733
20260325,HC2701,3321.0,1428.0,4562.0,0.0072267389340554
20260325,HC2702,3323.0,8.0,47.0,0.0975022569966901
20260325,HC2703,3350.0,1.0,50.0,0.0
20260326,HC2604,3299.0,74.0,706.0,0.0218247953925434
20260326,HC2605,3305.0,214049.0,962265.0,0.0181543116490168
20260326,HC2606,3310.0,50.0,1166.0,0.0108761329305133
20260326,HC2607,3313.0,33586.0,295922.0,0.0289767582251734
20260326,HC2608,3321.0,13.0,925.0,-0.0180668473351399
20260326,HC2609,3316.0,11510.0,26180.0,-0.010856453558504
20260326,HC2610,3313.0,111051.0,609968.0,0.025354663447028
20260326,HC2611,3320.0,112.0,1043.0,0.0144578313253003
20260326,HC2612,3324.0,2.0,514.0,-0.0002839411025027
20260326,HC2701,3317.0,1903.0,5437.0,0.0253240880313541
20260326,HC2702,3324.0,11.0,42.0,0.068592057761732
20260326,HC2703,3343.0,9.0,46.0,0.0
20260327,HC2604,3280.0,8.0,706.0,0.0695121951219519
20260327,HC2605,3299.0,225634.0,919538.0,0.0072749317975153
20260327,HC2606,3301.0,93.0,1180.0,0.0254468342926372
20260327,HC2607,3308.0,35265.0,300871.0,0.0108827085852487
20260327,HC2608,3311.0,10.0,923.0,0.0108728480821493
20260327,HC2609,3314.0,13772.0,32803.0,-0.0144840072420038
20260327,HC2610,3310.0,125888.0,644154.0,0.0072507552870098
20260327,HC2611,3312.0,155.0,1060.0,0.0108695652173906
20260327,HC2612,3315.0,3.0,515.0,-0.0001626925618994
20260327,HC2701,3311.0,2215.0,6512.0,0.0253699788583512
20260327,HC2702,3318.0,5.0,44.0,0.0397830018083187
20260327,HC2703,3329.0,8.0,47.0,0.0
20260330,HC2604,3305.0,31.0,727.0,0.01089258698941
20260330,HC2605,3308.0,283214.0,846816.0,0.0290205562273264
20260330,HC2606,3316.0,83.0,1211.0,0.0072376357056684
20260330,HC2607,3318.0,58743.0,303530.0,0.0144665461121151
20260330,HC2608,3322.0,616.0,1241.0,0.0180614087898858
20260330,HC2609,3327.0,33846.0,48646.0,-0.0144274120829579
20260330,HC2610,3323.0,202734.0,733310.0,0.0180559735179066
20260330,HC2611,3328.0,152.0,1027.0,-0.0036057692307687
20260330,HC2612,3327.0,56.0,525.0,-0.0001621057537411
20260330,HC2701,3323.0,2889.0,7520.0,0.0216671682214864
20260330,HC2702,3329.0,1.0,45.0,0.0684890357464693
20260330,HC2703,3348.0,1.0,47.0,0.0
20260331,HC2604,3282.0,107.0,690.0,0.0438756855575857
20260331,HC2605,3294.0,310343.0,773076.0,0.0145719489981797
20260331,HC2606,3298.0,56.0,1191.0,0.0072771376591873
20260331,HC2607,3300.0,69998.0,295943.0,0.0472727272727269
20260331,HC2608,3313.0,18.0,1234.0,-0.01086628433444
20260331,HC2609,3310.0,26612.0,51600.0,0.0
20260331,HC2610,3310.0,223929.0,782949.0,0.0036253776435035
20260331,HC2611,3311.0,224.0,965.0,0.0108728480821493
20260331,HC2612,3314.0,124.0,524.0,-8.13708272022687e-05
20260331,HC2701,3312.0,2268.0,7420.0,0.0471014492753631
20260331,HC2702,3325.0,2.0,45.0,0.0541353383458655
20260331,HC2703,3340.0,1.0,46.0,0.0
20260401,HC2604,3290.0,30.0,690.0,-0.0109422492401218
20260401,HC2605,3287.0,218668.0,724895.0,0.0401581989656216
20260401,HC2606,3298.0,82.0,1217.0,-0.0072771376591873
20260401,HC2607,3296.0,46547.0,296992.0,0.0400485436893198
20260401,HC2608,3307.0,72.0,1231.0,-0.0145146658602959
20260401,HC2609,3303.0,27413.0,57057.0,0.0181653042688472
20260401,HC2610,3308.0,167674.0,839722.0,0.0217654171704948
20260401,HC2611,3314.0,149.0,983.0,0.0217260108630057
20260401,HC2612,3320.0,10.0,520.0,0.0001218356572356
20260401,HC2701,3323.0,2663.0,7308.0,0.0433343364429728
20260401,HC2702,3335.0,8.0,48.0,0.0071964017990993
20260401,HC2703,3337.0,6.0,41.0,0.0
20260402,HC2604,3275.0,0.0,690.0,0.0073282442748094
20260402,HC2605,3277.0,295037.0,651834.0,0.0
20260402,HC2606,3277.0,44.0,1189.0,0.0366188587122371
20260402,HC2607,3287.0,56537.0,299625.0,0.0255552175235767
20260402,HC2608,3294.0,219.0,1222.0,-0.0072859744990898
20260402,HC2609,3292.0,16481.0,63592.0,0.0109356014580797
20260402,HC2610,3295.0,297413.0,847657.0,0.0291350531107728
20260402,HC2611,3303.0,195.0,1032.0,-0.010899182561308
20260402,HC2612,3300.0,71.0,520.0,0.0002451481103166
20260402,HC2701,3306.0,3861.0,7523.0,0.0399274047186946
20260402,HC2702,3317.0,8.0,53.0,0.0506481760627082
20260402,HC2703,3331.0,6.0,37.0,0.0
20260403,HC2604,3250.0,30.0,720.0,0.0553846153846162
20260403,HC2605,3265.0,175160.0,580331.0,0.0367534456355285
20260403,HC2606,3275.0,51.0,1196.0,0.0073282442748094
20260403,HC2607,3277.0,40713.0,304622.0,0.0183094293561172
20260403,HC2608,3282.0,47.0,1188.0,-0.0146252285191961
20260403,HC2609,3278.0,11375.0,68444.0,0.0256253813300801
20260403,HC2610,3285.0,249509.0,905334.0,0.0292237442922385
20260403,HC2611,3293.0,478.0,942.0,0.0036440935317347
20260403,HC2612,3294.0,142.0,530.0,0.000368391969055
20260403,HC2701,3303.0,3018.0,7477.0,0.0217983651226161
20260403,HC2702,3309.0,4.0,54.0,0.0471441523118754
20260403,HC2703,3322.0,2.0,36.0,0.0
20260407,HC2604,3250.0,90.0,810.0,0.0332307692307702
20260407,HC2605,3259.0,93226.0,540690.0,0.0294568886161386
20260407,HC2606,3267.0,52.0,1185.0,0.0
20260407,HC2607,3267.0,30991.0,303916.0,0.0036730945821865
20260407,HC2608,3268.0,29.0,1169.0,0.0183598531211739
20260407,HC2609,3273.0,7029.0,71445.0,0.0073327222731442
20260407,HC2610,3275.0,213130.0,925791.0,0.0183206106870237
20260407,HC2611,3280.0,248.0,1042.0,0.0146341463414634
20260407,HC2612,3284.0,2.0,529.0,0.0002052854151555
20260407,HC2701,3289.0,2290.0,7587.0,0.040133779264214
20260407,HC2702,3300.0,3.0,55.0,0.0799999999999991
20260407,HC2703,3322.0,0.0,36.0,0.0
20260408,HC2604,3255.0,30.0,810.0,0.0442396313364064
20260408,HC2605,3267.0,116500.0,491574.0,0.0257116620752979
20260408,HC2606,3274.0,108.0,1154.0,0.0146609651802078
20260408,HC2607,3278.0,37352.0,306375.0,-0.021964612568639
20260408,HC2608,3272.0,1.0,1169.0,0.02200488997555
20260408,HC2609,3278.0,11875.0,75889.0,0.0146430750457593
20260408,HC2610,3282.0,293197.0,967193.0,0.0182815356489944
20260408,HC2611,3287.0,459.0,959.0,-0.0292059628840886
20260408,HC2612,3279.0,9.0,534.0,0.0006579150261623
20260408,HC2701,3295.0,1769.0,7814.0,-0.054628224582701
20260408,HC2702,3280.0,7.0,52.0,0.0841463414634153
20260408,HC2703,3303.0,2.0,34.0,0.0
20260409,HC2604,3255.0,0.0,810.0,0.0036866359447005
20260409,HC2605,3256.0,73789.0,463261.0,0.0036855036855047
20260409,HC2606,3257.0,82.0,1149.0,0.0184218606079218
20260409,HC2607,3262.0,32234.0,311017.0,0.022072348252605
20260409,HC2608,3268.0,17.0,1166.0,-0.0036719706242345
20260409,HC2609,3267.0,12595.0,83028.0,0.011019283746557
20260409,HC2610,3270.0,240171.0,997606.0,0.0293577981651367
20260409,HC2611,3278.0,134.0,946.0,0.0402684563758395
20260409,HC2612,3289.0,5.0,535.0,-0.0003279573382162
20260409,HC2701,3281.0,1683.0,7887.0,0.0694910088387681
20260409,HC2702,3300.0,6.0,51.0,0.0363636363636352
20260409,HC2703,3310.0,3.0,32.0,0.0
20260410,HC2604,3255.0,0.0,810.0,0.0184331797235026
20260410,HC2605,3260.0,69566.0,441013.0,0.0036809815950933
20260410,HC2606,3261.0,108.0,1107.0,0.022079116835326
20260410,HC2607,3267.0,34415.0,315621.0,0.0257116620752979
20260410,HC2608,3274.0,44.0,1157.0,-0.0073304825901039
20260410,HC2609,3272.0,13281.0,88507.0,0.0036674816625907
20260410,HC2610,3273.0,249410.0,1022923.0,0.0366636113657188
20260410,HC2611,3283.0,440.0,981.0,0.0036551934206521
20260410,HC2612,3284.0,2.0,535.0,0.0001642283321244
20260410,HC2701,3288.0,2444.0,8508.0,0.0291970802919721
20260410,HC2702,3296.0,4.0,49.0,0.0291262135922343
20260410,HC2703,3304.0,17.0,22.0,0.0
20260413,HC2604,3250.0,60.0,810.0,0.048
20260413,HC2605,3263.0,73012.0,412313.0,0.0147103892123814
20260413,HC2606,3267.0,12.0,1102.0,0.0146923783287409
20260413,HC2607,3271.0,31752.0,313101.0,-0.0073372057474774
20260413,HC2608,3269.0,5.0,1154.0,0.0220250841235865
20260413,HC2609,3275.0,9071.0,90392.0,0.0109923664122142
20260413,HC2610,3278.0,251877.0,1049748.0,0.0256253813300801
20260413,HC2611,3285.0,223.0,1033.0,0.0109589041095894
20260413,HC2612,3288.0,8.0,535.0,0.0002050356762076
20260413,HC2701,3293.0,1907.0,8711.0,0.0218645611904033
20260413,HC2702,3299.0,1.0,49.0,0.0509245225825996
20260413,HC2703,3313.0,6.0,23.0,0.0
20260414,HC2604,3252.0,30.0,810.0,0.0590405904059032
20260414,HC2605,3268.0,64062.0,382050.0,0.0146878824969407
20260414,HC2606,3272.0,134.0,1043.0,0.0183374083129592
20260414,HC2607,3277.0,31761.0,309456.0,0.0109856576136708
20260414,HC2608,3280.0,16.0,1152.0,-0.0073170731707317
20260414,HC2609,3278.0,6076.0,92686.0,0.0036607687614411
20260414,HC2610,3279.0,229496.0,1066840.0,0.0365965233302825
20260414,HC2611,3289.0,91.0,1024.0,0.0
20260414,HC2612,3289.0,0.0,535.0,4.099466727704529e-05
20260414,HC2701,3290.0,1448.0,9014.0,0.0364741641337396
20260414,HC2702,3300.0,3.0,48.0,0.0327272727272722
20260414,HC2703,3309.0,28.0,35.0,0.0
20260415,HC2604,3275.0,60.0,870.0,0.0073282442748094
20260415,HC2605,3277.0,64898.0,354343.0,0.0109856576136708
20260415,HC2606,3280.0,26.0,1024.0,0.0256097560975616
20260415,HC2607,3287.0,32272.0,303967.0,0.0146029814420449
20260415,HC2608,3291.0,19.0,1140.0,-0.010938924339106
20260415,HC2609,3288.0,6981.0,94779.0,0.007299270072993
20260415,HC2610,3290.0,264186.0,1106725.0,0.0182370820668698
20260415,HC2611,3295.0,91.0,1061.0,-0.0145675265553864
20260415,HC2612,3291.0,0.0,535.0,0.0004096975407905
20260415,HC2701,3301.0,1307.0,9305.0,-0.003635262041806
20260415,HC2702,3300.0,0.0,48.0,0.0581818181818185
20260415,HC2703,3316.0,4.0,35.0,0.0
20260416,HC2605,3306.0,105140.0,303572.0,0.0217785843920133
20260416,HC2606,3312.0,83.0,1027.0,0.0217391304347813
20260416,HC2607,3318.0,36345.0,298968.0,-0.0180831826401446
20260416,HC2608,3313.0,8.0,1137.0,0.0362209477814667
20260416,HC2609,3323.0,13572.0,97192.0,0.0108335841107445
20260416,HC2610,3326.0,484582.0,1166394.0,0.0252555622369206
20260416,HC2611,3333.0,263.0,1084.0,0.0108010801080098
20260416,HC2612,3336.0,6.0,536.0,0.000323336836149
20260416,HC2701,3344.0,5761.0,9960.0,0.0322966507177042
20260416,HC2702,3353.0,6.0,44.0,-0.0465254995526396
20260416,HC2703,3340.0,16.0,36.0,0.0754491017964085
20260416,HC2704,3361.0,19.0,9.0,0.0
20260417,HC2605,3307.0,68098.0,274678.0,-0.0072573329301479
20260417,HC2606,3305.0,29.0,1007.0,0.0290468986384269
20260417,HC2607,3313.0,39836.0,293677.0,0.02173256866888
20260417,HC2608,3319.0,21.0,1123.0,-0.0144621874058445
20260417,HC2609,3315.0,10053.0,98409.0,0.0325791855203618
20260417,HC2610,3324.0,338188.0,1200411.0,0.0144404332129974
20260417,HC2611,3328.0,203.0,1117.0,0.0180288461538449
20260417,HC2612,3333.0,56.0,573.0,0.000404534835506
20260417,HC2701,3343.0,2406.0,10540.0,0.0251271313191745
20260417,HC2702,3350.0,2.0,45.0,-0.0071641791044774
20260417,HC2703,3348.0,23.0,57.0,0.0143369175627245
20260417,HC2704,3352.0,2.0,9.0,0.0
20260420,HC2605,3339.0,120178.0,231715.0,0.0287511230907462
20260420,HC2606,3347.0,196.0,913.0,0.014341201075589
20260420,HC2607,3351.0,40877.0,293714.0,0.0143240823634744
20260420,HC2608,3355.0,290.0,1130.0,0.060804769001491
20260420,HC2609,3372.0,13908.0,101234.0,-0.0355871886121001
20260420,HC2610,3362.0,682169.0,1404631.0,0.0249851279000603
20260420,HC2611,3369.0,461.0,1250.0,0.0106856634016017
20260420,HC2612,3372.0,14.0,579.0,0.0002399136310928
20260420,HC2701,3378.0,3190.0,11131.0,0.0035523978685603
20260420,HC2702,3379.0,4.0,48.0,0.0035513465522356
20260420,HC2703,3380.0,13.0,53.0,0.0745562130177504
20260420,HC2704,3401.0,44.0,32.0,0.0
20260421,HC2605,3340.0,69029.0,205231.0,0.0179640718562872
20260421,HC2606,3345.0,130.0,914.0,0.0215246636771295
20260421,HC2607,3351.0,43139.0,288418.0,0.0286481647269463
20260421,HC2608,3359.0,60.0,1136.0,-0.0071449836260786
20260421,HC2609,3357.0,11583.0,104347.0,0.032171581769437
20260421,HC2610,3366.0,467701.0,1489608.0,0.0178253119429596
20260421,HC2611,3371.0,1292.0,1484.0,-0.0035597745476119
20260421,HC2612,3370.0,23.0,586.0,0.0006001400326743
20260421,HC2701,3385.0,3147.0,12160.0,0.0212703101920235
20260421,HC2702,3391.0,4.0,47.0,0.0247714538484213
20260421,HC2703,3398.0,14.0,58.0,0.0565038257798713
20260421,HC2704,3414.0,13.0,37.0,0.0
20260422,HC2605,3361.0,61787.0,176843.0,0.0249925617375792
20260422,HC2606,3368.0,122.0,843.0,0.0213776722090255
20260422,HC2607,3374.0,46142.0,279553.0,0.0106698280972139
20260422,HC2608,3377.0,171.0,1172.0,0.0284275984601727
20260422,HC2609,3385.0,11798.0,108874.0,0.010635155096013
20260422,HC2610,3388.0,536449.0,1634237.0,0.0141676505312879
20260422,HC2611,3392.0,1127.0,1493.0,0.0035377358490578
20260422,HC2612,3393.0,19.0,582.0,0.0003576431317616
20260422,HC2701,3402.0,2953.0,12914.0,-0.00352733686067
20260422,HC2702,3401.0,0.0,47.0,0.0529256101146717
20260422,HC2703,3416.0,9.0,59.0,0.0175644028103034
20260422,HC2704,3421.0,19.0,40.0,0.0
20260423,HC2605,3361.0,67852.0,150289.0,0.0249925617375792
20260423,HC2606,3368.0,96.0,834.0,0.00356294536817
20260423,HC2607,3369.0,51473.0,278788.0,0.0391807658058782
20260423,HC2608,3380.0,226.0,1220.0,-0.0106508875739641
20260423,HC2609,3377.0,12710.0,113087.0,0.0284275984601727
20260423,HC2610,3385.0,608922.0,1699940.0,0.0177252584933542
20260423,HC2611,3390.0,1111.0,1510.0,0.0212389380530968
20260423,HC2612,3396.0,27.0,592.0,0.0002382181283995
20260423,HC2701,3402.0,3507.0,13341.0,0.0423280423280436
20260423,HC2702,3414.0,22.0,62.0,-0.0070298769771528
20260423,HC2703,3412.0,38.0,66.0,0.0527549824150064
20260423,HC2704,3427.0,14.0,51.0,0.0
20260424,HC2605,3366.0,54592.0,123625.0,0.0178253119429596
20260424,HC2606,3371.0,58.0,850.0,0.0320379709285072
20260424,HC2607,3380.0,33791.0,279176.0,0.0142011834319522
20260424,HC2608,3384.0,34.0,1230.0,0.0141843971631212
20260424,HC2609,3388.0,7051.0,114685.0,0.0141676505312879
20260424,HC2610,3392.0,358558.0,1785520.0,0.0353773584905647
20260424,HC2611,3402.0,708.0,1861.0,-0.00352733686067
20260424,HC2612,3401.0,5.0,591.0,0.0004757358212554
20260424,HC2701,3413.0,2131.0,13862.0,-0.0105479050688539
20260424,HC2702,3410.0,6.0,60.0,0.0140762463343113
20260424,HC2703,3414.0,13.0,66.0,0.0632688927943769
20260424,HC2704,3432.0,2.0,50.0,0.0
20260427,HC2605,3375.0,53864.0,106958.0,0.0355555555555566
20260427,HC2606,3385.0,53.0,853.0,0.0035450516986719
20260427,HC2607,3386.0,58330.0,282517.0,0.0035440047253398
20260427,HC2608,3387.0,121.0,1207.0,0.0141718334809572
20260427,HC2609,3391.0,13055.0,118064.0,0.0106163373636087
20260427,HC2610,3394.0,612323.0,1840957.0,0.0282852091926919
20260427,HC2611,3402.0,6789.0,5855.0,0.00352733686067
20260427,HC2612,3403.0,3.0,590.0,0.0003962135194656
20260427,HC2701,3413.0,4549.0,15591.0,0.0597714620568421
20260427,HC2702,3430.0,2.0,59.0,0.0034985422740536
20260427,HC2703,3431.0,21.0,69.0,0.0314777032935014
20260427,HC2704,3440.0,5.0,53.0,0.0
20260428,HC2605,3357.0,50848.0,81304.0,0.0178731009830208
20260428,HC2606,3362.0,181.0,838.0,0.0142772159428901
20260428,HC2607,3366.0,85975.0,284890.0,0.024955436720143
20260428,HC2608,3373.0,20.0,1207.0,0.0
20260428,HC2609,3373.0,15280.0,122567.0,0.017788319003853
20260428,HC2610,3378.0,524533.0,1795580.0,0.0319715808170508
20260428,HC2611,3387.0,10756.0,11473.0,-0.0070859167404786
20260428,HC2612,3385.0,1.0,591.0,0.0003584883740228
20260428,HC2701,3394.0,3484.0,16391.0,0.0212139068945189
20260428,HC2702,3400.0,3.0,59.0,0.0458823529411773
20260428,HC2703,3413.0,9.0,69.0,0.0140638734251394
20260428,HC2704,3417.0,5.0,54.0,0.0
20260429,HC2605,3380.0,31774.0,62790.0,0.0603550295857981
20260429,HC2606,3397.0,24.0,836.0,-0.0211951722107746
20260429,HC2607,3391.0,78216.0,276897.0,0.0106163373636087
20260429,HC2608,3394.0,69.0,1193.0,0.0176782557454338
20260429,HC2609,3399.0,22366.0,118473.0,0.0282436010591347
20260429,HC2610,3407.0,417563.0,1844205.0,0.0246551218080419
20260429,HC2611,3414.0,9265.0,17007.0,-0.0351493848857642
20260429,HC2612,3404.0,0.0,591.0,0.0005941456845218
20260429,HC2701,3419.0,2843.0,16628.0,-0.0070195963732087
20260429,HC2702,3417.0,0.0,59.0,0.0456540825285332
20260429,HC2703,3430.0,13.0,73.0,0.0454810495626816
20260429,HC2704,3443.0,5.0,51.0,0.0
20260430,HC2605,3431.0,27732.0,48100.0,-0.0734479743515006
20260430,HC2606,3410.0,182.0,836.0,0.0140762463343113
20260430,HC2607,3414.0,87453.0,264561.0,0.0105448154657299
20260430,HC2608,3417.0,47.0,1182.0,0.0
20260430,HC2609,3417.0,23507.0,117965.0,0.0280948200175599
20260430,HC2610,3425.0,493961.0,1911884.0,0.0070072992700742
20260430,HC2611,3427.0,10893.0,22995.0,-0.0210096294134816
20260430,HC2612,3421.0,7.0,592.0,0.0007094318304983
20260430,HC2701,3439.0,3759.0,17168.0,0.0034893864495497
20260430,HC2702,3440.0,9.0,66.0,0.0139534883720919
20260430,HC2703,3444.0,4.0,76.0,0.059233449477352
20260430,HC2704,3461.0,4.0,49.0,0.0
20260506,HC2605,3470.0,2410.0,46800.0,0.0207492795389052
20260506,HC2606,3476.0,117.0,814.0,0.0034522439585735
20260506,HC2607,3477.0,49945.0,269392.0,-0.0034512510785154
20260506,HC2608,3476.0,683.0,1584.0,0.037974683544304
20260506,HC2609,3487.0,14389.0,121131.0,0.0206481215944949
20260506,HC2610,3493.0,591507.0,2072145.0,0.0171772115659889
20260506,HC2611,3498.0,13030.0,30042.0,-0.0205831903945115
20260506,HC2612,3492.0,10.0,592.0,0.0005791729410401
20260506,HC2701,3507.0,5468.0,17481.0,0.0068434559452521
20260506,HC2702,3509.0,7.0,66.0,0.0034197777144484
20260506,HC2703,3510.0,11.0,76.0,0.0683760683760672
20260506,HC2704,3530.0,13.0,47.0,0.0
20260507,HC2605,3473.0,2430.0,45570.0,-0.0621940685286497
20260507,HC2606,3455.0,27.0,805.0,0.0833574529667142
20260507,HC2607,3479.0,32872.0,269334.0,0.0034492670307546
20260507,HC2608,3480.0,65.0,1595.0,0.0275862068965508
20260507,HC2609,3488.0,15496.0,124342.0,0.0137614678899078
20260507,HC2610,3492.0,545132.0,2106790.0,0.0171821305841923
20260507,HC2611,3497.0,15704.0,38062.0,0.0583357163282824
20260507,HC2612,3514.0,43.0,614.0,-0.0004604375435656
20260507,HC2701,3502.0,5376.0,18048.0,0.0513992004568812
20260507,HC2702,3517.0,6.0,68.0,-0.0136479954506683
20260507,HC2703,3513.0,6.0,75.0,0.0273270708795889
20260507,HC2704,3521.0,15.0,50.0,0.0
20260508,HC2605,3455.0,3720.0,43290.0,0.003473227206947
20260508,HC2606,3456.0,220.0,720.0,0.0277777777777785
20260508,HC2607,3464.0,24967.0,268950.0,0.0484988452655885
20260508,HC2608,3478.0,171.0,1499.0,-0.0414031052328929
20260508,HC2609,3466.0,10035.0,125925.0,0.0242354298903642
20260508,HC2610,3473.0,461742.0,2099334.0,0.0103656780881076
20260508,HC2611,3476.0,18598.0,46392.0,0.010356731875718
20260508,HC2612,3479.0,12.0,615.0,0.0003100464746746
20260508,HC2701,3487.0,5647.0,18980.0,-0.0172067679954115
20260508,HC2702,3482.0,32.0,82.0,0.0585870189546229
20260508,HC2703,3499.0,3.0,75.0,0.0137182052014868
20260508,HC2704,3503.0,4.0,51.0,0.0
20260511,HC2605,3472.0,1290.0,43230.0,-0.020737327188939503
20260511,HC2606,3466.0,146.0,685.0,0.05539526832083208
20260511,HC2607,3482.0,38039.0,267173.0,0.02067777139574911
20260511,HC2608,3488.0,92.0,1479.0,0.0
20260511,HC2609,3488.0,13002.0,128007.0,0.03096330275229331
20260511,HC2610,3497.0,564202.0,2107115.0,0.003431512725192931
20260511,HC2611,3498.0,21304.0,55866.0,0.01029159519725642
20260511,HC2612,3501.0,6.0,617.0,0.00019256135486169304
20260511,HC2701,3506.0,7139.0,20610.0,0.0
20260511,HC2702,3506.0,19.0,72.0,0.023958927552767406
20260511,HC2703,3513.0,12.0,74.0,0.04440649017933307
20260511,HC2704,3526.0,12.0,55.0,0.0
