时间,开盘,最高,最低,收盘,成交量,持仓量,MA5,MA10,MA20,MA60,MACD,MACD_SIGNAL,MACD_HIST,RSI14,ATR14,CCI20,VOL_MA20,OBV,OI_MA20,OI_CHANGE,OI_CHANGE_PCT
2013-10-09,4598.0,4658.0,4470.0,4476.0,159341,32623,4476.0,4476.0,4476.0,4476.0,0.0,0.0,0.0,0.0,188.0,0.0,159341.0,0,32623.0,0.0,0.0
2013-10-10,4460.0,4522.0,4452.0,4502.0,102440,27004,4489.0,4489.0,4489.0,4489.0,2.0740740740739056,0.41481481481478116,1.6592592592591244,99.99999999923077,129.0,-35.355339059327754,130890.5,102440,29813.5,-5619.0,-17.224044385862737
2013-10-11,4510.0,4524.0,4456.0,4466.0,90050,30468,4481.333333333333,4481.333333333333,4481.333333333333,4481.333333333333,0.803629840666872,0.4925778199851994,0.31105202068167265,41.935483870967744,108.66666666666667,-37.34041555532871,117277.0,12390,30031.666666666668,3464.0,12.827729225299954
2013-10-14,4476.0,4524.0,4434.0,4444.0,74499,33693,4472.0,4472.0,4472.0,4472.0,-1.955876380272457,0.002886979933668099,-1.9587633602061252,30.95238095238095,104.0,-46.069417485459404,106582.5,-62109,30947.0,3225.0,10.584875935407645
2013-10-15,4448.0,4494.0,4436.0,4442.0,100772,31850,4466.0,4466.0,4466.0,4466.0,-4.2551376487544985,-0.8487179458039653,-3.406419702950533,30.232558139534888,94.8,-48.96754193838607,105420.4,-162881,31127.6,-1843.0,-5.469978927373642
2013-10-16,4428.0,4484.0,4428.0,4432.0,103187,33539,4457.2,4460.333333333333,4460.333333333333,4460.333333333333,-6.805782373077818,-2.040130831258736,-4.765651541819082,27.08333333333333,88.33333333333333,-51.81321430953414,105048.16666666667,-266068,31529.5,1689.0,5.302982731554162
2013-10-17,4448.0,4460.0,4408.0,4410.0,71432,36501,4438.8,4453.142857142857,4453.142857142857,4453.142857142857,-10.481577728340199,-3.728420210675029,-6.753157517665169,22.033898305084747,83.14285714285714,-66.37463623778122,100245.85714285714,-337500,32239.714285714286,2962.0,8.83150958585528
2013-10-18,4412.0,4430.0,4402.0,4404.0,44370,37582,4426.4,4447.0,4447.0,4447.0,-13.72065867359288,-5.726867903258599,-7.9937907703342805,20.967741935483872,76.25,-68.13815745444623,93261.375,-381870,32907.5,1081.0,2.961562696912412
2013-10-21,4410.0,4466.0,4404.0,4452.0,77481,29419,4428.0,4447.555555555556,4447.555555555556,4447.555555555556,-12.272979543250585,-7.036090231256996,-5.236889311993589,43.02325581395349,74.66666666666667,-28.963871103092316,91508.0,-304389,32519.88888888889,-8163.0,-21.72050449683359
2013-10-22,4444.0,4454.0,4428.0,4440.0,28945,28070,4427.6,4446.8,4446.8,4446.8,-11.956159944910723,-8.020104173987743,-3.93605577092298,40.21739130434783,69.8,-27.141187557473717,85251.7,-333334,32074.9,-1349.0,-4.585471973894418
2013-10-23,4432.0,4444.0,4408.0,4436.0,42640,27038,4428.4,4442.8,4445.818181818182,4445.818181818182,-11.890775245984514,-8.794238388387097,-3.0965368575974175,39.361702127659576,66.72727272727273,-39.744770284095004,81377.90909090909,-375974,31617.0,-1032.0,-3.676522978268615
2013-10-24,4434.0,4482.0,4426.0,4458.0,80555,26767,4438.0,4438.4,4446.833333333333,4446.833333333333,-9.949054752570191,-9.025201661223715,-0.9238530913464764,45.714285714285715,65.83333333333333,-2.6520165667418816,81309.33333333333,-295419,31212.833333333332,-271.0,-1.002293069013982
2013-10-25,4460.0,4464.0,4406.0,4406.0,57785,20111,4438.4,4432.4,4443.692307692308,4443.692307692308,-12.462532374509465,-9.712667803880866,-2.749864570628599,36.641221374045806,65.23076923076923,-44.07204322068377,79499.76923076923,-353204,30358.846153846152,-6656.0,-24.866440019426904
2013-10-28,4410.0,4464.0,4250.0,4268.0,177641,46966,4401.6,4414.8,4431.142857142857,4431.142857142857,-25.298305071190953,-12.829795257342884,-12.468509813848069,24.0,75.85714285714286,-126.60696306478035,86509.85714285714,-530845,31545.071428571428,26855.0,133.5338869275521
2013-10-29,4266.0,4288.0,4248.0,4270.0,115867,46389,4367.6,4397.6,4420.4,4420.4,-34.90697820880541,-17.245231847635388,-17.661746361170024,24.378109452736325,65.28571428571429,-128.75709468058275,88467.0,-414978,32534.666666666668,-577.0,-1.2285483115445195
2013-10-30,4270.0,4328.0,4228.0,4316.0,195737,30197,4343.6,4386.0,4413.875,4413.875,-38.36782493247756,-21.469750464603823,-16.898074467873737,27.96208530805687,67.42857142857143,-93.7792189801036,95171.375,-219241,32388.5625,-16192.0,-34.90482657526569
2013-10-31,4308.0,4324.0,4288.0,4292.0,64419,26599,4310.4,4374.2,4406.705882352941,4406.705882352941,-42.55660427515522,-25.687121226714105,-16.86948304844112,28.78048780487805,65.14285714285714,-77.01664327046014,93362.41176470589,-283660,32048.0,-3598.0,-11.915090903069835
2013-11-01,4288.0,4340.0,4256.0,4310.0,95736,21456,4291.2,4364.8,4401.333333333333,4401.333333333333,-43.917538469274405,-29.333204675226163,-14.584333794048241,33.4975369458128,64.71428571428571,-69.86676580798117,93494.27777777778,-187924,31459.555555555555,-5143.0,-19.335313357645024
2013-11-04,4280.0,4340.0,4276.0,4314.0,46859,21101,4300.4,4351.0,4396.736842105263,4396.736842105263,-44.16422436530138,-32.299408613241205,-11.864815752060174,34.31372549019608,65.14285714285714,-60.35934255167349,91039.78947368421,-141065,30914.36842105263,-355.0,-1.6545488441461642
2013-11-05,4310.0,4332.0,4264.0,4308.0,62960,19873,4308.0,4337.8,4392.3,4392.3,-44.33283326543369,-34.7060935436797,-9.626739721753992,34.65346534653466,66.0,-61.49060802457915,89635.8,-204025,30362.3,-1228.0,-5.819629401450166
2013-11-06,4300.0,4316.0,4300.0,4308.0,35577,20846,4306.4,4325.0,4383.9,4388.285714285715,-43.95971678245496,-36.55681819143476,-7.402898591020204,36.64921465968587,63.42857142857143,-52.96598958527701,83447.6,-204025,29773.45,973.0,4.896090172595979
2013-11-07,4312.0,4324.0,4268.0,4274.0,56650,30680,4302.8,4306.6,4372.5,4383.090909090909,-45.878674332458104,-38.42118941963943,-7.457484912818671,34.14634146341464,65.42857142857143,-59.61081324892334,81158.1,-260675,29957.25,9834.0,47.17451789312099
2013-11-08,4272.0,4284.0,4252.0,4260.0,51629,33967,4292.8,4292.0,4362.2,4377.739130434783,-47.9761063236856,-40.33217280044867,-7.643933523236932,24.468085106382986,63.285714285714285,-67.84817953103415,79237.05,-312304,30132.2,3287.0,10.713820078226854
2013-11-11,4262.0,4286.0,4254.0,4278.0,30734,31625,4285.6,4293.0,4353.9,4373.583333333333,-47.636759806001464,-41.79309020155923,-5.843669604442233,28.795811518324598,63.714285714285715,-57.275839762592554,77048.8,-281570,30028.8,-2342.0,-6.894927429563991
2013-11-12,4272.0,4308.0,4268.0,4304.0,44057,25194,4284.8,4296.4,4347.0,4370.8,-44.75394689549739,-42.38526154034686,-2.3686853551505322,33.66336633663367,64.0,-39.30367138689429,74213.05,-237513,29696.0,-6431.0,-20.335177865612653
2013-11-13,4280.0,4290.0,4262.0,4286.0,32632,26237,4280.4,4293.4,4339.7,4367.538461538462,-43.421213738885854,-42.59245198005466,-0.8287617588311917,28.5,63.0,-44.48016637675638,70685.3,-270145,29330.9,1043.0,4.139874573311109
2013-11-14,4298.0,4302.0,4264.0,4266.0,25767,28220,4278.8,4290.8,4332.5,4363.777777777777,-43.477662533689,-42.76949409078153,-0.7081684429074713,30.97826086956522,61.57142857142857,-41.51253434226645,68402.05,-295912,28916.85,1983.0,7.5580287380417
2013-11-15,4266.0,4284.0,4246.0,4270.0,52885,28014,4280.8,4286.8,4325.8,4360.428571428572,-42.70732854062953,-42.75706098075113,0.049732440121594834,50.427350427350426,49.0,-44.59955540835429,68827.8,-243027,28438.45,-206.0,-0.72997873848335
2013-11-18,4278.0,4314.0,4270.0,4292.0,24799,25522,4283.6,4284.6,4317.8,4358.068965517241,-39.86211155415185,-42.17807109543128,2.315959541279426,54.330708661417326,49.285714285714285,-22.13247750565479,66193.7,-218228,28243.6,-2492.0,-8.895552223888059
2013-11-19,4280.0,4306.0,4264.0,4296.0,36101,26574,4282.0,4283.4,4310.6,4356.0,-36.859595549884034,-41.11437598632183,4.254780436437798,45.283018867924525,45.142857142857146,-20.91673600211206,66551.5,-182127,28168.8,1052.0,4.121934017710216
2013-11-20,4296.0,4326.0,4296.0,4310.0,37827,26163,4286.8,4283.6,4304.3,4354.5161290322585,-32.97033548329364,-39.48556788571619,6.515232402422555,54.45544554455446,44.714285714285715,4.528360343659436,66310.85,-144300,28125.05,-411.0,-1.5466245202077178
2013-11-21,4306.0,4312.0,4288.0,4298.0,16670,25223,4293.2,4286.0,4296.3,4352.75,-30.504729043847874,-37.68940011734253,7.1846710734946555,46.93877551020408,40.42857142857143,1.3186348730239614,63116.6,-160970,28047.85,-940.0,-3.592860146007726
2013-11-22,4312.0,4350.0,4308.0,4338.0,37671,25128,4306.8,4293.8,4292.9,4352.30303030303,-25.034470676260753,-35.15841422912618,10.123943552865427,55.17241379310345,39.57142857142857,101.68779588521325,62110.9,-123299,28298.7,-95.0,-0.37664036791816846
2013-11-25,4336.0,4368.0,4316.0,4356.0,42012,25932,4319.6,4301.6,4297.3,4352.411764705882,-19.027465166883303,-31.932224416677606,12.904759249794303,59.83606557377049,38.42857142857143,123.73269557013707,55329.45,-81287,27247.0,804.0,3.1996179560649374
2013-11-26,4360.0,4444.0,4350.0,4370.0,110828,23652,4334.4,4308.2,4302.3,4352.914285714286,-12.98747549239215,-28.143274631820514,15.155799139428364,62.015503875968996,44.0,151.96936276038244,55077.5,29541,26110.15,-2280.0,-8.792225821378995
2013-11-27,4366.0,4384.0,4332.0,4336.0,38379,21653,4339.6,4313.2,4303.3,4352.444444444444,-10.819535143518806,-24.678526734160172,13.858991590641367,62.015503875968996,43.714285714285715,76.52761109276264,47209.6,-8838,25682.95,-1999.0,-8.451716556739386
2013-11-28,4330.0,4358.0,4318.0,4346.0,23737,19465,4349.2,4321.2,4306.0,4352.27027027027,-8.19998603664044,-21.382818594656225,13.182832558015786,66.92913385826772,44.285714285714285,55.08723035636367,45175.5,14899,25326.25,-2188.0,-10.104835357687158
2013-11-29,4352.0,4366.0,4332.0,4352.0,20987,18391,4352.0,4329.4,4308.1,4352.263157894737,-5.575553134822258,-18.221365502689434,12.645812367867176,65.28925619834712,44.42857142857143,63.048971567270016,41438.05,35886,25173.0,-1074.0,-5.517595684562037
2013-12-02,4362.0,4372.0,4340.0,4354.0,23006,19236,4351.6,4335.6,4310.1,4352.307692307692,-3.2962902842828044,-15.23635045900811,11.940060174725305,61.46788990825688,43.857142857142854,64.47420307910687,40245.4,58892,25079.75,845.0,4.594638681964014
2013-12-03,4360.0,4410.0,4352.0,4382.0,40935,20677,4354.0,4344.2,4313.8,4353.05,0.760639758553225,-12.036952415495843,12.797592174049068,71.05263157894737,45.0,87.61176610801398,39144.15,99827,25119.95,1441.0,7.491162403826168
2013-12-04,4408.0,4412.0,4378.0,4388.0,46550,23141,4364.4,4352.0,4317.8,4353.90243902439,4.409110421645892,-8.747739848067498,13.15685026971339,78.50467289719626,44.714285714285715,88.21337914870014,39692.8,146377,25234.7,2464.0,11.916622333994287
2013-12-05,4398.0,4406.0,4372.0,4376.0,28731,19761,4370.4,4359.8,4322.9,4354.428571428572,6.260087603024658,-5.746174357849067,12.006261960873726,73.87387387387386,44.42857142857143,69.89980602811808,38296.85,117646,24688.75,-3380.0,-14.606110366881298
2013-12-06,4382.0,4430.0,4360.0,4424.0,67941,29945,4384.8,4368.4,4331.1,4356.046511627907,11.46800319979684,-2.303338846319885,13.771342046116725,76.61290322580645,46.285714285714285,82.24360031791932,39112.45,185587,24487.65,10184.0,51.535853448712096
2013-12-09,4426.0,4442.0,4376.0,4396.0,59607,23441,4393.2,4372.4,4337.0,4356.954545454545,13.183971223480512,0.7941231676401945,12.389848055840318,68.38235294117646,48.0,73.69009943852531,40556.1,125980,24078.45,-6504.0,-21.719819669393893
2013-12-10,4398.0,4408.0,4380.0,4388.0,25283,23178,4394.4,4374.2,4341.2,4357.644444444444,13.739969290772024,3.3832923922665605,10.356676898505462,64.66165413533835,47.857142857142854,54.10943131102958,39617.4,100697,23977.65,-263.0,-1.121965786442558
2013-12-11,4390.0,4404.0,4380.0,4390.0,16645,22338,4394.8,4379.6,4346.4,4358.347826086957,14.178543625080238,5.542342638829297,8.636200986250941,67.96875,47.857142857142854,48.608281078981335,38818.05,117342,23782.7,-840.0,-3.6241263266891033
2013-12-12,4398.0,4420.0,4372.0,4388.0,39705,24811,4397.2,4383.8,4352.5,4358.978723404255,14.201032990989916,7.274080709261421,6.926952281728495,61.46788990825688,47.57142857142857,46.54528411290181,39514.95,77637,23612.25,2473.0,11.07082102247292
2013-12-13,4388.0,4388.0,4302.0,4370.0,43485,23066,4386.4,4385.6,4357.5,4359.208333333333,12.620920294868483,8.343448626382834,4.277471668485649,53.21100917431193,50.0,-5.625721342386692,39044.95,34152,23364.85,-1745.0,-7.033170771028974
2013-12-16,4378.0,4388.0,4334.0,4360.0,17402,21476,4379.2,4386.2,4360.9,4359.224489795918,10.441391313064742,8.763037163719217,1.678354149345525,47.66355140186916,47.142857142857146,-0.529325717064221,38675.1,16750,23162.55,-1590.0,-6.893262811063905
2013-12-17,4360.0,4364.0,4328.0,4330.0,17554,21131,4367.6,4381.0,4362.6,4358.64,6.221630528882997,8.254755836751974,-2.0331253078689766,48.57142857142857,46.0,-37.480651637571256,37747.75,-804,22890.4,-345.0,-1.6064444030545744
2013-12-18,4330.0,4340.0,4314.0,4334.0,11389,20819,4356.4,4375.6,4363.8,4358.156862745098,3.1637366890945486,7.23655200722049,-4.072815318125941,47.05882352941176,45.0,-60.35242137305803,36425.85,10585,22623.2,-312.0,-1.4765037149212068
2013-12-19,4334.0,4350.0,4326.0,4326.0,7006,20270,4344.0,4370.6,4365.2,4357.538461538462,0.09372029964106332,5.807985665704605,-5.714265366063541,43.689320388349515,44.285714285714285,-62.20375178508254,35942.65,3579,22375.55,-549.0,-2.6370142658148854
2013-12-20,4326.0,4350.0,4314.0,4316.0,15474,21501,4333.2,4359.8,4364.1,4356.754716981132,-3.1103520316937647,4.024318126224931,-7.134670157918696,41.1214953271028,44.57142857142857,-74.67608415049816,34832.8,-11895,22194.2,1231.0,6.073014306857427
2013-12-23,4314.0,4350.0,4306.0,4330.0,11169,20807,4327.2,4353.2,4362.8,4356.259259259259,-4.468410387790755,2.325772423421794,-6.794182811212549,37.00000000000001,43.57142857142857,-66.68310267782402,33290.65,-726,21937.95,-694.0,-3.2277568485186703
2013-12-24,4328.0,4334.0,4316.0,4326.0,7798,20941,4326.4,4347.0,4360.6,4355.709090909091,-5.800582485726409,0.7005014415921533,-6.501083927318562,34.34343434343434,42.42857142857143,-65.09661515915528,28139.15,-8524,21802.4,134.0,0.644014033738638
2013-12-25,4326.0,4356.0,4324.0,4338.0,8264,21625,4327.2,4341.8,4360.7,4355.392857142857,-5.820938602505521,-0.6037865672273816,-5.217152035278139,40.4040404040404,42.285714285714285,-38.75136614852936,26633.4,-260,21801.0,684.0,3.26631965999713
2013-12-26,4342.0,4344.0,4268.0,4282.0,33358,25667,4318.4,4331.2,4357.5,4354.105263157895,-10.237788111634472,-2.5305868761088,-7.707201235525672,15.533980582524265,42.714285714285715,-97.0499436684293,27114.45,-33618,22111.1,4042.0,18.691329479768793
2013-12-27,4276.0,4328.0,4262.0,4316.0,28732,21916,4318.4,4325.8,4355.7,4353.448275862069,-10.869362079052735,-4.198341916697587,-6.6710201623551475,31.132075471698116,42.714285714285715,-80.61015914778932,27501.7,-4886,22287.35,-3751.0,-14.614095920832193
2013-12-30,4320.0,4340.0,4312.0,4334.0,11006,19314,4319.2,4323.2,4354.7,4353.118644067797,-9.804420177981228,-5.319557568954316,-4.484862609026912,37.83783783783784,42.714285714285715,-38.83416813884949,26901.7,6120,22291.25,-2602.0,-11.872604489870419
2013-12-31,4320.0,4324.0,4292.0,4304.0,11764,20212,4314.8,4320.6,4350.8,4352.3,-11.25149509676612,-6.505945074516678,-4.745550022249443,32.8,44.0,-63.22655699274009,25443.15,-5644,22268.0,898.0,4.649477063270169
2014-01-01,4320.0,4324.0,4304.0,4304.0,11764,20212,4308.0,4317.6,4346.6,4349.433333333333,-12.257021086164968,-7.656160276846336,-4.6008608093186325,33.064516129032256,42.0,-52.22154449730699,23703.85,-5644,22121.55,0.0,0.0
2014-01-02,4302.0,4314.0,4282.0,4290.0,11321,20652,4309.6,4314.0,4342.3,4345.9,-14.021954313343485,-8.929319084145767,-5.092635229197718,33.606557377049185,38.142857142857146,-66.18589068937312,22833.35,-16965,22166.1,440.0,2.1769245992479647
2014-01-03,4282.0,4292.0,4254.0,4278.0,11116,20416,4302.0,4310.2,4335.0,4342.766666666666,-16.202207362405716,-10.383896739797757,-5.818310622607958,33.33333333333333,37.0,-85.59091660084286,19992.1,-28081,21689.65,-236.0,-1.1427464652333907
2014-01-06,4270.0,4306.0,4262.0,4284.0,7561,20221,4292.0,4305.6,4329.4,4340.1,-17.24710980982036,-11.756539353802278,-5.49057045601808,39.63963963963965,37.57142857142857,-67.97665697224531,17389.8,-20520,21528.65,-195.0,-0.9551332288401215
2014-01-07,4272.0,4288.0,4248.0,4248.0,11792,21748,4280.8,4297.8,4322.4,4336.866666666667,-20.74101218531814,-13.553433920105451,-7.187578265212689,33.07086614173228,38.57142857142857,-91.02080936885685,16715.25,-32312,21457.15,1527.0,7.55155531378271
2014-01-08,4246.0,4276.0,4206.0,4272.0,18205,20446,4274.4,4291.2,4316.5,4334.2,-21.327505360591203,-15.108248208202603,-6.2192571523886,40.0,41.857142857142854,-95.73968928725725,16793.25,-14107,21362.55,-1302.0,-5.986757402979581
2014-01-09,4266.0,4312.0,4264.0,4282.0,11131,19051,4272.8,4291.2,4311.2,4332.066666666667,-20.746239268732097,-16.2358464203085,-4.510392848423596,43.7037037037037,42.714285714285715,-43.076413059797694,15364.55,-2976,21074.55,-1395.0,-6.82285043529297
2014-01-10,4280.0,4306.0,4256.0,4282.0,4684,18675,4273.6,4287.8,4306.8,4330.033333333334,-20.054406982873843,-16.99955853282157,-3.0548484500522726,40.625,43.142857142857146,-46.302231482325055,13424.5,-2976,20855.0,-376.0,-1.9736496771822987
2014-01-13,4280.0,4318.0,4276.0,4308.0,5894,17997,4278.4,4285.2,4304.2,4327.633333333333,-17.209758816085923,-17.04159858947444,-0.16816022661148367,46.76258992805756,44.857142857142854,-8.67589204048644,12849.1,2918,20681.05,-678.0,-3.630522088353416
2014-01-14,4310.0,4346.0,4302.0,4342.0,8936,17263,4297.2,4289.0,4304.8,4326.0,-12.072672545057685,-16.04781338059109,3.9751408355334057,50.66666666666667,45.714285714285715,49.294291681229325,12418.2,11854,20487.65,-734.0,-4.0784575206978975
2014-01-15,4320.0,4378.0,4318.0,4370.0,10846,18805,4316.8,4295.6,4306.6,4324.9,-5.676691306559405,-13.973588965784755,8.29689765922535,66.1764705882353,44.57142857142857,89.48917704326126,12391.05,22700,20386.95,1542.0,8.932398771939987
2014-01-16,4380.0,4498.0,4354.0,4364.0,7085,17349,4333.2,4303.0,4308.5,4323.333333333333,-1.0795357344422882,-11.394778319516263,10.315242585073975,59.83606557377049,50.142857142857146,136.84114513305758,12395.0,15615,20240.9,-1456.0,-7.742621643180003
2014-01-17,4374.0,4384.0,4346.0,4354.0,6408,17039,4347.6,4310.6,4310.4,4322.466666666666,1.7368059329946846,-8.768461469014074,10.505267402008759,54.23728813559322,50.857142857142854,68.16447411215543,11941.7,9207,20017.8,-310.0,-1.7868465041212755
2014-01-20,4358.0,4384.0,4330.0,4354.0,6506,15181,4356.8,4317.6,4311.6,4323.9,3.9235487672203817,-6.230059421767184,10.153608188987565,62.13592233009709,51.714285714285715,57.211105090840185,11708.55,9207,19736.5,-1858.0,-10.904395797875466
2014-01-21,4360.0,4366.0,4336.0,4348.0,3836,15125,4358.0,4327.6,4312.7,4325.2,5.113463537428288,-3.96135482992809,9.074818367356379,60.37735849056604,52.42857142857143,46.64290222418167,11510.45,5371,19445.7,-56.0,-0.36888215532573376
2014-01-22,4370.0,4374.0,4344.0,4350.0,2784,14635,4354.0,4335.4,4313.3,4325.766666666666,6.147004015084349,-1.939683060925602,8.086687076009952,65.0,52.285714285714285,52.306475527616,11236.45,8155,19096.2,-490.0,-3.239669421487601
2014-01-23,4360.0,4360.0,4350.0,4356.0,1181,14006,4352.4,4342.8,4317.0,4326.833333333333,7.365339101395875,-0.07867862846130658,7.4440177298571815,70.10309278350516,50.285714285714285,46.88280211573586,9627.6,9336,18513.15,-629.0,-4.297915954902631
2014-01-24,4356.0,4374.0,4352.0,4360.0,3750,12131,4353.6,4350.6,4319.2,4327.666666666667,8.555027968433023,1.6480626909175595,6.906965277515464,69.79166666666666,48.714285714285715,50.19147796360472,8378.5,13086,18023.9,-1875.0,-13.387119805797521
2014-01-27,4350.0,4386.0,4350.0,4372.0,3840,10993,4357.2,4357.0,4321.1,4328.633333333333,10.346892146670143,3.3878285820680762,6.959063564602067,86.9047619047619,48.42857142857143,54.76142222096025,8020.2,16926,17607.85,-1138.0,-9.38092490314072
2014-01-28,4372.0,4390.0,4366.0,4372.0,3346,9363,4362.0,4360.0,4324.5,4329.7,11.632861036780014,5.036835073010463,6.59602596376955,84.72222222222223,45.142857142857146,56.617545480030586,7599.3,16926,17065.4,-1630.0,-14.82761757482034
2014-01-29,4368.0,4374.0,4328.0,4372.0,3382,8535,4366.4,4360.2,4327.9,4330.766666666666,12.507818303541171,6.531031719116605,5.976786584424566,83.58208955223881,45.0,33.21010685860304,7180.2,16926,16481.55,-828.0,-8.843319448894583
2014-01-30,4370.0,4438.0,4352.0,4390.0,3040,8244,4373.2,4362.8,4332.9,4332.7,14.486684329595846,8.122162241212454,6.364522088383392,85.52631578947368,47.57142857142857,65.18910504964572,6766.15,19966,15861.15,-291.0,-3.409490333919152
2014-01-31,4370.0,4438.0,4352.0,4390.0,3040,8244,4379.2,4366.4,4338.5,4334.866666666667,15.871987520043149,9.672127296978593,6.199860223064556,82.53968253968254,50.714285714285715,59.14791350621843,6362.35,19966,15252.55,0.0,0.0
2014-02-04,4390.0,4390.0,4390.0,4390.0,3040,8244,4382.8,4370.0,4343.8,4336.733333333334,16.77646167187413,11.0929941719577,5.68346749991643,76.08695652173913,47.57142857142857,50.36855785495728,6136.3,19966,14653.7,0.0,0.0
2014-02-07,4392.0,4428.0,4392.0,4428.0,4006,7156,4394.0,4378.0,4352.8,4338.8,20.325249549554428,12.939445247477046,7.385804302077382,78.43137254901961,46.0,73.58355320197595,5747.0,23972,13924.1,-1088.0,-13.197476952935471
2014-02-10,4428.0,4444.0,4386.0,4426.0,3696,6064,4404.8,4385.6,4360.5,4341.133333333333,22.714467977371896,14.894449793456015,7.820018183915881,81.63265306122449,39.857142857142854,75.0209221795086,5021.55,20276,13205.0,-1092.0,-15.259921743991056
2014-02-11,4402.0,4426.0,4402.0,4424.0,1912,5500,4411.6,4392.4,4367.6,4343.766666666666,24.16796426153269,16.74915268707135,7.418811574461337,88.88888888888889,38.857142857142854,68.84235207419408,4560.6,18364,12527.45,-564.0,-9.300791556728228
2014-02-12,4420.0,4420.0,4290.0,4292.0,3428,3653,4392.0,4385.6,4368.1,4344.133333333333,14.501410475487319,16.299604244754544,-1.7981937692672254,36.036036036036045,44.57142857142857,-57.20581958206135,4497.8,14936,11776.35,-1847.0,-33.58181818181818
2014-02-13,4312.0,4346.0,4206.0,4246.0,98,3590,4363.2,4373.0,4365.0,4343.366666666667,3.0931257659021867,13.658308548984072,-10.565182783081886,30.534351145038173,52.42857142857143,-141.82680982787164,4208.0,14838,11056.0,-63.0,-1.7246099096632883
2014-02-14,4436.0,4440.0,4394.0,4394.0,3653,5037,4356.4,4375.2,4367.6,4345.0,5.926029474734605,12.11185273413418,-6.185823259399575,55.3921568627451,64.14285714285714,51.72121349497593,3943.85,18491,10444.7,1447.0,40.30640668523677
2014-02-17,4394.0,4440.0,4364.0,4404.0,6141,5625,4352.0,4378.4,4369.3,4346.566666666667,8.875728625817828,11.46462791247091,-2.5888992866530813,55.8252427184466,68.85714285714286,38.7398506254062,3708.6,24632,9785.7,588.0,11.673615247170943
2014-02-18,4402.0,4412.0,4382.0,4400.0,3943,5633,4347.2,4379.4,4371.1,4348.266666666666,10.766510255574758,11.32500438109168,-0.5584941255169227,54.85436893203883,69.42857142857143,33.09109839763374,3551.5,20689,9199.9,8.0,0.14222222222222136
2014-02-19,4408.0,4420.0,4380.0,4388.0,3424,5475,4366.4,4379.2,4372.8,4349.1,11.167931643497468,11.293589833572838,-0.12565819007537016,51.94174757281554,69.71428571428571,27.772332785425334,3402.3,17265,8621.7,-158.0,-2.8048996982069974
2014-02-20,4384.0,4392.0,4328.0,4370.0,9223,6436,4391.2,4377.2,4373.6,4349.333333333333,9.919268267726693,11.01872552040361,-1.0994572526769169,49.76744186046512,72.57142857142857,-17.880790360264683,3538.15,8042,8184.45,961.0,17.552511415525117
2014-02-21,4368.0,4372.0,4336.0,4366.0,4770,6817,4385.6,4371.0,4374.5,4349.266666666666,8.508842337790156,10.516748883880918,-2.007906546090762,49.30875576036866,71.85714285714286,-26.017362056690196,3584.85,3272,7769.05,381.0,5.9198259788688645
2014-02-24,4362.0,4372.0,4346.0,4350.0,3154,6750,4374.8,4363.4,4374.5,4349.5,6.030487636696307,9.619496634443998,-3.5890089977476904,45.370370370370374,67.57142857142857,-28.80992327923299,3603.35,118,7374.8,-67.0,-0.9828370250843488
2014-02-25,4356.0,4368.0,4346.0,4350.0,3021,6646,4364.8,4356.0,4374.2,4349.566666666667,4.0200332396952945,8.499603955494257,-4.479570715798962,45.370370370370374,63.0,-30.606989618809614,3695.35,118,7006.8,-104.0,-1.5407407407407425
2014-02-26,4354.0,4356.0,4230.0,4272.0,15598,10163,4341.6,4354.0,4369.8,4348.233333333334,-3.8231436609712546,6.035054432201155,-9.858198093172408,38.43137254901961,72.0,-105.58918205177697,4287.75,-15480,6908.4,3517.0,52.919049052061396
2014-02-27,4268.0,4296.0,4254.0,4276.0,6291,9685,4322.8,4357.0,4365.0,4346.933333333333,-9.605425920342896,2.9069583616923445,-12.51238428203524,34.03361344537815,72.28571428571429,-99.67345657491516,4410.3,-9189,6843.0,-478.0,-4.703335629243332
2014-02-28,4274.0,4280.0,4258.0,4274.0,3606,8978,4304.4,4345.0,4360.1,4345.133333333333,-14.185784660074205,-0.5115902426609655,-13.67419441741324,34.03361344537815,69.71428571428571,-89.81389606214735,4423.3,-12795,6823.75,-707.0,-7.299948373773879
2014-03-03,4286.0,4288.0,4256.0,4264.0,3156,9108,4287.2,4331.0,4354.7,4343.066666666667,-18.410444246359475,-4.091361043400668,-14.319083202958808,33.47107438016529,70.28571428571429,-80.36235509455098,4412.0,-15951,6852.4,130.0,1.4479839607930423
2014-03-04,4264.0,4276.0,4246.0,4250.0,5561,9915,4267.2,4316.0,4347.7,4340.966666666666,-22.62736621001386,-7.798562076723307,-14.828804133290554,44.26229508196721,62.857142857142854,-79.72002655877417,4538.05,-21512,6935.95,807.0,8.860342555994727
2014-03-05,4256.0,4294.0,4254.0,4270.0,3214,9507,4266.8,4304.2,4341.7,4338.4,-24.07791913071196,-11.054433487521038,-13.023485643190924,53.529411764705884,56.0,-59.97586513489091,4546.75,-18298,6999.1,-408.0,-4.1149773071104345
2014-03-06,4266.0,4268.0,4228.0,4262.0,5793,9912,4264.0,4293.4,4335.3,4336.166666666667,-25.578176614099903,-13.95918211283681,-11.618994501263092,16.999999999999986,45.142857142857146,-68.06450742963412,4684.4,-24091,7082.5,405.0,4.260018933417475
2014-03-07,4268.0,4278.0,4238.0,4244.0,6554,11509,4258.0,4281.2,4326.1,4333.766666666666,-27.898000265026894,-16.74694574327483,-11.151054521752066,11.538461538461533,42.57142857142857,-61.10683173269999,4811.8,-30645,7300.15,1597.0,16.111783696529457
2014-03-10,4232.0,4278.0,4154.0,4192.0,16011,14517,4243.6,4265.4,4314.4,4330.466666666666,-33.54574813666477,-20.10670622195282,-13.43904191471195,9.375,49.285714285714285,-85.83464339892963,5427.55,-46656,7722.8,3008.0,26.13606742549308
2014-03-11,4188.0,4238.0,4182.0,4220.0,7936,13807,4237.6,4252.4,4304.2,4327.666666666667,-35.35471586359836,-23.15630815028193,-12.198407713316428,19.117647058823522,50.42857142857143,-74.00840454873037,5728.75,-38720,8138.15,-710.0,-4.890817662051383
2014-03-12,4208.0,4210.0,4160.0,4190.0,6111,14062,4221.6,4244.2,4299.1,4324.666666666667,-38.76225791901743,-26.27749810402903,-12.4847598149884,18.30985915492957,50.142857142857146,-82.20429580366728,5862.9,-44831,8658.6,255.0,1.8468892590714825
2014-03-13,4188.0,4198.0,4178.0,4190.0,5577,15486,4207.2,4235.6,4296.3,4321.833333333333,-40.990249467633475,-29.220048376749922,-11.770201090883553,18.57142857142857,49.0,-73.73686026603112,6136.85,-44831,9253.4,1424.0,10.126582278481022
2014-03-14,4184.0,4192.0,4160.0,4188.0,4903,15051,4196.0,4227.0,4286.0,4319.466666666666,-42.42824570124867,-31.861687841649672,-10.566557859598998,19.548872180451127,49.42857142857143,-72.14139709445129,6199.35,-49734,9754.1,-435.0,-2.8089887640449396
2014-03-17,4190.0,4206.0,4160.0,4188.0,4820,14967,4195.2,4219.4,4275.2,4317.033333333334,-43.071368155491655,-34.10362390441807,-8.967744251073583,19.548872180451127,51.142857142857146,-63.25679136407694,6133.3,-49734,10221.2,-84.0,-0.558102451664344
2014-03-18,4186.0,4198.0,4182.0,4194.0,3790,14627,4190.0,4213.8,4264.9,4314.833333333333,-42.605764743225336,-35.80405207217953,-6.801712671045806,29.896907216494853,43.285714285714285,-54.23916153226912,6125.65,-45944,10670.9,-340.0,-2.271664328188683
2014-03-19,4196.0,4230.0,4194.0,4214.0,9668,15366,4194.8,4208.2,4256.2,4313.133333333333,-40.159998369020286,-36.67524133154768,-3.4847570374726047,35.23809523809524,42.857142857142854,-35.30478582587755,6437.85,-36276,11165.45,739.0,5.052300540097088
2014-03-20,4226.0,4236.0,4216.0,4218.0,5547,14908,4200.4,4203.8,4248.6,4311.266666666666,-37.46704752462665,-36.83360257016348,-0.6334449544631724,36.79245283018869,42.857142857142854,-22.964597159883493,6254.05,-30729,11589.05,-458.0,-2.9806065339060273
2014-03-21,4216.0,4226.0,4196.0,4220.0,5759,14554,4206.8,4201.4,4241.3,4309.5,-34.77066669184296,-36.42101539449938,1.6503487026564159,39.2156862745098,42.714285714285715,-27.4580921720638,6303.5,-24970,11975.9,-354.0,-2.3745639924872552
2014-03-24,4218.0,4236.0,4196.0,4228.0,4755,14336,4214.8,4205.0,4235.2,4307.666666666667,-31.623694054284897,-35.461551126456484,3.8378570721715874,44.44444444444444,43.42857142857143,-17.590113400105675,6383.55,-20215,12355.2,-218.0,-1.4978700013741908
2014-03-25,4228.0,4254.0,4220.0,4238.0,6835,12892,4223.6,4206.8,4229.6,4306.933333333333,-28.000012425950445,-33.969243386355274,5.969230960404829,41.48936170212766,42.714285714285715,10.690736757060414,6574.25,-13380,12667.5,-1444.0,-10.072544642857139
2014-03-26,4236.0,4248.0,4212.0,4218.0,6480,12809,4224.4,4209.6,4226.9,4305.3,-26.43729875787176,-32.46285446065857,6.025555702786811,39.0,42.285714285714285,-1.3405144093668269,6118.35,-19860,12799.8,-83.0,-0.6438101147998809
2014-03-27,4220.0,4222.0,4206.0,4214.0,4468,12296,4223.6,4212.0,4223.8,4303.3,-25.23075900358799,-31.016435369244455,5.785676365656464,41.935483870967744,40.57142857142857,-16.153548421818286,6027.2,-24328,12930.35,-513.0,-4.004996486845192
2014-03-28,4212.0,4218.0,4046.0,4170.0,15768,13868,4213.6,4210.2,4218.6,4301.066666666667,-27.507905817143183,-30.3147294588242,2.8068236416810173,43.82022471910112,44.0,-110.18444096378786,6635.3,-40096,13174.85,1572.0,12.784645413142481
2014-03-31,4290.0,4290.0,4046.0,4170.0,7003,12780,4202.0,4208.4,4213.9,4298.833333333333,-28.97851479280962,-30.047486525621288,1.0689717328116686,33.33333333333333,57.42857142857143,-67.59186964427975,6827.65,-40096,13358.45,-1088.0,-7.8453994808191485
2014-04-01,4166.0,4184.0,4160.0,4178.0,2490,13130,4190.0,4206.8,4210.3,4296.966666666666,-29.162285189211616,-29.870446258339356,0.7081610691277405,45.31250000000001,54.857142857142854,-54.1400903974223,6674.1,-37606,13519.2,350.0,2.7386541471048576
2014-04-02,4174.0,4180.0,4138.0,4142.0,5957,14189,4174.8,4199.6,4203.9,4294.7,-31.845725981957003,-30.265502203062887,-1.5802237788941156,35.365853658536594,56.42857142857143,-81.3543243416207,6811.25,-43563,13753.3,1059.0,8.065498857578056
2014-04-03,4138.0,4146.0,4090.0,4114.0,7862,16614,4154.8,4189.2,4196.5,4291.866666666667,-35.818840836877825,-31.376169929825878,-4.442670907051948,30.526315789473685,58.142857142857146,-118.29726051616791,6914.7,-51425,14088.4,2425.0,17.090704066530414
2014-04-04,4114.0,4132.0,4112.0,4126.0,4259,14844,4146.0,4179.8,4190.6,4289.833333333333,-37.56622323504325,-32.61418059086935,-4.9520426441739005,34.65346534653466,56.285714285714285,-96.23483419284095,6799.95,-47166,14255.15,-1770.0,-10.653665583243043
2014-04-07,4114.0,4132.0,4112.0,4126.0,4259,14844,4137.2,4169.6,4187.3,4287.4,-38.50714992038593,-33.79277445677267,-4.714375463613258,32.65306122448979,56.57142857142857,-83.50335851473281,6212.35,-47166,14271.5,0.0,0.0
2014-04-08,4128.0,4182.0,4124.0,4148.0,8006,13823,4131.2,4160.6,4183.7,4285.166666666667,-37.050529518071016,-34.44432546903234,-2.6062040490386735,33.33333333333333,58.142857142857146,-41.162761864349896,6215.85,-39160,14272.3,-1021.0,-6.878199946106167
2014-04-09,4152.0,4166.0,4146.0,4152.0,3190,13999,4133.2,4154.0,4181.8,4283.0,-35.16798613143601,-34.589057601513076,-0.5789285299229334,33.33333333333333,58.0,-34.04691834632749,6069.8,-35970,14269.15,176.0,1.2732402517543262
2014-04-10,4154.0,4154.0,4136.0,4146.0,4050,14921,4139.6,4147.2,4179.6,4280.3,-33.770916684567965,-34.425429418124054,0.6545127335560892,31.68316831683167,57.142857142857146,-42.80786533521812,5993.45,-40020,14240.9,922.0,6.586184727480537
2014-04-11,4142.0,4160.0,4138.0,4158.0,2483,14871,4146.0,4146.0,4178.1,4277.233333333334,-31.334227896457378,-33.80718911379072,2.472961217333342,33.009708737864074,55.857142857142854,-31.853677946545513,5872.45,-37537,14231.9,-50.0,-0.3350981837678457
2014-04-14,4160.0,4230.0,4138.0,4210.0,10054,13902,4162.8,4150.0,4179.2,4274.566666666667,-24.91990787276427,-32.02973286558543,7.10982499282116,44.354838709677416,60.0,20.359038897261346,6134.15,-27483,14178.65,-969.0,-6.516037926165019
2014-04-15,4230.0,4232.0,4206.0,4212.0,1943,13404,4175.6,4153.4,4180.1,4272.033333333334,-19.450911753086984,-29.513968643085743,10.063056889998759,48.69565217391305,59.285714285714285,48.641140300568814,6041.8,-25540,14117.5,-498.0,-3.5822183858437606
2014-04-16,4210.0,4226.0,4184.0,4192.0,8538,13955,4183.6,4158.4,4179.0,4269.333333333333,-16.53986451683795,-26.919147817836187,10.379283300998235,45.52845528455285,61.142857142857146,29.512786249714004,5985.3,-34078,14046.95,551.0,4.110713219934348
2014-04-17,4194.0,4196.0,4168.0,4178.0,4883,13506,4190.0,4164.8,4177.0,4266.4,-15.187450134969367,-24.572808281262823,9.385358146293456,51.85185185185185,50.857142857142854,6.917242559039728,5952.1,-38961,13976.85,-449.0,-3.2174847724829814
2014-04-18,4178.0,4184.0,4160.0,4174.0,5041,12507,4193.2,4169.6,4174.7,4263.5,-14.27387818182524,-22.51302226137531,8.23914407955007,50.909090909090914,35.142857142857146,-1.005200797479838,5916.2,-44002,13874.5,-999.0,-7.396712572190134
2014-04-21,4182.0,4198.0,4130.0,4156.0,4691,11964,4182.4,4172.6,4171.1,4260.266666666666,-14.831348837546102,-20.976687576609468,6.145338739063366,45.21739130434783,38.285714285714285,-13.101839854383291,5913.0,-48693,13755.9,-543.0,-4.341568721515953
2014-04-22,4154.0,4160.0,4132.0,4160.0,5241,11409,4172.0,4173.8,4167.2,4257.0,-14.780007056842805,-19.737351472656137,4.957344415813331,54.54545454545455,37.285714285714285,-24.697863147260506,5833.3,-43452,13681.75,-555.0,-4.638916750250754
2014-04-23,4162.0,4162.0,4142.0,4158.0,3044,11368,4165.2,4174.4,4164.2,4253.633333333333,-14.730893045672019,-18.736059787259315,4.005166741587296,62.7906976744186,34.714285714285715,-15.219669865495057,5661.5,-46496,13609.7,-41.0,-0.35936541327022953
2014-04-24,4156.0,4190.0,4152.0,4186.0,4677,11029,4166.8,4178.4,4162.8,4250.533333333334,-12.290921748651272,-17.447032179537707,5.156110430886436,65.95744680851064,36.0,30.084886304004932,5671.95,-41819,13546.35,-339.0,-2.9820548909218814
2014-04-25,4184.0,4196.0,4168.0,4176.0,2729,11043,4167.2,4180.2,4163.1,4247.266666666666,-11.03691663846439,-16.165009071323045,5.128092432858654,62.62626262626263,36.57142857142857,34.377355985034384,5020.0,-44548,13405.1,14.0,0.12693807235470977
2014-04-28,4170.0,4196.0,4166.0,4188.0,4991,10879,4173.6,4178.0,4164.0,4244.2,-8.971392217224093,-14.726285700503256,5.754893483279163,60.638297872340424,34.57142857142857,38.85475961113263,4919.4,-39557,13310.05,-164.0,-1.4851036855926814
2014-04-29,4188.0,4190.0,4172.0,4180.0,4150,10667,4177.6,4174.8,4164.1,4240.7,-7.88904240323518,-13.358837041049641,5.469794637814461,57.29166666666667,34.42857142857143,32.8457623836942,5002.4,-43707,13186.9,-212.0,-1.9487085210037725
2014-04-30,4186.0,4210.0,4174.0,4206.0,5744,9347,4187.2,4176.2,4167.3,4237.633333333333,-4.877069843520985,-11.662483601543912,6.785413758022926,64.15094339622641,35.714285714285715,57.30370460686847,4991.75,-37963,12944.8,-1320.0,-12.37461329333458
2014-05-01,4186.0,4210.0,4174.0,4206.0,5744,9347,4191.2,4179.0,4171.9,4234.566666666667,-2.461683138974877,-9.822323509030104,7.360640370055227,62.0,36.714285714285715,53.39327434380986,4885.85,-37963,12581.45,0.0,0.0
2014-05-02,4186.0,4210.0,4174.0,4206.0,5744,9347,4197.2,4182.2,4175.9,4230.866666666667,-0.5412327791282223,-7.966105363049728,7.4248725839215055,48.64864864864865,32.714285714285715,49.71182457536393,4960.1,-37963,12306.6,0.0,0.0
2014-05-05,4208.0,4210.0,4174.0,4196.0,3463,8327,4198.8,4186.2,4179.4,4227.033333333334,0.17184066837671708,-6.338516156764439,6.510356825141156,44.871794871794876,33.42857142857143,39.90373871111962,4920.3,-41426,11980.75,-1020.0,-10.912592275596445
2014-05-06,4190.0,4194.0,4174.0,4180.0,1083,7907,4198.8,4188.2,4181.0,4222.966666666666,-0.5477951282327922,-5.1803719510581105,4.632576822825318,46.05263157894737,32.0,10.827863822225646,4574.15,-42509,11684.95,-420.0,-5.043833313318125
2014-05-07,4180.0,4186.0,4132.0,4136.0,1928,7856,4184.8,4186.0,4180.2,4220.366666666667,-4.615341178245217,-5.067365796495531,0.4520246182503147,38.46153846153846,33.857142857142854,-66.90464746886417,4511.05,-44437,11377.8,-51.0,-0.6449981029467589
2014-05-08,4134.0,4166.0,4134.0,4150.0,1104,7518,4173.6,4182.4,4180.4,4218.766666666666,-6.632759409130813,-5.380444519022588,-1.2523148901082246,43.75,34.42857142857143,-72.16646767494443,4363.75,-43333,11007.65,-338.0,-4.302443991853355
2014-05-09,4150.0,4158.0,4146.0,4150.0,569,7402,4162.4,4179.8,4180.0,4214.7,-8.137770736358107,-5.931909762489692,-2.2058609738684147,48.275862068965516,30.428571428571427,-68.53219118052434,4268.05,-43333,10634.2,-116.0,-1.5429635541367337
2014-05-12,4150.0,4168.0,4150.0,4158.0,640,7446,4154.8,4176.8,4177.4,4210.6,-8.58599589887126,-6.462726989766006,-2.1232689091052546,49.438202247191015,29.714285714285715,-45.27042736569956,3797.35,-42693,10311.4,44.0,0.5944339367738527
2014-05-13,4156.0,4164.0,4156.0,4160.0,442,7281,4150.8,4174.8,4174.8,4206.6,-8.679779192591013,-6.906137430331008,-1.773641762260005,50.561797752808985,28.857142857142858,-38.82782779496461,3722.3,-42251,10005.25,-165.0,-2.215954875100723
2014-05-14,4160.0,4166.0,4158.0,4164.0,430,7158,4156.4,4170.6,4173.4,4202.866666666667,-8.335252950432732,-7.191960534351353,-1.1432924160813789,42.857142857142854,26.714285714285715,-27.59955099675882,3316.9,-41821,9665.4,-123.0,-1.689328388957556
2014-05-15,4162.0,4162.0,4150.0,4154.0,560,6879,4157.2,4165.4,4172.2,4199.266666666666,-8.768057143038277,-7.507179856088738,-1.2608772869495386,42.857142857142854,25.714285714285715,-44.90587623996491,3100.75,-42381,9334.05,-279.0,-3.8977367979882604
2014-05-16,4152.0,4156.0,4134.0,4152.0,697,6580,4157.6,4160.0,4171.1,4195.7,-9.166772027353545,-7.839098290341701,-1.3276737370118443,37.5,25.142857142857142,-61.81081292461242,2883.55,-43078,9037.7,-299.0,-4.346562000290744
2014-05-19,4156.0,4156.0,4134.0,4138.0,1141,6344,4153.6,4154.2,4170.2,4192.166666666667,-10.491499962046873,-8.369578624682736,-2.121921337364137,36.0,25.428571428571427,-68.75531434830322,2706.05,-44219,8756.7,-236.0,-3.586626139817628
2014-05-20,4132.0,4144.0,4132.0,4140.0,655,6254,4149.6,4150.2,4169.2,4188.666666666667,-11.250286805900032,-8.945720260926196,-2.304566544973836,23.80952380952381,23.714285714285715,-74.72122782382301,2476.75,-43564,8498.95,-90.0,-1.4186633039092067
2014-05-21,4302.0,4306.0,4290.0,4298.0,1053,7061,4176.4,4166.4,4176.2,4189.1,0.8874190777587501,-6.979092393189207,7.866511470947957,66.19718309859155,33.0,176.74681442719424,2377.2,-42511,8283.6,807.0,12.903741605372554
2014-05-22,4296.0,4312.0,4292.0,4298.0,1087,7558,4205.2,4181.2,4181.8,4189.466666666666,10.38690466663411,-3.5058929812245445,13.892797647858654,66.19718309859155,31.857142857142858,133.49681380997507,2197.7,-42511,8110.05,497.0,7.038663078884011
2014-05-23,4298.0,4302.0,4290.0,4290.0,348,7727,4232.8,4195.2,4187.5,4189.733333333334,17.072975658868017,0.609880746793968,16.463094912074048,66.66666666666666,30.142857142857142,104.2605502713434,2078.65,-42859,7944.25,169.0,2.2360412807621133
2014-05-26,4290.0,4302.0,4268.0,4278.0,714,8078,4260.8,4207.2,4192.0,4189.966666666666,21.159521585445873,4.719808914524349,16.439712670921523,67.62589928057554,31.0,81.60384835642077,1864.8,-43573,7804.2,351.0,4.542513265174075
2014-05-27,4278.0,4282.0,4240.0,4244.0,2634,9101,4281.6,4215.6,4195.2,4189.866666666667,21.407846495608283,8.057416430741135,13.350430064867147,70.14925373134328,30.142857142857142,52.06633784589376,1789.0,-46207,7725.9,1023.0,12.664025748947761
2014-05-28,4242.0,4242.0,4200.0,4228.0,2165,9676,4267.6,4222.0,4196.3,4189.166666666667,20.082085710172578,10.462350286627423,9.619735423545155,64.44444444444444,31.0,22.81391336399791,1610.05,-48372,7742.35,575.0,6.317987034391814
2014-05-29,4226.0,4232.0,4212.0,4228.0,2499,10814,4253.6,4229.4,4197.4,4188.6,18.81452856249325,12.13278594180059,6.681742620692662,64.44444444444444,31.571428571428573,22.08561537123936,1447.8,-48372,7815.7,1138.0,11.761058288548988
2014-05-30,4228.0,4240.0,4224.0,4232.0,2272,11261,4242.0,4237.4,4198.7,4188.4,17.926105970294884,13.29144994749945,4.6346560227954345,63.909774436090224,31.428571428571427,27.244087551632145,1274.2,-46100,7911.4,447.0,4.133530608470504
2014-06-02,4228.0,4240.0,4224.0,4232.0,2272,11261,4232.8,4246.8,4200.5,4189.066666666667,17.025762275890884,14.038312413177737,2.987449862713147,63.63636363636363,32.0,25.41371209240109,1214.65,-46100,8058.1,0.0,0.0
2014-06-03,4234.0,4236.0,4212.0,4214.0,2106,12393,4226.8,4254.2,4202.2,4188.966666666666,14.690441577701677,14.168738246082526,0.5217033316191504,58.992805755395686,33.142857142857146,14.16502375519393,1265.8,-48206,8282.4,1132.0,10.052393215522603
2014-06-04,4212.0,4226.0,4212.0,4222.0,1060,12861,4225.6,4246.6,4206.5,4189.5,13.331538562564674,14.001298309378956,-0.6697597468142824,62.31884057971015,33.142857142857146,10.905535184960923,1222.4,-47146,8532.65,468.0,3.7763253449528023
2014-06-05,4224.0,4226.0,4220.0,4222.0,725,13152,4224.4,4239.0,4210.1,4190.033333333334,12.114944592727625,13.624027566048692,-1.5090829733210676,62.77372262773723,32.0,10.34311040718101,1203.45,-47146,8814.35,291.0,2.2626545369722306
2014-06-06,4224.0,4226.0,4222.0,4222.0,759,13205,4222.4,4232.2,4213.7,4190.6,11.023710632396615,13.103964179318277,-2.0802535469216625,66.15384615384616,30.714285714285715,7.971033802047685,1212.95,-47146,9104.5,53.0,0.4029805352798066
2014-06-09,4220.0,4228.0,4216.0,4222.0,1622,13542,4220.4,4226.6,4216.9,4191.166666666667,10.043128918377988,12.49179712713022,-2.448668208752231,65.89147286821705,30.714285714285715,3.9340461652716985,1262.05,-47146,9409.3,337.0,2.552063612268074
2014-06-10,4224.0,4234.0,4222.0,4228.0,1818,13747,4223.2,4225.0,4220.3,4191.733333333334,9.639047758751985,11.921247253454574,-2.2821994947025885,16.981132075471706,19.714285714285715,6.632365274103761,1330.85,-45328,9732.6,205.0,1.5138088908580816
2014-06-11,4226.0,4230.0,4210.0,4230.0,2028,13966,4224.8,4225.2,4223.6,4192.0,9.372157417064955,11.41142928617665,-2.039271869111696,18.51851851851852,19.714285714285715,-0.9893862456089952,1410.75,-43300,10073.0,219.0,1.593074852695131
2014-06-12,4228.0,4228.0,4220.0,4224.0,656,14006,4225.2,4224.8,4227.1,4192.1,8.577617606147214,10.844666950170764,-2.2670493440235493,18.867924528301884,19.571428571428573,-4.050549187662221,1415.55,-43956,10429.35,40.0,0.2864098524989256
2014-06-13,4224.0,4280.0,4224.0,4264.0,2939,13692,4233.6,4228.0,4232.7,4192.833333333333,11.048247468178488,10.88538305377231,0.16286441440617772,44.77611940298508,21.142857142857142,26.950393647401523,1527.65,-41017,10784.95,-314.0,-2.241896330144222
2014-06-16,4262.0,4280.0,4250.0,4258.0,942,13606,4240.8,4230.6,4238.7,4193.333333333333,12.379387702325403,11.18418398348293,1.195203718842473,56.60377358490566,20.285714285714285,31.729389814242996,1517.7,-41959,11148.05,-86.0,-0.6281040023371265
2014-06-17,4252.0,4260.0,4248.0,4254.0,622,13560,4246.0,4234.6,4244.4,4193.6,12.962139877770824,11.539775162340508,1.4223647154303158,63.829787234042556,18.0,15.866475527810362,1516.05,-42581,11513.35,-46.0,-0.3380861384683187
2014-06-18,4254.0,4256.0,4252.0,4252.0,541,13442,4250.4,4237.6,4242.1,4194.166666666667,13.11145124169252,11.854110378210912,1.257340863481609,62.5,16.857142857142858,20.592463364227385,1490.45,-43122,11832.4,-118.0,-0.870206489675518
2014-06-19,4250.0,4252.0,4236.0,4238.0,966,13472,4253.2,4239.2,4239.1,4194.566666666667,11.962205714945412,11.875729445557813,0.08647626938759956,52.83018867924528,16.857142857142858,5.093072836362704,1484.4,-44088,12128.1,30.0,0.22318107424490474
2014-06-20,4238.0,4244.0,4234.0,4238.0,733,13368,4248.0,4240.8,4236.5,4195.7,10.925478242821555,11.685679205010562,-0.7602009621890069,52.83018867924528,16.428571428571427,4.673702961734348,1503.65,-44088,12410.15,-104.0,-0.7719714964370517
2014-06-23,4242.0,4272.0,4234.0,4254.0,1031,13328,4247.2,4244.0,4235.3,4197.1,11.265073776139616,11.601558119236373,-0.3364843430967568,69.23076923076923,17.428571428571427,60.012721737257806,1519.5,-43057,12672.65,-40.0,-0.29922202274087484
2014-06-24,4256.0,4264.0,4232.0,4246.0,1095,13665,4245.6,4245.8,4235.4,4198.233333333334,10.764585105364858,11.43416351646207,-0.669578411097211,61.53846153846153,18.714285714285715,42.45325676801157,1442.55,-44152,12900.85,337.0,2.5285114045618284
2014-06-25,4242.0,4252.0,4240.0,4246.0,259,13684,4244.4,4247.4,4236.3,4199.966666666666,10.249791017375173,11.19728901664469,-0.9474979992695172,61.53846153846153,19.142857142857142,34.07387275745324,1347.25,-44152,13101.25,19.0,0.1390413465056639
2014-06-26,4248.0,4252.0,4238.0,4240.0,528,13596,4244.8,4249.0,4236.9,4202.066666666667,9.251023102085128,10.808035833732779,-1.5570127316476512,58.18181818181818,19.857142857142858,21.690722819803657,1248.7,-44680,13240.35,-88.0,-0.6430868167202619
2014-06-27,4238.0,4250.0,4236.0,4246.0,339,13504,4246.4,4247.2,4237.6,4204.066666666667,8.841720341079053,10.414772735202034,-1.5730523941229801,60.3448275862069,20.0,21.89516562719696,1152.05,-44341,13352.5,-92.0,-0.6766696087084467
2014-06-30,4252.0,4260.0,4246.0,4256.0,703,13488,4246.8,4247.0,4238.8,4206.233333333334,9.2180019916741,10.175418586496447,-0.9574165948223463,61.666666666666664,20.142857142857142,52.109010473654045,1073.6,-43638,13463.85,-16.0,-0.11848341232227888
2014-07-01,4252.0,4256.0,4220.0,4244.0,1033,13309,4246.4,4246.0,4240.3,4207.833333333333,8.450496139671486,9.830434097131455,-1.379937957459969,55.38461538461538,21.285714285714285,0.36224676601387074,1019.95,-44671,13509.65,-179.0,-1.327105575326215
2014-07-02,4242.0,4266.0,4236.0,4264.0,1829,13270,4250.0,4247.2,4242.4,4209.7,9.34831353608297,9.734009984921759,-0.3856964488387895,63.888888888888886,22.714285714285715,51.08558081157928,1058.4,-42842,13530.1,-39.0,-0.29303478848898834
2014-07-03,4270.0,4280.0,4260.0,4278.0,3011,13182,4257.6,4251.2,4245.2,4211.9,11.062007353373701,9.999609458612147,1.0623978947615544,55.932203389830505,20.142857142857142,99.78855150404716,1172.7,-39831,13531.6,-88.0,-0.6631499623210302
2014-07-04,4284.0,4306.0,4276.0,4286.0,2927,13981,4265.6,4256.0,4248.4,4214.033333333334,12.91675883582775,10.583039334055268,2.3337195017724817,61.666666666666664,20.142857142857142,125.77913111996868,1281.1,-36904,13570.4,799.0,6.061295706266123
2014-07-07,4292.0,4306.0,4268.0,4272.0,1532,13957,4268.8,4257.8,4250.9,4215.066666666667,13.105903058994954,11.087612079043206,2.0182909799517486,56.92307692307692,22.0,91.61944619248774,1276.6,-38436,13591.15,-24.0,-0.17166154066232675
2014-07-08,4270.0,4278.0,4252.0,4256.0,1515,14400,4271.2,4258.8,4252.3,4215.8,11.828384680462477,11.23576659932706,0.5926180811354165,51.388888888888886,23.571428571428573,29.727741966616563,1261.45,-39951,13623.8,443.0,3.1740345346421117
2014-07-09,4266.0,4266.0,4250.0,4252.0,1015,14764,4268.8,4259.4,4253.4,4216.8,10.373595242233023,11.063332327908254,-0.6897370856752314,55.223880597014926,23.571428571428573,7.288967292102999,1210.8,-40966,13663.7,364.0,2.5277777777777732
2014-07-10,4258.0,4266.0,4252.0,4258.0,848,14904,4264.8,4261.2,4255.1,4218.133333333333,9.59421781635865,10.769509425598335,-1.1752916092396841,57.142857142857146,23.857142857142858,11.70679538894781,1220.4,-40118,13708.6,140.0,0.9482525060959146
2014-07-11,4268.0,4268.0,4258.0,4262.0,599,14770,4260.0,4262.8,4255.0,4219.6,9.193346980516253,10.45427693658192,-1.2609299560656666,53.125,21.857142857142858,25.22729313576051,1103.4,-39519,13762.5,-134.0,-0.8990874932903958
2014-07-14,4264.0,4268.0,4254.0,4260.0,935,14464,4257.6,4263.2,4255.1,4221.333333333333,8.614962741829913,10.08641409763152,-1.471451355801607,55.73770491803278,20.571428571428573,18.24043316865436,1103.05,-40454,13805.4,-306.0,-2.0717670954637835
2014-07-15,4264.0,4276.0,4264.0,4274.0,798,14348,4261.2,4266.2,4256.1,4223.233333333334,9.180445600502026,9.905220398205621,-0.7247747977035957,60.29411764705882,20.857142857142858,53.0151600016359,1111.85,-39656,13844.8,-116.0,-0.8019911504424826
2014-07-16,4270.0,4278.0,4266.0,4266.0,886,14189,4264.0,4266.4,4256.8,4225.033333333334,8.880690625382158,9.700314443640929,-0.819623818258771,59.42028985507247,20.714285714285715,44.27785873638117,1129.1,-40542,13882.15,-159.0,-1.108168385837749
2014-07-17,4270.0,4272.0,4264.0,4270.0,661,13985,4266.4,4265.6,4258.4,4226.433333333333,8.86372372891583,9.53299630069591,-0.6692725717800805,58.82352941176471,20.285714285714285,35.56169826513946,1113.85,-39881,13907.8,-204.0,-1.437733455493695
2014-07-18,4272.0,4272.0,4266.0,4270.0,400,13840,4268.0,4264.0,4260.0,4228.0,8.74941947978823,9.376280936514375,-0.6268614567261448,55.55555555555556,19.714285714285715,34.067500403120896,1097.2,-39881,13931.4,-145.0,-1.0368251698248176
2014-07-21,4272.0,4276.0,4250.0,4258.0,1921,14492,4267.6,4262.6,4260.2,4229.166666666667,7.602891427282884,9.021603034668077,-1.4187116073851929,55.55555555555556,19.0,2.2889109343892895,1141.7,-41802,13989.6,652.0,4.710982658959528
2014-07-22,4262.0,4262.0,4244.0,4250.0,1757,14403,4262.8,4262.0,4260.4,4230.333333333333,5.979795187545278,8.413241465243518,-2.4334462776982395,43.85964912280702,18.142857142857142,-34.76693129185532,1174.8,-43559,14026.5,-89.0,-0.6141319348606178
2014-07-23,4252.0,4252.0,4240.0,4242.0,2674,14595,4258.0,4261.0,4260.2,4230.933333333333,4.001816137179958,7.530956399630806,-3.5291402624508486,33.33333333333333,17.571428571428573,-62.53204466894332,1295.55,-46233,14072.05,192.0,1.3330556134138805
2014-07-24,4244.0,4250.0,4230.0,4246.0,2899,14761,4253.2,4259.8,4260.5,4231.6,2.7256010277806126,6.569885325260768,-3.844284297480155,30.769230769230774,16.857142857142858,-72.00366291285361,1414.1,-43334,14130.3,166.0,1.1373758136348
2014-07-25,4248.0,4256.0,4238.0,4254.0,1977,13986,4250.0,4259.0,4260.9,4232.4,2.332833052862952,5.7224748707812045,-3.3896418179182524,40.816326530612244,15.428571428571429,-46.08083120590809,1496.0,-41357,14154.4,-775.0,-5.2503217939164015
2014-07-28,4254.0,4270.0,4248.0,4270.0,1798,13315,4252.4,4260.0,4261.6,4233.633333333333,3.2748771402884813,5.23295532468266,-1.9580781843941786,57.14285714285714,15.142857142857142,4.475903461924989,1550.75,-39559,14145.75,-671.0,-4.797654797654793
2014-07-29,4274.0,4284.0,4266.0,4268.0,939,13340,4256.0,4259.4,4262.8,4235.1,3.816081172997656,4.949580494345659,-1.133499321348003,58.33333333333333,15.285714285714286,40.20280527936615,1546.05,-40498,14147.3,25.0,0.18775816748028973
2014-07-30,4268.0,4268.0,4250.0,4252.0,1555,13068,4258.0,4258.0,4262.2,4237.033333333334,2.920260045656505,4.543716404607828,-1.623456358951323,47.16981132075472,15.571428571428571,-27.89043903879281,1532.35,-42053,14137.2,-272.0,-2.0389805097451252
2014-07-31,4252.0,4262.0,4242.0,4250.0,3685,12973,4258.8,4256.0,4260.8,4238.7,2.0255824097539517,4.0400896056370525,-2.014507195883101,44.23076923076923,16.285714285714285,-45.75339528134858,1566.05,-45738,14126.75,-95.0,-0.7269666360575466
2014-08-01,4232.0,4256.0,4232.0,4254.0,1425,12911,4258.8,4254.4,4259.2,4240.433333333333,1.6206289068704791,3.556197465883738,-1.9355685590132587,47.16981132075472,17.0,-61.19175106869785,1490.95,-44313,14073.25,-62.0,-0.47791567100902155
2014-08-04,4258.0,4270.0,4246.0,4266.0,1100,12732,4258.0,4255.2,4258.9,4242.233333333334,2.242153895701449,3.29338875184728,-1.0512348561458311,46.15384615384615,17.571428571428573,9.216440494694368,1469.35,-43213,14012.0,-179.0,-1.386414685152193
2014-08-05,4268.0,4286.0,4258.0,4284.0,1959,12397,4261.2,4258.6,4260.3,4244.3,4.139449497825808,3.462600901042986,0.6768485967828219,57.89473684210526,18.714285714285715,83.19123201550661,1491.55,-41254,13911.85,-335.0,-2.631165567075089
2014-08-06,4288.0,4288.0,4248.0,4260.0,1349,12454,4262.8,4260.4,4260.7,4245.9,3.6642315280050752,3.502927026435404,0.16130450156967102,46.268656716417915,21.0,26.2709878369093,1508.25,-42603,13796.35,57.0,0.4597886585464117
2014-08-07,4264.0,4266.0,4248.0,4254.0,1515,12932,4263.6,4261.2,4260.5,4247.566666666667,2.7715196538947566,3.356645551927275,-0.5851258980325182,44.285714285714285,21.857142857142858,-20.42645656168056,1541.6,-44118,13697.75,478.0,3.8381242974144802
2014-08-08,4256.0,4266.0,4248.0,4260.0,1023,12418,4264.8,4261.8,4260.4,4249.366666666667,2.5191497279802206,3.1891463871378645,-0.6699966591576438,50.74626865671642,21.285714285714285,-9.125525477274227,1562.8,-43095,13580.15,-514.0,-3.974636560470146
2014-08-11,4252.0,4266.0,4250.0,4250.0,660,12286,4261.6,4259.8,4259.9,4251.233333333334,1.4949949458195988,2.8503160988742113,-1.3553211530546125,50.0,21.142857142857142,-21.19121179821026,1549.05,-43755,13471.25,-132.0,-1.0629731035593504
2014-08-12,4250.0,4250.0,4202.0,4226.0,923,12245,4250.0,4255.6,4257.5,4252.666666666667,-1.238972418503181,2.032458395398733,-3.271430813901914,44.73684210526315,23.714285714285715,-129.98460837760467,1555.3,-44678,13366.1,-41.0,-0.33371316946118057
2014-08-13,4220.0,4224.0,4192.0,4216.0,1199,12306,4241.2,4252.0,4255.0,4251.3,-4.164571095183419,0.7930524972823025,-4.957623592465722,40.50632911392405,24.714285714285715,-140.49123786628482,1570.95,-45877,13271.95,61.0,0.49816251531236144
2014-08-14,4202.0,4216.0,4194.0,4212.0,459,12265,4232.8,4248.2,4252.1,4249.866666666667,-6.728335629960384,-0.7112251281662348,-6.017110501794149,36.36363636363636,25.0,-119.66150040005276,1560.85,-46336,13185.95,-41.0,-0.33317081098651613
2014-08-15,4198.0,4214.0,4176.0,4190.0,976,12448,4218.8,4241.8,4248.1,4248.2,-10.415292622961715,-2.6520386271253313,-7.763253995836384,25.000000000000014,26.142857142857142,-123.4040164178852,1589.65,-47312,13116.35,183.0,1.4920505503465131
2014-08-18,4186.0,4214.0,4184.0,4198.0,720,12115,4208.4,4235.0,4245.1,4246.866666666667,-12.547064710093764,-4.631043843719018,-7.916020866374746,28.915662650602414,27.0,-94.32361516208563,1529.6,-46592,12997.5,-333.0,-2.675128534704374
2014-08-19,4184.0,4226.0,4172.0,4202.0,933,12096,4203.6,4226.8,4242.7,4246.166666666667,-13.755181704741517,-6.455871415923518,-7.299310288817999,33.76623376623377,29.571428571428573,-80.06227296577381,1488.4,-45659,12882.15,-19.0,-0.1568303755674738
2014-08-20,4208.0,4222.0,4202.0,4220.0,317,11950,4204.4,4222.8,4241.6,4246.033333333334,-13.109060470294025,-7.78650922679762,-5.322551243496405,41.17647058823529,29.571428571428573,-47.78376352728751,1370.55,-45342,12749.9,-146.0,-1.2070105820105814
2014-08-21,4226.0,4244.0,4226.0,4240.0,774,11969,4210.0,4221.4,4241.3,4246.233333333334,-10.858007531962357,-8.400808887830568,-2.4571986441317897,46.236559139784944,29.571428571428573,-6.111565301921074,1264.3,-44568,12610.3,19.0,0.15899581589957634
2014-08-22,4246.0,4246.0,4232.0,4234.0,754,11965,4218.8,4218.8,4240.3,4246.266666666666,-9.44925656851865,-8.610498423968185,-0.8387581445504644,41.111111111111114,28.857142857142858,-3.7540773640126397,1203.15,-45322,12509.25,-4.0,-0.033419667474310355
2014-08-25,4246.0,4258.0,4232.0,4250.0,883,11830,4229.2,4218.8,4239.3,4246.566666666667,-6.961497191819944,-8.280698177538536,1.3192009857185916,40.449438202247194,28.714285714285715,15.559881532030849,1157.4,-44439,12435.0,-135.0,-1.128290848307567
2014-08-26,4256.0,4276.0,4252.0,4268.0,2700,11231,4242.4,4223.0,4239.3,4247.466666666666,-3.497167227832506,-7.3239919875973305,3.8268247597648246,52.32558139534884,27.714285714285715,52.89672760116912,1245.45,-41739,12329.55,-599.0,-5.063398140321218
2014-08-27,4274.0,4278.0,4266.0,4276.0,1484,10629,4253.6,4229.0,4240.5,4248.366666666667,-0.10491819932030921,-5.880177229941927,5.775259030621617,56.321839080459775,27.285714285714285,64.61884355322663,1241.9,-40255,12207.6,-602.0,-5.36016383225002
2014-08-28,4276.0,4290.0,4274.0,4288.0,3293,10266,4263.2,4236.6,4242.4,4249.466666666666,3.5112873722973745,-4.001884309494066,7.513171681791441,57.77777777777777,27.142857142857142,76.58946828693173,1222.3,-36962,12072.25,-363.0,-3.415184871577759
2014-08-29,4288.0,4288.0,4258.0,4272.0,846,10307,4270.8,4244.8,4243.3,4250.3,5.028128918467701,-2.195881663901713,7.224010582369414,55.91397849462366,28.142857142857142,52.71868117639954,1193.35,-37808,11942.05,41.0,0.39937658289499467
2014-09-01,4274.0,4288.0,4270.0,4278.0,339,10086,4276.4,4252.8,4243.9,4251.233333333334,6.637869401439275,-0.42913145083351534,7.06700085227279,65.47619047619048,26.0,59.670706955915264,1155.3,-37469,11809.75,-221.0,-2.144173862423593
2014-09-02,4274.0,4290.0,4270.0,4288.0,810,9420,4280.4,4261.4,4244.1,4252.233333333334,8.621137649904995,1.3809223693141868,7.240215280590808,71.42857142857143,25.0,64.86094520323897,1097.85,-36659,11660.9,-666.0,-6.603212373587153
2014-09-03,4282.0,4310.0,4282.0,4284.0,879,8692,4282.0,4267.8,4245.3,4253.133333333333,9.757645392720406,3.056266973995431,6.701378418724975,71.42857142857143,25.428571428571427,74.17583604178063,1074.35,-37538,11472.8,-728.0,-7.728237791932058
2014-09-04,4284.0,4296.0,4284.0,4296.0,562,8289,4283.6,4273.4,4247.4,4254.333333333333,11.494138406121237,4.743841260420592,6.750297145700645,83.54430379746836,23.571428571428573,67.87035076743746,1026.7,-36976,11240.65,-403.0,-4.636447307869307
2014-09-05,4292.0,4340.0,4284.0,4340.0,791,7662,4297.2,4284.0,4251.4,4255.6,16.23362280800393,7.04179756993726,9.19182523806667,86.5979381443299,25.428571428571427,95.60671139159217,1015.1,-36185,11002.85,-627.0,-7.564241766196167
2014-09-09,4338.0,4340.0,4292.0,4314.0,2444,7428,4304.4,4290.4,4254.6,4256.533333333334,17.687821438447827,9.171002343639374,8.516819094808453,75.92592592592592,25.0,77.87013647902317,1104.3,-38629,10759.95,-234.0,-3.0540328895849678
2014-09-10,4308.0,4340.0,4306.0,4340.0,450,7033,4314.8,4297.6,4260.3,4257.966666666666,20.69965430915454,11.476732736742408,9.222921572412131,76.78571428571429,26.0,82.15339293830907,1080.65,-38179,10499.35,-395.0,-5.317716747442114
2014-09-11,4324.0,4494.0,4324.0,4494.0,300,6777,4356.8,4319.4,4274.2,4262.0,35.10835921572925,16.203058032539776,18.905301183189476,85.47486033519553,36.42857142857143,146.10738410378605,1035.7,-37879,10222.9,-256.0,-3.6399829375799775
2014-09-12,4488.0,4576.0,4346.0,4576.0,97,6736,4412.8,4348.2,4292.4,4267.633333333333,52.53844586087325,23.470135598206472,29.06831026266678,89.40092165898618,51.857142857142854,143.02402911548577,1017.6,-37782,9946.45,-41.0,-0.6049874575770997
2014-09-15,4552.0,4576.0,4552.0,4552.0,375,6361,4455.2,4376.2,4310.5,4272.866666666667,63.681238008938635,31.512356080352905,32.16888192858573,84.16289592760181,51.714285714285715,136.55721477905794,987.55,-38157,9642.1,-375.0,-5.567102137767222
2014-09-16,4278.0,4278.0,4180.0,4180.0,42,180,4428.4,4366.4,4309.6,4271.633333333333,42.01042002797567,33.61196886987746,8.398451158098212,44.47236180904522,76.42857142857143,-47.91787279315695,953.65,-38199,9045.35,-6181.0,-97.17025624901746
2014-09-17,4182.0,4194.0,4180.0,4194.0,10,184,4399.2,4357.0,4309.2,4270.766666666666,25.669916823198946,32.02355846054176,-6.353641637342811,44.88778054862843,76.57142857142857,-59.66657780087624,907.5,-38189,8449.75,4.0,2.2222222222222143
2014-09-18,4192.0,4192.0,4158.0,4168.0,32,198,4334.0,4345.4,4306.6,4269.466666666666,10.500919533721571,27.71903067517772,-17.21811114145615,42.64705882352941,78.0,-65.6567228836295,893.25,-38221,7862.15,14.0,7.608695652173902
2014-09-19,4166.0,4166.0,4022.0,4088.0,34,189,4236.4,4324.6,4299.0,4266.933333333333,-7.885057482634693,20.59821304361524,-28.48327052624993,39.54545454545455,86.28571428571429,-93.98080466833491,856.25,-38255,7273.15,-9.0,-4.545454545454541
2014-09-22,4110.0,4250.0,4002.0,4062.0,104,187,4138.4,4296.8,4290.4,4263.866666666667,-24.27424109963613,11.623722214964964,-35.89796331460109,37.99999999999999,102.71428571428571,-79.38107657991034,823.75,-38359,6684.25,-2.0,-1.0582010582010581
2014-09-23,4068.0,4068.0,4032.0,4068.0,7,186,4116.0,4272.2,4281.3,4260.733333333334,-36.35950756766124,2.027076258439723,-38.38658382610096,37.723214285714285,103.85714285714286,-88.10672837173541,779.95,-38352,6102.05,-1.0,-0.5347593582887722
2014-09-24,4038.0,4038.0,4038.0,4038.0,3,185,4084.8,4242.0,4269.8,4257.3,-47.80683021277855,-7.939705035803931,-39.86712517697462,36.65943600867679,104.0,-83.47480931018131,645.1,-38355,5549.75,-1.0,-0.5376344086021501
2014-09-25,3992.0,4064.0,3992.0,4058.0,17,192,4062.8,4198.4,4258.9,4253.866666666667,-54.635281513508744,-17.278820331344896,-37.35646118216385,37.204301075268816,108.28571428571429,-74.17569737399785,571.75,-38338,5027.9,7.0,3.7837837837837895
2014-09-26,4064.0,4098.0,4042.0,4042.0,7,192,4053.6,4145.0,4246.6,4249.933333333333,-60.63893673187522,-25.950843611450964,-34.688093120424256,33.48115299334812,108.28571428571429,-60.047159126109705,407.45,-38345,4524.2,0.0,0.0
2014-09-29,4234.0,4234.0,4042.0,4150.0,26,194,4071.2,4104.8,4240.5,4247.666666666667,-56.03622857838036,-31.967920604836845,-24.068307973543515,41.66666666666667,118.57142857142857,-30.69229249751571,366.45,-38319,4018.55,2.0,1.041666666666674
2014-09-30,4062.0,4156.0,4062.0,4120.0,4,195,4081.6,4098.8,4232.6,4245.133333333333,-54.18469109540365,-36.41127470295021,-17.77341639245344,38.8663967611336,122.85714285714286,-37.08879203774578,349.7,-38323,3524.0,1.0,0.5154639175257714
2014-10-01,4062.0,4156.0,4062.0,4120.0,4,195,4098.0,4091.4,4224.2,4242.866666666667,-52.11656695808142,-39.552333153976456,-12.564233804104965,27.577937649880084,117.42857142857143,-34.017832079758826,309.4,-38323,3062.75,0.0,0.0
2014-10-02,4062.0,4156.0,4062.0,4120.0,4,195,4110.4,4086.6,4216.0,4240.666666666667,-49.902320788291945,-41.62233068083955,-8.279990107452392,19.680851063829778,107.71428571428571,-31.00126854512484,265.65,-38323,2637.9,0.0,0.0
2014-10-03,4062.0,4156.0,4062.0,4120.0,4,195,4126.0,4089.8,4207.2,4238.366666666667,-47.59882511921751,-42.81762956851515,-4.781195550702357,20.32967032967032,112.71428571428571,-28.109149010479097,237.75,-38323,2233.2,0.0,0.0
2014-10-06,4062.0,4156.0,4062.0,4120.0,4,195,4120.0,4095.6,4196.2,4236.0,-45.25165529166043,-43.304434713144204,-1.947220578516223,41.573033707865164,92.85714285714286,-25.025003124085593,198.4,-38323,1859.85,0.0,0.0
2014-10-08,4344.0,4350.0,4028.0,4132.0,14,196,4122.4,4102.0,4187.1,4233.866666666667,-41.93975123540804,-43.031498017596974,1.0917467821889346,41.24293785310734,114.85714285714286,-4.331927932444837,76.9,-38309,1498.25,1.0,0.512820512820511
2014-10-09,4090.0,4184.0,4064.0,4084.0,39,194,4115.2,4106.6,4174.3,4230.7,-42.696068556174396,-42.96441212531246,0.2683435691380609,38.829787234042556,120.85714285714286,-20.615676498720887,56.35,-38348,1156.3,-2.0,-1.0204081632653073
2014-10-10,4118.0,4140.0,4074.0,4074.0,21,198,4106.0,4108.2,4153.3,4227.5,-43.59978077550841,-43.09148585535165,-0.5082949201567573,47.712418300653596,115.14285714285714,-21.68571351284946,42.4,-38369,827.35,4.0,2.0618556701030855
2014-10-13,4076.0,4140.0,4074.0,4094.0,72,210,4100.8,4113.4,4129.2,4224.566666666667,-42.21551222056405,-42.91629112839413,0.7007789078300775,55.33333333333333,102.14285714285714,-14.8486601305258,41.15,-38297,501.05,12.0,6.060606060606055
2014-10-14,4142.0,4144.0,4078.0,4110.0,80,206,4098.8,4109.4,4107.1,4221.9,-39.37352959523196,-42.207738821761694,2.8342092265297367,56.7741935483871,104.28571428571429,-2.4587071332514867,26.4,-38217,193.3,-4.0,-1.904761904761909
2014-10-15,4100.0,4100.0,4062.0,4062.0,36,215,4084.8,4103.6,4101.2,4218.633333333333,-40.527263668315754,-41.87164379107251,1.3443801227567533,53.65853658536585,105.57142857142857,-38.17254488626891,26.1,-38253,195.05,9.0,4.3689320388349495
2014-10-16,4072.0,4072.0,4062.0,4062.0,5,218,4080.4,4097.8,4094.6,4215.5,-40.96933721653477,-41.69118247616496,0.721845259630193,50.649350649350644,101.14285714285714,-46.589333713692305,25.85,-38253,196.75,3.0,1.3953488372093092
2014-10-17,4070.0,4098.0,4064.0,4080.0,80,215,4081.6,4093.8,4090.2,4212.8,-39.412906666375875,-41.23552731420715,1.8226206478312719,56.12903225806451,99.71428571428571,-22.093455388439825,28.25,-38173,197.6,-3.0,-1.3761467889908285
2014-10-20,4066.0,4098.0,4062.0,4072.0,9,220,4077.2,4089.0,4089.4,4209.9,-38.38250772632091,-40.6649233966299,2.2824156703089926,31.42857142857143,88.57142857142857,-25.84159764990956,27.0,-38182,199.15,5.0,2.3255813953488413
2014-10-21,4106.0,4106.0,4076.0,4082.0,100,220,4071.6,4085.2,4090.4,4207.033333333334,-36.340086816291205,-39.79995608056217,3.4598692642709636,40.0,84.28571428571429,-8.578859967536088,26.8,-38082,200.8,0.0,0.0
2014-10-22,4130.0,4130.0,4074.0,4086.0,69,221,4076.4,4080.6,4091.3,4203.966666666666,-34.006679131039164,-38.64130069065757,4.6346215596184095,41.23711340206185,81.57142857142857,1.4576542118857039,29.9,-38013,202.55,1.0,0.454545454545463
2014-10-23,4068.0,4080.0,4068.0,4080.0,2,219,4080.0,4080.2,4093.4,4200.833333333333,-32.26960269238316,-37.36696109100269,5.097358398619534,40.0,76.14285714285714,-36.751839320174724,29.85,-38015,204.25,-2.0,-0.9049773755656076
2014-10-24,4090.0,4096.0,4084.0,4090.0,4,219,4082.0,4081.8,4095.0,4198.133333333333,-29.743179810901893,-35.84220483498254,6.099025024080646,42.857142857142854,70.57142857142857,-19.693956809878852,29.2,-38011,205.6,0.0,0.0
2014-10-27,4090.0,4096.0,4072.0,4072.0,9,216,4082.0,4079.6,4096.5,4195.166666666667,-28.860732484260552,-34.44591036483814,5.585177880577589,39.473684210526315,65.57142857142857,-42.8069124317758,29.3,-38020,206.8,-3.0,-1.3698630136986356
2014-10-28,4058.0,4058.0,4022.0,4050.0,6,216,4075.6,4073.6,4091.5,4191.766666666666,-29.59544489234213,-33.475817270338936,3.8803723779968067,32.773109243697476,46.142857142857146,-101.78113707555207,28.3,-38026,207.9,0.0,0.0
2014-10-29,4070.0,4072.0,4042.0,4072.0,21,200,4072.8,4074.6,4089.1,4188.533333333334,-28.07881848964462,-32.396417514200074,4.317599024555456,47.16981132075472,39.714285714285715,-59.252204630206116,29.15,-38005,208.15,-16.0,-7.4074074074074066
2014-10-30,4120.0,4120.0,4064.0,4066.0,6,197,4070.0,4075.0,4086.4,4184.9,-27.049224373688503,-31.326978886097763,4.27775451240926,48.07692307692308,39.0,-16.862758407836555,29.25,-38011,208.25,-3.0,-1.5000000000000013
2014-10-31,4046.0,4088.0,4046.0,4062.0,6,195,4064.4,4073.2,4083.5,4181.6,-26.253397366900572,-30.312262582258324,4.058865215357752,41.66666666666667,37.285714285714285,-46.03332200106612,29.35,-38017,208.25,-2.0,-1.0152284263959421
2014-11-03,4094.0,4100.0,4046.0,4064.0,74,193,4062.8,4072.4,4080.7,4178.433333333333,-25.171158004125573,-29.284041666631776,4.112883662506203,37.07865168539326,36.42857142857143,-33.55703828370965,32.85,-37943,208.15,-2.0,-1.025641025641022
2014-11-04,4048.0,4080.0,4048.0,4070.0,21,182,4066.8,4071.2,4078.2,4175.266666666666,-23.55776638936777,-28.13878661117898,4.581020221811208,52.94117647058823,35.285714285714285,-37.06174313785382,33.7,-37922,207.5,-11.0,-5.699481865284972
2014-11-05,4078.0,4078.0,4026.0,4026.0,26,168,4057.6,4065.2,4072.9,4171.533333333334,-25.53522006567573,-27.61807330207833,2.082853236402599,40.0,38.285714285714285,-93.98952473251846,34.3,-37948,206.1,-14.0,-7.692307692307687
2014-11-06,4036.0,4036.0,4034.0,4034.0,13,168,4051.2,4060.6,4070.4,4168.333333333333,-26.155330836963458,-27.32552480905536,1.1701939720919015,36.470588235294116,36.42857142857143,-101.80100944064229,33.0,-37935,204.8,0.0,0.0
2014-11-07,4022.0,4034.0,4020.0,4024.0,19,160,4043.6,4054.0,4067.9,4165.133333333333,-27.14082695877596,-27.28858523899948,0.14775828022352044,36.04651162790698,34.857142857142854,-103.37100292778497,32.9,-37954,202.9,-8.0,-4.761904761904767
2014-11-10,4010.0,4028.0,4006.0,4016.0,22,151,4034.0,4048.4,4064.0,4161.866666666667,-28.241818769783094,-27.479231945156204,-0.7625868246268901,30.588235294117638,34.0,-105.4333674344149,30.4,-37976,199.95,-9.0,-5.625000000000002
2014-11-11,4004.0,4010.0,4000.0,4000.0,10,143,4020.0,4043.4,4058.5,4158.7,-30.058928379321515,-27.995171231989268,-2.0637571473322467,26.373626373626365,31.142857142857142,-113.62833555711184,26.9,-37986,196.8,-8.0,-5.298013245033117
2014-11-12,4012.0,4042.0,4012.0,4026.0,185,131,4020.0,4038.8,4056.7,4155.833333333333,-29.06596378987888,-28.209329743567192,-0.8566340463116866,36.633663366336634,32.857142857142854,-61.559322185006884,34.35,-37801,192.6,-12.0,-8.391608391608397
2014-11-13,4040.0,4040.0,3990.0,3990.0,42,116,4011.2,4031.2,4053.1,4152.3,-30.828558897410858,-28.733175574335927,-2.0953833230749304,28.070175438596493,35.285714285714285,-85.53457390378288,36.2,-37843,187.5,-15.0,-11.45038167938931
2014-11-14,3884.0,4040.0,3884.0,3916.0,64,119,3989.6,4016.6,4044.9,4147.233333333334,-37.761320774851356,-30.538804614439012,-7.222516160412344,22.535211267605646,44.714285714285715,-137.24229211785251,35.4,-37907,182.7,3.0,2.586206896551735
2014-11-17,3920.0,4018.0,3794.0,3794.0,160,120,3945.2,3989.6,4031.0,4139.8,-52.49483710874529,-34.93001111330027,-17.56482599544502,16.666666666666657,57.142857142857146,-156.12954004222843,42.95,-38067,177.7,1.0,0.8403361344537785
2014-11-18,3774.0,3774.0,3688.0,3696.0,65,128,3884.4,3952.2,4011.7,4130.833333333333,-71.25762241753682,-42.19553337414758,-29.062089043389243,9.130434782608688,62.57142857142857,-169.62833328977206,41.2,-38132,173.1,8.0,6.666666666666665
2014-11-19,3650.0,3848.0,3650.0,3730.0,86,116,3825.2,3922.6,3993.9,4122.166666666667,-82.43350694815626,-50.24312808894932,-32.190378859206945,15.573770491803273,72.71428571428571,-122.30209643905464,42.05,-38046,167.85,-12.0,-9.375
2014-11-20,3670.0,3718.0,3670.0,3716.0,11,115,3770.4,3890.8,3975.7,4112.966666666666,-91.36693776903303,-58.46789002496607,-32.89904774406696,15.261044176706832,74.0,-113.71584066369884,42.5,-38057,162.65,-1.0,-0.8620689655172376
2014-11-21,3676.0,3738.0,3672.0,3712.0,6,113,3729.6,3859.6,3956.8,4103.566666666667,-97.64393413560038,-66.30309884709293,-31.34083528850745,14.800000000000011,74.85714285714286,-94.6616900789039,42.6,-38063,157.35,-2.0,-1.7391304347826098
2014-11-24,3662.0,3780.0,3662.0,3750.0,19,107,3720.8,3833.0,3940.7,4094.6,-98.41771836427142,-72.72602275052863,-25.691695613742795,19.924812030075188,81.0,-75.93582242211711,43.1,-38044,151.9,-6.0,-5.309734513274334
2014-11-25,3700.0,3748.0,3698.0,3698.0,5,106,3721.2,3802.8,3923.1,4085.0333333333333,-102.05053827717074,-78.59092585585705,-23.459612421313693,19.62962962962962,81.0,-72.1647733038335,43.05,-38049,146.4,-1.0,-0.9345794392523366
2014-11-26,3652.0,3658.0,3652.0,3656.0,7,105,3706.4,3765.8,3902.3,4074.6666666666665,-107.08422295790706,-84.28958527626706,-22.794637681639998,17.073170731707307,83.57142857142857,-80.47244941876146,42.35,-38056,141.65,-1.0,-0.9433962264150941
2014-11-27,3678.0,3678.0,3620.0,3620.0,3,104,3687.2,3728.8,3880.0,4063.5333333333333,-112.67945485355085,-89.96755919172382,-22.71189566182703,16.333333333333343,86.71428571428571,-75.84185822007228,42.2,-38059,137.0,-1.0,-0.952380952380949
2014-11-28,3510.0,3648.0,3510.0,3520.0,34,108,3648.8,3689.2,3852.9,4050.8,-123.75629517231982,-96.72530638784303,-27.03098878447679,14.161849710982665,95.0,-87.11401438336213,43.6,-38093,132.65,4.0,3.8461538461538547
2014-12-01,3678.0,3678.0,3532.0,3660.0,18,109,3630.8,3675.8,3832.7,4040.2,-119.85631200130047,-101.35150751053453,-18.504804490765935,29.16666666666667,105.14285714285714,-62.132301117920974,40.8,-38075,128.45,1.0,0.92592592592593
2014-12-03,3550.0,3686.0,3526.0,3528.0,20,26,3596.8,3659.0,3805.6,4026.6666666666665,-125.9648002633071,-106.27416606108905,-19.69063420221805,22.993492407809114,113.57142857142857,-67.19201116603963,40.75,-38095,120.65,-83.0,-76.14678899082568
2014-12-04,3680.0,3680.0,3480.0,3590.0,10,29,3583.6,3645.0,3783.8,4014.6,-124.36928764507002,-109.89319037788525,-14.47609726718477,28.902953586497887,124.28571428571429,-60.08816794228255,39.95,-38085,113.7,3.0,11.538461538461542
2014-12-05,3600.0,3600.0,3520.0,3520.0,6,31,3563.6,3625.4,3758.1,4000.9333333333334,-127.28597391117955,-113.37174708454413,-13.914226826635428,29.025423728813564,118.85714285714286,-64.04088283636789,39.6,-38091,106.85,2.0,6.896551724137923
2014-12-08,3312.0,3600.0,3268.0,3270.0,57,76,3513.6,3581.2,3720.4,3980.5333333333333,-148.0635945024478,-120.31011656812487,-27.753477934322945,25.559701492537314,126.57142857142857,-97.3503008161881,41.5,-38148,102.65,45.0,145.16129032258064
2014-12-09,3290.0,3352.0,3262.0,3268.0,11,74,3435.2,3533.0,3683.0,3958.733333333333,-162.81456682321414,-128.81100661914274,-34.00356020407139,28.073770491803288,125.42857142857143,-103.50929046993312,40.95,-38159,98.8,-2.0,-2.631578947368418
2014-12-10,3250.0,3380.0,3250.0,3360.0,66,13,3401.6,3499.2,3651.0,3938.866666666667,-165.17712842127094,-136.0842309795684,-29.092897441702547,32.10831721470019,120.57142857142857,-84.43612295058813,43.75,-38093,92.3,-61.0,-82.43243243243244
2014-12-12,3502.0,3502.0,3456.0,3498.0,4,33,3383.2,3483.4,3624.6,3927.5,-154.1372307739216,-139.69483093843903,-14.442399835482576,40.58721934369602,126.42857142857143,-42.002443963970315,34.7,-38089,87.4,20.0,153.84615384615384
2014-12-16,2984.0,3216.0,2984.0,3050.0,5,2,3289.2,3426.4,3577.6,3908.4333333333334,-179.4690804146153,-147.6496808336743,-31.819399580940996,29.338327091136065,158.42857142857142,-125.82713287740675,32.85,-38094,81.7,-31.0,-93.93939393939394
2014-12-17,3168.0,3172.0,3084.0,3172.0,9,6,3269.6,3391.6,3540.4,3891.8333333333335,-187.53854574091838,-155.62745381512312,-31.91109192579526,32.858837485172,158.71428571428572,-98.36964905361907,30.1,-38085,76.05,4.0,200.0
2014-12-18,3200.0,3270.0,3200.0,3270.0,5,7,3270.0,3352.6,3514.2,3878.2,-183.90592118755558,-161.28314728960962,-22.62277389794596,37.64434180138568,162.0,-67.04020478568448,22.35,-38080,70.4,1.0,16.666666666666675
2014-12-22,3516.0,3516.0,3516.0,3516.0,1,5,3301.2,3351.4,3505.2,3869.1,-159.3401222219568,-160.89454227607905,1.5544200541222608,46.38429752066116,176.28571428571428,0.7295404526511687,19.15,-38079,64.25,-2.0,-28.57142857142857
2014-12-23,3656.0,3656.0,3656.0,3656.0,1,5,3332.8,3358.0,3501.5,3862.233333333333,-127.10948061390127,-154.1375299436435,27.02804932974223,50.88235294117647,182.14285714285714,37.43091332494047,14.9,-38078,58.7,0.0,0.0
2014-12-25,3500.0,3502.0,3334.0,3410.0,6,33,3404.8,3347.0,3486.2,3851.766666666667,-120.03294396241745,-147.3166127473983,27.283668784980847,47.483989021042994,195.28571428571428,-20.563987744615698,14.65,-38084,54.6,28.0,560.0
2014-12-26,3430.0,3430.0,3430.0,3430.0,1,33,3456.4,3363.0,3472.1,3841.3,-111.52531047236698,-140.15835229239204,28.633041820025056,44.43368828654405,185.42857142857142,-13.588479535473047,14.4,-38083,50.6,0.0,0.0
2014-12-29,3388.0,3518.0,3388.0,3494.0,14,40,3501.2,3385.6,3459.3,3832.1666666666665,-98.48342884372505,-131.82336760265866,33.33993875893361,49.14914914914915,183.28571428571428,-0.19829267022709005,14.15,-38069,47.25,7.0,21.212121212121215
2014-12-30,3614.0,3614.0,3362.0,3514.0,22,40,3500.8,3401.0,3450.1,3821.5666666666666,-85.5476705438632,-122.56822819089959,37.020557647036384,48.057259713701434,187.0,12.043064400572248,15.0,-38047,43.95,0.0,0.0
2014-12-31,3540.0,3540.0,3492.0,3508.0,20,42,3471.2,3402.0,3442.7,3811.366666666667,-74.91654742523815,-113.0378920377673,38.12134461252916,49.68287526427061,184.71428571428572,19.876690431533202,15.65,-38067,40.8,2.0,5.000000000000004
2015-01-05,3498.0,3500.0,3480.0,3480.0,15,44,3485.2,3445.0,3435.7,3800.7,-67.96718831605631,-104.02375129342511,36.0565629773688,56.287425149700596,163.0,14.500907499811374,16.25,-38082,37.8,2.0,4.761904761904767
2015-01-06,3480.0,3666.0,3428.0,3472.0,159,142,3493.6,3475.0,3433.3,3789.9,-62.38615552890769,-95.69623214052163,33.31007661161394,56.085918854415276,173.57142857142858,26.725485553391938,22.5,-38241,39.5,98.0,222.72727272727272
2015-01-07,3472.0,3500.0,3430.0,3450.0,59,185,3484.8,3493.0,3422.8,3778.733333333333,-59.05758390901747,-88.36850249422079,29.310918585203325,52.80199252801992,169.28571428571428,9.58550796207615,24.55,-38300,43.3,43.0,30.281690140845075
2015-01-08,3486.0,3546.0,3370.0,3406.0,152,274,3463.2,3482.0,3416.7,3766.8333333333335,-59.286679261991594,-82.55213784777496,23.265458585783364,46.957671957671955,171.71428571428572,5.552405962608571,31.15,-38452,55.7,89.0,48.108108108108105
2015-01-09,3390.0,3390.0,3242.0,3242.0,233,289,3410.0,3440.6,3399.3,3752.0,-71.87315933327363,-80.41634214487469,8.543182811601056,57.817589576547235,146.71428571428572,-42.02817392277891,42.3,-38685,68.7,15.0,5.474452554744524
2015-01-12,3222.0,3238.0,3044.0,3082.0,835,591,3330.4,3407.8,3377.4,3735.3,-93.67882708902698,-83.06883913370515,-10.609987955321827,46.44549763033175,152.14285714285714,-88.38046232414649,83.75,-39520,96.7,302.0,104.49826989619378
2015-01-13,3000.0,3088.0,2952.0,2952.0,1059,799,3226.4,3360.0,3361.5,3716.6,-120.06584510747689,-90.4682403284595,-29.597604779017388,37.750385208012325,154.85714285714286,-106.47502043700078,133.85,-40579,132.85,208.0,35.19458544839256
2015-01-14,2952.0,3030.0,2822.0,2922.0,4216,1224,3120.8,3302.8,3344.2,3697.0666666666666,-141.76432537711798,-100.7274573381912,-41.036868038926784,22.55083179297597,152.14285714285714,-106.19042019301008,344.1,-44795,190.35,425.0,53.191489361702125
2015-01-15,2930.0,3018.0,2844.0,2956.0,5353,1442,3030.8,3247.0,3324.0,3677.8333333333335,-154.43676062681288,-111.46931799591555,-42.96744263089734,14.139344262295083,154.57142857142858,-88.76835451448572,608.45,-39442,261.8,218.0,17.810457516339874
2015-01-16,2986.0,3040.0,2936.0,2960.0,3379,1485,2974.4,3192.2,3297.1,3659.4666666666667,-162.28625535945912,-121.63270546862427,-40.65354989083485,19.346049046321525,139.0,-70.84926434372267,777.2,-36063,334.4,43.0,2.9819694868238544
2015-01-19,2960.0,2986.0,2880.0,2888.0,3661,2074,2935.6,3133.0,3289.0,3639.9,-172.33031812310537,-131.7722279995205,-40.55809012358486,15.521628498727736,145.14285714285714,-78.41903509825839,960.0,-39724,438.0,589.0,39.66329966329967
2015-01-20,2890.0,2908.0,2868.0,2886.0,2650,2160,2922.4,3074.4,3274.7,3620.0,-178.39526395646817,-141.09683519091004,-37.29842876555813,8.011049723756898,138.71428571428572,-77.35989413320512,1092.05,-42374,545.7,86.0,4.146576663452262
2015-01-21,2902.0,2904.0,2832.0,2848.0,3827,2369,2907.6,3014.2,3253.6,3599.6,-184.1453467152969,-149.70653749578742,-34.438809219509494,5.121293800539078,125.85714285714286,-73.81290706435689,1283.15,-46201,663.8,209.0,9.67592592592592
2015-01-22,2850.0,2900.0,2848.0,2880.0,3375,2473,2892.4,2961.6,3221.8,3579.5666666666666,-183.99916828742425,-156.5650636541148,-27.43410463330946,9.114583333333329,126.14285714285714,-63.77519595163926,1451.85,-42826,787.2,104.0,4.39003799071338
2015-01-23,2890.0,2896.0,2856.0,2862.0,2210,2676,2872.8,2923.6,3182.1,3559.1666666666665,-183.2236818463566,-161.89678729256318,-21.326894553793437,9.234828496042212,127.0,-59.16309169174769,1562.3,-45036,920.75,203.0,8.208653457339254
2015-01-26,2862.0,2862.0,2742.0,2746.0,4184,3159,2844.4,2890.0,3148.9,3536.9333333333334,-189.78164908658755,-167.47375965136806,-22.307889435219494,8.083140877598154,118.57142857142857,-67.13434939489984,1771.2,-49220,1077.05,483.0,18.04932735426008
2015-01-27,2768.0,2796.0,2750.0,2768.0,3778,3134,2820.8,2871.6,3115.8,3514.9,-191.0019180174054,-172.17939132457553,-18.822526692829854,10.62355658198615,117.14285714285714,-62.204778339022944,1960.05,-45442,1232.1,-25.0,-0.7913896802785647
2015-01-28,2770.0,2824.0,2768.0,2788.0,2858,2932,2808.8,2858.2,3080.5,3493.5,-188.1858675442013,-175.38068656850072,-12.80518097570058,13.301662707838489,108.57142857142857,-52.932374447371096,2102.25,-42584,1376.7,-202.0,-6.445437141033827
2015-01-29,2788.0,2796.0,2768.0,2780.0,1888,3160,2788.8,2840.6,3043.8,3472.3333333333335,-184.4731685404754,-177.19918296289566,-7.273985577579737,16.326530612244895,98.85714285714286,-50.19003519991944,2195.55,-44472,1532.7,228.0,7.776261937244211
2015-01-30,2796.0,2796.0,2744.0,2746.0,2336,3329,2765.6,2819.2,3005.7,3450.233333333333,-182.1743511610257,-178.1942166025217,-3.9801345585040053,20.0,88.42857142857143,-49.38269316337501,2311.35,-46808,1697.05,169.0,5.348101265822791
2015-02-02,2758.0,2790.0,2710.0,2770.0,4791,3578,2770.4,2807.4,2970.2,3428.633333333333,-176.38269251717247,-177.83191178545187,1.4492192682793927,29.95594713656388,84.42857142857143,-46.57395196891317,2550.15,-42017,1873.75,249.0,7.479723640732949
2015-02-03,2782.0,2844.0,2766.0,2834.0,5704,3870,2783.6,2802.2,2938.3,3408.1666666666665,-164.7295959441576,-175.211448617193,10.481852673035405,40.98360655737705,75.14285714285714,-31.814067240163276,2827.4,-36313,2060.15,292.0,8.160983789826727
2015-02-04,2858.0,2860.0,2790.0,2812.0,7470,4459,2788.4,2798.6,2906.4,3387.3,-155.47740237904054,-171.26463936956253,15.78723699052199,34.873949579831944,67.71428571428571,-27.436134187802192,3197.95,-43783,2273.85,589.0,15.219638242894051
2015-02-05,2820.0,2820.0,2772.0,2778.0,4712,4914,2788.0,2788.4,2875.0,3365.766666666667,-149.16896123965853,-166.84550374358173,17.6765425039232,32.015810276679844,63.714285714285715,-36.211488357254666,3425.95,-48495,2505.85,455.0,10.20408163265305
2015-02-06,2796.0,2828.0,2788.0,2822.0,5147,4806,2803.2,2784.4,2854.0,3345.7,-139.01654768328035,-161.27971253152145,22.263164848241104,43.09623430962343,59.714285714285715,-26.53064658950808,3671.65,-43348,2731.7,-108.0,-2.197802197802201
2015-02-09,2818.0,2832.0,2804.0,2820.0,3438,4855,2813.2,2791.8,2840.9,3325.4666666666667,-129.63768751593807,-154.95130752840478,25.313620012466714,43.09623430962343,58.857142857142854,-19.961327727688726,3801.8,-46786,2944.9,49.0,1.0195588847274228
2015-02-10,2822.0,2834.0,2808.0,2820.0,2345,4796,2810.4,2797.0,2834.3,3305.4,-120.8122251339355,-148.12349104951093,27.311265915575433,46.81818181818182,55.57142857142857,-14.296084519449748,3866.1,-46786,3144.75,-59.0,-1.2152420185375878
2015-02-11,2820.0,2838.0,2814.0,2826.0,2539,4824,2813.2,2800.8,2829.5,3285.5666666666666,-112.04227910662394,-140.90724866093353,28.864969554309596,43.47826086956522,53.57142857142857,-6.664123049764394,3782.25,-44247,3324.75,28.0,0.5838198498749003
2015-02-12,2822.0,2854.0,2816.0,2850.0,2701,4420,2827.6,2807.8,2824.2,3266.4,-101.97987376777155,-133.12177368230113,31.141899914529574,48.57142857142857,53.42857142857143,9.624238885186044,3649.65,-41546,3473.65,-404.0,-8.374792703150913
2015-02-13,2854.0,2968.0,2852.0,2966.0,7509,4799,2856.4,2829.8,2824.5,3248.733333333333,-83.68049780408046,-123.23351850665699,39.55302070257653,76.19047619047619,53.285714285714285,102.2435415745149,3856.15,-34037,3639.35,379.0,8.574660633484154
2015-02-16,2960.0,3026.0,2952.0,2966.0,6711,4592,2885.6,2849.4,2828.4,3231.6666666666665,-68.38975597720992,-112.2647660007676,43.87501002355768,74.87437185929647,55.0,131.9207761486744,4008.65,-34037,3765.25,-207.0,-4.313398624713482
2015-02-17,2962.0,2990.0,2914.0,2970.0,4679,4226,2915.6,2863.0,2832.6,3215.9,-55.311371286901704,-100.87408705799442,45.56271577109271,73.82198952879581,56.42857142857143,98.84082719106064,4110.1,-29358,3868.55,-366.0,-7.970383275261328
2015-02-25,2930.0,2936.0,2778.0,2926.0,2971,3782,2935.6,2874.4,2836.5,3201.4333333333334,-47.94441608752231,-90.2881528639,42.34373677637768,67.46411483253588,68.14285714285714,35.900537419573894,4067.3,-32329,3939.2,-444.0,-10.506389020350216
2015-02-26,2906.0,3030.0,2906.0,3022.0,7670,4686,2970.0,2898.8,2843.6,3190.2,-33.96809032062902,-79.0241403552458,45.05605003461679,78.75,73.28571428571429,102.01136266574109,4282.05,-24659,4049.85,904.0,23.90269698572185
2015-02-27,3018.0,3086.0,3006.0,3076.0,13222,5664,2992.0,2924.2,2854.3,3179.3,-18.32318448821252,-66.88394918183916,48.56076469362664,80.0,73.28571428571429,119.87301678612782,4832.65,-11437,4199.25,978.0,20.870678617157502
2015-03-02,3098.0,3192.0,3080.0,3158.0,17740,8332,3030.4,2958.0,2874.9,3170.0,0.6843421267940357,-53.370290920112524,54.05463304690656,80.68181818181819,76.0,129.15252035399536,5510.45,6303,4457.9,2668.0,47.10451977401129
2015-03-03,3148.0,3290.0,3144.0,3202.0,36959,9034,3076.8,2996.2,2896.6,3161.5,19.078451672718984,-38.88054240154623,57.95899407426521,85.45454545454545,81.42857142857143,124.90476109113922,7169.5,43262,4752.9,702.0,8.425348055688907
2015-03-04,3210.0,3216.0,3138.0,3168.0,21775,9168,3125.2,3030.4,2915.6,3151.8,30.560122095620954,-24.992409502112793,55.55253159773375,85.45454545454545,83.57142857142857,93.72729019642775,8115.35,21487,5064.7,134.0,1.4832853663936163
2015-03-05,3182.0,3188.0,3022.0,3050.0,32968,9324,3130.8,3050.4,2929.1,3141.0,29.79436391304398,-14.035054819081438,43.82941873212542,68.26923076923077,91.85714285714286,56.736691053080115,9669.35,-11481,5372.9,156.0,1.7015706806282616
2015-03-06,3054.0,3130.0,2994.0,3002.0,31670,9695,3116.0,3054.0,2941.9,3130.1,25.02581418124646,-6.222881019015858,31.24869520026232,63.582089552238806,99.57142857142857,37.10741621290311,11136.05,-43151,5691.2,371.0,3.9789789789789864
2015-03-09,3000.0,3056.0,2934.0,3022.0,47537,9945,3088.8,3059.6,2954.5,3120.133333333333,22.60001807592107,-0.4583012000284725,23.058319275949543,64.6376811594203,106.42857142857143,20.090290591978494,13273.35,4386,6009.55,250.0,2.578648788035065
2015-03-10,3000.0,3048.0,2964.0,2982.0,25096,9558,3044.8,3060.8,2961.9,3111.1666666666665,17.25103231732237,3.083565503441696,14.167466813880674,60.773480662983424,110.71428571428571,14.854636595924559,14242.95,-20710,6293.95,-387.0,-3.891402714932124
2015-03-11,2966.0,2986.0,2932.0,2958.0,17416,10078,3002.8,3064.0,2969.2,3099.4666666666667,10.949108633892138,4.656674129531785,6.292434504360353,57.4585635359116,111.85714285714286,-2.8122931805077225,14740.25,-38126,6574.9,520.0,5.4404687173048805
2015-03-12,2960.0,3030.0,2960.0,3024.0,20014,10231,2997.6,3064.2,2981.5,3091.0666666666666,11.151885136801411,5.955716330985711,5.1961688058157005,54.302670623145396,108.57142857142857,11.641462643637846,15505.35,-18112,6840.75,153.0,1.5181583647549068
2015-03-13,3030.0,3066.0,3014.0,3050.0,23464,10636,3007.2,3061.6,2992.9,3082.0666666666666,13.257742680256797,7.416121600839928,5.841621079416869,55.99999999999999,107.0,23.9948548182992,16421.2,5352,7132.25,405.0,3.9585573257746143
2015-03-16,3032.0,3036.0,2946.0,2992.0,21941,9548,3001.2,3045.0,3001.5,3073.266666666667,10.129765055553435,7.95885029178263,2.1709147637708046,51.45888594164456,109.0,-2.500662570080722,17346.35,-16589,7366.9,-1088.0,-10.22940955246333
2015-03-17,2988.0,3018.0,2972.0,2988.0,15724,9364,3002.4,3023.6,3009.9,3068.5666666666666,7.2445430982438666,7.815988853074878,-0.5714457548310117,54.34173669467788,98.57142857142857,-6.34945393341935,18015.3,-32313,7595.3,-184.0,-1.9271051529116012
2015-03-18,2978.0,3008.0,2952.0,2970.0,13129,9586,3004.8,3003.8,3017.1,3063.6,3.465585233135698,6.945908129087043,-3.4803228959513444,45.91194968553459,93.71428571428571,-19.939356906184774,18544.8,-45442,7833.4,222.0,2.370781717214876
2015-03-19,2958.0,3044.0,2948.0,2994.0,17133,9501,2998.8,2998.2,3024.3,3057.5,2.3798993247673934,6.032706368223113,-3.652807043455719,43.23432343234324,94.85714285714286,-15.547480993882075,19266.4,-28309,8087.45,-85.0,-0.886709785103279
2015-03-20,2980.0,3016.0,2980.0,2992.0,10895,9308,2987.2,2997.2,3025.6,3049.0666666666666,1.3426251877294817,5.094690132124387,-3.7520649443949052,34.22053231939162,89.14285714285714,-17.787334204327475,19435.7,-39204,8312.9,-193.0,-2.031365119461115
2015-03-23,3004.0,3110.0,3004.0,3094.0,26272,11696,3007.6,3004.4,3032.0,3049.8,8.65139758534633,5.806031622768776,2.8453659625775547,40.75342465753424,87.14285714285714,26.02025407124006,20413.75,-12932,8668.1,2388.0,25.655350236355833
2015-03-24,3116.0,3164.0,3068.0,3120.0,33067,11794,3034.0,3018.2,3039.5,3048.9333333333334,16.35312641441533,7.915450581098087,8.437675833317241,45.833333333333336,88.42857142857143,51.10373516510088,21833.15,20135,9046.5,98.0,0.8378932968536201
2015-03-25,3140.0,3162.0,3072.0,3090.0,18517,11968,3058.0,3031.4,3047.7,3045.9333333333334,19.80772163474694,10.293904791827858,9.513816842919082,54.09836065573771,83.0,42.08157869568314,22610.45,1618,9455.8,174.0,1.4753264371714536
2015-03-26,3110.0,3188.0,3102.0,3164.0,40428,13402,3092.0,3045.4,3054.8,3040.0666666666666,28.191718213243348,13.873467476110957,14.318250737132391,65.75875486381324,80.28571428571429,64.76143932128286,24248.35,42046,9891.6,1434.0,11.98195187165776
2015-03-27,3140.0,3178.0,3082.0,3124.0,32765,12452,3118.4,3052.8,3057.2,3031.2,31.24822016832468,17.3484180145537,13.899802153770977,59.55056179775281,78.42857142857143,45.386026837762714,25225.5,9281,10231.0,-950.0,-7.088494254588862
2015-03-30,3132.0,3148.0,3068.0,3078.0,23100,11642,3115.2,3061.4,3053.2,3025.6666666666665,29.61729468961812,19.802193349566586,9.815101340051534,58.88888888888889,78.14285714285714,27.70918915170567,25493.5,-13819,10396.5,-810.0,-6.504979119820109
2015-03-31,3090.0,3134.0,3074.0,3084.0,20550,11228,3108.0,3071.0,3047.3,3019.9,28.48061752322883,21.537878184299036,6.942739338929794,62.06896551724138,78.57142857142857,35.39788042277711,24673.05,6731,10506.2,-414.0,-3.5560900188970956
2015-04-01,3080.0,3110.0,3068.0,3104.0,16127,10789,3110.8,3084.4,3044.1,3013.4,28.860934643313612,23.002489476101953,5.858445167211659,58.403361344537814,76.42857142857143,39.4328551587712,24390.65,22858,10587.25,-439.0,-3.9098681866761686
2015-04-02,3094.0,3240.0,3094.0,3240.0,51577,15348,3126.0,3109.0,3053.6,3008.8333333333335,39.67900720584976,26.337793022051514,13.341214183798243,66.21160409556313,83.14285714285714,103.96875636723712,25321.1,74435,10888.45,4559.0,42.256001482991934
2015-04-03,3236.0,3358.0,3204.0,3278.0,104796,15856,3156.8,3137.6,3067.4,3005.0,50.73386169551941,31.217006756745096,19.516854938774312,75.26501766784452,86.71428571428571,128.67930215607635,28977.4,179231,11196.5,508.0,3.3098775084701604
2015-04-07,3322.0,3398.0,3278.0,3366.0,29778,16393,3214.4,3164.8,3084.6,3003.1,65.8368518319212,38.14097577178032,27.695876060140876,79.07692307692308,92.0,128.33380405624214,28089.45,209009,11518.9,537.0,3.3867305751765997
2015-04-08,3360.0,3392.0,3258.0,3328.0,72666,14966,3263.2,3185.6,3101.9,3000.7,73.88806231677245,45.29039308077874,28.597669235993706,76.71641791044777,97.57142857142857,99.1795191290615,30467.95,136343,11789.3,-1427.0,-8.704935033245897
2015-04-09,3332.0,3338.0,3238.0,3296.0,57862,16128,3301.6,3206.2,3118.8,2998.133333333333,76.8012550064218,51.592565465907356,25.20868954051444,72.27138643067846,97.85714285714286,74.78751604570903,32490.25,78481,12091.8,1162.0,7.764265668849402
2015-04-10,3300.0,3436.0,3296.0,3370.0,127692,21865,3327.6,3226.8,3136.1,2997.5333333333333,84.111576857214,58.09636774416869,26.015209113045316,75.2,105.28571428571429,92.11281572586765,37874.15,206173,12673.5,5737.0,35.57167658730158
2015-04-13,3370.0,3458.0,3352.0,3386.0,98055,21880,3349.2,3253.0,3152.9,2999.9333333333334,90.1568537846756,64.50846495227007,25.64838883240553,71.98795180722891,104.42857142857143,89.59928981856997,41603.7,304228,13235.7,15.0,0.06860278984679447
2015-04-14,3408.0,3438.0,3328.0,3362.0,67670,21692,3348.4,3281.4,3171.4,3004.6,91.9512234140575,69.99701664462756,21.95420676942993,68.27794561933536,105.42857142857143,72.68637509367896,43890.15,236558,13842.9,-188.0,-0.8592321755027443
2015-04-15,3364.0,3424.0,3350.0,3372.0,79881,22195,3357.2,3310.2,3190.6,3011.6,93.10691217310023,74.6189957503221,18.487916422778127,71.96261682242991,104.28571428571429,67.41654812112685,47098.0,316439,14484.45,503.0,2.3188272174073488
2015-04-16,3376.0,3474.0,3366.0,3450.0,119793,26764,3388.0,3344.8,3214.6,3020.4,99.17354111909526,79.52990482407674,19.643636295018524,72.13622291021672,105.0,76.07081306342745,52431.2,436232,15343.35,4569.0,20.585717503942334
2015-04-17,3438.0,3466.0,3384.0,3406.0,88661,24765,3395.2,3361.4,3235.2,3027.9,99.28644367086827,83.48121259343505,15.80523107743322,71.6923076923077,104.0,65.85955890966886,56007.6,347571,16106.55,-1999.0,-7.468988193095205
2015-04-20,3402.0,3422.0,3292.0,3308.0,85640,25802,3379.6,3364.4,3251.0,3033.7,90.42576682486833,84.87012343972171,5.555643385146624,66.38176638176637,107.57142857142857,34.41947408690277,59744.85,261931,16931.25,1037.0,4.187361195235217
2015-04-21,3288.0,3304.0,3200.0,3218.0,113426,25365,3350.8,3349.6,3257.2,3039.2,75.27366084210644,82.95083092019865,-7.677170078092217,58.52417302798982,111.0,-7.474064928247338,64102.55,148505,17614.7,-437.0,-1.6936671575846884
2015-04-22,3226.0,3300.0,3226.0,3254.0,88009,25032,3327.2,3342.2,3263.9,3045.3333333333335,65.4163281109727,79.44393035835347,-14.02760224738077,59.35162094763092,113.85714285714286,-2.6429969224135452,66849.65,236514,18276.6,-333.0,-1.3128326434062698
2015-04-23,3268.0,3296.0,3176.0,3210.0,93450,28906,3279.2,3333.6,3269.9,3051.366666666667,53.43788989585664,74.2427222658541,-20.804832369997456,47.88732394366197,112.0,-19.75927857592171,70596.3,143064,19123.5,3874.0,15.476190476190466
2015-04-24,3232.0,3282.0,3202.0,3256.0,91114,28925,3249.2,3322.2,3274.5,3057.633333333333,47.11361049773632,68.81689991223054,-21.703289414494222,48.46796657381616,106.71428571428571,-13.763865890393236,73130.6,234178,19899.65,19.0,0.06573029820797771
2015-04-27,3264.0,3338.0,3246.0,3306.0,105323,28906,3248.8,3314.2,3283.6,3065.0333333333333,45.610387487839034,64.17559742735224,-18.56520993951321,45.588235294117645,104.71428571428571,5.352695150296273,76758.5,339501,20722.35,-19.0,-0.06568712186689751
2015-04-28,3316.0,3366.0,3292.0,3296.0,90524,29064,3264.4,3307.6,3294.5,3074.2,43.11515136911112,59.963508215704024,-16.848356846592907,47.54601226993865,100.42857142857143,11.333928953556843,80129.7,248977,21593.45,158.0,0.5465993219400778
2015-04-29,3320.0,3324.0,3220.0,3238.0,69677,26905,3261.2,3294.2,3302.2,3082.0333333333333,36.0420729129105,55.17922115514532,-19.137148242234822,45.72271386430679,100.71428571428571,-26.399394839991764,82586.05,179300,22377.3,-2159.0,-7.428433801266177
2015-04-30,3238.0,3272.0,3222.0,3242.0,61692,27689,3267.6,3273.4,3309.1,3089.6,30.408839673290004,50.225144858774264,-19.81630518548426,39.473684210526315,94.28571428571429,-48.64358716955682,84864.3,240992,23222.3,784.0,2.913956513659177
2015-05-04,3262.0,3284.0,3210.0,3256.0,33058,27073,3267.6,3258.4,3309.9,3097.5333333333333,26.765607480729614,45.533237383165336,-18.767629902435722,39.273927392739274,92.0,-50.55530840643833,83938.35,274050,23808.55,-616.0,-2.224710173715194
2015-05-05,3270.0,3330.0,3262.0,3324.0,83493,29222,3271.2,3260.0,3312.2,3107.1666666666665,29.030703540908235,42.232730614713915,-13.20202707380568,47.07692307692307,89.42857142857143,-8.6542195903213,82873.2,357543,24476.85,2149.0,7.937797805932112
2015-05-06,3360.0,3370.0,3306.0,3324.0,72648,26749,3276.8,3270.6,3310.1,3116.4,30.47451722291862,39.88108793635486,-9.406570713436238,46.25,88.71428571428571,13.85015786856726,85016.7,357543,24994.65,-2473.0,-8.462801998494285
2015-05-07,3340.0,3346.0,3230.0,3252.0,59492,25532,3279.6,3270.4,3306.3,3123.366666666667,25.51483258947519,37.00783686697893,-11.493004277503736,34.38485804416405,89.28571428571429,-28.96694151584521,84358.0,298051,25522.95,-1217.0,-4.549702792627763
2015-05-08,3250.0,3250.0,3140.0,3166.0,64513,26314,3264.4,3266.0,3299.8,3129.266666666667,14.477873602139425,32.50184421401103,-18.023970611871604,32.24852071005918,91.42857142857143,-87.32523476885976,84690.55,233538,26032.25,782.0,3.0628231239229198
2015-05-11,3178.0,3290.0,3178.0,3228.0,58484,27820,3258.8,3263.2,3292.7,3136.766666666667,10.611562445654727,28.12378786033977,-17.512225414685044,43.75,91.0,-48.92175306161465,81230.15,292022,26330.0,1506.0,5.72318917686403
2015-05-12,3222.0,3232.0,3168.0,3182.0,32475,26188,3230.4,3250.8,3282.5,3142.766666666667,3.791956127090998,23.25742151369002,-19.46546538659902,46.97986577181208,87.85714285714286,-68.60309648565932,77951.15,259547,26545.4,-1632.0,-5.866283249460825
2015-05-13,3200.0,3238.0,3190.0,3214.0,31650,26078,3208.4,3242.6,3275.1,3149.3333333333335,0.9584531011273612,18.79762783117749,-17.83917473005013,46.62162162162162,86.0,-49.40560482392802,76150.15,291197,26764.7,-110.0,-0.42003971284557684
2015-05-14,3226.0,3226.0,3160.0,3194.0,27024,25167,3196.8,3238.2,3266.2,3155.5666666666666,-2.8678920400257084,14.46452385693685,-17.33241589696256,48.59154929577465,82.14285714285714,-58.62546051727404,73507.3,264173,26913.3,-911.0,-3.4933660556791146
2015-05-15,3198.0,3208.0,3172.0,3188.0,22390,25887,3201.2,3232.8,3253.1,3161.6,-6.311690745601027,10.309280936429275,-16.6209716820303,43.56060606060606,79.0,-60.09557485512744,68637.15,241783,26869.45,720.0,2.860889259744903
2015-05-18,3170.0,3200.0,3106.0,3114.0,22043,26611,3178.4,3218.6,3238.5,3166.0,-14.841029438053283,5.2792188615327635,-20.120248299586045,32.60869565217391,79.14285714285714,-100.43562080165245,65306.25,219740,26961.75,724.0,2.796770579827723
2015-05-19,3106.0,3134.0,3014.0,3058.0,36275,25936,3153.6,3192.0,3226.0,3167.5333333333333,-25.821667679284474,-0.9409584466306837,-24.88070923265379,30.100334448160538,82.42857142857143,-132.40415457817033,62838.0,183465,26968.45,-675.0,-2.5365450377663357
2015-05-20,3054.0,3054.0,2952.0,2976.0,29821,23979,3106.0,3157.2,3213.9,3167.7,-40.67177835057055,-8.887122427418657,-31.78465592315189,28.93890675241157,82.57142857142857,-138.4000021342446,58657.75,153644,26899.15,-1957.0,-7.545496607032698
2015-05-21,2974.0,3010.0,2970.0,2996.0,15861,24123,3066.4,3131.6,3201.0,3168.133333333333,-50.247542798437735,-17.15920650162247,-33.088336296815264,30.721003134796234,81.85714285714286,-112.2832918328203,55050.35,169505,26853.7,144.0,0.6005254597773124
2015-05-22,3002.0,3030.0,2956.0,2998.0,15455,23425,3028.4,3114.8,3190.4,3169.3333333333335,-57.01775662171303,-25.130916525640586,-31.886840096072447,29.392971246006383,81.85714285714286,-94.10684965431149,51150.6,184960,26579.65,-698.0,-2.8935041246942794
2015-05-25,2950.0,3022.0,2946.0,3000.0,9769,22362,3005.6,3092.0,3177.6,3168.9666666666667,-61.5127360374222,-32.40728042799691,-29.10545560942529,21.07142857142857,82.0,-83.76353645980113,47083.35,194729,26251.5,-1063.0,-4.53788687299893
2015-05-26,2994.0,3100.0,2988.0,3010.0,11648,21301,2996.0,3074.8,3162.8,3167.866666666667,-63.535722918249576,-38.63296892604745,-24.90275399220213,22.456140350877178,85.42857142857143,-58.6449340656849,42399.6,206377,25871.25,-1061.0,-4.744656113048917
2015-05-27,2996.0,3022.0,2950.0,3010.0,6167,20164,3002.8,3054.4,3148.5,3165.4,-64.39663032723684,-43.785701206285324,-20.61092912095151,25.702811244979927,82.28571428571429,-67.68564929984178,38181.75,206377,25426.25,-1137.0,-5.33777756912821
2015-05-28,2998.0,3010.0,2974.0,3000.0,6660,18200,3003.6,3035.0,3136.6,3162.0333333333333,-65.13498649864005,-48.05555826475627,-17.079428233883775,30.33175355450237,76.85714285714286,-60.591997725623074,35030.9,199717,24991.0,-1964.0,-9.74013092640349
2015-05-29,3000.0,3014.0,2962.0,2996.0,6281,16767,3003.2,3015.8,3124.3,3159.1666666666665,-65.29027994918533,-51.502502601642085,-13.787777347543248,18.13186813186813,71.71428571428571,-56.12557405747945,32260.35,193436,24444.9,-1433.0,-7.873626373626374
2015-06-01,3176.0,3216.0,2982.0,3198.0,19118,15425,3042.8,3024.2,3121.4,3161.633333333333,-48.5539397187099,-50.912790025055656,2.358850306345758,51.53846153846153,83.85714285714286,4.085817452394079,31563.35,212554,23862.5,-1342.0,-8.003817021530391
2015-06-02,3200.0,3228.0,3164.0,3192.0,16556,16347,3079.2,3037.6,3114.8,3164.8,-35.36673367239746,-47.80357875452402,12.43684508212656,47.77327935222672,84.42857142857143,34.621967125616116,28216.5,195998,23218.75,922.0,5.977309562398703
2015-06-03,3196.0,3230.0,3196.0,3210.0,15759,16446,3119.2,3061.0,3109.1,3167.9333333333334,-23.19593994753859,-42.88205099312693,19.68611104558834,51.626016260162594,82.42857142857143,49.12624720460716,25372.05,211757,22703.6,99.0,0.6056157093044634
2015-06-04,3198.0,3210.0,3106.0,3108.0,25588,19637,3140.8,3072.2,3101.9,3170.0333333333333,-21.53282873920125,-38.6122065423418,17.079377803140552,43.197278911564624,87.28571428571429,19.496053101007572,23676.85,186169,22408.85,3191.0,19.402894320807484
2015-06-05,3102.0,3128.0,3076.0,3080.0,25177,20677,3157.6,3080.4,3097.6,3172.0666666666666,-22.2180512541604,-35.33337548470553,13.115324230545127,46.86346863468634,84.28571428571429,-2.5179878151234636,21710.05,160992,22127.0,1040.0,5.296124662626678
2015-06-08,3086.0,3094.0,3052.0,3070.0,24509,23111,3132.0,3087.4,3089.7,3172.8333333333335,-23.299430133354235,-32.92658641443527,9.627156281081035,51.20967741935485,78.71428571428571,-10.926547847254964,20011.3,136483,21891.55,2434.0,11.77153358804468
2015-06-09,3068.0,3086.0,3058.0,3060.0,14418,23731,3105.6,3092.4,3083.6,3173.0,-24.6788645243646,-31.277042036421136,6.598177512056537,59.905660377358494,73.14285714285714,-9.997483256674192,19108.45,122065,21768.7,620.0,2.6827052053134848
2015-06-10,3072.0,3150.0,3070.0,3098.0,21615,22418,3083.2,3101.2,3077.8,3174.766666666667,-22.447038311916003,-29.51104129152011,7.064002979604108,61.53846153846153,76.71428571428571,16.39688918234437,18606.7,143680,21585.7,-1313.0,-5.532847330495971
2015-06-11,3112.0,3128.0,3092.0,3102.0,12758,22322,3082.0,3111.4,3073.2,3176.6666666666665,-20.123561498038725,-27.633545332823836,7.5099838347851104,61.71171171171172,74.0,21.014483255874488,17893.4,156438,21443.45,-96.0,-0.4282273173342843
2015-06-12,3098.0,3102.0,2986.0,2986.0,25129,25419,3063.2,3110.4,3063.1,3176.9333333333334,-27.327406598299604,-27.57231758591899,0.244910987619388,48.74551971326165,76.85714285714286,-29.600315255407722,18030.35,131309,21420.05,3097.0,13.874204820356596
2015-06-15,2992.0,3014.0,2972.0,2988.0,15580,24669,3046.8,3089.4,3056.8,3176.8333333333335,-32.50047718570295,-28.557949505875786,-3.942527679827162,48.0,71.85714285714286,-47.800233567957434,17707.2,146889,21322.95,-750.0,-2.950548802077191
2015-06-16,2976.0,3024.0,2962.0,3012.0,16079,23796,3037.2,3071.4,3054.5,3177.1666666666665,-34.268546994230746,-29.70006900354678,-4.5684779906839665,50.174216027874564,71.14285714285714,-39.12323561333466,16697.4,162968,21215.95,-873.0,-3.5388544326887983
2015-06-17,3010.0,3016.0,2976.0,2986.0,10703,23940,3014.8,3049.0,3055.0,3175.366666666667,-37.33733619470968,-31.22752244177936,-6.109813752930318,48.813559322033896,71.42857142857143,-43.62224441050604,15741.5,152265,21214.0,144.0,0.605143721633894
2015-06-18,3006.0,3032.0,2982.0,2996.0,14431,24257,2993.6,3037.8,3055.0,3173.3,-38.518440711384756,-32.68570609570044,-5.832734615684316,50.0,71.28571428571429,-36.93269345983979,15670.0,166696,21220.7,317.0,1.3241436925647498
2015-06-19,3016.0,3018.0,2952.0,2958.0,18204,26439,2988.0,3025.6,3053.0,3171.1,-42.03618993998862,-34.555802864558075,-7.480387075430542,22.222222222222214,59.285714285714285,-54.45933313643822,15807.45,148492,21371.4,2182.0,8.995341550892523
2015-06-23,2960.0,2968.0,2916.0,2924.0,15821,27797,2975.2,3011.0,3049.2,3167.1,-47.02546708559021,-37.0497357087645,-9.975731376825706,20.869565217391298,58.42857142857143,-76.34732843824133,16110.05,132671,21643.15,1358.0,5.136351601800371
2015-06-24,2920.0,2976.0,2914.0,2976.0,16271,25967,2968.0,3002.6,3047.5,3164.633333333333,-46.25039399925981,-38.88986736686357,-7.360526632396244,26.31578947368422,60.142857142857146,-58.94229684945807,16341.2,148942,21876.45,-1830.0,-6.583444256574456
2015-06-25,2976.0,2988.0,2948.0,2950.0,15998,26404,2960.8,2987.8,3044.5,3162.5,-47.1901470626849,-40.549923306027836,-6.640223756657065,31.100478468899524,55.57142857142857,-52.77960720733684,16832.75,132944,22188.45,437.0,1.6829052258636068
2015-06-26,2948.0,2972.0,2936.0,2960.0,16189,25417,2953.6,2973.6,3042.5,3160.4333333333334,-46.59092057889893,-41.758122760602056,-4.832797818296875,35.0,54.42857142857143,-54.10425513803414,17309.2,149133,22549.3,-987.0,-3.7380699893955427
2015-06-29,2948.0,2970.0,2922.0,2936.0,15562,24783,2949.2,2968.6,3039.5,3157.633333333333,-47.50502039269713,-42.907502287021074,-4.597518105676059,33.81642512077295,54.857142857142854,-59.02942103156085,17773.25,133571,22950.1,-634.0,-2.494393516150606
2015-06-30,2930.0,2948.0,2804.0,2812.0,26093,24156,2926.8,2951.0,3020.2,3150.5,-57.57156559846226,-45.84031494930932,-11.73125064915294,26.515151515151516,63.142857142857146,-94.62927480314703,18122.0,107478,23386.65,-627.0,-2.5299600532623145
2015-07-01,2832.0,2850.0,2808.0,2826.0,15788,24725,2896.8,2932.4,3001.9,3142.9666666666667,-63.685564655988856,-49.40936489064523,-14.276199765343627,23.015873015873012,59.714285714285715,-97.18154416731815,18083.6,123266,23805.55,569.0,2.3555224374896433
2015-07-02,2826.0,2830.0,2774.0,2816.0,18353,25233,2870.0,2915.4,2982.2,3133.8,-68.5476942348946,-53.237030759495106,-15.310663475399501,21.960784313725483,61.142857142857146,-99.75661203609832,18213.3,104913,24244.9,508.0,2.054600606673418
2015-07-03,2830.0,2898.0,2824.0,2860.0,27089,23286,2850.0,2901.8,2969.8,3126.0,-68.06591320144526,-56.20280724788514,-11.863105953560115,35.616438356164394,58.714285714285715,-64.87169665759849,18288.35,132002,24427.35,-1947.0,-7.716086077755325
2015-07-06,2870.0,2874.0,2720.0,2726.0,23092,23996,2808.0,2878.6,2952.1,3116.5,-77.60222819573528,-60.48269143745517,-17.119536758280105,27.017543859649123,66.71428571428571,-97.72658808394372,18184.1,108910,24593.3,710.0,3.0490423430387326
2015-07-07,2718.0,2738.0,2634.0,2634.0,29972,24760,2772.4,2849.6,2930.3,3104.233333333333,-91.52837551951552,-66.69182825386724,-24.836547265648278,20.376175548589345,69.71428571428571,-121.08481829639834,18457.25,78938,24675.75,764.0,3.1838639773295485
2015-07-08,2598.0,2630.0,2464.0,2464.0,21503,22480,2700.0,2798.4,2900.5,3088.866666666667,-114.95736985558824,-76.34493657421145,-38.612433281376795,16.624040920716112,79.0,-138.19285986381493,18811.5,57435,24613.2,-2280.0,-9.208400646203552
2015-07-09,2402.0,2686.0,2246.0,2514.0,77048,19670,2639.6,2754.8,2871.3,3074.733333333333,-128.01476006355824,-86.67890127208081,-41.335858791477435,20.681265206812654,106.85714285714286,-121.46246721618198,21583.15,134483,24475.8,-2810.0,-12.5
2015-07-10,2550.0,2592.0,2502.0,2546.0,61408,20954,2576.8,2713.4,2843.5,3060.9666666666667,-134.2333448696486,-96.18978999159437,-38.04355487805422,24.754901960784323,108.57142857142857,-89.41057653894372,24015.65,195891,24407.4,1284.0,6.527707168276553
2015-07-13,2534.0,2576.0,2468.0,2488.0,46760,22417,2529.2,2668.6,2818.6,3044.9333333333334,-142.20251137163132,-105.39233426760177,-36.81017710402955,24.04761904761905,112.57142857142857,-86.75438481916761,25097.2,149131,24257.3,1463.0,6.98196048487163
2015-07-14,2508.0,2558.0,2492.0,2498.0,53118,21970,2502.0,2637.2,2794.1,3029.8,-146.0278981025681,-113.51944703459503,-32.508451067973056,20.050125313283203,113.14285714285714,-75.35571957171071,26974.1,202249,24122.35,-447.0,-1.9940223937190527
2015-07-15,2514.0,2580.0,2510.0,2564.0,49420,19707,2522.0,2611.0,2771.7,3017.4,-142.09590311281727,-119.23473825023949,-22.86116486257778,26.968973747016705,116.14285714285714,-59.59088005845797,28641.15,251669,23917.9,-2263.0,-10.30040964952208
2015-07-16,2558.0,2566.0,2510.0,2550.0,43438,20348,2529.2,2584.4,2749.9,3006.266666666667,-138.51276284320784,-123.09034316883316,-15.42241967437468,25.65320665083135,117.57142857142857,-56.05824923554527,30277.9,208231,23738.3,641.0,3.2526513421626824
2015-07-17,2556.0,2590.0,2536.0,2570.0,37024,19590,2534.0,2555.4,2728.6,2994.866666666667,-132.53152459387684,-124.9785794538419,-7.552945140034936,28.16229116945108,118.0,-45.407345077364525,31407.55,245255,23504.95,-758.0,-3.7251818360526823
2015-07-20,2538.0,2600.0,2530.0,2592.0,36690,19706,2554.8,2542.0,2710.3,2984.5666666666666,-124.5800527507381,-124.89887411322114,0.3188213624830354,35.05434782608695,112.71428571428571,-38.92699840528717,32331.85,281945,23168.3,116.0,0.5921388463501875
2015-07-21,2604.0,2608.0,2570.0,2588.0,27354,18778,2572.8,2537.4,2693.5,2973.4333333333334,-117.24963973687409,-123.36902723795174,6.119387501077654,33.60881542699724,112.42857142857143,-31.149702418316345,32908.5,254591,22717.35,-928.0,-4.709225616563484
2015-07-22,2594.0,2670.0,2584.0,2626.0,58929,17191,2585.2,2553.6,2676.0,2962.1,-107.13892139567815,-120.12300606949704,12.984084673818884,37.40053050397878,114.57142857142857,-16.87448631954619,35041.4,313520,22278.55,-1587.0,-8.451379273618064
2015-07-23,2620.0,2642.0,2584.0,2614.0,38025,17126,2598.0,2563.6,2659.2,2950.733333333333,-98.95372700988992,-115.88915025757562,16.935423247685705,32.963988919667585,112.85714285714286,-16.93294525176299,36142.75,275495,21814.65,-65.0,-0.37810482229073683
2015-07-24,2620.0,2658.0,2588.0,2602.0,49260,17556,2604.4,2569.2,2641.3,2940.133333333333,-92.3704125821655,-111.1854027224936,18.814990140328106,39.666666666666664,106.85714285714286,-11.813166331118753,37796.3,226235,21421.6,430.0,2.5108022889174464
2015-07-27,2608.0,2612.0,2490.0,2490.0,89966,23820,2584.0,2569.4,2619.0,2927.6,-95.09436381306932,-107.96719494060876,12.872831127539442,38.38709677419355,108.14285714285714,-39.169153050778085,41516.5,136269,21373.45,6264.0,35.68010936431989
2015-07-28,2450.0,2544.0,2412.0,2496.0,82166,18722,2565.6,2569.2,2603.2,2914.9333333333334,-95.66618470550839,-105.50699289358869,9.840808188080302,53.50877192982456,105.42857142857143,-53.860367863063885,44320.15,218435,21101.75,-5098.0,-21.402183039462642
2015-07-29,2498.0,2550.0,2482.0,2526.0,50943,18230,2545.6,2565.4,2588.2,2901.633333333333,-92.63081720294076,-102.9317577554591,10.300940552518341,51.37614678899082,78.85714285714286,-35.30568245161034,46077.9,269378,20777.0,-492.0,-2.6279243670548014
2015-07-30,2516.0,2568.0,2494.0,2524.0,60753,16137,2527.6,2562.8,2573.6,2888.3,-89.35660258180678,-100.21672672072864,10.860124138921861,47.29064039408867,77.71428571428571,-27.39676649019316,48197.9,208625,20322.2,-2093.0,-11.48107515085025
2015-07-31,2540.0,2554.0,2514.0,2532.0,37276,16335,2513.6,2559.0,2557.2,2876.3,-85.13484921673898,-97.20035121993072,12.065502003191739,56.17977528089887,72.85714285714286,-22.51072597409213,48707.25,245901,19974.65,198.0,1.2269938650306678
2015-08-03,2526.0,2568.0,2412.0,2434.0,61943,17544,2502.4,2543.2,2542.6,2864.1,-88.67467379719255,-95.4952157353831,6.820541938190544,42.792792792792795,79.0,-74.92881663817747,50649.8,183958,19652.05,1209.0,7.401285583103756
2015-08-04,2412.0,2488.0,2404.0,2464.0,44027,16479,2496.0,2530.8,2534.1,2851.366666666667,-88.04434064743782,-94.00504071779405,5.960700070356225,37.74509803921569,79.14285714285714,-89.46049061417753,51352.55,227985,19238.0,-1065.0,-6.070451436388513
2015-08-05,2486.0,2494.0,2440.0,2480.0,31072,15903,2486.8,2516.2,2534.9,2839.6666666666665,-85.27078230335701,-92.25818903490665,6.98740673154964,41.463414634146346,79.0,-64.15360462795795,51831.0,259057,18909.15,-576.0,-3.4953577280174786
2015-08-06,2488.0,2488.0,2440.0,2450.0,31087,15710,2472.0,2499.8,2531.7,2826.9333333333334,-84.51918209299856,-90.71038764652504,6.191205553526473,35.71428571428572,78.57142857142857,-72.73218627207153,49532.95,227970,18711.15,-193.0,-1.2136074954411158
2015-08-07,2448.0,2546.0,2432.0,2538.0,31455,15966,2473.2,2493.4,2531.3,2816.0,-75.94719694707146,-87.75774950663433,11.810552559562865,44.44444444444444,81.71428571428571,-26.380980439409306,48035.3,259425,18461.75,256.0,1.6295353278166669
2015-08-10,2502.0,2588.0,2502.0,2588.0,75167,16635,2504.0,2503.2,2536.3,2806.0,-64.37715505841516,-83.0816306169905,18.70447555857534,50.0,85.14285714285714,22.831261269386967,49455.65,334592,18172.65,669.0,4.1901540774144985
2015-08-11,2604.0,2646.0,2550.0,2554.0,73086,18033,2522.0,2509.0,2539.1,2796.6666666666665,-57.290915344415225,-77.92348756247544,20.63257221806022,43.18181818181818,85.85714285714286,41.84072433498808,50454.05,261506,17975.8,1398.0,8.40396753832282
2015-08-12,2540.0,2544.0,2500.0,2538.0,51547,17177,2533.6,2510.2,2537.8,2788.0,-52.36248348479194,-72.81128674693875,20.44880326214681,42.857142857142854,85.57142857142857,-9.612402006366734,50560.4,209959,17849.3,-856.0,-4.746852991737372
2015-08-13,2548.0,2576.0,2510.0,2542.0,44893,16956,2552.0,2512.0,2537.4,2780.766666666667,-47.58536469466162,-67.76610233648333,20.180737641821707,44.274809160305345,85.28571428571429,4.758954947512361,50633.15,254852,17679.7,-221.0,-1.2866041800081551
2015-08-14,2524.0,2572.0,2506.0,2506.0,44211,15382,2545.6,2509.4,2534.2,2772.6,-46.17211932125929,-63.447305733438526,17.275186412179238,51.78571428571429,81.28571428571429,-7.314564084675004,50992.5,210641,17469.3,-1574.0,-9.282849728709596
2015-08-17,2522.0,2538.0,2420.0,2440.0,46232,16616,2516.0,2510.0,2526.6,2763.3,-49.803655062083635,-60.71857559916755,10.914920537083916,44.488188976377955,80.28571428571429,-59.2978539458878,51469.6,164409,17314.8,1234.0,8.02236380184631
2015-08-18,2432.0,2474.0,2418.0,2428.0,44573,16686,2490.8,2506.4,2518.6,2753.766666666667,-53.03857730846039,-59.18257594102612,6.143998632565733,39.99999999999999,79.42857142857143,-74.03151180020981,52330.55,119836,17210.2,70.0,0.4212806933076463
2015-08-19,2432.0,2452.0,2384.0,2450.0,46434,15425,2473.2,2503.4,2509.8,2744.4333333333334,-53.21364656350215,-57.988790065521336,4.7751435020191835,42.74509803921569,79.0,-77.86871988698678,51705.8,166270,17121.9,-1261.0,-7.557233609013547
2015-08-20,2452.0,2466.0,2400.0,2412.0,32245,15724,2447.2,2499.6,2499.7,2734.4666666666667,-55.77572479393666,-57.546177011204406,1.7704522172677457,38.888888888888886,80.85714285714286,-74.58521394942233,51416.8,134025,17051.8,299.0,1.938411669367901
2015-08-21,2430.0,2438.0,2338.0,2354.0,31216,16218,2416.8,2481.2,2487.3,2723.7,-61.774210874260916,-58.39178378381571,-3.382427090445205,41.99999999999999,76.85714285714286,-109.81435857992045,50514.6,102809,16984.9,494.0,3.1416942253879476
2015-08-24,2326.0,2370.0,2244.0,2244.0,55463,16032,2377.6,2446.8,2475.0,2711.1666666666665,-74.54482861953784,-61.622392750960145,-12.922435868577693,31.034482758620683,79.85714285714286,-140.62242678211098,48789.45,47346,16595.5,-186.0,-1.146873843877172
2015-08-25,2214.0,2296.0,2162.0,2222.0,91146,14645,2336.4,2413.6,2461.3,2694.9,-85.45577040151238,-66.38906828107059,-19.06670212044179,27.9863481228669,85.57142857142857,-134.8035883342957,49238.45,-43800,16391.65,-1387.0,-8.651447105788424
2015-08-26,2292.0,2310.0,2228.0,2246.0,73054,14818,2295.6,2384.4,2447.3,2679.133333333333,-91.11584421472253,-71.33442346780099,-19.78142074692154,32.41379310344827,88.42857142857143,-97.07941650766077,50344.0,29254,16221.05,173.0,1.1812905428473908
2015-08-27,2252.0,2362.0,2220.0,2356.0,104302,15043,2284.4,2365.8,2438.9,2664.9,-85.73708900610154,-74.2149565754611,-11.52213243064044,34.883720930232556,90.42857142857143,-63.71223752595224,52521.45,133556,16166.35,225.0,1.5184235389391176
2015-08-28,2368.0,2402.0,2332.0,2364.0,103404,14353,2286.4,2351.6,2430.5,2652.5,-79.90772707335191,-75.35351067503926,-4.554216398312647,30.0,89.28571428571429,-33.83482563254418,55827.85,236960,16067.25,-690.0,-4.586851027055772
2015-08-31,2346.0,2410.0,2318.0,2346.0,133765,14162,2306.8,2342.2,2426.1,2640.266666666667,-75.8658312334669,-75.4559747867248,-0.4098564467421113,30.882352941176464,89.0,-34.64617145117346,59418.95,103195,15898.15,-191.0,-1.330732251097333
2015-09-01,2328.0,2430.0,2314.0,2384.0,146311,14152,2339.2,2337.8,2422.1,2628.8333333333335,-68.80319681494166,-74.12541919236817,5.322222377426513,36.39575971731448,93.42857142857143,-23.86544333431407,64533.15,249506,15781.8,-10.0,-0.07061149555147583
2015-09-02,2358.0,2388.0,2272.0,2272.0,142817,17765,2344.4,2320.0,2411.7,2615.7,-71.42018469997265,-73.58437229388907,2.1641875939164237,29.97032640949554,97.0,-50.55281410241389,70120.4,106689,15874.9,3613.0,25.529960429621255
2015-09-07,2266.0,2310.0,2254.0,2284.0,66958,19233,2330.0,2307.2,2403.4,2602.133333333333,-71.69936113753329,-73.20737006261793,1.5080089250846385,32.92307692307692,96.28571428571429,-57.68265809273285,71913.95,173647,16051.05,1468.0,8.263439347030687
2015-09-08,2282.0,2304.0,2260.0,2304.0,83862,18687,2318.0,2302.2,2391.7,2588.8333333333335,-69.50556078362706,-72.46700820681976,2.961447423192695,38.74172185430464,91.0,-49.39741946984433,74534.3,257509,16187.1,-546.0,-2.8388706909998396
2015-09-09,2320.0,2384.0,2312.0,2346.0,159379,16837,2318.0,2312.4,2379.6,2578.1666666666665,-63.64425781935688,-70.70245812932718,7.058200309970303,43.53312302839117,92.71428571428571,-19.159134995104342,78744.9,416888,16197.2,-1850.0,-9.899930432921277
2015-09-10,2336.0,2466.0,2326.0,2466.0,184082,23285,2334.4,2336.8,2375.2,2569.4666666666667,-48.75412862718713,-66.31279222889917,17.55866360171204,51.092896174863384,97.85714285714286,22.054528219011825,84294.7,600970,16459.8,6448.0,38.29660865949991
2015-09-11,2468.0,2482.0,2430.0,2450.0,238654,22978,2370.0,2357.2,2370.8,2560.1,-37.808823663211115,-60.61199851576156,22.80317485255045,52.67605633802817,96.85714285714286,45.18179161629587,93650.05,362316,16749.85,-307.0,-1.3184453510843852
2015-09-14,2436.0,2550.0,2426.0,2498.0,548893,34878,2412.8,2371.4,2368.6,2551.9666666666667,-24.973512666783336,-53.48430134596592,28.510788679182582,60.285714285714285,98.57142857142857,71.693776617625,118850.05,911209,17645.95,11900.0,51.788667421011404
2015-09-15,2496.0,2556.0,2384.0,2414.0,745134,46795,2434.8,2376.4,2364.0,2542.266666666667,-21.333613593607424,-47.05416379549422,25.720550201886795,62.611275964391695,101.85714285714286,53.804757463421566,153896.2,166075,19216.6,11917.0,34.16767016457365
2015-09-16,2420.0,2446.0,2392.0,2436.0,530750,48988,2452.8,2385.4,2363.8,2533.5666666666666,-16.48373695686132,-40.94007842776764,24.456341470906317,65.8753709198813,96.14285714285714,38.95579291943187,178122.1,696825,20835.2,2193.0,4.6863981194572135
2015-09-17,2448.0,2460.0,2408.0,2412.0,421436,52319,2442.0,2388.2,2363.0,2525.0333333333333,-14.410657119446114,-35.634194166103335,21.22353704665722,62.31454005934718,93.57142857142857,41.088179528226995,196965.25,275389,22616.85,3331.0,6.799624397811699
2015-09-18,2402.0,2428.0,2364.0,2372.0,355485,52148,2426.4,2398.2,2359.1,2514.9666666666667,-15.81310844774589,-31.669977022431844,15.856868574685954,51.324503311258276,88.0,16.657675918873267,212417.8,-80096,24453.0,-171.0,-0.32684110934841915
2015-09-21,2360.0,2404.0,2336.0,2402.0,295514,50349,2407.2,2410.0,2358.6,2505.8333333333335,-14.33852634373261,-28.203686886692,13.86516054295939,53.03514376996805,87.85714285714286,13.427970910659198,225581.25,215418,26184.25,-1799.0,-3.449796732377075
2015-09-22,2408.0,2414.0,2338.0,2346.0,251667,54979,2393.6,2414.2,2358.2,2495.6,-17.487061432113023,-26.060361795776206,8.573300363663183,50.0,86.71428571428571,3.5474429238189935,236603.8,-36249,28122.3,4630.0,9.195813223698579
2015-09-23,2330.0,2382.0,2322.0,2360.0,249182,50483,2378.4,2415.6,2364.0,2486.0,-18.637770559110777,-24.57584354844312,5.938072989332344,48.125,82.71428571428571,-7.004794931061077,246289.75,212933,29844.85,-4496.0,-8.177667836810421
2015-09-24,2356.0,2396.0,2346.0,2372.0,257589,50483,2370.4,2406.2,2371.5,2478.6666666666665,-18.369662090985457,-23.334607256951593,4.964945165966135,59.25925925925926,78.0,-0.21792261125449136,254611.9,470522,31636.75,0.0,0.0
2015-09-25,2360.0,2398.0,2350.0,2364.0,244281,42500,2368.8,2397.6,2377.4,2470.9666666666667,-18.588441358511318,-22.38537407726354,3.7969327187522204,57.462686567164184,77.42857142857143,-5.773397184891886,263173.25,226241,33020.85,-7983.0,-15.813244062357622
2015-09-28,2368.0,2368.0,2326.0,2366.0,130372,40722,2361.6,2384.4,2377.9,2463.4666666666667,-18.388471367444254,-21.585993535299682,3.1975221678554284,55.98455598455599,77.28571428571429,-24.01032620420796,264476.75,356613,34304.8,-1778.0,-4.183529411764708
2015-09-29,2356.0,2388.0,2300.0,2328.0,305656,32131,2358.0,2375.8,2376.1,2454.6,-21.05358352410167,-21.47951153306008,0.42592800895841165,48.24902723735409,77.85714285714286,-35.938385561839524,274589.35,50957,35193.7,-8591.0,-21.096704484062666
2015-09-30,2346.0,2354.0,2308.0,2344.0,125320,25233,2354.8,2366.6,2376.0,2448.233333333333,-21.62535420496897,-21.508680067441862,-0.11667413752710942,35.1219512195122,71.14285714285714,-37.503110981863045,274167.1,176277,35747.25,-6898.0,-21.468363885344377
2015-10-08,2400.0,2444.0,2344.0,2380.0,84886,28018,2356.4,2363.4,2375.8,2444.0,-18.955085032372153,-20.99796106042792,2.0428760280557654,41.860465116279066,74.57142857142857,10.951629062257197,271095.85,261163,36440.55,2785.0,11.037133911940721
2015-10-09,2382.0,2468.0,2378.0,2462.0,248688,38523,2376.0,2372.4,2385.3,2443.9666666666667,-10.105670893929073,-18.81950302712815,8.713832133199077,46.12068965517241,72.14285714285714,48.367086501805524,276389.4,509851,37478.45,10505.0,37.493754015275904
2015-10-12,2454.0,2462.0,2408.0,2436.0,213252,45663,2390.0,2375.8,2392.9,2442.6666666666665,-5.131278951912918,-16.081858212085105,10.950579260172187,52.70935960591133,63.714285714285715,44.28934452365149,283704.1,296599,38799.95,7140.0,18.534382057472154
2015-10-13,2426.0,2428.0,2370.0,2418.0,203951,42559,2408.0,2383.0,2398.6,2440.5333333333333,-2.611384650312175,-13.387763499730521,10.776378849418347,47.76119402985074,64.57142857142857,9.558238861105504,289708.55,92648,39993.55,-3104.0,-6.797626086766096
2015-10-14,2408.0,2440.0,2404.0,2414.0,169141,43831,2422.0,2388.4,2402.0,2439.3,-0.9264374379431501,-10.895498287373048,9.969060849429898,50.261780104712045,63.42857142857143,22.125564943411327,290196.65,-76493,41343.25,1272.0,2.98879202988791
2015-10-15,2416.0,2444.0,2404.0,2412.0,163112,45651,2428.4,2392.4,2399.3,2437.866666666667,0.24469143143960537,-8.667460343610518,8.912151775050123,55.81395348837209,61.714285714285715,22.863743228822813,289148.15,-239605,42461.55,1820.0,4.152312290388083
2015-10-16,2404.0,2448.0,2392.0,2428.0,213126,46699,2421.6,2398.8,2398.2,2435.6,2.4358073099424473,-6.446806812899925,8.882614122842373,53.93939393939394,60.857142857142854,28.891136400404335,287871.75,-26479,43647.6,1048.0,2.295678079341079
2015-10-19,2422.0,2488.0,2418.0,2444.0,349945,59832,2423.2,2406.6,2395.5,2433.8333333333335,5.4010883280298,-4.077227784713981,9.47831611274378,66.89655172413794,60.42857142857143,71.99078731314127,277924.35,323466,44895.3,13133.0,28.122657872759582
2015-10-20,2430.0,2440.0,2358.0,2380.0,291088,54447,2415.6,2411.8,2393.8,2430.6666666666665,2.5573502273509803,-2.7503121823009886,5.307662409651969,52.94117647058823,62.285714285714285,-1.9783495007200524,255222.05,32378,45277.9,-5385.0,-9.000200561572402
2015-10-21,2384.0,2386.0,2274.0,2284.0,351394,59374,2389.6,2405.8,2386.2,2425.5333333333333,-7.357912959532314,-3.6718323377472535,-3.6860806217850604,39.62264150943396,66.71428571428571,-97.21487484368717,246254.25,-319016,45797.2,4927.0,9.049167079912568
2015-10-22,2284.0,2292.0,2232.0,2258.0,432242,63701,2358.8,2393.6,2378.5,2420.0333333333333,-17.116504767380775,-6.360766823673958,-10.755737943706816,38.009049773755656,67.57142857142857,-128.7877747024356,246794.55,-751258,46366.3,4327.0,7.287701687607373
2015-10-23,2262.0,2282.0,2152.0,2206.0,591201,82600,2314.4,2368.0,2370.2,2413.0333333333333,-28.715213394414604,-10.831656137822089,-17.883557256592518,33.73983739837399,73.85714285714286,-132.96586169305084,258580.35,-1342459,47888.9,18899.0,29.668294061317724
2015-10-26,2200.0,2238.0,2164.0,2214.0,495506,78671,2268.4,2345.8,2360.8,2406.366666666667,-36.83710518602902,-16.032745947463475,-20.804359238565546,37.662337662337656,72.85714285714286,-112.36722137817704,268579.95,-846953,49305.0,-3929.0,-4.75665859564165
2015-10-27,2210.0,2238.0,2170.0,2226.0,406161,74033,2237.6,2326.6,2354.8,2400.1,-41.82334969300837,-21.190866696572456,-20.63248299643591,37.117903930131,74.42857142857143,-92.36573495688867,276304.65,-440792,50257.7,-4638.0,-5.895437963163042
2015-10-28,2212.0,2234.0,2204.0,2216.0,321230,71062,2224.0,2306.8,2347.6,2395.5333333333333,-46.051052942715614,-26.16290394580109,-19.888148996914524,31.01851851851852,69.42857142857143,-77.86212167355569,279907.05,-762022,51286.65,-2971.0,-4.01307525022625
2015-10-29,2220.0,2266.0,2216.0,2238.0,311296,65963,2220.0,2289.4,2340.9,2391.233333333333,-47.08357197946407,-30.34703755253369,-16.73653442693038,19.892473118279568,66.57142857142857,-58.545339850343346,282592.4,-450726,52060.65,-5099.0,-7.175424277391573
2015-10-30,2242.0,2270.0,2176.0,2180.0,384627,79813,2214.8,2264.6,2331.7,2385.4666666666667,-51.98274134467147,-34.674178310961246,-17.30856303371022,18.316831683168303,69.42857142857143,-68.32363553127084,289609.7,-835353,53926.3,13850.0,20.996619316889763
2015-11-02,2190.0,2212.0,2160.0,2188.0,341631,71213,2209.6,2239.0,2322.8,2379.866666666667,-54.59054935052154,-38.657452518873306,-15.933096831648236,20.812182741116743,68.42857142857143,-71.47701045053788,300172.65,-493722,55450.85,-8600.0,-10.775186999611597
2015-11-03,2184.0,2218.0,2152.0,2164.0,320544,80041,2197.2,2217.4,2314.6,2373.733333333333,-57.92611916307624,-42.5111858477139,-15.41493331536234,19.806763285024147,70.57142857142857,-68.05578838155165,300917.05,-814266,57846.35,8828.0,12.396612977967504
2015-11-04,2170.0,2254.0,2164.0,2226.0,384465,67333,2199.2,2211.6,2308.7,2370.266666666667,-54.933461675327635,-44.99564101323664,-9.937820662090992,30.37974683544303,74.14285714285714,-46.08648804868415,313874.3,-429801,59951.35,-12708.0,-15.876863107657325
2015-11-05,2232.0,2250.0,2194.0,2244.0,347187,77431,2200.4,2210.2,2301.9,2366.6,-50.52686721426744,-46.10188625344281,-4.424980960824634,30.672268907563023,74.14285714285714,-35.3145830625731,326989.35,-82614,62422.0,10098.0,14.99710394605913
2015-11-06,2250.0,2302.0,2222.0,2292.0,517513,78899,2222.8,2218.8,2293.4,2363.4666666666667,-42.6695425827902,-45.41541751931229,2.7458749365220925,35.03937007874015,74.85714285714286,-11.473716056652899,340430.6,434899,64440.8,1468.0,1.895881494491869
2015-11-09,2286.0,2312.0,2256.0,2270.0,471985,64400,2239.2,2224.4,2285.1,2360.4666666666667,-37.78224217256957,-43.888782449963756,6.106540277394188,38.19742489270386,72.71428571428571,-4.123410536084567,353367.25,-37086,65377.65,-14499.0,-18.376658766270804
2015-11-10,2272.0,2298.0,2252.0,2292.0,282952,63449,2264.8,2231.0,2278.8,2356.366666666667,-31.767608037238915,-41.46454756741879,9.696939530179876,51.020408163265316,68.0,-0.11114558916509629,357317.3,245866,66422.15,-951.0,-1.476708074534161
2015-11-11,2294.0,2296.0,2258.0,2268.0,248959,57800,2273.2,2236.2,2271.5,2351.0333333333333,-28.60779373705418,-38.89319680134587,10.285403064291692,51.282051282051285,66.42857142857143,0.2384881876780813,361308.2,-3093,67120.6,-5649.0,-8.903213604627336
2015-11-12,2268.0,2324.0,2256.0,2304.0,290151,56640,2285.2,2242.8,2266.1,2346.866666666667,-22.93434613734189,-35.701426668545075,12.767080531203185,63.101604278074866,62.0,17.812516970811195,367660.15,287058,67670.05,-1160.0,-2.006920415224911
2015-11-13,2290.0,2350.0,2284.0,2296.0,382658,53889,2286.0,2254.4,2259.5,2342.8333333333335,-18.866153902383758,-32.33437211531282,13.46821821292906,60.962566844919785,61.42857142857143,35.3045014114582,376136.75,-95600,68029.55,-2751.0,-4.856991525423727
2015-11-16,2290.0,2296.0,2178.0,2178.0,374789,53190,2267.6,2253.4,2246.2,2336.766666666667,-24.876930312004788,-30.84288375465121,5.965953442646423,45.0,65.0,-31.073486206006404,377378.95,-470389,67697.45,-699.0,-1.2971107276067428
2015-11-17,2178.0,2194.0,2092.0,2108.0,382576,43786,2230.8,2247.8,2232.6,2330.133333333333,-34.88677587154325,-31.651662178029618,-3.2351136935136324,40.0,70.14285714285714,-110.98307788714376,381953.35,-852965,67164.4,-9404.0,-17.680015040421125
2015-11-18,2100.0,2124.0,2062.0,2082.0,194801,43246,2193.6,2233.4,2222.5,2324.1666666666665,-44.40575144244576,-34.20248003091285,-10.20327141153291,35.66176470588235,71.0,-125.29529115280151,374123.7,-1047766,66358.0,-540.0,-1.233270908509565
2015-11-19,2076.0,2096.0,2022.0,2036.0,154424,39186,2140.0,2212.6,2211.4,2317.633333333333,-55.02710550577467,-38.36740512588522,-16.65970037988945,36.46616541353384,69.57142857142857,-123.79409114871937,360232.8,-1202190,65132.25,-4060.0,-9.388151505341536
2015-11-20,2028.0,2096.0,2012.0,2058.0,153987,34871,2092.4,2189.2,2204.0,2311.1,-60.966603925695836,-42.887244885847345,-18.07935903984849,38.095238095238095,71.85714285714286,-101.00247111498152,338372.1,-1048203,62745.8,-4315.0,-11.011585770428212
2015-11-23,2050.0,2092.0,1922.0,1924.0,186483,37683,2041.6,2154.6,2189.5,2302.9666666666667,-75.61473968004202,-49.432743844686286,-26.181995835355735,31.707317073170742,79.28571428571429,-119.18815098466318,322920.95,-1234686,60696.4,2812.0,8.064007341343803
2015-11-24,1934.0,1966.0,1890.0,1954.0,124855,27778,2010.8,2120.8,2175.9,2296.3,-83.83633048837555,-56.313461173424145,-27.522869314951407,28.205128205128204,78.28571428571429,-114.06134316996344,308855.65,-1109831,58383.65,-9905.0,-26.285062229652635
2015-11-25,1898.0,1996.0,1808.0,1924.0,470838,42587,1979.2,2086.4,2161.3,2290.9666666666667,-91.71551040386885,-63.393871019513085,-28.321639384355763,24.842767295597483,87.71428571428571,-104.44963872184876,316336.05,-1580669,56959.9,14809.0,53.31197350421198
2015-11-26,1908.0,1994.0,1878.0,1930.0,458752,37362,1958.0,2049.0,2145.9,2286.1,-96.36483358092073,-69.98806353179462,-26.376770049126108,19.52861952861953,90.28571428571429,-82.17612796588523,323708.85,-1121917,55529.85,-5225.0,-12.269002277690378
2015-11-27,1918.0,1958.0,1854.0,1876.0,356623,51734,1921.6,2007.0,2130.7,2279.9333333333334,-103.21698326572277,-76.63384747858026,-26.58313578714251,18.53035143769968,93.71428571428571,-83.71998158799194,322308.65,-1478540,54125.9,14372.0,38.46689149403137
2015-11-30,1870.0,1908.0,1842.0,1868.0,363672,56280,1910.4,1976.0,2114.7,2271.8,-108.04739132913505,-82.91655624869122,-25.13083508044383,15.359477124183016,95.14285714285714,-80.25902820001764,323410.7,-1842212,53379.25,4546.0,8.787257896161126
2015-12-01,1872.0,1896.0,1852.0,1884.0,290317,50361,1896.4,1953.6,2100.7,2263.8,-109.32423649187535,-88.19809229732805,-21.126144194547308,18.21192052980132,95.57142857142857,-70.01736279224222,321899.35,-1551895,51895.25,-5919.0,-10.517057569296373
2015-12-02,1870.0,1926.0,1866.0,1892.0,274976,46852,1890.0,1934.6,2084.0,2256.233333333333,-108.44057687303257,-92.24658921246895,-16.19398766056362,14.2361111111111,95.0,-58.221277085278736,316424.9,-1276919,50871.2,-3509.0,-6.967693254701057
2015-12-03,1884.0,1898.0,1820.0,1826.0,298176,65455,1869.2,1913.6,2063.1,2246.9333333333334,-111.77741817595575,-96.15275500516631,-15.624663170789432,12.933753943217667,95.85714285714286,-64.60193558640238,313974.35,-1575095,50272.4,18603.0,39.70588235294117
2015-12-04,1832.0,1854.0,1796.0,1840.0,276833,54854,1862.0,1891.8,2040.5,2239.733333333333,-112.00112668193879,-99.32242934052081,-12.678697341417973,18.113207547169807,91.57142857142857,-63.00862551042497,301940.35,-1298262,49070.15,-10601.0,-16.195859750973952
2015-12-07,1850.0,1904.0,1808.0,1822.0,265281,60745,1852.8,1881.6,2018.1,2232.0333333333333,-112.335928198798,-101.92512911217626,-10.410799086621736,20.0836820083682,91.14285714285714,-53.51486277714767,291605.15,-1563543,48887.4,5891.0,10.739417362453052
2015-12-08,1812.0,1828.0,1738.0,1740.0,289152,71140,1824.0,1860.2,1990.5,2222.633333333333,-117.85936610290378,-105.11197651032177,-12.74738959258201,17.97752808988764,93.14285714285714,-69.08475978254356,291915.15,-1852695,49271.95,10395.0,17.112519548934067
2015-12-09,1720.0,1762.0,1712.0,1732.0,223020,69990,1792.0,1841.0,1963.7,2212.4,-121.48189590124412,-108.38596038850623,-13.095935512737881,19.354838709677423,91.42857142857143,-72.26494071504573,290618.2,-2075715,49881.45,-1150.0,-1.6165307843688526
2015-12-10,1722.0,1756.0,1666.0,1684.0,349309,78274,1763.6,1816.4,1932.7,2199.366666666667,-126.76471103212316,-112.06171051722963,-14.703000514893532,14.17624521072797,91.85714285714286,-76.9370745557555,293576.1,-2425024,50963.15,8284.0,11.835976568081152
2015-12-11,1680.0,1696.0,1642.0,1670.0,257867,73683,1729.6,1795.8,1901.4,2186.366666666667,-130.57586578102132,-115.76454156998797,-14.811324211033352,18.407960199004975,83.57142857142857,-84.54282785924825,287336.55,-2682891,51952.85,-4591.0,-5.8652937118327975
2015-12-14,1656.0,1734.0,1652.0,1702.0,405324,59776,1705.6,1779.2,1877.6,2173.1,-129.52106262667098,-118.51584578132459,-11.005216845346396,18.811881188118804,84.0,-71.91930213015864,288863.3,-2277567,52282.15,-13907.0,-18.874095788716527
2015-12-15,1678.0,1750.0,1666.0,1702.0,311883,55320,1698.0,1761.0,1857.3,2161.233333333333,-127.21862639318647,-120.25640190369697,-6.9622244894895005,20.32085561497327,76.57142857142857,-63.7241752897054,285328.65,-2277567,52858.85,-4456.0,-7.454496788008569
2015-12-16,1712.0,1728.0,1696.0,1710.0,218940,52529,1693.6,1742.8,1838.7,2149.133333333333,-123.32676180691601,-120.87047388434078,-2.4562879225752283,20.744680851063833,70.57142857142857,-57.41038608182635,286535.6,-2058627,53323.0,-2791.0,-5.045191612436728
2015-12-17,1710.0,1736.0,1698.0,1712.0,178900,50859,1699.2,1731.4,1822.5,2137.4666666666667,-118.71260280847673,-120.43889966916798,1.7262968606912494,24.691358024691354,65.85714285714286,-51.68197905862591,287759.4,-1879727,53906.65,-1670.0,-3.1791962534980622
2015-12-18,1714.0,1756.0,1704.0,1744.0,144933,52517,1714.0,1721.8,1806.8,2127.0,-111.19196424493066,-118.58951258432053,7.397548339389871,32.18390804597702,64.85714285714286,-39.96857843604834,287306.7,-1734794,54788.95,1658.0,3.259993314850873
2015-12-21,1844.0,1906.0,1710.0,1888.0,313624,46186,1751.2,1728.4,1805.0,2118.4333333333334,-92.54540167525874,-113.38069040250818,20.835288727249434,50.42016806722689,75.71428571428571,15.98538988556645,293663.75,-1421170,55214.1,-6331.0,-12.05514404859379
2015-12-22,1880.0,1922.0,1852.0,1908.0,350874,65457,1792.4,1745.2,1802.7,2111.133333333333,-75.28618140927324,-105.76178860386119,30.47560719458795,51.639344262295076,76.42857142857143,51.6648962036167,304964.7,-1070296,57098.05,19271.0,41.724765080327366
2015-12-23,1900.0,1936.0,1892.0,1920.0,396388,73127,1834.4,1764.0,1802.5,2103.8,-59.94877315063195,-96.59918551321536,36.65041236258341,60.8294930875576,74.0,63.74357537437816,301242.2,-673908,58625.05,7670.0,11.717616144950128
2015-12-24,1928.0,1938.0,1908.0,1908.0,317456,71145,1873.6,1786.4,1801.4,2096.0666666666666,-48.20637325396842,-86.92062306136599,38.714249807397564,57.870370370370374,72.0,66.22839677586336,294177.4,-991364,60314.2,-1982.0,-2.7103532211084858
2015-12-25,1906.0,1912.0,1862.0,1868.0,300725,84882,1898.4,1806.2,1801.0,2087.8,-41.64801010696465,-77.86610047048572,36.21809036352107,55.06607929515419,68.71428571428571,45.547359853605975,291382.5,-1292089,61971.6,13737.0,19.308454564621556
2015-12-28,1866.0,1878.0,1832.0,1846.0,230600,85004,1890.0,1820.6,1799.9,2079.133333333333,-37.79005595923263,-69.85089156823511,32.06083560900248,63.451776649746186,65.57142857142857,29.718467445275962,284728.9,-1522689,63407.8,122.0,0.14372894135388226
2015-12-29,1838.0,1878.0,1832.0,1876.0,260516,92425,1883.6,1838.0,1799.5,2071.6,-31.94362400919522,-62.26943805642714,30.325814047231923,67.30769230769232,65.28571428571429,36.325111590821244,283238.85,-1262173,65511.0,7421.0,8.730177403416306
2015-12-30,1876.0,1918.0,1874.0,1892.0,331563,91546,1878.0,1856.2,1799.5,2064.0666666666666,-25.722702977009703,-54.96009104054366,29.237388063533956,77.08333333333333,62.0,55.67218189462807,286068.2,-930610,67745.7,-879.0,-0.9510413849066812
2015-12-31,1888.0,1926.0,1884.0,1894.0,290184,92152,1875.2,1874.4,1802.9,2055.9666666666667,-20.39608162157083,-48.047289156749095,27.651207535178266,80.10752688172043,61.142857142857146,56.44817447396522,285668.6,-640426,69080.55,606.0,0.6619622921809842
2016-01-04,1918.0,1926.0,1802.0,1810.0,360632,101220,1863.6,1881.0,1801.4,2045.1,-22.691223504100662,-42.97607602621941,20.284852522118747,62.735849056603776,64.14285714285714,24.023451407296882,289858.55,-1001058,71398.85,9068.0,9.840263911797908
2016-01-05,1810.0,1828.0,1782.0,1816.0,411445,110178,1857.6,1873.8,1801.1,2034.7666666666667,-23.752189668429082,-39.131298754661344,15.379109086232262,63.25581395348837,61.42857142857143,3.6555599214006715,297166.75,-589613,73870.5,8958.0,8.850029638411371
2016-01-06,1812.0,1822.0,1786.0,1802.0,329538,118214,1842.8,1863.2,1804.2,2024.5,-25.429559857935374,-36.39095097531615,10.961391117380778,60.55045871559633,61.714285714285715,-0.42505670374031745,299186.05,-919151,76224.2,8036.0,7.293652090253944
2016-01-07,1780.0,1798.0,1736.0,1760.0,439816,131632,1816.4,1847.2,1805.6,2013.6,-29.80437057782865,-35.07363489581866,5.269264317990007,55.04201680672269,63.714285714285715,-23.96124341423906,310025.85,-1358967,79306.3,13418.0,11.350601451604714
2016-01-08,1762.0,1808.0,1760.0,1792.0,478017,123182,1796.0,1835.6,1811.0,2003.2666666666667,-30.339571334692664,-34.12682218359346,3.787250848900797,55.04201680672269,63.42857142857143,-14.102361913045353,316461.25,-880950,81551.7,-8450.0,-6.419411693205301
2016-01-11,1790.0,1804.0,1754.0,1762.0,310291,120659,1786.4,1825.0,1815.6,1992.1666666666667,-32.80630045947555,-33.86271783876988,1.0564173792943308,32.59668508287292,53.0,-27.54523492701888,319082.45,-1191241,83900.5,-2523.0,-2.0481888587618347
2016-01-12,1766.0,1776.0,1676.0,1696.0,513134,154026,1762.4,1810.0,1815.3,1979.7,-39.63001928419749,-35.016178127855405,-4.613841156342083,24.01960784313725,55.142857142857146,-67.51564120920028,324472.95,-1704375,88613.0,33367.0,27.65396696475191
2016-01-13,1708.0,1730.0,1682.0,1700.0,552448,154000,1742.0,1792.4,1815.2,1968.3666666666666,-44.20552526613983,-36.854047555512295,-7.351477710627535,22.5,55.42857142857143,-75.39224752520795,336501.2,-1151927,93547.0,-26.0,-0.01688026696791134
2016-01-14,1704.0,1720.0,1684.0,1714.0,493722,158489,1732.8,1774.6,1815.4,1958.8666666666666,-46.16974761363167,-38.71718756713617,-7.452560046495499,25.870646766169145,55.857142857142854,-73.46458868920246,350240.3,-658205,98845.0,4489.0,2.914935064935076
2016-01-15,1712.0,1738.0,1702.0,1706.0,474448,162062,1715.6,1755.8,1815.1,1949.6666666666667,-47.8206939244742,-40.53788883860378,-7.282805085870422,28.108108108108112,54.857142857142854,-67.208480163358,365017.7,-1132653,104405.15,3573.0,2.254415132911425
2016-01-18,1678.0,1728.0,1654.0,1708.0,757838,183449,1704.8,1745.6,1813.3,1941.3666666666666,-48.40966104636527,-42.11224328015608,-6.297417766209193,30.285714285714278,56.857142857142854,-75.7967398182789,395662.95,-374815,110951.75,21387.0,13.19680122422282
2016-01-19,1722.0,1758.0,1714.0,1756.0,607104,193825,1716.8,1739.6,1806.7,1933.7333333333333,-44.49036564560902,-42.58786775324667,-1.902497892362348,33.69565217391305,57.142857142857146,-42.252331067467274,410336.95,232289,118333.7,10376.0,5.656067898980099
2016-01-20,1762.0,1768.0,1704.0,1714.0,580111,204374,1719.6,1730.8,1797.0,1925.2,-44.26310724734594,-42.92291565206653,-1.3401915952794141,27.411167512690355,58.57142857142857,-46.31585326719009,421798.8,-347822,125279.55,10549.0,5.442538372243
2016-01-21,1714.0,1728.0,1690.0,1704.0,705922,202961,1717.6,1725.2,1786.2,1916.6666666666667,-44.37835371882238,-43.2140032654177,-1.1643504534046798,26.3681592039801,58.285714285714285,-54.93049789956003,437275.5,-1053744,131771.25,-1413.0,-0.6913795296857761
2016-01-22,1708.0,1788.0,1700.0,1760.0,953124,194175,1728.4,1722.0,1778.8,1908.7,-39.49567384640295,-42.470337381614755,2.9746635352118034,43.31550802139037,55.714285714285715,-23.37175561584529,469058.9,-100620,137922.75,-8786.0,-4.328910480338588
2016-01-25,1772.0,1778.0,1742.0,1746.0,573782,204886,1736.0,1720.4,1772.7,1901.4666666666667,-36.33692837545982,-41.24365558038377,4.906727204923953,40.83769633507853,55.0,-15.427141204500353,482711.75,-674402,143922.95,10711.0,5.516158104802371
2016-01-26,1736.0,1758.0,1732.0,1746.0,416505,195029,1734.0,1725.4,1767.7,1894.1,-33.4480317429493,-39.68453081289688,6.236499069947584,42.391304347826086,54.285714285714285,-19.621100914477005,492007.0,-674402,149424.2,-9857.0,-4.810968050525655
2016-01-27,1756.0,1774.0,1746.0,1764.0,488387,192523,1744.0,1731.8,1762.1,1887.4333333333334,-29.367579603598415,-37.62114057103719,8.253560967438773,50.581395348837205,51.57142857142857,-3.330974998123435,503400.55,-186015,154429.1,-2506.0,-1.2849371119166841
2016-01-28,1760.0,1788.0,1754.0,1758.0,602133,195657,1754.8,1736.2,1755.4,1879.6333333333334,-26.31460337358135,-35.359833131546026,9.045229757964677,44.65408805031446,50.57142857142857,7.4667464087949815,516929.05,-788148,159634.65,3134.0,1.6278574507980759
2016-01-29,1766.0,1770.0,1710.0,1714.0,809817,254046,1745.6,1737.0,1746.4,1870.8,-27.132760419880924,-33.714418589213004,6.58165816933208,42.7710843373494,51.285714285714285,-24.037102992046105,542910.7,-1597965,167729.35,58389.0,29.842530550913082
2016-02-01,1712.0,1734.0,1682.0,1686.0,649578,290108,1733.6,1734.8,1740.2,1860.7,-29.698179639404543,-32.911170799251316,3.212991159846773,48.29931972789115,47.857142857142854,-62.056587232567246,557358.0,-2247543,177173.75,36062.0,14.19506703510387
2016-02-02,1680.0,1710.0,1676.0,1698.0,470329,278893,1724.0,1729.0,1734.3,1851.1666666666667,-30.412417721488055,-32.41142018369867,1.999002462210612,49.668874172185426,46.857142857142854,-66.4744085928977,560302.2,-1777214,185609.5,-11215.0,-3.865801701435323
2016-02-03,1696.0,1704.0,1666.0,1684.0,447602,291299,1708.0,1726.0,1728.4,1841.0333333333333,-31.742234820311523,-32.277583111021244,0.5353482907097202,45.033112582781456,47.0,-77.3536477762405,566205.4,-2224816,194263.75,12406.0,4.4483009613005775
2016-02-04,1686.0,1716.0,1668.0,1698.0,584020,254160,1696.0,1725.4,1725.3,1831.5333333333333,-31.305570327135683,-32.08318055424414,0.777610227108454,48.7012987012987,47.857142857142854,-56.018860898195825,573415.6,-1640796,200390.15,-37139.0,-12.749443012162764
2016-02-05,1690.0,1704.0,1638.0,1640.0,462296,266527,1681.2,1713.4,1717.7,1820.4666666666667,-35.23347626180248,-32.7132396957558,-2.520236566046677,40.65934065934066,47.285714285714285,-99.713271897448,572629.55,-2103092,207557.4,12367.0,4.865832546427451
2016-02-15,1620.0,1664.0,1620.0,1632.0,274992,277879,1670.4,1702.0,1711.2,1809.4,-38.547550982561006,-33.88010195311685,-4.667449029444157,30.86419753086419,46.857142857142854,-114.43199343620375,570864.6,-2378084,215418.4,11352.0,4.259230772116895
2016-02-16,1650.0,1696.0,1642.0,1678.0,531516,292939,1666.4,1695.2,1710.3,1801.0666666666666,-37.03524427110301,-34.51113041671408,-2.524113854388929,44.51219512195122,46.857142857142854,-58.756605343075705,571783.7,-1846568,222364.05,15060.0,5.419625088617708
2016-02-17,1672.0,1686.0,1648.0,1660.0,491104,302910,1661.6,1684.8,1708.3,1793.6,-36.864231955617925,-34.98175072449485,-1.882481231123073,43.452380952380956,46.857142857142854,-63.55810402338556,568716.5,-2337672,229809.55,9971.0,3.403780309211135
2016-02-18,1672.0,1706.0,1666.0,1694.0,624462,298256,1660.8,1678.4,1707.3,1787.1333333333334,-33.59789202803677,-34.70497898520324,1.107086957166473,39.490445859872615,43.857142857142854,-29.03822070811907,575253.5,-1713210,236797.9,-4654.0,-1.536429962695185
2016-02-19,1696.0,1720.0,1690.0,1716.0,614346,284669,1676.0,1678.6,1707.8,1781.8,-28.900926078757948,-33.544168403914185,4.643242325156237,45.3416149068323,43.42857142857143,-1.2751500855204172,582248.4,-1098864,242928.25,-13587.0,-4.55548253849043
2016-02-22,1712.0,1758.0,1708.0,1738.0,773087,284811,1697.2,1683.8,1709.3,1776.4666666666667,-23.136625963752977,-31.462659915881947,8.32603395212897,48.83720930232558,45.142857142857146,31.411951277868113,583010.85,-325777,247996.35,142.0,0.04988249510835541
2016-02-23,1748.0,1754.0,1716.0,1732.0,515947,281124,1708.0,1687.2,1708.1,1773.2666666666667,-18.835403640444156,-28.93720866079439,10.101805020350234,45.18072289156626,45.857142857142854,31.381625774700566,578453.0,-841724,252361.3,-3687.0,-1.2945426967357343
2016-02-24,1736.0,1740.0,1676.0,1688.0,632176,301943,1713.6,1687.6,1706.8,1768.8333333333333,-18.76082314622272,-26.901931557880058,8.141108411657338,40.54054054054053,48.0,-11.50619981867463,581056.25,-1473900,257239.75,20819.0,7.405628832828226
2016-02-25,1684.0,1718.0,1670.0,1694.0,747366,294779,1713.6,1687.2,1706.3,1765.0,-18.009960102075183,-25.123537266719083,7.1135771646439,46.98795180722891,47.142857142857146,-20.579653016104785,583128.45,-726534,261830.65,-7164.0,-2.372633245347633
2016-02-26,1696.0,1774.0,1684.0,1760.0,1137966,348971,1722.4,1699.2,1706.3,1762.1666666666667,-11.95147811475681,-22.48912543632663,10.537647321569821,60.0,49.857142857142854,42.767280997335924,592370.55,411432,269570.45,54192.0,18.383941868314913
2016-02-29,1766.0,1784.0,1744.0,1752.0,1246060,350119,1725.2,1711.2,1706.6,1760.1,-7.706781650450239,-19.53265667915135,11.825875028701113,57.37704918032787,50.285714285714285,70.48847656100142,625984.45,-834628,276832.1,1148.0,0.32896716346058064
2016-03-01,1756.0,1808.0,1732.0,1798.0,1264213,345007,1738.4,1723.2,1709.2,1758.9333333333334,-0.6238225214299291,-15.750889847607068,15.127067326177139,64.321608040201,53.0,88.62965961435978,668369.85,429585,284331.0,-5112.0,-1.4600750030703824
2016-03-02,1804.0,1864.0,1788.0,1842.0,1370148,391234,1769.2,1741.4,1713.1,1758.2333333333333,8.4425850300413,-10.912194872077395,19.354779902118693,66.82242990654206,55.0,127.17664999932383,712457.9,1799733,294266.55,46227.0,13.39885857388401
2016-03-03,1836.0,1878.0,1824.0,1832.0,1351804,414855,1796.8,1755.2,1716.8,1757.2333333333333,14.65196319680581,-5.799363258300753,20.45132645510656,75.26315789473684,54.142857142857146,118.42533103032498,749941.45,447929,305226.45,23621.0,6.037563197472617
2016-03-04,1830.0,1876.0,1810.0,1844.0,1449912,415931,1813.6,1768.0,1723.3,1757.5333333333333,20.307151638609184,-0.5780602789187652,20.88521191752795,77.60416666666666,55.714285714285715,99.17449286267579,781946.2,1897841,313320.7,1076.0,0.2593677308939224
2016-03-07,1848.0,1948.0,1840.0,1948.0,2630163,437817,1852.8,1789.0,1736.4,1759.3333333333333,32.80273059855631,6.09809789657625,26.70463270198006,80.54298642533936,58.857142857142854,121.33907503254126,880975.45,4528004,320706.15,21886.0,5.261930464428
2016-03-08,1948.0,1996.0,1728.0,1860.0,2871227,380950,1865.2,1801.8,1744.5,1759.9666666666667,35.19895080252013,11.918268477765025,23.280682324755105,69.53125,75.28571428571429,76.30970400159742,1001020.35,1656777,325809.0,-56867.0,-12.988760144078459
2016-03-09,1878.0,1880.0,1786.0,1828.0,1745747,360170,1862.4,1815.8,1751.7,1761.4333333333334,34.12249710702167,16.359114203616357,17.763382903405315,63.13725490196078,78.71428571428571,51.58434904697098,1065927.6,-88970,329252.55,-20780.0,-5.454784092400578
2016-03-10,1784.0,1790.0,1782.0,1788.0,8908,413552,1853.6,1825.2,1756.2,1762.3666666666666,29.699378147790412,19.02716699245117,10.672211155339241,56.81818181818182,79.85714285714286,20.620059315705134,1037172.0,-97878,337222.15,53382.0,14.82133436988089
2016-03-11,1784.0,1824.0,1776.0,1800.0,1102473,416032,1844.8,1829.2,1764.2,1764.3,26.852782061238486,20.592290006208636,6.26049205502985,55.98455598455599,79.71428571428571,25.531611038294262,1069180.85,1004595,344697.4,2480.0,0.599682748481456
2016-03-14,1796.0,1848.0,1792.0,1806.0,1098604,409664,1816.4,1834.6,1772.9,1766.5666666666666,24.795160830335817,21.432864171034073,3.3622966593017445,57.14285714285714,81.0,31.885150911612016,1110361.45,2103199,351286.65,-6368.0,-1.5306514883470457
2016-03-15,1800.0,1822.0,1784.0,1796.0,921948,406885,1803.6,1834.4,1778.8,1768.1333333333334,22.102777691249003,21.566846875077058,0.5359308161719447,61.15702479338843,79.14285714285714,17.91826180753706,1129883.05,1181251,356983.95,-2779.0,-0.6783608029995336
2016-03-16,1786.0,1834.0,1784.0,1828.0,968043,380966,1803.6,1833.0,1787.2,1770.2333333333333,22.294183748189425,21.71231424969953,0.581869498489894,63.13725490196078,79.28571428571429,25.061790872263177,1153730.0,2149294,360886.75,-25919.0,-6.370104575002767
2016-03-17,1824.0,1876.0,1822.0,1868.0,718502,375760,1819.6,1836.6,1795.9,1772.8666666666666,25.38096417743668,22.446044235246962,2.934919942189719,61.15702479338843,76.71428571428571,52.43497440488112,1158432.0,2867796,364761.95,-5206.0,-1.3665261466902612
2016-03-18,1868.0,1932.0,1862.0,1902.0,1047650,372009,1840.0,1842.4,1805.2,1776.0333333333333,30.222390847902034,24.00131355777798,6.221077290124054,64.70588235294119,78.85714285714286,79.22414020742748,1180097.2,3915446,369128.95,-3751.0,-0.9982435597189698
2016-03-21,1912.0,1928.0,1872.0,1890.0,959045,368341,1856.8,1836.6,1812.8,1778.4666666666667,32.713851733903084,25.743821193003004,6.97003054090008,59.663865546218496,77.42857142857143,69.43093565623367,1189395.1,2956401,373305.45,-3668.0,-0.9859976505944723
2016-03-22,1902.0,1922.0,1876.0,1886.0,671537,375572,1874.8,1839.2,1820.5,1778.4333333333334,33.97395525730667,27.38984800586374,6.58410725144293,55.04587155963303,75.28571428571429,61.35212302869782,1197174.6,2284864,378027.85,7231.0,1.9631265593566871
2016-03-23,1882.0,1914.0,1844.0,1848.0,768331,398047,1878.8,1841.2,1828.5,1777.4333333333334,31.542709239947044,28.220420252680405,3.3222889872666386,51.72413793103448,76.42857142857143,37.0927725921394,1203982.35,1516533,382833.05,22475.0,5.9842054253245625
2016-03-24,1850.0,1858.0,1768.0,1768.0,1118018,374225,1858.8,1839.2,1832.2,1774.9,22.89665940594773,27.15566808333387,-4.2590086773861415,42.857142857142854,78.14285714285714,-34.82411658436147,1222514.95,398515,386805.35,-23822.0,-5.984720397340015
2016-03-25,1758.0,1790.0,1750.0,1782.0,625361,360423,1834.8,1837.4,1833.3,1772.8,16.978567263572813,25.12024791938166,-8.141680655808848,31.221719457013577,73.28571428571429,-65.47609666937724,1196884.7,1023876,387377.95,-13802.0,-3.6881555214109185
2016-03-28,1788.0,1806.0,1750.0,1752.0,486462,365381,1807.2,1832.0,1833.3,1770.8666666666666,9.755235046457528,22.04724534479684,-12.29201029833931,35.9375,58.142857142857146,-72.33955466606442,1158904.8,537414,388141.05,4958.0,1.3756058853069852
2016-03-29,1752.0,1772.0,1726.0,1738.0,580534,370893,1777.6,1826.2,1830.3,1769.0666666666666,2.867949291778359,18.21138613419314,-15.343436842414782,37.70491803278689,54.714285714285715,-91.69195978773804,1124720.85,-43120,389435.35,5512.0,1.5085622952479838
2016-03-30,1730.0,1768.0,1724.0,1758.0,459538,368846,1759.6,1819.2,1826.1,1767.1,-0.965313898261229,14.376046127702267,-15.341360025963496,45.664739884393065,54.57142857142857,-76.8771957886454,1079190.35,416418,388315.95,-2047.0,-0.5519111981083458
2016-03-31,1766.0,1794.0,1730.0,1748.0,673828,367107,1755.6,1807.2,1821.9,1764.7,-4.755302848882138,10.549776332385388,-15.305079181267526,42.441860465116285,55.714285714285715,-62.63557407154,1045291.55,-257410,385928.55,-1739.0,-0.471470478194147
2016-04-01,1760.0,1780.0,1750.0,1770.0,468602,329000,1753.2,1794.0,1818.2,1762.6333333333334,-5.915490170891189,7.256723031730072,-13.172213202621261,45.00000000000001,54.0,-49.039805040140195,996226.05,211192,381582.0,-38107.0,-10.38035232234743
2016-04-05,1716.0,1770.0,1674.0,1698.0,500428,310807,1742.4,1774.8,1805.7,1760.7666666666667,-12.50064559217003,3.3052493069500515,-15.805894899120082,38.388625592417064,58.142857142857146,-87.86765072748173,889739.3,-289236,375231.5,-18193.0,-5.52978723404255
2016-04-06,1694.0,1722.0,1690.0,1714.0,254204,280897,1737.6,1757.6,1798.4,1759.0666666666666,-16.241144619187253,-0.6040294782774094,-15.637115140909843,35.960591133004925,56.857142857142854,-81.25610861893442,758888.15,-35032,370228.85,-29910.0,-9.623335381764242
2016-04-07,1712.0,1746.0,1710.0,1716.0,205904,274910,1729.2,1744.4,1792.8,1757.6333333333334,-18.827106596261274,-4.248644901874182,-14.57846169438709,29.347826086956516,55.57142857142857,-61.05741614344819,681896.0,170872,365965.85,-5987.0,-2.131386237660071
2016-04-08,1710.0,1746.0,1706.0,1744.0,189587,239350,1728.4,1742.0,1790.6,1757.3666666666666,-18.404973027344795,-7.079910526968305,-11.32506250037649,28.176795580110493,53.42857142857143,-50.61759773965713,690929.95,360459,357255.75,-35560.0,-12.93514241024335
2016-04-11,1858.0,1916.0,1856.0,1882.0,877502,259482,1750.8,1752.0,1794.7,1758.8666666666666,-6.8559513077966585,-7.035118683133977,0.1791673753373182,49.18032786885246,61.714285714285715,66.59303674869743,679681.4,1237961,349428.25,20132.0,8.411113432212236
2016-04-12,1896.0,1924.0,1878.0,1912.0,728514,291318,1793.6,1768.0,1800.0,1761.3666666666666,4.663720424701751,-4.695350861566832,9.359071286268582,52.52918287937743,61.714285714285715,73.83233721792541,661176.9,1966475,343510.95,31836.0,12.269059125488479
2016-04-13,1920.0,2012.0,1904.0,1942.0,1407317,338540,1839.2,1788.4,1807.3,1765.4666666666667,16.029118842759317,-0.5504569207016017,16.57957576346092,59.28853754940712,64.42857142857143,92.79315883969802,685445.35,3373792,340093.7,47222.0,16.20977763131699
2016-04-14,1954.0,1996.0,1944.0,1964.0,1057196,351321,1888.8,1809.0,1814.1,1769.8666666666666,26.505951006847226,4.860824664808164,21.645126342039063,71.875,61.857142857142854,88.86015339841703,689903.0,4430988,338611.45,12781.0,3.775329355467605
2016-04-15,1982.0,1994.0,1944.0,1958.0,895494,347895,1931.6,1830.0,1818.6,1773.9333333333334,33.933600696581834,10.6753798711629,23.258220825418935,70.0,62.57142857142857,78.49430218675464,698752.6,3535494,337218.2,-3426.0,-0.975176547943335
2016-04-18,1936.0,1966.0,1906.0,1948.0,1156705,325972,1944.8,1847.8,1820.9,1777.9666666666667,38.56855585866333,16.254015068662987,22.314540790000343,73.33333333333333,62.857142857142854,61.770231556798294,704205.35,2378789,334916.35,-21923.0,-6.301613992727695
2016-04-19,1960.0,2042.0,1946.0,2006.0,1754870,361164,1963.6,1878.6,1826.7,1782.9333333333334,46.38718391033785,22.280648836997962,24.10653507333989,78.87931034482759,66.42857142857143,84.34099714634173,743996.6,4133659,334557.5,35192.0,10.796019290000359
2016-04-20,2012.0,2080.0,1986.0,2052.0,2193116,429821,1985.6,1912.4,1835.0,1787.8666666666666,55.653776441874015,28.955274357973174,26.69850208390084,80.0,70.0,92.48339064957135,820075.55,6326775,337269.95,68657.0,19.009923469670298
2016-04-21,2044.0,2156.0,2014.0,2156.0,2302640,446129,2024.0,1956.4,1850.4,1795.2333333333333,70.57599251140368,37.279417988659276,33.29657452274441,84.93150684931507,75.57142857142857,103.87654803371422,896791.0,8629415,339674.05,16308.0,3.7941375595887505
2016-04-22,2150.0,2180.0,2014.0,2068.0,2666467,416983,2046.0,1988.8,1865.4,1801.3,74.44295960278555,44.71212631148453,29.730833291301018,72.92307692307692,85.14285714285714,82.81788477291796,974213.45,5962948,341811.95,-29146.0,-6.5330879633469285
2016-04-25,2080.0,2184.0,2030.0,2080.0,2571754,425658,2072.4,2008.6,1880.3,1806.6333333333334,77.58154681565975,51.28601041231958,26.295536403340172,82.37288135593221,89.28571428571429,76.33039105091076,1071533.1,8534702,345073.7,8675.0,2.080420544722439
2016-04-26,2090.0,2112.0,2038.0,2074.0,1541561,382633,2086.0,2024.8,1896.4,1812.1,78.67780122100976,56.76436857405761,21.913432646952145,81.0344827586207,92.28571428571429,61.15958307162014,1124288.05,6993141,345936.3,-43025.0,-10.10788003514559
2016-04-27,2096.0,2146.0,2042.0,2098.0,2091381,437280,2095.2,2040.4,1914.4,1817.9666666666667,80.55460679533212,61.522416218312515,19.032190577019605,81.72757475083057,97.14285714285714,61.4210060677837,1199830.4,9084522,349255.65,54647.0,14.281831415481673
2016-04-28,2106.0,2116.0,2024.0,2056.0,1757319,451203,2075.2,2049.6,1929.3,1822.8333333333333,77.75660994563805,64.76925496377763,12.98735498186042,75.32467532467533,100.85714285714286,46.448199429759896,1264719.45,7327203,353373.5,13923.0,3.184001097694833
2016-04-29,2074.0,2090.0,2048.0,2066.0,1050849,447979,2074.8,2060.4,1945.2,1827.9666666666667,75.47605275632623,66.91061452228735,8.56543823403888,68.85245901639344,91.57142857142857,42.859016708817556,1283570.5,8378052,357417.1,-3224.0,-0.7145342561995394
2016-05-03,2030.0,2066.0,1972.0,1996.0,746339,471600,2058.0,2065.2,1956.5,1832.6666666666667,67.24511988428617,66.9775155946871,0.26760428959906335,57.954545454545446,95.0,19.670050673081526,1297457.35,7631713,364547.1,23621.0,5.272791804972998
2016-05-04,1978.0,1996.0,1962.0,1970.0,668442,477758,2037.2,2061.6,1970.1,1837.4,57.95598307702653,65.17320909115499,-7.217226014128457,52.671755725190835,89.71428571428571,2.3464935605057073,1305858.05,6963271,372894.65,6158.0,1.3057675996607232
2016-05-05,1986.0,1996.0,1958.0,1978.0,665600,484669,2013.2,2054.2,1983.3,1842.0666666666666,50.65587893370889,62.26974305966577,-11.61386412595688,51.372549019607845,88.57142857142857,-2.8274312272837325,1326427.85,7628871,383083.25,6911.0,1.446548252462554
2016-05-06,2004.0,2014.0,1912.0,1926.0,967788,476626,1987.2,2031.2,1993.8,1846.1,40.211000998816644,57.85799464749595,-17.646993648679306,47.122302158273385,92.28571428571429,-24.116696997927434,1364522.05,6661083,393169.05,-8043.0,-1.659483069888934
2016-05-09,1922.0,1952.0,1872.0,1892.0,853512,462705,1952.4,2013.6,2001.2,1849.3333333333333,28.857196337589585,52.05783498551468,-23.200638647925096,45.17241379310345,93.71428571428571,-68.7299242083758,1397718.3,5807571,404336.8,-13921.0,-2.920738692391933
2016-05-10,1870.0,1904.0,1852.0,1898.0,711953,421871,1932.8,1995.4,2002.0,1853.6333333333334,20.111540875516084,45.66857616351497,-25.557035287998886,39.77272727272727,90.57142857142857,-83.19447037578675,1389440.85,6519524,412456.25,-40834.0,-8.825061324169825
2016-05-11,1902.0,1954.0,1898.0,1944.0,829206,432789,1927.6,1982.4,2003.6,1858.8333333333333,16.699855930865624,39.874832116985104,-23.17497618611948,39.77272727272727,87.85714285714286,-52.3044682031735,1394475.45,7348730,419529.8,10918.0,2.587994908396163
2016-05-12,1944.0,1992.0,1922.0,1970.0,813968,444767,1926.0,1969.6,2005.0,1863.7,15.910645721457286,35.08199483787954,-19.171349116422256,29.33333333333333,82.71428571428571,-31.712873444612537,1364808.0,8162698,424841.15,11978.0,2.7676304157453258
2016-05-13,1978.0,1998.0,1918.0,1932.0,1052703,408267,1927.2,1957.2,2003.4,1868.2333333333333,12.079661703015518,30.48152821090674,-18.40186650789122,33.0,76.57142857142857,-39.32002712364309,1364583.35,7109995,427688.45,-36500.0,-8.206544100618974
2016-05-16,1940.0,1996.0,1912.0,1986.0,833873,413101,1946.0,1949.2,2004.8,1873.1,13.248210842948538,27.0348647373151,-13.786653894366562,39.366515837104075,71.57142857142857,-28.339564182846182,1361502.3,7943868,430948.75,4834.0,1.1840290790095631
2016-05-17,1994.0,2032.0,1988.0,2008.0,852682,446831,1968.0,1950.4,2007.8,1877.9666666666667,15.767749789130221,24.781441747678127,-9.013691958547906,42.79475982532751,69.57142857142857,1.0967124753784572,1346301.15,8796550,436991.7,33730.0,8.165073432405157
2016-05-18,1996.0,2030.0,1968.0,1984.0,896723,426630,1976.0,1951.8,2006.7,1882.0666666666666,15.64752816817122,22.95465903177675,-7.307130863605529,37.55458515283843,66.57142857142857,-9.9626370474359,1303393.8,7899827,440265.0,-20201.0,-4.520948636061506
2016-05-19,1982.0,2018.0,1932.0,1932.0,932150,391621,1968.4,1947.2,2000.7,1885.4,11.226869882027813,20.609101201826963,-9.38223131979915,36.75213675213676,66.14285714285714,-31.29043518348182,1240345.5,6967677,438355.0,-35009.0,-8.205939572932053
2016-05-20,1920.0,1962.0,1896.0,1944.0,733168,385994,1970.8,1949.0,1990.1,1889.6666666666667,8.592714587960472,18.205823879053668,-9.613109291093195,37.02127659574467,67.85714285714286,-46.357213375731284,1161871.9,7700845,435348.25,-5627.0,-1.4368483814708566
2016-05-23,1938.0,1954.0,1818.0,1860.0,882552,338570,1945.6,1945.8,1979.7,1892.4333333333334,-0.2698596690777322,14.510687169427388,-14.78054683850512,35.9504132231405,70.85714285714286,-79.96578257772282,1072676.15,6818293,431427.6,-47424.0,-12.286201339917202
2016-05-24,1848.0,1878.0,1824.0,1832.0,702581,342943,1910.4,1939.2,1967.3,1893.6333333333334,-9.444014888477113,9.719746757846488,-19.1637616463236,35.80246913580247,72.28571428571429,-93.03290775178378,979217.5,6115712,427291.85,4373.0,1.291608825353685
2016-05-25,1850.0,1878.0,1842.0,1870.0,595281,335984,1887.6,1931.8,1957.1,1895.6,-13.492780204092242,5.077241365458743,-18.570021569550985,39.53488372093023,72.85714285714286,-72.06836557179784,931903.5,6710993,424959.4,-6959.0,-2.0292001877863064
2016-05-26,1872.0,1898.0,1860.0,1884.0,633167,340596,1878.0,1923.2,1946.4,1897.0333333333333,-15.39431678807432,0.9829297347521306,-16.37724652282645,45.60669456066945,68.28571428571429,-56.00306365729521,858992.8,7344160,420125.2,4612.0,1.3726844135435012
2016-05-27,1896.0,1896.0,1832.0,1836.0,718689,382313,1856.4,1913.6,1935.4,1896.9333333333334,-20.537750672526727,-3.321206346703641,-17.216544325823087,44.30894308943089,67.14285714285714,-71.48368783200658,807061.3,6625471,416680.7,41717.0,12.248235446100363
2016-05-30,1828.0,1866.0,1822.0,1854.0,521088,376478,1855.2,1900.4,1924.8,1897.3,-22.89756068829388,-7.236477215021689,-15.661083473272189,45.63492063492063,66.57142857142857,-74.23693420844211,780573.25,7146559,413105.65,-5835.0,-1.5262363560747394
2016-05-31,1858.0,1890.0,1850.0,1860.0,543964,367338,1860.8,1885.6,1918.0,1897.5666666666666,-24.006841348073976,-10.590550041632147,-13.41629130644183,40.94827586206896,65.42857142857143,-51.88925282670025,770454.5,7690523,407892.55,-9140.0,-2.427764703382407
2016-06-01,1862.0,1874.0,1812.0,1828.0,671144,409628,1852.4,1870.0,1910.9,1895.5666666666666,-27.15506019721124,-13.903452072747967,-13.251608124463274,34.8936170212766,64.85714285714286,-70.39581662795877,770589.6,7019379,404486.05,42290.0,11.512557916687083
2016-06-02,1830.0,1868.0,1820.0,1856.0,420695,384620,1846.8,1862.4,1904.8,1895.5,-27.078535817507372,-16.53846882169985,-10.540066995807521,41.7391304347826,62.57142857142857,-55.44195963091278,758344.35,7440074,399483.6,-25008.0,-6.105051412501094
2016-06-03,1850.0,1882.0,1840.0,1876.0,382956,372639,1854.8,1855.6,1902.3,1896.3,-25.114551920959002,-18.25368544155168,-6.860866479407321,37.08920187793427,59.57142857142857,-35.123216354021,729102.75,7823030,394284.25,-11981.0,-3.115022619728558
2016-06-06,1880.0,1914.0,1856.0,1914.0,473076,350685,1866.8,1861.0,1903.4,1898.4,-20.258273347640852,-18.654603022769514,-1.603670324871338,39.366515837104075,60.42857142857143,-8.198640231354707,710080.95,8296106,388683.25,-21954.0,-5.891492838913804
2016-06-07,1924.0,1928.0,1894.0,1922.0,444037,345726,1879.2,1870.0,1904.6,1900.4333333333334,-15.584456535523941,-18.0405737253204,2.4561171897964584,42.72300469483568,58.42857142857143,8.865599621018498,696685.15,8740143,384876.0,-4959.0,-1.414089567560628
2016-06-08,1928.0,1932.0,1900.0,1912.0,325949,333848,1896.0,1874.2,1903.0,1902.2,-12.542754400269587,-16.94100986031024,4.398255460040652,47.39583333333333,54.57142857142857,9.72271558144348,671522.3,8414194,379928.95,-11878.0,-3.435668708746231
2016-06-13,1876.0,1928.0,1866.0,1918.0,274715,338366,1908.4,1877.6,1900.4,1904.2333333333333,-9.538084586035893,-15.46042480545537,5.9223402194194765,46.56084656084656,54.285714285714285,2.5580683590971316,644559.65,8688909,374608.9,4518.0,1.3533104886055858
2016-06-14,1914.0,1964.0,1910.0,1936.0,531579,337354,1920.4,1887.6,1900.6,1906.0333333333333,-5.639404992707114,-13.49622084290572,7.856815850198606,62.17948717948718,48.42857142857143,34.862983921584146,618503.45,9220488,371063.25,-1012.0,-0.2990844233758727
2016-06-15,1936.0,1956.0,1900.0,1930.0,435850,332046,1923.6,1895.2,1897.8,1907.0666666666666,-2.999249698871836,-11.396826614098943,8.397576915227107,66.89655172413794,48.57142857142857,29.867224755811215,598602.3,8784638,367010.5,-5308.0,-1.573421391179597
2016-06-16,1934.0,1940.0,1916.0,1922.0,374892,327051,1923.6,1901.4,1893.5,1907.4,-1.534749115965269,-9.424411114472209,7.88966199850694,60.0,47.0,36.23234121067799,574712.8,8409746,361021.5,-4995.0,-1.5043096438445258
2016-06-17,1914.0,1926.0,1882.0,1924.0,445710,335456,1926.0,1911.0,1890.5,1907.9666666666667,-0.21031419641212779,-7.581591730860192,7.3712775344480646,58.064516129032256,47.42857142857143,27.473326198563715,552162.15,8855456,356462.8,8405.0,2.5699355757970554
2016-06-20,1932.0,1992.0,1922.0,1990.0,569821,353177,1940.4,1924.4,1893.4,1909.7,6.094702497783828,-4.846332885131389,10.941035382915217,78.94736842105263,47.857142857142854,103.17031472177216,534045.7,9425277,354540.6,17721.0,5.282660020986363
2016-06-21,1998.0,2008.0,1964.0,1972.0,432778,336664,1947.6,1934.0,1894.8,1911.7666666666667,9.529177657079572,-1.9712307766891968,11.500408433768769,72.18045112781954,47.857142857142854,106.08532275108806,519026.2,8992499,352074.1,-16513.0,-4.675559280474095
2016-06-22,1962.0,2026.0,1952.0,2026.0,512925,378925,1966.8,1945.2,1903.1,1916.0666666666666,16.419103463854526,1.706836071419548,14.712267392434978,76.43312101910828,50.285714285714285,106.58744195594093,500544.85,9505424,354091.85,42261.0,12.552871705914503
2016-06-23,2020.0,2040.0,2006.0,2018.0,523228,382771,1986.0,1954.8,1912.4,1920.0,20.991904555044357,5.56384976814451,15.428054786899846,82.75862068965517,48.285714285714285,106.34274185235229,491577.2,8982196,356083.25,3846.0,1.0149765784785991
2016-06-24,2030.0,2046.0,1966.0,1970.0,720653,335618,1995.2,1960.6,1917.4,1923.6333333333334,20.506299660050217,8.552339746525652,11.953959913524566,68.38709677419354,50.57142857142857,71.55546102513962,497845.8,8261543,356064.95,-47153.0,-12.318853831664367
2016-06-27,1974.0,2030.0,1968.0,2028.0,476207,348562,2002.8,1971.6,1924.6,1928.4666666666667,24.51893058664973,11.745657914550469,12.773272672099262,71.83908045977012,52.0,74.76972396289626,489997.8,8737750,356463.25,12944.0,3.856765727702327
2016-06-28,2006.0,2036.0,1982.0,2022.0,578540,371780,2012.8,1980.2,1933.9,1932.8666666666666,26.90467925465032,14.777462182570439,12.12721707207988,67.0886075949367,51.714285714285715,70.48046412893117,482990.35,8159210,355936.6,23218.0,6.661081816147485
2016-06-29,2036.0,2072.0,2024.0,2060.0,863932,392554,2019.6,1993.2,1944.2,1938.0666666666666,31.498588561435554,18.121687458343462,13.376901103092091,69.94219653179191,52.857142857142854,90.20569461330177,500132.55,9023142,356740.4,20774.0,5.587713163698971
2016-06-30,2066.0,2116.0,2050.0,2082.0,729662,371766,2032.4,2009.2,1955.3,1943.2666666666667,36.493832735567366,21.79611651378824,14.697716221779125,73.74301675977654,55.285714285714285,97.93627724957213,509417.45,9752804,356961.8,-20788.0,-5.295577169000953
2016-07-01,2066.0,2088.0,2036.0,2040.0,527269,354386,2046.4,2020.8,1965.9,1948.9666666666667,36.641174094381995,24.765128029906993,11.876046064475002,65.48223350253807,54.57142857142857,70.8855321670875,502223.7,9225535,354199.7,-17380.0,-4.674983726322468
2016-07-04,2040.0,2154.0,2038.0,2136.0,940565,367015,2068.0,2035.4,1979.9,1956.0,43.99716890149443,28.611536204224482,15.385632697269951,71.1864406779661,59.0,98.99170234866246,528217.2,10166100,353319.45,12629.0,3.5636283600367857
2016-07-05,2140.0,2152.0,2000.0,2032.0,851139,346743,2070.0,2041.4,1987.7,1961.2666666666667,40.96272416175066,31.081773795729717,9.88095036602094,58.94736842105264,65.85714285714286,58.717524365481715,551626.35,9314961,352024.65,-20272.0,-5.523479966758849
2016-07-06,2020.0,2044.0,1948.0,1952.0,785306,337532,2048.4,2034.0,1989.6,1964.7333333333333,31.736732138740535,31.21276546433188,0.5239666744086549,52.336448598130836,71.0,-5.517912700604801,567237.85,8529655,351367.0,-9211.0,-2.656434304369515
2016-07-07,1940.0,1988.0,1936.0,1952.0,468235,319494,2022.4,2027.4,1991.1,1965.9,24.14671864904608,29.799556101274725,-5.6528374522286455,52.18749999999999,71.57142857142857,-26.235437285285442,568447.75,8529655,350055.4,-18038.0,-5.344085894078187
2016-07-08,1960.0,1976.0,1902.0,1932.0,517619,309938,2000.8,2023.6,1992.1,1966.2333333333333,16.3295090072736,27.1055466824745,-10.7760376752009,45.11784511784512,71.85714285714286,-46.278224661588055,578031.25,8012036,348859.9,-9556.0,-2.990979486312728
2016-07-11,1936.0,1970.0,1920.0,1964.0,392864,308878,1966.4,2017.2,1994.4,1966.6,12.571529840559833,24.19874331409157,-11.627213473531736,49.34210526315789,72.28571428571429,-37.68344466736993,583938.7,8404900,347385.5,-1060.0,-0.3420038846479012
2016-07-12,1974.0,2024.0,1960.0,2024.0,443174,303257,1964.8,2017.4,1998.8,1967.6,14.27030365762971,22.213055382799197,-7.942751725169487,49.837133550488595,71.57142857142857,4.981992920892616,579518.45,8848074,345680.65,-5621.0,-1.8198123530973387
2016-07-13,2038.0,2066.0,2000.0,2020.0,542159,297731,1978.4,2013.4,2003.3,1968.6333333333334,15.119538942711415,20.794352094781644,-5.674813152070229,50.16393442622951,73.85714285714286,25.059342635500116,584833.9,8305915,343964.9,-5526.0,-1.8222167996122085
2016-07-14,2026.0,2092.0,1996.0,2076.0,713243,321370,2003.2,2012.8,2011.0,1970.7666666666667,20.079828252188918,20.6514473262631,-0.5716190740741816,58.57605177993528,75.0,45.275458475369966,601751.45,9019158,343680.85,23639.0,7.939717395904355
2016-07-15,2082.0,2090.0,2044.0,2074.0,451729,317584,2031.6,2016.2,2018.5,1971.9,23.577720694062464,21.236701999822973,2.341018694239491,54.092526690391466,73.85714285714286,56.16098446825575,602052.4,8567429,342787.25,-3786.0,-1.1780813392662681
2016-07-18,2088.0,2092.0,1974.0,1982.0,480747,302632,2035.2,2000.8,2018.1,1970.7333333333333,18.710511402720385,20.73146388040246,-2.020952477682073,46.91358024691358,78.42857142857143,-3.254969487987819,597598.7,8086682,340260.0,-14952.0,-4.708045745377598
2016-07-19,1970.0,2002.0,1952.0,1980.0,336263,299940,2026.4,1995.6,2018.5,1967.8,14.524401429130648,19.4900513901481,-4.965649961017451,43.4640522875817,78.42857142857143,-44.617403376235295,592772.95,7750419,338423.8,-2692.0,-0.8895291971767638
2016-07-20,1984.0,1992.0,1956.0,1990.0,313009,293895,2020.4,1999.4,2016.7,1966.5,11.876886191371113,17.967418350392702,-6.090532159021588,42.33333333333333,76.28571428571429,-41.32231502417271,582777.15,8063428,334172.3,-6045.0,-2.0154030806161183
2016-07-21,1982.0,2044.0,1968.0,2040.0,431408,292257,2013.2,2008.2,2017.8,1965.8333333333333,13.655876974421062,17.105110075198375,-3.449233100777313,50.0,78.0,-0.17953654873170846,578186.15,8494836,329646.6,-1638.0,-0.557341907824227
2016-07-22,2038.0,2044.0,1972.0,1978.0,355496,276264,1994.0,2012.8,2018.2,1964.2333333333333,9.948181696475558,15.673724399453812,-5.725542702978254,36.236933797909415,74.85714285714286,-21.26615419643308,559928.3,8139340,326678.9,-15993.0,-5.472238475040802
2016-07-25,1984.0,1994.0,1938.0,1994.0,345817,262726,1996.4,2015.8,2016.5,1962.5,8.206275918068059,14.180234703176662,-5.973958785108604,46.09053497942387,68.0,-43.06857930026562,553408.8,8485157,322387.1,-13538.0,-4.900385138852692
2016-07-26,1990.0,2014.0,1966.0,2004.0,422441,267225,2001.2,2013.8,2015.6,1961.6333333333334,7.545736907429273,12.853335144027186,-5.307598236597913,56.25,64.57142857142857,-21.513248528677277,545603.85,8907598,317159.35,4499.0,1.7124304408395075
2016-07-27,1994.0,2040.0,1972.0,1982.0,525585,247215,1999.6,2010.0,2011.7,1960.2333333333333,5.1872435297784705,11.320116821177443,-6.1328732913989725,53.424657534246585,65.71428571428571,-15.380670223599802,528686.5,8382013,309892.4,-20010.0,-7.48807184956497
2016-07-28,1986.0,2004.0,1964.0,1976.0,396831,237198,1986.8,2000.0,2006.4,1959.9,2.8016747178894548,9.616428400519846,-6.814753682630391,55.18867924528301,63.285714285714285,-29.39946618179454,512044.95,7985182,303164.0,-10017.0,-4.0519385959589815
2016-07-29,1980.0,1990.0,1868.0,1882.0,551464,232830,1967.6,1980.8,1998.5,1958.4333333333334,-6.597864091629162,6.373569902090044,-12.971433993719206,41.56378600823046,68.42857142857143,-91.63897094881983,513254.7,7433718,297086.2,-4368.0,-1.8414995067412065
2016-08-01,1882.0,1924.0,1878.0,1910.0,308427,222661,1950.8,1973.6,1987.2,1957.3,-11.653367556732292,2.7681824103255774,-14.421549967057869,37.44493392070484,67.14285714285714,-96.13743100712007,481647.8,7742145,289868.5,-10169.0,-4.367564317313066
2016-08-02,1954.0,1976.0,1934.0,1966.0,187594,251052,1943.2,1972.2,1983.9,1957.9666666666667,-11.014193718203614,0.011707184619738964,-11.025900902823354,44.66403162055336,67.14285714285714,-31.255366179456924,448470.55,7929739,285083.95,28391.0,12.750773597531673
2016-08-03,1978.0,2004.0,1952.0,1960.0,232214,271156,1938.8,1969.2,1984.3,1959.1,-10.86653109578674,-2.1639404714615567,-8.702590624325184,37.280701754385966,64.0,-14.759771520394194,420815.95,7697525,281765.15,20104.0,8.007902745247986
2016-08-04,1970.0,1990.0,1946.0,1964.0,363607,301445,1936.4,1961.6,1984.9,1960.2,-10.307917575707961,-3.7927358923108376,-6.515181683397124,37.991266375545855,63.857142857142854,-21.69804392531501,415584.55,8061132,280862.7,30289.0,11.170322618713957
2016-08-05,1964.0,1984.0,1956.0,1964.0,336615,315642,1952.8,1960.2,1986.5,1960.5333333333333,-9.752788264241872,-4.984746366697045,-4.768041897544827,47.540983606557376,57.42857142857143,-22.701741949525243,406534.35,8061132,281147.9,14197.0,4.709648526265164
2016-08-08,1968.0,2012.0,1936.0,2004.0,533967,331314,1971.6,1961.2,1988.5,1961.1,-6.01583181492515,-5.190963456342666,-0.8248683585824841,52.97029702970298,59.285714285714285,-5.048729540815018,413589.5,8595099,282269.7,15672.0,4.965118710437766
2016-08-09,2010.0,2020.0,1976.0,2002.0,388935,348011,1978.8,1961.0,1987.4,1962.2666666666667,-3.1790046046069165,-4.7885716859955165,1.6095670813886,51.515151515151516,59.857142857142854,14.53637499134628,410877.55,8206164,284507.4,16697.0,5.0396300790186865
2016-08-10,2004.0,2022.0,1984.0,1996.0,410226,365280,1986.0,1962.4,1986.2,1962.4333333333334,-1.398823689347637,-4.110622086665941,2.7117983973183044,43.75,57.142857142857146,18.476924413026712,404280.9,7795938,287884.85,17269.0,4.9621994707063966
2016-08-11,2004.0,2014.0,1972.0,1980.0,446744,408959,1989.2,1962.8,1981.4,1961.9666666666667,-1.264507317685002,-3.5413991328697536,2.2768918151847517,50.326797385620914,55.0,7.897417394716002,390955.95,7349194,292264.3,43679.0,11.957676303109931
2016-08-12,1982.0,2030.0,1978.0,2030.0,443918,391631,2002.4,1977.6,1979.2,1962.7333333333333,2.8437406352438757,-2.2643711792470276,5.108111814490903,55.294117647058826,54.714285714285715,54.75160322446377,390565.4,7793112,295966.65,-17328.0,-4.23709956254783
2016-08-15,2022.0,2054.0,2008.0,2038.0,467118,419195,2009.2,1990.4,1982.0,1964.5,6.668222756367641,-0.477852392124094,7.146075148491734,55.02958579881657,54.57142857142857,84.4559345708547,389883.95,8260230,301794.8,27564.0,7.038257952000726
2016-08-16,2038.0,2054.0,2020.0,2020.0,447313,447831,2012.8,1995.8,1984.0,1965.7666666666667,8.152723304184292,1.2482627471375833,6.904460557046709,55.68862275449102,52.142857142857146,72.32712974136365,395436.45,7812917,309189.35,28636.0,6.831188349097683
2016-08-17,2024.0,2044.0,2016.0,2022.0,400048,470899,2018.0,2002.0,1985.6,1968.4666666666667,9.38242916581612,2.8750960308732907,6.507333134942829,56.96969696969697,51.285714285714285,60.05983516140734,399788.4,8212965,318039.55,23068.0,5.151050284593972
2016-08-18,2028.0,2034.0,1986.0,1996.0,518353,487264,2021.2,2005.2,1983.4,1971.2,8.16487758543326,3.9330523417852845,4.231825243647975,71.7557251908397,46.0,29.19057237696461,404135.65,7694612,327789.9,16365.0,3.4752675202113448
2016-08-19,2002.0,2010.0,1954.0,1964.0,606003,535083,2008.0,2005.2,1982.7,1972.7666666666667,4.5652018163532375,4.059482236698876,0.5057195796543619,60.150375939849624,46.714285714285715,-12.669025832693249,416661.0,7088609,340730.85,47819.0,9.813776515400274
2016-08-22,1958.0,1974.0,1896.0,1896.0,590965,550975,1979.6,1994.4,1977.8,1972.9666666666667,-3.7315834935111525,2.50126909065687,-6.232852584168023,37.41007194244605,47.57142857142857,-82.13793970650188,428918.4,6497644,355143.3,15892.0,2.9700065223525973
2016-08-23,1896.0,1914.0,1884.0,1892.0,428853,570161,1954.0,1983.4,1972.2,1973.9,-10.508477015558583,-0.1006801305862206,-10.407796884972363,37.68115942028985,46.0,-98.06598368064317,429239.0,6068791,370290.1,19186.0,3.4821906620082554
2016-08-24,1894.0,1918.0,1888.0,1896.0,334667,572592,1928.8,1973.4,1967.9,1974.6,-15.37916593436421,-3.156377291341818,-12.22278864302239,37.68115942028985,45.0,-81.20733985553963,419693.1,6403458,386558.95,2431.0,0.4263707970204811
2016-08-25,1896.0,1908.0,1832.0,1854.0,625235,582006,1900.4,1960.8,1961.8,1974.5,-22.370398951270545,-6.999181623327564,-15.371217327942981,32.704402515723274,48.42857142857143,-101.56778851862045,431113.3,5778223,403799.35,9414.0,1.6441026070919573
2016-08-26,1856.0,1888.0,1850.0,1870.0,401687,560624,1881.6,1944.8,1961.2,1975.2,-26.31657411891797,-10.862660122445646,-15.453913996472323,27.210884353741505,45.714285714285715,-88.82645327775195,423624.45,6179910,420189.05,-21382.0,-3.6738452868183447
2016-08-29,1872.0,1900.0,1864.0,1878.0,414647,559451,1878.0,1928.8,1959.6,1975.5666666666666,-28.470226183383147,-14.384173334633147,-14.08605284875,29.33333333333333,45.142857142857146,-74.84043766838542,428935.45,6594557,437028.55,-1173.0,-0.2092311424412796
2016-08-30,1878.0,1884.0,1852.0,1858.0,336057,582898,1871.2,1912.6,1954.2,1975.2666666666667,-31.428554995333116,-17.793049666773143,-13.635505328559972,28.02547770700636,44.714285714285715,-79.02759774005219,436358.6,6258500,453620.85,23447.0,4.191073034099491
2016-08-31,1860.0,1872.0,1824.0,1852.0,488871,594368,1862.4,1895.6,1948.8,1974.2333333333333,-33.86680628680028,-21.007800990778573,-12.85900529602171,28.94736842105263,45.142857142857146,-80.45551560883825,449191.45,5769629,469781.45,11470.0,1.9677542211501864
2016-09-01,1850.0,1880.0,1844.0,1876.0,379462,574022,1866.8,1883.6,1944.4,1973.4666666666667,-33.47664070277233,-23.501568933177325,-9.975071769595004,22.302158273381295,44.0,-60.4495910287916,449984.2,6149091,483410.3,-20346.0,-3.423131797135781
2016-09-02,1870.0,1888.0,1858.0,1868.0,378161,571560,1866.4,1874.0,1939.6,1972.7333333333333,-33.427631875368434,-25.486781521615548,-7.940850353752886,19.42446043165468,42.857142857142854,-51.837839289860604,452061.5,5770930,496206.2,-2462.0,-0.42890342182007046
2016-09-05,1874.0,1892.0,1862.0,1880.0,405867,573555,1866.8,1872.4,1933.4,1972.1,-32.05102801486237,-26.799630820264916,-5.251397194597452,24.264705882352942,42.57142857142857,-42.65399542915518,445656.5,6176797,508318.25,1995.0,0.34904471971446416
2016-09-06,1886.0,1916.0,1874.0,1910.0,407385,559622,1877.2,1874.2,1928.8,1971.6666666666667,-28.21407595304322,-27.082519846820578,-1.131556106222643,31.33333333333333,43.57142857142857,-23.532002892705712,446579.0,6584182,518898.8,-13933.0,-2.4292352084804403
2016-09-07,1900.0,1914.0,1894.0,1904.0,342490,551763,1887.6,1875.0,1924.2,1971.2333333333333,-25.365021477794016,-26.739020173015266,1.3739986952212497,33.57142857142857,41.57142857142857,-17.474130139366657,443192.2,6241692,528222.95,-7859.0,-1.4043407871741964
2016-09-08,1904.0,1924.0,1878.0,1902.0,427021,552676,1892.8,1879.8,1920.3,1970.9,-23.003340376356164,-25.99188421368345,2.988543837327285,37.6,40.857142857142854,-16.541678963365825,442206.05,5814671,535408.8,913.0,0.16546959473542344
2016-09-09,1900.0,1912.0,1894.0,1898.0,292114,551776,1898.8,1882.6,1913.7,1970.4666666666667,-21.209962415100108,-25.035499853966783,3.825537438866675,50.53763440860215,36.57142857142857,-12.932000552887352,434615.85,5522557,543416.05,-900.0,-0.16284405329705098
2016-09-12,1894.0,1898.0,1814.0,1824.0,652293,592212,1887.6,1877.2,1903.0,1967.7,-25.466319141579334,-25.121663711489294,-0.3446554300900395,36.71875,40.42857142857143,-54.93602112745378,443874.6,4870264,552066.9,40436.0,7.32833613640318
2016-09-13,1824.0,1838.0,1810.0,1824.0,379215,596635,1870.4,1873.8,1893.2,1965.2333333333333,-28.510857099458235,-25.799502389083084,-2.7113547103751507,35.71428571428572,40.285714285714285,-70.84947311908688,440469.7,4870264,559507.1,4423.0,0.7468609214267952
2016-09-14,1820.0,1836.0,1808.0,1818.0,355989,598287,1853.2,1870.4,1883.0,1961.7666666666667,-31.049901287546163,-26.8495821687757,-4.200319118770462,41.66666666666667,36.857142857142854,-74.36150864429914,438266.75,4514275,565876.5,1652.0,0.27688620345771575
2016-09-19,1812.0,1846.0,1810.0,1840.0,206818,583547,1840.8,1866.8,1875.2,1958.8,-30.930350138184167,-27.665735762657395,-3.2646143755267722,43.24324324324324,36.714285714285715,-63.4156005582607,422690.0,4721093,570690.65,-14740.0,-2.4637005316846317
2016-09-20,1840.0,1854.0,1832.0,1840.0,301670,591343,1829.2,1864.0,1869.0,1956.6333333333334,-30.484202085115157,-28.22942902714895,-2.254773057966208,41.1214953271028,35.714285714285715,-50.63860987827062,407473.35,4721093,573503.65,7796.0,1.3359677969383865
2016-09-21,1838.0,1858.0,1826.0,1830.0,372814,597344,1830.4,1859.0,1865.7,1953.3333333333333,-30.584978373050944,-28.70053889632935,-1.884439476721596,43.13725490196078,35.714285714285715,-53.20672594237794,396565.8,4348279,575822.1,6001.0,1.0148086643454013
2016-09-22,1826.0,1862.0,1818.0,1822.0,536981,628474,1830.0,1850.2,1862.2,1950.0,-30.953564030288135,-29.151143923121104,-1.8024201071670305,42.71844660194175,35.42857142857143,-54.62016966849503,401972.2,3811298,578737.75,31130.0,5.211402474955795
2016-09-23,1828.0,1838.0,1796.0,1830.0,546247,646662,1832.4,1842.8,1858.9,1946.1666666666667,-30.25141816025689,-29.371198770548265,-0.8802193897086248,37.89473684210527,35.857142857142854,-69.7210775601178,412551.2,4357545,582441.25,18188.0,2.8939940236191175
2016-09-26,1832.0,1842.0,1812.0,1822.0,358678,639589,1828.8,1834.8,1857.3,1941.8333333333333,-29.9947350066966,-29.495906017777934,-0.49882898891866745,37.89473684210527,35.857142857142854,-56.95445998895437,399223.35,3998867,585320.4,-7073.0,-1.0937707797891272
2016-09-27,1824.0,1832.0,1796.0,1808.0,431736,668607,1822.4,1825.8,1854.2,1937.9666666666667,-30.568618746708353,-29.710448563564018,-0.8581701831443347,31.25,36.285714285714285,-70.92062815268335,400725.8,3567131,590719.55,29018.0,4.536976089332367
2016-09-28,1802.0,1802.0,1702.0,1718.0,1069395,640114,1800.0,1815.2,1846.2,1931.0,-37.84936961142739,-31.338232773136692,-6.5111368382907,11.904761904761898,40.857142857142854,-136.8347950088583,433463.2,2497736,594752.7,-28493.0,-4.261546768131352
2016-09-29,1718.0,1756.0,1702.0,1734.0,664126,584912,1782.4,1806.2,1840.0,1926.0333333333333,-41.8459764756783,-33.439781513645016,-8.406194962033283,17.55725190839695,43.285714285714285,-117.86386004741503,449866.65,3161862,594853.4,-55202.0,-8.623776389830562
2016-09-30,1740.0,1750.0,1718.0,1732.0,328487,548945,1762.8,1797.6,1834.0,1922.3666666666666,-44.65988810464205,-35.683802831844424,-8.976085272797626,17.55725190839695,42.285714285714285,-96.95541818492244,441847.45,2833375,592582.25,-35967.0,-6.149130125557345
2016-10-10,1752.0,1756.0,1724.0,1730.0,263666,558887,1744.4,1786.6,1826.7,1918.6666666666667,-46.51511928853506,-37.85006612318255,-8.66505316535251,17.692307692307693,43.285714285714285,-81.69178617892452,436057.65,2569709,591825.5,9942.0,1.811110402681515
2016-10-11,1740.0,1794.0,1740.0,1770.0,659240,557591,1736.8,1779.6,1821.8,1915.9666666666667,-44.24767797348227,-39.129588493242494,-5.1180894802397745,38.05309734513275,41.857142857142854,-49.00518477311757,450111.6,3228949,591127.05,-1296.0,-0.23188945171385145
2016-10-12,1764.0,1774.0,1726.0,1736.0,413314,601990,1740.4,1770.2,1814.6,1912.1666666666667,-44.67919628250388,-40.239510051094776,-4.439686231409105,33.07692307692308,43.285714285714285,-61.711849942721244,450483.95,2815635,592548.8,44399.0,7.962646455914824
2016-10-13,1738.0,1746.0,1716.0,1730.0,464082,590191,1739.6,1761.0,1805.6,1907.2666666666667,-44.98674827638115,-41.18895769615205,-3.7977905802290977,33.07692307692308,43.42857142857143,-67.29979132435611,453318.8,2351553,594077.25,-11799.0,-1.9599993355371326
2016-10-14,1730.0,1742.0,1704.0,1720.0,526961,626660,1737.2,1750.0,1796.4,1902.2666666666667,-45.512759117437554,-42.053717980409154,-3.4590411370284,25.80645161290323,43.57142857142857,-68.52668427877894,462542.35,1824592,597822.1,36469.0,6.179186060105968
2016-10-17,1724.0,1786.0,1720.0,1776.0,737894,566730,1746.4,1745.4,1790.1,1897.2666666666667,-40.938975484448065,-41.83076948121694,0.8917939967688753,39.473684210526315,46.714285714285715,-31.015003126538755,478086.0,2562486,598524.8,-59930.0,-9.56339961063416
2016-10-18,1780.0,1786.0,1752.0,1770.0,395903,554086,1746.4,1741.6,1783.7,1892.2,-37.36761821661344,-40.93813922829624,3.5705210116828,39.99999999999999,46.857142857142854,-18.75269870895747,483275.45,2166583,598640.3,-12644.0,-2.231044765585022
2016-10-19,1770.0,1790.0,1756.0,1770.0,590858,532713,1753.2,1746.8,1781.0,1888.6666666666667,-34.1437044800864,-39.57925227865427,5.435547798567875,41.0958904109589,46.142857142857146,-12.427486210763785,480203.7,2166583,595665.35,-21373.0,-3.857343444880401
2016-10-20,1774.0,1852.0,1774.0,1836.0,1014052,491003,1774.4,1757.0,1781.6,1886.2666666666667,-25.963786829188393,-36.8561591887611,10.892372359572704,50.85714285714286,49.0,43.2344756483589,511945.55,3180635,590383.75,-41710.0,-7.829731956982466
2016-10-21,1830.0,1834.0,1804.0,1830.0,458133,484833,1796.4,1766.8,1782.2,1883.6,-19.737768306927137,-33.432481012394305,13.694712705467168,51.149425287356316,49.142857142857146,45.305564787138636,517052.75,2722502,584711.05,-6170.0,-1.2566114667323824
2016-10-24,1832.0,1844.0,1818.0,1832.0,381805,476097,1807.6,1777.0,1781.8,1880.1333333333334,-14.47535757516198,-29.64105632494784,15.16569874978586,53.57142857142858,48.42857142857143,55.258123047597984,525802.1,3104307,579338.55,-8736.0,-1.8018575468254028
2016-10-25,1830.0,1856.0,1790.0,1802.0,730259,482373,1814.0,1780.2,1779.9,1877.2,-12.580587257395337,-26.22896251143734,13.648375254042005,65.21739130434783,45.57142857142857,40.644664665472504,547231.55,2374048,573890.05,6276.0,1.3182187663438372
2016-10-26,1802.0,1812.0,1730.0,1760.0,861050,481038,1812.0,1782.6,1776.4,1873.3,-14.30313943285023,-23.84379789571992,9.54065846286969,54.3046357615894,47.57142857142857,-13.220550618820475,571643.35,1512998,568074.75,-1335.0,-0.27675678365082224
2016-10-27,1758.0,1790.0,1752.0,1772.0,520865,441259,1799.2,1786.8,1773.9,1869.4333333333334,-14.532453650851949,-21.981529046746328,7.449075395894379,56.41025641025641,48.0,-4.6325228640479565,570837.55,2033863,558714.0,-39779.0,-8.269409069553756
2016-10-28,1772.0,1824.0,1772.0,1820.0,605355,406168,1797.2,1796.8,1773.4,1866.7333333333333,-10.71744395098608,-19.72871202759428,9.0112680766082,62.56983240223464,49.42857142857143,41.94835265987918,573792.95,2639218,546689.3,-35091.0,-7.952472357504325
2016-10-31,1816.0,1826.0,1772.0,1812.0,635003,376910,1793.2,1800.4,1772.9,1864.0,-8.244516762191097,-17.431872974513645,9.187356212322548,56.441717791411044,48.714285714285715,42.20223244459718,587609.2,2004215,533555.35,-29258.0,-7.203423214039506
2016-11-01,1808.0,1846.0,1770.0,1828.0,628186,347681,1798.4,1806.2,1773.9,1863.1,-4.936730312141435,-14.932844442039205,9.99611412989777,64.93506493506493,50.714285714285715,57.516703539059755,597431.7,2632401,517509.05,-29229.0,-7.754901700671246
2016-11-02,1828.0,1890.0,1808.0,1818.0,784265,333307,1810.0,1811.0,1778.9,1861.5666666666666,-3.086621494442852,-12.563599852519935,9.476978358077083,64.1025641025641,54.42857142857143,79.62295706959031,583175.2,1848136,502168.7,-14374.0,-4.134249498822196
2016-11-03,1816.0,1826.0,1794.0,1814.0,410036,331856,1818.4,1808.8,1782.9,1859.0333333333333,-1.921019184343777,-10.435083718884703,8.514064534540926,65.359477124183,54.0,39.51157381884457,570470.7,1438100,489515.9,-1451.0,-0.43533439141691943
2016-11-04,1814.0,1834.0,1750.0,1756.0,585131,335100,1805.6,1801.4,1784.1,1855.6333333333334,-5.61268667148147,-9.470604309404056,3.8579176379225864,46.753246753246756,55.285714285714285,-6.189229323823269,583302.9,852969,478823.65,3244.0,0.9775324237018435
2016-11-07,1750.0,1802.0,1748.0,1772.0,448134,329892,1797.6,1795.4,1786.2,1852.4333333333334,-7.164703230674604,-9.009424093658165,1.8447208629835607,50.314465408805034,56.714285714285715,-18.222968308213613,592526.3,1301103,467373.9,-5208.0,-1.554162936436887
2016-11-08,1774.0,1838.0,1770.0,1818.0,553277,309396,1795.6,1797.0,1788.6,1850.0,-4.629505911174874,-8.133440457161507,3.503934545986633,56.59340659340659,59.142857142857146,30.325817211583928,587228.15,1854380,454964.15,-20496.0,-6.212942417518463
2016-11-09,1816.0,1844.0,1800.0,1820.0,516694,275556,1796.0,1803.0,1792.8,1846.9333333333334,-2.4309381433481576,-6.992939994398837,4.562001851050679,47.33333333333333,56.42857142857143,44.59751416235228,592397.15,2371074,438642.45,-33840.0,-10.937439398052984
2016-11-10,1828.0,1906.0,1824.0,1892.0,606908,244140,1811.6,1815.0,1800.9,1845.1,5.062879203448574,-4.581776154829354,9.644655358277928,58.46994535519126,60.285714285714285,108.94426158181793,599538.45,2977982,421339.9,-31416.0,-11.4009493533075
2016-11-11,2192.0,2264.0,2164.0,2248.0,755677,366379,1910.0,1857.8,1827.3,1849.3,39.275267390216186,4.189632554179754,35.085634836036434,78.88888888888889,85.0,202.9926542985136,610974.25,3733659,408325.85,122239.0,50.06922257720981
2016-11-14,2248.0,2296.0,2084.0,2084.0,855006,331653,1972.4,1885.0,1842.7,1851.0333333333333,52.54964255204004,13.861634553751813,38.68800799828823,66.51053864168618,95.42857142857143,127.33611096490189,616829.85,2878653,396572.0,-34726.0,-9.478163322679523
2016-11-15,2084.0,2128.0,2060.0,2120.0,545055,365086,2032.8,1914.2,1860.2,1852.5333333333333,65.22273257851725,24.133854158704903,41.088878419812346,71.22641509433963,94.42857142857143,90.64724852098647,624287.45,3423708,387122.0,33433.0,10.080716893861963
2016-11-16,2132.0,2188.0,2128.0,2188.0,620228,398884,2106.4,1951.2,1881.1,1855.0333333333333,79.83301413682784,35.273686154329496,44.559327982498345,73.00884955752213,96.57142857142857,97.01728371566817,625755.95,4043936,380430.55,33798.0,9.257544797664119
2016-11-17,2180.0,2198.0,2140.0,2182.0,526944,400514,2164.4,1988.0,1898.4,1857.7333333333333,89.89140551001356,46.19723002546631,43.694175484547245,70.99767981438515,97.0,85.4154076109087,601400.55,3516992,375906.1,1630.0,0.4086401058954525
2016-11-18,2200.0,2204.0,2148.0,2168.0,483783,405013,2148.4,2029.2,1915.3,1860.1666666666667,95.6306989732218,56.08392381501741,39.54677515820439,70.50691244239631,97.14285714285714,75.24667055003962,602683.05,3033209,371915.1,4499.0,1.1233065510818596
2016-11-21,2180.0,2256.0,2150.0,2246.0,655213,419872,2180.8,2076.6,1936.0,1864.3333333333333,105.25971010282092,65.91908107257811,39.34062903024281,72.47311827956989,99.28571428571429,77.32675148489369,616353.45,3688422,369103.85,14859.0,3.6687711258651
2016-11-22,2256.0,2336.0,2242.0,2326.0,715057,422964,2222.0,2127.4,1962.2,1870.3666666666666,117.98603266757459,76.33247139157741,41.65356127599718,75.39999999999999,100.14285714285714,86.57982065776807,615593.35,4403479,366133.4,3092.0,0.7364149074003512
2016-11-23,2302.0,2396.0,2258.0,2348.0,826054,442390,2254.0,2180.2,1991.6,1877.9,128.36721379189635,86.7394198716412,41.627793920255144,76.2278978388998,107.71428571428571,82.91982538506312,613843.55,5229533,364201.0,19426.0,4.5928258669768685
2016-11-24,2350.0,2368.0,2290.0,2312.0,743396,441665,2280.0,2222.2,2018.6,1884.9,132.1659487036368,95.82472563804032,36.341223065596466,77.91164658634538,107.28571428571429,71.60237604849621,624970.1,4486137,364221.3,-725.0,-0.16388254707384586
2016-11-25,2322.0,2362.0,2250.0,2288.0,696516,436487,2304.0,2226.2,2042.0,1891.4333333333334,131.72147094270804,103.00407469897387,28.71739624373417,75.69721115537848,111.42857142857143,59.59727439724271,629528.15,3789621,365737.25,-5178.0,-1.1723817825727623
2016-11-28,2292.0,2358.0,2256.0,2342.0,720779,476741,2323.2,2252.0,2068.5,1899.5666666666666,134.17982630445658,109.2392250200704,24.940601284386176,75.88932806324111,113.85714285714286,57.70263367039893,633816.95,4510400,370728.8,40254.0,9.222267788044093
2016-11-29,2352.0,2378.0,2284.0,2304.0,680845,456032,2318.8,2270.4,2092.3,1906.8,131.545434336545,113.70046688336532,17.844967453179663,73.09160305343511,117.42857142857143,52.97384670919783,636449.9,3829555,376146.35,-20709.0,-4.343868054142607
2016-11-30,2280.0,2302.0,2178.0,2228.0,811601,410888,2294.8,2274.4,2112.8,1912.6333333333334,121.91968069403265,115.3443096454988,6.575371048533853,65.96958174904942,120.28571428571429,29.525598077716907,637816.7,3017954,380025.4,-45144.0,-9.899305311907936
2016-12-01,2278.0,2382.0,2276.0,2344.0,1037575,406858,2301.2,2290.6,2139.3,1920.7333333333333,122.24229900039427,116.7239075164779,5.518391483916375,55.911330049261075,104.71428571428571,48.03492846690095,669193.65,4055529,383775.5,-4030.0,-0.9808025544673971
2016-12-02,2360.0,2374.0,2292.0,2338.0,616567,389825,2311.2,2307.6,2168.4,1928.8333333333333,120.62335551961905,117.50379711710613,3.119558402512922,69.41896024464832,95.42857142857143,44.42326841658926,670765.45,3438962,386511.75,-17033.0,-4.18647292175649
2016-12-05,2328.0,2438.0,2318.0,2418.0,680338,401234,2326.4,2324.8,2200.7,1937.8666666666666,124.3620937552555,118.87545644473602,5.486637310519484,71.34670487106017,99.14285714285714,56.28958754478429,682375.65,4119300,390078.85,11409.0,2.9266978772526153
2016-12-06,2430.0,2454.0,2390.0,2410.0,524705,410442,2347.6,2333.2,2230.3,1946.9,125.23589614778803,120.14754438534644,5.08835176244159,67.39811912225706,98.85714285714286,61.99497070031991,680947.05,3594595,395131.15,9208.0,2.2949201712716194
2016-12-07,2408.0,2482.0,2394.0,2444.0,647120,405358,2390.8,2342.8,2261.5,1956.3,127.20556017444142,121.55914754316544,5.646412631275979,69.66966966966967,101.0,70.74317164591105,687468.35,4241715,401621.25,-5084.0,-1.2386646590748507
2016-12-08,2444.0,2470.0,2374.0,2392.0,443384,388616,2400.4,2350.8,2286.5,1964.3333333333333,123.15096007937564,121.87751005040748,1.2734500289681563,65.9090909090909,103.85714285714286,65.7059069247104,679292.15,3798331,408845.05,-16742.0,-4.1301762886140185
2016-12-09,2402.0,2506.0,2390.0,2466.0,802449,406456,2426.0,2368.6,2297.4,1973.7,124.47398325185259,122.39680469069651,2.0771785611560745,65.71428571428572,104.57142857142857,76.68268325531106,681630.75,4600780,410848.9,17840.0,4.590649896041343
2016-12-12,2470.0,2576.0,2450.0,2544.0,569480,402007,2451.2,2388.8,2320.4,1984.4,130.3142551590431,123.98029478436584,6.333960374677275,65.6160458452722,106.85714285714286,95.51727046583416,667354.45,5170260,414366.6,-4449.0,-1.0945834235440044
2016-12-13,2544.0,2558.0,2492.0,2538.0,395510,403429,2476.8,2412.2,2341.3,1995.0666666666666,132.92627155175296,125.76949013784326,7.156781413909698,63.929618768328446,101.71428571428571,89.97085132033958,659877.2,4774750,416283.75,1422.0,0.3537251838898303
2016-12-14,2554.0,2568.0,2486.0,2520.0,447416,414382,2492.0,2441.4,2357.9,2006.6666666666667,132.02199640015215,127.01999139030505,5.002005009847096,65.66265060240964,102.0,79.26040526592159,651236.6,4327334,417058.65,10953.0,2.7149758693599146
2016-12-15,2518.0,2518.0,2468.0,2510.0,448200,420876,2515.6,2458.0,2374.3,2018.1,129.0112737440527,127.41824786105458,1.5930258829981057,67.07692307692308,97.71428571428571,62.066719986402354,647299.4,3879134,418076.75,6494.0,1.5671530134030887
2016-12-16,2502.0,2550.0,2478.0,2484.0,471464,411122,2519.2,2472.6,2390.1,2029.2,123.10815743236208,126.5562297753161,-3.4480723429540205,61.41479099678457,95.57142857142857,60.59608664453185,646683.45,3407670,418382.2,-9754.0,-2.3175472110550377
2016-12-19,2490.0,2616.0,2484.0,2576.0,682874,386156,2525.6,2488.4,2406.6,2041.4666666666667,124.41929812910166,126.12884344607322,-1.7095453169715569,70.11834319526628,98.28571428571429,80.85612785450908,648066.5,4090544,416696.4,-24966.0,-6.072649967649502
2016-12-20,2580.0,2632.0,2534.0,2588.0,978184,373446,2535.6,2506.2,2419.7,2053.9333333333334,124.98592633162843,125.90026002318427,-0.9143336915558393,79.41176470588235,96.28571428571429,82.71972017716018,661222.85,5068728,414220.5,-12710.0,-3.291415904453121
2016-12-21,2600.0,2628.0,2564.0,2592.0,674374,381320,2550.0,2521.0,2431.9,2066.633333333333,124.3246130848147,125.58513063551037,-1.260517550695667,74.8,89.85714285714286,77.12964067561614,653638.85,5743102,411167.0,7874.0,2.1084708364797144
2016-12-22,2592.0,2592.0,2510.0,2510.0,627294,374428,2550.0,2532.8,2441.8,2078.1,115.84837492181487,123.63777949277127,-7.789404570956407,64.93055555555556,89.85714285714286,45.47441047954483,647833.75,5115808,407805.15,-6892.0,-1.807405853351518
2016-12-23,2500.0,2536.0,2458.0,2500.0,656673,349776,2553.2,2536.2,2452.4,2089.266666666667,107.08951738759197,120.32812707173542,-13.238609684143455,58.102766798418976,86.85714285714286,23.31278257520817,645841.6,4459135,403469.6,-24652.0,-6.583909323020709
2016-12-26,2490.0,2514.0,2416.0,2468.0,648580,332170,2531.6,2528.6,2458.7,2100.0333333333333,96.45406470536454,115.55331459846126,-19.09924989309671,55.471698113207545,89.28571428571429,4.10682785939188,642231.65,3810555,396241.05,-17606.0,-5.03350715886739
2016-12-27,2468.0,2638.0,2446.0,2638.0,766161,361739,2541.6,2538.6,2475.4,2113.866666666667,100.5835070232165,112.5593530834123,-11.975846060195806,64.56456456456456,96.71428571428571,54.7821815885514,646497.45,4576716,391526.4,29569.0,8.901767167414265
2016-12-28,2650.0,2696.0,2632.0,2696.0,550780,382294,2562.4,2556.2,2498.8,2130.1666666666665,107.29935491300694,111.50735344933123,-4.207998536324297,72.61904761904762,94.42857142857143,103.87365600527266,633456.4,5127496,390096.7,20555.0,5.682273683512151
2016-12-29,2718.0,2778.0,2670.0,2752.0,956444,387410,2610.8,2580.4,2519.2,2147.133333333333,115.80551089602795,112.36698493867058,3.4385259573573705,71.86544342507645,93.85714285714286,116.43772285750379,629399.85,6083940,389124.3,5116.0,1.3382370636211949
2016-12-30,2752.0,2756.0,2696.0,2738.0,635609,366566,2658.4,2605.8,2539.2,2163.9,120.03334808049112,113.9002575670347,6.133090513456423,66.4406779661017,89.14285714285714,101.9475527105565,630351.95,5448331,387961.35,-20844.0,-5.38034640303554
2017-01-03,2744.0,2840.0,2640.0,2648.0,575162,330663,2694.4,2613.0,2550.7,2179.2,114.79836754888265,114.0798795634043,0.7184879854783475,58.160237388724035,98.71428571428571,81.63983274466807,625093.15,4873169,384432.8,-35903.0,-9.794416285198304
2017-01-04,2672.0,2688.0,2620.0,2654.0,623457,330111,2697.6,2619.6,2562.9,2193.9333333333334,109.8672760492027,113.23735886056399,-3.3700828113612857,60.12084592145015,97.71428571428571,48.760553564943045,630030.75,5496626,380416.25,-552.0,-0.16693733499061336
2017-01-05,2652.0,2688.0,2632.0,2646.0,548869,344218,2687.6,2625.0,2573.0,2209.1,104.11365990501736,111.41261906945466,-7.298959164437306,60.3030303030303,98.0,44.84796959391281,625118.2,4947757,377359.25,14107.0,4.273411064763066
2017-01-06,2656.0,2736.0,2648.0,2678.0,769469,349705,2672.8,2641.8,2587.3,2224.9,100.97206708658177,109.32450867288009,-8.352441586298312,64.56456456456456,99.28571428571429,57.19861006662402,641422.45,5717226,375413.7,5487.0,1.594047957980127
2017-01-09,2688.0,2728.0,2660.0,2712.0,725625,353592,2667.6,2663.0,2599.6,2241.4333333333334,100.07227707684933,107.47406235367394,-7.4017852768246115,61.184210526315795,94.71428571428571,58.70923127621837,637581.25,6442851,372770.5,3887.0,1.111508271257211
2017-01-10,2692.0,2696.0,2616.0,2666.0,715642,359156,2671.2,2682.8,2605.7,2256.266666666667,94.5573729145026,104.89072446583968,-10.333351551337088,56.07476635514019,94.57142857142857,31.954524146960516,644889.35,5727209,370627.95,5564.0,1.5735650127830958
2017-01-11,2664.0,2750.0,2652.0,2674.0,858581,363887,2675.2,2686.4,2612.5,2271.3333333333335,89.79717879398004,101.87201533146775,-12.074836537487712,56.346749226006196,97.0,45.88584009980028,668042.9,6585790,368650.85,4731.0,1.3172548975932452
2017-01-12,2676.0,2734.0,2660.0,2702.0,604401,359276,2686.4,2687.0,2621.6,2286.866666666667,87.27797053665881,98.95320637250597,-11.675235835847161,66.21621621621622,96.42857142857143,44.96487121057232,675892.15,7190191,365895.55,-4611.0,-1.2671516157488405
2017-01-13,2718.0,2768.0,2710.0,2744.0,661078,377099,2699.6,2686.2,2633.3,2302.0,87.6600384770868,96.69457279342215,-9.034534316335353,69.55128205128204,95.57142857142857,62.89884412903807,686536.05,7851269,363706.7,17823.0,4.9608100735924365
2017-01-16,2734.0,2786.0,2718.0,2746.0,532004,355642,2706.4,2687.0,2646.4,2317.266666666667,87.11994881813871,94.77964799836548,-7.659699180226767,73.4006734006734,93.42857142857143,62.47357520774345,689563.05,8383273,360932.7,-21457.0,-5.6900177406993935
2017-01-17,2744.0,2774.0,2668.0,2672.0,554927,341574,2707.6,2689.4,2651.2,2331.266666666667,79.80084781676169,91.78388796204472,-11.983040145283027,53.413654618473885,87.28571428571429,31.77532697061921,683165.7,7828346,358703.6,-14068.0,-3.955663279365207
2017-01-18,2696.0,2712.0,2658.0,2676.0,424519,328259,2708.0,2691.6,2655.6,2345.8333333333335,73.47618637332698,88.12234764430117,-14.64616127097419,47.747747747747745,86.57142857142857,15.348049786385648,655482.45,8252865,356444.25,-13315.0,-3.8981304197626243
2017-01-19,2654.0,2658.0,2620.0,2648.0,417280,341407,2697.2,2691.8,2658.4,2360.633333333333,65.45001360284823,83.58788083601058,-18.137867233162353,37.5,82.85714285714286,-10.896818114060213,642627.75,7835585,354448.6,13148.0,4.0053738054402155
2017-01-20,2648.0,2686.0,2568.0,2570.0,476992,329721,2662.4,2681.0,2661.4,2373.9333333333334,52.19361028007597,77.30902672482367,-25.115416444747694,32.5,87.0,-36.27462107337707,635112.65,7358593,352213.25,-11686.0,-3.422894082429473
2017-01-23,2580.0,2626.0,2578.0,2590.0,333692,313114,2631.2,2668.8,2665.9,2386.766666666667,42.80818191858725,70.40885776357639,-27.60067584498914,42.926829268292686,76.71428571428571,-52.1281369763617,618963.6,7692285,350380.15,-16607.0,-5.0366825285620305
2017-01-24,2582.0,2650.0,2572.0,2634.0,318428,279627,2623.6,2665.6,2674.2,2400.4666666666667,38.47705506079819,64.02249722302076,-25.54544216222257,47.76785714285714,77.42857142857143,-57.82487959700773,602456.0,8010713,347753.0,-33487.0,-10.694826804294921
2017-01-25,2632.0,2648.0,2594.0,2642.0,241152,264430,2616.8,2662.4,2674.4,2414.0333333333333,35.28341373277772,58.27468052497216,-22.991266792194445,49.55357142857143,77.28571428571429,-56.35291688259064,576205.55,8251865,342887.55,-15197.0,-5.434739849871439
2017-01-26,2634.0,2696.0,2624.0,2694.0,220343,246170,2626.0,2661.6,2674.3,2428.633333333333,36.527331054325714,53.92521063084288,-17.397879576517163,51.70940170940171,76.0,-7.614788866478647,559683.7,8472208,336081.35,-18260.0,-6.90541920356994
2017-02-03,2708.0,2734.0,2666.0,2720.0,234578,260372,2656.0,2659.2,2672.7,2443.733333333333,39.159718345518286,50.972112173777965,-11.81239382825968,50.869565217391305,76.0,34.49416812525864,523590.4,8706786,329729.45,14202.0,5.76918389730674
2017-02-06,2720.0,2748.0,2702.0,2742.0,280595,276557,2686.4,2658.8,2672.9,2460.1666666666665,42.53085119935213,49.28385997889281,-6.753008779540679,58.715596330275226,72.42857142857143,62.111999594260915,505839.7,8987381,325229.0,16185.0,6.216106186533121
2017-02-07,2738.0,2742.0,2684.0,2716.0,247864,277796,2702.8,2663.2,2676.3,2475.9,42.613296014186744,47.949747185951594,-5.33645117176485,54.62555066079296,69.57142857142857,42.42088729577679,489474.8,8739517,322585.65,1239.0,0.44800890955571937
2017-02-08,2704.0,2762.0,2682.0,2758.0,489290,323737,2726.0,2671.4,2681.5,2491.5666666666666,45.54269527351153,47.46833680346358,-1.9256415299520526,55.98290598290598,70.0,58.876039303184136,482766.45,9228807,322266.95,45941.0,16.537675128511566
2017-02-09,2760.0,2772.0,2718.0,2734.0,357280,296897,2734.0,2680.0,2685.9,2506.8,45.40427366445192,47.055524175661255,-1.6512505112093336,48.88888888888889,69.14285714285714,60.24351867791279,473187.0,8871527,319900.9,-26840.0,-8.290680397977368
2017-02-10,2736.0,2822.0,2728.0,2808.0,446025,321717,2751.6,2703.8,2692.4,2522.0666666666666,50.68152996887011,47.78072533430303,2.9008046345670806,55.93869731800767,71.0,92.6932698638669,457014.8,9317552,318501.5,24820.0,8.359801547337975
2017-02-13,2828.0,2968.0,2818.0,2938.0,635385,372495,2790.8,2738.6,2703.7,2533.5666666666666,64.60893556385417,51.14636738021326,13.462568183640911,73.01038062283737,74.85714285714286,145.99465499848003,452502.8,9952937,319446.65,50778.0,15.783436995869039
2017-02-14,2940.0,2958.0,2904.0,2936.0,312146,366963,2834.8,2768.8,2717.2,2547.766666666667,74.62489224865567,55.84207235390175,18.78281989475392,72.56944444444444,74.85714285714286,125.32115392296659,432328.0,9640791,319837.0,-5532.0,-1.4851206056457178
2017-02-15,2940.0,2978.0,2816.0,2826.0,595181,325288,2848.4,2787.2,2724.8,2559.5333333333333,72.84679686211939,59.24301725554528,13.603779606574108,63.525835866261396,82.42857142857143,79.88374583715002,419158.0,9045610,317907.05,-41675.0,-11.35673078757259
2017-02-16,2818.0,2868.0,2770.0,2806.0,431994,308338,2862.8,2798.4,2730.0,2569.8333333333335,69.02809766341261,61.20003333711875,7.8280643262938625,69.66666666666666,81.0,44.59997048167731,410537.65,8613616,315360.15,-16950.0,-5.210767074100486
2017-02-17,2808.0,2844.0,2776.0,2804.0,370911,305870,2862.0,2806.8,2733.0,2580.2,65.09005016968604,61.978036703632206,3.1120134660538312,68.38487972508591,81.85714285714286,38.718071222129296,396029.3,8242705,311798.7,-2468.0,-0.8004203179627578
2017-02-20,2796.0,2890.0,2762.0,2884.0,503016,330431,2851.2,2821.0,2739.9,2592.133333333333,67.64468475243939,63.111366313393646,4.533318439045743,70.22653721682848,85.42857142857143,53.688700083381896,394579.9,8745721,310538.15,24561.0,8.029881976002873
2017-02-21,2890.0,2902.0,2820.0,2842.0,387658,319070,2832.4,2833.6,2748.4,2602.0666666666666,65.52487213491122,63.594067477697166,1.930804657214054,65.33742331288343,87.42857142857143,53.027413642971325,386216.45,8358063,309412.95,-11361.0,-3.4382367271835856
2017-02-22,2860.0,2912.0,2850.0,2900.0,682143,352070,2847.2,2847.8,2759.6,2611.633333333333,67.74410872078033,64.4240757263138,3.32003299446653,65.65349544072949,87.28571428571429,61.724429680124956,399097.65,9040206,310603.5,33000.0,10.34255805936002
2017-02-23,2880.0,2898.0,2780.0,2804.0,634192,316264,2846.8,2854.8,2767.4,2619.233333333333,61.05269455049711,63.74979949115047,-2.697104940653361,55.769230769230774,91.0,30.031847311547182,409943.25,8406014,309346.35,-35806.0,-10.170136620558413
2017-02-24,2820.0,2880.0,2772.0,2880.0,489833,310606,2862.0,2862.0,2782.9,2628.7,61.1770544506976,63.2352504830599,-2.0581960323623036,58.8235294117647,95.42857142857143,34.10895600698224,410585.3,8895847,308390.6,-5658.0,-1.7890117117345006
2017-02-27,2874.0,2950.0,2870.0,2930.0,514543,323806,2871.2,2861.2,2799.9,2639.4,64.56591699984983,63.50138378641789,1.0645332134319432,63.27543424317618,97.0,65.71607916782237,419627.85,9410390,308925.2,13200.0,4.249756926781845
2017-02-28,2930.0,2944.0,2868.0,2886.0,394552,307535,2880.0,2856.2,2812.5,2648.4666666666667,62.97524330474289,63.39615569008289,-0.42091238534000297,57.92079207920793,96.71428571428571,52.77375385072548,423434.05,9015838,310320.6,-16271.0,-5.024922330037118
2017-03-01,2886.0,2956.0,2864.0,2940.0,618089,335358,2888.0,2867.6,2827.4,2659.0666666666666,65.31901470253888,63.780727492574094,1.5382872099647855,62.29116945107398,99.42857142857143,61.17365024165393,442280.9,9633927,313867.0,27823.0,9.047100330043744
2017-03-02,2950.0,2956.0,2876.0,2888.0,459961,317749,2904.8,2875.8,2837.1,2670.0666666666666,62.26277845064078,63.47713768418743,-1.2143592335466522,54.90196078431373,98.42857142857143,49.33097091991285,454261.8,9173966,317445.95,-17609.0,-5.250806600707303
2017-03-03,2876.0,2878.0,2826.0,2864.0,450349,303974,2901.6,2881.8,2844.3,2678.733333333333,57.244214111397014,62.23055296962935,-4.986338858232337,44.7887323943662,91.42857142857143,11.568335138810696,465050.35,8723617,319626.05,-13775.0,-4.335182801519444
2017-03-06,2870.0,2894.0,2822.0,2842.0,431474,311636,2884.0,2877.6,2849.3,2687.133333333333,50.904949012429825,59.96543217818945,-9.060483165759628,43.561643835616444,92.71428571428571,5.113726636898507,472594.3,8292143,321380.0,7662.0,2.520610315355909
2017-03-07,2844.0,2872.0,2840.0,2852.0,331619,307333,2877.2,2878.6,2856.1,2694.366666666667,46.15589574101796,57.20352489075516,-11.047629149737205,52.063492063492056,83.42857142857143,1.3647473125614404,476782.05,8623762,322856.85,-4303.0,-1.380777573836145
2017-03-08,2860.0,2916.0,2776.0,2788.0,837580,323150,2846.8,2867.4,2857.6,2700.6666666666665,36.80372128915906,53.12356417043594,-16.319842881276884,48.664688427299694,86.42857142857143,-31.589792152113432,494196.55,7786182,322827.5,15817.0,5.146534866089869
2017-03-09,2790.0,2798.0,2656.0,2680.0,697107,306204,2805.2,2855.0,2854.9,2704.6,20.441718840675094,46.587195104483776,-26.145476263808682,42.05128205128205,91.71428571428571,-136.08286417905688,511187.9,7089075,323292.85,-16946.0,-5.244004332353391
2017-03-10,2650.0,2694.0,2628.0,2650.0,496796,306653,2762.4,2832.0,2847.0,2708.9,4.996369699092156,38.26903002340545,-33.27266032431329,33.97260273972603,87.28571428571429,-141.67901545810395,513726.45,6592279,322539.65,449.0,0.146634269963819
2017-03-13,2680.0,2716.0,2600.0,2714.0,538160,289698,2736.8,2810.4,2835.8,2713.0333333333333,-2.056212901283743,30.203981438467615,-32.26019433975136,41.48936170212766,89.71428571428571,-105.42029865510479,508865.2,7130439,318399.8,-16955.0,-5.52905075117478
2017-03-14,2706.0,2710.0,2618.0,2628.0,469006,309333,2692.0,2784.6,2820.4,2714.4333333333334,-14.418706814383768,21.27944378789734,-35.6981506022811,32.56410256410257,91.57142857142857,-102.75095907462924,516708.2,6661433,315518.3,19635.0,6.777747861566175
2017-03-15,2596.0,2690.0,2588.0,2678.0,516119,283217,2670.0,2758.4,2813.0,2716.766666666667,-19.951501682888193,13.033254693740234,-32.984756376628425,41.41689373297003,90.28571428571429,-88.29348779177558,512755.1,7177552,313414.75,-26116.0,-8.442681511510253
2017-03-16,2682.0,2716.0,2664.0,2694.0,420131,270188,2672.8,2739.0,2807.4,2719.6666666666665,-22.782591660401522,5.870085422911884,-28.652677083313407,36.201780415430264,86.28571428571429,-60.72312879772835,512161.95,7597683,311507.25,-13029.0,-4.600359441700186
2017-03-17,2696.0,2706.0,2638.0,2688.0,407437,256726,2680.4,2721.4,2801.6,2722.633333333333,-25.21968390306438,-0.3478684422833691,-24.871815460781008,30.793650793650784,85.42857142857143,-61.8431412427915,513988.25,7190246,309050.05,-13462.0,-4.982456659807244
2017-03-20,2696.0,2742.0,2650.0,2694.0,436971,257757,2676.4,2706.6,2792.1,2726.133333333333,-26.363050373491205,-5.550904828524937,-20.81214554496627,33.783783783783775,86.57142857142857,-48.03671613305594,510686.0,7627217,305416.35,1031.0,0.40159547533167306
2017-03-21,2680.0,2724.0,2668.0,2724.0,432145,260872,2695.6,2693.8,2786.2,2728.6,-24.565254299056505,-9.35377472263125,-15.211479576425255,30.985915492957744,84.0,-39.168637432993165,512910.35,8059362,302506.45,3115.0,1.208502581889137
2017-03-22,2718.0,2718.0,2578.0,2590.0,560857,288568,2678.0,2674.0,2770.7,2728.633333333333,-33.56623738262988,-14.196267254630976,-19.369970127998904,27.076923076923066,88.71428571428571,-68.46110288416757,506846.05,7498505,299331.35,27696.0,10.616700910791499
2017-03-23,2582.0,2626.0,2550.0,2578.0,496227,283071,2654.8,2663.8,2759.4,2728.4,-41.193033389616176,-19.595620481628018,-21.597412907988158,27.58620689655173,89.71428571428571,-78.32188770019668,499947.8,7002278,297671.7,-5497.0,-1.904923622854926
2017-03-24,2570.0,2604.0,2560.0,2580.0,339434,277924,2633.2,2656.8,2744.4,2729.5666666666666,-46.53946292911132,-24.98438897112468,-21.555073957986643,28.80258899676376,87.71428571428571,-70.82058507808026,492427.85,7341712,296037.6,-5147.0,-1.8182717410119675
2017-03-27,2580.0,2592.0,2490.0,2522.0,435905,287183,2598.8,2637.6,2724.0,2729.9333333333334,-54.82467737824163,-30.95244665254807,-23.872230725693562,25.22522522522523,92.71428571428571,-81.16012723896736,488495.95,6905807,294206.45,9259.0,3.331486305608733
2017-03-28,2520.0,2596.0,2512.0,2588.0,416655,272809,2571.6,2633.6,2709.1,2731.9333333333334,-55.426202346895934,-35.84719779141764,-19.579004555478292,35.02994011976048,88.71428571428571,-62.265155030865934,489601.1,7322462,292470.15,-14374.0,-5.005170918891444
2017-03-29,2598.0,2624.0,2580.0,2616.0,288504,254079,2576.8,2627.4,2692.9,2731.5666666666666,-53.03222672579159,-39.284203578292434,-13.748023147499154,44.5578231292517,81.71428571428571,-41.02700798524763,473121.85,7610966,288406.2,-18730.0,-6.865609272421369
2017-03-30,2602.0,2646.0,2584.0,2616.0,349882,262070,2584.4,2619.6,2679.3,2730.233333333333,-50.552248940302434,-41.537812650694434,-9.014436289608,46.95340501792115,81.42857142857143,-33.66928637956848,467617.9,7610966,285622.25,7991.0,3.1450847964609396
2017-03-31,2628.0,2654.0,2604.0,2620.0,314636,236565,2592.4,2612.8,2667.1,2728.0333333333333,-47.71406407770746,-42.77306293609704,-4.941001141610421,40.562248995983936,76.71428571428571,-24.46385882591636,460832.25,7925602,282251.8,-25505.0,-9.732132636318536
2017-04-05,2654.0,2808.0,2654.0,2778.0,395373,239824,2643.6,2621.2,2663.9,2728.7,-32.34267634686921,-40.68698561825148,8.344309271382265,63.15789473684211,83.28571428571429,50.889786765391236,459027.2,8320975,278661.2,3259.0,1.3776340540654797
2017-04-06,2794.0,2796.0,2746.0,2780.0,310622,230845,2682.0,2626.8,2660.3,2730.9,-19.7714446335699,-36.50387742131516,16.73243278774526,59.770114942528735,79.57142857142857,78.49602254831238,457977.35,8631597,274836.8,-8979.0,-3.743995596770966
2017-04-07,2788.0,2836.0,2722.0,2744.0,546064,222543,2707.6,2642.2,2658.1,2732.4,-12.568668281171995,-31.71683559328653,19.148167312114534,54.61254612546125,84.0,83.0918427999426,443401.55,8085533,269806.45,-8302.0,-3.5963525309190114
2017-04-10,2736.0,2776.0,2704.0,2734.0,353226,217051,2731.2,2657.8,2660.8,2733.866666666667,-7.579955546032124,-26.88945958383565,19.309504037803524,54.21245421245422,84.28571428571429,58.65860947838405,426207.5,7732307,265348.8,-5492.0,-2.467837676314244
2017-04-11,2742.0,2756.0,2546.0,2552.0,596835,233216,2717.6,2655.0,2655.9,2731.766666666667,-18.10355718606752,-25.132279104282023,7.028721918214504,40.16620498614959,92.71428571428571,-28.501792515665446,431209.45,7135472,261676.95,16165.0,7.447558407931787
2017-04-12,2564.0,2584.0,2520.0,2548.0,320905,209574,2671.6,2657.6,2647.6,2729.0333333333333,-26.461324201069147,-25.39808812363945,-1.0632360774296963,37.356321839080465,93.28571428571429,-69.43442670926244,420346.7,6814567,257670.75,-23642.0,-10.137383369923159
2017-04-13,2548.0,2566.0,2518.0,2540.0,290741,204976,2623.6,2652.8,2643.2,2726.9333333333334,-33.3460553472828,-26.987681568368124,-6.358373778914675,45.6140350877193,86.28571428571429,-68.25526304619025,411433.45,6523826,252452.9,-4598.0,-2.1939744433946973
2017-04-14,2544.0,2564.0,2424.0,2458.0,504525,226537,2566.4,2637.0,2632.2,2723.3333333333335,-44.901373990643606,-30.570420052823224,-14.330953937820382,40.625,90.85714285714286,-91.76497440094154,410853.75,6019301,249618.9,21561.0,10.518792443993451
2017-04-17,2466.0,2532.0,2454.0,2502.0,320327,208411,2520.0,2625.6,2622.6,2720.0,-49.93301823839738,-34.44293968993806,-15.490078548459323,44.28152492668622,93.28571428571429,-73.69738098298137,405863.55,6339628,246530.05,-18126.0,-8.001341944141572
2017-04-18,2516.0,2522.0,2458.0,2472.0,212831,205103,2504.0,2610.8,2611.8,2715.4666666666667,-55.69931480585865,-38.69421471312218,-17.00510009273647,46.17737003058104,90.57142857142857,-71.30612868310305,396133.25,6126797,243948.9,-3308.0,-1.5872482738435112
2017-04-19,2470.0,2514.0,2402.0,2510.0,362064,200638,2496.4,2584.0,2602.6,2711.5333333333333,-56.55097946918704,-42.26556766433515,-14.28541180485189,43.769968051118205,92.57142857142857,-67.73244990191633,392387.9,6488861,241092.95,-4465.0,-2.176954993344804
2017-04-20,2510.0,2530.0,2420.0,2496.0,319745,182845,2487.6,2555.6,2591.2,2708.6,-57.6905916188698,-45.35057245524209,-12.340019163627716,40.196078431372555,97.28571428571429,-57.99624956525116,386767.9,6169116,237191.6,-17793.0,-8.86821040879594
2017-04-21,2488.0,2510.0,2448.0,2472.0,275615,182912,2490.4,2528.4,2585.3,2705.2,-59.8405374156996,-48.24856544733359,-11.59197196836601,38.679245283018865,97.28571428571429,-55.072636507437245,372505.8,5893501,231908.8,67.0,0.03664305832808967
2017-04-24,2480.0,2486.0,2422.0,2468.0,215806,165139,2483.6,2501.8,2579.8,2702.2,-61.16211275605701,-50.831274909078275,-10.330837846978739,38.0503144654088,98.28571428571429,-58.539949198443075,358484.75,5677695,226012.2,-17773.0,-9.716694366689993
2017-04-25,2538.0,2584.0,2536.0,2568.0,218360,189070,2502.8,2503.4,2579.2,2702.1666666666665,-53.52332292008532,-51.36968451127969,-2.1536384088056337,31.833910034602084,93.14285714285714,-8.320004081098096,352431.05,5896055,221569.5,23931.0,14.491428433017028
2017-04-26,2554.0,2568.0,2494.0,2532.0,440912,220363,2507.2,2501.8,2579.7,2701.2,-49.80035854238622,-51.055819317501,1.255460775114777,29.73856209150327,94.85714285714286,-23.20520702448787,352681.4,5455143,218228.5,31293.0,16.55101285238272
2017-04-27,2530.0,2588.0,2512.0,2586.0,384413,218351,2525.2,2506.4,2579.6,2700.4,-42.00828834854883,-49.246313123710564,7.238024775161733,37.46031746031746,92.14285714285714,-8.470814874535753,351069.3,5839556,215505.6,-2012.0,-0.9130389402939643
2017-04-28,2564.0,2648.0,2562.0,2638.0,418917,215861,2558.4,2524.4,2580.7,2700.3333333333335,-31.276514967638832,-45.65235349249622,14.375838524857386,42.857142857142854,93.14285714285714,17.07685709514748,357589.95,6258473,213594.7,-2490.0,-1.1403657413980195
2017-05-02,2636.0,2646.0,2606.0,2634.0,185066,223866,2591.6,2537.6,2581.6,2699.3333333333335,-22.83109120803556,-41.08810103560408,18.257009827568524,58.29959514170041,81.0,22.740794640029897,349349.15,6073407,211684.5,8005.0,3.70840494577529
2017-05-03,2640.0,2646.0,2614.0,2634.0,244839,227170,2604.8,2553.8,2582.3,2697.9,-15.954122835605176,-36.0613053956043,20.107182559999124,58.77551020408164,78.71428571428571,23.853713762978636,345859.3,6073407,211214.75,3304.0,1.4758828942313729
2017-05-04,2624.0,2628.0,2480.0,2534.0,508779,202197,2605.2,2556.2,2570.1,2694.4333333333334,-18.36157926363694,-32.52136016921083,14.15978090557389,49.48453608247423,86.28571428571429,-12.17150901036814,351529.6,5564628,209333.4,-24973.0,-10.993088876172031
2017-05-05,2520.0,2532.0,2412.0,2418.0,527308,235275,2571.6,2548.4,2552.0,2689.4666666666667,-29.292075561797446,-31.875503247728155,2.583427685930708,46.753246753246756,85.0,-57.00692847203951,362363.9,5037320,209554.9,33078.0,16.35929316458702
2017-05-08,2430.0,2488.0,2430.0,2456.0,326049,223099,2535.2,2546.8,2537.6,2684.4333333333334,-34.49070285452399,-32.398543169087326,-2.0921596854366626,46.22950819672131,84.42857142857143,-53.874842201700595,351363.15,5363369,209582.7,-12176.0,-5.175220486664545
2017-05-09,2442.0,2478.0,2432.0,2468.0,253195,231814,2502.0,2546.8,2524.3,2680.0,-37.21338004563995,-33.36151054439785,-3.851869501242099,49.66216216216216,83.14285714285714,-53.77697821079228,346361.6,5616564,210320.85,8715.0,3.9063375452153437
2017-05-10,2460.0,2488.0,2438.0,2456.0,362227,233261,2466.4,2535.6,2519.5,2674.133333333333,-39.87971254528156,-34.66515094457459,-5.214561600706972,45.22968197879858,78.71428571428571,-48.19647511352262,334631.2,5254337,210323.1,1447.0,0.6242073386421909
2017-05-11,2468.0,2506.0,2446.0,2486.0,485241,241279,2456.8,2531.0,2516.4,2666.6,-39.12108743764702,-35.55633824318908,-3.5647491944579386,49.14089347079038,75.14285714285714,-29.438686658403157,342848.0,5739578,211908.35,8018.0,3.437351293186608
2017-05-12,2486.0,2498.0,2410.0,2458.0,458459,247204,2464.8,2518.2,2512.3,2658.633333333333,-40.31451691243319,-36.507973977037906,-3.806542935395285,48.80546075085324,77.0,-45.2133644323319,351233.9,5281119,214019.75,5925.0,2.455663360673732
2017-05-15,2460.0,2524.0,2448.0,2518.0,349366,237557,2477.2,2506.2,2515.3,2653.5,-36.00379052473136,-36.4071372865766,0.403346761845242,53.894080996884746,77.85714285714286,-11.706776511767254,343475.95,5630485,214570.75,-9647.0,-3.9024449442565667
2017-05-16,2538.0,2556.0,2506.0,2554.0,316017,240150,2494.4,2498.2,2517.9,2649.3,-29.344346311861955,-34.994579091633675,5.65023277977172,48.78892733564014,73.14285714285714,21.32074780275911,343260.45,5946502,216157.7,2593.0,1.0915275070825015
2017-05-17,2554.0,2566.0,2528.0,2542.0,294347,228168,2511.6,2489.0,2521.4,2644.9333333333334,-24.749689491957724,-32.945601171698485,8.19591167974076,50.90252707581228,70.57142857142857,24.294573399643372,347336.25,5652155,217310.95,-11982.0,-4.989381636477197
2017-05-18,2550.0,2568.0,2502.0,2550.0,407574,237950,2524.4,2490.6,2523.4,2639.366666666667,-20.229662758505583,-30.402413489059906,10.172750730554323,46.45669291338583,69.85714285714286,17.36873889857321,349611.75,6059729,219176.55,9782.0,4.287191893692377
2017-05-19,2534.0,2606.0,2520.0,2596.0,436276,244792,2552.0,2508.4,2528.4,2635.266666666667,-12.788278135333712,-26.87958641831467,14.091308282980958,45.81673306772909,69.85714285714286,41.55557730505247,355438.3,6496005,222273.9,6842.0,2.8753939903340964
2017-05-22,2602.0,2626.0,2582.0,2600.0,341412,254913,2568.4,2522.8,2534.8,2630.266666666667,-6.4933098050960325,-22.802331095670944,16.30902129057491,46.613545816733065,70.14285714285714,58.72851592914261,358728.15,6837417,225873.95,10121.0,4.134530540213732
2017-05-23,2604.0,2624.0,2512.0,2518.0,504565,255091,2561.2,2527.8,2537.3,2625.5,-8.028667269381458,-19.847598330413046,11.818931061031588,40.06849315068493,75.85714285714286,13.931360680370988,373166.1,6332852,230371.55,178.0,0.0698277451522733
2017-05-24,2518.0,2536.0,2476.0,2516.0,335988,254347,2556.0,2533.8,2534.7,2619.4333333333334,-9.299632037475476,-17.738005071825533,8.438373034350057,48.14814814814815,69.14285714285714,-19.118040293345228,379047.5,5996864,233635.4,-744.0,-0.29166062307176555
2017-05-25,2504.0,2590.0,2504.0,2570.0,365596,254711,2560.0,2542.2,2536.6,2613.4333333333334,-5.881731134558322,-15.366750284372092,9.48501914981377,67.9245283018868,66.57142857142857,17.960315621118415,375281.7,6362460,235352.8,364.0,0.14311157591793133
2017-05-26,2548.0,2560.0,2442.0,2474.0,410240,241737,2535.6,2543.8,2531.0,2606.5666666666666,-10.794979929883993,-14.452396213474472,3.6574162835904787,51.86721991701245,70.71428571428571,-31.473415775185654,376573.05,5952220,236522.1,-12974.0,-5.093615901943771
2017-05-31,2476.0,2488.0,2322.0,2342.0,366040,278473,2484.0,2526.2,2516.2,2596.6,-25.0512861948273,-16.572174209745036,-8.479111985082262,39.53488372093023,79.28571428571429,-103.76004783672987,373929.2,5586180,239652.7,36736.0,15.196680690171549
2017-06-01,2332.0,2372.0,2318.0,2354.0,239772,277819,2451.2,2506.2,2502.2,2587.7,-34.9780072149988,-20.25334081079579,-14.724666404203006,41.52823920265781,79.57142857142857,-112.06217571751301,376664.5,5825952,242350.35,-654.0,-0.23485221188409566
2017-06-02,2348.0,2358.0,2308.0,2314.0,294775,294556,2410.8,2483.4,2486.2,2578.5333333333333,-45.547626165674046,-25.31219788177144,-20.235428283902607,35.947712418300654,78.85714285714286,-110.24422564571847,379161.3,5531177,245719.65,16737.0,6.024425975185288
2017-06-05,2308.0,2364.0,2292.0,2346.0,276961,279201,2366.0,2463.0,2476.8,2570.266666666667,-50.75689883454288,-30.40113807232573,-20.35576076221715,40.90909090909091,77.71428571428571,-90.30668732686838,367570.4,5808138,249569.85,-15355.0,-5.212930648161985
2017-06-06,2328.0,2384.0,2316.0,2372.0,316466,276836,2345.6,2440.6,2474.5,2562.266666666667,-52.185737548505585,-34.758057967561705,-17.42767958094388,37.45704467353952,77.14285714285714,-68.91263199887116,357028.3,6124604,251647.9,-2365.0,-0.8470600033667508
2017-06-07,2368.0,2382.0,2350.0,2364.0,233734,278003,2350.0,2417.0,2469.9,2555.2,-53.34866545775276,-38.47617946559992,-14.87248599215284,32.851985559566785,75.85714285714286,-59.0443178653522,352412.55,5890870,254393.1,1167.0,0.4215492204771021
2017-06-08,2356.0,2366.0,2318.0,2350.0,363052,276743,2349.2,2400.2,2464.0,2549.7,-54.768638429866314,-41.734671258453204,-13.03396717141311,32.73381294964028,76.57142857142857,-64.41109065991743,357905.4,5527818,256639.55,-1260.0,-0.453232519073532
2017-06-09,2340.0,2364.0,2324.0,2332.0,233728,283229,2352.8,2381.8,2457.8,2544.4,-56.692906274914094,-44.726318261745384,-11.96658801316871,30.742049469964655,74.71428571428571,-60.9879044980391,351480.45,5294090,259137.95,6486.0,2.343690716657698
2017-06-12,2336.0,2362.0,2310.0,2340.0,332782,299818,2351.6,2358.8,2450.5,2538.1666666666665,-56.91627388827146,-47.1643093870506,-9.751964501220861,25.75757575757575,72.28571428571429,-56.63770302105016,343857.5,5626872,262064.9,16589.0,5.857097966663027
2017-06-13,2350.0,2370.0,2306.0,2318.0,386180,319444,2340.8,2343.2,2443.5,2533.0,-58.19764425328685,-49.37097636029785,-8.826667892989,24.175824175824175,73.71428571428571,-54.63938483277413,340243.55,5240692,265676.9,19626.0,6.54597122254168
2017-06-14,2312.0,2330.0,2262.0,2326.0,606002,322966,2333.2,2341.6,2433.9,2527.133333333333,-57.9001692486313,-51.07681493796455,-6.823354310666751,29.66101694915254,70.57142857142857,-60.213395875240366,353075.35,5846694,269947.35,3522.0,1.1025406644044056
2017-06-15,2326.0,2340.0,2286.0,2292.0,431957,330362,2321.6,2335.4,2420.8,2520.4333333333334,-59.719524509956955,-52.80535685236303,-6.9141676575939215,27.77777777777777,70.14285714285714,-54.39564835846051,358872.35,5414737,274457.95,7396.0,2.29002433692711
2017-06-16,2288.0,2320.0,2274.0,2304.0,330245,331877,2316.0,2334.4,2408.9,2514.0333333333333,-59.507115959600014,-54.14570867381043,-5.361407285789582,21.212121212121204,67.28571428571429,-52.1186459336195,360667.25,5744982,279643.4,1515.0,0.4585878521137454
2017-06-19,2312.0,2320.0,2258.0,2302.0,447969,339652,2308.4,2330.0,2396.5,2507.5,-58.8220993921168,-55.08098681747171,-3.7411125746450864,26.63043478260869,62.57142857142857,-49.8696807086663,362687.0,5297013,284728.5,7775.0,2.34273541101071
2017-06-20,2306.0,2330.0,2294.0,2316.0,396331,349271,2308.0,2324.4,2382.5,2500.7,-56.49825906839533,-55.36444126765643,-1.1338178007388962,44.800000000000004,53.285714285714285,-36.584677181386716,360689.75,5693344,289952.45,9619.0,2.832016299035489
2017-06-21,2290.0,2312.0,2246.0,2266.0,535370,392708,2296.0,2314.6,2365.8,2495.3,-58.02233563450045,-55.89602014102524,-2.126315493475211,34.72222222222223,54.42857142857143,-54.4745529586629,370387.65,5157974,296842.2,43437.0,12.436474829000964
2017-06-22,2274.0,2284.0,2238.0,2250.0,436005,388971,2287.6,2304.6,2352.4,2489.8333333333335,-59.831542794445795,-56.68312467170936,-3.1484181227364374,37.87878787878788,54.142857142857146,-61.87297270153903,366959.65,4721969,303536.2,-3737.0,-0.9515976246982527
2017-06-23,2258.0,2274.0,2248.0,2264.0,245804,375659,2279.6,2297.8,2339.8,2484.5666666666666,-59.45036273121832,-57.23657228361115,-2.213790447607167,33.33333333333333,50.857142857142854,-55.69745874400036,362450.45,4967773,309601.8,-13312.0,-3.4223631067611726
2017-06-26,2264.0,2288.0,2244.0,2280.0,287274,363063,2275.2,2291.8,2325.3,2480.5333333333333,-57.19786709500022,-57.22883124588897,0.030964150888749487,30.508474576271183,49.142857142857146,-54.04254724061382,358534.35,5255047,315019.4,-12596.0,-3.353040922751749
2017-06-27,2278.0,2294.0,2260.0,2294.0,277338,362582,2270.8,2289.4,2316.3,2475.633333333333,-53.66445464958815,-56.515955926628806,2.8515012770406543,35.53719008264463,49.285714285714285,-47.351943359469665,351889.25,5532385,321061.65,-481.0,-0.13248389397982896
2017-06-28,2298.0,2324.0,2290.0,2302.0,344725,348711,2278.0,2287.0,2314.3,2470.4,-49.646374190651386,-55.14203957943332,5.495665388781937,39.83050847457627,48.285714285714285,-11.50517286576823,350823.5,5877110,324573.55,-13871.0,-3.82561737758631
2017-06-29,2310.0,2360.0,2300.0,2342.0,543429,345107,2296.4,2292.0,2313.7,2465.8333333333335,-42.74165161808651,-52.66196198716396,9.920310369077455,51.93798449612403,49.714285714285715,34.654605460975176,366006.35,6420539,327937.95,-3604.0,-1.033520594417725
2017-06-30,2350.0,2362.0,2330.0,2352.0,273200,337679,2314.0,2296.8,2315.6,2461.366666666667,-36.04716354421862,-49.3390022985749,13.291838754356277,52.30769230769231,48.285714285714285,53.62231796494206,364927.6,6693739,330094.1,-7428.0,-2.1523759297841005
2017-07-03,2352.0,2384.0,2350.0,2366.0,362187,340692,2331.2,2303.2,2316.6,2454.5,-29.274591252222763,-45.326120089304474,16.05152883708171,59.523809523809526,46.142857142857146,75.47640745829021,369188.9,7055926,333168.65,3013.0,0.8922675084917842
2017-07-04,2368.0,2392.0,2304.0,2330.0,396935,339433,2338.4,2304.6,2314.5,2447.0,-26.506626165875787,-41.56222130461874,15.055595138742952,50.714285714285715,47.57142857142857,41.73722369814118,373212.35,6658991,336298.5,-1259.0,-0.36954199100653895
2017-07-05,2330.0,2376.0,2328.0,2368.0,311802,333408,2351.6,2314.8,2314.7,2440.733333333333,-21.00458370602155,-37.4506937848993,16.44611007887775,63.38028169014085,47.142857142857146,66.3810434882401,377115.75,6970793,339068.75,-6025.0,-1.775018928625094
2017-07-06,2354.0,2376.0,2328.0,2374.0,367131,339465,2358.0,2327.2,2315.9,2434.733333333333,-15.975865725155472,-33.15572817295053,17.17986244779506,62.58992805755396,47.285714285714285,66.5274058108466,377319.7,7337924,342204.85,6057.0,1.8166930607543819
2017-07-07,2378.0,2412.0,2360.0,2376.0,483277,352704,2362.8,2338.4,2318.1,2431.8,-11.694381657808208,-28.86345886992207,17.169077212113862,63.309352517985616,46.57142857142857,90.08234102889834,389797.15,7821201,345678.6,13239.0,3.8999602315408
2017-07-10,2374.0,2398.0,2346.0,2376.0,370354,343974,2364.8,2348.0,2319.9,2428.9333333333334,-8.206673267062797,-24.732101749350218,16.52542848228742,61.36363636363636,47.714285714285715,71.2332031745198,391675.75,7821201,347886.4,-8730.0,-2.475163309744144
2017-07-11,2370.0,2472.0,2370.0,2448.0,524963,363288,2388.4,2363.4,2326.4,2427.4,0.36297488257605437,-19.713086422964963,20.076061305541018,81.81818181818181,50.0,116.0739972597601,398614.9,8346164,350078.6,19314.0,5.614959270177389
2017-07-12,2444.0,2494.0,2438.0,2452.0,433448,346292,2405.2,2378.4,2332.7,2427.3,7.392038533916548,-14.292061431588662,21.68409996550521,86.86131386861314,50.714285714285715,118.19014279484492,389987.2,8779612,351244.9,-16996.0,-4.67838188985048
2017-07-13,2452.0,2480.0,2430.0,2476.0,372675,352945,2425.6,2391.8,2341.9,2426.866666666667,14.729429844408969,-8.487763176389137,23.217193020798106,87.32394366197182,52.42857142857143,99.32384960129815,387023.1,9152287,352374.05,6653.0,1.9212110011204375
2017-07-14,2484.0,2534.0,2450.0,2514.0,616977,354809,2453.2,2408.0,2352.4,2427.5666666666666,23.341580531041018,-2.1218944349031066,25.463474965944123,88.23529411764706,55.285714285714285,106.2723544044306,401359.7,9769264,353520.65,1864.0,0.5281276119508682
2017-07-17,2518.0,2584.0,2510.0,2574.0,491764,331695,2492.8,2428.8,2366.0,2428.633333333333,34.609315906253414,5.224347633328198,29.384968272925217,89.77272727272728,58.142857142857146,116.53665972161501,403549.45,10261028,353122.8,-23114.0,-6.514490895101311
2017-07-18,2572.0,2596.0,2552.0,2564.0,324950,317796,2516.0,2452.2,2378.4,2429.766666666667,42.24518475114928,12.628515056892414,29.616669694256867,87.00564971751413,58.857142857142854,103.64775805349421,399980.4,9936078,351549.05,-13899.0,-4.19029530140641
2017-07-19,2576.0,2608.0,2576.0,2596.0,303408,320018,2544.8,2475.0,2394.9,2431.8333333333335,50.298983022777975,20.16260865006953,30.136374372708445,86.70520231213872,57.714285714285715,98.17407380271244,388382.3,10239486,347914.55,2222.0,0.6991906757794375
2017-07-20,2598.0,2618.0,2570.0,2574.0,445443,308011,2564.4,2495.0,2411.1,2433.6,54.28074539487716,26.98623599903106,27.2945093958461,81.00558659217877,58.857142857142854,84.12407141729715,388854.2,9794043,343866.55,-12007.0,-3.7519764513246123
2017-07-21,2584.0,2588.0,2524.0,2548.0,411964,276617,2571.2,2512.2,2425.3,2433.266666666667,54.70770172179391,32.530529143583635,22.177172578210275,74.5945945945946,61.0,62.01099744201716,397162.2,9382079,338914.45,-31394.0,-10.192493125245527
2017-07-24,2538.0,2568.0,2516.0,2558.0,296871,277961,2568.0,2530.4,2439.2,2433.7,55.2164828699847,37.06771988886385,18.148762981120854,83.13953488372093,58.42857142857143,54.05777820061386,397642.05,9678950,334659.35,1344.0,0.4858703550396415
2017-07-25,2566.0,2654.0,2560.0,2644.0,495938,288528,2584.0,2550.0,2456.7,2434.6666666666665,61.846251771046354,42.02342626530035,19.822825505746003,85.20408163265306,61.857142857142854,79.82843247172679,408572.05,10174888,330956.65,10567.0,3.801612456423742
2017-07-26,2654.0,2670.0,2614.0,2626.0,462055,263009,2590.0,2567.4,2472.9,2434.4666666666667,64.8998171291878,46.598704438077846,18.30111269110995,81.18811881188118,62.42857142857143,78.91066173178584,414438.55,9712833,326671.55,-25519.0,-8.84454888260412
2017-07-27,2634.0,2676.0,2618.0,2650.0,332563,255844,2605.2,2584.8,2488.3,2434.733333333333,68.467142499479,50.97239205035808,17.494750449120914,82.15962441314554,62.857142857142854,75.31099714313505,403895.25,10045396,322208.4,-7165.0,-2.7242413757704087
2017-07-28,2644.0,2662.0,2568.0,2598.0,423084,219784,2615.2,2593.2,2500.6,2434.133333333333,66.3336550545564,54.04464465119775,12.289010403358652,73.22175732217573,65.85714285714286,52.226241782569794,411389.45,9622312,316313.65,-36060.0,-14.09452635199575
2017-07-31,2606.0,2676.0,2600.0,2670.0,320131,200196,2637.6,2602.8,2515.8,2436.4,69.64976996175892,57.16566971330999,12.484100248448932,73.22175732217573,64.14285714285714,63.80226635097424,409286.65,9942443,309288.85,-19588.0,-8.912386706948638
2017-08-01,2660.0,2688.0,2644.0,2656.0,237936,187640,2640.0,2612.0,2532.1,2440.366666666667,70.33732699775237,59.80000117019847,10.5373258275539,70.90163934426229,63.285714285714285,64.53920449684783,401336.7,9704507,301699.2,-12556.0,-6.271853583488185
2017-08-02,2728.0,2736.0,2674.0,2714.0,150154,212966,2657.6,2623.8,2549.4,2444.6666666666665,74.70122693196026,62.78024632255084,11.920980609409426,72.79693486590038,65.42857142857143,78.38517685337355,393254.3,9854661,295677.1,25326.0,13.49712214879557
2017-08-03,2718.0,2728.0,2668.0,2670.0,180356,228525,2661.6,2633.4,2564.2,2448.0333333333333,73.75896930854014,64.97599091974871,8.782978388791435,64.77272727272727,63.714285714285715,64.27427175008408,383915.55,9674305,290130.1,15559.0,7.305861029460092
2017-08-04,2690.0,2742.0,2660.0,2678.0,318978,249311,2677.6,2646.4,2579.3,2451.733333333333,72.81835186217313,66.5444631082336,6.273888753939531,60.924369747899156,64.28571428571429,62.167750232308215,375700.6,9993283,284960.45,20786.0,9.095722568646746
2017-08-07,2686.0,2718.0,2614.0,2646.0,427425,252244,2672.8,2655.2,2592.8,2454.4,68.69885555106339,66.97534159679955,1.7235139542638365,58.23293172690763,68.57142857142857,41.49676006658489,378554.15,9565858,280373.95,2933.0,1.1764422749096504
2017-08-08,2646.0,2678.0,2628.0,2678.0,294824,264221,2677.2,2658.6,2604.3,2458.0666666666666,67.24114356314476,67.0285019900686,0.21264157307615505,58.23293172690763,69.0,39.58997608037249,367047.2,9860682,275420.6,11977.0,4.748180333328045
2017-08-09,2678.0,2736.0,2674.0,2718.0,420223,288396,2678.0,2667.8,2617.6,2461.4,68.52366387388474,67.32753436683183,1.196129507052916,63.95348837209303,70.0,67.99333889837979,366385.95,10280905,272525.8,24175.0,9.149537697609201
2017-08-10,2728.0,2766.0,2694.0,2726.0,371269,280486,2689.2,2675.4,2630.1,2464.266666666667,69.38576766293863,67.73918102605319,1.646586636885445,67.8714859437751,70.57142857142857,78.94339677942314,366315.65,10652174,268902.85,-7910.0,-2.742756487607323
2017-08-11,2742.0,2748.0,2576.0,2584.0,597181,267535,2670.4,2674.0,2633.6,2464.9666666666667,57.942848777861855,65.77991457641492,-7.83706579855307,52.063492063492056,79.14285714285714,0.12071076383811587,365325.85,10054993,264539.15,-12951.0,-4.617342755075116
2017-08-14,2590.0,2618.0,2586.0,2594.0,252597,271965,2660.0,2666.4,2634.6,2465.7,49.11500237185783,62.44693213550351,-13.331929763645682,45.48736462093862,74.71428571428571,-36.700918642440406,353367.5,10307590,261552.65,4430.0,1.6558581120227345
2017-08-15,2588.0,2638.0,2586.0,2614.0,396814,283908,2647.2,2662.2,2637.1,2466.0,43.23432496120677,58.604410700644166,-15.3700857394374,48.92086330935252,74.42857142857143,-27.089321917960554,356960.7,10704404,259858.25,11943.0,4.391373890022621
2017-08-16,2608.0,2632.0,2594.0,2626.0,238593,294053,2628.8,2653.4,2638.6,2466.4333333333334,39.09152271683615,54.70183310388257,-15.610310387046418,47.794117647058826,73.0,-24.093171340390338,353719.95,10942997,258560.0,10145.0,3.5733406596503148
2017-08-17,2626.0,2698.0,2624.0,2682.0,455901,314122,2620.0,2654.6,2644.0,2469.1666666666665,39.86748651151129,51.73496378540832,-11.86747727389703,57.66423357664233,71.57142857142857,23.356773887864197,354242.85,11398898,258865.55,20069.0,6.824960126235746
2017-08-18,2672.0,2720.0,2666.0,2716.0,349154,328675,2646.4,2658.4,2652.4,2472.5,42.73335573512804,49.934642175352266,-7.201286440224223,54.509803921568626,69.85714285714286,53.516724863306955,351102.35,11748052,261468.45,14553.0,4.6329133266692635
2017-08-21,2722.0,2738.0,2688.0,2716.0,374672,330208,2670.8,2665.4,2660.3,2474.9333333333334,44.49170506149267,48.84605475258034,-4.354349691087677,56.0483870967742,70.28571428571429,67.32693109006973,354992.4,11748052,264080.8,1533.0,0.4664181942648504
2017-08-22,2716.0,2728.0,2656.0,2722.0,329358,338293,2692.4,2669.8,2664.2,2479.0666666666666,45.84093367831474,48.245030537727224,-2.4040968594124834,50.90090090090089,69.71428571428571,47.1351259259617,346663.4,12077410,266569.05,8085.0,2.4484567303033167
2017-08-23,2716.0,2772.0,2666.0,2688.0,670357,360768,2704.8,2666.8,2667.3,2484.8333333333335,43.66336711111444,47.32869785240467,-3.6653307412902336,52.073732718894014,73.0,50.35835405086011,357078.5,11407053,271457.0,22475.0,6.643649144380759
2017-08-24,2688.0,2746.0,2678.0,2740.0,418216,371485,2716.4,2668.2,2671.8,2491.266666666667,45.607856357768014,46.984529553477344,-1.3766731957093299,56.48535564853556,72.0,59.697654956196814,361361.15,11825269,277239.05,10717.0,2.9706071491928387
2017-08-25,2742.0,2798.0,2714.0,2756.0,542476,377281,2724.4,2685.4,2679.7,2498.633333333333,47.88792221930271,47.16520808664242,0.7227141326602862,61.904761904761905,70.57142857142857,90.40718002003676,367330.75,12367745,285113.9,5796.0,1.5602245043541352
2017-08-28,2756.0,2782.0,2716.0,2742.0,406052,368658,2729.6,2700.2,2683.3,2505.233333333333,48.01175818239335,47.33451810579261,0.6772400766007394,57.20720720720721,71.71428571428571,70.43413609746638,371626.8,11961693,293537.0,-8623.0,-2.285564340637347
2017-08-29,2744.0,2762.0,2684.0,2718.0,470833,369397,2728.8,2710.6,2686.4,2511.0,45.64710820267919,46.99703612516993,-1.3499279224907355,50.0,72.85714285714286,37.95330801188545,383271.65,11490860,302624.85,739.0,0.20045679193181343
2017-08-30,2718.0,2734.0,2694.0,2710.0,311533,370262,2733.2,2719.0,2686.2,2516.766666666667,42.63609060372755,46.124847020881454,-3.488756417153901,48.13084112149532,70.57142857142857,27.851762939281073,391340.6,11179327,310489.65,865.0,0.23416541011431757
2017-08-31,2708.0,2708.0,2620.0,2672.0,367910,376274,2719.6,2718.0,2686.3,2522.133333333333,36.759810825589284,44.25183978182302,-7.492028956233739,63.58024691358025,64.71428571428571,-22.44722129244604,400718.3,10811417,317877.1,6012.0,1.6237150990379812
2017-09-01,2684.0,2724.0,2672.0,2704.0,380382,377845,2709.2,2716.8,2687.6,2528.3333333333335,34.289679252112364,42.259407675880894,-7.9697284237685295,65.89595375722543,66.0,14.381942987623736,403788.5,11191799,324303.8,1571.0,0.41751489605978964
2017-09-04,2712.0,2746.0,2590.0,2614.0,739063,378536,2683.6,2706.6,2686.0,2532.9,24.78413822728453,38.76435378616162,-13.980215558877092,50.0,73.42857142857143,-40.52429712135265,419370.4,10452736,330618.4,691.0,0.18287922296180703
2017-09-05,2618.0,2636.0,2582.0,2604.0,448316,395211,2660.8,2694.8,2682.3,2537.6666666666665,16.256615906097068,34.26280621014871,-18.006190304051643,47.34299516908212,74.57142857142857,-79.3013333152765,427045.0,10004420,337167.9,16675.0,4.405129234735927
2017-09-06,2618.0,2636.0,2596.0,2608.0,443184,402919,2640.4,2686.8,2676.8,2542.366666666667,9.70933641335887,29.352112250790743,-19.642775837431873,39.77900552486188,72.14285714285714,-65.32219847126554,428193.05,10447604,342894.05,7708.0,1.9503505722259673
2017-09-07,2620.0,2640.0,2510.0,2528.0,767258,395832,2611.6,2665.6,2666.9,2546.3,-1.9127126070293343,23.099147279226727,-25.01185988625606,26.960784313725497,77.57142857142857,-100.18270679396396,447992.5,9680346,348661.35,-7087.0,-1.7589143227298765
2017-09-08,2530.0,2540.0,2456.0,2468.0,506045,386545,2564.4,2636.8,2661.1,2549.0333333333333,-15.782834060529694,15.322751011275443,-31.105585071805137,23.504273504273513,80.0,-127.51803082943226,443435.7,9174301,354611.85,-9287.0,-2.346197376664849
2017-09-11,2464.0,2494.0,2446.0,2490.0,355351,364614,2539.6,2611.6,2655.9,2552.1666666666665,-24.714891221414746,7.315222564737406,-32.03011378615215,26.033057851239676,78.28571428571429,-113.67757408340363,448573.4,9529652,359244.3,-21931.0,-5.673595571020195
2017-09-12,2492.0,2510.0,2472.0,2498.0,277305,356408,2518.4,2589.6,2650.1,2555.2,-30.793113883402384,-0.30644472489055286,-30.48666915851183,29.25764192139738,73.42857142857143,-90.69549935516305,442597.95,9806957,362869.3,-8206.0,-2.2505992638790606
2017-09-13,2502.0,2518.0,2462.0,2472.0,338613,355772,2491.2,2565.8,2642.4,2558.633333333333,-37.27840954298381,-7.700837688509205,-29.577571854474606,18.98148148148148,72.57142857142857,-84.8982259810358,447598.95,9468344,365955.25,-636.0,-0.17844717290296241
2017-09-14,2478.0,2512.0,2458.0,2474.0,370825,351085,2480.4,2546.0,2632.0,2562.366666666667,-41.775112301425,-14.515692611092364,-27.259419690332635,16.267942583732065,70.42857142857143,-76.10129908719868,443345.15,9839169,367803.4,-4687.0,-1.3174167725397146
2017-09-15,2484.0,2502.0,2432.0,2492.0,596040,346145,2485.2,2524.8,2620.8,2566.1666666666665,-43.38620292639871,-20.289794674153633,-23.096408252245077,20.379146919431278,70.71428571428571,-70.18935291978958,455689.45,10435209,368676.9,-4940.0,-1.4070666647677865
2017-09-18,2496.0,2526.0,2470.0,2504.0,477964,342926,2488.0,2513.8,2610.2,2569.9,-43.196758795806545,-24.87118749848422,-18.325571297322327,23.902439024390247,69.14285714285714,-52.87006577310364,460854.05,10913173,369312.8,-3219.0,-0.9299570989036332
2017-09-19,2498.0,2510.0,2454.0,2466.0,395649,354504,2481.6,2500.0,2597.4,2572.766666666667,-45.58740218299681,-29.014430435386743,-16.57297174761007,22.27272727272728,70.28571428571429,-57.4322093831511,464168.6,10517524,370123.35,11578.0,3.3762386054134064
2017-09-20,2468.0,2486.0,2460.0,2474.0,267330,345953,2482.0,2486.6,2586.7,2575.633333333333,-46.30272219081826,-32.47208878647305,-13.830633404345207,25.853658536585357,65.71428571428571,-53.286187587811824,444017.25,10784854,369382.6,-8551.0,-2.4121025432717214
2017-09-21,2478.0,2496.0,2408.0,2438.0,465855,340774,2474.8,2477.6,2571.6,2577.233333333333,-49.20728661642397,-35.81912835246324,-13.388158263960733,17.874396135265712,68.28571428571429,-58.96804033378093,446399.2,10318999,367847.05,-5179.0,-1.497024162241689
2017-09-22,2432.0,2488.0,2426.0,2486.0,337060,325271,2473.6,2479.4,2558.1,2579.4666666666667,-47.09311587732418,-38.07392585743543,-9.019190019888754,32.795698924731184,61.57142857142857,-46.0664552623103,436128.4,10656059,365246.55,-15503.0,-4.549349422197702
2017-09-25,2488.0,2504.0,2474.0,2484.0,320722,320972,2469.6,2478.8,2545.2,2581.4333333333334,-45.05958477543891,-39.471057641036126,-5.588527134402781,33.516483516483504,59.857142857142854,-32.467533260442465,431861.9,10335337,362862.25,-4299.0,-1.3216671636881228
2017-09-26,2498.0,2516.0,2476.0,2502.0,295301,311031,2476.8,2479.2,2534.4,2584.3,-41.5169654246688,-39.88023919776266,-1.6367262269061342,35.978835978835974,59.857142857142854,-23.06050637978664,423085.3,10630638,359943.95,-9941.0,-3.097154892015508
2017-09-27,2498.0,2520.0,2484.0,2510.0,259326,302507,2484.0,2483.0,2524.4,2586.6666666666665,-37.63010450398451,-39.430212259007035,1.8001077550225233,47.05882352941176,53.142857142857146,-14.958945950311563,420474.95,10889964,356556.2,-8524.0,-2.7405628377878744
2017-09-28,2508.0,2516.0,2412.0,2434.0,417283,285930,2483.2,2479.0,2512.5,2587.6666666666665,-40.218688061806915,-39.58790741956702,-0.6307806422398983,44.72049689440994,54.57142857142857,-44.64028572667249,422943.6,10472681,352039.0,-16577.0,-5.479873193017026
2017-09-29,2442.0,2474.0,2422.0,2428.0,263817,270752,2471.6,2472.6,2498.7,2588.5333333333333,-42.26708044401221,-40.12374202445606,-2.1433384195561516,39.869281045751634,54.857142857142854,-54.36573967099435,417115.35,10208864,346684.35,-15178.0,-5.308292239359281
2017-10-09,2420.0,2444.0,2320.0,2354.0,322178,291502,2445.6,2457.6,2485.7,2588.1666666666665,-49.293404043243754,-41.95767442821359,-7.335729615030161,30.645161290322577,61.0,-109.12815075090903,396271.1,9886686,342332.65,20750.0,7.663839971634556
2017-10-10,2366.0,2388.0,2358.0,2378.0,220702,290222,2420.8,2448.8,2474.4,2587.0,-52.32208032135168,-44.03055560684121,-8.291524714510466,37.2972972972973,59.42857142857143,-99.34783236379434,384890.4,10107388,337083.2,-1280.0,-0.43910504902195946
2017-10-11,2392.0,2416.0,2378.0,2402.0,248325,285497,2399.2,2441.6,2464.1,2586.1666666666665,-52.184181903101944,-45.661280866093364,-6.52290103700858,40.816326530612244,58.285714285714285,-77.52016366790518,375147.45,10355713,331212.1,-4725.0,-1.6280640337396846
2017-10-12,2400.0,2426.0,2370.0,2420.0,234769,276868,2396.4,2439.8,2458.7,2585.233333333333,-50.04555286426603,-46.5381352657279,-3.507417598538126,40.816326530612244,57.285714285714285,-66.63612426291368,348523.0,10590482,325263.9,-8629.0,-3.0224485721391137
2017-10-13,2406.0,2434.0,2384.0,2426.0,275265,279344,2396.0,2433.8,2456.6,2583.766666666667,-47.32103663310727,-46.69471553920378,-0.626321093903492,39.89637305699482,56.857142857142854,-50.00509439897726,336984.0,10865747,319903.85,2476.0,0.8942889752517447
2017-10-16,2430.0,2448.0,2372.0,2404.0,340551,288914,2406.0,2425.8,2452.3,2580.9333333333334,-46.40215882655093,-46.636204196673205,0.23404537012227422,41.621621621621614,58.285714285714285,-52.56252551693098,336244.0,10525196,316118.85,9570.0,3.425883498482163
2017-10-17,2410.0,2426.0,2366.0,2416.0,389370,274653,2413.6,2417.2,2448.2,2578.4666666666667,-44.19617582908904,-46.148198523156374,1.952022694067331,42.24598930481283,60.714285714285715,-53.139024035209076,341847.25,10914566,312031.1,-14261.0,-4.93607094152585
2017-10-18,2416.0,2430.0,2390.0,2412.0,253942,270928,2415.6,2407.4,2445.2,2575.4,-42.283269767498496,-45.375212772024796,3.0919430045263,46.198830409356724,57.285714285714285,-39.632462053599035,337613.7,10660624,307788.9,-3725.0,-1.3562568040400014
2017-10-19,2418.0,2420.0,2360.0,2376.0,307746,277178,2406.8,2401.6,2440.3,2572.1,-43.17448843984221,-44.93506790558828,1.7605794657460692,33.33333333333333,57.142857142857146,-62.06305223033074,334459.75,10352878,304093.55,6250.0,2.3068859623220916
2017-10-20,2366.0,2410.0,2354.0,2400.0,254685,263019,2401.6,2398.8,2435.7,2569.633333333333,-41.46618981059737,-44.2412922865901,2.775102475992732,38.06818181818182,59.0,-53.300296829527966,317392.0,10607563,299937.25,-14159.0,-5.10826977610056
2017-10-23,2398.0,2432.0,2378.0,2414.0,290598,251987,2403.6,2404.8,2431.2,2567.233333333333,-38.53842091519937,-43.10071801231196,4.562297097112591,37.356321839080465,60.0,-27.10820750239583,308023.7,10898161,295390.3,-11032.0,-4.194373790486616
2017-10-24,2412.0,2430.0,2406.0,2414.0,175640,244491,2403.2,2408.4,2428.6,2563.4,-35.80540060210751,-41.64165453027107,5.836253928163558,35.882352941176464,59.142857142857146,-13.723672167935481,297023.25,10898161,289889.65,-7496.0,-2.9747566342708143
2017-10-25,2420.0,2500.0,2418.0,2490.0,400401,218033,2418.8,2417.2,2429.4,2561.133333333333,-27.193428555074206,-38.7520093352317,11.558580780157492,58.23529411764706,57.857142857142854,51.14371146045195,303676.8,11298562,283493.65,-26458.0,-10.82166623720301
2017-10-26,2490.0,2494.0,2474.0,2488.0,175391,217367,2441.2,2424.0,2431.9,2558.4333333333334,-20.295804546086856,-35.06076837740273,14.764963831315875,58.92857142857143,55.57142857142857,65.54757348065766,289153.6,11123171,277323.3,-666.0,-0.30545834804822647
2017-10-27,2488.0,2508.0,2468.0,2482.0,230913,201902,2457.6,2429.6,2431.7,2556.5,-15.13902443025836,-31.07641958797386,15.9373951577155,73.88059701492537,49.57142857142857,63.56075208947298,283846.25,10892258,271154.85,-15465.0,-7.11469542294828
2017-10-30,2480.0,2550.0,2456.0,2532.0,328441,213252,2481.2,2442.4,2434.1,2554.2,-6.937683605262009,-26.24867239143149,19.31098878616948,76.19047619047619,53.857142857142854,88.51308197584379,284232.2,11220699,265768.85,11350.0,5.6215391625640265
2017-10-31,2536.0,2546.0,2502.0,2506.0,228936,205445,2499.6,2451.4,2434.3,2551.7,-2.507143829492179,-21.50036667904363,18.99322284955145,67.56756756756758,54.285714285714285,89.88751393797331,280913.95,10991763,260489.55,-7807.0,-3.660926978410517
2017-11-01,2508.0,2522.0,2466.0,2478.0,232632,200520,2497.2,2458.0,2432.7,2547.766666666667,-1.2409700014163718,-17.448487343518178,16.207517342101806,59.47712418300654,54.285714285714285,61.26743989401053,279579.25,10759131,255390.2,-4925.0,-2.397235269780229
2017-11-02,2480.0,2506.0,2464.0,2482.0,178706,190982,2496.0,2468.6,2435.1,2544.633333333333,0.08427695791851875,-13.941934483230838,14.026211441149357,59.21052631578947,53.714285714285715,53.19081437979833,267650.4,10937837,250642.8,-9538.0,-4.75663275483742
2017-11-03,2484.0,2518.0,2480.0,2506.0,168621,183702,2500.8,2479.2,2439.0,2541.766666666667,3.036145351039522,-10.546318516376768,13.58246386741629,66.66666666666666,51.0,65.06407968567588,262890.6,11106458,246290.3,-7280.0,-3.8118775591416965
2017-11-06,2504.0,2542.0,2486.0,2530.0,214895,182313,2500.4,2490.8,2447.8,2539.8333333333335,7.2287927205666165,-6.991296268988092,14.220088989554709,67.9245283018868,50.714285714285715,74.44208098170485,257526.45,11321353,240830.85,-1389.0,-0.7561158833327863
2017-11-07,2530.0,2568.0,2516.0,2544.0,195265,174667,2508.0,2503.8,2456.1,2537.6,11.548060115830594,-3.2834249920243557,14.83148510785495,70.1219512195122,51.57142857142857,86.0875259411499,256254.6,11516618,235053.1,-7646.0,-4.193886338330232
2017-11-08,2546.0,2552.0,2524.0,2542.0,123343,160383,2520.8,2509.0,2463.1,2534.6666666666665,14.640955538151047,0.301451114010725,14.339504424140323,78.2312925170068,49.285714285714285,73.64616362936877,250005.5,11393275,228797.4,-14284.0,-8.177846988841619
2017-11-09,2542.0,2570.0,2530.0,2540.0,129847,154822,2532.4,2514.2,2469.1,2531.5666666666666,16.737771546656404,3.5887152005398613,13.149056346116543,75.73529411764706,48.142857142857146,71.55593812612358,244759.4,11263428,222695.1,-5561.0,-3.467325090564466
2017-11-10,2538.0,2556.0,2532.0,2540.0,107187,150866,2539.2,2520.0,2474.8,2530.8333333333335,18.18983227643548,6.508938615718986,11.680893660716496,74.41860465116278,46.0,61.10983355529394,236355.5,11263428,216271.2,-3956.0,-2.5551924145147287
2017-11-13,2546.0,2590.0,2538.0,2582.0,132619,149592,2549.6,2525.0,2483.7,2530.633333333333,22.47062250886711,9.701275394348611,12.769347114518498,78.0,48.0,75.56174737560448,225958.9,11396047,209305.1,-1274.0,-0.8444579958373666
2017-11-14,2584.0,2588.0,2560.0,2564.0,86273,139175,2553.6,2530.8,2491.1,2529.8,24.1325450840327,12.58752933228543,11.54501575174727,65.28925619834712,43.857142857142854,68.7269669430135,210804.05,11309774,202531.2,-10417.0,-6.963607679555062
2017-11-15,2560.0,2580.0,2434.0,2450.0,267653,115256,2535.2,2528.0,2493.0,2526.866666666667,16.065589322877713,13.283141330403886,2.782447992473827,44.632768361581924,52.857142857142854,-4.561436798390095,211489.6,11042121,194747.6,-23919.0,-17.186276270881983
2017-11-16,2448.0,2476.0,2448.0,2458.0,73203,108948,2518.8,2525.6,2497.1,2523.133333333333,10.200417836811539,12.666596631685417,-2.466178794873878,46.62921348314607,52.0,-35.56322978839019,199762.45,11115324,186336.1,-6308.0,-5.473033941833827
2017-11-17,2452.0,2472.0,2444.0,2462.0,73522,104808,2503.2,2521.2,2500.2,2518.9,5.808042252721862,11.294885755892707,-5.486843503170846,38.70967741935484,47.285714285714285,-45.62696235993182,190704.3,11188846,178425.55,-4140.0,-3.799977971142199
2017-11-20,2472.0,2546.0,2428.0,2542.0,157767,94826,2495.2,2522.4,2506.6,2516.0,8.682300216722979,10.772368648058762,-2.0900684313357836,54.94505494505495,52.57142857142857,5.760212759200431e-13,184062.75,11346613,170567.5,-9982.0,-9.524082131135025
2017-11-21,2676.0,2700.0,2666.0,2696.0,55661,98352,2521.6,2537.6,2520.7,2515.5666666666666,23.12016841966806,13.241928602380623,9.878239817287438,72.24489795918367,59.857142857142854,162.25958133873948,178063.8,11402274,163260.55,3526.0,3.718389471242056
2017-11-22,2698.0,2752.0,2688.0,2748.0,86537,108644,2581.2,2558.2,2533.6,2516.5666666666666,38.31655896704979,18.256854675314457,20.05970429173533,74.72118959107807,61.42857142857143,143.72289227788346,162370.6,11488811,157791.1,10292.0,10.464454205303397
2017-11-23,2760.0,2776.0,2744.0,2758.0,118504,129920,2641.2,2580.0,2547.1,2516.866666666667,50.58362781224014,24.722209302699596,25.861418509540542,74.04580152671755,61.0,126.57151611006135,159526.25,11607315,153418.75,21276.0,19.58322594897095
2017-11-24,2758.0,2788.0,2742.0,2768.0,97515,138533,2702.4,2602.8,2561.4,2517.0666666666666,60.41584838539757,31.860937119239193,28.554911266158374,73.33333333333334,60.285714285714285,107.05768908567393,152856.35,11704830,150250.3,8613.0,6.629464285714293
2017-11-27,2776.0,2784.0,2690.0,2702.0,169196,152544,2734.4,2614.8,2569.9,2516.4,62.16569814060176,37.92188932351171,24.243808817090056,64.05693950177935,63.285714285714285,75.67294240181333,144894.1,11535634,147214.9,14011.0,10.113835692578665
2017-11-28,2698.0,2724.0,2682.0,2716.0,106644,153934,2738.4,2630.0,2580.4,2516.366666666667,63.945031160883445,43.126517690986056,20.81851346989739,65.1567944250871,64.28571428571429,60.15916326671058,138779.5,11642278,144639.35,1390.0,0.9112125026222051
2017-11-29,2718.0,2728.0,2694.0,2698.0,130468,156976,2728.4,2654.8,2591.4,2516.1666666666665,63.174479753287414,47.13611010344633,16.038369649841087,63.38983050847458,63.857142857142854,54.02215543975943,133671.3,11511810,142462.15,3042.0,1.9761716060129775
2017-11-30,2700.0,2744.0,2662.0,2744.0,199596,157843,2725.6,2683.4,2604.5,2517.366666666667,65.52034996382326,50.81295807552172,14.707391888301544,66.03773584905662,68.0,53.040427507954476,134715.8,11711406,140805.2,867.0,0.5523137294873193
2017-12-01,2748.0,2786.0,2734.0,2774.0,180500,168881,2726.8,2714.6,2617.9,2518.5333333333333,69.00477420325979,54.45132130106934,14.553452902190443,65.38461538461539,68.0,67.26922742276197,135309.75,11891906,140064.15,11038.0,6.9930247144314395
2017-12-04,2784.0,2822.0,2760.0,2776.0,206873,180243,2741.6,2738.0,2630.2,2521.233333333333,71.10790118055866,57.78263727696721,13.325263903591448,67.43421052631578,70.42857142857143,68.5218260892963,134908.65,12098779,139960.65,11362.0,6.727814259745024
2017-12-05,2776.0,2822.0,2752.0,2766.0,259604,185310,2751.6,2745.0,2641.3,2523.9333333333334,71.14758298692595,60.455626418958964,10.69195656796699,81.34920634920636,65.0,59.25731153471475,138125.6,11839175,140492.8,5067.0,2.8112048734208805
2017-12-06,2762.0,2824.0,2752.0,2774.0,301003,199502,2766.8,2747.6,2652.9,2526.7,71.0060506929185,62.56571127375088,8.440339419167628,81.34920634920636,68.14285714285714,54.749098830213875,147008.6,12140178,142448.75,14192.0,7.658518158760996
2017-12-07,2764.0,2766.0,2614.0,2614.0,364664,164341,2740.8,2733.2,2656.6,2528.133333333333,57.3224450415687,61.51705802731445,-4.194612985745749,61.515151515151516,77.57142857142857,2.572788557052993,158749.45,11775514,142924.7,-35161.0,-17.624384717947695
2017-12-08,2618.0,2660.0,2618.0,2640.0,190912,157384,2714.0,2720.4,2661.6,2531.0,48.022498220236685,58.8181460658989,-10.795647845662216,58.08580858085809,72.42857142857143,-10.64555232581917,162935.7,11966426,143250.6,-6957.0,-4.233271064433097
2017-12-11,2656.0,2680.0,2596.0,2638.0,231384,150021,2686.4,2714.0,2664.4,2533.4666666666667,40.02940600158354,55.06039805303583,-15.030992051452294,43.61233480176212,67.14285714285714,-12.952723384418132,167873.95,11735042,143272.05,-7363.0,-4.678366288822245
2017-12-12,2640.0,2662.0,2578.0,2608.0,200627,164530,2654.8,2703.2,2666.6,2535.3,30.917673853047745,50.231853213038214,-19.31417935999047,33.79629629629629,68.57142857142857,-24.17758883637337,173591.65,11534415,144539.8,14509.0,9.671312682891053
2017-12-13,2612.0,2644.0,2576.0,2624.0,193971,152595,2624.8,2695.8,2675.3,2537.8333333333335,24.70286748193803,45.12605606681818,-20.42318858488015,34.70319634703198,71.14285714285714,-29.717982892249456,169907.55,11728386,146406.75,-11935.0,-7.253996231690274
2017-12-14,2622.0,2648.0,2596.0,2616.0,186138,147902,2625.2,2683.0,2683.2,2540.2,18.914026393667882,39.88365013218812,-20.96962373852024,32.568807339449535,71.57142857142857,-35.16836704354839,175554.3,11542248,148354.45,-4693.0,-3.0754611881123273
2017-12-15,2620.0,2628.0,2594.0,2622.0,141640,156502,2621.6,2667.8,2691.2,2542.366666666667,14.641697604924047,34.83525962673531,-20.19356202181126,39.361702127659576,67.28571428571429,-50.78076025246835,178960.2,11683888,150939.15,8600.0,5.8146610593501125
2017-12-18,2622.0,2664.0,2614.0,2648.0,183657,153920,2623.6,2655.0,2696.5,2544.766666666667,13.201648581208246,30.508537417629896,-17.30688883642165,41.23711340206185,67.85714285714286,-44.643217903499135,180254.7,11867545,153893.85,-2582.0,-1.6498191716399768
2017-12-19,2646.0,2652.0,2624.0,2636.0,113565,150388,2629.2,2642.0,2693.5,2547.6,10.965693949166507,26.59996872393722,-15.634274774770713,41.8848167539267,67.42857142857143,-45.33679957154,183149.9,11753980,156495.65,-3532.0,-2.294698544698548
2017-12-20,2642.0,2670.0,2632.0,2642.0,162325,148155,2632.8,2628.8,2688.2,2550.4,9.567544947434271,23.19348396863663,-13.62593902120236,35.0877192982456,64.28571428571429,-33.69658677578012,186939.3,11916305,158471.2,-2233.0,-1.484825916961463
2017-12-21,2644.0,2652.0,2566.0,2588.0,229742,169622,2627.2,2626.2,2679.7,2552.9,4.055404903941508,19.365868155697605,-15.310463251756097,24.59016393442623,66.71428571428571,-62.38618303687006,192501.2,11686563,160456.3,21467.0,14.489554858087805
2017-12-22,2586.0,2604.0,2578.0,2588.0,129031,172517,2620.4,2621.0,2670.7,2554.6,-0.30943877576328305,15.430806769405427,-15.74024554516871,24.175824175824175,64.14285714285714,-64.65935778040495,194077.0,11686563,162155.5,2895.0,1.7067361545082704
2017-12-25,2588.0,2600.0,2570.0,2596.0,146865,173279,2610.0,2616.8,2665.4,2556.4666666666667,-3.0874850914779017,11.727148397228762,-14.814633488706663,26.519337016574582,61.285714285714285,-59.060852179881614,192960.45,11833428,163192.25,762.0,0.4416956010132367
2017-12-26,2594.0,2612.0,2582.0,2604.0,133378,172611,2603.6,2616.4,2659.8,2558.1666666666665,-4.590655451750081,8.463587627432993,-13.054243079183074,26.519337016574582,58.285714285714285,-46.40521241470958,194297.15,11966806,164126.1,-668.0,-0.3855054565180982
2017-12-27,2600.0,2632.0,2586.0,2630.0,224105,174711,2601.2,2617.0,2656.4,2560.1666666666665,-3.64196379154464,6.042477343637467,-9.684441135182107,53.50877192982456,50.142857142857146,-30.887044739021036,198979.0,12190911,165012.85,2100.0,1.21660844326259
2017-12-28,2626.0,2640.0,2606.0,2624.0,113292,170197,2608.4,2617.8,2650.4,2563.3333333333335,-3.3358154675484,4.166818781400293,-7.502634248948693,46.15384615384615,49.285714285714285,-22.41754960127152,194663.8,12077619,165630.55,-4514.0,-2.5836953597655588
2017-12-29,2624.0,2634.0,2606.0,2622.0,111651,169553,2615.2,2617.8,2642.8,2566.5666666666666,-3.2174848380068397,2.689958057518867,-5.907442895525707,46.15384615384615,45.285714285714285,-20.582431913597038,191221.35,11965968,165664.15,-644.0,-0.3783850479150641
2018-01-02,2626.0,2686.0,2618.0,2682.0,220335,191948,2632.4,2621.2,2638.1,2572.0333333333333,1.69821562488778,2.4916095709926496,-0.7933939461048696,65.54621848739495,44.142857142857146,20.820074776417737,191894.45,12186303,166249.4,22395.0,13.208259364328567
2018-01-03,2678.0,2684.0,2660.0,2662.0,116617,194814,2644.0,2623.8,2632.9,2576.766666666667,3.9347534163302953,2.780238340060179,1.1545150762701164,57.85123966942149,41.0,40.67971466771121,184745.1,12069686,166724.6,2866.0,1.4931127180277892
2018-01-04,2666.0,2702.0,2646.0,2696.0,184991,201763,2657.2,2629.2,2629.0,2581.6666666666665,8.35443683223184,3.8950780384945114,4.459358793737329,64.92537313432837,41.285714285714285,98.8421816661176,178944.5,12254677,166837.65,6949.0,3.5669921052901676
2018-01-05,2694.0,2712.0,2660.0,2698.0,228773,211640,2672.0,2640.2,2633.2,2586.3,11.88148866141728,5.492360163079065,6.389128498338215,64.3939393939394,42.57142857142857,103.82832499492287,172149.95,12483450,169202.6,9877.0,4.8953475116845
2018-01-08,2690.0,2712.0,2676.0,2690.0,166866,217308,2685.6,2650.4,2635.7,2590.7,13.871270138284217,7.168142158120096,6.703127980164121,58.53658536585366,41.57142857142857,93.47703380241443,170947.65,12316584,172198.8,5668.0,2.678132678132683
2018-01-09,2690.0,2730.0,2688.0,2712.0,162265,221063,2691.6,2662.0,2639.4,2595.8333333333335,17.027124342230763,9.13993859494223,7.887185747288534,64.84375,42.57142857142857,101.24004544209946,167491.7,12478849,175750.9,3755.0,1.7279621550978286
2018-01-10,2718.0,2762.0,2700.0,2758.0,236973,230530,2710.8,2677.4,2646.9,2601.5333333333333,22.975134053673628,11.90697768668851,11.068156366985118,69.5945945945946,44.285714285714285,114.20527249687227,169309.0,12715822,179050.9,9467.0,4.2824896070351
2018-01-11,2768.0,2768.0,2740.0,2750.0,106329,226921,2721.6,2689.4,2653.2,2607.1666666666665,26.735254094790434,14.872632968308896,11.862621126481539,82.4,40.142857142857146,106.13823376007136,164926.9,12609493,182767.2,-3609.0,-1.5655229254326941
2018-01-12,2758.0,2766.0,2738.0,2752.0,134901,229718,2732.4,2702.2,2660.0,2613.4333333333334,29.536085989172534,17.805323572481626,11.730762416690908,82.53968253968254,40.285714285714285,90.2489800961169,162365.05,12744394,186858.0,2797.0,1.2325875524962449
2018-01-15,2746.0,2814.0,2736.0,2808.0,200770,253025,2756.0,2720.8,2669.3,2620.233333333333,35.86111284671733,21.41648142732877,14.444631419388564,85.33333333333333,43.714285714285715,102.04082953236427,165321.55,12945164,191684.15,23307.0,10.14591803863867
2018-01-16,2806.0,2808.0,2762.0,2766.0,157319,229183,2766.8,2729.2,2675.2,2626.1,37.05751721833576,24.544688585530167,12.512828632805594,74.25149700598803,44.857142857142854,83.23091122441677,164004.65,12787845,195447.3,-23842.0,-9.422784309850806
2018-01-17,2762.0,2790.0,2744.0,2766.0,172486,227319,2768.4,2739.6,2681.7,2631.9666666666667,37.57256318221516,27.15026350486717,10.422299677347993,72.07792207792208,44.857142857142854,65.95967202488474,166950.7,12787845,199293.85,-1864.0,-0.813323850372849
2018-01-18,2760.0,2786.0,2750.0,2764.0,146946,228860,2771.2,2746.4,2687.8,2636.5333333333333,37.388367704545544,29.197884344802844,8.1904833597427,73.02631578947368,45.0,59.41069743601478,166181.75,12640899,203329.1,1541.0,0.6779019791570473
2018-01-19,2766.0,2772.0,2724.0,2746.0,235565,221616,2770.0,2751.2,2695.7,2640.8333333333335,35.38207930802946,30.43472333744817,4.947355970581292,69.375,46.42857142857143,41.09175011748293,166472.9,12405334,205928.8,-7244.0,-3.165253866992923
2018-01-22,2752.0,2794.0,2734.0,2784.0,176445,225782,2765.2,2760.6,2705.5,2645.866666666667,36.43832538702054,31.635443747362643,4.8028816396578975,67.11409395973155,45.857142857142854,53.41999827838524,168843.6,12581779,208592.05,4166.0,1.8798281712511633
2018-01-23,2782.0,2798.0,2752.0,2770.0,209300,214918,2766.0,2766.4,2714.2,2649.8333333333335,35.733807923129916,32.4551165825161,3.2786913406138183,68.4931506849315,47.42857142857143,51.312033509853805,171965.35,12372479,210674.0,-10864.0,-4.8117210406498305
2018-01-24,2764.0,2866.0,2764.0,2862.0,420529,277292,2785.2,2776.8,2727.1,2655.766666666667,42.1136440078526,34.3868220675834,7.726821940269197,73.71428571428572,50.714285714285715,88.52626095768419,186322.9,12793008,215908.05,62374.0,29.022231734894245
2018-01-25,2864.0,2946.0,2852.0,2916.0,338254,291303,2815.6,2793.4,2741.4,2663.0666666666666,50.93985582342884,37.69742881875249,13.242427004676351,77.11442786069652,53.714285714285715,122.23410426339152,192030.35,13131262,221737.65,14011.0,5.052796330222287
2018-01-26,2916.0,2934.0,2888.0,2914.0,231022,299791,2849.2,2809.6,2755.9,2670.266666666667,57.114923703741624,41.58092779575032,15.533995907991304,78.28282828282828,54.42857142857143,108.8799377701989,197916.85,12900240,228217.35,8488.0,2.91380452655825
2018-01-29,2912.0,2962.0,2908.0,2928.0,201036,306440,2878.0,2821.6,2771.2,2677.3,62.418866644685295,45.74851556553732,16.670351079147977,77.83505154639175,55.285714285714285,106.56230665015093,202386.1,13101276,235061.7,6649.0,2.217878455323885
2018-01-30,2916.0,2926.0,2872.0,2894.0,256394,285735,2902.8,2834.4,2781.8,2683.366666666667,63.15080066799146,49.22897258602815,13.921828081963312,68.08510638297872,54.857142857142854,75.27337735542652,204189.05,12844882,239751.05,-20705.0,-6.7566244615585465
2018-01-31,2890.0,2902.0,2864.0,2898.0,205201,285286,2910.0,2847.6,2793.6,2689.266666666667,63.323674325362845,52.04791293389509,11.275761391467753,69.89247311827957,55.57142857142857,63.06221794296232,208618.25,13050083,244274.65,-449.0,-0.1571386074509573
2018-02-01,2898.0,2914.0,2862.0,2876.0,264518,284496,2902.0,2858.8,2802.6,2694.8333333333335,60.982493580279424,53.83482906317196,7.147664517107465,65.81632653061223,57.285714285714285,55.14931665051064,212594.6,12785565,248411.3,-790.0,-0.2769150957284916
2018-02-02,2884.0,2934.0,2874.0,2890.0,258071,283249,2897.2,2873.2,2812.2,2700.6666666666665,59.570087086777676,54.98188066789311,4.5882064188845675,61.714285714285715,56.0,59.33472307432833,214059.5,13043636,251991.75,-1247.0,-0.43831899218266246
2018-02-05,2878.0,2886.0,2830.0,2864.0,304358,257316,2884.4,2881.2,2820.9,2706.0666666666666,55.71056533731871,55.127617601778226,0.5829477355404862,64.67065868263472,57.0,29.643438520769415,220934.1,12739278,253992.15,-25933.0,-9.155548651539814
2018-02-06,2862.0,2874.0,2796.0,2808.0,276925,246424,2867.2,2885.0,2825.7,2709.8333333333335,47.58460880612074,53.61901584264673,-6.034407036525991,55.38461538461538,59.285714285714285,1.9205346413357471,226667.1,12462353,255260.2,-10892.0,-4.232927606522718
2018-02-07,2806.0,2832.0,2804.0,2814.0,136900,242427,2850.4,2880.2,2828.5,2714.0,41.15447638075375,51.126107950268135,-9.971631569514386,56.34517766497462,58.714285714285715,-8.2916789277265,221663.45,12599253,255855.05,-3997.0,-1.622001103788595
2018-02-08,2800.0,2824.0,2762.0,2766.0,217211,235051,2828.4,2865.2,2829.3,2719.266666666667,31.818566630044188,47.26459968622335,-15.44603305617916,52.35849056603774,59.714285714285715,-35.947312745013804,227207.55,12382042,256261.55,-7376.0,-3.0425653908186745
2018-02-09,2766.0,2788.0,2740.0,2742.0,163889,225053,2798.8,2848.0,2828.8,2724.0,22.22697276119743,42.25707430121817,-20.030101540020738,44.8780487804878,58.857142857142854,-58.32576187941586,228656.95,12218153,256028.3,-9998.0,-4.25354497534578
2018-02-12,2740.0,2750.0,2700.0,2706.0,177388,224014,2767.2,2825.8,2823.7,2728.0666666666666,11.587097533340966,36.12307894764273,-24.535981414301766,42.59259259259259,59.142857142857146,-80.82629688548265,227487.85,12040765,254577.75,-1039.0,-0.4616690290731529
2018-02-13,2708.0,2720.0,2678.0,2698.0,131747,214995,2745.2,2806.2,2820.3,2730.6666666666665,2.4807896193979104,29.39462108199377,-26.91383146259586,26.436781609195407,54.857142857142854,-86.13978286745657,226209.25,11909018,253868.35,-9019.0,-4.026087655235832
2018-02-14,2696.0,2724.0,2652.0,2684.0,153400,203985,2719.2,2784.8,2816.2,2730.4666666666667,-5.79886233163279,22.35592439926846,-28.15478673090125,12.337662337662351,53.285714285714285,-85.41472964964088,225254.95,11755618,252701.65,-11010.0,-5.121049326728533
2018-02-22,2702.0,2740.0,2700.0,2730.0,107255,206837,2712.0,2770.2,2814.5,2730.1666666666665,-8.550169560142876,16.174705607386194,-24.72487516752907,23.86363636363636,54.0,-58.49894168545953,223270.4,11862873,251600.5,2852.0,1.3981420202465955
2018-02-23,2734.0,2786.0,2732.0,2778.0,165590,214200,2719.2,2759.0,2816.1,2730.5,-6.779254487777507,11.583913588353454,-18.36316807613096,30.569948186528507,54.142857142857146,-32.72098048239741,219771.65,12028463,251229.7,7363.0,3.5598079647258363
2018-02-26,2776.0,2810.0,2766.0,2794.0,158321,208701,2736.8,2752.0,2816.6,2730.9333333333334,-4.038175676234459,8.45949573543587,-12.49767141167033,36.41304347826087,53.285714285714285,-17.653214249493022,218865.45,12186784,250375.65,-5499.0,-2.5672268907563023
2018-02-27,2790.0,2794.0,2772.0,2780.0,114811,208837,2753.2,2749.2,2817.1,2732.233333333333,-2.9613968275757543,6.175317222833546,-9.1367140504093,34.39153439153439,52.142857142857146,-23.156795641979286,214141.0,12071973,250071.6,136.0,0.06516499681361587
2018-02-28,2780.0,2832.0,2776.0,2796.0,265818,214022,2775.6,2747.4,2813.8,2733.5666666666666,-0.8076652871436636,4.778720720838105,-5.586386007981768,39.247311827956985,52.42857142857143,-9.712328673714953,206405.45,12337791,246908.1,5185.0,2.482797588549923
2018-03-01,2800.0,2814.0,2756.0,2780.0,215368,213848,2785.6,2748.8,2807.0,2734.9333333333334,-0.38741789464438625,3.7454929977416067,-4.132910892385993,35.294117647058826,52.285714285714285,-18.021063453270617,200261.15,12122423,243035.35,-174.0,-0.0813000532655539
2018-03-02,2768.0,2778.0,2748.0,2770.0,164500,213194,2784.0,2751.6,2799.8,2735.366666666667,-0.8514700185305628,2.826100394487173,-3.677570413017736,36.87150837988827,50.285714285714285,-26.33966815399931,196935.05,11957923,238705.5,-654.0,-0.3058246979162793
2018-03-05,2766.0,2804.0,2716.0,2718.0,312403,226497,2768.8,2752.8,2789.3,2734.4333333333334,-5.353488405979988,1.190182634393741,-6.543671040373729,37.288135593220346,51.0,-36.33194169718541,202503.4,11645520,234708.35,13303.0,6.239856656378695
2018-03-06,2716.0,2738.0,2698.0,2728.0,166786,218298,2758.4,2755.8,2781.0,2733.633333333333,-8.021981576705002,-0.6522502078260077,-7.369731368878995,37.988826815642454,51.857142857142854,-50.67972532153917,198023.0,11812306,231336.5,-8199.0,-3.6199154955694812
2018-03-07,2738.0,2748.0,2704.0,2710.0,181318,225277,2741.2,2758.4,2771.6,2732.7,-11.457160196769564,-2.813232205614719,-8.643927991154845,41.463414634146346,50.57142857142857,-47.10812750817307,196828.85,11630988,228336.05,6979.0,3.1970059276768437
2018-03-08,2716.0,2726.0,2690.0,2708.0,170704,221801,2726.8,2756.2,2763.2,2731.6,-14.177517688879561,-5.086089302267688,-9.091428386611874,44.444444444444436,49.714285714285715,-53.893844529587746,192138.15,11460284,225201.3,-3476.0,-1.5429892976202675
2018-03-09,2708.0,2736.0,2676.0,2696.0,236888,214740,2712.0,2748.0,2753.5,2732.9666666666667,-17.10454971045965,-7.489781383906081,-9.61476832655357,48.226950354609926,50.42857142857143,-57.86326086112782,191079.0,11223396,221775.85,-7061.0,-3.1834842944801878
2018-03-12,2706.0,2746.0,2700.0,2730.0,198370,204611,2714.4,2741.6,2746.8,2734.4666666666667,-16.490634061151468,-9.289951919355158,-7.20068214179631,55.1948051948052,51.0,-30.966389149567853,185779.6,11421766,219140.6,-10129.0,-4.716866908819972
2018-03-13,2724.0,2730.0,2660.0,2664.0,277293,222476,2701.6,2730.0,2739.6,2734.9,-21.086675828090847,-11.649296701102296,-9.437379126988551,47.22222222222223,50.857142857142854,-73.8545118586647,185798.0,11144473,217943.2,17865.0,8.731202134782578
2018-03-14,2668.0,2688.0,2654.0,2674.0,189685,217820,2694.4,2717.8,2732.6,2736.0,-23.64953845656919,-14.049345052195676,-9.600193404373513,41.358024691358025,49.285714285714285,-82.1445467575877,188437.25,11334158,216712.85,-4656.0,-2.092810010967472
2018-03-15,2686.0,2696.0,2672.0,2686.0,146145,213147,2690.0,2708.4,2728.6,2737.0333333333333,-24.430703895331135,-16.12561682082277,-8.305087074508364,34.027777777777786,47.0,-59.7947759186691,184883.95,11480303,215617.65,-4673.0,-2.145349371040306
2018-03-16,2690.0,2726.0,2672.0,2716.0,173716,203803,2694.0,2703.0,2727.3,2738.7,-22.37115312632295,-17.374724081922807,-4.996429044400145,37.08609271523179,47.714285714285715,-31.15130138684028,185375.3,11654019,214555.15,-9344.0,-4.383829000642747
2018-03-19,2714.0,2766.0,2710.0,2760.0,233378,203297,2700.0,2707.2,2730.0,2741.0,-16.992631548024747,-17.298305575143196,0.3056740271184495,46.98795180722891,50.142857142857146,18.68920064277645,188174.8,11887397,213519.3,-506.0,-0.24827897528495457
2018-03-20,2760.0,2788.0,2740.0,2780.0,193810,206369,2723.2,2712.4,2734.1,2743.2,-10.989600322315255,-16.03656452457761,5.046964202262355,47.61904761904762,49.57142857142857,44.41645324600676,191277.95,12081207,213088.0,3072.0,1.5110896865177637
2018-03-21,2788.0,2816.0,2774.0,2786.0,245502,199757,2745.6,2720.0,2739.2,2745.7,-5.682500640379658,-13.96575174773802,8.283251107358362,50.920245398773005,48.42857142857143,65.75180950310012,195883.05,12326709,212876.6,-6612.0,-3.203969588455635
2018-03-22,2792.0,2816.0,2776.0,2800.0,199025,206751,2768.4,2729.2,2742.7,2748.3333333333335,-0.3429496002263477,-11.241191318235686,10.898241718009338,54.54545454545455,49.0,64.84534253874236,200471.55,12525734,212872.3,6994.0,3.5012540236387224
2018-03-23,2792.0,2824.0,2752.0,2784.0,430523,192717,2782.0,2738.0,2743.0,2751.6,2.5680143155659607,-8.479350191475357,11.047364507041317,61.22448979591837,47.857142857142854,49.8005107209416,213718.2,12095211,211798.15,-14034.0,-6.787875270252619
2018-03-26,2780.0,2892.0,2760.0,2844.0,492514,187177,2798.8,2749.4,2745.5,2755.866666666667,9.60574371608027,-4.862331409964232,14.4680751260445,66.86046511627907,54.42857142857143,93.25580238246872,230427.85,12587725,210721.95,-5540.0,-2.8746815278361537
2018-03-27,2838.0,2860.0,2822.0,2842.0,217397,183733,2811.2,2767.2,2748.6,2759.9666666666667,14.85062294763884,-0.9197405384436173,15.770363486082458,70.1219512195122,54.0,91.8765666882414,235557.15,12370328,209466.75,-3444.0,-1.8399696543912936
2018-03-28,2860.0,2860.0,2814.0,2832.0,236779,185870,2820.4,2783.0,2750.4,2763.766666666667,17.992900146750344,2.862787598595175,15.130112548155168,68.45238095238095,54.714285714285715,80.38171184258034,234105.2,12133549,208059.15,2137.0,1.1631008038838875
2018-03-29,2836.0,2856.0,2808.0,2852.0,244918,191057,2830.8,2799.6,2754.0,2767.4666666666667,21.845192537544335,6.659268586385007,15.185923951159328,72.67441860465117,53.857142857142854,76.32764590836497,235582.7,12378467,206919.6,5187.0,2.7906601388066887
2018-03-30,2850.0,2896.0,2824.0,2886.0,310278,204247,2851.2,2816.6,2759.8,2771.8333333333335,27.326672985744153,10.792749466256836,16.533923519487317,72.67441860465117,55.42857142857143,89.54535202182268,242871.6,12688745,206472.25,13190.0,6.903698896140953
2018-04-02,2882.0,2894.0,2832.0,2844.0,224325,190955,2851.2,2825.0,2766.1,2775.5333333333333,27.95943774731677,14.226087122468824,13.733350624847946,78.125,54.857142857142854,71.0082170740049,238467.7,12464420,204695.15,-13292.0,-6.507806724211374
2018-04-03,2840.0,2846.0,2784.0,2792.0,289046,181809,2841.2,2826.2,2769.3,2777.366666666667,23.988419395303026,16.178553577035665,7.809865818267362,66.29834254143647,56.857142857142854,29.81687295487246,244580.7,12175374,202870.7,-9146.0,-4.789610117566967
2018-04-04,2796.0,2800.0,2772.0,2784.0,162890,171681,2831.6,2826.0,2773.0,2779.4,19.965673741784485,16.93597760998543,3.0296961317990565,63.687150837988824,57.142857142857146,10.50684276881885,243659.3,12012484,200190.9,-10128.0,-5.570681319406634
2018-04-09,2778.0,2778.0,2728.0,2746.0,119336,167328,2810.4,2820.6,2774.9,2780.233333333333,13.555081862341012,16.259798460456544,-2.7047165981155317,54.09836065573771,57.285714285714285,-18.73079135998954,241090.9,11893148,197467.25,-4353.0,-2.535516452024389
2018-04-10,2756.0,2818.0,2748.0,2814.0,214673,161226,2796.0,2823.6,2780.8,2782.1666666666665,13.802565924174814,15.768351953200199,-1.9657860290253844,56.92307692307692,58.42857142857143,12.270581617421252,239980.15,12107821,194791.55,-6102.0,-3.646729776247848
2018-04-11,2826.0,2854.0,2808.0,2818.0,205708,167784,2790.8,2821.0,2785.2,2784.3,14.1582578139396,15.44633312534808,-1.2880753114084804,55.08021390374332,58.285714285714285,36.03090206299606,240347.05,12313529,192950.2,6558.0,4.067582151762128
2018-04-12,2826.0,2854.0,2824.0,2842.0,194701,169586,2800.8,2821.0,2794.1,2786.4666666666667,16.19011604308389,15.595089708895241,0.595026334188649,57.14285714285714,57.857142857142854,43.26624246971227,236217.45,12508230,190305.7,1802.0,1.0739999046393
2018-04-13,2830.0,2852.0,2806.0,2834.0,178476,171568,2810.8,2821.2,2802.1,2787.733333333333,16.959348375967693,15.867941442309732,1.0914069336579608,54.40414507772021,58.285714285714285,31.85395730947897,235657.0,12329754,187993.1,1982.0,1.1687285507058442
2018-04-16,2840.0,2872.0,2786.0,2790.0,202377,166212,2819.6,2815.0,2807.3,2788.4,13.858782843316021,15.46610972251099,-1.607326879194968,50.724637681159415,59.285714285714285,12.261930154402888,238468.6,12127377,185646.35,-5356.0,-3.121794273990486
2018-04-17,2794.0,2838.0,2786.0,2824.0,147457,161061,2821.6,2808.8,2812.7,2789.6,13.983880698437588,15.16966391769631,-1.185783219258722,47.42268041237113,53.57142857142857,6.744343881397811,237155.65,12274834,183509.25,-5151.0,-3.099054219911923
2018-04-18,2810.0,2864.0,2798.0,2846.0,201923,168593,2827.2,2809.0,2817.0,2790.233333333333,15.677517129675834,15.271234560092214,0.4062825695836203,50.490196078431374,55.57142857142857,33.16097359532664,235582.9,12476757,181774.05,7532.0,4.676489032105846
2018-04-19,2866.0,2880.0,2848.0,2862.0,183559,165042,2831.2,2816.0,2821.1,2791.8333333333335,18.102132372045617,15.837414122482896,2.264718249562721,53.6231884057971,54.714285714285715,71.47669275887952,235070.35,12660316,179707.7,-3551.0,-2.1062558943728438
2018-04-20,2864.0,2902.0,2824.0,2832.0,265409,154918,2830.8,2820.8,2823.4,2792.9333333333334,17.402305198722388,16.150392337730793,1.2519128609915953,47.64150943396226,56.857142857142854,48.4877255058183,236065.7,12394907,177465.75,-10124.0,-6.134196144011828
2018-04-23,2828.0,2842.0,2806.0,2828.0,143564,143716,2838.4,2829.0,2824.8,2794.0,16.336602368355216,16.187634343855677,0.1489680244995384,42.63959390862944,54.285714285714285,0.3426828054600663,233292.65,12251343,174314.0,-11202.0,-7.230922165274533
2018-04-24,2814.0,2846.0,2804.0,2830.0,182584,130923,2839.6,2830.6,2827.1,2795.4,15.4750220611636,16.045111887317262,-0.5700898261536622,48.02259887005649,52.857142857142854,-0.8410960159000841,220895.7,12433927,171224.3,-12793.0,-8.90158367892232
2018-04-25,2826.0,2840.0,2758.0,2766.0,253218,129154,2823.6,2825.4,2823.2,2795.1,9.518228121783523,14.739735134210514,-5.221507012426992,46.448087431693985,54.285714285714285,-63.570350145487375,208930.9,12180709,168323.15,-1769.0,-1.351175882006983
2018-04-26,2774.0,2792.0,2766.0,2784.0,105175,114331,2808.0,2819.6,2820.3,2795.3333333333335,6.178651922875815,13.027518491943574,-6.848866569067759,50.0,54.142857142857146,-67.85516818158857,203319.8,12285884,164853.05,-14823.0,-11.4769964538458
2018-04-27,2790.0,2796.0,2778.0,2784.0,92330,99540,2798.4,2814.6,2817.9,2794.0333333333333,3.4917628562343452,11.120367364801728,-7.628604508567383,55.62130177514793,51.42857142857143,-53.53406025748704,196097.35,12285884,160536.55,-14791.0,-12.936998714259474
2018-05-02,2792.0,2858.0,2754.0,2852.0,130570,86746,2803.2,2820.8,2817.9,2792.9666666666667,6.771359594834848,10.250565810808354,-3.4792062159735053,55.62130177514793,53.714285714285715,4.476345098524882,190379.95,12416454,155321.0,-12794.0,-12.853124372111713
2018-05-03,2984.0,2998.0,2972.0,2984.0,46874,104852,2834.0,2836.8,2822.8,2794.133333333333,19.79359225789949,12.159171100226581,7.634421157672909,67.81115879828326,60.857142857142854,169.3646308923678,177209.75,12463328,150351.25,18106.0,20.872432158255137
2018-05-04,2978.0,3014.0,2970.0,3004.0,91538,122133,2881.6,2852.6,2830.8,2795.4,31.366069788700315,16.00055083792133,15.365518950778984,67.53246753246754,61.42857142857143,135.64920929197638,170570.4,12554866,146910.15,17281.0,16.481326059588763
2018-05-07,3008.0,3032.0,3004.0,3016.0,143425,138276,2928.0,2868.0,2842.0,2797.4333333333334,41.032642557405325,21.006969181818132,20.025673375587193,69.52789699570815,60.142857142857146,119.87469686984898,163289.35,12698291,144733.5,16143.0,13.217557908182066
2018-05-08,3022.0,3048.0,3006.0,3012.0,106145,138506,2973.6,2886.0,2853.4,2799.3333333333335,47.819471449610774,26.36946963537666,21.450001814234113,76.05633802816901,57.0,102.4333118152887,160452.1,12592146,143074.75,230.0,0.1663339986693213
2018-05-09,3008.0,3028.0,2984.0,3012.0,133735,146461,3005.6,2904.4,2866.7,2801.6,52.591836291656364,31.613942966632603,20.97789332502376,73.9795918367347,56.42857142857143,82.9437714858668,161172.05,12592146,142031.4,7955.0,5.743433497465822
2018-05-10,3016.0,3036.0,3008.0,3030.0,151083,157800,3014.8,2924.4,2877.5,2803.9333333333334,57.167428845491486,36.72464014240438,20.442788703087103,73.71134020618557,53.714285714285715,81.0975923219786,157992.55,12743229,141860.1,11339.0,7.741992748922932
2018-05-11,3028.0,3056.0,3004.0,3048.0,197707,167219,3023.6,2952.6,2889.0,2807.0,61.53671157176723,41.68705442827695,19.849657143490276,73.84615384615384,55.0,76.75736493707792,157592.5,12940936,141831.85,9419.0,5.968948035487953
2018-05-14,3050.0,3068.0,3032.0,3036.0,122596,167595,3027.6,2977.8,2898.7,2810.8,63.30140075535337,46.00992369369224,17.291477061661134,77.41935483870968,52.0,72.23931945488503,153987.25,12818340,141732.3,376.0,0.22485483108976023
2018-05-15,3044.0,3066.0,3028.0,3040.0,156230,171384,3033.2,3003.4,2909.0,2814.5666666666666,64.28169683075157,49.664278321104106,14.617418509647464,78.49462365591398,52.142857142857146,64.31704691057138,152874.95,12974570,141723.1,3789.0,2.2608073033205
2018-05-16,3050.0,3086.0,3026.0,3046.0,213075,172034,3040.0,3022.8,2921.8,2819.233333333333,64.79581259545648,52.69058517597459,12.105227419481892,78.72340425531914,53.42857142857143,61.20176673953849,153409.85,13187645,142014.2,650.0,0.3792652756383408
2018-05-17,3040.0,3072.0,3032.0,3054.0,136412,171246,3044.8,3029.8,2933.3,2824.4333333333334,65.0983726664308,55.17214267406584,9.926229992364966,95.0,50.42857142857143,55.265810158097835,152857.6,13324057,142523.45,-788.0,-0.45804899031586244
2018-05-18,3064.0,3232.0,3058.0,3232.0,403349,225359,3081.6,3052.6,2952.6,2833.2,78.79298955774766,59.89631205080221,18.89667750694545,96.66666666666667,61.285714285714285,94.83198225217247,162928.9,13727406,145361.75,54113.0,31.599570208939177
2018-05-21,3256.0,3336.0,3222.0,3274.0,492047,221829,3129.2,3078.4,2973.2,2842.8,91.97489179957392,66.31202800055655,25.662863799017373,96.93486590038314,68.14285714285714,112.00600018421933,178353.3,14219453,148201.1,-3530.0,-1.566389627217013
2018-05-22,3268.0,3310.0,3252.0,3270.0,323544,233608,3175.2,3104.2,2995.1,2852.5666666666666,100.9353577520069,73.23669395084663,27.698663801160265,95.63318777292577,64.85714285714286,95.18266607915426,181260.05,13895909,152135.6,11779.0,5.309945949357386
2018-05-23,3272.0,3292.0,3180.0,3212.0,402451,214245,3208.4,3124.2,3014.3,2860.6,102.17862472041452,79.0250801047602,23.15354461565431,79.6875,62.42857142857143,70.39375174423856,194204.4,13493458,155662.05,-19363.0,-8.288671620834897
2018-05-24,3210.0,3218.0,3170.0,3206.0,205314,215011,3238.8,3141.8,3033.1,2867.733333333333,101.50963303218259,83.52199069024469,17.9876423419379,77.29729729729729,62.714285714285715,54.97214496529191,195340.9,13288144,159866.45,766.0,0.35753459824032774
2018-05-25,3190.0,3226.0,3174.0,3190.0,240227,217458,3230.4,3156.0,3054.3,2874.3333333333335,98.55233603391343,86.52805975897846,12.024276274934977,73.2620320855615,64.42857142857143,50.137256025968306,194691.35,13047917,164281.65,2447.0,1.1380813074679974
2018-05-28,3150.0,3154.0,3090.0,3120.0,332998,200050,3199.6,3164.4,3071.1,2880.0,89.52821632263203,87.12809107170918,2.400125250922855,62.27272727272727,68.57142857142857,20.282172939206642,206082.5,12714919,168567.6,-17408.0,-8.005223997277632
2018-05-29,3116.0,3148.0,3106.0,3128.0,140475,195502,3171.2,3173.2,3088.3,2885.5333333333333,82.07594912635614,86.11766268263857,-4.041713556282431,62.94642857142857,68.42857142857143,18.559739539899347,208489.75,12855394,173365.7,-4548.0,-2.273431642089474
2018-05-30,3138.0,3160.0,3068.0,3116.0,241848,181113,3152.0,3180.2,3101.5,2891.133333333333,74.34467483723529,83.76306511355791,-9.418390276322626,59.72850678733032,73.0,7.766927150172985,214053.65,12613546,178084.05,-14389.0,-7.360027007396342
2018-05-31,3128.0,3182.0,3112.0,3142.0,218037,175865,3139.2,3189.0,3109.4,2897.3333333333335,69.51424996869628,80.91330208458558,-11.399052115889305,60.44444444444445,74.28571428571429,20.461887097649452,222611.8,12831583,181634.7,-5248.0,-2.8976384908869
2018-06-01,3130.0,3166.0,3128.0,3160.0,147297,174569,3133.2,3181.8,3117.2,2904.7,66.3734413113657,78.00532992994161,-11.631888618575914,63.59649122807018,74.42857142857143,20.268124914950025,225399.75,12978880,184256.5,-1296.0,-0.7369288943223529
2018-06-04,3152.0,3210.0,3122.0,3192.0,293732,196507,3147.6,3173.6,3126.0,2912.4333333333334,65.7090078469464,75.54606551334257,-9.837057666396163,65.70247933884298,78.0,29.841897872974005,232915.1,13272612,187168.05,21938.0,12.566950604059146
2018-06-05,3186.0,3218.0,3132.0,3174.0,282147,195484,3156.8,3164.0,3134.1,2920.1666666666665,63.00372227970138,73.03759686661434,-10.033874586912958,62.903225806451616,79.85714285714286,26.232361159058822,241715.2,12990465,190016.95,-1023.0,-0.5205921417557602
2018-06-06,3164.0,3242.0,3140.0,3230.0,325317,210503,3179.6,3165.8,3145.0,2928.866666666667,64.63344188052406,71.35676586939628,-6.723323988872224,66.1764705882353,84.28571428571429,39.88176422159389,251294.3,13315782,193219.05,15019.0,7.682981727404803
2018-06-07,3222.0,3274.0,3212.0,3266.0,277443,220262,3204.4,3171.8,3156.8,2938.366666666667,68.04551915318461,70.69451652615395,-2.6489973729693332,54.22885572139304,76.0,63.382653783696625,257612.3,13593225,196342.15,9759.0,4.636038441257373
2018-06-08,3272.0,3288.0,3186.0,3192.0,292559,183937,3210.8,3172.0,3164.0,2946.0666666666666,64.0402176528114,69.36365675148545,-5.323439098674044,40.55299539170507,75.14285714285714,40.81288203447305,262354.9,13300666,197178.05,-36325.0,-16.491723492931143
2018-06-11,3192.0,3214.0,3174.0,3194.0,149286,181371,3211.2,3179.4,3171.9,2954.9,60.331902031119625,67.55730580741229,-7.225403776292666,41.20370370370371,73.85714285714286,18.079982331967685,263689.4,13449952,197866.85,-2566.0,-1.3950428679384785
2018-06-12,3186.0,3240.0,3184.0,3238.0,172153,190854,3224.0,3190.4,3181.8,2964.3,60.24895501092078,66.09563564811398,-5.846680637193202,53.110047846889955,69.85714285714286,33.842189945900756,264485.55,13622105,198840.35,9483.0,5.228509519162383
2018-06-13,3230.0,3234.0,3146.0,3148.0,241250,183014,3207.6,3193.6,3186.9,2972.0,52.31788307189436,63.340085132870065,-11.022202060975708,44.223107569721115,73.0,-7.175163057112666,265894.3,13380855,199389.35,-7840.0,-4.107852075408425
2018-06-14,3154.0,3184.0,3138.0,3152.0,167416,183893,3184.8,3194.6,3191.8,2979.266666666667,45.82695339804877,59.83745878590581,-14.010505387857037,46.12244897959184,72.57142857142857,-33.126048722849475,267444.5,13548271,200021.7,879.0,0.48029112526910556
2018-06-15,3160.0,3176.0,3110.0,3164.0,172382,178134,3179.2,3195.0,3188.4,2986.0,41.17648766044249,56.105264560813154,-14.928776900370664,55.092592592592595,70.14285714285714,-39.7269355370842,255896.15,13720653,197660.45,-5759.0,-3.1317124632258997
2018-06-19,3140.0,3170.0,3060.0,3062.0,186035,173725,3152.8,3182.0,3177.8,2990.7,28.926960513766062,50.66960375140374,-21.74264323763768,43.72623574144487,75.0,-86.60068873229643,240595.55,13534618,195255.25,-4409.0,-2.4751030123390305
2018-06-20,3060.0,3108.0,3050.0,3086.0,143149,170452,3122.4,3173.2,3168.6,2995.7,20.91463057817873,44.71860911675874,-23.80397853858001,47.21189591078067,72.57142857142857,-95.46306961142758,231575.8,13677767,192097.45,-3273.0,-1.8840120880702305
2018-06-21,3090.0,3100.0,3062.0,3066.0,126501,173230,3106.0,3156.8,3161.3,3000.133333333333,12.80337914057418,38.33556312152184,-25.532183980947657,42.857142857142854,70.28571428571429,-88.60452721221955,217778.3,13551266,190046.7,2778.0,1.629784338112783
2018-06-22,3058.0,3096.0,3016.0,3032.0,229543,171981,3082.0,3133.4,3152.6,3004.266666666667,3.5902518986840732,31.386500876954287,-27.796248978270214,38.32116788321168,73.28571428571429,-98.76400136971175,218989.75,13321723,187895.2,-1249.0,-0.7210067540264431
2018-06-25,3044.0,3090.0,3042.0,3080.0,143747,172420,3065.2,3122.2,3147.1,3008.2,0.16013509208960386,25.14122771998135,-24.981092627891748,40.07092198581561,71.14285714285714,-69.12182638369117,214165.75,13465470,185643.3,439.0,0.25526075554858085
2018-06-26,3088.0,3090.0,3042.0,3080.0,114157,175684,3068.8,3110.8,3145.1,3012.1666666666665,-2.5291032617051314,19.607161523644056,-22.136264785349187,41.39194139194139,68.42857142857143,-64.137522772869,203223.7,13465470,184425.0,3264.0,1.8930518501333982
2018-06-27,3080.0,3148.0,3070.0,3142.0,247361,183293,3080.0,3101.2,3145.8,3017.3333333333335,0.3386342475632773,15.753456068427901,-15.414821820864624,42.02898550724638,66.71428571428571,-21.41266159073374,208568.0,13712831,183814.55,7609.0,4.33107169691036
2018-06-28,3146.0,3188.0,3142.0,3166.0,186837,185779,3100.0,3103.0,3148.3,3022.5666666666666,4.496107974226106,13.501986449587543,-9.005878475361436,40.74074074074074,65.57142857142857,15.321130870922842,205817.45,13899668,184047.85,2486.0,1.3562983856448385
2018-06-29,3174.0,3214.0,3156.0,3202.0,192953,191042,3134.0,3108.0,3151.3,3027.8333333333335,10.573945133586676,12.916378186387371,-2.342433052800695,50.99601593625498,62.42857142857143,34.70426767941319,204563.25,14092621,184806.7,5263.0,2.8329359077183147
2018-07-02,3208.0,3230.0,3176.0,3184.0,198619,186600,3154.8,3110.0,3152.5,3033.5,13.779385128714239,13.088979574852745,0.6904055538614937,49.03474903474903,63.42857142857143,37.2873005147424,207129.35,13894002,185408.25,-4442.0,-2.325143162236576
2018-07-03,3184.0,3226.0,3178.0,3222.0,149367,197635,3183.2,3126.0,3154.0,3040.6666666666665,19.165078741663365,14.30419940821487,4.860879333448494,48.4375,62.857142857142854,45.03373001743743,199911.1,14043369,185464.65,11035.0,5.913719185423361
2018-07-04,3226.0,3238.0,3186.0,3212.0,212096,196223,3197.2,3138.6,3155.9,3047.8,22.368513011162577,15.917062128804412,6.451450882358165,57.40740740740741,60.0,45.320137280992874,196408.55,13831273,185501.6,-1412.0,-0.7144483517595557
2018-07-05,3204.0,3252.0,3170.0,3236.0,255187,207439,3211.2,3155.6,3156.2,3055.9666666666667,26.537944270614844,18.0412385571665,8.496705713448343,59.292035398230084,62.57142857142857,50.02231644840604,192902.05,14086460,185348.4,11216.0,5.715945633284569
2018-07-06,3238.0,3262.0,3210.0,3248.0,241182,217156,3220.4,3177.2,3155.3,3063.2,30.459430935192813,20.524877032771762,9.934553902421051,59.292035398230084,61.57142857142857,67.73575188787805,191089.0,14327642,185193.1,9717.0,4.68426862836786
2018-07-09,3242.0,3316.0,3228.0,3300.0,316227,248852,3243.6,3199.2,3160.7,3071.233333333333,37.332852898207875,23.886472205858986,13.446380692348889,79.60199004975124,60.0,91.85910733201234,192272.4,14643869,188438.85,31696.0,14.595958665659703
2018-07-10,3302.0,3336.0,3284.0,3320.0,283569,255242,3263.2,3223.2,3167.0,3079.2,43.88800853420844,27.886779471528875,16.001229062679563,79.39698492462311,59.57142857142857,99.24524647007881,198986.55,14927438,192132.4,6390.0,2.567791297638755
2018-07-11,3320.0,3346.0,3290.0,3336.0,282927,258617,3288.0,3242.6,3171.9,3087.5666666666666,49.80001926287969,32.26942742979904,17.53059183308065,84.26395939086294,60.857142857142854,93.80211016647033,204525.25,15210365,195520.55,3375.0,1.322274547292368
2018-07-12,3324.0,3332.0,3244.0,3268.0,367316,229359,3294.4,3252.8,3177.9,3095.5333333333333,48.43991348889949,35.50352464161913,12.936388847280362,77.57009345794393,61.714285714285715,61.82429330495179,210828.55,14843049,197837.8,-29258.0,-11.313254735767565
2018-07-13,3272.0,3284.0,3250.0,3252.0,160456,222752,3295.2,3257.8,3182.9,3102.6666666666665,45.545928469525734,37.51200540720045,8.033923062325286,71.71717171717171,60.0,46.43141539555689,210480.55,14682593,199780.75,-6607.0,-2.880636905462619
2018-07-16,3260.0,3276.0,3234.0,3250.0,178103,218350,3285.2,3264.4,3187.2,3109.4,42.59997520967954,38.52959936769627,4.070375841983271,71.35678391959799,59.57142857142857,38.05973806777296,210766.6,14504490,201791.55,-4402.0,-1.976188765981901
2018-07-17,3230.0,3234.0,3196.0,3222.0,253091,218192,3265.6,3264.4,3195.2,3115.4,37.5728041347611,38.33824032110924,-0.7654361863481398,60.98901098901099,57.857142857142854,14.83440554663564,214119.4,14251399,204014.9,-158.0,-0.07236088848179278
2018-07-18,3230.0,3232.0,3208.0,3220.0,100681,213547,3242.4,3265.2,3201.9,3121.866666666667,33.04641307452857,37.279874871793105,-4.233461797264532,57.89473684210526,56.285714285714285,12.944954228587665,211996.0,14150718,206169.65,-4645.0,-2.1288589865806284
2018-07-19,3218.0,3250.0,3190.0,3224.0,263261,215151,3233.6,3264.0,3209.8,3128.4666666666667,29.442586311388823,35.71241715971225,-6.26983084832343,53.54838709677419,56.42857142857143,9.979867859956789,218834.0,14413979,208265.7,1604.0,0.7511227036671064
2018-07-20,3212.0,3276.0,3206.0,3262.0,218036,229197,3235.6,3265.4,3221.3,3135.6666666666665,29.314886296833265,34.43291098713646,-5.118024690303194,61.81818181818182,57.57142857142857,23.39887105628387,218258.65,14632015,211126.5,14046.0,6.528438166682937
2018-07-23,3258.0,3280.0,3246.0,3248.0,152985,232650,3235.2,3260.2,3229.7,3143.7,27.763954532758817,33.09911969626093,-5.335165163502111,54.2483660130719,56.57142857142857,27.258597062482778,218720.55,14479030,214138.0,3453.0,1.5065642220447817
2018-07-24,3266.0,3318.0,3260.0,3290.0,233207,232777,3248.8,3257.2,3240.2,3152.133333333333,29.582866061956793,32.3958689694001,-2.8130029074433054,61.53846153846153,57.857142857142854,53.64613328316582,224673.05,14712237,216992.65,127.0,0.05458843756716014
2018-07-25,3296.0,3336.0,3270.0,3316.0,238563,237188,3268.0,3255.2,3248.9,3161.0,32.74488659267399,32.46567249405488,0.2792140986191143,61.764705882352935,56.714285714285715,70.46789003133813,224233.15,14950800,219687.4,4411.0,1.8949466656929204
2018-07-26,3318.0,3320.0,3274.0,3286.0,207326,226406,3280.4,3257.0,3254.9,3168.233333333333,32.45592961141028,32.46372391752596,-0.00779430611567733,55.307262569832396,56.285714285714285,50.789223888050955,225257.6,14743474,221718.75,-10782.0,-4.5457611683559
2018-07-27,3278.0,3316.0,3252.0,3266.0,228339,223729,3281.2,3258.4,3258.1,3172.9333333333334,30.264229074962714,32.02382494901331,-1.7595958740505964,44.785276073619634,54.57142857142857,28.240254458532096,227026.9,14515135,223353.1,-2677.0,-1.182389159297903
2018-07-30,3270.0,3372.0,3262.0,3320.0,342445,228383,3295.6,3265.4,3264.9,3178.2,32.50988558828749,32.12103707686815,0.38884851141934007,50.0,58.714285714285715,72.87396825136226,234218.2,14857580,225442.25,4654.0,2.0801952362009324
2018-07-31,3336.0,3356.0,3312.0,3312.0,180680,222802,3300.0,3274.4,3269.4,3183.133333333333,33.26064341965821,32.34895834542616,0.9116850742320466,46.59090909090909,57.857142857142854,75.71951665627476,235783.85,14676900,226700.6,-5581.0,-2.4437020268583964
2018-08-01,3312.0,3330.0,3242.0,3244.0,282135,217076,3285.6,3276.8,3271.0,3187.0,28.04530390384207,31.488227457109343,-3.442923553267274,46.59090909090909,57.57142857142857,1.102810167807945,239285.8,14394765,227743.25,-5726.0,-2.569994883349347
2018-08-02,3238.0,3270.0,3216.0,3258.0,207575,212520,3280.0,3280.2,3272.1,3191.1,24.75641620451188,30.141865206589852,-5.385449002077973,50.85714285714286,59.0,-35.55274585927273,236905.2,14602340,227997.3,-4556.0,-2.098804105474583
2018-08-03,3248.0,3344.0,3230.0,3324.0,408488,220383,3291.6,3286.4,3275.9,3196.0,27.16248520128147,29.545989205528176,-2.3835040042467064,58.937198067632856,64.14285714285714,34.657439257606384,245270.5,15010828,228158.65,7863.0,3.699887069452279
2018-08-06,3324.0,3334.0,3254.0,3328.0,382581,220160,3293.2,3294.4,3277.3,3200.6666666666665,29.057126321812575,29.448216628785058,-0.39109030697248315,63.58974358974359,66.0,40.91829773582823,248588.2,15393409,226724.05,-223.0,-0.10118747816301177
2018-08-07,3336.0,3448.0,3334.0,3420.0,614533,244533,3314.8,3307.4,3282.3,3207.0666666666666,37.549427754458975,31.068458853919843,6.480968900539132,70.83333333333333,72.85714285714286,135.9057243996649,265136.4,16007942,226188.6,24373.0,11.070585029069768
2018-08-08,3430.0,3458.0,3372.0,3404.0,361459,236879,3346.8,3316.2,3285.7,3213.133333333333,42.49867328995697,33.35450174112727,9.144171548829696,68.29268292682927,74.71428571428571,120.8725866501399,269063.0,15646483,225101.7,-7654.0,-3.1300478871972293
2018-08-09,3388.0,3420.0,3338.0,3370.0,337398,241012,3369.2,3324.6,3290.8,3218.5333333333333,43.179721236117075,35.319545640125234,7.860175595991841,61.0655737704918,75.57142857142857,76.81485947434639,267567.1,15309085,225684.35,4133.0,1.7447726476386594
2018-08-10,3376.0,3400.0,3346.0,3356.0,256649,239803,3375.6,3333.6,3296.0,3223.5666666666666,42.10442009722692,36.67652053154558,5.427899565681344,61.0655737704918,77.0,61.9743426620953,272376.75,15052436,226536.9,-1209.0,-0.5016347733722837
2018-08-13,3366.0,3434.0,3364.0,3410.0,348202,244677,3392.0,3342.6,3304.0,3226.5333333333333,45.089817551404394,38.359179935517346,6.730637615887048,62.0,77.57142857142857,80.76356687309865,280881.7,15400638,227853.25,4874.0,2.032501678461074
2018-08-14,3410.0,3442.0,3370.0,3370.0,315608,239168,3382.0,3348.4,3311.4,3228.133333333333,43.724076895259714,39.432159327465826,4.291917567793888,55.252918287937746,78.0,66.86908198194338,284007.55,15085030,228902.05,-5509.0,-2.2515397851044394
2018-08-15,3384.0,3394.0,3334.0,3362.0,273016,239057,3373.6,3360.2,3318.5,3229.6666666666665,41.5175954479073,39.84924655155412,1.66834889635318,57.72357723577235,79.0,37.924438222231544,292624.3,14812014,230177.55,-111.0,-0.04641089108911034
2018-08-16,3354.0,3382.0,3196.0,3272.0,443441,214926,3354.0,3361.6,3320.9,3230.6666666666665,32.13624849687085,38.30664694061747,-6.17039844374662,50.53380782918149,87.71428571428571,-35.56037791151329,301633.3,14368573,230166.3,-24131.0,-10.094245305512917
2018-08-17,3278.0,3288.0,3244.0,3264.0,197756,206462,3335.6,3355.6,3321.0,3231.633333333333,23.78178865207792,35.401675282909565,-11.619886630831644,44.57364341085271,83.0,-53.96938266747743,300619.3,14170817,229029.55,-8464.0,-3.9380996249872013
2018-08-20,3280.0,3320.0,3236.0,3286.0,288348,210458,3310.8,3351.4,3322.9,3233.233333333333,18.720239900150318,32.06538820635772,-13.345148306207399,47.54716981132076,85.85714285714286,-41.62718130561748,307387.45,14459165,227919.95,3996.0,1.9354651219110508
2018-08-21,3282.0,3310.0,3254.0,3266.0,215800,211432,3290.0,3336.0,3321.7,3235.6666666666665,12.945861363453787,28.241482837776932,-15.295621474323145,52.28215767634855,83.57142857142857,-44.41236811066941,306517.1,14243365,226852.7,974.0,0.46280017865798495
2018-08-22,3278.0,3316.0,3244.0,3264.0,329188,221611,3270.4,3322.0,3319.1,3237.9333333333334,8.11470027215637,24.216126324652823,-16.101426052496453,50.63829787234042,84.85714285714286,-43.90791804064332,311048.35,13914177,226073.85,10179.0,4.814313821938021
2018-08-23,3284.0,3312.0,3264.0,3266.0,302571,215849,3269.2,3311.6,3318.1,3240.4333333333334,4.396671493821941,20.252235358486647,-15.855563864664706,42.857142857142854,80.14285714285714,-37.43545941478334,315810.6,14216748,225546.0,-5762.0,-2.6000514414898146
2018-08-24,3264.0,3354.0,3222.0,3334.0,365255,210219,3283.2,3309.4,3321.5,3243.633333333333,6.858082889783418,17.573404864746003,-10.715321974962585,50.63829787234042,83.85714285714286,-17.927021062693836,322656.4,14582003,224870.5,-5630.0,-2.6083048798002273
2018-08-27,3332.0,3384.0,3314.0,3360.0,239979,204192,3298.0,3304.4,3323.5,3246.9666666666667,10.782458394998685,16.215215570796538,-5.432757175797853,42.574257425742566,80.28571428571429,26.469180685169764,317533.1,14821982,223660.95,-6027.0,-2.867010118019775
2018-08-28,3368.0,3380.0,3336.0,3354.0,174163,202950,3315.6,3302.8,3325.6,3249.6666666666665,13.255602071221347,15.623292870881501,-2.3676907996601546,43.654822335025386,77.28571428571429,28.53446722573001,317207.25,14647819,222668.35,-1242.0,-0.6082510578279243
2018-08-29,3358.0,3388.0,3336.0,3366.0,175687,200066,3336.0,3303.2,3331.7,3252.866666666667,15.999454215598234,15.698525139824849,0.3009290757733858,49.46236559139785,75.14285714285714,30.996074758861536,311884.85,14823506,221817.85,-2884.0,-1.421039664942103
2018-08-30,3376.0,3442.0,3364.0,3432.0,347280,214489,3369.2,3319.2,3340.4,3256.233333333333,23.23182322654202,17.205184757168283,6.0266384693737365,58.9622641509434,76.85714285714286,70.3963297399561,318870.1,15170786,221916.3,14423.0,7.20912099007327
2018-08-31,3436.0,3496.0,3410.0,3478.0,386889,225689,3398.0,3340.6,3348.1,3259.766666666667,32.302974751052716,20.224742755945172,12.078231995107544,58.17307692307692,77.42857142857143,98.10539857416586,317790.15,15557675,222181.6,11200.0,5.221713001599149
2018-09-03,3484.0,3486.0,3434.0,3472.0,268219,230108,3420.4,3359.2,3355.3,3264.4333333333334,38.56324475172596,23.892443155101333,14.670801596624628,63.35078534031414,76.0,86.66241105712751,312072.05,15289456,222679.0,4419.0,1.9580041561618078
2018-09-04,3476.0,3512.0,3440.0,3456.0,292831,233872,3440.8,3378.2,3357.1,3268.8,41.75219424226225,27.464393372533515,14.287800869728734,62.05128205128205,76.85714285714286,82.477894049031,295986.95,14996625,222145.95,3764.0,1.635753646113991
2018-09-05,3472.0,3486.0,3422.0,3442.0,247847,228646,3456.0,3396.0,3359.0,3272.2,42.658041344622234,30.50312296695126,12.154918377670974,77.07006369426752,68.14285714285714,64.68817828911982,290306.35,14748778,221734.3,-5226.0,-2.2345556543750478
2018-09-06,3440.0,3518.0,3438.0,3518.0,385578,263106,3473.2,3421.2,3366.4,3278.366666666667,48.9442971502358,34.19135780360817,14.752939346627628,83.24607329842932,70.71428571428571,83.14804285261968,292715.35,15134356,222839.0,34460.0,15.071332977616049
2018-09-07,3528.0,3630.0,3522.0,3576.0,665058,298388,3492.8,3445.4,3377.4,3285.4333333333334,57.938437201355555,38.940773683157644,18.99766351819791,84.68899521531101,72.71428571428571,112.28052724920002,313135.8,15799414,225768.25,35282.0,13.409804413430336
2018-09-10,3582.0,3784.0,3572.0,3784.0,757013,347939,3555.2,3487.8,3396.1,3295.766666666667,80.91745362657639,47.3361096718414,33.58134395473499,92.73927392739274,83.85714285714286,137.83306568540235,333576.35,16556427,230931.35,49551.0,16.6062308135716
2018-09-11,3784.0,3808.0,3618.0,3648.0,1040526,297392,3593.6,3517.2,3410.0,3305.5333333333333,87.1498174511612,55.29885122770536,31.850966223455835,75.94594594594594,92.28571428571429,105.81913836515278,369822.25,15515901,233842.55,-50547.0,-14.52754649521899
2018-09-12,3650.0,3698.0,3608.0,3666.0,745340,285131,3638.4,3547.2,3425.2,3315.2,92.47546070459794,62.734173123083885,29.74128758151405,76.45502645502646,95.28571428571429,81.2823286836607,393438.45,16261241,236146.25,-12261.0,-4.122841233119923
2018-09-13,3666.0,3682.0,3618.0,3660.0,398388,279204,3666.8,3570.0,3444.6,3325.1,95.11548934242273,69.21043636695165,25.90505297547108,73.48703170028818,90.42857142857143,71.09354319621383,391185.8,15862853,239360.15,-5927.0,-2.078693653092789
2018-09-14,3666.0,3682.0,3624.0,3660.0,406175,280416,3683.6,3588.2,3464.4,3335.5666666666666,96.09995064735813,74.58833922303296,21.511611424325167,72.45508982035929,89.57142857142857,64.63336912828022,401606.75,15862853,243057.85,1212.0,0.4340912021317811
2018-09-17,3672.0,3732.0,3572.0,3608.0,710447,267132,3648.4,3601.8,3480.5,3344.366666666667,91.62794795866239,77.99626097015884,13.631686988503546,67.78711484593838,97.85714285714286,53.22205548281235,422711.7,15152406,245891.55,-13284.0,-4.737247517973298
2018-09-18,3610.0,3624.0,3552.0,3594.0,378886,254853,3637.6,3615.6,3496.9,3352.9333333333334,85.96323989249186,79.58965675462545,6.3735831378664045,65.92178770949721,99.28571428571429,33.588250091944005,430866.0,14773520,248062.6,-12279.0,-4.596603926148868
2018-09-19,3612.0,3660.0,3578.0,3656.0,407035,247461,3635.6,3637.0,3516.5,3361.5,85.4913091866033,80.76998724102103,4.721321945582275,65.73033707865169,99.57142857142857,43.642211157890856,434758.35,15180555,249355.1,-7392.0,-2.9004955798048293
2018-09-20,3656.0,3738.0,3650.0,3686.0,494593,247157,3640.8,3653.8,3537.5,3370.1666666666665,86.5404653664732,81.92408286611146,4.616382500361738,64.94252873563218,99.71428571428571,60.317663304136794,444359.45,15675148,250920.5,-304.0,-0.12284764063832387
2018-09-21,3688.0,3702.0,3666.0,3692.0,301597,226591,3647.2,3665.4,3555.4,3378.3333333333335,86.85487017558489,82.91024032800615,3.9446298475787387,65.80459770114942,98.57142857142857,54.257071906627665,441176.55,15976745,251739.1,-20566.0,-8.321026715812218
2018-09-25,3720.0,3770.0,3702.0,3712.0,352910,236838,3668.0,3658.2,3573.0,3387.133333333333,87.70684123485353,83.86956050937563,3.8372807254778962,68.28571428571429,99.0,64.81255345134933,446823.1,16329655,253371.4,10247.0,4.52224492587967
2018-09-26,3714.0,3742.0,3668.0,3690.0,329205,243978,3687.2,3662.4,3589.8,3394.9333333333334,85.61984601080621,84.21961760966175,1.4002284011444601,67.51412429378531,99.71428571428571,49.416376477997915,454575.2,16000450,255422.8,7140.0,3.0147189217946346
2018-09-27,3674.0,3738.0,3628.0,3724.0,467204,248951,3700.8,3668.2,3607.7,3403.4666666666667,85.72126176392248,84.5199464405139,1.2013153234085792,65.46546546546547,101.85714285714286,44.72768695141945,469151.05,16467654,257867.05,4973.0,2.038298535113814
2018-09-28,3722.0,3742.0,3676.0,3712.0,382096,222054,3706.0,3673.4,3621.7,3411.4,83.86657311734552,84.38927177588023,-0.5226986585347078,60.96774193548387,98.57142857142857,47.42076816886359,470891.85,16085558,258245.3,-26897.0,-10.804134146880306
2018-10-08,3808.0,3814.0,3730.0,3770.0,170229,234541,3721.6,3684.4,3636.3,3420.1,86.08450568065564,84.72831855683532,1.3561871238203196,48.51063829787234,90.71428571428571,72.10998166558106,460058.85,16255787,258687.9,12487.0,5.62340691903771
2018-10-09,3766.0,3866.0,3754.0,3848.0,488928,250935,3748.8,3708.4,3655.1,3429.233333333333,93.06340434785716,86.39533571503969,6.668068632817466,74.27184466019418,85.14285714285714,89.33163942977555,471094.3,16744715,259729.25,16394.0,6.989822674926782
2018-10-10,3850.0,3854.0,3788.0,3806.0,307811,232806,3772.0,3729.6,3672.6,3437.3333333333335,94.12022348201344,87.94031326843445,6.179910213578992,66.05504587155963,83.42857142857143,79.5790442267464,471843.3,16436904,259675.95,-18129.0,-7.224580070536191
2018-10-11,3800.0,3816.0,3708.0,3726.0,353191,224323,3772.4,3736.6,3686.8,3443.8333333333335,87.49385415997631,87.85102144674282,-0.35716728676651144,56.470588235294116,86.57142857142857,42.27046773878067,477110.5,16083713,259459.8,-8483.0,-3.6438064311057228
2018-10-12,3730.0,3772.0,3724.0,3764.0,237087,222873,3782.8,3744.4,3699.1,3452.1,84.33651233604496,87.14811962460325,-2.8116072885582923,59.489051094890506,85.85714285714286,43.149003630324806,469685.95,16320800,257448.15,-1450.0,-0.6463893582022373
2018-10-15,3766.0,3778.0,3710.0,3738.0,320883,228511,3776.4,3749.0,3707.2,3460.2,78.82763754708367,85.48402320909935,-6.65638566201568,62.452107279693486,79.28571428571429,30.952872657325962,452477.2,15999917,253954.3,5638.0,2.52969179757081
2018-10-16,3736.0,3740.0,3664.0,3678.0,434166,234144,3742.4,3745.6,3701.9,3467.3333333333335,68.82692211359972,82.15260298999942,-13.325680876399701,57.3943661971831,79.57142857142857,-8.25057498701137,436334.85,15565751,248264.55,5633.0,2.465089207959359
2018-10-17,3678.0,3732.0,3668.0,3730.0,238475,231539,3727.2,3749.6,3706.0,3475.8,64.35539951342207,78.59316229468395,-14.237762781261878,56.63082437275986,78.28571428571429,4.310210660298289,396232.3,15804226,244971.9,-2605.0,-1.1125632089654225
2018-10-18,3716.0,3722.0,3614.0,3650.0,387325,212321,3712.0,3742.2,3705.2,3482.9666666666667,53.73690859290173,73.62191155432751,-19.885002961425783,47.03947368421053,80.28571428571429,-36.03944972034199,378331.55,15416901,241331.4,-19218.0,-8.300113587775716
2018-10-19,3616.0,3660.0,3610.0,3642.0,195851,205332,3687.6,3735.2,3704.3,3489.9333333333334,44.167015038729005,67.7309322512078,-23.5639172124788,45.90163934426229,81.28571428571429,-55.243927547021784,368204.7,15221050,237637.8,-6989.0,-3.291713961407494
2018-10-22,3652.0,3692.0,3642.0,3660.0,234074,187485,3672.0,3724.2,3704.3,3496.5666666666666,37.60180481778207,61.70510676452266,-24.103301946740594,45.723684210526315,79.28571428571429,-33.268076440219644,359599.65,15455124,232991.25,-17847.0,-8.691777219332597
2018-10-23,3652.0,3658.0,3610.0,3624.0,257557,183326,3661.2,3701.8,3705.1,3502.8333333333335,29.157816128233208,55.195648637264775,-26.037832509031567,44.69453376205788,77.57142857142857,-60.80831642002947,336955.15,15197567,228800.95,-4159.0,-2.2183107981971872
2018-10-24,3596.0,3602.0,3526.0,3542.0,387075,176383,3623.6,3675.4,3702.5,3507.0333333333333,15.668562127837504,47.290231335379325,-31.62166920754182,36.41791044776119,76.71428571428571,-113.60712394365704,337364.6,14810492,224877.45,-6943.0,-3.787242398786861
2018-10-25,3546.0,3564.0,3462.0,3484.0,316261,171047,3590.4,3651.2,3693.9,3509.8333333333335,0.2947185420252936,37.89112877670852,-37.596410234683226,34.07821229050279,79.28571428571429,-125.48462532486379,332825.9,14494231,221056.75,-5336.0,-3.025234858234638
2018-10-26,3502.0,3508.0,3456.0,3470.0,208139,161129,3556.0,3621.8,3683.1,3512.9,-12.870483339076145,27.73880635355159,-40.60928969262773,27.67857142857143,75.71428571428571,-113.96000719563028,318503.2,14286092,216755.35,-9918.0,-5.798406285991565
2018-10-29,3468.0,3504.0,3406.0,3450.0,309553,139705,3514.0,3593.0,3671.0,3515.9666666666667,-24.633869618126027,17.264271159216065,-41.89814077734209,17.589576547231275,74.71428571428571,-105.2016140052387,318901.0,13976539,212411.05,-21424.0,-13.296178838073846
2018-10-30,3460.0,3490.0,3436.0,3444.0,198192,128066,3478.0,3569.6,3657.6,3518.0333333333333,-34.04810251916979,7.001796423538895,-41.04989894270868,18.68512110726644,73.85714285714286,-88.88649697619802,311165.1,13778347,206972.45,-11639.0,-8.331126301850322
2018-10-31,3426.0,3466.0,3348.0,3458.0,377451,126398,3461.2,3542.4,3646.0,3520.4666666666667,-39.91910433600833,-2.3823837283705505,-37.53672060763778,23.828125,74.57142857142857,-88.56593469856004,313577.4,14155798,201093.45,-1668.0,-1.3024534224540418
2018-11-01,3456.0,3458.0,3362.0,3388.0,259828,112359,3442.0,3516.2,3629.2,3522.866666666667,-49.64801910035703,-11.835510802767846,-37.81250829758919,15.441176470588246,78.0,-84.11918189625119,303208.6,13895970,194263.85,-14039.0,-11.10697954081552
2018-11-02,3382.0,3408.0,3272.0,3312.0,287779,108569,3410.4,3483.2,3609.2,3523.766666666667,-62.76727688894562,-22.0218640200034,-40.74541286894222,14.141414141414145,82.85714285714286,-93.79130991163842,298492.75,13608191,188589.6,-3790.0,-3.373116528270992
2018-11-05,3304.0,3356.0,3276.0,3340.0,193676,93921,3388.4,3451.2,3587.7,3524.0333333333333,-70.09698282713953,-31.636887781430623,-38.460095045708904,19.928825622775804,83.14285714285714,-83.97680551144319,299665.1,13801867,181558.6,-14648.0,-13.49188073943759
2018-11-06,3350.0,3372.0,3326.0,3346.0,177970,94880,3368.8,3423.4,3562.6,3524.3333333333335,-74.56217143595632,-40.22194451233577,-34.34022692362055,12.79069767441861,81.85714285714286,-69.39682081884656,284117.2,13979837,173755.85,959.0,1.0210709000117113
2018-11-07,3342.0,3398.0,3318.0,3390.0,263638,106713,3355.2,3408.2,3541.8,3523.8333333333335,-73.70085571424988,-46.91772675271859,-26.78312896153129,22.91666666666667,79.28571428571429,-57.7935954259858,281908.55,14243475,167451.2,11833.0,12.471543001686335
2018-11-08,3406.0,3488.0,3406.0,3466.0,258402,107398,3370.8,3406.4,3528.8,3524.866666666667,-66.12346185007209,-50.75887377218929,-15.3645880778828,33.941605839416056,82.71428571428571,-26.259941119137242,277169.1,14501877,161604.95,685.0,0.6419086709210653
2018-11-09,3468.0,3472.0,3428.0,3442.0,164565,101110,3396.8,3403.6,3512.7,3526.0666666666666,-61.34774344537391,-52.87664770682622,-8.471095738547689,30.324909747292423,82.28571428571429,-24.574546913310567,273543.0,14337312,155516.8,-6288.0,-5.854857632358145
2018-11-12,3428.0,3428.0,3276.0,3406.0,444849,88826,3410.0,3399.2,3496.1,3526.9,-59.778759014964635,-54.257069968453905,-5.52168904651073,30.324909747292423,90.57142857142857,-48.796393988034616,279741.3,13892463,148532.55,-12284.0,-12.149144496093367
2018-11-13,3400.0,3428.0,3336.0,3362.0,242052,85269,3413.2,3391.0,3480.3,3526.1,-61.37822980008559,-55.68130193478025,-5.696927865305341,32.55813953488372,90.14285714285714,-42.612144995609626,270135.6,13650411,141088.8,-3557.0,-4.004458154144053
2018-11-14,3362.0,3376.0,3180.0,3202.0,289714,85198,3375.6,3365.4,3453.9,3523.3,-74.69544218386909,-59.48412998459803,-15.211312199271063,27.18446601941747,96.85714285714286,-85.08817581816616,272697.55,13360697,133771.75,-71.0,-0.08326589968218334
2018-11-15,3202.0,3270.0,3202.0,3258.0,209329,81947,3334.0,3352.4,3434.3,3521.5666666666666,-79.81068901237359,-63.54944179015314,-16.261247222220447,33.93939393939394,98.0,-81.02448059540156,263797.75,13570026,127253.05,-3251.0,-3.8158172727059347
2018-11-16,3270.0,3290.0,3224.0,3248.0,173461,78257,3295.2,3346.0,3414.6,3521.1666666666665,-83.70655830522037,-67.5808650931666,-16.125693212053775,34.46153846153847,95.71428571428571,-70.43897035868478,262678.25,13396565,120899.3,-3690.0,-4.502910417709005
2018-11-19,3258.0,3268.0,3146.0,3176.0,213692,80795,3249.2,3329.6,3390.4,3519.7,-91.54854640297481,-72.37440135512824,-19.174145047846565,31.284916201117326,100.57142857142857,-89.42099780490192,261659.15,13182873,115564.8,2538.0,3.243160356262065
2018-11-20,3162.0,3182.0,3116.0,3146.0,175226,78174,3206.0,3309.6,3366.5,3517.366666666667,-99.04242828693714,-77.70800674149002,-21.334421545447114,28.688524590163937,96.85714285714286,-102.28509482866235,257542.6,13007647,110307.2,-2621.0,-3.244012624543602
2018-11-21,3140.0,3146.0,2958.0,3056.0,226823,69576,3176.8,3276.2,3342.2,3513.866666666667,-110.96450180529018,-84.35930575425006,-26.605196051040124,27.92553191489361,103.42857142857143,-120.9797035798496,249530.0,12780824,104966.85,-8598.0,-10.998541714636579
2018-11-22,2970.0,2970.0,2872.0,2890.0,109403,84988,3103.2,3218.6,3312.5,3507.633333333333,-132.28277021077656,-93.94399864555537,-38.338771565221194,24.940617577197145,106.85714285714286,-135.89417526517062,239187.1,12671421,100663.9,15412.0,22.151316545935384
2018-11-23,2884.0,2904.0,2752.0,2780.0,201618,110366,3009.6,3152.4,3278.0,3499.5333333333333,-156.2525500702236,-106.40570893048901,-49.84684113973459,19.69696969696969,112.0,-129.54794422508422,238861.05,12469803,98125.75,25378.0,29.8606862145244
2018-11-26,2766.0,2766.0,2650.0,2706.0,338820,132615,2915.6,3082.4,3240.8,3489.0666666666666,-179.15477018722322,-120.95552118183588,-58.199249005387344,17.741935483870975,118.0,-123.61282994171478,240324.4,12130983,97771.25,22249.0,20.159288186579193
2018-11-27,2706.0,2776.0,2678.0,2702.0,350404,134866,2826.8,3016.4,3203.7,3478.1,-195.37554355310976,-135.83952565609067,-59.53601789701909,13.865546218487395,119.28571428571429,-101.55255615148688,247935.0,11780579,98111.25,2251.0,1.6973947140217938
2018-11-28,2706.0,2836.0,2694.0,2822.0,378469,132746,2780.0,2978.4,3171.9,3469.233333333333,-196.28497518104768,-147.92861556108207,-48.356359619965616,17.670682730923687,122.42857142857143,-77.47893047376013,247985.9,12159048,98428.65,-2120.0,-1.5719306570966762
2018-11-29,2800.0,2844.0,2764.0,2808.0,457538,141433,2763.6,2933.4,3142.9,3459.9333333333334,-195.8774361410442,-157.5183796770745,-38.359056463969694,17.849898580121703,125.0,-65.54335787150114,257871.4,11701510,99882.35,8687.0,6.544076657677067
2018-11-30,2832.0,2872.0,2786.0,2808.0,426527,135517,2769.2,2889.4,3117.7,3449.5333333333333,-193.32591767789563,-164.67988727723875,-28.646030400656883,18.526315789473685,119.28571428571429,-56.181415166212005,264808.8,11701510,101229.75,-5916.0,-4.182899323354516
2018-12-03,2794.0,2988.0,2756.0,2912.0,398276,159408,2810.4,2863.0,3096.3,3440.1,-180.82742409362982,-167.90939464051695,-12.918029453112865,27.72277227722772,129.28571428571428,-40.03789996142479,275038.8,12099786,104504.1,23891.0,17.629522495332694
2018-12-04,2908.0,2936.0,2878.0,2910.0,260399,155637,2852.0,2839.4,3074.5,3430.733333333333,-169.1339898142919,-168.15431367527196,-0.9796761390199435,32.86384976525822,119.42857142857143,-32.058221581755035,279160.25,11839387,107541.95,-3771.0,-2.3656278229448935
2018-12-05,2930.0,2932.0,2816.0,2870.0,425594,186711,2861.6,2820.8,3048.5,3420.9666666666667,-161.23589754627164,-166.7706304494719,5.534732903200251,26.79425837320575,122.85714285714286,-34.839528251537914,287258.05,11413793,111541.85,31074.0,19.96568939262515
2018-12-06,2900.0,2916.0,2780.0,2780.0,364039,200229,2856.0,2809.8,3014.2,3409.9333333333334,-160.38997457222422,-165.49449927402236,5.104524701798141,24.454148471615724,127.85714285714286,-40.116597208414426,292539.9,11049754,116183.4,13518.0,7.240066198563566
2018-12-07,2750.0,2822.0,2730.0,2780.0,380074,212253,2850.4,2809.8,2981.1,3397.633333333333,-157.8994084293413,-163.97548110508615,6.076072675744854,26.540284360189574,125.71428571428571,-46.265147798608425,303315.35,11049754,121740.55,12024.0,6.005124132867867
2018-12-10,2798.0,2862.0,2776.0,2792.0,412191,206334,2826.4,2818.4,2950.4,3384.5666666666666,-153.19142175409843,-161.8186692348886,8.627247480790174,28.57142857142857,127.14285714285714,-35.32025989741648,301682.45,11461945,127615.95,-5919.0,-2.7886531639128798
2018-12-11,2778.0,2812.0,2668.0,2708.0,444969,243762,2786.0,2819.0,2917.7,3366.633333333333,-154.45791171789233,-160.34651773148937,5.888606013597041,28.78048780487805,124.0,-51.45410767477302,311828.3,11016976,135540.6,37428.0,18.139521358573973
2018-12-12,2726.0,2756.0,2714.0,2746.0,287368,228846,2761.2,2811.4,2894.9,3351.6,-150.65863278106008,-158.4089407414035,7.750307960343434,39.59537572254335,114.28571428571429,-45.14108913063332,311711.0,11304344,142723.0,-14916.0,-6.119083368203415
2018-12-13,2764.0,2778.0,2712.0,2758.0,331326,233051,2756.8,2806.4,2869.9,3336.4666666666667,-145.0078172860367,-155.72871605033015,10.720898764293452,48.148148148148145,108.14285714285714,-38.84838366854997,317810.85,11635670,150278.2,4205.0,1.8374802268774637
2018-12-14,2740.0,2814.0,2738.0,2792.0,323135,228178,2759.2,2804.8,2847.1,3322.0,-136.215778738243,-151.8261285879127,15.610349849669717,57.76173285198556,104.28571428571429,-25.7803781256519,325294.55,11958805,157774.25,-4873.0,-2.0909586313725304
2018-12-17,2778.0,2796.0,2716.0,2794.0,407977,258722,2759.6,2793.0,2828.0,3307.5666666666666,-127.61556872229994,-146.98401661479016,19.368447892490224,58.33333333333334,103.0,-27.83822424089034,335008.8,12366782,166670.6,30544.0,13.386040722593773
2018-12-18,2802.0,2808.0,2718.0,2740.0,380768,258220,2766.0,2776.0,2807.7,3293.1,-123.73089627422678,-142.3333925466775,18.602496272450708,41.56378600823046,99.28571428571429,-33.44072295525581,345285.9,11986014,175672.9,-502.0,-0.19403065839008748
2018-12-19,2732.0,2754.0,2652.0,2694.0,477342,287781,2755.6,2758.4,2789.6,3278.1,-122.94682644996192,-138.45607932733438,15.509252877372461,38.99613899613899,100.85714285714286,-72.84599817561154,357811.85,11508672,186583.15,29561.0,11.447990085973192
2018-12-20,2696.0,2744.0,2688.0,2726.0,328482,248260,2749.2,2753.0,2781.4,3262.6,-118.3787167420628,-134.44060681028006,16.061890068217252,42.54545454545455,98.71428571428571,-53.90482010092764,368765.8,11837154,194746.75,-39521.0,-13.733012255847331
2018-12-21,2724.0,2774.0,2714.0,2750.0,406326,258145,2740.8,2750.0,2779.9,3247.0,-111.53613829009555,-129.85971310624316,18.323574816147612,32.765957446808514,86.42857142857143,-28.65061145365245,379001.2,12243480,202135.7,9885.0,3.9817127205349134
2018-12-24,2730.0,2736.0,2690.0,2726.0,404536,260773,2727.2,2743.4,2780.9,3230.9,-106.81860658795495,-125.25149180258552,18.432885214630574,31.300813008130078,86.57142857142857,-53.62706462786958,382287.0,11838944,208543.6,2628.0,1.0180325011137192
2018-12-25,2704.0,2724.0,2550.0,2580.0,541297,272880,2695.2,2730.6,2774.8,3212.0333333333333,-113.55195233028917,-122.91158390812625,9.359631577837078,25.752508361204008,90.85714285714286,-115.55000343920163,391831.65,11297647,215444.3,12107.0,4.642735252499297
2018-12-26,2584.0,2602.0,2564.0,2572.0,243746,259563,2670.8,2713.2,2762.3,3193.4,-118.17150295655938,-121.96356771781288,3.7920647612534992,29.84496124031007,83.85714285714286,-114.80252409925647,385095.5,11053901,221785.15,-13317.0,-4.880167106420408
2018-12-27,2588.0,2706.0,2538.0,2640.0,620636,274216,2653.6,2701.4,2753.9,3175.3333333333335,-115.01962378390408,-120.57477893103113,5.555155147127053,38.01369863013698,89.28571428571429,-74.74291470685108,393250.4,11674537,228424.3,14653.0,5.6452576060532556
2018-12-28,2620.0,2652.0,2606.0,2632.0,336307,247467,2630.0,2685.4,2745.1,3157.3333333333335,-111.87761447445746,-118.8353460397164,6.957731565258939,36.206896551724135,86.42857142857143,-65.724984993736,388739.4,11338230,234021.8,-26749.0,-9.754718907722381
2019-01-02,2636.0,2650.0,2568.0,2578.0,228359,262654,2600.4,2663.8,2728.4,3137.4666666666667,-112.44866000723323,-117.55800883321976,5.10934882598653,38.18181818181818,82.0,-75.59506812895592,380243.55,11109871,239184.1,15187.0,6.136979880145632
2019-01-03,2578.0,2636.0,2558.0,2630.0,314214,258752,2610.4,2652.8,2714.4,3117.1666666666665,-107.46644599436831,-115.53969626544948,8.073250271081164,39.716312056737586,84.14285714285714,-66.40910441472555,382934.3,11424085,244339.85,-3902.0,-1.4856046357565433
2019-01-04,2654.0,2764.0,2646.0,2736.0,525842,274346,2643.2,2657.0,2707.7,3099.3333333333335,-93.88247266811368,-111.20825154598232,17.325778877868643,48.32826747720365,89.0,3.7586486850384118,387946.7,11949927,248721.6,15594.0,6.026620084095979
2019-01-07,2748.0,2790.0,2734.0,2770.0,387611,270959,2669.2,2661.4,2707.2,3083.4,-79.45762208295037,-104.85812565337594,25.40050357042557,48.32826747720365,87.57142857142857,41.25639141039929,389125.3,12337538,252258.1,-3387.0,-1.2345724012743031
2019-01-08,2776.0,2788.0,2736.0,2754.0,309760,246061,2693.6,2661.8,2705.9,3066.5666666666666,-68.52695427881463,-97.59189137846369,29.064937099649057,47.023809523809526,85.57142857142857,38.56186893347953,385609.6,12027778,253948.5,-24898.0,-9.18884406865983
2019-01-09,2760.0,2838.0,2756.0,2812.0,379681,243123,2740.4,2670.4,2706.9,3051.133333333333,-54.555326178379346,-88.98457833844682,34.42925216006748,55.32544378698225,85.14285714285714,70.22300464284608,383984.1,12407459,255787.95,-2938.0,-1.1940128667281669
2019-01-10,2822.0,2850.0,2816.0,2828.0,353789,258873,2780.0,2695.2,2712.9,3036.9666666666667,-41.71082751076301,-79.52982817291006,37.81900066214705,60.371517027863774,80.57142857142857,81.41111425323199,379425.1,12761248,256543.5,15750.0,6.4782023913821485
2019-01-11,2838.0,2858.0,2812.0,2852.0,286315,252982,2803.2,2723.2,2718.2,3022.3333333333335,-29.257606873618897,-69.47538391305183,40.21777703943293,59.874608150470216,79.85714285714286,78.59772632745315,379372.45,13047563,257750.3,-5891.0,-2.275633225558482
2019-01-14,2844.0,2848.0,2786.0,2804.0,338834,264375,2810.0,2739.6,2720.5,3008.233333333333,-22.99644988584396,-60.17959710761026,37.183147221766305,54.07854984894259,80.28571428571429,57.117645794443575,379747.85,12708729,259316.5,11393.0,4.503482461202779
2019-01-15,2802.0,2844.0,2792.0,2832.0,256845,250917,2825.6,2759.6,2722.5,2994.733333333333,-15.595298970797558,-51.26273748024772,35.667438509450164,57.95795795795796,79.71428571428571,60.367501387678075,376433.35,12965574,260453.45,-13458.0,-5.090496453900705
2019-01-16,2842.0,2888.0,2826.0,2880.0,306142,277983,2839.2,2789.8,2726.8,2981.733333333333,-5.789892425153994,-42.16816846922897,36.37827604407498,76.40845070422536,71.57142857142857,77.44642624931468,371341.6,13271716,261416.5,27066.0,10.786833893279457
2019-01-17,2864.0,2898.0,2856.0,2870.0,255906,256532,2847.6,2813.8,2733.3,2969.1666666666665,1.1606670328310429,-33.502401368816976,34.66306840164802,76.14035087719299,71.85714285714286,74.81442255057377,365098.5,13015810,261332.1,-21451.0,-7.71665893238076
2019-01-18,2844.0,2986.0,2832.0,2978.0,396837,291330,2872.8,2838.0,2747.5,2959.766666666667,15.208419690422488,-23.760237156969083,38.96865684739157,77.70491803278688,70.85714285714286,89.7606391390517,361073.25,13412647,261509.55,34798.0,13.564779442720587
2019-01-21,2974.0,3116.0,2966.0,3084.0,588409,311466,2928.8,2869.4,2765.4,2953.1,34.49701884163596,-12.108785957248074,46.60580479888404,81.92090395480227,78.28571428571429,117.25633845030924,374069.6,14001056,264669.85,20136.0,6.911749562351965
2019-01-22,3080.0,3096.0,3024.0,3036.0,417260,288147,2969.6,2897.6,2779.7,2945.866666666667,45.38698092487539,-0.6096325808233818,45.99661350569877,82.62108262108262,77.57142857142857,97.6072916421223,374616.3,13583796,266169.95,-23319.0,-7.486852497543872
2019-01-23,3020.0,3060.0,3012.0,3046.0,323738,271996,3002.8,2921.0,2795.7,2939.133333333333,54.19949274593364,10.352192484528022,43.84730026140562,81.51515151515152,75.42857142857143,81.19519021295802,370576.4,13907534,266731.1,-16151.0,-5.605125161809765
2019-01-24,3052.0,3076.0,3002.0,3062.0,381912,296635,3041.2,2944.4,2819.8,2932.766666666667,61.762577588689055,20.63426950536023,41.128308083328825,78.59649122807018,71.14285714285714,74.43284028595328,362607.15,14289446,267918.85,24639.0,9.058589096898473
2019-01-25,3058.0,3194.0,3042.0,3142.0,755334,344360,3074.0,2973.4,2848.3,2927.5,73.36599075507957,31.180613755304098,42.18537699977547,80.1948051948052,78.0,88.33471174402877,388186.55,15044780,272158.7,47725.0,16.08879599507813
2019-01-28,3130.0,3182.0,3104.0,3104.0,508767,319156,3078.0,3003.4,2871.5,2922.766666666667,78.58956527854707,40.66240405995269,37.92716121859438,77.4294670846395,79.85714285714286,79.72749610208434,382593.1,14536013,274405.7,-25204.0,-7.319084678824483
2019-01-29,3104.0,3192.0,3070.0,3118.0,653176,340035,3094.4,3032.0,2895.8,2919.5333333333333,82.90331095615193,49.11058543919253,33.79272551695939,75.75757575757575,82.57142857142857,71.20207283386272,398436.55,15189189,279034.1,20879.0,6.541941871686574
2019-01-30,3132.0,3184.0,3108.0,3138.0,536687,319411,3112.8,3057.8,2923.8,2916.1666666666665,86.93370074964741,56.67520850128351,30.258492248363908,75.91973244147157,85.28571428571429,70.46122952773551,413852.95,15725876,281871.95,-20624.0,-6.065257988148276
2019-01-31,3152.0,3188.0,3132.0,3176.0,370212,288007,3135.6,3088.4,2951.1,2913.3333333333335,92.13205513771754,63.76657782857032,28.365477309147224,76.47058823529412,86.0,72.41845467276238,416652.85,16096088,283334.7,-31404.0,-9.831846742911166
2019-02-01,3166.0,3276.0,3158.0,3272.0,528488,279922,3161.6,3117.8,2977.9,2911.366666666667,102.81302162252769,71.5758665873618,31.237155035165884,85.45454545454545,89.71428571428571,85.18634109948842,416785.15,16624576,283613.5,-8085.0,-2.807223435541495
2019-02-11,3248.0,3296.0,3212.0,3282.0,280329,281036,3197.2,3137.6,3003.5,2908.3,110.80736263914514,79.42216579771848,31.385196841426662,85.04672897196262,92.0,83.45772273367899,411421.05,16904905,284117.35,1114.0,0.3979680053729284
2019-02-12,3286.0,3318.0,3262.0,3296.0,375971,327054,3232.8,3163.6,3030.6,2905.866666666667,116.92478237992373,86.92268911415954,30.002093265764188,84.21052631578948,91.57142857142857,82.64210748261067,414731.6,17280876,288167.0,46018.0,16.37441466573677
2019-02-13,3324.0,3348.0,3170.0,3192.0,655763,342345,3243.6,3178.2,3049.6,2902.3,112.08886015540656,91.95592332240895,20.132936832997615,72.93447293447294,101.28571428571429,59.72620843704549,428535.7,16625113,293128.1,15291.0,4.675374708763691
2019-02-14,3210.0,3232.0,3136.0,3228.0,472351,318272,3254.0,3194.8,3069.6,2900.0666666666666,109.89446114582233,95.54363088709164,14.350830258730696,69.84126984126985,97.14285714285714,43.48093879003702,434463.8,17097464,296098.05,-24073.0,-7.031795411061936
2019-02-15,3230.0,3256.0,3136.0,3150.0,690142,355944,3229.6,3195.6,3084.5,2899.2,100.70062190873114,96.57502909141955,4.125592817311585,55.48172757475083,95.0,33.81471315160587,454655.15,16407322,301246.15,37672.0,11.83641664990951
2019-02-18,3160.0,3252.0,3124.0,3212.0,592211,346241,3215.6,3206.4,3104.9,2898.4333333333334,97.2957550203123,96.7191742771981,0.5765807431141923,64.28571428571428,99.0,35.38127308951422,467324.0,16999533,305339.45,-9703.0,-2.7259906052637506
2019-02-19,3216.0,3244.0,3164.0,3192.0,428557,342303,3194.8,3213.8,3122.9,2897.5,91.92389913884108,95.76011924952671,-3.8362201106856304,61.66134185303515,101.28571428571429,33.60993897308936,475909.6,16570976,309908.75,-3938.0,-1.1373580829537766
2019-02-20,3190.0,3218.0,3158.0,3202.0,396341,342294,3196.8,3220.2,3139.0,2897.9333333333334,87.4653351389552,94.10116242741242,-6.635827288457222,61.29032258064516,100.28571428571429,27.150823940527843,480419.55,16967317,313124.3,-9.0,-0.0026292495245439085
2019-02-21,3184.0,3308.0,3182.0,3280.0,544999,364495,3207.2,3230.6,3159.5,2900.1666666666665,89.19762448219035,93.120454838368,-3.9228303561776556,61.16504854368932,98.42857142857143,56.33545982116368,494874.2,17512316,318522.45,22201.0,6.485944831051671
2019-02-22,3276.0,3296.0,3264.0,3292.0,301874,336844,3235.6,3232.6,3175.2,2904.1,90.49559904475745,92.5954836796459,-2.09988463488844,65.87837837837839,95.14285714285714,70.68469517598777,490126.05,17814190,320798.15,-27651.0,-7.586112292349689
2019-02-25,3306.0,3326.0,3202.0,3216.0,481067,359682,3236.4,3226.0,3181.8,2909.5333333333333,84.41856374141526,90.96009969199977,-6.541535950584517,57.49235474006116,95.28571428571429,43.8489594041507,484758.95,17333123,323208.95,22838.0,6.77999311253874
2019-02-26,3186.0,3230.0,3136.0,3210.0,534869,342001,3240.0,3217.4,3190.5,2916.7,78.2166863528546,88.41141702417075,-10.194730671316151,55.62499999999999,96.57142857142857,3.07063669248183,490639.4,16798254,325901.65,-17681.0,-4.9157311180431655
2019-02-27,3230.0,3276.0,3208.0,3242.0,342798,328278,3248.0,3222.4,3200.3,2925.633333333333,75.01901391050205,85.732936401437,-10.713922490934948,55.20504731861199,97.42857142857143,35.534060609401045,491592.4,17141052,328715.75,-13723.0,-4.012561366779632
2019-02-28,3260.0,3272.0,3232.0,3258.0,284375,322239,3243.6,3225.4,3210.1,2934.9,72.93515072734272,83.17337926661816,-10.23822853927544,48.73646209386281,91.85714285714286,43.94868752545255,486715.55,17425427,329995.95,-6039.0,-1.8395993639537256
2019-03-01,3266.0,3466.0,3254.0,3436.0,674603,372025,3272.4,3254.0,3224.8,2945.133333333333,84.67075477783237,83.47285436886101,1.197900408971364,60.664819944598335,101.0,132.510828244705,482679.0,18100030,331379.2,49786.0,15.450023119485845
2019-03-04,3420.0,3462.0,3382.0,3398.0,541555,373168,3308.8,3272.6,3239.5,2954.9666666666667,89.86906843815541,84.7520971827199,5.116971255435516,56.83646112600537,102.71428571428571,124.51817717799321,484318.4,17558475,334079.8,1143.0,0.30723741684026695
2019-03-05,3402.0,3408.0,3352.0,3378.0,382992,345042,3342.4,3291.2,3252.5,2964.4666666666667,91.32223078241805,86.06612390265953,5.256106879758519,64.04833836858006,94.0,88.98124100242168,470809.2,17175483,334330.15,-28126.0,-7.537087853192126
2019-03-06,3386.0,3394.0,3350.0,3372.0,370540,358610,3368.4,3308.2,3264.2,2972.133333333333,90.9414066272684,87.04118044758131,3.9002261796870954,61.39240506329114,90.28571428571429,75.60734472314132,462501.85,16804943,336290.1,13568.0,3.932274911460043
2019-03-07,3366.0,3406.0,3286.0,3292.0,561479,352274,3375.2,3309.4,3270.0,2978.5,83.2249044358864,86.27792524524233,-3.053020809355928,61.198738170347,90.28571428571429,41.69748350402954,472065.2,16243464,339503.45,-6336.0,-1.7668218956526593
2019-03-08,3306.0,3310.0,3228.0,3262.0,482122,337029,3340.4,3306.4,3269.5,2985.0333333333333,73.83761748325514,83.7898636928449,-9.95224620958976,54.15282392026578,87.0,-1.6872034199381216,469746.9,15761342,342358.8,-15245.0,-4.327597268035676
2019-03-11,3250.0,3304.0,3224.0,3300.0,406003,327593,3320.8,3314.8,3270.4,2993.7,68.67279018437557,80.76644899115104,-12.093658806775466,58.70967741935484,87.0,4.344987357144899,476030.6,16167345,344686.65,-9436.0,-2.799759071177854
2019-03-12,3306.0,3390.0,3300.0,3368.0,432164,331703,3318.8,3330.6,3274.0,3003.5,69.26817859483344,78.46679491188752,-9.198616317054075,62.24188790560472,89.14285714285714,53.73873013267851,478840.25,16599509,344919.1,4110.0,1.254605562389921
2019-03-13,3378.0,3416.0,3352.0,3398.0,332650,327564,3324.0,3346.2,3284.3,3013.6,71.33843243670344,77.0411224168507,-5.702689980147255,59.36507936507937,84.71428571428571,69.30806129997954,462684.6,16932159,344180.05,-4139.0,-1.247803004494985
2019-03-14,3410.0,3428.0,3356.0,3388.0,431333,353141,3343.2,3359.2,3292.3,3024.9333333333334,71.34973180071347,75.90284429362326,-4.55311249290979,57.64331210191083,87.57142857142857,63.454130098165656,460633.7,16500826,345923.5,25577.0,7.808245106299827
2019-03-15,3390.0,3406.0,3328.0,3396.0,474543,348609,3370.0,3355.2,3304.6,3035.766666666667,71.18365886025731,74.95900720695008,-3.775348346692766,66.07142857142857,84.28571428571429,49.79676930236915,449853.75,16975369,345556.75,-4532.0,-1.2833400822900742
2019-03-18,3378.0,3436.0,3340.0,3394.0,547909,372668,3388.8,3354.8,3313.7,3046.366666666667,70.0827907859939,73.98376392275884,-3.9009731367649465,66.54676258992805,84.42857142857143,53.21907167461725,447638.65,16427460,346878.1,24059.0,6.901428247692976
2019-03-19,3404.0,3442.0,3380.0,3428.0,392171,386705,3400.8,3359.8,3325.5,3056.9666666666667,71.13387373879596,73.41378588596626,-2.2799121471703074,66.66666666666666,84.0,64.52976765402484,445819.35,16819631,349098.2,14037.0,3.7666233752294165
2019-03-20,3438.0,3440.0,3354.0,3382.0,427785,386716,3397.6,3360.8,3334.5,3066.766666666667,67.47721367345503,72.22647144346402,-4.749257770008995,60.54421768707483,87.28571428571429,44.16742826324479,447391.55,16391846,351319.3,11.0,0.0028445455838355116
2019-03-21,3372.0,3396.0,3348.0,3352.0,417585,376612,3390.4,3366.8,3338.1,3076.9666666666667,61.450175574701916,70.07121226971161,-8.621036695009693,40.45454545454545,75.57142857142857,21.769129837581055,441020.85,15974261,351925.15,-10104.0,-2.61277009484997
2019-03-22,3342.0,3386.0,3324.0,3376.0,370100,372178,3386.4,3378.2,3342.3,3088.3333333333335,57.94238019163595,67.64544585409648,-9.703065662460531,47.417840375586856,74.28571428571429,16.673290586005752,444432.15,16344361,353691.85,-4434.0,-1.177339012033607
2019-03-25,3366.0,3366.0,3282.0,3316.0,431933,373136,3370.8,3379.8,3347.3,3098.1666666666665,49.7474706443154,64.06585081214027,-14.31838016782487,43.347639484978544,77.0,-17.181507391142393,441975.45,15912428,354364.55,958.0,0.2574037154264852
2019-03-26,3318.0,3336.0,3296.0,3312.0,272353,371345,3347.6,3374.2,3352.4,3107.5333333333333,42.440946404741226,59.740869930660466,-17.29992352591924,43.53448275862068,76.71428571428571,-32.3990783251581,428849.65,15640075,355831.75,-1791.0,-0.4799858496633891
2019-03-27,3330.0,3386.0,3314.0,3380.0,435440,373715,3347.2,3372.4,3359.3,3118.4333333333334,41.6573055172712,56.124157047982614,-14.466851530711416,59.73451327433629,73.42857142857143,4.970397794432159,433481.75,16075515,358103.6,2370.0,0.6382205226945326
2019-03-28,3380.0,3398.0,3362.0,3374.0,362778,366095,3351.6,3371.0,3365.1,3131.6666666666665,40.08998225196274,52.91732208877865,-12.82733983681591,63.08411214953271,70.14285714285714,20.116213565821045,437401.9,15712737,360296.4,-7620.0,-2.0389869285418083
2019-03-29,3360.0,3454.0,3328.0,3426.0,578303,377196,3361.6,3374.0,3364.6,3145.9,42.55330468225384,50.84451860747369,-8.29121392521985,64.25339366515837,73.42857142857143,48.299451121070405,432586.9,16291040,360554.95,11101.0,3.03227304388205
2019-04-01,3442.0,3462.0,3406.0,3436.0,373520,350334,3385.6,3378.2,3366.5,3159.1666666666665,44.796041005904044,49.63482308715976,-4.838782081255715,58.85416666666666,71.0,82.31037527675555,424185.15,16664560,359413.25,-26862.0,-7.1214965163999615
2019-04-02,3444.0,3518.0,3426.0,3496.0,426214,341761,3422.4,3385.0,3372.4,3173.5666666666666,50.82899919673082,49.873658309073974,0.9553408876568454,61.83574879227053,73.0,110.47452965014011,426346.25,17090774,359249.2,-8573.0,-2.447093345207718
2019-04-03,3496.0,3550.0,3476.0,3528.0,342561,341185,3452.0,3399.6,3380.2,3189.4,57.52913454057807,51.404753555374796,6.124380985203274,66.05504587155963,73.14285714285714,117.41487094224439,424947.3,17433335,358377.95,-576.0,-0.1685388326930215
2019-04-04,3510.0,3528.0,3492.0,3510.0,284279,327182,3479.2,3415.4,3391.1,3204.0666666666666,60.68702821976831,53.2612084882535,7.425819731514807,62.78026905829596,70.14285714285714,94.21934388362115,411087.3,17149056,357123.35,-14003.0,-4.104224980582383
2019-04-08,3546.0,3566.0,3524.0,3528.0,218066,325130,3499.6,3430.6,3404.4,3217.266666666667,63.905468814919914,55.39006055358679,8.515408261333121,64.5021645021645,67.28571428571429,102.32710434375535,397884.5,17367122,356528.4,-2052.0,-0.627173866533004
2019-04-09,3522.0,3548.0,3464.0,3478.0,333518,334229,3508.0,3446.8,3413.3,3229.0666666666666,61.710167642290344,56.65408197132751,5.056085670962837,55.230125523012546,68.85714285714286,66.25009409356869,394260.25,17033604,356860.2,9099.0,2.7985728785408837
2019-04-10,3468.0,3486.0,3458.0,3478.0,194809,306943,3504.4,3463.4,3418.8,3241.133333333333,59.2869525623978,57.18065608954157,2.1062964728562292,61.11111111111111,64.71428571428571,44.35929776728088,382392.5,17033604,355622.2,-27286.0,-8.163863698242825
2019-04-11,3476.0,3498.0,3450.0,3472.0,237385,319698,3493.2,3472.6,3422.5,3252.133333333333,56.234154963479796,56.99135586432922,-0.7572009008494263,64.70588235294117,64.71428571428571,40.09472847376861,377629.25,16796219,355228.9,12755.0,4.155494668391202
2019-04-12,3462.0,3488.0,3434.0,3446.0,302915,296719,3480.4,3479.8,3425.4,3262.4333333333334,51.12744282799213,55.81857325706181,-4.6911304290696805,58.53658536585366,64.14285714285714,24.629917405921134,371208.35,16493304,352407.8,-22979.0,-7.187720911610329
2019-04-15,3470.0,3480.0,3416.0,3430.0,254163,298979,3460.8,3480.2,3427.1,3272.0666666666666,45.26745533918529,53.70834967348651,-8.44089433430122,65.57377049180329,62.0,11.857676037577807,360189.35,16239141,349926.3,2260.0,0.7616633919634408
2019-04-16,3424.0,3470.0,3420.0,3448.0,236200,279114,3454.8,3481.4,3429.8,3282.8,41.59632604921808,51.285944948632824,-9.689618899414747,67.89473684210526,62.714285714285715,12.850678018906033,344603.9,16475341,345248.6,-19865.0,-6.6442793641024895
2019-04-17,3458.0,3478.0,3444.0,3472.0,196380,278361,3453.6,3479.0,3432.0,3293.4666666666667,40.160582861361036,49.06087253117847,-8.900289669817433,63.6904761904762,59.857142857142854,25.092576314225305,334814.35,16671721,339831.4,-753.0,-0.2697822395150373
2019-04-18,3470.0,3472.0,3392.0,3420.0,262792,292795,3443.2,3468.2,3433.9,3302.4666666666667,34.429894234277526,46.134676871798284,-11.704782637520758,56.02094240837696,63.0,-4.079018105307685,326564.7,16408929,335135.35,14434.0,5.185352833191437
2019-04-19,3434.0,3498.0,3410.0,3490.0,247910,266797,3452.0,3466.2,3440.8,3312.8,35.13172058930559,43.93408561529975,-8.802365025994163,58.00000000000001,60.285714285714285,21.68392136843973,318080.95,16656839,329644.6,-25998.0,-8.879249987192406
2019-04-22,3490.0,3602.0,3482.0,3572.0,449782,307361,3480.4,3470.6,3450.6,3322.7,41.82253359578863,43.51177521139753,-1.6892416156088998,64.40677966101694,64.85714285714286,79.05501107065345,322065.05,17106621,326403.75,40564.0,15.204069011270738
2019-04-23,3554.0,3608.0,3552.0,3592.0,223310,295871,3509.2,3482.0,3464.4,3331.1666666666665,48.18345508410721,44.446111185939465,3.737343898167744,61.11111111111111,62.285714285714285,93.90828352480787,311633.9,17329931,322540.5,-11490.0,-3.738275187808471
2019-04-24,3580.0,3594.0,3562.0,3570.0,198629,288339,3528.8,3491.2,3477.3,3340.0666666666666,50.86299807257183,45.72948856326594,5.133509509305888,54.97630331753555,59.285714285714285,83.59588603045582,307947.7,17131302,318390.2,-7532.0,-2.545704039936325
2019-04-25,3580.0,3678.0,3568.0,3660.0,453437,311580,3576.8,3510.0,3491.3,3350.3,59.56220698863308,48.49603224833937,11.066174740293711,65.1821862348178,64.57142857142857,114.41856077494947,308847.55,17584739,315283.45,23241.0,8.06030401714648
2019-04-26,3660.0,3674.0,3624.0,3632.0,272295,268912,3605.2,3528.6,3504.2,3359.8,63.465436686531575,51.489913135977815,11.97552355055376,60.317460317460316,64.14285714285714,104.7678125523242,304323.4,17312444,310424.3,-42668.0,-13.694075357853519
2019-04-29,3602.0,3638.0,3564.0,3578.0,305176,243516,3606.4,3543.4,3511.8,3367.0666666666666,61.49257748475384,53.49044600573303,8.002131479020811,59.84251968503937,63.42857142857143,61.992634413587325,290667.05,17007268,303740.3,-25396.0,-9.443981674302371
2019-04-30,3584.0,3610.0,3554.0,3608.0,208893,188640,3609.6,3559.4,3520.4,3375.4666666666667,61.639282355329215,55.12021327565227,6.519069079676946,62.0817843866171,65.42857142857143,54.33388349737954,282435.7,17216161,295655.6,-54876.0,-22.53486423890011
2019-05-06,3520.0,3570.0,3470.0,3540.0,125759,168218,3603.6,3566.2,3522.6,3382.5,55.62727868007869,55.221626356537556,0.40565232354113334,55.66666666666667,71.85714285714286,4.501762205754913,267412.95,17090402,286978.45,-20422.0,-10.825911789652242
2019-05-07,3566.0,3608.0,3550.0,3574.0,230648,249959,3586.4,3581.6,3524.9,3389.766666666667,52.99534100083565,54.77636928539718,-1.781028284561529,60.526315789473685,72.85714285714286,39.96803744937702,261817.3,17321050,282417.15,81741.0,48.59230284511764
2019-05-08,3560.0,3560.0,3508.0,3522.0,317957,241571,3564.4,3584.8,3525.5,3395.5333333333333,46.18119790740229,53.05733500979821,-6.876137102395916,57.14285714285714,73.0,3.9534916888299803,263501.2,17003093,278136.6,-8388.0,-3.355750343056263
2019-05-09,3514.0,3536.0,3464.0,3486.0,310664,239160,3546.0,3576.2,3523.4,3399.1,37.44440547912927,49.93474910366442,-12.49034362453515,52.87009063444109,74.57142857142857,-20.199612819830506,268131.1,16692429,273838.1,-2411.0,-0.9980502626557031
2019-05-10,3480.0,3564.0,3466.0,3512.0,316854,224352,3526.8,3568.2,3525.1,3402.9333333333334,32.24669738883949,46.39713876069944,-14.150441371859948,53.01204819277108,79.14285714285714,-6.98939055962331,267297.9,17009283,268344.25,-14808.0,-6.19167084796789
2019-05-13,3500.0,3536.0,3480.0,3528.0,292813,219656,3524.4,3564.0,3527.6,3406.8,29.08328851594797,42.934368711749144,-13.851080195801174,58.59872611464968,77.42857142857143,-8.126453174679442,272198.1,17302096,263979.9,-4696.0,-2.0931393524461606
2019-05-14,3546.0,3586.0,3370.0,3410.0,590713,248060,3491.6,3539.0,3524.5,3410.4333333333334,16.860295370338463,37.71955404346701,-20.859258673128544,44.082840236686394,86.57142857142857,-51.6914471715514,289864.5,16711383,260398.0,28404.0,12.931128673926494
2019-05-15,3426.0,3450.0,3392.0,3440.0,271883,253633,3475.2,3519.8,3524.2,3413.9666666666667,9.484898514145243,32.07262293760265,-22.58772442345741,39.42307692307692,82.14285714285714,-69.64419251476258,288312.9,16983266,258243.7,5573.0,2.2466338789002727
2019-05-16,3434.0,3494.0,3416.0,3484.0,362396,251883,3474.8,3510.4,3526.9,3419.5333333333333,7.108335182208521,27.079765386523828,-19.971430204315308,41.66666666666667,83.71428571428571,-44.09938663931549,293724.55,17345662,255888.9,-1750.0,-0.6899733078897463
2019-05-17,3496.0,3542.0,3440.0,3444.0,447599,258066,3461.2,3494.0,3526.7,3423.4,1.9744655041126862,22.0587054100416,-20.084239905928914,40.54054054054053,88.71428571428571,-38.12394369353733,304294.5,16898063,254836.5,6183.0,2.45471111587523
2019-05-20,3458.0,3522.0,3438.0,3486.0,356032,260156,3452.8,3488.6,3527.4,3428.3,1.2801292548456331,17.90299017900241,-16.622860924156775,35.92233009708738,86.85714285714286,-34.109758124532895,312277.1,17254095,253926.25,2090.0,0.8098703432455334
2019-05-21,3464.0,3516.0,3442.0,3468.0,358849,261051,3464.4,3478.0,3529.8,3432.733333333333,-0.7143521855186918,14.179521706098189,-14.893873891616881,36.513157894736835,88.57142857142857,-42.984246626522754,317079.95,16895246,252339.05,895.0,0.34402435461799996
2019-05-22,3480.0,3480.0,3406.0,3436.0,474874,258251,3463.6,3469.4,3527.1,3435.3333333333335,-4.821545881695329,10.379308188539486,-15.200854070234815,37.8839590443686,88.57142857142857,-68.05649718917215,328428.15,16420372,251911.75,-2800.0,-1.0725873488322213
2019-05-23,3424.0,3438.0,3272.0,3280.0,612774,292117,3422.8,3448.8,3512.5,3435.133333333333,-20.42893073332425,4.217660404166739,-24.64659113749099,26.966292134831463,96.42857142857143,-120.63714365401137,336577.75,15807598,251149.55,33866.0,13.113598785677505
2019-05-24,3252.0,3254.0,3128.0,3194.0,747125,299494,3372.8,3417.0,3492.6,3434.766666666667,-39.28452934091638,-4.482777544849885,-34.8017517960665,26.301369863013704,97.42857142857143,-146.19482274016593,362768.5,15060473,251330.7,7377.0,2.5253579901203915
2019-05-27,3202.0,3228.0,3102.0,3140.0,591176,284029,3303.6,3378.2,3471.1,3433.6,-57.917439596541044,-15.169709955188118,-42.747729641352926,21.066666666666663,101.57142857142857,-125.50253357160932,382395.85,14469297,251115.2,-15465.0,-5.163709456616827
2019-05-28,3142.0,3196.0,3120.0,3182.0,377079,276787,3246.4,3355.4,3447.2,3432.6,-68.5054184054029,-25.83685164523108,-42.66856676017183,27.02702702702703,102.28571428571429,-103.05230019695381,378577.95,14846376,249375.55,-7242.0,-2.549739639262183
2019-05-29,3184.0,3188.0,3146.0,3180.0,290517,273181,3195.2,3329.4,3424.6,3431.3,-76.1796990288085,-35.90542112194657,-40.27427790686193,28.328611898016987,100.14285714285714,-88.9081383766515,379489.05,14555859,249589.0,-3606.0,-1.3028068514778557
2019-05-30,3144.0,3244.0,3072.0,3212.0,597276,267317,3181.6,3302.2,3406.3,3427.5666666666666,-78.7714607818607,-44.478629053929396,-34.2928317279313,28.93258426966291,105.42857142857143,-77.40164614139495,394094.05,15153135,250779.05,-5864.0,-2.1465621694041648
2019-05-31,3194.0,3204.0,3072.0,3092.0,480819,272460,3161.2,3267.0,3380.5,3422.4666666666667,-89.47701245981489,-53.4783057351065,-35.998706724708384,23.284313725490193,111.42857142857143,-83.81443365466713,407690.35,14672316,254970.05,5143.0,1.9239330083758333
2019-06-03,3076.0,3078.0,2966.0,2978.0,570242,278950,3128.8,3216.2,3352.4,3415.8,-105.9388889885845,-63.97042238580211,-41.968466602782385,23.399014778325125,105.0,-101.17542470195573,429914.5,14102074,260506.65,6490.0,2.3820010276737857
2019-06-04,3018.0,3048.0,2968.0,2996.0,367484,274152,3091.6,3169.0,3323.5,3409.5333333333333,-116.1931923773518,-74.41497638411205,-41.778215993239755,22.25,106.57142857142857,-89.20878118239872,436756.3,14469558,261716.3,-4798.0,-1.72002150923104
2019-06-05,2994.0,3028.0,2978.0,2992.0,305954,272757,3054.0,3124.6,3297.0,3404.5333333333333,-123.22214013348139,-84.17640913398593,-39.04573099949546,17.631578947368425,104.57142857142857,-79.81999461467925,436156.15,14163604,263275.6,-1395.0,-0.5088418103825654
2019-06-06,2980.0,2996.0,2862.0,2906.0,591309,281807,2992.8,3087.2,3268.0,3398.6,-134.18530843092276,-94.1781889933733,-40.00711943754946,16.625310173697272,106.85714285714286,-87.08526640467804,450188.4,13572295,265407.95,9050.0,3.3179716744208276
2019-06-10,2982.0,3014.0,2942.0,2974.0,267839,267452,2969.2,3065.2,3241.1,3393.1666666666665,-135.82100657357978,-102.5067525094146,-33.31425406416518,19.23076923076924,108.57142857142857,-66.10939440840778,447737.65,13840134,267562.95,-14355.0,-5.093911790693628
2019-06-11,2980.0,3092.0,2950.0,3058.0,526580,259370,2985.2,3057.0,3217.6,3388.0,-128.85386401784308,-107.7761748111003,-21.077689206742775,27.171492204899764,113.42857142857143,-47.53700586730388,459426.0,14366714,269548.65,-8082.0,-3.021850649836233
2019-06-12,3068.0,3120.0,3002.0,3016.0,527320,264504,2989.2,3040.4,3197.9,3381.633333333333,-125.27728379305972,-111.27639660749219,-14.000887185567535,26.872246696035234,116.57142857142857,-40.07459128144406,456256.35,13839394,270370.85,5134.0,1.9794116513089488
2019-06-13,2986.0,3034.0,2894.0,3006.0,827436,287772,2992.0,3023.0,3176.2,3375.266666666667,-121.84517924323654,-113.39015313464107,-8.455026108595476,32.02099737532808,114.71428571428571,-52.00345303497352,484034.0,13011958,272077.8,23268.0,8.796842391797476
2019-06-14,3018.0,3032.0,2930.0,2946.0,589970,291844,3000.0,2996.4,3149.3,3367.766666666667,-122.55398417721335,-115.22291934315554,-7.331064834057813,33.15217391304347,111.14285714285714,-49.549888463401516,495412.7,12421988,274075.85,4072.0,1.4150091044298874
2019-06-17,2952.0,2990.0,2920.0,2928.0,396235,297809,2990.8,2980.0,3123.5,3360.0,-123.14858651377926,-116.80805277728028,-6.340533736498983,34.85714285714286,107.14285714285714,-51.53147336140088,492844.5,12025753,276063.0,5965.0,2.0439001658420164
2019-06-18,2920.0,2940.0,2862.0,2884.0,489244,313743,2956.0,2970.6,3093.4,3350.9333333333334,-125.72101185993506,-118.59064459381125,-7.130367266123812,28.774928774928767,107.28571428571429,-62.13413730764624,499505.1,11536509,278742.35,15934.0,5.350409154861002
2019-06-19,2902.0,3002.0,2894.0,2936.0,696583,312644,2940.0,2964.6,3066.8,3343.5,-122.15557859142518,-119.30363139333404,-2.851947198091139,33.77659574468086,112.71428571428571,-45.476487539972446,516391.8,12233092,281322.0,-1099.0,-0.35028669962358094
2019-06-20,2934.0,3038.0,2910.0,3028.0,675067,307219,2944.4,2968.2,3046.4,3338.1,-110.63103026320323,-117.56911116730788,6.938080904104652,38.66995073891625,109.57142857142857,-25.929357366678794,526401.45,12908159,283770.4,-5425.0,-1.735200419646632
2019-06-21,3030.0,3078.0,2998.0,3018.0,621077,296594,2958.8,2979.4,3033.3,3332.133333333333,-101.13879404863383,-114.28304774357308,13.144253694939252,44.729344729344724,105.28571428571429,-2.717476573374502,526816.6,12287082,283994.25,-10625.0,-3.4584449529488692
2019-06-24,3036.0,3094.0,3026.0,3086.0,432679,290735,2990.4,2990.6,3027.9,3328.3,-87.12477656942792,-108.85139350874405,21.72661693931613,58.231707317073166,101.71428571428571,22.10211711245329,511094.3,12719761,283556.3,-5859.0,-1.975427689029452
2019-06-25,3086.0,3096.0,3016.0,3044.0,382429,280690,3022.4,2989.2,3023.1,3323.8333333333335,-78.50268564903081,-102.78165193680141,24.2789662877706,53.529411764705884,101.71428571428571,16.47073230783334,500656.95,12337332,283389.35,-10045.0,-3.4550363733296674
2019-06-26,3048.0,3130.0,3034.0,3106.0,444844,285210,3056.4,2998.2,3019.3,3319.266666666667,-65.90699976383075,-95.40672150220729,29.499721738376536,57.72357723577236,105.0,44.90616470215353,504045.2,12782176,283810.5,4520.0,1.610317432042474
2019-06-27,3106.0,3174.0,3102.0,3112.0,521722,273741,3073.2,3008.8,3015.9,3314.9,-54.808875497491044,-87.28715230126404,32.478276803773,65.65349544072949,100.57142857142857,75.77783409950261,515605.45,13303898,283838.5,-11469.0,-4.021247501840753
2019-06-28,3112.0,3150.0,3096.0,3122.0,410985,259597,3094.0,3026.4,3011.4,3309.8333333333335,-44.691440525315556,-78.76800994607434,34.07656942075879,62.333333333333336,96.71428571428571,78.73207242075628,506290.9,13714883,283452.5,-14144.0,-5.16692786246854
2019-07-01,3142.0,3294.0,3114.0,3288.0,638125,266162,3134.4,3062.4,3021.2,3307.366666666667,-23.01320582602966,-67.61704912206541,44.60384329603575,66.86217008797654,99.42857142857143,131.61489528129482,514156.2,14353008,283137.6,6565.0,2.5289198257298917
2019-07-02,3282.0,3314.0,3236.0,3286.0,537846,259601,3182.8,3102.6,3036.6,3303.866666666667,-5.92611931432657,-55.278863160517645,49.352743846191075,71.02803738317756,96.57142857142857,123.87969308001149,512536.4,13815162,282170.15,-6561.0,-2.465040088367232
2019-07-03,3250.0,3288.0,3192.0,3232.0,598043,255582,3208.0,3132.2,3048.4,3298.9333333333334,3.2210409932963557,-43.57888232975485,46.7999233230512,66.47230320699708,93.42857142857143,88.35415578019446,524064.35,13217119,281241.65,-4019.0,-1.548145037962101
2019-07-04,3252.0,3274.0,3202.0,3232.0,498383,256741,3232.0,3152.6,3060.4,3294.3,10.350912562023495,-32.79292335139918,43.14383591342268,72.84345047923323,91.28571428571429,77.05811299844618,533685.8,13217119,280440.85,1159.0,0.45347481434530046
2019-07-05,3244.0,3264.0,3212.0,3248.0,333679,251234,3257.2,3175.6,3077.5,3289.633333333333,17.095388434250708,-22.815260994269206,39.91064942851992,75.64102564102564,90.0,71.12430545823553,520804.3,13550798,278912.2,-5507.0,-2.1449632119528994
2019-07-08,3240.0,3346.0,3234.0,3324.0,619742,265624,3264.4,3199.4,3095.0,3287.0666666666666,28.247380773639634,-12.602732640687439,40.85011341432707,83.53658536585365,92.42857142857143,84.15372748958237,538399.45,14170540,278820.8,14390.0,5.727727934913274
2019-07-09,3314.0,3366.0,3302.0,3318.0,441043,259861,3270.8,3226.8,3108.0,3284.4,36.1841567572219,-2.845354761105572,39.02951151832747,81.31147540983606,88.57142857142857,82.65322682109992,534122.6,13729497,278845.35,-5763.0,-2.169608167936632
2019-07-10,3334.0,3334.0,3262.0,3304.0,506063,262263,3285.2,3246.6,3122.4,3281.6,40.873264359661334,5.898369063047809,34.974895296613525,75.93984962406014,84.57142857142857,64.47835527916001,533059.75,13223434,278733.3,2402.0,0.9243403204020506
2019-07-11,3322.0,3398.0,3320.0,3376.0,626311,276823,3314.0,3273.0,3140.9,3280.4333333333334,49.82486416943948,14.683668084326143,35.141196085113336,80.13468013468014,85.57142857142857,77.2556112646525,523003.5,13849745,278185.85,14560.0,5.551679039742541
2019-07-12,3364.0,3372.0,3306.0,3348.0,360445,264454,3334.0,3295.6,3161.0,3279.0666666666666,54.03680289026943,22.554295045514802,31.482507844754625,73.64620938628158,85.14285714285714,62.70347969345233,511527.25,13489300,276816.35,-12369.0,-4.468198090476583
2019-07-15,3338.0,3352.0,3272.0,3342.0,409042,265232,3337.6,3301.0,3181.7,3277.3,56.242318379349854,29.291899712281815,26.95041866706804,78.76447876447877,85.14285714285714,51.08278256182062,512167.6,13080258,275187.5,778.0,0.2941910502393563
2019-07-16,3354.0,3416.0,3322.0,3344.0,506611,268302,3342.8,3306.8,3204.7,3275.1666666666665,57.48889241347979,34.93129825252141,22.55759416095838,75.98253275109171,85.0,60.898656520949395,513035.95,13586869,272915.45,3070.0,1.1574772274838718
2019-07-17,3352.0,3400.0,3290.0,3306.0,583581,284901,3343.2,3314.2,3223.2,3273.266666666667,54.77906987710321,38.900852577437774,15.878217299665437,69.79591836734693,87.71428571428571,46.799089241380784,507385.85,13003288,271528.3,16599.0,6.186685153297411
2019-07-18,3318.0,3338.0,3244.0,3276.0,543234,289290,3323.2,3318.6,3235.6,3269.7,49.638564244590725,41.04839491086837,8.590169333722358,65.09803921568627,90.57142857142857,24.143276835880656,500794.2,12460054,270631.85,4389.0,1.5405351332568262
2019-07-19,3300.0,3316.0,3240.0,3290.0,435675,288690,3311.6,3322.8,3249.2,3265.0,46.16223003969162,42.07116193663302,4.091068103058603,50.27932960893855,83.14285714285714,18.364132169661527,491524.1,12895729,270236.65,-600.0,-0.20740433475059383
2019-07-22,3280.0,3378.0,3268.0,3352.0,500622,299447,3313.6,3325.6,3262.5,3261.0,47.85841002115649,43.22861155353772,4.62979846761877,57.89473684210526,85.42857142857143,40.13264182249731,494921.25,13396351,270672.25,10757.0,3.7261422286882118
2019-07-23,3342.0,3378.0,3326.0,3348.0,373538,300199,3314.4,3328.6,3277.7,3257.3,48.322842655965815,44.24745777402334,4.075384881942476,65.76086956521739,82.28571428571429,47.898403068146024,494476.7,13022813,271647.7,752.0,0.2511295821965076
2019-07-24,3334.0,3394.0,3312.0,3386.0,466652,318650,3330.4,3336.8,3291.7,3252.733333333333,51.167365744138806,45.631439368046436,5.53592637609237,68.9655172413793,83.0,54.579551036734046,495567.1,13489465,273319.7,18451.0,6.146256316643295
2019-07-25,3388.0,3400.0,3324.0,3340.0,410502,313422,3343.2,3333.2,3303.1,3247.866666666667,49.143361146620464,46.33382372376124,2.809537422859222,60.55045871559633,84.71428571428571,45.92239840390976,490006.1,13078963,275303.75,-5228.0,-1.640671583241804
2019-07-26,3360.0,3396.0,3322.0,3386.0,410977,320896,3362.4,3337.0,3316.3,3244.6666666666665,50.667079924671725,47.20047496394334,3.4666049607283824,57.63546798029556,82.0,60.85723823889351,490005.7,13489940,278368.7,7474.0,2.38464434532355
2019-07-29,3400.0,3410.0,3350.0,3372.0,367491,325051,3366.4,3340.0,3320.5,3240.733333333333,50.16666495106938,47.793712961368556,2.372951989700823,56.52173913043478,81.71428571428571,65.27939700873908,476474.0,13122449,281313.15,4155.0,1.2948120263262863
2019-07-30,3370.0,3386.0,3330.0,3346.0,415312,325650,3366.0,3340.2,3323.5,3237.5,47.12882797800694,47.66073596469624,-0.5319079866892977,54.929577464788736,80.57142857142857,35.70777202452947,470347.3,12707137,284615.6,599.0,0.18427877471536291
2019-07-31,3342.0,3428.0,3332.0,3378.0,624353,328812,3364.4,3347.4,3330.8,3234.233333333333,46.76438216745328,47.481465205247645,-0.7170830377943673,50.25906735751296,80.71428571428571,59.75332323226359,471662.8,13331490,288277.1,3162.0,0.970981114693692
2019-08-01,3380.0,3384.0,3292.0,3312.0,507310,348165,3358.8,3351.0,3334.8,3230.733333333333,40.68096300342995,46.121364764884106,-5.440401761454154,45.75471698113208,82.28571428571429,-5.809880664254094,472109.15,12824180,292848.3,19353.0,5.885734097295714
2019-08-02,3308.0,3324.0,3140.0,3178.0,588360,333393,3317.2,3339.8,3331.3,3225.6,24.761692000239236,41.84943021195514,-17.0877382117159,35.144927536231876,89.71428571428571,-147.28929489384802,484843.2,12235820,296956.25,-14772.0,-4.2428159062513515
2019-08-05,3190.0,3216.0,3068.0,3114.0,525125,311875,3265.6,3316.0,3320.8,3218.9666666666667,6.901731049018963,34.859890379367904,-27.95815933034894,31.270358306188925,93.57142857142857,-159.68941872851966,480112.35,11710695,299268.8,-21518.0,-6.454244690200451
2019-08-06,3114.0,3130.0,3074.0,3104.0,383782,305232,3217.2,3291.6,3310.1,3211.9,-7.967488853493705,26.294414532795585,-34.26190338628929,32.764505119453915,89.71428571428571,-135.2303140904685,477249.3,11326913,301537.35,-6643.0,-2.1300200400801605
2019-08-07,3096.0,3144.0,3088.0,3116.0,373572,308531,3164.8,3264.6,3300.7,3207.0,-18.569100015251024,17.321711623186264,-35.890811638437285,35.91549295774648,87.0,-105.00172015155503,470624.75,11700485,303850.75,3299.0,1.0808172144467054
2019-08-08,3084.0,3106.0,3004.0,3078.0,589345,312032,3118.0,3238.4,3285.8,3200.9666666666667,-29.694930982266214,7.918383102095769,-37.61331408436198,32.0945945945946,89.57142857142857,-109.72277613217462,468776.45,11111140,305611.2,3501.0,1.134732004239436
2019-08-09,3068.0,3116.0,3026.0,3098.0,446679,313294,3102.0,3209.6,3273.3,3194.5333333333333,-36.47790474864769,-0.9608744680529222,-35.51703028059477,26.909090909090907,88.14285714285714,-87.21144434131332,473088.15,11557819,308053.2,1262.0,0.4044456978771427
2019-08-12,3106.0,3184.0,3106.0,3146.0,529917,310733,3108.4,3187.0,3263.5,3189.5666666666666,-37.54743798728168,-8.278187171898674,-29.26925081538301,32.996632996633,90.57142857142857,-52.620321466168164,479131.9,12087736,310328.25,-2561.0,-0.8174430407221323
2019-08-13,3152.0,3188.0,3112.0,3134.0,354282,315286,3114.4,3165.8,3253.0,3183.7,-38.91476530544469,-14.405502798607877,-24.509262506836812,27.816901408450704,90.14285714285714,-47.87425547895512,471515.45,11733454,312677.45,4553.0,1.4652450817904672
2019-08-14,3132.0,3228.0,3120.0,3164.0,453889,316225,3124.0,3144.4,3245.9,3178.633333333333,-37.149397645253885,-18.95428176793708,-18.195115877316805,34.05797101449275,92.42857142857143,-33.14523103909359,465030.85,12187343,314243.65,939.0,0.2978248320572474
2019-08-15,3130.0,3136.0,3040.0,3072.0,496677,325300,3122.8,3120.4,3235.7,3172.5666666666666,-42.68195121467443,-23.69981565728455,-18.982135557389878,23.745819397993316,96.0,-63.89940572635765,462703.0,11690666,316044.15,9075.0,2.8697920784251707
2019-08-16,3068.0,3104.0,3044.0,3084.0,345277,319561,3120.0,3111.0,3225.4,3169.3,-45.57290399738622,-28.07443332530488,-17.49847067208134,25.83892617449665,96.0,-59.614007250399084,458183.1,12035943,317587.7,-5739.0,-1.7642176452505431
2019-08-19,3084.0,3164.0,3062.0,3144.0,394475,314032,3119.6,3114.0,3215.0,3168.4666666666667,-42.532221374184246,-30.965990935080754,-11.566230439103492,33.968253968253975,99.28571428571429,-37.277353442883715,452875.75,12430418,318316.95,-5529.0,-1.7301860990546425
2019-08-20,3144.0,3166.0,3128.0,3152.0,243383,317614,3123.2,3118.8,3205.2,3168.6666666666665,-39.02704585601532,-32.57820191926767,-6.44884393674765,31.353135313531354,95.14285714285714,-23.72132316641216,446368.0,12673801,319187.7,3582.0,1.1406480868191737
2019-08-21,3156.0,3260.0,3070.0,3244.0,773766,367854,3139.2,3131.6,3198.1,3169.7,-28.497041722338963,-31.76196987988193,3.2649281575429683,44.62025316455696,102.14285714285714,-2.762607718424618,461723.7,13447567,321647.9,50240.0,15.817942534019291
2019-08-22,3252.0,3272.0,3182.0,3206.0,587045,348834,3166.0,3144.4,3191.4,3170.133333333333,-22.953624902821502,-30.000300884469848,7.046675981648345,52.611940298507456,95.42857142857143,13.182174960996603,470550.85,12860522,323418.5,-19020.0,-5.17052961229183
2019-08-23,3228.0,3250.0,3188.0,3198.0,446257,343705,3188.8,3154.4,3182.0,3169.9,-18.9870889342219,-27.79765849442026,8.81056956019836,58.75,89.28571428571429,14.113836461997742,472314.85,12414265,324558.95,-5129.0,-1.470326860340454
2019-08-26,3150.0,3188.0,3100.0,3152.0,564104,333052,3190.4,3155.0,3171.0,3170.9,-19.332542646182446,-26.1046353247727,6.772092678590255,54.651162790697676,92.28571428571429,-13.674249598315267,482145.5,11850161,324959.0,-10653.0,-3.0994602929838133
2019-08-27,3190.0,3198.0,3080.0,3106.0,476853,340011,3181.2,3152.2,3159.0,3173.0333333333333,-23.052399057021375,-25.49418807122244,2.4417890142010634,49.090909090909086,96.71428571428571,-19.961987689767813,485222.55,11373308,325677.05,6959.0,2.0894635072000733
2019-08-28,3118.0,3164.0,3086.0,3146.0,344387,340565,3161.6,3150.4,3147.4,3175.5333333333333,-22.513227879678197,-24.89799603291359,2.3847681532353917,56.15942028985507,94.28571428571429,-12.760713895363782,471224.25,11717695,326264.7,554.0,0.16293590501483823
2019-08-29,3152.0,3156.0,3026.0,3040.0,552240,372012,3128.4,3147.2,3133.8,3176.3333333333335,-30.290079773445086,-25.976412781019892,-4.313666992425194,45.45454545454546,97.14285714285714,-63.61426690455675,473470.75,11165455,327457.05,31447.0,9.233773288505876
2019-08-30,3050.0,3106.0,3030.0,3090.0,380904,351331,3106.8,3147.8,3129.4,3179.4,-32.049264821000634,-27.19098318901604,-4.8582816319845925,45.625,96.42857142857143,-57.408975090095566,463097.95,11546359,328353.95,-20681.0,-5.559229272174015
2019-09-02,3096.0,3128.0,3042.0,3090.0,467312,337058,3094.4,3142.4,3128.2,3181.3333333333335,-33.06230991727898,-28.36524853466863,-4.69706138261035,46.496815286624205,97.14285714285714,-41.80873440997711,460207.3,11546359,329613.1,-14273.0,-4.062550700052093
2019-09-03,3080.0,3096.0,3022.0,3042.0,473008,361675,3081.6,3131.4,3125.1,3181.0666666666666,-37.30828758624648,-30.153856344984202,-7.154431241262277,40.55727554179567,94.71428571428571,-70.83204035820543,464668.6,11073351,332435.25,24617.0,7.303490793869294
2019-09-04,3018.0,3058.0,2960.0,3054.0,557530,358507,3063.2,3112.4,3122.0,3181.7,-39.25247763929792,-31.973580603846948,-7.278897035450974,48.40989399293286,92.85714285714286,-87.3674842879599,473866.5,11630881,334934.05,-3168.0,-0.875924517868254
2019-09-05,3076.0,3154.0,3068.0,3098.0,557766,331534,3074.8,3101.6,3123.0,3183.233333333333,-36.81841027186738,-32.94254653745104,-3.875863734416342,51.17056856187291,95.71428571428571,-13.69926276090556,472287.55,12188647,335909.15,-26973.0,-7.523702466060634
2019-09-06,3116.0,3132.0,3078.0,3102.0,350847,336231,3077.2,3092.0,3123.2,3185.8333333333335,-34.17270609200705,-33.18857844836224,-0.9841276436448041,46.125461254612546,92.28571428571429,-17.59952930228485,467495.95,12539494,337056.0,4697.0,1.416747603564028
2019-09-09,3076.0,3156.0,3068.0,3146.0,392115,326840,3088.4,3091.4,3123.2,3189.4666666666667,-28.200456878817477,-32.19095413445329,3.990497255635816,49.48096885813148,95.85714285714286,2.0268323194251967,460605.85,12931609,337861.35,-9391.0,-2.7930202747515898
2019-09-10,3144.0,3170.0,3122.0,3134.0,311592,322105,3106.8,3094.2,3123.2,3193.633333333333,-24.157236476702565,-30.58421060290315,6.426974126200584,38.955823293172685,85.71428571428571,20.195232032817994,458471.35,12620017,338202.3,-4735.0,-1.4487210867702882
2019-09-11,3144.0,3164.0,3086.0,3092.0,350935,331525,3114.4,3088.8,3119.6,3196.233333333333,-24.06460241263312,-29.280288964849145,5.215686552216024,38.64541832669323,84.85714285714286,-4.230915794121713,453323.65,12269082,338967.3,9420.0,2.924512193228912
2019-09-12,3100.0,3104.0,3026.0,3046.0,382072,329451,3104.0,3089.4,3118.3,3196.5333333333333,-27.387301052890052,-28.90169138245733,1.5143903295672771,35.925925925925924,86.0,-56.60397847608601,447593.4,11887010,339174.85,-2074.0,-0.6255938466179001
2019-09-16,3276.0,3276.0,3180.0,3220.0,467254,278061,3127.6,3102.4,3125.1,3199.9,-15.798107098073615,-26.28097452558059,10.482867427506974,55.08982035928143,95.42857142857143,90.03998180610975,453692.25,12354264,337099.85,-51390.0,-15.598677800340566
2019-09-17,3250.0,3342.0,3218.0,3304.0,637501,292202,3159.2,3123.8,3133.1,3203.5333333333333,0.16263582490910267,-20.99225245548265,21.154888280391752,64.02266288951841,95.85714285714286,116.09648563857392,465843.55,12991765,336008.35,14141.0,5.085574747986943
2019-09-18,3294.0,3306.0,3154.0,3178.0,573797,271397,3168.0,3137.4,3134.4,3205.766666666667,2.614355940353107,-16.2709307763155,18.885286716668606,52.02020202020203,101.14285714285714,55.48348305665921,482364.25,12417968,333697.5,-20805.0,-7.120074469031701
2019-09-19,3166.0,3186.0,3132.0,3142.0,305406,268378,3178.0,3146.2,3129.3,3206.366666666667,1.6336311767786356,-12.690018385696673,14.323649562475309,57.063711911357345,95.71428571428571,14.196810535133405,458946.25,12112562,328723.7,-3019.0,-1.1123925467120155
2019-09-20,3176.0,3226.0,3154.0,3182.0,418420,275905,3205.2,3154.6,3128.1,3207.5333333333333,4.037523385638906,-9.344510031429557,13.382033417068463,56.46067415730337,96.28571428571429,41.46124383764942,450515.0,12530982,325077.25,7527.0,2.8046263106513925
2019-09-23,3180.0,3206.0,3164.0,3198.0,320447,269237,3200.8,3164.2,3128.1,3208.8,7.151256331206696,-6.045356758902307,13.196613090109004,57.41758241758242,93.14285714285714,44.66785595550352,444224.5,12851429,321353.85,-6668.0,-2.4167738895634394
2019-09-24,3184.0,3228.0,3176.0,3200.0,367409,272355,3180.0,3169.6,3130.5,3207.3333333333335,9.668839051167652,-2.9025175968883152,12.571356648055968,61.583577712609966,91.57142857142857,50.392436705177744,434389.75,13218838,318319.0,3118.0,1.1580874842610722
2019-09-25,3198.0,3222.0,3158.0,3210.0,416761,278689,3186.4,3177.2,3135.7,3206.0666666666666,12.32883874286108,0.1437536710615639,12.185085071799516,61.470588235294116,89.14285714285714,43.40751028175412,431385.15,13635599,315252.9,6334.0,2.325641166859427
2019-09-26,3198.0,3266.0,3174.0,3212.0,556568,279494,3200.4,3189.2,3139.0,3205.733333333333,14.43192865808669,3.001388668466589,11.430539989620101,58.93416927899687,88.57142857142857,53.63290965108278,441994.2,14192167,312199.35,805.0,0.2888524484281785
2019-09-27,3202.0,3222.0,3150.0,3162.0,382933,255487,3196.4,3200.8,3145.1,3204.5666666666666,11.92657826508048,4.786426587789368,7.1401516772911116,54.385964912280706,89.85714285714286,22.52469919699082,433528.85,13809234,306373.1,-24007.0,-8.589450936334952
2019-09-30,3144.0,3188.0,3098.0,3178.0,314396,225129,3192.4,3196.6,3149.5,3203.4,11.104134757567863,6.0499682217450665,5.054166535822796,52.4390243902439,90.0,2.8592888591806265,430203.45,14123630,300063.0,-30358.0,-11.882404975595628
2019-10-08,3110.0,3176.0,3110.0,3160.0,158204,233386,3184.4,3182.2,3153.0,3200.6666666666665,8.89732990401717,6.6194405581994875,2.277889345817682,51.96374622356495,91.42857142857143,-4.031365672293503,414748.05,13965426,294879.4,8257.0,3.667674977457369
2019-10-09,3132.0,3200.0,3130.0,3150.0,270854,236962,3172.4,3179.4,3158.4,3197.866666666667,6.269236871702105,6.549399820900011,-0.28016294919790585,54.60317460317461,90.85714285714286,0.602292350257591,404640.35,13694572,288643.75,3576.0,1.5322255833683185
2019-10-10,3164.0,3168.0,3064.0,3068.0,397541,268890,3143.6,3172.0,3159.1,3193.9333333333334,-2.402565211983074,4.759006814323395,-7.161572026306469,51.65165165165165,92.71428571428571,-58.426519345954404,396640.9,13297031,284162.9,31928.0,13.47389032840709
2019-10-11,3074.0,3092.0,3032.0,3082.0,362132,262593,3127.6,3162.0,3158.3,3189.0333333333333,-8.052523366300193,2.1967007781986774,-10.24922414449887,36.36363636363636,80.57142857142857,-81.62337026042161,386859.2,13659163,280715.85,-6297.0,-2.341849827066833
2019-10-14,3068.0,3084.0,3008.0,3030.0,330441,277658,3098.0,3145.2,3154.7,3183.733333333333,-16.53551025795832,-1.5497414290327227,-14.985768828925599,21.097046413502113,77.14285714285714,-95.26612408830962,385838.9,13328722,277787.2,15065.0,5.737015076563345
2019-10-15,3018.0,3022.0,2930.0,2960.0,418735,283717,3058.0,3121.2,3145.4,3177.366666666667,-28.577331779822543,-6.955259499190687,-21.622072280631855,23.923444976076553,73.42857142857143,-120.99122915999698,387169.9,12909987,275631.05,6059.0,2.1821809564284145
2019-10-16,2962.0,2980.0,2920.0,2946.0,319194,277261,3017.2,3094.8,3136.0,3170.733333333333,-38.802948849318454,-13.324797369216242,-25.478151480102213,25.25252525252526,73.85714285714286,-110.47394154883426,387550.0,12590793,273388.85,-6456.0,-2.2755069312025755
2019-10-17,2946.0,2968.0,2922.0,2940.0,269648,272342,2991.6,3067.6,3128.4,3164.633333333333,-46.85090582571274,-20.030019060515542,-26.8208867651972,16.574585635359114,71.14285714285714,-96.92068932291741,383485.65,12321145,270429.7,-4919.0,-1.7741406111930647
2019-10-18,2940.0,2964.0,2888.0,2938.0,419804,272045,2962.8,3045.2,3123.0,3159.0,-52.78191592601297,-26.58039843361503,-26.20151749239794,12.643678160919535,73.57142857142857,-92.01153767546033,385372.25,11901341,267559.4,-297.0,-0.10905405703123261
2019-10-21,2956.0,3006.0,2934.0,2966.0,386268,253715,2950.0,3024.0,3110.3,3153.6,-54.59359716213385,-32.1830381793188,-22.410558982815047,18.71657754010694,75.0,-66.06448163946592,381322.95,12287609,266342.1,-18330.0,-6.737855869433362
2019-10-22,2954.0,2984.0,2936.0,2962.0,266006,250846,2950.4,3004.2,3093.2,3147.1,-55.70994460169186,-36.88841946379341,-18.821525137898448,16.304347826086953,73.85714285714286,-64.07603232479948,362748.2,12021603,264274.3,-2869.0,-1.1307963660012188
2019-10-23,2974.0,2984.0,2938.0,2976.0,288349,251477,2956.4,2986.8,3083.1,3140.9,-54.832895506169734,-40.477314672268676,-14.355580833901058,18.94736842105263,70.57142857142857,-55.67784973921222,348475.8,12309952,263278.3,631.0,0.25154875899955353
2019-10-24,2964.0,3018.0,2962.0,2990.0,359958,248223,2966.4,2979.0,3075.5,3134.3,-52.4040633600348,-42.8626644098219,-9.541398950212894,25.000000000000014,69.42857142857143,-40.267036060413304,351203.4,12669910,262270.55,-3254.0,-1.2939553120166036
2019-10-25,2998.0,3004.0,2958.0,2978.0,264820,242569,2974.4,2968.6,3065.3,3128.266666666667,-50.86119984542711,-44.46237149694295,-6.398828348484159,20.588235294117652,66.28571428571429,-40.59601560622238,343523.4,12405090,260603.75,-5654.0,-2.2777905351236583
2019-10-28,2974.0,2994.0,2962.0,2970.0,233984,232617,2975.2,2962.6,3053.9,3121.3333333333335,-49.71096546964691,-45.512090291483744,-4.1988751781631635,21.212121212121204,63.714285714285715,-38.606673902798185,339200.25,12171106,258772.75,-9952.0,-4.102750145319478
2019-10-29,2976.0,2992.0,2914.0,2988.0,457542,232315,2980.4,2965.4,3043.3,3114.9333333333334,-46.807380526006,-45.771148338388194,-1.0362321876178058,26.03550295857987,64.28571428571429,-39.65010143979984,343706.9,12628648,256770.75,-302.0,-0.12982714075067125
2019-10-30,2976.0,2988.0,2942.0,2958.0,277059,214811,2976.8,2966.6,3030.7,3108.4666666666667,-46.39223698866863,-45.89536606844428,-0.496870920224346,30.769230769230774,60.142857142857146,-36.76381423383098,336721.8,12351589,253576.85,-17504.0,-7.534597421604284
2019-10-31,2958.0,2982.0,2908.0,2972.0,328301,219116,2973.2,2969.8,3018.7,3101.7,-44.421486502280004,-45.600590155211435,1.1791036529314312,30.769230769230774,61.142857142857146,-38.2401018790935,325308.45,12679890,250557.95,4305.0,2.0040873139643756
2019-11-01,2960.0,3008.0,2950.0,2974.0,287528,206432,2972.4,2973.4,3009.3,3096.0666666666666,-42.2116792949696,-44.92280798316307,2.711128688193469,38.13559322033898,59.857142857142854,-20.463204053609807,320538.2,12967418,248105.2,-12684.0,-5.788714653425586
2019-11-04,2984.0,2988.0,2936.0,2944.0,260010,206256,2967.2,2971.2,2997.6,3092.1666666666665,-42.392466476763275,-44.416739681883115,2.02427320511984,45.91836734693878,56.42857142857143,-31.14464607337335,317818.9,12707408,247161.55,-176.0,-0.08525809951945851
2019-11-05,2958.0,2978.0,2946.0,2974.0,215191,189371,2964.4,2972.4,2988.3,3089.8333333333335,-39.65784143142491,-43.46496003179148,3.8071186003665645,56.60377358490566,54.57142857142857,-19.898290010134264,320668.25,12922599,244960.8,-16885.0,-8.186428516018928
2019-11-06,2980.0,2984.0,2942.0,2966.0,202864,183784,2966.0,2971.4,2979.1,3087.5333333333333,-37.70156435679928,-42.31228089679304,4.61071653999376,56.07476635514018,54.285714285714285,-18.185937198138728,317268.75,12719735,242301.9,-5587.0,-2.9502933395292863
2019-11-07,2972.0,3028.0,2934.0,2984.0,360831,183787,2968.4,2970.8,2974.9,3085.3333333333335,-34.30332375010585,-40.71048946745561,6.407165717349763,60.0,55.57142857142857,13.610180775735662,315433.25,13080566,238046.75,3.0,0.0016323510207527647
2019-11-08,2990.0,2994.0,2962.0,2974.0,195248,172932,2968.4,2970.4,2969.5,3083.6,-32.047684257680885,-38.977928425500664,6.9302441678197795,51.886792452830186,52.714285714285715,17.72675869236265,307089.05,12885318,233563.7,-10855.0,-5.906293698683807
2019-11-11,2974.0,2986.0,2872.0,2874.0,466200,181964,2954.4,2960.8,2961.7,3079.866666666667,-37.89243754130575,-38.760830248661684,0.8683927073559303,35.71428571428572,57.42857142857143,-138.86980590975546,313877.0,12419118,228779.0,9032.0,5.22286216547545
2019-11-12,2876.0,2906.0,2844.0,2892.0,310097,172696,2938.0,2951.2,2958.3,3075.633333333333,-40.603940113476256,-39.129452221624604,-1.474487891851652,36.53846153846153,58.57142857142857,-148.80641887596505,308445.1,12729215,223227.95,-9268.0,-5.093315161240685
2019-11-13,2894.0,2914.0,2872.0,2896.0,208584,160763,2924.0,2945.0,2955.8,3071.6666666666665,-41.94652543225993,-39.692866863751675,-2.253658568508257,34.437086092715234,57.57142857142857,-103.3204529253096,302914.6,12937799,217403.05,-11933.0,-6.909829990271921
2019-11-14,2892.0,2928.0,2878.0,2908.0,227384,157075,2908.8,2938.6,2954.2,3067.4,-41.56312047766278,-40.0669175865339,-1.4962028911288812,38.41059602649006,57.857142857142854,-76.81416097863222,300801.4,13165183,211639.7,-3688.0,-2.2940602004192456
2019-11-15,2910.0,2918.0,2850.0,2864.0,222046,150177,2886.8,2927.6,2950.5,3063.9333333333334,-44.29904969582549,-40.913344008392215,-3.3857056874332727,34.319526627218934,60.42857142857143,-102.93857181216362,290913.5,12943137,205546.3,-6898.0,-4.391532707305423
2019-11-18,2860.0,2894.0,2798.0,2888.0,318818,145201,2889.6,2922.0,2946.6,3060.6666666666665,-44.02322159386404,-41.535319525486585,-2.4879020683774513,35.46511627906976,61.714285714285715,-104.83299087016691,287541.0,13261955,200120.6,-4976.0,-3.3134234936108675
2019-11-19,2884.0,2890.0,2860.0,2884.0,150955,135935,2888.0,2913.0,2942.7,3056.3333333333335,-43.62451613969051,-41.95315884832738,-1.6713572913631367,38.36477987421383,60.57142857142857,-73.1327493270404,281788.45,13111000,194375.05,-9266.0,-6.381498750008607
2019-11-20,2876.0,2954.0,2876.0,2906.0,241607,129792,2890.0,2907.0,2939.2,3052.233333333333,-41.06000883354636,-41.77452884537117,0.7145200118248098,39.87730061349694,60.857142857142854,-30.499665402694664,279451.35,13352607,188290.8,-6143.0,-4.5190716151101595
2019-11-21,2916.0,2980.0,2908.0,2966.0,245558,124403,2901.6,2905.2,2938.0,3047.6,-33.79653434772308,-40.17892994584155,6.382395598118471,48.958333333333336,62.0,18.026894213731264,273731.35,13598165,182099.8,-5389.0,-4.152027859960549
2019-11-22,2974.0,3036.0,2962.0,3016.0,227412,118111,2932.0,2909.4,2939.9,3044.4333333333334,-23.732028305010772,-36.8895496176754,13.157521312664628,58.910891089108915,63.57142857142857,77.60836105131371,271860.95,13825577,175876.9,-6292.0,-5.057755841900924
2019-11-25,3022.0,3064.0,3008.0,3038.0,171134,108604,2962.0,2925.8,2943.3,3041.766666666667,-13.821295327899406,-32.2758987597202,18.454603431820793,58.080808080808076,65.14285714285714,100.1159420682039,268718.45,13996711,169676.25,-9507.0,-8.049207948455262
2019-11-26,3034.0,3060.0,3020.0,3046.0,162208,100998,2994.4,2941.2,2946.2,3040.0,-5.260791766596867,-26.872877361095536,21.61208559449867,60.101010101010104,65.0,92.21173519206316,253951.75,14158919,163110.4,-7606.0,-7.0034252882030135
2019-11-27,3050.0,3100.0,3024.0,3036.0,226941,83849,3020.4,2955.2,2950.1,3038.8333333333335,0.7083867132455453,-21.35662454622732,22.065011259472865,56.70103092783505,63.714285714285715,89.71000148289102,251445.85,13931978,156562.3,-17149.0,-16.979544149389092
2019-11-28,3036.0,3038.0,2968.0,2976.0,127239,59872,3022.4,2962.0,2950.3,3036.0,0.5906959300650669,-16.96716045096884,17.557856381033908,50.2283105022831,66.42857142857143,36.40032217566958,241392.75,13804739,148600.1,-23977.0,-28.595451347064373
2019-11-29,2978.0,3060.0,2974.0,3060.0,93154,34883,3031.2,2981.6,2954.6,3036.3333333333335,7.192611174808917,-12.135206125813289,19.327817300622208,72.03791469194313,64.42857142857143,63.13942947253971,231674.05,13897893,140022.65,-24989.0,-41.7373730625334
2019-12-02,2972.0,2978.0,2918.0,2934.0,256938,166683,3010.4,2986.2,2954.1,3033.733333333333,2.2318027634278224,-9.261804347965066,11.493607111392889,53.9622641509434,70.14285714285714,-7.971893224970432,231520.45,13640955,138044.0,131800.0,377.83447524582175
2019-12-03,2944.0,2950.0,2920.0,2934.0,153058,167172,2988.0,2991.2,2952.1,3031.133333333333,-1.6803041430780468,-7.745504306987663,6.0652001639096165,53.61216730038022,69.28571428571429,-13.735362953868888,228413.8,13640955,136934.05,489.0,0.2933712496175467
2019-12-04,2920.0,2946.0,2886.0,2906.0,294474,166937,2962.0,2991.2,2949.1,3028.866666666667,-6.959814635148177,-7.588366372619767,0.6285517374715894,49.81549815498155,70.0,-29.28094753736205,232994.3,13346481,136091.7,-235.0,-0.1405737802981366
2019-12-05,2920.0,2944.0,2892.0,2898.0,272727,184703,2946.4,2984.4,2944.8,3026.266666666667,-11.655045765571685,-8.40170225121015,-3.2533435143615357,53.359683794466406,68.85714285714286,-27.492923632990607,228589.1,13073754,136137.5,17766.0,10.642338127557105
2019-12-06,2906.0,2914.0,2866.0,2904.0,335486,186228,2915.2,2973.2,2941.3,3023.0333333333333,-14.722192141082814,-9.665800229184683,-5.056391911898132,51.639344262295076,65.42857142857143,-37.29253353951474,235601.0,13409240,136802.3,1525.0,0.8256498270196033
2019-12-09,2906.0,3006.0,2900.0,2990.0,462711,212859,2926.4,2968.4,2947.1,3021.1666666666665,-10.097053920857888,-9.752050967519324,-0.34500295333856457,59.29824561403509,70.85714285714286,17.01520194318423,235426.55,13871951,138347.05,26631.0,14.300212642567178
2019-12-10,2984.0,3074.0,2974.0,3040.0,449059,227901,2947.6,2967.8,2954.5,3019.4,-2.3696999999315267,-8.275580774001766,5.905880774070239,61.20401337792642,72.42857142857143,61.463506594782054,242374.65,14321010,141107.3,15042.0,7.066649754062548
2019-12-11,3030.0,3050.0,3006.0,3024.0,261336,228979,2971.2,2966.6,2960.9,3017.5666666666666,2.435146519312184,-6.133435315338976,8.568581834651159,55.234657039711195,70.28571428571429,53.60635752524027,245012.25,14059674,144518.1,1078.0,0.47301240450896564
2019-12-12,3028.0,3056.0,2992.0,3050.0,328654,241503,3001.6,2974.0,2968.0,3016.866666666667,8.245950527046716,-3.2575581468618378,11.503508673908554,53.20754716981131,69.57142857142857,52.66265977208256,250075.75,14388328,148739.5,12524.0,5.469497202800255
2019-12-13,3052.0,3062.0,3012.0,3040.0,239932,232737,3028.8,2972.0,2976.8,3016.766666666667,11.906883005732197,-0.2246699163430308,12.131552922075228,50.19305019305019,69.14285714285714,51.729898098368736,250970.05,14148396,152867.5,-8766.0,-3.629768574303427
2019-12-16,3046.0,3116.0,3034.0,3094.0,523746,254710,3049.6,2988.0,2987.1,3014.6666666666665,18.947136280990435,3.6096913231236623,15.337444957866772,54.255319148936174,72.14285714285714,78.99064865701092,261216.45,14672142,158342.95,21973.0,9.441128827818535
2019-12-17,3096.0,3106.0,3072.0,3088.0,193915,258908,3059.2,3003.4,2997.3,3011.0666666666666,23.768449972078997,7.64144305291473,16.127006919164266,54.642857142857146,69.14285714285714,77.67489306427363,263364.45,14478227,164491.6,4198.0,1.648148875191402
2019-12-18,3098.0,3118.0,3066.0,3078.0,200453,258982,3070.0,3020.6,3005.9,3009.4,26.477246169118644,11.408603676155513,15.06864249296313,60.0,67.85714285714286,69.1834128318374,261306.75,14277774,170951.1,74.0,0.028581581102171683
2019-12-19,3084.0,3122.0,3054.0,3112.0,323933,280565,3082.4,3042.0,3013.2,3008.9,31.010038105042895,15.32889056193299,15.681147543109905,55.65217391304348,66.57142857142857,68.0192236011392,265225.5,14601707,178759.2,21583.0,8.333783815091401
2019-12-20,3110.0,3150.0,3092.0,3110.0,299070,280037,3096.4,3062.6,3017.9,3007.7,34.04843591119425,19.072799631785244,14.975636279409002,76.19047619047619,60.57142857142857,75.26210523505137,268808.4,14302637,186855.5,-528.0,-0.18819168463636293
2019-12-23,3106.0,3122.0,3072.0,3084.0,205224,272430,3094.4,3072.0,3020.2,3005.8,33.96685657514581,22.051611020457358,11.915245554688454,70.7182320441989,62.0,53.2818099538268,270512.9,14097413,195046.8,-7607.0,-2.7164267578927093
2019-12-24,3088.0,3114.0,3076.0,3100.0,208971,274184,3096.8,3078.0,3022.9,3004.133333333333,34.79220773265615,24.599730362897116,10.192477369759036,77.71428571428572,60.42857142857143,52.66671023259142,272851.05,14306384,203706.1,1754.0,0.6438351136071718
2019-12-25,3102.0,3130.0,3100.0,3120.0,219445,280222,3105.2,3087.6,3027.1,3002.633333333333,36.63779957705674,27.007344205729044,9.630455371327695,80.66298342541437,58.857142857142854,61.98064499786428,272476.25,14525829,213524.75,6038.0,2.2021708050068645
2019-12-26,3120.0,3128.0,3100.0,3108.0,121689,273335,3104.4,3093.4,3033.7,3000.9,36.70898635455478,28.947672635494193,7.761313719060588,77.71739130434783,57.42857142857143,53.36266989755413,272198.75,14404140,224197.9,-6887.0,-2.4576942566964743
2019-12-27,3108.0,3202.0,3104.0,3194.0,389870,297475,3121.2,3108.8,3040.4,3001.4333333333334,43.20682230439479,31.799502569274317,11.407319735120474,77.71739130434783,56.857142857142854,78.67665125440382,287034.55,14794010,237327.5,24140.0,8.831653465527655
2019-12-30,3192.0,3210.0,3170.0,3184.0,205358,280836,3141.2,3117.8,3052.9,3001.5333333333333,47.0076131790056,34.84112469122058,12.166488487785024,71.95121951219512,52.57142857142857,80.83996129913974,284455.55,14588652,243035.15,-16639.0,-5.593411211026133
2019-12-31,3194.0,3254.0,3154.0,3188.0,412346,260168,3158.8,3127.8,3065.6,3002.0,49.768829810920124,37.82666571516049,11.942164095759637,75.94936708860759,56.57142857142857,77.81227068767271,297419.95,15000998,247684.95,-20668.0,-7.359455340483412
2020-01-02,3192.0,3224.0,3170.0,3202.0,159413,267200,3175.2,3140.2,3080.4,3002.866666666667,52.48181914007364,40.75769640014312,11.724122739930522,75.0,55.857142857142854,71.65378565304714,290666.9,15160411,252698.1,7032.0,2.7028689154700025
2020-01-03,3192.0,3266.0,3192.0,3244.0,310134,267042,3202.4,3153.4,3097.7,3005.8,57.35972452171745,44.07810202445799,13.281622497259463,80.35714285714286,57.57142857142857,85.4732636683768,292537.25,15470545,256815.05,-158.0,-0.05913173652694059
2020-01-06,3254.0,3402.0,3254.0,3384.0,430727,272314,3240.4,3180.8,3121.7,3010.8333333333335,71.69586435609108,49.60165449078461,22.094209865306468,84.36018957345972,63.0,132.72903860639664,297299.3,15901272,261119.35,5272.0,1.9742212835434092
2020-01-07,3360.0,3380.0,3306.0,3344.0,286707,249531,3272.4,3206.8,3139.4,3016.0666666666666,78.91995266671302,55.465314125970295,23.45463854074272,78.0701754385965,66.14285714285714,111.68695220640478,288499.1,15614565,262952.95,-22783.0,-8.366444619079449
2020-01-08,3340.0,3524.0,3314.0,3380.0,396342,242742,3310.8,3234.8,3156.4,3023.0666666666666,86.55227310760802,61.68270592229784,24.869567185310174,81.32780082987551,77.42857142857143,116.98271485067106,285863.25,16010907,263695.0,-6789.0,-2.7207040407805083
2020-01-09,3340.0,3360.0,3234.0,3242.0,385283,227188,3318.8,3247.0,3167.3,3028.0,80.53711364554465,65.45358746694721,15.083526178597438,61.092150170648466,83.0,52.60021328944941,292060.6,15625624,263605.45,-15554.0,-6.407626203953165
2020-01-10,3258.0,3290.0,3242.0,3286.0,170326,229838,3327.2,3264.8,3179.1,3033.766666666667,78.41655151833766,68.0461802772253,10.370371241112352,64.01273885350318,82.28571428571429,45.16880774530721,284144.2,15795950,263022.2,2650.0,1.1664348469109243
2020-01-13,3294.0,3336.0,3262.0,3314.0,274808,234613,3313.2,3276.8,3192.8,3040.0333333333333,78.09512476319424,70.05596917441909,8.039155588775145,68.25396825396825,84.0,54.73407515554327,285888.0,16070758,263116.0,4775.0,2.0775502745411956
2020-01-14,3304.0,3320.0,3244.0,3268.0,230473,226330,3298.0,3285.2,3201.5,3045.0666666666666,73.28380608308908,70.70153655615309,2.5822695269359883,62.72727272727273,86.71428571428571,37.64676688233848,271224.35,15840285,261697.0,-8283.0,-3.530494900112102
2020-01-15,3278.0,3290.0,3144.0,3152.0,427049,220351,3252.4,3281.6,3204.7,3048.233333333333,59.425550067814584,68.4463392584854,-9.020789190670811,52.116402116402114,95.0,-5.6769737188279,282881.05,15413236,259769.15,-5979.0,-2.641717845623648
2020-01-16,3170.0,3186.0,3158.0,3170.0,174282,206405,3238.0,3278.4,3209.3,3051.4666666666667,49.32662526874947,64.62239646053821,-15.295771191788745,54.06824146981627,95.42857142857143,-20.879011904672126,281572.5,15587518,257140.3,-13946.0,-6.328993287981444
2020-01-17,3170.0,3190.0,3128.0,3136.0,277783,216544,3208.0,3267.6,3210.5,3053.9,38.13998475359904,59.32591411915038,-21.185929365551345,45.91549295774648,92.85714285714286,-33.97606336895179,279265.0,15309735,253939.25,10139.0,4.912187204767315
2020-01-20,3138.0,3188.0,3136.0,3178.0,180849,201709,3180.8,3247.0,3213.9,3057.233333333333,32.29130646106114,53.918992587532536,-21.627686126471396,49.59568733153639,93.71428571428571,-27.214021099313005,273353.95,15490584,250022.85,-14835.0,-6.850801684646079
2020-01-21,3176.0,3182.0,3130.0,3162.0,186589,201388,3159.6,3228.8,3217.8,3060.4333333333334,26.06466328074157,48.34812672617434,-22.283463445432773,48.275862068965516,90.28571428571429,-35.726419099637894,272422.2,15303995,246470.75,-321.0,-0.15914014744012883
2020-01-22,3150.0,3184.0,3108.0,3152.0,236953,191992,3159.6,3206.0,3220.4,3063.1666666666665,20.09148513911532,42.69679840876255,-22.605313269647226,46.666666666666664,91.85714285714286,-44.714260927282744,273821.3,15067042,242361.15,-9396.0,-4.665620593083997
2020-01-23,3130.0,3156.0,3030.0,3056.0,234236,180107,3136.8,3187.4,3217.2,3064.8,7.524562263035932,35.662351179617225,-28.137788916581293,38.30845771144279,95.57142857142857,-81.71901613825733,274560.85,14832806,237355.4,-11885.0,-6.190362098420765
2020-02-03,2806.0,2876.0,2806.0,2806.0,180157,187419,3070.8,3139.4,3202.1,3062.0333333333333,-22.35008742349919,24.059863458993945,-46.409950882493135,18.380743982494522,102.14285714285714,-156.495441695017,277484.25,14652649,233059.6,7312.0,4.059808891381245
2020-02-04,2782.0,2886.0,2772.0,2850.0,218565,192991,3005.2,3093.0,3184.9,3059.9666666666667,-41.991478631770406,10.849595040841077,-52.841073672611486,23.093681917211327,104.71428571428571,-121.03708230037434,268919.0,14871214,227835.4,5572.0,2.9730176769697803
2020-02-05,2836.0,2886.0,2818.0,2864.0,199800,216684,2945.6,3052.6,3168.9,3058.633333333333,-55.78468851139314,-2.4772616696057668,-53.307426841787375,21.20535714285714,94.57142857142857,-96.62382480436398,268641.1,15071014,224627.8,23693.0,12.276738293495558
2020-02-06,2880.0,2960.0,2872.0,2950.0,267888,227064,2905.2,3032.4,3157.0,3058.233333333333,-59.09521262207909,-13.800851860100433,-45.29436076197865,32.70142180094787,91.0,-67.14015023628339,261418.2,15338902,222972.6,10380.0,4.790385999889235
2020-02-07,2940.0,2970.0,2912.0,2966.0,204405,241936,2887.2,3012.0,3145.2,3058.233333333333,-59.73912510056971,-22.98850650819429,-36.75061859237542,30.392156862745097,91.71428571428571,-55.26773428698584,263667.8,15543307,221709.4,14872.0,6.549695240108511
2020-02-10,2930.0,2970.0,2920.0,2948.0,198537,247824,2915.6,2993.2,3130.4,3057.633333333333,-60.998724619608765,-30.59055013047719,-30.408174489131575,27.295285359801497,90.0,-50.98248684977656,258087.95,15344770,220748.5,5888.0,2.433701474770178
2020-02-11,2932.0,3020.0,2930.0,2986.0,384277,277934,2942.8,2974.0,3110.5,3057.8333333333335,-58.259109147407344,-36.124261933863224,-22.13484721354412,32.330827067669176,91.0,-37.884728612019245,255765.45,15729047,221029.5,30110.0,12.149751436503319
2020-02-12,2986.0,3020.0,2956.0,2992.0,345285,291713,2968.4,2957.0,3092.9,3059.8,-54.97013281850377,-39.893436110791335,-15.076696707712436,38.372093023255815,85.14285714285714,-31.07087737537573,258694.35,16074332,223138.6,13779.0,4.957651816618336
2020-02-13,3000.0,3028.0,2976.0,2988.0,273114,302925,2976.0,2940.6,3073.3,3061.4,-52.08594757143146,-42.33193840291936,-9.754009168512098,36.49851632047478,86.42857142857143,-25.003562571794117,252532.95,15801218,226147.75,11212.0,3.843503717695129
2020-02-14,3002.0,3004.0,2936.0,2990.0,336923,322875,2980.8,2934.0,3060.7,3062.9666666666667,-49.07314206365163,-43.68017913506582,-5.39296292858581,38.62928348909658,86.85714285714286,-27.874932766703125,250114.95,16138141,230932.1,19950.0,6.585788561525141
2020-02-17,2998.0,3002.0,2968.0,2992.0,259231,327332,2989.6,2952.6,3046.0,3064.366666666667,-45.993899662244075,-44.142923240501474,-1.850976421742601,34.5514950166113,85.57142857142857,-20.670527686174815,254560.2,16397372,235806.8,4457.0,1.3804103755323371
2020-02-18,2984.0,3006.0,2968.0,2974.0,203292,333126,2987.2,2965.0,3029.0,3066.2,-44.493138240489316,-44.21296624049904,-0.280171999990273,34.437086092715234,84.57142857142857,-18.353938042805016,250984.4,16194080,240732.45,5794.0,1.7700683098505587
2020-02-19,3030.0,3086.0,3008.0,3066.0,486086,336609,3002.0,2985.2,3018.9,3069.1666666666665,-35.47125236030479,-42.46462346446019,6.9933711041554005,43.731778425655975,87.14285714285714,14.747024620297426,263765.05,16680166,246246.4,3483.0,1.0455503323066884
2020-02-20,3088.0,3126.0,3068.0,3100.0,326729,331065,3024.4,3000.2,3016.3,3072.766666666667,-25.286341743518733,-39.0289671202719,13.742625376753168,53.52564102564102,82.42857142857143,37.9876048873842,258749.05,17006895,251782.1,-5544.0,-1.6470147857009176
2020-02-21,3096.0,3106.0,3074.0,3088.0,193618,331682,3044.0,3012.4,3012.2,3075.8,-17.975812436993692,-34.81833618361626,16.842523746622568,86.52849740932642,66.85714285714286,37.52515464811549,259715.85,16813277,258045.95,617.0,0.1863682358449248
2020-02-24,3040.0,3068.0,3024.0,3044.0,281394,331575,3054.4,3022.0,3007.6,3077.1,-15.553308707528231,-30.96533068839866,15.412021980870428,75.12953367875647,63.285714285714285,20.13449075164916,259896.4,16531883,263797.5,-107.0,-0.0322598151241249
2020-02-25,3028.0,3096.0,3002.0,3088.0,411007,367529,3077.2,3032.2,3003.1,3078.3,-9.968118506864357,-26.765888252091802,16.797769745227445,76.92307692307693,65.14285714285714,33.13640355914218,271404.3,16942890,272088.5,35954.0,10.843398929352333
2020-02-26,3050.0,3054.0,2950.0,2958.0,591510,380190,3055.6,3028.8,2992.9,3076.9666666666667,-15.84903081680659,-24.58251676503476,8.733485948228171,50.869565217391305,68.14285714285714,-2.1178164549611473,291650.35,16351380,281028.6,12661.0,3.4448982257182514
2020-02-27,2918.0,2920.0,2834.0,2852.0,530087,364620,3006.0,3015.2,2977.9,3073.733333333333,-28.731807916427897,-25.41237499531339,-3.319432921114508,39.63636363636363,72.85714285714286,-65.8092397104999,306307.05,15821293,289660.0,-15570.0,-4.095320760672294
2020-02-28,2798.0,2818.0,2718.0,2736.0,668988,361227,2935.6,2989.8,2961.9,3068.733333333333,-47.75128504101531,-29.880157004453775,-17.871128036561533,33.641975308641975,78.85714285714286,-110.51851965338128,328044.65,15152305,298716.0,-3393.0,-0.9305578410399917
2020-03-02,2732.0,2896.0,2726.0,2860.0,668840,361682,2898.8,2976.6,2964.6,3066.8,-52.21667270226135,-34.34746014401529,-17.869212558246062,41.41689373297003,84.57142857142857,-72.33537228742458,352478.8,15821145,307429.15,455.0,0.12595957666508006
2020-03-03,2942.0,2978.0,2864.0,2906.0,586891,342158,2862.4,2969.8,2967.4,3064.233333333333,-51.45061833198679,-37.76809178160959,-13.682526550377197,44.44444444444444,88.42857142857143,-27.650989112650464,370895.1,16408036,314887.5,-19524.0,-5.39811215377044
2020-03-04,2906.0,2928.0,2880.0,2906.0,364218,348505,2852.0,2953.8,2969.5,3063.766666666667,-50.26410145120826,-40.26729371552933,-9.996807735678935,44.67532467532468,88.14285714285714,-36.501518838283374,379116.0,16408036,321478.55,6347.0,1.854990969084458
2020-03-05,2898.0,2924.0,2880.0,2902.0,332955,368473,2862.0,2934.0,2967.1,3063.233333333333,-49.08077225457282,-42.02998942333803,-7.050782831234791,44.30051813471503,86.42857142857143,-36.9716605528788,382369.35,16075081,328549.0,19968.0,5.729616504784718
2020-03-06,2858.0,2862.0,2802.0,2822.0,498182,374815,2879.2,2907.4,2959.9,3061.8333333333335,-53.976103826957115,-44.419212304061844,-9.55689152289527,39.99999999999999,91.14285714285714,-71.53127689678143,397058.2,15576899,335192.95,6342.0,1.7211573168183225
2020-03-09,2628.0,2628.0,2628.0,2628.0,14916,368822,2832.8,2865.8,2943.9,3057.3333333333335,-72.67214874746378,-50.069799592742235,-22.602349154721544,33.13840155945418,102.28571428571429,-133.83997018917523,387877.15,15561983,341242.85,-5993.0,-1.598922134919889
2020-03-10,2364.0,2444.0,2364.0,2366.0,795120,392241,2724.8,2793.6,2912.9,3048.366666666667,-107.39215945444221,-61.534271565082236,-45.85788788935997,20.735785953177256,113.14285714285714,-153.53790849370512,408419.3,14766863,346958.2,23419.0,6.3496754531996435
2020-03-11,2400.0,2446.0,2246.0,2264.0,1424365,489062,2596.4,2724.2,2876.5,3036.266666666667,-141.50735690914735,-77.52888863389526,-63.978468275252084,16.930379746835442,123.14285714285714,-130.75313993053976,462373.3,13342498,356825.65,96821.0,24.68405903513402
2020-03-12,2230.0,2264.0,2180.0,2180.0,1060718,507280,2452.0,2657.0,2836.1,3021.9333333333334,-173.32402321230165,-96.68791554957654,-76.63610766272511,16.017964071856284,126.85714285714286,-121.71594882087095,501753.5,12281780,367043.4,18218.0,3.725090070379622
2020-03-13,2140.0,2180.0,1984.0,2118.0,1852888,461119,2311.2,2595.2,2792.5,3006.8333333333335,-201.22227717389205,-117.59478787443966,-83.62748929945239,15.805022156573116,136.28571428571428,-114.63031665564728,577551.75,10428892,373955.6,-46161.0,-9.09970824791042
2020-03-16,2050.0,2142.0,2022.0,2050.0,1342297,467122,2195.6,2514.2,2745.4,2990.1666666666665,-226.21125361475197,-139.31808102250213,-86.89317259224984,12.3367198838897,138.14285714285714,-99.11124385204803,631705.05,9086595,380945.1,6003.0,1.3018331493605872
2020-03-17,2052.0,2092.0,2008.0,2052.0,1166784,460902,2132.8,2428.8,2699.3,2973.7,-243.05206132636886,-160.0648770832755,-82.98718424309337,13.759999999999991,134.28571428571428,-87.8987276145772,679879.65,10253379,387333.9,-6220.0,-1.331557922769644
2020-03-18,1970.0,2030.0,1916.0,1920.0,1091253,452718,2064.0,2330.2,2642.0,2954.133333333333,-264.00651681180807,-180.85320502898202,-83.15331178282605,13.479623824451409,135.14285714285714,-87.2371696064345,710138.0,9162126,393139.35,-8184.0,-1.7756486194462129
2020-03-19,1854.0,1910.0,1784.0,1820.0,1149759,432370,1992.0,2222.0,2578.0,2933.0,-285.3924119435701,-201.76104641189966,-83.63136553167044,13.65079365079366,135.28571428571428,-88.63920944519958,751289.5,8012367,398204.6,-20348.0,-4.49463021130152
2020-03-20,1930.0,1960.0,1864.0,1940.0,1480588,421874,1956.4,2133.8,2520.6,2914.0333333333333,-289.32275813576507,-219.27338875667274,-70.04936937909233,13.375796178343947,133.14285714285714,-70.60202847289948,815638.0,9492955,402714.2,-10496.0,-2.4275504776002044
2020-03-23,1780.0,1890.0,1776.0,1888.0,1278909,438829,1924.0,2059.8,2462.8,2893.633333333333,-293.2531118973334,-234.06933338480488,-59.183778512528505,9.667194928684623,136.42857142857142,-70.59606689138523,865513.75,8214046,408076.9,16955.0,4.018972489416273
2020-03-24,1940.0,1990.0,1898.0,1986.0,1149956,432668,1910.8,2021.8,2407.7,2874.9,-285.17286926725365,-244.29004056129463,-40.882828705959014,16.17647058823529,140.28571428571428,-53.216732508027995,902461.2,9364002,411333.85,-6161.0,-1.4039637307470598
2020-03-25,1986.0,2048.0,1980.0,1996.0,1099180,465095,1926.0,1995.0,2359.6,2856.766666666667,-274.7946407762538,-250.39096060428648,-24.403680171967324,16.837481698389453,142.0,-42.99237981137473,927844.7,10463182,415579.1,32427.0,7.494661033402061
2020-03-26,1990.0,1990.0,1868.0,1880.0,1409808,534832,1938.0,1965.0,2311.0,2836.4333333333334,-272.78554847388887,-254.86987817820696,-17.915670295681906,16.405135520684738,144.0,-49.43951388146889,971830.75,9053374,424089.7,69737.0,14.994140981949933
2020-03-27,1880.0,1914.0,1836.0,1872.0,1464547,527286,1924.4,1940.4,2267.8,2815.633333333333,-268.7409827273193,-257.64409908802946,-11.096883639289842,18.91447368421052,135.71428571428572,-49.04900887922139,1011608.7,7588827,432392.65,-7546.0,-1.4109103419391533
2020-03-30,1802.0,1820.0,1758.0,1776.0,1234015,540267,1902.0,1913.0,2213.6,2793.4333333333334,-270.16770776659064,-260.1488208237417,-10.018886942848951,21.904761904761912,125.0,-54.70576285842881,1039867.45,6354812,441321.9,12981.0,2.4618518223506802
2020-03-31,1798.0,1896.0,1798.0,1860.0,1361283,548154,1876.8,1893.8,2161.3,2771.2,-261.5058233071409,-260.42022132042155,-1.0856019867193254,30.42635658914729,119.28571428571429,-42.61620374076899,1078587.05,7716095,451621.7,7887.0,1.459833748868622
2020-04-01,1856.0,1892.0,1832.0,1878.0,1034103,527282,1853.2,1889.6,2109.9,2749.4333333333334,-250.30342581546824,-258.3968622194309,8.093436403962642,34.36853002070394,117.57142857142857,-37.27714829338361,1112081.3,8750198,460560.55,-20872.0,-3.8076890800760377
2020-04-02,1876.0,2052.0,1876.0,2028.0,1799108,520127,1882.8,1910.4,2066.2,2730.1,-226.7083460050069,-252.0591589765461,25.3508129715392,45.73055028462999,116.14285714285714,-15.222545855031482,1185388.95,10549306,468143.25,-7155.0,-1.3569588948608158
2020-04-03,2086.0,2094.0,1962.0,2038.0,1901126,519419,1916.0,1920.2,2027.0,2710.7,-204.84088067196717,-242.61550331563032,37.77462264366315,49.397590361445786,117.0,0.30553551477687146,1255536.15,12450432,475373.45,-708.0,-0.13612060131468207
2020-04-07,2100.0,2176.0,2098.0,2150.0,1233197,508009,1990.8,1946.4,2003.1,2692.4666666666667,-176.43940919255488,-229.38028449101523,52.940875298460355,54.43037974683545,120.85714285714286,41.68432905475997,1316450.2,13683629,482332.8,-11410.0,-2.196685142437993
2020-04-08,2106.0,2164.0,2090.0,2128.0,1129866,519905,2044.4,1960.6,1991.2,2671.5333333333333,-153.93182431047876,-214.29059245490794,60.35876814442918,60.44176706827309,116.42857142857143,48.60744885304375,1333187.5,12553763,488716.0,11896.0,2.3416907968165868
2020-04-09,2178.0,2190.0,2152.0,2178.0,810919,517444,2104.4,1978.8,1986.9,2652.1,-130.5548637981915,-197.54344672356467,66.98858292537318,68.92177589852008,111.14285714285714,76.02762203040153,1302515.2,13364682,490135.1,-2461.0,-0.4733557092161056
2020-04-10,2090.0,2162.0,2064.0,2160.0,863871,506126,2130.8,2006.8,1985.9,2631.766666666667,-112.18767406579354,-180.47229219201046,68.28461812621691,63.03317535545024,109.28571428571429,62.83482814781088,1292672.85,12500811,490077.4,-11318.0,-2.1872898323296863
2020-04-13,2198.0,2242.0,2136.0,2156.0,1350250,468416,2154.4,2035.2,1987.8,2613.6666666666665,-96.83802200689706,-163.7454381549878,66.90741614809073,66.83417085427135,105.14285714285714,78.32273511330797,1267540.95,11150561,490442.25,-37710.0,-7.450713853862478
2020-04-14,2156.0,2174.0,2102.0,2164.0,1151012,480369,2157.2,2074.0,1993.5,2594.9666666666667,-83.07019749343772,-147.61039002267776,64.54019252924004,62.60623229461756,103.0,62.09222869248609,1257976.7,12301573,491104.6,11953.0,2.5517915698865856
2020-04-15,2106.0,2228.0,2096.0,2188.0,1390414,483153,2169.2,2106.8,2000.3,2576.2,-69.42224156416387,-131.972760330975,62.55051876681114,63.33333333333333,107.57142857142857,66.17988431450148,1269158.2,13691987,492217.15,2784.0,0.5795544675031072
2020-04-16,2196.0,2254.0,2128.0,2154.0,1735711,473812,2164.4,2134.4,2012.0,2557.633333333333,-60.65051265588227,-117.70831079595646,57.0577981400742,71.47335423197492,107.42857142857143,62.28561882554303,1301381.1,11956276,493271.85,-9341.0,-1.9333420262318546
2020-04-17,2200.0,2222.0,2122.0,2144.0,1390374,477394,2161.2,2146.0,2028.2,2540.8333333333335,-53.88462234134931,-104.94357310503504,51.05895076368573,71.25,109.0,51.285303970484826,1313411.85,10565902,495523.05,3582.0,0.7559960490658657
2020-04-20,2082.0,2132.0,2068.0,2122.0,1053863,466907,2154.4,2154.4,2037.3,2523.366666666667,-49.724627110973415,-93.89978390622272,44.17515679524931,80.56537102473499,106.28571428571429,27.803984181486033,1292075.6,9512039,497774.7,-10487.0,-2.196718014889165
2020-04-21,2066.0,2112.0,1904.0,1940.0,2220774,457402,2109.6,2133.4,2039.9,2503.4333333333334,-60.41722768989848,-87.20327266295789,26.786044973059404,56.02409638554217,113.28571428571429,-20.600442757659742,1339168.85,7291265,498703.35,-9505.0,-2.035737309571284
2020-04-22,1820.0,1880.0,1804.0,1834.0,1646801,439190,2038.8,2104.0,2032.3,2481.0333333333333,-76.5619463464368,-85.07500739965367,8.513061053216873,47.07446808510638,118.71428571428571,-71.18523535097111,1364011.1,5644464,499029.45,-18212.0,-3.981617920341407
2020-04-23,1900.0,2020.0,1898.0,2020.0,1605146,425321,2012.0,2088.2,2033.5,2462.0,-73.50083479419277,-82.76017287856149,9.259338084368721,49.492385786802025,119.42857142857143,-19.058894959401247,1389309.4,7249610,497040.75,-13869.0,-3.157858785491474
2020-04-24,2048.0,2078.0,1964.0,2016.0,1737277,366855,1986.4,2073.8,2040.3,2443.0666666666666,-70.58399999064864,-80.32493830097891,9.740938310330279,48.59335038363171,118.14285714285714,-6.471000284753477,1405682.85,5512333,488641.9,-58466.0,-13.74632336517595
2020-04-27,1990.0,2088.0,1974.0,2022.0,1896651,365674,1966.4,2060.4,2047.8,2425.8333333333335,-67.01572201077056,-77.66309504293724,10.647373032166684,40.532544378698226,116.42857142857143,-6.373857041693539,1427288.05,7408984,480561.3,-1181.0,-0.3219255564187451
2020-04-28,1998.0,2018.0,1930.0,1988.0,1817027,332881,1976.0,2042.8,2058.4,2412.2,-66.16860140533026,-75.36419631541585,9.195594910085589,39.82558139534884,117.71428571428571,-33.125739854910364,1456438.65,5591957,470192.0,-32793.0,-8.96782379934039
2020-04-29,2038.0,2078.0,2006.0,2046.0,1309478,299335,2018.4,2028.6,2067.7,2398.8,-60.12406416283034,-72.31616988489876,12.192105722068419,40.51724137931034,119.71428571428571,-9.806926421657689,1453848.4,6901435,457751.05,-33546.0,-10.077475133756508
2020-04-30,2098.0,2124.0,2050.0,2052.0,915814,258691,2024.8,2018.4,2076.4,2385.266666666667,-54.22450861200741,-68.69783763032049,14.47332901831308,42.10526315789475,117.14285714285714,0.7212905243267294,1447933.95,7817249,444321.5,-40644.0,-13.578098117493775
2020-05-06,2238.0,2238.0,2114.0,2128.0,702365,257286,2047.2,2016.8,2081.4,2371.5666666666666,-42.92172852390422,-63.542615809037244,20.620887285133023,48.14814814814815,122.85714285714286,42.05755737472098,1393096.8,8519614,431179.45,-1405.0,-0.5431190107116235
2020-05-07,2102.0,2136.0,2076.0,2112.0,584601,256109,2065.2,2015.8,2085.1,2357.3333333333335,-34.85349080788092,-57.804790808805976,22.95130000092506,46.596858638743456,122.0,11.751028598540499,1327270.55,7935013,418013.95,-1177.0,-0.4574675652775473
2020-05-08,2170.0,2172.0,2078.0,2110.0,672836,248324,2089.6,2032.8,2083.1,2343.366666666667,-28.29457532315746,-51.90274771167628,23.608172388518817,44.74393530997305,119.28571428571429,19.029966312549213,1299252.5,7262177,405029.7,-7785.0,-3.039721368636006
2020-05-11,2094.0,2116.0,2056.0,2078.0,500481,241253,2096.0,2057.2,2080.6,2328.233333333333,-25.386085124890997,-46.59941519431922,21.213330069428224,44.86486486486486,114.57142857142857,0.018495886221858257,1267783.25,6761696,391097.1,-7071.0,-2.847489570077799
2020-05-12,2092.0,2092.0,2016.0,2032.0,399491,234335,2092.0,2058.4,2073.3,2312.233333333333,-26.487569042204996,-42.57704596389638,16.089476921691386,42.78350515463917,112.85714285714286,-17.240847916979813,1247211.85,6362205,376941.65,-6918.0,-2.8675291084463206
2020-05-13,2058.0,2086.0,1990.0,2084.0,561612,212986,2083.2,2065.2,2069.5,2297.1666666666665,-22.90055423050262,-38.64174761721763,15.741193386715011,47.64267990074442,114.28571428571429,-11.397767260515565,1232098.9,6923817,362284.65,-21349.0,-9.110461518765867
2020-05-14,2364.0,2368.0,2304.0,2324.0,641283,362977,2125.6,2095.4,2077.9,2286.0666666666666,-0.6839408682799331,-31.050186267430092,30.36624539915016,72.22222222222223,119.0,122.64076187207586,1196650.55,7565100,357012.7,149991.0,70.42293859690307
2020-05-15,2322.0,2380.0,2316.0,2358.0,715465,377671,2175.2,2132.4,2087.6,2275.5,19.442282602045907,-20.951692493534892,40.3939750955808,83.08080808080808,113.85714285714286,109.98855354604655,1174873.2,8280565,351877.8,14694.0,4.048190381208716
2020-05-18,2358.0,2368.0,2292.0,2348.0,875508,387672,2229.2,2162.6,2095.6,2265.0666666666666,34.191406032050054,-9.923072788417903,44.11447882046796,76.62337662337663,106.0,91.4276690315695,1149127.9,7405057,347103.75,10001.0,2.6480719991738733
2020-05-19,2370.0,2420.0,2358.0,2384.0,934329,404536,2299.6,2195.8,2107.1,2253.7,48.22913628596143,1.7073690264579646,46.52176725950346,78.39506172839506,103.0,96.530203862027,1109058.8,8339386,343639.95,16864.0,4.35006913060525
2020-05-20,2394.0,2468.0,2378.0,2448.0,871366,427388,2372.4,2227.8,2122.3,2242.8333333333335,63.78315131354475,14.122525483875323,49.66062582966943,80.1699716713881,101.28571428571429,95.9645146155234,1083108.4,9210752,341139.65,22852.0,5.648941008958408
2020-05-21,2460.0,2496.0,2448.0,2472.0,741371,437904,2402.0,2263.8,2139.8,2232.5666666666666,77.15700181876173,26.729420750852604,50.427581067909124,84.77011494252874,98.14285714285714,92.66590289329915,1067483.8,9952123,339689.5,10516.0,2.4605276704072088
2020-05-22,2480.0,2480.0,2378.0,2392.0,888909,408901,2408.8,2292.0,2162.4,2221.7,80.37404136764962,37.45834487421201,42.915696493437615,74.09470752089136,99.0,68.7537401653134,1000890.55,9063214,337264.45,-29003.0,-6.623141145091161
2020-05-25,2408.0,2526.0,2394.0,2508.0,1050286,447004,2440.8,2335.0,2196.1,2212.0333333333333,91.23213171087946,48.2131022415455,43.01902946933396,77.53623188405797,103.0,77.8619807993551,971064.8,10113500,337655.15,38103.0,9.318392471527348
2020-05-26,2518.0,2574.0,2504.0,2564.0,999035,480671,2476.8,2388.2,2223.3,2205.4666666666667,103.16673660416882,59.20382911407017,43.96290749009865,76.98019801980197,94.71428571428571,85.59612180646796,940759.25,11112535,340422.65,33667.0,7.531699940045278
2020-05-27,2570.0,2582.0,2524.0,2548.0,856931,475930,2496.8,2434.6,2249.9,2200.4,110.06516794102845,69.37609687946183,40.68907106156662,76.98019801980197,94.57142857142857,76.75639400228408,896741.95,10255604,345876.4,-4741.0,-0.986329526848928
2020-05-28,2546.0,2554.0,2500.0,2530.0,685954,440167,2508.4,2455.2,2275.3,2196.9666666666667,112.77972049337177,78.05682160224382,34.722898891127954,75.48543689320388,91.71428571428571,63.77343803716891,836207.1,9569650,349601.05,-35763.0,-7.514340344168257
2020-05-29,2542.0,2596.0,2532.0,2558.0,776379,443314,2541.6,2475.2,2303.8,2191.9333333333334,115.85488593474201,85.61643446874346,30.23845146599855,79.26829268292683,92.14285714285714,65.98395968580111,784174.7,10346029,355122.7,3147.0,0.7149559144597362
2020-06-01,2558.0,2656.0,2540.0,2650.0,697424,463693,2570.0,2505.4,2334.0,2187.6666666666665,124.28295132687253,93.34973784036929,30.93321348650325,85.68129330254041,95.0,71.6942267050516,753572.0,11043453,363340.6,20379.0,4.59696738654769
2020-06-02,2640.0,2664.0,2620.0,2634.0,572261,450242,2584.0,2530.4,2363.1,2183.133333333333,128.19345325715267,100.31848092372597,27.874972333426697,83.13253012048193,91.28571428571429,70.06570246943478,736394.35,10471192,372918.15,-13451.0,-2.9008417207074477
2020-06-03,2642.0,2678.0,2614.0,2644.0,644939,466859,2603.2,2550.0,2388.9,2178.8333333333335,130.59406356427098,106.37359745183498,24.220466112436,76.66666666666666,75.57142857142857,64.24825109368805,733523.05,11116131,383396.8,16617.0,3.6906818999560276
2020-06-04,2620.0,2672.0,2592.0,2610.0,760601,453028,2619.2,2563.8,2413.8,2175.3,128.2743814565797,110.75375425278393,17.52062720379577,71.0,76.71428571428571,53.912688765944786,742323.05,10355530,393242.75,-13831.0,-2.9625647143998513
2020-06-05,2618.0,2646.0,2596.0,2636.0,500844,449345,2634.8,2588.2,2440.1,2175.4333333333334,127.06922446102044,114.01684829443124,13.052376166589198,73.37662337662337,74.85714285714286,49.59871614279829,733723.45,10856374,403293.8,-3683.0,-0.8129740325101276
2020-06-08,2680.0,2688.0,2632.0,2656.0,696332,456513,2636.0,2603.0,2469.0,2180.266666666667,126.27237240511431,116.46795311656787,9.804419288546441,72.66666666666667,73.71428571428571,54.32636996596588,743516.0,11552706,414056.8,7168.0,1.595210806841063
2020-06-09,2636.0,2656.0,2600.0,2606.0,561058,464362,2630.4,2607.2,2497.7,2185.9666666666667,120.22045273276535,117.21845303980737,3.0019996929579804,63.48122866894198,71.28571428571429,41.88919852445796,751594.35,10991648,425558.15,7849.0,1.7193376749402578
2020-06-10,2592.0,2632.0,2580.0,2610.0,440425,456119,2623.6,2613.4,2524.0,2193.133333333333,114.42797489565055,116.66035741097602,-2.232382515325469,62.19081272084806,71.57142857142857,38.234003201638444,745535.0,11432073,437714.8,-8243.0,-1.7751237181336976
2020-06-11,2616.0,2620.0,2538.0,2554.0,800201,466700,2612.4,2615.8,2535.5,2200.4,104.11844981078184,114.15197589093718,-10.03352608015534,64.94464944649447,70.14285714285714,18.02286086024073,753480.9,10631872,442900.95,10581.0,2.319789353217039
2020-06-12,2516.0,2538.0,2460.0,2526.0,819869,441489,2590.4,2612.6,2543.9,2208.3333333333335,92.62103329345382,109.84578737144051,-17.224754077986688,51.98237885462555,67.28571428571429,-17.563124230431633,758701.1,9812003,446091.85,-25211.0,-5.4019712877651616
2020-06-15,2554.0,2558.0,2476.0,2514.0,644646,428315,2562.0,2599.0,2552.2,2216.0333333333333,81.60031057140577,104.19669201143357,-22.5963814400278,43.90243902439025,68.14285714285714,-20.945261331518868,747158.0,9167357,448124.0,-13174.0,-2.983992806162783
2020-06-16,2520.0,2620.0,2506.0,2616.0,676419,440239,2564.0,2597.2,2563.8,2227.633333333333,80.17267526984187,99.39188866311522,-19.21921339327335,56.854838709677416,72.14285714285714,14.394930434261244,734262.5,9843776,449909.15,11924.0,2.7839323862110854
2020-06-17,2626.0,2646.0,2588.0,2614.0,558717,431540,2564.8,2594.2,2572.1,2240.866666666667,77.98096470286328,95.10970387106485,-17.128739168201577,58.75,72.42857142857143,35.2470006095625,718630.05,9285059,450116.75,-8699.0,-1.9759721424044696
2020-06-18,2614.0,2626.0,2592.0,2610.0,350032,418160,2576.0,2594.2,2579.0,2252.0333333333333,75.05605226773332,91.09897355039855,-16.042921282665233,55.70175438596492,70.14285714285714,26.492710197795343,699063.1,8935027,449129.55,-13380.0,-3.100523705797842
2020-06-19,2626.0,2636.0,2594.0,2626.0,414452,415887,2596.0,2593.2,2590.7,2264.3333333333335,73.18546785539229,87.5162724113973,-14.330804556005006,46.84210526315789,64.85714285714286,31.85310416278634,675340.25,9349479,449478.85,-2273.0,-0.5435718385307098
2020-06-22,2638.0,2644.0,2606.0,2612.0,409639,406835,2615.6,2588.8,2595.9,2274.766666666667,69.76907872486436,83.96683367409071,-14.19775494922635,47.08994708994709,64.42857142857143,30.681858724161646,643307.9,8939840,447470.4,-9052.0,-2.176552765534867
2020-06-23,2604.0,2664.0,2600.0,2622.0,541104,402696,2616.8,2590.4,2598.8,2285.2,67.09505215564877,80.59247737040232,-13.497425214753548,47.08994708994709,64.42857142857143,35.65900250981737,620411.35,9480944,443571.65,-4139.0,-1.0173657625327182
2020-06-24,2632.0,2638.0,2576.0,2626.0,445092,381340,2619.2,2592.0,2602.7,2297.633333333333,64.55448943440388,77.38487978320263,-12.830390348798758,52.29885057471264,63.142857142857146,15.08857879614796,599819.4,9926036,438842.15,-21356.0,-5.303256054194727
2020-06-29,2584.0,2618.0,2544.0,2602.0,540657,404786,2617.6,2596.8,2606.3,2309.8,59.91382645411932,73.89066911738598,-13.976842663266666,45.08670520231214,65.42857142857143,-19.70483166593815,592554.55,9385379,437073.1,23446.0,6.148319085330667
2020-06-30,2620.0,2704.0,2616.0,2678.0,826736,435136,2628.0,2612.0,2612.3,2324.8333333333335,61.657878803422136,71.44411105459322,-9.786232251171086,52.7363184079602,68.71428571428571,71.0676104168455,595072.4,10212115,436664.2,30350.0,7.4977889551516075
2020-07-01,2676.0,2774.0,2664.0,2762.0,681854,479679,2658.0,2636.8,2617.9,2339.866666666667,69.02250239557225,70.95978932278904,-1.937286927216789,67.88990825688074,72.57142857142857,121.06210203265316,594293.9,10893969,437463.5,44543.0,10.236569716134735
2020-07-02,2758.0,2792.0,2752.0,2774.0,571987,457496,2688.4,2652.6,2624.9,2354.8,74.96319036782006,71.76046953179524,3.202720836024824,68.46846846846847,71.71428571428571,125.45459752038516,594280.2,11465956,437826.2,-22183.0,-4.624551001815802
2020-07-03,2780.0,2856.0,2774.0,2828.0,807476,469417,2728.8,2674.0,2634.1,2368.133333333333,83.07098646724126,74.02257291888445,9.048413548356805,80.99547511312217,71.71428571428571,126.57310272288441,602407.05,12273432,437954.1,11921.0,2.6057058422368717
2020-07-06,2826.0,2882.0,2796.0,2878.0,613323,466138,2784.0,2700.8,2647.5,2382.133333333333,92.46517444864276,77.71109322483612,14.754081223806637,87.93103448275862,71.14285714285714,117.37632760157791,595043.15,12886755,438609.6,-3279.0,-0.6985260440077745
2020-07-07,2878.0,2878.0,2812.0,2838.0,503414,447808,2816.0,2722.0,2657.6,2393.6,95.58067586485595,81.2850097528401,14.295666112015851,82.92682926829268,70.0,95.01018532174943,595171.65,12383341,438532.75,-18330.0,-3.932311890470208
2020-07-08,2842.0,2864.0,2800.0,2832.0,559384,428003,2830.0,2744.0,2666.4,2405.3333333333335,96.45372482781613,84.31875276783532,12.13497205998081,77.27272727272728,66.42857142857143,79.22024943245559,588324.25,11823957,437107.25,-19805.0,-4.422654351865085
2020-07-09,2838.0,2878.0,2814.0,2862.0,553936,448408,2847.6,2768.0,2679.2,2416.733333333333,98.43171219392116,87.1413446530525,11.290367540868658,79.24528301886792,66.85714285714286,77.42788130489558,587968.15,12377893,436309.55,20405.0,4.7674899475003585
2020-07-10,2870.0,2904.0,2756.0,2778.0,899242,422061,2837.6,2783.2,2687.6,2427.0333333333333,92.15883378053968,88.14484247854993,4.013991301989748,66.66666666666666,75.0,54.8369119436822,610909.0,11478651,434606.65,-26347.0,-5.875675723894314
2020-07-13,2800.0,2856.0,2792.0,2842.0,517144,407155,2830.4,2807.2,2702.0,2438.4666666666667,91.2993554363743,88.77574507011481,2.52361036625949,69.56521739130434,77.57142857142857,56.06908572491776,596756.15,11995795,431629.4,-14906.0,-3.5317169792992043
2020-07-14,2842.0,2862.0,2762.0,2796.0,693125,419859,2822.0,2819.0,2715.5,2449.0,85.91601080278224,88.2037982166483,-2.287787413866056,65.75342465753425,82.0,42.27783359145268,590418.95,11302670,430547.9,12704.0,3.1201876435264175
2020-07-15,2786.0,2878.0,2782.0,2852.0,612603,417811,2826.0,2828.0,2732.4,2460.0666666666666,85.18642727728684,87.600324028776,-2.413896751489162,68.25396825396825,84.28571428571429,51.60306981976703,588816.8,11915273,430022.7,-2048.0,-0.487782803274428
2020-07-16,2854.0,2866.0,2786.0,2808.0,589906,409157,2815.2,2831.4,2742.0,2470.9666666666667,80.13405924702874,86.10707107242655,-5.973011825397805,63.582089552238806,85.57142857142857,39.3652263294559,584491.15,11325367,428468.6,-8654.0,-2.071271460062085
2020-07-17,2806.0,2818.0,2756.0,2792.0,667501,433252,2818.0,2827.8,2750.9,2481.766666666667,73.98608931737317,83.68287472141589,-9.696785404042714,64.35045317220545,84.14285714285714,20.780409040691442,589930.35,10657866,428554.2,24095.0,5.888937498319713
2020-07-20,2790.0,2812.0,2722.0,2778.0,777211,433944,2805.2,2817.8,2759.3,2492.7,67.20934832613466,80.38816944235964,-13.17882111622498,58.33333333333333,83.28571428571429,8.165246274419246,611289.3,9880655,429343.4,692.0,0.1597222863368275
2020-07-21,2778.0,2880.0,2756.0,2858.0,823383,455142,2817.6,2819.8,2770.9,2508.0,67.51578375093504,77.81369230407472,-10.297908553139678,58.05369127516779,84.28571428571429,36.29069220260433,631735.85,10704038,431306.15,21198.0,4.884962114927283
2020-07-22,2900.0,2928.0,2862.0,2870.0,723710,471393,2821.2,2823.6,2783.8,2525.266666666667,67.94372280169364,75.8396984035985,-7.8959756019048655,58.05369127516779,86.42857142857143,61.62383539379929,647439.4,11427748,434534.05,16251.0,3.57053403113754
2020-07-23,2858.0,2888.0,2846.0,2884.0,478132,464184,2836.4,2825.8,2796.9,2539.6666666666665,68.62152436224005,74.39606359532682,-5.77453923308677,55.03597122302158,83.57142857142857,49.591120399985186,644290.8,11905880,437608.45,-7209.0,-1.5292972106077052
2020-07-24,2862.0,2906.0,2776.0,2826.0,851567,455813,2843.2,2830.6,2806.9,2553.1666666666665,63.74377317050585,72.26560551036263,-8.521832339856786,45.39007092198581,86.71428571428571,23.628363193542036,664614.55,11054313,441332.1,-8371.0,-1.8033796942591773
2020-07-27,2834.0,2846.0,2792.0,2822.0,540871,459213,2852.0,2828.6,2817.9,2566.5,58.87666014939805,69.58781643816972,-10.711156288771676,48.484848484848484,85.85714285714286,5.925907450618051,664625.25,10513442,444053.45,3400.0,0.7459199276896422
2020-07-28,2830.0,2902.0,2782.0,2796.0,960039,494785,2839.6,2828.6,2823.8,2579.9666666666667,52.31836179782431,66.13392551010065,-13.815563712276344,46.715328467153284,89.85714285714286,6.375073397696955,671290.4,9553403,447035.9,35572.0,7.746296380982254
2020-07-29,2792.0,2880.0,2788.0,2844.0,688706,465546,2834.4,2827.8,2827.9,2593.266666666667,50.41293304034889,62.9897270161503,-12.576793975801408,48.40989399293286,91.85714285714286,17.32561532579329,671633.0,10242109,446329.25,-29239.0,-5.90943541134028
2020-07-30,2850.0,2884.0,2842.0,2854.0,547510,483994,2828.4,2832.4,2831.9,2606.633333333333,49.14329019001525,60.22043965092329,-11.07714946090804,57.72357723577235,84.28571428571429,53.04248198593103,670409.15,10789619,447654.15,18448.0,3.962658899442806
2020-07-31,2842.0,2852.0,2760.0,2840.0,956005,478996,2831.2,2837.2,2832.5,2618.5,46.47170915126344,57.47069355099133,-10.998984399727888,49.77375565610859,85.42857142857143,-26.687393177068873,677835.6,9833614,448133.1,-4998.0,-1.0326574296375624
2020-08-03,2844.0,2858.0,2790.0,2796.0,622561,509775,2826.0,2839.0,2828.4,2629.9,40.33902646675688,54.04436013414444,-13.705333667387563,50.0,83.14285714285714,-28.392884333434594,678297.5,9211053,450314.95,30779.0,6.4257321564271885
2020-08-04,2818.0,2828.0,2802.0,2820.0,364419,497373,2830.8,2835.2,2827.5,2641.733333333333,36.98904400491574,50.6332969082987,-13.644252903382963,46.07843137254902,78.57142857142857,-22.1992752904887,671347.75,9575472,452793.2,-12402.0,-2.4328380167721098
2020-08-05,2802.0,2864.0,2792.0,2806.0,782938,508739,2823.2,2828.8,2826.2,2653.866666666667,32.82607718717736,47.07185296407444,-14.245775776897077,49.735449735449734,78.0,-13.56278396491763,682525.45,8792534,456830.0,11366.0,2.2852064748186907
2020-08-06,2852.0,2854.0,2764.0,2812.0,894835,513068,2814.8,2821.6,2823.7,2666.866666666667,29.669039626987797,43.591290296657114,-13.922250669669317,52.71739130434783,80.0,-30.12143773753756,699570.4,9687369,460063.0,4329.0,0.8509274893413021
2020-08-07,2820.0,2836.0,2780.0,2788.0,551189,512079,2804.4,2817.8,2824.2,2678.6,24.942938522827717,39.86161994189124,-14.918681419063525,51.32275132275132,77.57142857142857,-44.84899153434327,682167.75,9136180,464563.9,-989.0,-0.19276197307179777
2020-08-10,2790.0,2798.0,2736.0,2772.0,758902,532746,2799.6,2812.8,2820.7,2686.0666666666666,19.67954946945065,35.825205847403126,-16.145656377952477,36.30573248407643,73.14285714285714,-90.83367246602884,694255.65,8377278,470843.45,20667.0,4.035900710632534
2020-08-11,2776.0,2786.0,2672.0,2676.0,725661,598090,2770.8,2800.8,2814.7,2691.366666666667,7.673423578976326,30.194849393717767,-22.52142581474144,25.628140703517587,76.28571428571429,-137.98253440899492,695882.45,7651617,479755.0,65344.0,12.26550739001324
2020-08-12,2692.0,2716.0,2620.0,2684.0,945423,553715,2746.4,2784.8,2806.3,2696.9666666666667,-1.1823550939475354,23.919408496184708,-25.101763590132244,24.48979591836735,80.14285714285714,-136.4705803634939,712523.45,8597040,486550.2,-44375.0,-7.419451921951548
2020-08-13,2694.0,2702.0,2656.0,2662.0,447530,556689,2716.4,2765.6,2799.0,2701.6,-9.862154850866318,17.163095826774505,-27.025250677640823,26.966292134831463,74.14285714285714,-110.43195198676554,705404.65,8149510,493926.8,2974.0,0.5370994103464755
2020-08-14,2664.0,2682.0,2644.0,2662.0,475341,563611,2691.2,2747.8,2792.5,2705.1666666666665,-16.550178536760995,10.420440954067406,-26.9706194908284,27.272727272727266,73.0,-100.68626543405547,695796.65,8149510,500444.75,6922.0,1.2434231680525487
2020-08-17,2660.0,2700.0,2632.0,2684.0,511433,555924,2673.6,2736.6,2787.8,2708.7,-19.846491355775015,4.367054492098923,-24.213545847873938,33.9080459770115,69.28571428571429,-83.05195739139268,682507.75,8660943,506543.75,-7687.0,-1.3638839554231508
2020-08-18,2676.0,2690.0,2652.0,2670.0,400505,561023,2672.4,2721.6,2778.4,2713.3333333333335,-23.319710899381334,-1.170298586197129,-22.149412313184207,22.29299363057325,65.42857142857143,-74.10794948759501,661363.85,8260438,511837.8,5099.0,0.9172117051971185
2020-08-19,2674.0,2708.0,2660.0,2664.0,494586,571526,2668.4,2707.4,2768.1,2715.9333333333334,-26.253775089963256,-6.186993886950355,-20.0667812030129,19.354838709677423,65.85714285714286,-63.333877626746904,649907.65,7765852,516844.45,10503.0,1.8721157599599358
2020-08-20,2662.0,2692.0,2612.0,2688.0,699597,543221,2673.6,2695.0,2758.3,2718.0,-26.338825095804168,-10.217360128721118,-16.12146496708305,26.25,64.85714285714286,-65.45336826560347,660980.9,8465449,520796.3,-28305.0,-4.952530593533799
2020-08-21,2694.0,2734.0,2670.0,2698.0,701171,532293,2680.8,2686.0,2751.9,2720.5,-25.30758136709437,-13.235404376395769,-12.072176990698603,32.86713286713288,64.57142857142857,-36.830352712427256,653461.1,9166620,524620.3,-10928.0,-2.0117042603286728
2020-08-24,2686.0,2694.0,2662.0,2668.0,506723,551085,2677.6,2675.6,2744.2,2722.8,-26.60438378628669,-15.909200258373954,-10.695183527912736,23.972602739726014,64.85714285714286,-49.269843791768444,651753.7,8659897,529213.9,18792.0,3.530386460088719
2020-08-25,2676.0,2680.0,2648.0,2680.0,485450,551957,2679.6,2676.0,2738.4,2724.8333333333335,-26.359948259599605,-17.999349858619084,-8.360598400980521,28.27586206896551,62.0,-47.869189855523,628024.25,9145347,532072.5,872.0,0.1582333033923966
2020-08-26,2690.0,2702.0,2670.0,2696.0,422099,543917,2686.0,2677.2,2731.0,2725.6,-24.591687396700763,-19.31781736623542,-5.273870030465343,30.66666666666667,57.857142857142854,-30.473496737008364,614693.9,9567446,535991.05,-8040.0,-1.4566352089021462
2020-08-27,2692.0,2724.0,2676.0,2696.0,498074,538616,2687.6,2680.6,2723.1,2726.633333333333,-22.926050681931883,-20.039464029374713,-2.8865866525571704,33.33333333333333,57.285714285714285,-19.97505982220677,612222.1,9567446,538722.15,-5301.0,-0.9745972271504644
2020-08-28,2694.0,2706.0,2666.0,2678.0,446017,549774,2683.6,2682.2,2715.0,2727.2,-22.795696552902882,-20.590710534080348,-2.2049860188225345,33.093525179856115,55.714285714285715,-28.14252593298894,586722.7,9121429,542261.05,11158.0,2.07160574509484
2020-08-31,2682.0,2728.0,2676.0,2712.0,530858,534137,2692.4,2685.0,2710.8,2728.9,-19.721536519584788,-20.416875731181236,0.6953392115964476,58.33333333333333,51.285714285714285,-6.044959743325591,582137.55,9652287,543479.15,-15637.0,-2.8442596412344034
2020-09-01,2714.0,2756.0,2686.0,2730.0,629912,548649,2702.4,2691.0,2706.3,2730.4666666666667,-15.652362288129552,-19.4639730425709,3.8116107544413467,60.176991150442475,49.42857142857143,16.13251797429645,595412.2,10282199,546042.95,14512.0,2.716905962328009
2020-09-02,2722.0,2746.0,2720.0,2738.0,380934,552989,2710.8,2698.4,2702.9,2731.8333333333335,-11.647711681854162,-17.90072077042755,6.253009088573389,67.9245283018868,48.0,35.58866937253419,575312.0,10663133,548255.45,4340.0,0.7910339761851404
2020-09-03,2732.0,2734.0,2630.0,2634.0,973338,619947,2698.4,2693.0,2694.0,2732.3,-16.673723751788657,-17.655321366699773,0.9815976149111165,45.56962025316456,53.0,-40.589677720768215,579237.15,9689795,553599.4,66958.0,12.108378286005683
2020-09-04,2626.0,2652.0,2566.0,2586.0,1018009,656090,2680.0,2681.8,2683.9,2731.9,-24.2505283792093,-18.97436276920168,-5.27616561000762,35.672514619883046,54.285714285714285,-124.78128193777744,602578.15,8671786,560799.95,36143.0,5.830014501239633
2020-09-07,2590.0,2598.0,2510.0,2552.0,896211,649661,2648.0,2670.2,2672.9,2731.866666666667,-32.62266273540263,-21.70402276244187,-10.918639972960758,33.70165745856353,57.857142857142854,-152.54629688998205,609443.6,7775575,566645.7,-6429.0,-0.9798960508466847
2020-09-08,2550.0,2574.0,2538.0,2552.0,501219,641561,2612.4,2657.4,2666.7,2732.3,-38.8102590231847,-25.125270014590438,-13.684989008594261,34.26966292134831,57.0,-119.4058314792747,598221.5,7775575,568819.25,-8100.0,-1.2468041024472742
2020-09-09,2500.0,2514.0,2414.0,2424.0,1235860,617652,2549.6,2630.2,2653.7,2730.8,-53.42663492930251,-30.785542997532854,-22.641091931769655,21.304347826086968,61.142857142857146,-152.0840966871757,612743.35,6539715,572016.1,-23909.0,-3.7266916162297936
2020-09-10,2446.0,2480.0,2442.0,2450.0,664058,607253,2512.8,2605.6,2643.1,2728.0333333333333,-62.19528687934553,-37.06749177389539,-25.12779510545014,23.949579831932766,60.57142857142857,-116.55291305254619,623569.75,7203773,574544.3,-10399.0,-1.6836341499744223
2020-09-11,2438.0,2468.0,2420.0,2432.0,601431,611950,2482.0,2581.0,2631.6,2725.0,-69.79243257377448,-43.612479933871214,-26.179952639903263,24.56896551724138,61.42857142857143,-104.8404134554378,629874.25,6602342,576961.25,4697.0,0.7734832104575817
2020-09-14,2418.0,2464.0,2404.0,2454.0,612103,578787,2462.4,2555.2,2620.1,2722.4,-73.19427113694519,-49.52883817448601,-23.665432962459178,26.160337552742618,63.42857142857143,-89.50508331690581,634907.75,7214445,578104.4,-33163.0,-5.419233597516138
2020-09-15,2446.0,2458.0,2392.0,2406.0,806180,619365,2433.2,2522.8,2606.9,2718.733333333333,-78.85446635154358,-55.39396380989753,-23.46050254164605,21.343873517786562,65.85714285714286,-86.4996236750011,655191.5,6408265,581021.5,40578.0,7.010869283518817
2020-09-16,2426.0,2440.0,2368.0,2440.0,960413,620388,2436.4,2493.0,2595.7,2715.866666666667,-79.67821512250794,-60.250814072419615,-19.42740105008832,26.29629629629629,67.57142857142857,-77.02446095837527,678482.85,7368678,583464.6,1023.0,0.16516916519337954
2020-09-17,2436.0,2466.0,2404.0,2420.0,793697,627994,2430.4,2471.6,2582.3,2712.5,-81.01103008411792,-64.40285727475928,-16.608172809358635,26.199261992619924,69.14285714285714,-63.633340943228504,683187.85,6574981,587703.25,7606.0,1.2260069504890447
2020-09-18,2436.0,2446.0,2408.0,2424.0,747866,667206,2428.8,2455.4,2568.6,2709.133333333333,-80.81296738926403,-67.68487929766023,-13.1280880916038,21.875,68.14285714285714,-58.78699475992315,685522.6,7322847,594448.9,39212.0,6.244008700720061
2020-09-21,2416.0,2464.0,2400.0,2412.0,983710,661601,2420.4,2441.4,2555.8,2705.9666666666667,-80.6941095241873,-70.28672534296565,-10.407384181221644,18.577075098814234,67.71428571428571,-53.32573465072076,709371.95,6339137,599974.7,-5605.0,-0.8400703830601097
2020-09-22,2400.0,2404.0,2280.0,2346.0,1335919,633500,2408.4,2420.8,2539.1,2700.4333333333334,-84.94635353845251,-73.21865098206302,-11.727702556389488,15.24822695035462,75.28571428571429,-75.88044410598916,751895.4,5003218,604051.85,-28101.0,-4.2474240516565125
2020-09-23,2356.0,2358.0,2280.0,2348.0,903296,602311,2390.0,2413.2,2521.7,2693.5333333333333,-87.1502899765419,-76.0049787809588,-11.145311195583105,19.04761904761905,73.14285714285714,-72.6408055412204,775955.25,5906514,606971.55,-31189.0,-4.923283346487761
2020-09-24,2350.0,2352.0,2286.0,2296.0,762553,611353,2365.2,2397.8,2501.7,2685.5666666666666,-92.03200325451462,-79.21038367566996,-12.821619578844661,18.884120171673814,71.71428571428571,-71.08122722988497,789179.2,5143961,610608.4,9042.0,1.5012178094041095
2020-09-25,2296.0,2340.0,2264.0,2316.0,898277,585734,2343.6,2386.2,2483.6,2677.0333333333333,-93.2124680363504,-82.01080054780606,-11.201667488544345,23.893805309734518,70.85714285714286,-65.8178992168775,811792.2,6042238,612406.4,-25619.0,-4.190541307558804
2020-09-28,2308.0,2332.0,2294.0,2324.0,510678,562317,2326.0,2373.2,2464.2,2667.8,-92.43690661999563,-84.09602176224398,-8.340884857751647,25.217391304347828,71.0,-57.227527531520394,810783.2,6552916,613815.4,-23417.0,-3.9978898271228913
2020-09-29,2334.0,2354.0,2296.0,2326.0,483850,532426,2322.0,2365.2,2444.0,2659.266666666667,-90.61631683088535,-85.40008077597226,-5.216236054913097,35.32934131736526,65.28571428571429,-50.68174531693892,803480.1,7036766,613004.25,-29891.0,-5.315684925051167
2020-09-30,2326.0,2340.0,2310.0,2338.0,553555,481260,2320.0,2355.0,2424.0,2651.0333333333333,-87.1999992829401,-85.76006447736583,-1.4399348055742678,32.5,63.42857142857143,-47.822460129143614,812111.15,7590321,609417.8,-51166.0,-9.609973968213426
2020-10-09,2380.0,2400.0,2344.0,2350.0,329844,499455,2330.8,2348.0,2409.8,2642.5,-82.57240007263636,-85.12253159641995,2.550131523783591,36.94267515923568,64.42857142857143,-27.506811564314905,779936.45,7920165,603393.2,18195.0,3.7807006607655014
2020-10-12,2350.0,2378.0,2328.0,2334.0,582351,552060,2334.4,2339.0,2397.2,2635.1,-79.28214541986063,-83.95445436110809,4.672308941247465,30.51948051948051,63.714285714285715,-35.23920105201104,758153.55,7337814,598191.7,52605.0,10.532480403639966
2020-10-13,2334.0,2342.0,2304.0,2328.0,595387,580104,2335.2,2330.6,2386.0,2626.5333333333333,-76.27944282386989,-82.41945205366046,6.140009229790579,35.33834586466166,61.714285714285715,-47.20736982665574,743112.35,6742427,594713.85,28044.0,5.079882621454179
2020-10-14,2342.0,2354.0,2298.0,2344.0,731567,566920,2338.8,2330.4,2375.6,2619.0,-71.78126337887579,-80.29181431870353,8.510550939827738,30.645161290322577,60.57142857142857,-40.50437130392634,754629.75,7473994,590981.8,-13184.0,-2.2726959303848937
2020-10-15,2358.0,2398.0,2352.0,2380.0,852559,550193,2347.2,2333.6,2373.4,2611.133333333333,-64.56723374671355,-77.14689820430554,12.579664457591988,42.42424242424243,60.0,3.50087936567419,735464.7,8326553,587608.85,-16727.0,-2.950504480349958
2020-10-16,2342.0,2444.0,2330.0,2432.0,1025630,542462,2363.6,2347.2,2372.5,2604.866666666667,-54.0312591489037,-72.52377039322518,18.492511244321477,51.28205128205128,65.42857142857143,32.392913827821154,753543.3,9352183,584369.3,-7731.0,-1.4051432860832436
2020-10-19,2432.0,2450.0,2412.0,2436.0,653522,524444,2384.0,2359.2,2372.7,2598.9333333333334,-44.84174903211306,-66.98736612100275,22.145617088889693,53.94736842105263,63.57142857142857,64.73051739837238,756147.85,10005705,579994.0,-18018.0,-3.3215229822549763
2020-10-20,2436.0,2452.0,2412.0,2440.0,620401,518446,2406.4,2370.8,2372.0,2593.3,-36.81188499152677,-60.95226989510756,24.140384903580795,69.42148760330579,57.0,67.72161438442461,756562.75,10626106,576976.95,-5998.0,-1.1436874099045813
2020-10-21,2442.0,2486.0,2426.0,2464.0,809745,521448,2430.4,2384.6,2374.9,2586.733333333333,-28.186642395723084,-54.399144395230664,26.21250199950758,71.96969696969697,55.714285714285715,85.45912532497736,756741.0,11435851,572081.1,3002.0,0.5790381254749732
2020-10-22,2462.0,2470.0,2384.0,2420.0,817439,507322,2438.4,2392.8,2373.9,2579.233333333333,-24.617729907321063,-48.44286149764875,23.825131590327686,74.21875,57.142857142857146,51.23937763423582,749592.3,10618412,566427.8,-14126.0,-2.708994952516841
2020-10-23,2424.0,2448.0,2416.0,2428.0,542614,487041,2437.6,2400.6,2374.3,2571.633333333333,-20.902852830569373,-42.934859764232876,22.032006933663503,72.95081967213115,54.0,57.00020308846075,737038.15,11161026,559380.15,-20281.0,-3.9976582919723613
2020-10-26,2440.0,2444.0,2382.0,2428.0,755624,442184,2436.0,2410.0,2374.5,2565.0,-17.75412745327867,-37.89871330204203,20.144585848763363,72.03389830508475,55.714285714285715,45.43949821703751,737426.05,11161026,548129.05,-44857.0,-9.210107567946025
2020-10-27,2420.0,2440.0,2396.0,2436.0,506849,426057,2435.2,2420.8,2375.7,2558.5666666666666,-14.446674494395666,-33.20830554051276,18.761631046117095,72.72727272727272,54.714285714285715,51.45852310257493,713583.0,11667875,536351.85,-16127.0,-3.6471242740578558
2020-10-28,2430.0,2444.0,2342.0,2390.0,999612,411320,2420.4,2425.4,2377.9,2551.8,-15.360246398468462,-29.638693712103905,14.278447313635443,59.42028985507247,59.857142857142854,17.75523206532733,696767.65,10668263,525242.85,-14737.0,-3.4589268572045473
2020-10-29,2364.0,2368.0,2300.0,2306.0,970533,430269,2397.6,2418.0,2375.8,2542.8333333333335,-22.601817019625287,-28.231318373608183,5.629501353982896,43.67816091954023,61.857142857142854,-48.27872398742619,700129.5,9697730,516640.75,18949.0,4.6068754254595
2020-10-30,2258.0,2296.0,2200.0,2220.0,1335671,399760,2356.0,2396.8,2372.0,2532.266666666667,-34.87824053170425,-29.5607028052274,-5.31753772647685,36.363636363636374,65.85714285714286,-113.92002038007472,728785.4,8362059,506061.1,-30509.0,-7.09068048128032
2020-11-02,2234.0,2258.0,2174.0,2192.0,772115,384193,2308.8,2372.4,2365.8,2521.4666666666667,-46.332666468157186,-32.91509553781336,-13.417570930343828,34.54545454545455,69.14285714285714,-117.49030162541233,722477.3,7589944,495984.05,-15567.0,-3.894086451871126
2020-11-03,2194.0,2250.0,2194.0,2226.0,501437,372867,2266.8,2351.0,2360.9,2511.9666666666667,-52.06667349565487,-36.745411129381665,-15.321262366273203,37.117903930131,69.28571428571429,-93.46121388386479,722015.25,8091381,486511.55,-11326.0,-2.947997490844445
2020-11-04,2256.0,2258.0,2204.0,2232.0,472452,365732,2235.2,2327.8,2356.2,2502.1666666666665,-55.48714426083825,-40.49375775567299,-14.993386505165262,32.71028037383178,69.28571428571429,-79.2032739116828,721445.35,8563833,478176.85,-7135.0,-1.9135509444386356
2020-11-05,2250.0,2250.0,2188.0,2194.0,497300,388117,2212.8,2305.2,2349.0,2491.9666666666667,-60.56600717645688,-44.50820763982976,-16.057799536627115,21.25603864734299,65.57142857142857,-81.97240100722198,718632.6,8066533,473519.7,22385.0,6.120601970842032
2020-11-06,2200.0,2212.0,2110.0,2130.0,761623,396119,2194.8,2275.4,2338.0,2480.6,-68.96037547585684,-49.39864120703518,-19.561734268821652,17.721518987341767,70.14285714285714,-98.43660801928677,740221.55,7304910,468352.9,8002.0,2.061749420922032
2020-11-09,2130.0,2182.0,2128.0,2162.0,505280,368097,2188.8,2248.8,2329.4,2470.1666666666665,-72.19857997851068,-53.958628961330284,-18.239951017180395,22.310756972111548,71.14285714285714,-82.89234564490378,736368.0,7810190,459154.75,-28022.0,-7.074136812422527
2020-11-10,2222.0,2270.0,2200.0,2250.0,769512,319604,2193.6,2230.2,2325.5,2461.4666666666667,-66.89291592812833,-56.54548635468989,-10.34742957343844,31.095406360424022,74.57142857142857,-40.3709993367698,745074.25,8579702,446129.75,-48493.0,-13.17397316468214
2020-11-11,2262.0,2276.0,2240.0,2258.0,443217,303011,2198.8,2217.0,2321.2,2454.5,-61.335567558989624,-57.50350259554984,-3.832064963439784,34.716981132075475,71.0,-29.83326276378584,730656.75,9022919,432934.3,-16593.0,-5.191737274877662
2020-11-12,2266.0,2296.0,2250.0,2282.0,487949,289549,2216.4,2214.6,2316.3,2447.8,-54.36800895001761,-56.8764038664434,2.508394916425786,36.63003663003663,72.0,-19.1306015554291,712426.25,9510868,419902.1,-13462.0,-4.4427430027292765
2020-11-13,2280.0,2294.0,2250.0,2266.0,390430,280612,2243.6,2219.2,2308.0,2441.2,-49.56587033672031,-55.414297160498776,5.848426823778468,35.58718861209964,70.71428571428571,-19.113853646822726,680666.25,9120438,406809.6,-8937.0,-3.08652421524509
2020-11-16,2266.0,2348.0,2256.0,2338.0,509715,260936,2278.8,2233.8,2303.1,2435.8,-39.495068057507524,-52.230451339900526,12.735383282393002,42.17252396166134,74.14285714285714,4.8109856362363725,673475.9,9630153,393634.2,-19676.0,-7.01181702849486
2020-11-17,2356.0,2374.0,2284.0,2296.0,449017,265859,2288.0,2240.8,2295.9,2429.3333333333335,-34.50517945632964,-48.68539696318635,14.180217506856707,42.443729903536976,73.28571428571429,10.13832381054249,664906.7,9181136,381004.85,4923.0,1.8866695281601675
2020-11-18,2292.0,2294.0,2228.0,2272.0,499120,250876,2290.8,2244.8,2286.3,2422.7,-32.11703107128869,-45.37172378480682,13.254692713518125,46.97508896797153,71.71428571428571,-13.520059254310102,649375.45,8682016,367476.25,-14983.0,-5.635694108531208
2020-11-19,2296.0,2300.0,2236.0,2254.0,441743,246928,2285.2,2250.8,2278.0,2415.866666666667,-31.315866028065557,-42.56055223345857,11.244686205393016,53.441295546558706,68.71428571428571,-10.42244008325356,630590.65,8240273,354456.55,-3948.0,-1.5736858049394953
2020-11-20,2254.0,2272.0,2224.0,2234.0,464802,239382,2278.8,2261.2,2268.3,2408.3,-31.9267382474427,-40.433789436255395,8.507051188812696,54.320987654320994,66.14285714285714,-18.502936865027237,626700.05,7775471,342073.6,-7546.0,-3.055951532430501
2020-11-23,2246.0,2334.0,2234.0,2332.0,505658,227009,2277.6,2278.2,2263.5,2402.2,-24.22384054755412,-37.191799658515144,12.967959110961026,59.63636363636363,69.14285714285714,25.54803751433188,614201.75,8281129,331314.85,-12373.0,-5.168726136468072
2020-11-24,2328.0,2412.0,2322.0,2402.0,530922,210604,2298.8,2293.4,2261.8,2397.766666666667,-12.328705990119033,-32.219180924835925,19.89047493471689,63.843648208469055,71.71428571428571,92.1314192268738,615405.4,8812051,320542.2,-16405.0,-7.226585730081181
2020-11-25,2406.0,2506.0,2390.0,2452.0,844947,173700,2334.8,2312.8,2264.9,2393.9666666666667,1.1199459393828874,-25.551355551992167,26.671301491375054,70.60702875399362,75.57142857142857,131.30922959465113,607672.15,9656998,308661.2,-36904.0,-17.52293403734022
2020-11-26,2452.0,2460.0,2410.0,2420.0,340909,152389,2368.0,2326.6,2270.6,2389.366666666667,9.091169577147866,-18.62285052616416,27.714020103312027,74.41077441077441,71.85714285714286,101.7969999249207,576190.95,9316089,294767.2,-21311.0,-12.268854346574553
2020-11-27,2402.0,2470.0,2384.0,2434.0,318615,115876,2408.0,2343.4,2281.3,2385.0,16.349636306711545,-11.62835315958902,27.977989466300563,73.61111111111111,74.14285714285714,87.26969922676912,525338.15,9634704,280573.0,-36513.0,-23.96039084185867
2020-11-30,2442.0,2458.0,2396.0,2410.0,169599,80651,2423.6,2350.6,2292.2,2380.5333333333333,19.93561865828724,-5.315558796013768,25.251177454301008,65.625,70.85714285714286,73.13542105481783,495212.35,9465105,265395.9,-35225.0,-30.39887465911837
2020-12-01,2620.0,2666.0,2614.0,2640.0,445714,268135,2471.2,2385.0,2312.9,2379.3333333333335,40.86554080088035,3.920661123365056,36.944879677515296,76.0217983651226,86.57142857142857,140.62932443929222,492426.2,9910819,260159.3,187484.0,232.463329654933
2020-12-02,2644.0,2654.0,2574.0,2634.0,611712,294013,2507.6,2421.2,2333.0,2377.733333333333,56.31929130233175,14.400387159158395,41.91890414317335,74.58100558659218,89.0,108.16098937863279,499389.2,9299107,256573.35,25878.0,9.651108583362866
2020-12-03,2640.0,2740.0,2624.0,2694.0,868107,362172,2562.4,2465.2,2358.0,2377.0,72.57144008492423,26.034597744311565,46.536842340612665,78.15789473684211,94.14285714285714,108.77751867477664,517929.55,10167214,255276.1,68159.0,23.18230826528078
2020-12-04,2690.0,2724.0,2606.0,2690.0,887404,354098,2613.6,2510.8,2386.0,2377.9333333333334,84.15849180820987,37.65937655709123,46.499115251118646,75.43352601156069,96.0,91.39348410968324,524218.6,9279810,253175.05,-8074.0,-2.2293275018499537
2020-12-07,2688.0,2750.0,2658.0,2726.0,683512,363190,2676.8,2550.2,2414.2,2380.266666666667,95.14938997536228,49.15737924074544,45.99201073461684,81.34110787172011,96.14285714285714,90.67606092419679,533130.2,9963322,252929.7,9092.0,2.567650763347995
2020-12-08,2720.0,2728.0,2660.0,2664.0,564700,367374,2681.6,2576.4,2434.9,2382.133333333333,97.73030004962311,58.87196340252098,38.85833664710213,77.07182320441989,96.14285714285714,73.28003375252374,522889.6,9398622,255318.2,4184.0,1.1520140973044324
2020-12-09,2664.0,2724.0,2644.0,2700.0,677297,350880,2694.8,2601.2,2457.0,2384.6,101.51043985082879,67.39965869218256,34.11078115864623,80.05390835579516,97.28571428571429,66.98118394214016,534593.6,10075919,257711.65,-16494.0,-4.489702591909062
2020-12-10,2700.0,2768.0,2678.0,2684.0,848593,365418,2692.8,2627.6,2477.1,2388.9333333333334,102.03892043751966,74.32751104124998,27.711409396269687,80.48780487804878,100.28571428571429,65.31026588530271,552625.8,9227326,261505.1,14538.0,4.143296853625178
2020-12-11,2700.0,2760.0,2666.0,2694.0,951756,369007,2693.6,2653.6,2498.5,2393.0,102.08785627680663,79.87958008836131,22.208276188445325,77.84615384615384,99.85714285714286,58.214470372774215,580692.1,10179082,265924.85,3589.0,0.9821628929062021
2020-12-14,2696.0,2808.0,2686.0,2800.0,1008781,418654,2708.4,2692.6,2521.6,2399.133333333333,109.4186424041477,85.7873925515186,23.63124985262911,79.00874635568513,102.14285714285714,66.53995530522172,605645.4,11187863,273810.75,49647.0,13.454216315679645
2020-12-15,2802.0,2832.0,2766.0,2784.0,614410,401435,2732.4,2707.0,2546.0,2404.633333333333,112.63884643663278,91.15768332854142,21.48116310809135,75.4601226993865,98.57142857142857,66.82565561735487,613915.05,10573453,280589.55,-17219.0,-4.1129429075083435
2020-12-16,2790.0,2802.0,2768.0,2778.0,491270,409385,2748.0,2721.4,2571.3,2410.8333333333335,113.39953225767749,95.60605311436865,17.793479143308844,78.59424920127796,97.42857142857143,58.388458855035395,613522.55,10082183,288515.0,7950.0,1.9803953317473644
2020-12-17,2778.0,2810.0,2742.0,2800.0,776914,406029,2771.2,2732.0,2598.6,2416.8333333333335,114.45819457037442,99.3764814055698,15.081713164804611,78.86435331230284,96.14285714285714,54.29289808586916,630281.1,10859097,296470.05,-3356.0,-0.8197662347179335
2020-12-18,2796.0,2818.0,2754.0,2762.0,771731,440181,2784.8,2739.2,2625.0,2422.5333333333333,110.9519249342211,101.69157011130007,9.26035482292103,77.1604938271605,96.28571428571429,49.613916756763246,645627.55,10087366,306510.0,34152.0,8.4112218585372
2020-12-21,2764.0,2788.0,2632.0,2664.0,1107511,448878,2757.6,2733.0,2641.6,2426.5333333333333,99.12277436533486,101.17781096210703,-2.055036596772169,52.32558139534884,89.14285714285714,19.1975804130688,675720.2,8979855,317603.45,8697.0,1.9757781458082047
2020-12-22,2650.0,2672.0,2580.0,2582.0,892262,437527,2717.2,2724.8,2650.6,2429.366666666667,82.18400654794141,97.37905007927392,-15.195043531332516,45.608108108108105,90.0,-16.73697276401589,693787.2,8087593,328949.6,-11351.0,-2.5287494597641236
2020-12-23,2600.0,2610.0,2496.0,2566.0,928082,416146,2674.8,2711.4,2656.3,2433.0333333333333,66.69996900955175,91.2432338653295,-24.54326485577775,38.32116788321168,89.85714285714286,-43.0524579770101,697943.95,7159511,341071.9,-21381.0,-4.886784129893695
2020-12-24,2582.0,2634.0,2570.0,2634.0,606906,384798,2641.6,2706.4,2667.0,2437.8,59.23298838534765,84.84118476933313,-25.608196383985472,45.42483660130719,86.28571428571429,-26.09876690793499,711243.8,7766417,352692.35,-31348.0,-7.532933153268329
2020-12-25,2618.0,2648.0,2606.0,2640.0,407980,364567,2617.2,2701.0,2677.3,2443.5333333333333,53.18640255857463,78.51022832718144,-25.32382576860681,42.611683848797256,82.71428571428571,-25.841609995674418,715712.05,8174397,365126.9,-20231.0,-5.257563708751089
2020-12-28,2646.0,2680.0,2602.0,2644.0,732547,354997,2613.2,2685.4,2689.0,2449.0,48.16202446000807,72.44058755374677,-24.278563093738697,48.091603053435115,83.42857142857143,-34.74083478489878,743859.45,8906944,378844.2,-9570.0,-2.6250318871428258
2020-12-29,2662.0,2674.0,2604.0,2620.0,647331,355921,2620.8,2669.0,2688.0,2453.9333333333334,41.762160998623585,66.30490224272214,-24.54274124409855,42.1875,82.71428571428571,-41.227867953945136,753940.3,8259613,383233.5,924.0,0.260283889723012
2020-12-30,2622.0,2642.0,2574.0,2582.0,852756,378496,2624.0,2649.4,2685.4,2458.2,33.24076186507591,59.6920741671929,-26.45131230211699,40.44943820224719,81.14285714285714,-63.91179178926337,765992.5,7406857,387457.65,22575.0,6.342699644022121
2020-12-31,2584.0,2596.0,2540.0,2544.0,736486,418360,2606.0,2623.8,2677.9,2461.633333333333,23.154300870244697,52.38451950780326,-29.230218637558565,36.654804270462634,78.42857142857143,-81.23846722017718,759411.45,6670371,390267.05,39864.0,10.532211701048366
2021-01-04,2540.0,2626.0,2504.0,2620.0,539195,416459,2602.0,2609.6,2674.4,2466.133333333333,21.05061432591583,46.11773847142578,-25.06712414550995,33.0827067669173,78.42857142857143,-60.01559013852696,742001.0,7209566,393385.1,-1901.0,-0.45439334544411514
2021-01-05,2598.0,2618.0,2548.0,2554.0,614127,454352,2584.0,2598.6,2665.8,2469.8,13.897576556701551,39.67370608848094,-25.77612953177939,30.240549828178686,78.85714285714286,-59.83775446923526,738531.75,6595439,397943.2,37893.0,9.098854869266848
2021-01-06,2570.0,2648.0,2556.0,2638.0,696660,424451,2587.6,2604.2,2664.5,2474.9666666666667,14.835822446271777,34.706129360039114,-19.870306913767337,39.39393939393939,83.14285714285714,-32.03336470925522,745129.75,7292099,400797.05,-29901.0,-6.5810208824875875
2021-01-07,2624.0,2708.0,2616.0,2696.0,650071,410706,2610.4,2617.2,2664.3,2480.8333333333335,20.0286268048103,31.770628848993354,-11.742002044183053,42.52873563218391,84.85714285714286,4.972858925848049,743768.45,7942170,403788.35,-13745.0,-3.238300769700153
2021-01-08,2686.0,2736.0,2664.0,2722.0,623199,417937,2646.0,2626.0,2666.2,2486.5333333333333,25.942890882812208,30.605081255757124,-4.662190372944917,47.07602339181286,85.42857142857143,26.03919815972134,732498.75,8565369,406414.3,7231.0,1.7606268230802469
2021-01-11,2730.0,2752.0,2580.0,2586.0,889907,411697,2639.2,2620.6,2660.8,2489.1,19.431925235858216,28.370450051777343,-8.938524815919127,44.5983379501385,86.57142857142857,-13.914226527591747,729406.3,7675462,408548.8,-6240.0,-1.4930479952720122
2021-01-12,2602.0,2656.0,2540.0,2642.0,739184,407760,2656.8,2620.4,2652.9,2492.5333333333333,18.57653135022929,26.411666311467734,-7.835134961238445,54.310344827586206,88.28571428571429,-26.771974738915265,715926.45,8414646,408004.1,-3937.0,-0.9562858121385354
2021-01-13,2654.0,2692.0,2626.0,2688.0,541419,406799,2666.8,2627.2,2648.1,2496.6666666666665,21.364168262055955,25.40216670158538,-4.037998439529424,58.40220385674931,84.85714285714286,14.76143478807763,712276.9,8956065,408272.3,-961.0,-0.23567784971552097
2021-01-14,2680.0,2704.0,2624.0,2696.0,637690,398624,2666.8,2638.6,2644.0,2500.5333333333333,23.9429246087916,25.110318283026626,-1.1673936742350257,54.65465465465466,85.71428571428571,25.433273772164124,719597.9,9593755,407734.25,-8175.0,-2.009591960648871
2021-01-15,2694.0,2746.0,2666.0,2726.0,662593,397189,2667.6,2656.8,2640.3,2505.633333333333,28.083626309409738,25.70497988830325,2.378646421106488,56.231884057971016,88.42857142857143,65.26458094721995,713881.85,10256348,407292.25,-1435.0,-0.35998835995825207
2021-01-18,2726.0,2740.0,2660.0,2726.0,667513,383473,2695.6,2667.4,2638.5,2510.6,31.00772449297756,26.765528809238113,4.242195683739446,55.97667638483965,88.57142857142857,74.45688622497939,708670.95,10256348,404456.85,-13716.0,-3.453267839743801
2021-01-19,2726.0,2758.0,2688.0,2728.0,548765,384080,2712.8,2684.8,2641.7,2515.6,33.10486438616681,28.033395924623854,5.071468461542956,58.13253012048193,88.57142857142857,85.20981133766993,680733.65,10805113,401216.95,607.0,0.15829015341366492
2021-01-20,2734.0,2786.0,2716.0,2732.0,644763,394092,2721.6,2694.2,2649.2,2520.5333333333333,34.68974761432173,29.364666262563432,5.3250813517583,61.904761904761905,88.71428571428571,89.61901765436998,668358.7,11449876,399045.2,10012.0,2.606748594042907
2021-01-21,2730.0,2750.0,2706.0,2736.0,464304,391894,2729.6,2698.2,2657.7,2526.3,35.85522880316876,30.6627787706845,5.192450032484256,66.10738255033557,87.85714285714286,70.31860545497996,645169.8,11914180,397832.6,-2198.0,-0.5577377871156974
2021-01-22,2734.0,2750.0,2662.0,2682.0,618114,385146,2720.8,2694.2,2660.1,2532.5666666666666,32.052056186987556,30.940634253945113,1.1114219330424433,55.400696864111495,85.42857142857143,37.12992889714935,645730.2,11296066,397850.0,-6748.0,-1.7218941856726566
2021-01-25,2666.0,2708.0,2638.0,2680.0,496935,385250,2711.6,2703.6,2662.1,2540.233333333333,28.5475527847143,30.46201796009895,-1.9144651753846524,62.35294117647059,85.28571428571429,14.89408625310963,650177.95,10799131,398884.15,104.0,0.027002747010218542
2021-01-26,2680.0,2690.0,2650.0,2666.0,431320,381230,2699.2,2706.0,2663.2,2548.133333333333,24.35972188225287,29.241558744529737,-4.881836862276867,53.18181818181818,81.42857142857143,7.716139779111582,635116.6,10367811,400195.8,-4020.0,-1.043478260869568
2021-01-27,2688.0,2750.0,2668.0,2746.0,537531,408427,2702.0,2711.8,2669.5,2556.8,27.182820498475394,28.82981109531887,-1.6469905968434766,55.41125541125541,80.85714285714286,50.05966212208136,629626.6,10905342,402821.1,27197.0,7.134013587598043
2021-01-28,2736.0,2748.0,2714.0,2732.0,410103,401924,2701.2,2715.4,2677.0,2565.133333333333,27.968065049664347,28.657461886187967,-0.6893968365236205,51.11111111111111,78.14285714285714,53.344839136977846,607493.95,10495239,403992.5,-6503.0,-1.5922061959664724
2021-01-29,2738.0,2778.0,2710.0,2736.0,639516,405303,2712.0,2716.4,2686.6,2574.1666666666665,28.58364907068517,28.642699323087406,-0.059050252402236936,73.58490566037736,70.71428571428571,58.75354446176316,602645.45,11134755,403339.65,3379.0,0.8407062031627888
2021-02-01,2748.0,2792.0,2716.0,2770.0,611651,416079,2730.0,2720.8,2694.1,2584.8333333333335,31.45245536555103,29.204650531580132,2.2478048339709,71.62162162162161,67.85714285714286,70.89071071780808,606268.25,11746406,403320.65,10776.0,2.658751600654319
2021-02-02,2770.0,2816.0,2762.0,2806.0,565517,435080,2758.0,2728.6,2706.7,2595.5666666666666,36.21345795707748,30.606412016679602,5.607045940397878,70.62937062937063,67.0,100.49205804285556,603837.75,12311923,402357.05,19001.0,4.566680846666138
2021-02-03,2820.0,2836.0,2784.0,2800.0,486325,416623,2768.8,2735.4,2714.8,2604.733333333333,39.052266734404384,32.295582960224564,6.75668377417982,68.30985915492957,65.0,100.52891622086665,593321.0,11825598,401965.65,-18457.0,-4.242208329502617
2021-02-04,2802.0,2852.0,2800.0,2848.0,461861,427780,2792.0,2746.6,2722.4,2614.5666666666666,44.66042441767286,34.76855125171423,9.891873165958629,70.19867549668874,63.0,105.673334571726,583910.5,12287459,402819.35,11157.0,2.6779606502761455
2021-02-05,2850.0,2872.0,2830.0,2866.0,342844,420493,2818.0,2765.0,2729.6,2624.3,49.981226882710416,37.81108637791347,12.170140504796947,71.875,60.285714285714285,104.29252338636603,569892.75,12630303,402947.15,-7287.0,-1.7034456963859967
2021-02-08,2872.0,2930.0,2858.0,2884.0,470660,412699,2840.8,2785.4,2744.5,2634.6,55.01625756748081,41.25212061582694,13.764136951653867,73.21428571428572,60.42857142857143,110.10989791488714,548930.4,13100963,402997.25,-7794.0,-1.8535385844710817
2021-02-09,2886.0,2964.0,2884.0,2938.0,411665,396753,2867.2,2812.6,2759.3,2644.6,62.64180858754298,45.53005821017015,17.111750377372836,76.6839378238342,61.142857142857146,116.43041187031574,532554.45,13512628,402446.9,-15946.0,-3.8638329630069412
2021-02-10,2928.0,2934.0,2876.0,2896.0,337602,363491,2886.4,2827.6,2769.7,2654.6,64.55194903246274,49.334436374628666,15.217512657834078,68.86792452830188,62.42857142857143,86.21598706729903,522363.6,13175026,400281.5,-33262.0,-8.383553495499719
2021-02-18,3018.0,3050.0,3008.0,3040.0,249160,380593,2924.8,2858.4,2786.9,2667.4,76.80004255446602,54.82755761059614,21.97248494386988,84.8249027237354,67.14285714285714,129.4464468902428,502937.1,13424186,399379.95,17102.0,4.704930796085738
2021-02-19,3038.0,3072.0,2950.0,2996.0,518183,377229,2950.8,2884.4,2800.4,2679.766666666667,82.01094155256578,60.26423439899007,21.746707153575713,78.41726618705036,70.85714285714286,97.42961557261542,495716.6,12906003,398381.95,-3364.0,-0.8838838339118138
2021-02-22,2990.0,3060.0,2982.0,3048.0,453522,390334,2983.6,2912.2,2816.5,2693.3333333333335,89.30710525133281,66.07280856945863,23.234296681874184,82.15488215488216,73.57142857142857,92.78518106761727,485017.05,13359525,398725.0,13105.0,3.4740171089709504
2021-02-23,3042.0,3188.0,3030.0,3142.0,689869,414067,3024.4,2945.8,2837.2,2706.8333333333335,101.50430353097818,73.15910756176254,28.345195969215638,82.5657894736842,78.85714285714286,107.7127746088486,492072.25,14049394,400224.35,23733.0,6.0801774890222315
2021-02-24,3136.0,3178.0,3116.0,3170.0,518759,408600,3079.2,2982.8,2859.1,2719.633333333333,112.13738704316802,80.95476345804364,31.182623585124375,85.20900321543408,80.85714285714286,100.76800742645277,485772.05,14568153,400949.75,-5467.0,-1.3203177263583
2021-02-25,3196.0,3336.0,3190.0,3322.0,581509,413255,3135.6,3030.2,2888.4,2734.133333333333,131.3155876633382,91.02692829910255,40.28865936423564,88.05194805194805,87.85714285714286,115.1613051261577,491632.3,15149662,402017.8,4655.0,1.1392559960841986
2021-02-26,3322.0,3334.0,3226.0,3248.0,601604,384406,3186.0,3068.4,2916.7,2747.9333333333334,138.9416355832618,100.60986975593441,38.3317658273274,79.50617283950618,90.14285714285714,95.1781795177789,490806.8,14548058,401980.8,-28849.0,-6.980919771085647
2021-03-01,3234.0,3286.0,3134.0,3160.0,617568,356379,3208.4,3096.0,2940.7,2760.0333333333333,136.31313596971813,107.75052299869117,28.562612971026965,70.53364269141531,97.14285714285714,67.59500119997455,496838.45,13930490,400537.25,-28027.0,-7.290989214528388
2021-03-02,3150.0,3164.0,3034.0,3054.0,536601,344933,3190.8,3107.6,2960.1,2770.766666666667,124.24450366885321,111.04931913272358,13.19518453612963,63.2016632016632,102.71428571428571,34.916009932988956,502102.5,13393889,398722.4,-11446.0,-3.211749289380128
2021-03-03,3078.0,3126.0,3026.0,3052.0,507638,352898,3167.2,3123.2,2975.4,2777.633333333333,113.21358658220606,111.48217262262008,1.7314139595859785,61.1353711790393,106.14285714285714,26.827839748402603,500607.85,12886251,395945.95,7965.0,2.3091440946502617
2021-03-04,3064.0,3112.0,3052.0,3078.0,450274,350624,3118.4,3127.0,2992.7,2785.0333333333333,105.35502092648858,110.25674228339378,-4.901721356905199,61.47186147186147,107.42857142857143,26.72284201965865,502616.4,13336525,393380.95,-2274.0,-0.6443788290100838
2021-03-05,3076.0,3226.0,3044.0,3222.0,742343,362376,3113.2,3149.6,3017.0,2793.8333333333335,109.48457751045407,110.10230932880584,-0.6177318183517713,66.0952380952381,115.28571428571429,47.32954154299175,507757.75,14078868,391234.6,11752.0,3.3517386145842876
2021-03-08,3240.0,3370.0,3228.0,3308.0,561979,362600,3142.8,3175.6,3043.9,2804.133333333333,118.33269645788596,111.74838675462188,6.584309703264083,67.09796672828097,120.14285714285714,81.65211368550939,505274.15,14640847,388560.65,224.0,0.061814248184210996
2021-03-09,3280.0,3280.0,3156.0,3158.0,530697,348774,3163.6,3177.2,3061.5,2811.3333333333335,111.95065065934523,111.78883953556655,0.16181112377867635,61.008403361344534,126.57142857142857,44.999809713395926,503533.15,14110150,384245.35,-13826.0,-3.813017098731386
2021-03-10,3184.0,3196.0,3056.0,3082.0,523615,337862,3169.6,3168.4,3075.6,2818.3,99.6120033737725,109.35347230320775,-9.741468929435257,51.87165775401069,125.57142857142857,12.723051313015063,505397.65,13586535,380307.3,-10912.0,-3.1286735823197853
2021-03-11,3100.0,3134.0,3082.0,3128.0,422830,337376,3179.6,3149.0,3089.6,2825.4333333333334,92.4793081685657,105.97863947627934,-13.499331307713646,55.87188612099643,120.57142857142857,9.743222450076301,503446.1,14009365,375787.1,-486.0,-0.14384571215466657
2021-03-12,3140.0,3162.0,3092.0,3122.0,401284,338222,3159.6,3136.4,3102.4,2832.733333333333,85.35848647595594,101.85460887621467,-16.496122400258727,53.432282003710576,120.0,9.556196769116825,506368.1,13608081,371673.55,846.0,0.25075879730627193
2021-03-15,3122.0,3198.0,3104.0,3134.0,499082,335569,3124.8,3133.8,3114.9,2840.0666666666666,79.76401379398521,97.43648985976878,-17.67247606578357,49.59839357429719,115.42857142857143,13.950888974130756,507789.2,14107163,367817.05,-2653.0,-0.7843960475663936
2021-03-16,3092.0,3096.0,3006.0,3022.0,527937,356445,3097.6,3130.6,3119.1,2843.766666666667,65.53741538168424,91.05667496415188,-25.51925958246764,43.148148148148145,120.14285714285714,-40.48031840989076,513602.8,13579226,365801.65,20876.0,6.221075248309593
2021-03-17,3022.0,3086.0,2992.0,3068.0,456688,350244,3094.8,3132.2,3127.7,2848.5,57.3138705813717,84.30811408759585,-26.99424350622415,36.96098562628337,115.0,-46.34079610520207,519557.1,14035914,365139.3,-6201.0,-1.7396793334174987
2021-03-18,3022.0,3058.0,3010.0,3042.0,389961,349578,3077.6,3128.6,3127.8,2852.9,48.14369877962963,77.07523102600263,-28.931532246372996,38.8768898488121,111.42857142857143,-53.55638974457199,526597.15,13645953,363588.55,-666.0,-0.1901531503751719
2021-03-19,3020.0,3032.0,2786.0,2820.0,923908,392716,3017.2,3088.4,3119.0,2853.233333333333,22.70104339331192,66.20039349946448,-43.49935010615256,33.9622641509434,118.85714285714286,-122.56236253884524,546883.4,12722045,364362.9,43138.0,12.340021397227519
2021-03-22,2802.0,2862.0,2794.0,2850.0,524212,399898,2960.4,3042.6,3109.1,2854.7,4.901800074762832,53.94067481452416,-49.038874739761326,39.63414634146341,114.42857142857143,-118.81337118209363,550417.9,13246257,364841.1,7182.0,1.828802493404913
2021-03-23,2854.0,2864.0,2804.0,2850.0,432216,415140,2926.0,3011.8,3094.5,2857.8,-9.099336999026491,41.332672451814034,-50.432009450840525,39.71486761710794,111.57142857142857,-98.44943217328121,537535.25,13246257,364894.75,15242.0,3.81147192534097
2021-03-24,2790.0,2836.0,2756.0,2824.0,666598,414449,2877.2,2986.0,3077.2,2861.8333333333335,-22.03926676340234,28.658284608770757,-50.697551372173095,37.067209775967406,114.0,-94.31085663139669,544927.2,12579659,365187.2,-691.0,-0.16644987233223052
2021-03-25,2836.0,2850.0,2784.0,2794.0,478059,412943,2827.6,2952.6,3050.8,2865.633333333333,-34.319391031635405,16.062749480689526,-50.38214051232493,25.345622119815673,105.71428571428571,-82.63200182666993,539754.7,12101600,365171.6,-1506.0,-0.36337402189412504
2021-03-26,2770.0,2870.0,2766.0,2840.0,596083,393592,2831.6,2924.4,3030.4,2869.0666666666666,-39.87995117305263,4.874209349941094,-44.75416052299373,21.73913043478261,102.57142857142857,-69.97881826758555,539478.65,12697683,365630.9,-19351.0,-4.686118907452119
2021-03-29,2848.0,2896.0,2804.0,2828.0,555005,376364,2827.2,2893.8,3013.8,2872.2,-44.73930796563809,-5.048494113174742,-39.69081385246335,26.08695652173914,98.28571428571429,-57.954929032626275,536350.5,12142678,366630.15,-17228.0,-4.377121486209068
2021-03-30,2862.0,2894.0,2842.0,2870.0,461987,364634,2831.2,2878.6,3004.6,2875.9666666666667,-44.68621932204451,-12.976039154948698,-31.71018016709581,33.84146341463415,93.0,-44.99119588665334,532619.8,12604665,367615.2,-11730.0,-3.1166636553974336
2021-03-31,2850.0,2874.0,2824.0,2834.0,407714,368318,2833.2,2855.2,2993.7,2879.5333333333333,-47.00717586256724,-19.782266496472406,-27.22490936609483,27.244582043343655,92.85714285714286,-48.28696584046722,527623.6,12196951,368386.2,3684.0,1.0103281646802076
2021-04-01,2816.0,2864.0,2770.0,2862.0,625807,379146,2846.8,2837.2,2982.9,2884.2,-46.05627656112392,-25.037068509402708,-21.019208051721215,30.538922155688624,94.57142857142857,-47.32199674188547,536400.25,12822758,369812.3,10828.0,2.9398508897202857
2021-04-02,2862.0,2956.0,2854.0,2944.0,663321,348736,2867.6,2849.6,2969.0,2890.866666666667,-38.24510159206011,-27.67867512593419,-10.566426466125918,37.12737127371274,95.14285714285714,-17.166217691135618,532449.15,13486079,369130.3,-30410.0,-8.020656950093109
2021-04-06,2894.0,2918.0,2862.0,2866.0,451981,366573,2875.2,2851.2,2946.9,2894.9666666666667,-37.911615771943616,-29.725263255136078,-8.186352516807538,38.92045454545455,91.85714285714286,-25.291334479778783,526949.25,13034098,369328.95,17837.0,5.114757294916505
2021-04-07,2866.0,2910.0,2830.0,2832.0,613296,396299,2867.6,2849.4,2930.6,2899.6,-39.93054721462295,-31.766320047033453,-8.164227167589495,32.94797687861271,90.85714285714286,-30.872438302485843,531079.2,12420802,371705.2,29726.0,8.109162431493866
2021-04-08,2828.0,2840.0,2778.0,2788.0,595135,444407,2858.4,2845.8,2915.9,2902.1,-44.56725364732438,-34.32650676709164,-10.240746880232741,32.11267605633802,91.14285714285714,-48.79715230689417,534655.2,11825667,377032.45,48108.0,12.13931904950556
2021-04-09,2788.0,2820.0,2754.0,2800.0,558572,448214,2846.0,2846.4,2899.5,2903.8333333333335,-46.73484696471314,-36.80817480661594,-9.926672158097205,47.99999999999999,77.57142857142857,-49.13620055469048,541442.3,12384239,382574.35,3807.0,0.8566471725242941
2021-04-12,2796.0,2818.0,2720.0,2734.0,773523,473665,2804.0,2835.8,2880.1,2904.0333333333333,-53.165470253668445,-40.079633896026436,-13.085836357642009,39.17910447761194,79.71428571428571,-60.892639502694244,560054.25,11610716,389346.5,25451.0,5.678314376614746
2021-04-13,2758.0,2808.0,2752.0,2790.0,564091,441129,2788.8,2832.0,2862.9,2907.4333333333334,-53.13059710109883,-42.689826537040915,-10.440770564057914,44.932432432432435,80.71428571428571,-48.04510956156728,563304.7,12174807,394624.5,-32536.0,-6.868989686803961
2021-04-14,2800.0,2902.0,2800.0,2900.0,697595,387153,2802.4,2835.0,2856.8,2911.733333333333,-43.722869165596876,-42.89643506275211,-0.8264341028447646,55.62130177514793,82.0,7.460577194582714,571787.6,12872402,396159.9,-53976.0,-12.235876580320038
2021-04-15,2904.0,2992.0,2894.0,2954.0,726168,351355,2835.6,2847.0,2851.1,2916.1666666666665,-31.54618352763282,-40.62638475572825,9.080201228095433,61.42857142857143,84.28571428571429,75.92509830138292,585261.6,13598570,396215.45,-35798.0,-9.246473616373885
2021-04-16,2954.0,3014.0,2936.0,3010.0,550711,346134,2877.6,2861.8,2849.5,2921.4,-17.179308073073116,-35.936969419197226,18.75766134612411,61.971830985915496,82.42857142857143,123.84871569207503,593299.1,14149281,396043.25,-5221.0,-1.485961491938348
2021-04-19,3010.0,3024.0,2952.0,2986.0,529335,338418,2928.0,2866.0,2857.8,2925.733333333333,-7.641963394165941,-30.27796821419097,22.63600482002503,60.94182825484764,81.0,104.8884190540298,573570.45,13619946,393328.35,-7716.0,-2.229194473816498
2021-04-20,2986.0,3000.0,2968.0,2990.0,411912,333755,2968.0,2878.4,2864.8,2930.133333333333,0.23649142143585777,-24.175076287065604,24.41156770850146,58.771929824561404,78.57142857142857,89.09654393875056,567955.45,14031858,390021.2,-4663.0,-1.3778817911576757
2021-04-21,2980.0,2990.0,2910.0,2952.0,485443,325802,2978.4,2890.4,2869.9,2933.866666666667,3.3750358903948836,-18.665053851573507,22.04008974196839,58.60058309037901,80.71428571428571,57.71670070397627,570616.8,13546415,385554.3,-7953.0,-2.382885649653188
2021-04-22,2910.0,2958.0,2852.0,2868.0,677322,318009,2961.2,2898.4,2872.1,2936.133333333333,-0.9053071711373377,-15.113104515486274,14.207797344348936,50.40431266846361,81.57142857142857,14.87609170545628,571153.0,12869093,380732.3,-7793.0,-2.391943573090405
2021-04-23,2870.0,2906.0,2864.0,2882.0,469825,314290,2935.6,2906.6,2876.5,2938.5666666666666,-3.1317262971679156,-12.716828871822603,9.585102574654687,45.40059347181009,77.28571428571429,6.279680774444169,570741.3,13338918,375799.65,-3719.0,-1.169463757315048
2021-04-26,2874.0,2936.0,2848.0,2858.0,638871,313222,2910.0,2919.0,2877.4,2941.5,-6.754912492238873,-11.524445595905856,4.7695331036669835,49.354838709677416,77.71428571428571,1.9210531992321631,572880.7,12700047,371781.15,-1068.0,-0.33981354799706986
2021-04-27,2838.0,2924.0,2830.0,2914.0,495805,305179,2894.8,2931.4,2881.7,2945.4,-5.049375608123228,-10.229431598349331,5.180055990226103,56.386292834890966,78.71428571428571,6.586926494299496,569920.7,13195852,368221.9,-8043.0,-2.5678272918249645
2021-04-28,2926.0,2966.0,2904.0,2952.0,595309,291558,2894.8,2936.6,2885.8,2950.1666666666665,-0.6242469882822661,-8.308394676335919,7.684147688053653,62.893081761006286,78.71428571428571,40.90585309103445,576586.8,13791161,364568.1,-13621.0,-4.463282204869934
2021-04-29,2956.0,2996.0,2944.0,2978.0,486222,288773,2916.8,2939.0,2893.0,2954.0333333333333,4.923922123995453,-5.661931316269645,10.585853440265097,63.69230769230769,77.71428571428571,57.656422018707396,580512.2,14277383,360590.85,-2785.0,-0.9552130279395499
2021-04-30,3004.0,3038.0,2974.0,3022.0,618076,280696,2944.8,2940.2,2901.0,2958.866666666667,12.724636703426768,-1.9846177123303623,14.70925441575713,72.92993630573248,75.28571428571429,74.84230914574596,580125.65,14895459,355668.35,-8077.0,-2.7970066453581133
2021-05-06,3056.0,3104.0,3034.0,3086.0,304186,289207,2990.4,2950.2,2908.1,2964.7,23.796710670748325,3.171647964285375,20.62506270646295,73.27044025157232,75.85714285714286,99.16525397113388,562168.9,15199645,352691.9,8511.0,3.032105908171112
2021-05-07,3080.0,3114.0,3062.0,3090.0,395722,279348,3025.6,2960.2,2919.3,2970.0333333333333,32.51931323009467,9.041181017447235,23.47813221264743,67.9245283018868,71.57142857142857,91.64680571303485,559355.95,15595367,348330.65,-9859.0,-3.4089769611385656
2021-05-10,3076.0,3154.0,3066.0,3102.0,629388,280458,3055.6,2975.2,2932.8,2974.9666666666667,39.93993559733053,15.220931933423895,24.719003663906637,65.16393442622952,70.85714285714286,87.5283325906192,560160.55,16224755,342538.6,1110.0,0.39735383822330217
2021-05-11,3092.0,3110.0,3002.0,3058.0,502584,254459,3071.6,2994.2,2946.3,2979.266666666667,41.78868604918398,20.534482756575912,21.254203292608068,55.04201680672269,73.0,56.75593111482557,555533.0,15722171,333041.2,-25999.0,-9.270193754501566
2021-05-12,3058.0,3176.0,3044.0,3174.0,481445,263571,3102.0,3023.4,2965.0,2984.7,52.01447416902147,26.830481039065027,25.18399312995644,66.54929577464789,77.28571428571429,84.00131118559496,551676.65,16203616,323809.05,9112.0,3.580930523188419
2021-05-13,3178.0,3198.0,3094.0,3122.0,503397,248038,3109.2,3049.8,2984.4,2988.9666666666667,55.285225839332725,32.52142999911857,22.763795840214158,60.71428571428572,82.42857142857143,81.4001202179609,538170.35,15700219,312527.7,-15533.0,-5.8932887153746005
2021-05-14,3110.0,3110.0,2918.0,2964.0,628870,205025,3084.0,3054.8,2993.1,2990.3,44.613760899099816,34.93989617911482,9.673864719984998,50.81521739130435,91.28571428571429,4.537954363023462,541409.3,15071349,300722.5,-43013.0,-17.341294479071756
2021-05-17,3250.0,3254.0,3098.0,3254.0,736479,194363,3114.4,3085.0,3010.8,2995.5666666666666,58.87841075049482,39.72759909339082,19.150811657104,70.48832271762208,104.42857142857143,104.66770380264747,543353.5,15807828,291083.0,-10662.0,-5.200341421777832
2021-05-18,3368.0,3382.0,3250.0,3280.0,729880,173459,3158.8,3115.2,3027.1,3001.9666666666667,71.45751350300634,46.07358197531393,25.38393152769241,70.85953878406708,110.85714285714286,123.26945845510436,543539.1,16537708,282188.2,-20904.0,-10.755133435890574
2021-05-19,3282.0,3290.0,3202.0,3224.0,437504,161300,3168.8,3135.4,3037.8,3005.0333333333333,76.0313687820053,52.0651393366522,23.9662294453531,68.55983772819472,110.85714285714286,82.25620283717718,537878.75,16100204,272946.5,-12159.0,-7.009725641217813
2021-05-20,3206.0,3206.0,3126.0,3162.0,425067,137903,3176.8,3143.0,3046.6,3007.8,73.80255033926096,56.41262153717396,17.389928802087,62.5,111.14285714285714,47.491996046435176,532665.35,15675137,262920.75,-23397.0,-14.505269683818966
2021-05-21,3152.0,3154.0,3076.0,3094.0,388001,118632,3202.8,3143.4,3051.8,3008.5666666666666,65.79076893438423,58.288251016616016,7.502517917768216,56.94716242661448,112.85714285714286,22.47817463221148,531469.8,15287136,252164.6,-19271.0,-13.974315279580573
2021-05-24,3116.0,3180.0,3092.0,3128.0,357085,106303,3177.6,3146.0,3060.6,3008.3333333333335,61.476230580883566,58.92584692946953,2.5503836514140374,57.28155339805825,115.42857142857143,29.197888297628577,525051.9,15644221,241189.65,-12329.0,-10.392642794524242
2021-05-25,3140.0,3216.0,3110.0,3194.0,254386,96170,3160.4,3159.6,3076.9,3008.733333333333,62.660267704711714,59.67273108451797,2.987536620193744,58.17490494296578,118.42857142857143,41.04240838357769,503905.1,15898607,230097.7,-10133.0,-9.532186297658585
2021-05-26,3200.0,3210.0,3152.0,3186.0,164896,83890,3152.8,3160.8,3092.1,3006.4666666666667,62.23567835495123,60.18532053860463,2.0503578163466045,55.020080321285135,116.71428571428571,40.96044081102962,488658.65,15733711,218577.7,-12280.0,-12.7690547987938
2021-05-27,3248.0,3250.0,3102.0,3106.0,577194,232840,3141.6,3159.2,3104.5,3004.1,54.81201799995415,59.110660030874534,-4.298642030920384,50.74626865671642,123.57142857142857,23.973458037932918,485574.8,15156517,214558.6,148950.0,177.55393968291813
2021-05-28,3106.0,3204.0,3088.0,3142.0,463074,243115,3151.2,3177.0,3115.9,3003.8,51.24291637709348,57.537111300118326,-6.294194923024847,51.824817518248175,125.57142857142857,15.87193623895376,483938.25,15619591,211455.4,10275.0,4.4129015633052715
2021-05-31,3160.0,3178.0,3112.0,3164.0,371516,244169,3158.4,3168.0,3126.5,3005.633333333333,49.61763258280598,55.95321555665586,-6.335582973849881,54.93482309124768,122.57142857142857,15.407658972854986,472748.6,15991107,209085.95,1054.0,0.4335396828661242
2021-06-01,3170.0,3280.0,3166.0,3278.0,414493,253138,3175.2,3167.8,3141.5,3009.4,56.87283607636664,56.137139660598024,0.735696415768615,54.85074626865672,121.42857142857143,67.27189859867828,469162.15,16405600,207304.2,8969.0,3.6732754772309306
2021-06-02,3284.0,3324.0,3252.0,3272.0,441017,250794,3192.4,3172.6,3154.0,3012.633333333333,61.430356351077535,57.19578299869393,4.234573352383606,57.30994152046784,119.14285714285714,85.69827628047379,460309.2,15964583,205809.1,-2344.0,-0.9259771350014656
2021-06-03,3286.0,3336.0,3274.0,3312.0,372464,262483,3233.6,3187.6,3165.3,3014.133333333333,67.49188526885882,59.25500345272691,8.236881816131913,69.16299559471366,109.14285714285714,88.51836119718809,463723.1,16337047,204472.9,11689.0,4.660797307750575
2021-06-04,3300.0,3308.0,3240.0,3294.0,415704,262679,3264.0,3207.6,3175.5,3013.9,70.03591065721912,61.41118489362536,8.624725763593759,53.144654088050316,93.57142857142857,64.45851698046319,464722.2,15921343,203639.45,196.0,0.074671502535395
2021-06-07,3312.0,3328.0,3214.0,3214.0,480129,251190,3274.0,3216.2,3181.1,3014.8333333333335,64.84919652380131,62.09878721966056,2.750409304140753,45.21739130434783,92.28571428571429,42.52431105218275,457259.25,15441214,202176.05,-11489.0,-4.3737794037589595
2021-06-08,3220.0,3234.0,3150.0,3162.0,404414,265923,3250.8,3213.0,3186.3,3016.1666666666665,55.898361273701084,60.85870203046867,-4.960340756767586,45.48104956268221,92.0,-4.173615739488605,452350.75,15036800,202749.25,14733.0,5.865281261196698
2021-06-09,3154.0,3222.0,3154.0,3202.0,353160,273456,3236.8,3214.6,3187.7,3017.4,51.43946344215556,58.97485431280605,-7.535390870650495,53.01204819277108,89.85714285714286,0.7948397869050926,445936.5,15389960,203243.5,7533.0,2.832774901005175
2021-06-10,3202.0,3206.0,3094.0,3116.0,470822,317429,3197.6,3215.6,3187.4,3017.3,40.4994213981563,55.279767729876106,-14.780346331719805,51.61290322580645,91.71428571428571,-35.006488190558905,444307.75,14919138,206713.05,43973.0,16.080466327306773
2021-06-11,3130.0,3252.0,3118.0,3240.0,490399,274650,3186.8,3225.4,3201.2,3019.0666666666666,41.35836941042908,52.4954880659867,-11.137118655557622,57.25388601036269,95.14285714285714,1.2767155344295764,437384.2,15409537,210194.3,-42779.0,-13.476714477883245
2021-06-15,3260.0,3320.0,3246.0,3298.0,407509,271430,3203.6,3238.8,3203.4,3023.6666666666665,46.186794554967946,51.233749363782955,-5.046954808815009,56.80628272251309,93.28571428571429,64.92966483503588,420935.7,15817046,214047.65,-3220.0,-1.1724012379391913
2021-06-16,3312.0,3362.0,3294.0,3350.0,445337,288907,3241.2,3246.0,3206.9,3028.366666666667,53.59155163909418,51.7053098188452,1.8862418202489764,60.148514851485146,94.0,96.78840447362523,406708.55,16262383,219820.05,17477.0,6.438860848100791
2021-06-17,3348.0,3360.0,3302.0,3348.0,410926,295354,3270.4,3253.6,3213.1,3033.4666666666667,58.622725404275116,53.08879293593119,5.533932468343927,66.57534246575342,87.57142857142857,86.46809204702275,405379.65,15851457,226522.75,6447.0,2.2315139473948253
2021-06-18,3338.0,3382.0,3234.0,3260.0,609501,276179,3299.2,3248.4,3218.0,3040.8,54.87651994503722,53.446338337752394,1.4301816072848226,57.54475703324808,89.85714285714286,50.09625894770521,414601.35,15241956,233436.55,-19175.0,-6.492209348781463
2021-06-21,3250.0,3304.0,3228.0,3256.0,454662,269331,3302.4,3244.6,3226.1,3047.5666666666666,50.99699692204422,52.95647005461076,-1.9594731325665435,56.02094240837696,90.57142857142857,26.232664832636736,417934.4,14787294,240971.5,-6848.0,-2.479551305493899
2021-06-22,3232.0,3342.0,3212.0,3336.0,448379,285765,3310.0,3256.8,3236.5,3055.6666666666665,53.75808860577308,53.11679376484323,0.6412948409298522,53.97260273972602,91.57142857142857,46.411441180991865,422499.1,15235673,249944.6,16434.0,6.101785535270721
2021-06-23,3332.0,3464.0,3322.0,3420.0,649977,321951,3324.0,3282.6,3247.8,3065.6,62.00956398640619,54.89534780915583,7.114216177250363,59.15841584158415,96.57142857142857,104.31880938340687,442278.65,15885650,261233.65,36186.0,12.662852343708986
2021-06-24,3422.0,3442.0,3392.0,3424.0,407782,323651,3339.2,3304.8,3259.7,3076.1,68.08682174631713,57.533642596588095,10.553179149729033,57.25388601036269,95.57142857142857,97.85054225834513,454422.95,16293432,273221.7,1700.0,0.5280306630512044
2021-06-25,3398.0,3550.0,3384.0,3532.0,721626,373664,3393.6,3346.4,3281.0,3087.633333333333,80.68767244999208,62.16444856726889,18.523223882723187,63.80510440835267,102.28571428571429,114.56793002518968,461644.55,17015058,280262.9,50013.0,15.452756209620855
2021-06-28,3550.0,3578.0,3490.0,3510.0,623026,370726,3444.4,3373.4,3299.4,3099.0,87.88563043777185,67.30868494136949,20.57694549640236,68.40796019900498,100.42857142857143,111.91388970952302,469642.15,16392032,286643.45,-2938.0,-0.7862678770232057
2021-06-29,3508.0,3522.0,3462.0,3476.0,444348,348991,3472.4,3391.2,3315.0,3109.1,89.81125985340896,71.80919992377738,18.00205992963157,69.97455470737913,98.71428571428571,82.6265604702639,473283.75,15947684,291884.55,-21735.0,-5.862820519736944
2021-06-30,3498.0,3522.0,3468.0,3494.0,393951,341547,3487.2,3405.6,3325.8,3120.1,91.73235116362639,75.79383017174719,15.938520991879201,69.10994764397905,97.71428571428571,76.00950300131345,472256.65,16341635,296305.0,-7444.0,-2.1330062952912843
2021-07-01,3518.0,3526.0,3440.0,3452.0,525057,331998,3492.8,3416.0,3334.8,3129.9333333333334,88.84166941335752,78.40339802006926,10.438271393288261,73.33333333333334,95.85714285714286,59.74262790940773,476458.65,15816578,300365.2,-9549.0,-2.7958084831662955
2021-07-02,3504.0,3552.0,3474.0,3488.0,475762,332052,3484.0,3438.8,3343.6,3139.0,88.43624445900514,80.40996730785645,8.02627715114869,69.62025316455696,93.28571428571429,65.87864805107849,481623.55,16292340,303843.65,54.0,0.016265158223838228
2021-07-05,3492.0,3562.0,3470.0,3550.0,463617,351714,3492.0,3468.2,3356.4,3150.4,92.05665232144702,82.73930431057457,9.31734801087245,69.81132075471697,94.14285714285714,66.98356920729046,484019.2,16755957,308295.4,19662.0,5.921361714430273
2021-07-06,3554.0,3618.0,3514.0,3584.0,484593,342802,3513.6,3493.0,3374.9,3162.9333333333334,96.55632626129272,85.5027087007182,11.053617560574523,68.93203883495146,96.71428571428571,74.50799316558556,484242.4,17240550,312876.0,-8912.0,-2.5338769568456154
2021-07-07,3556.0,3566.0,3394.0,3416.0,737227,314634,3498.0,3492.6,3387.6,3173.4,85.57964543055823,85.51809604668621,0.0615493838720198,54.33673469387755,106.14285714285714,28.704205700944783,500883.05,16503323,315311.55,-28168.0,-8.216988232274025
2021-07-08,3428.0,3440.0,3334.0,3358.0,646036,300112,3479.2,3486.0,3395.4,3182.7,71.3776345753613,82.69000375242123,-11.312369177059935,56.49867374005305,103.14285714285714,-6.998446193112625,515526.85,15857287,316644.35,-14522.0,-4.6155215265991645
2021-07-09,3368.0,3430.0,3352.0,3414.0,430438,286930,3464.4,3474.2,3410.3,3194.0333333333333,63.904519123849695,78.93290682670693,-15.02838770285723,59.801488833746895,103.28571428571429,-4.07994475362863,513507.65,16287725,315119.4,-13182.0,-4.39236018553073
2021-07-12,3428.0,3488.0,3414.0,3434.0,444677,272043,3441.2,3466.6,3420.0,3204.766666666667,58.91669910772134,74.92966528290981,-16.012966175188467,56.56836461126005,99.28571428571429,14.065001075577879,511221.55,16732402,314989.05,-14887.0,-5.188373470881402
2021-07-13,3412.0,3458.0,3402.0,3438.0,320132,271938,3412.0,3462.8,3427.0,3213.733333333333,54.65653585738983,70.87503939780582,-16.218503540415995,51.35135135135135,93.14285714285714,3.5288747928029967,506852.7,17052534,315014.45,-105.0,-0.03859683947022852
2021-07-14,3420.0,3456.0,3402.0,3414.0,418421,280763,3411.6,3454.8,3430.2,3221.4,48.78140469707523,66.4563124576597,-17.674907760584475,49.27113702623907,93.42857142857143,-4.092193365809615,505506.9,16634113,314607.25,8825.0,3.245225014525377
2021-07-15,3424.0,3426.0,3212.0,3218.0,989304,380203,3383.6,3431.4,3423.7,3224.866666666667,27.98714062905492,58.76247809193875,-30.775337462883833,29.715762273901817,96.85714285714286,-80.88540867981989,534425.8,15644809,318849.7,99440.0,35.4177722848096
2021-07-16,3210.0,3244.0,3192.0,3224.0,596019,388352,3345.6,3405.0,3421.9,3228.8333333333335,11.855029001642379,49.38098827387948,-37.5259592722371,31.13456464379948,94.28571428571429,-107.2660387396452,533751.7,16240828,324458.35,8149.0,2.143328695460056
2021-07-19,3244.0,3262.0,3168.0,3250.0,642148,380212,3308.8,3375.0,3421.6,3233.1666666666665,1.1548842337083443,39.73576746584526,-38.58088323213691,34.93333333333334,96.71428571428571,-99.20012396391195,543126.0,16882976,330002.4,-8140.0,-2.096036585365857
2021-07-20,3186.0,3214.0,3130.0,3146.0,689537,386711,3250.4,3331.2,3412.1,3236.4,-15.537877441837736,28.681038484308658,-44.218915926146394,29.186602870813388,101.42857142857143,-113.35287301920432,555183.9,16193439,335049.7,6499.0,1.709309543097004
2021-07-21,3122.0,3148.0,3066.0,3112.0,650009,408609,3190.0,3300.8,3396.7,3240.4666666666667,-31.151432857814598,16.714544215884008,-47.8659770736986,29.468599033816417,101.14285714285714,-111.70974306217846,555185.5,15543430,339382.6,21898.0,5.662626612638388
2021-07-22,3150.0,3192.0,3130.0,3174.0,566803,404091,3181.2,3282.4,3384.2,3245.3333333333335,-38.083404390470605,5.754954494613085,-43.83835888508369,31.615925058548,99.71428571428571,-79.1590043709164,563136.55,16110233,343404.6,-4518.0,-1.1057025175656876
2021-07-23,3182.0,3208.0,3156.0,3162.0,507538,406863,3168.8,3257.2,3365.7,3250.4,-44.03770226488223,-4.203576857285976,-39.834125407596254,25.870646766169145,96.85714285714286,-67.3902769984197,552432.15,15602695,345064.55,2772.0,0.6859840976413789
2021-07-26,3162.0,3174.0,3100.0,3104.0,585824,409090,3139.6,3224.2,3345.4,3253.5666666666666,-52.8276769270019,-13.928396871229161,-38.89928005577274,21.014492753623188,94.71428571428571,-74.70736333246666,550572.05,15016871,346982.75,2227.0,0.5473586932210672
2021-07-27,3120.0,3198.0,3116.0,3176.0,507486,378265,3145.6,3198.0,3330.4,3257.3,-53.368794660262665,-21.816476429035866,-31.5523182312268,33.606557377049185,87.85714285714286,-56.291203069266814,553728.95,15524357,348446.45,-30825.0,-7.535016744481659
2021-07-28,3184.0,3256.0,3162.0,3238.0,542692,337936,3170.8,3180.4,3317.6,3261.633333333333,-48.23868696227328,-27.10091853568335,-21.13776842658993,41.84782608695652,87.0,-34.45629558571648,561166.0,16067049,348265.9,-40329.0,-10.661573235694554
2021-07-29,3244.0,3290.0,3240.0,3282.0,431624,302583,3192.4,3186.8,3309.1,3265.9666666666667,-40.159671677954066,-29.712669164137495,-10.447002513816571,40.88397790055248,85.14285714285714,-14.36477409338189,556494.35,16498673,346795.15,-35353.0,-10.461448321575684
2021-07-30,3286.0,3334.0,3276.0,3282.0,512601,251776,3216.4,3192.6,3298.8,3269.233333333333,-33.37229877225673,-30.444595085761343,-2.9277036864953843,39.20454545454545,84.0,-1.9499772297598499,558336.3,16498673,342781.35,-50807.0,-16.79109533582521
2021-08-02,3284.0,3318.0,3202.0,3292.0,544785,214525,3254.0,3196.8,3285.9,3272.6,-26.876524572383005,-29.730980983085676,2.854456410702671,39.71830985915493,88.28571428571429,-7.3885814146372075,562394.7,17043458,335921.9,-37251.0,-14.795294229791555
2021-08-03,3288.0,3320.0,3206.0,3224.0,475198,206431,3263.6,3204.6,3267.9,3274.633333333333,-26.905459036044704,-29.16587659367748,2.2604175576327776,37.40053050397878,92.57142857142857,-10.585991612150108,561924.95,16568260,329103.35,-8094.0,-3.7729868313716386
2021-08-04,3188.0,3260.0,3174.0,3244.0,393556,195974,3264.8,3217.8,3259.3,3277.733333333333,-25.026071974399656,-28.337915669821918,3.3118436954222616,52.24913494809689,83.42857142857143,-17.34905136953634,544741.4,16961816,323170.35,-10457.0,-5.065615145012137
2021-08-05,3212.0,3252.0,3194.0,3216.0,442277,196382,3251.6,3222.0,3252.2,3278.4333333333334,-25.502038556023763,-27.77074024706229,2.268701691038526,49.33333333333333,83.85714285714286,-16.6727620007423,534553.45,16519539,317983.85,408.0,0.20819088246399886
2021-08-06,3238.0,3326.0,3234.0,3314.0,495965,190218,3258.0,3237.2,3247.2,3281.633333333333,-17.76666150680012,-25.769924499009853,8.003262992209734,54.76190476190476,85.0,22.032272443571753,537829.8,17015504,313148.25,-6164.0,-3.1387805399680224
2021-08-09,3320.0,3332.0,3112.0,3120.0,658554,191822,3223.6,3238.8,3231.5,3284.233333333333,-26.97949531146196,-26.011838661500278,-0.9676566499616825,48.29396325459318,92.14285714285714,-28.411529831476738,548523.65,16356950,309137.2,1604.0,0.8432430159080573
2021-08-10,3096.0,3150.0,3088.0,3140.0,394146,192350,3206.8,3235.2,3216.6,3282.3333333333335,-32.2946272631325,-27.268396381826722,-5.026230881305775,51.87165775401069,90.71428571428571,-63.63953967651288,552224.35,16751096,305157.8,528.0,0.275255184493961
2021-08-11,3138.0,3188.0,3124.0,3186.0,326011,165826,3195.2,3230.0,3205.2,3280.766666666667,-32.4213588234079,-28.29898887014296,-4.12236995326494,50.81967213114754,89.57142857142857,-36.16258010036051,547603.85,17077107,299410.95,-26524.0,-13.789446321809207
2021-08-12,3168.0,3222.0,3150.0,3198.0,300042,145209,3191.6,3221.6,3204.2,3280.3333333333335,-31.193910799995137,-28.8779732561134,-2.315937543881738,52.459016393442624,91.0,-11.960643359159228,513140.75,17377149,287661.25,-20617.0,-12.432911606141372
2021-08-13,3186.0,3208.0,3148.0,3178.0,230279,138343,3164.4,3211.2,3201.9,3280.6,-31.47219043065479,-29.39681669102168,-2.075373739633111,55.3314121037464,90.0,-20.88342422401339,494853.75,17146870,275160.8,-6866.0,-4.728357057758126
2021-08-16,3198.0,3208.0,3112.0,3136.0,204205,132298,3167.6,3195.6,3196.2,3281.3,-34.68198569193282,-30.45385049120391,-4.228135200728914,46.98795180722891,90.14285714285714,-40.501579628312896,472956.6,16942665,262765.1,-6045.0,-4.369574174334801
2021-08-17,3144.0,3180.0,3118.0,3134.0,411925,290313,3166.4,3186.6,3195.6,3281.4,-36.961090404422976,-31.755298473847724,-5.205791930575252,41.390728476821195,87.85714285714286,-46.13829643251873,459076.0,16530740,257945.2,158015.0,119.43869143902401
2021-08-18,3124.0,3160.0,3088.0,3156.0,475147,310520,3160.4,3177.8,3197.8,3280.766666666667,-36.57051899222097,-32.71834257752238,-3.85217641469859,39.175257731958766,89.28571428571429,-57.366456534436125,450332.9,17005887,253040.75,20207.0,6.96041858270211
2021-08-19,3166.0,3170.0,3034.0,3054.0,532161,335995,3131.6,3161.6,3191.8,3278.5666666666666,-43.98450983460134,-34.97157602893817,-9.012933805663167,33.33333333333333,94.85714285714286,-89.73673799827998,448600.8,16473726,249635.95,25475.0,8.203980419940748
2021-08-20,3022.0,3042.0,2988.0,3014.0,477806,371117,3098.8,3131.6,3184.4,3277.0333333333333,-52.48282733407723,-38.473826289965984,-14.009001044111244,30.532212885154053,91.28571428571429,-118.53138830015783,447114.2,15995920,247848.65,35122.0,10.453131743031886
2021-08-23,2974.0,3042.0,2954.0,3018.0,470364,376544,3075.2,3121.4,3180.1,3274.9666666666667,-58.223870077723404,-42.42383504751747,-15.800035030205933,34.15384615384616,89.42857142857143,-106.84807250244242,441341.2,16466284,246221.35,5427.0,1.4623420646319163
2021-08-24,3036.0,3104.0,3032.0,3072.0,483079,370126,3062.8,3114.6,3174.9,3273.4333333333334,-57.750625844651495,-45.48919320694428,-12.261432637707216,37.42690058479533,89.42857142857143,-61.768854550111584,440120.85,16949363,245814.4,-6418.0,-1.7044488824679238
2021-08-25,3082.0,3110.0,3036.0,3044.0,440784,389440,3040.4,3100.4,3165.2,3269.5333333333333,-58.955341891735316,-48.18242294390249,-10.772918947832828,37.42690058479533,90.57142857142857,-58.79094793394453,435025.45,16508579,248389.6,19314.0,5.218222983524523
2021-08-26,3072.0,3082.0,3038.0,3040.0,369677,384705,3037.6,3084.6,3153.1,3265.6666666666665,-59.54644031162525,-50.45522641744704,-9.09121389417821,26.77966101694915,85.85714285714286,-58.32305478537338,431928.1,16138902,252495.7,-4735.0,-1.2158483976992596
2021-08-27,3028.0,3146.0,3010.0,3142.0,667954,368545,3063.2,3081.0,3146.1,3262.8333333333335,-51.194207560124596,-50.60302264598255,-0.5911849141420475,52.208835341365464,79.85714285714286,-28.51145845910841,439695.75,16806856,258334.15,-16160.0,-4.200621255247528
2021-08-30,3142.0,3160.0,3108.0,3124.0,412609,360376,3084.4,3079.8,3137.7,3260.0,-45.50292312450256,-49.583002741686556,4.080079617183998,48.38709677419355,79.14285714285714,-5.655497823949968,433086.95,16394247,265626.7,-8169.0,-2.2165542878074596
2021-08-31,3150.0,3154.0,3120.0,3134.0,269618,356335,3096.8,3079.8,3133.2,3258.6666666666665,-39.727666964120544,-47.61193558617336,7.884268622052815,44.34782608695652,77.0,1.5820154345459594,422807.95,16663865,273121.9,-4041.0,-1.1213288343285943
2021-09-01,3110.0,3146.0,3080.0,3128.0,445460,366645,3113.6,3077.0,3127.4,3258.1,-35.22878915226465,-45.135306299391615,9.906517147126962,42.29074889867841,76.57142857142857,-7.4194600808772515,425403.15,16218405,281655.45,10310.0,2.8933447458150408
2021-09-02,3122.0,3176.0,3092.0,3168.0,582336,356026,3139.2,3088.4,3125.0,3257.5333333333333,-28.11167646032891,-41.73058033157908,13.618903871250168,48.9451476793249,78.28571428571429,15.733506279409417,432406.1,16800741,289637.65,-10619.0,-2.8962620518485194
2021-09-03,3178.0,3234.0,3174.0,3226.0,481981,363195,3156.0,3109.6,3120.6,3259.366666666667,-17.588449405845495,-36.90215414643236,19.313704740586864,59.183673469387756,76.14285714285714,79.21502659554096,431706.9,17282722,298286.5,7169.0,2.0136169830293316
2021-09-06,3242.0,3250.0,3152.0,3154.0,386906,347328,3162.0,3123.2,3122.3,3257.9333333333334,-14.88690741836308,-32.4991048008185,17.61219738245542,51.78571428571429,78.71428571428571,56.80955262933981,418124.5,16895816,306061.8,-15867.0,-4.368727543055384
2021-09-07,3166.0,3194.0,3158.0,3182.0,277628,347530,3171.6,3134.2,3124.4,3256.0,-10.367045092918488,-28.072692859238497,17.70564776632001,52.296819787985875,76.42857142857143,46.94188598594626,412298.6,17173444,313820.8,202.0,0.058158282660780714
2021-09-08,3158.0,3158.0,3104.0,3130.0,456426,346097,3172.0,3142.8,3121.6,3252.3333333333335,-10.855847600414108,-24.629323807473618,13.77347620705951,57.36434108527132,72.28571428571429,8.16811498199256,418819.35,16717018,322834.35,-1433.0,-0.4123385031508109
2021-09-09,3150.0,3244.0,3148.0,3238.0,522583,342273,3186.0,3162.6,3123.6,3250.5,-2.4997145495872246,-20.20340195589634,17.703687406309115,69.17808219178082,75.71428571428571,74.18441658504591,429946.4,17239601,332687.55,-3824.0,-1.1048925590224745
2021-09-10,3218.0,3228.0,3172.0,3198.0,499078,328740,3180.4,3168.2,3124.6,3249.4666666666667,0.884716923848373,-15.985778179947395,16.87049510379577,64.51612903225806,74.14285714285714,62.949552004385,443386.35,16740523,342207.4,-13533.0,-3.9538613913455034
2021-09-13,3214.0,3250.0,3196.0,3212.0,494034,336076,3192.0,3177.0,3128.4,3248.733333333333,4.643063896780859,-11.860009764601745,16.503073661382604,62.06896551724138,71.85714285714286,72.56136379070382,457877.8,17234557,352396.3,7336.0,2.2315507696051506
2021-09-14,3226.0,3290.0,3202.0,3266.0,504855,338166,3208.8,3190.2,3135.0,3247.5666666666666,11.842417634585217,-7.119524284764354,18.96194191934957,68.31683168316832,72.85714285714286,86.41917380909388,462524.3,17739412,354788.95,2090.0,0.6218831454789964
2021-09-15,3276.0,3286.0,3248.0,3276.0,420665,334287,3238.0,3205.0,3141.0,3245.1666666666665,18.14570141623153,-2.0664791445651765,20.212180560796707,69.28104575163398,72.42857142857143,85.95742819481094,459800.2,18160077,355977.3,-3879.0,-1.1470697822962728
2021-09-16,3298.0,3326.0,3262.0,3280.0,466782,338477,3246.4,3216.2,3152.3,3242.766666666667,23.196471314487553,2.9861109472453693,20.210360367242185,63.42412451361867,67.28571428571429,85.3583588939308,456531.25,18626859,356101.4,4190.0,1.2534139825957968
2021-09-17,3270.0,3270.0,3160.0,3162.0,469004,323425,3239.2,3209.8,3159.7,3236.6,17.47617455312684,5.884123668421664,11.592050884705175,53.09446254071662,72.14285714285714,25.628644857860046,456091.15,18157855,353716.8,-15052.0,-4.4469786721106574
2021-09-22,3162.0,3188.0,3112.0,3124.0,398153,346050,3221.6,3206.8,3165.0,3230.1666666666665,9.76396285060082,6.660091504857495,3.1038713457433245,49.22118380062306,75.14285714285714,-17.51516562614109,452480.6,17759702,352192.1,22625.0,6.995439437272943
2021-09-23,3124.0,3166.0,3122.0,3146.0,450037,361665,3197.6,3203.2,3168.7,3224.6666666666665,5.365347267702873,6.40114265742657,-1.0357953897236971,51.367781155015194,73.57142857142857,-18.842951428161207,450828.5,18209739,351769.05,15615.0,4.512353706111827
2021-09-24,3146.0,3264.0,3128.0,3254.0,610731,342497,3193.2,3215.6,3179.2,3220.6666666666665,10.473379534461856,7.215590032833628,3.2577895016282277,55.9228650137741,77.28571428571429,32.66412791864944,459325.85,18820470,349421.9,-19168.0,-5.299932257752338
2021-09-27,3248.0,3364.0,3224.0,3318.0,529841,341582,3200.8,3223.6,3193.1,3218.4333333333334,19.46145746956381,9.664763520179665,9.796693949384146,56.284153005464475,82.57142857142857,96.65506462790133,467334.05,19350311,347265.75,-915.0,-0.2671556247208051
2021-09-28,3322.0,3396.0,3316.0,3388.0,471436,358602,3246.0,3242.6,3205.4,3216.766666666667,31.865661464648838,14.1049431090735,17.76071835557534,66.02739726027397,81.28571428571429,122.81784654574322,457508.15,19821747,346768.6,17020.0,4.982698151541953
2021-09-29,3384.0,3442.0,3312.0,3340.0,490205,329660,3289.2,3255.4,3216.2,3213.266666666667,37.39185363783872,18.762325214826546,18.629528423012175,60.53333333333334,87.71428571428571,102.02704469896146,461387.95,19331542,345232.8,-28942.0,-8.070785996731756
2021-09-30,3378.0,3380.0,3286.0,3346.0,403450,307080,3329.2,3263.4,3226.8,3209.3,41.77400586882459,23.364661345626153,18.409344523198435,65.3409090909091,88.85714285714286,74.20785570391347,468079.55,19734992,342770.05,-22580.0,-6.849481283746894
2021-10-08,3454.0,3528.0,3418.0,3480.0,317077,319058,3374.4,3283.8,3244.4,3210.366666666667,55.42071766382651,29.775872609266226,25.64484505456028,66.57534246575342,93.71428571428571,128.65098229385637,461660.4,20052069,340390.7,11978.0,3.9006122183144365
2021-10-11,3470.0,3520.0,3418.0,3478.0,477849,317727,3406.4,3303.6,3259.9,3212.366666666667,65.32146658966758,36.8849914053465,28.436475184321083,70.23121387283237,96.28571428571429,105.58896961943333,456436.05,19574220,338475.75,-1331.0,-0.41716553103197107
2021-10-12,3490.0,3492.0,3394.0,3438.0,430185,306233,3416.4,3331.2,3270.5,3212.766666666667,69.1431762427951,43.33662837283622,25.806547869958884,65.73816155988858,99.42857142857143,79.13800657896444,453846.25,19144035,335627.65,-11494.0,-3.6175710594315236
2021-10-13,3436.0,3456.0,3312.0,3352.0,553596,292746,3418.8,3354.0,3280.4,3211.4,64.48903792267765,47.56711028280451,16.921927639873147,55.73333333333333,103.42857142857143,43.28210338720593,462180.75,18590439,332898.55,-13487.0,-4.404162843325176
2021-10-14,3330.0,3358.0,3314.0,3350.0,333463,294241,3419.6,3374.4,3288.8,3209.9333333333334,59.948171285289845,50.04332248330158,9.904848801988265,54.98652291105121,103.85714285714286,24.987775721813133,464972.5,18256976,330234.1,1495.0,0.5106816147786741
2021-10-15,3368.0,3382.0,3314.0,3328.0,382302,297137,3389.2,3381.8,3298.7,3208.5,53.95235644078048,50.82512927479736,3.127227165983115,53.15789473684211,104.14285714285714,21.59243745487827,461266.3,17874674,327786.1,2896.0,0.9842272151059817
2021-10-18,3320.0,3356.0,3232.0,3234.0,545504,304741,3340.4,3373.4,3298.5,3208.766666666667,41.14136354048651,48.888376127935196,-7.747012587448687,54.891304347826086,104.42857142857143,-13.570809225407793,462412.35,17329170,325909.5,7604.0,2.5590889051178456
2021-10-19,3246.0,3266.0,3168.0,3202.0,405192,301766,3293.2,3354.8,3298.7,3208.4,28.082706840364608,44.72724227042108,-16.64453543005647,55.342465753424655,106.0,-45.464562751420004,457718.05,16923978,324560.8,-2975.0,-0.9762388388828591
2021-10-20,3194.0,3212.0,3072.0,3080.0,460113,321371,3238.8,3328.8,3292.1,3205.5666666666666,7.799340971718266,37.341662010680515,-29.54232103896225,46.024096385542165,112.85714285714286,-83.48184092160376,456022.0,16463865,323825.55,19605.0,6.4967557644002305
2021-10-21,3070.0,3144.0,3020.0,3040.0,511042,322173,3176.8,3298.2,3280.8,3203.8,-11.371949563224007,27.598939695899613,-38.970889259123624,35.95800524934384,112.0,-94.12496593033917,456331.35,15952823,323025.9,802.0,0.2495558093293937
2021-10-22,3040.0,3092.0,3004.0,3036.0,542761,316663,3118.4,3253.8,3268.8,3202.5333333333333,-26.58168488760066,16.76281477919956,-43.34449966680022,29.914529914529908,108.28571428571429,-90.20554614737905,462436.15,15410062,322144.7,-5510.0,-1.7102612571506581
2021-10-25,3062.0,3126.0,3042.0,3104.0,510898,309850,3092.4,3216.4,3260.0,3201.366666666667,-32.77071757892054,6.856108307575539,-39.62682588649608,29.714285714285722,109.0,-64.95961699717883,464641.95,15920960,320713.35,-6813.0,-2.151498596299539
2021-10-26,3132.0,3190.0,3112.0,3176.0,542530,295870,3087.2,3190.2,3260.7,3201.6,-31.502629601134686,-0.8156392741665064,-30.68699032696818,38.67403314917127,105.85714285714286,-38.47539139424576,468318.25,16463490,319335.6,-13980.0,-4.51186057769889
2021-10-27,3192.0,3220.0,3150.0,3182.0,520028,276530,3107.6,3173.2,3263.6,3202.9,-29.671476574651024,-6.58680673426341,-23.084669840387612,38.67403314917127,104.14285714285714,-30.594911824057398,474412.0,16983518,315859.6,-19340.0,-6.536654611822756
2021-10-28,3186.0,3216.0,3108.0,3200.0,740502,260690,3139.6,3158.2,3266.3,3203.3,-26.462778601483933,-10.562001107707516,-15.900777493776417,26.973684210526315,98.85714285714286,-34.94589200287924,488935.25,17724020,310810.85,-15840.0,-5.728130763389139
2021-10-29,3198.0,3206.0,3154.0,3198.0,464435,236728,3172.0,3145.2,3263.5,3202.633333333333,-23.80681547605127,-13.210963981376267,-10.595851494675003,26.973684210526315,95.28571428571429,-29.97572278581058,481620.45,17259585,305522.4,-23962.0,-9.191760328359354
2021-11-01,3176.0,3212.0,3082.0,3192.0,510570,226961,3189.6,3141.0,3257.2,3201.133333333333,-21.933262423634915,-14.955423669827997,-6.9778387538069175,28.57142857142857,97.57142857142857,-35.85999908739244,480656.9,16749015,299791.35,-9767.0,-4.125832178702982
2021-11-02,3222.0,3300.0,3212.0,3298.0,439479,221494,3214.0,3150.6,3252.7,3201.4,-11.759586813637725,-14.316256298589945,2.55666948495222,45.45454545454545,95.0,5.7662215401362635,479059.05,17188494,292935.95,-5467.0,-2.408783887980759
2021-11-03,3290.0,3310.0,3234.0,3248.0,407628,220565,3227.2,3167.4,3248.1,3200.6666666666665,-7.643349947530169,-12.98167502837799,5.338325080847822,42.05607476635513,97.28571428571429,5.507090304257726,474930.2,16780866,287481.2,-929.0,-0.4194244539355463
2021-11-04,3220.0,3224.0,3028.0,3038.0,555476,206406,3194.8,3167.2,3232.7,3197.5666666666666,-21.083411092915412,-14.602022241285477,-6.481388851629935,32.53012048192771,108.14285714285714,-52.72553275449768,482531.5,16225390,282447.5,-14159.0,-6.419422845873102
2021-11-05,3104.0,3130.0,2962.0,2984.0,470480,213996,3152.0,3162.0,3207.9,3193.233333333333,-35.68079904336901,-18.817777601702183,-16.863021441666824,34.17721518987341,111.28571428571429,-73.38459682446454,490201.65,15754910,277194.4,7590.0,3.677218685503325
2021-11-08,2992.0,3108.0,2990.0,3014.0,369789,196214,3116.4,3153.0,3184.7,3189.866666666667,-44.31771781887164,-23.917765645136075,-20.399952173735567,38.07106598984771,113.14285714285714,-64.997148154318,484798.65,16124699,271118.75,-17782.0,-8.309501112170325
2021-11-09,3002.0,3004.0,2892.0,2980.0,475392,194175,3052.8,3133.4,3161.8,3184.3,-53.291740018266864,-29.792560519762233,-23.49917949850463,42.857142857142854,111.85714285714286,-90.7812400221072,487059.0,15649307,265515.85,-2039.0,-1.0391715168132754
2021-11-10,2982.0,3044.0,2936.0,3032.0,352515,179260,3009.6,3118.4,3145.8,3182.8333333333335,-55.56720766715716,-34.94748994924122,-20.61971771791594,49.438202247191015,110.71428571428571,-66.07153586835881,477004.95,16001822,259841.55,-14915.0,-7.681215398480756
2021-11-11,3008.0,3070.0,2944.0,3060.0,388005,186032,3014.0,3104.4,3131.3,3181.5,-54.483118700707564,-38.85461569953449,-15.628503001173073,51.63043478260869,113.42857142857143,-52.55533719760519,479732.05,16389827,254431.1,6772.0,3.777752984491789
2021-11-12,3032.0,3142.0,3016.0,3132.0,412753,181352,3043.6,3097.8,3121.5,3180.6,-47.26928126316807,-40.53754881226121,-6.731732450906861,51.89189189189189,116.0,-13.95753600897778,481254.6,16802580,248641.85,-4680.0,-2.515696224305497
2021-11-15,3118.0,3200.0,3102.0,3172.0,431383,171512,3075.2,3095.8,3118.4,3180.1666666666665,-37.88784986608516,-40.007609023026,2.1197591569408374,49.71751412429379,116.85714285714286,23.748444769824744,475548.55,17233963,241980.4,-9840.0,-5.425912038466629
2021-11-16,3168.0,3246.0,3146.0,3158.0,394953,161652,3110.8,3081.8,3116.2,3179.8333333333335,-31.222764300096514,-38.25064007844011,7.027875778343592,48.32402234636872,119.0,39.861383539032865,475036.6,16839010,234974.7,-9860.0,-5.748868883809877
2021-11-17,3158.0,3164.0,3068.0,3110.0,363080,141041,3126.4,3068.0,3117.7,3179.4,-29.474076015631,-36.49532726587829,7.021251250247289,43.96782841823057,118.14285714285714,-0.6262780182201987,470184.95,16475930,225958.2,-20611.0,-12.750228886744363
2021-11-18,3108.0,3132.0,2994.0,3010.0,318396,140693,3116.4,3065.2,3116.2,3177.3333333333335,-35.7453421629516,-36.34533024529295,0.5999880823413477,38.862559241706165,124.28571428571429,-39.89970021332366,460552.65,16157534,216884.2,-348.0,-0.24673676448692117
2021-11-19,3014.0,3062.0,2992.0,3038.0,228664,125741,3097.6,3070.6,3116.3,3175.366666666667,-38.01775476084731,-36.679815148403826,-1.3379396124434848,41.108545034642034,120.0,-47.6982971393042,444847.8,16386198,207338.1,-14952.0,-10.627394397731226
2021-11-22,2938.0,3008.0,2922.0,2974.0,322494,123454,3058.0,3066.6,3109.8,3174.0333333333333,-44.47029734027183,-38.23791158677743,-6.232385753494398,30.33980582524272,120.57142857142857,-75.27303538774787,435427.6,16063704,198018.3,-2287.0,-1.8188180466196413
2021-11-23,2968.0,2986.0,2924.0,2940.0,294599,108870,3014.4,3062.6,3098.0,3172.8,-51.73117489007382,-40.936564247436706,-10.79461064263711,30.940594059405953,119.57142857142857,-74.91546637218185,423031.05,15769105,188668.3,-14584.0,-11.81330698073777
2021-11-24,2952.0,3018.0,2912.0,3016.0,212742,98425,2995.6,3061.0,3089.7,3172.766666666667,-50.76768949587267,-42.9027892971239,-7.864900198748771,48.36795252225519,111.42857142857143,-52.90789541863165,407666.75,15981847,179763.05,-10445.0,-9.594011206025533
2021-11-25,3008.0,3082.0,2998.0,3074.0,195758,80853,3008.4,3062.4,3083.4,3172.8,-44.8074922269584,-43.28372988309081,-1.5237623438675953,56.637168141592916,105.42857142857143,-15.004281110385042,380429.55,16177605,170771.2,-17572.0,-17.85318770637542
2021-11-26,3066.0,3086.0,2964.0,2972.0,152013,66118,2995.2,3046.4,3072.1,3171.6,-47.7639474467328,-44.179773395819204,-3.584174050913596,47.2,105.28571428571429,-33.81595065232005,364808.45,16025592,162240.7,-14735.0,-18.22443199386541
2021-11-29,3020.0,3024.0,2904.0,2940.0,490440,258790,2988.4,3023.2,3059.5,3169.9333333333334,-52.08864657964159,-45.76154803258368,-6.327098547057908,47.32620320855615,105.14285714285714,-54.96902054032483,363801.95,15535152,163832.15,192672.0,291.4062736319913
2021-11-30,2942.0,2980.0,2862.0,2866.0,445407,274640,2973.6,2994.0,3037.9,3165.3333333333335,-60.78647471420345,-48.76653336890764,-12.019941345295813,39.22077922077922,105.85714285714286,-79.22006845585263,364098.35,15089745,166489.45,15850.0,6.124657057846128
2021-12-01,2870.0,2934.0,2864.0,2902.0,370601,275384,2950.8,2973.2,3020.6,3161.633333333333,-64.0364941961061,-51.82052553434734,-12.215968661758765,39.84575835475578,101.85714285714286,-80.61747058059002,362247.0,15460346,169230.4,744.0,0.270900087387127
2021-12-02,2918.0,2930.0,2812.0,2828.0,423639,301466,2901.6,2955.0,3010.1,3156.5333333333333,-71.75617904151568,-55.80765623578101,-15.948522805734669,30.51282051282051,101.28571428571429,-92.98007815393116,355655.15,15036707,173983.4,26082.0,9.471138482991016
2021-12-03,2810.0,2896.0,2778.0,2868.0,505783,291045,2880.8,2938.0,3004.3,3152.2,-73.79574774898492,-59.4052745384218,-14.390473210563123,30.51282051282051,102.71428571428571,-85.42225193649531,357420.3,15542490,177835.85,-10421.0,-3.4567745616421064
2021-12-06,2882.0,2896.0,2838.0,2846.0,324389,299512,2862.0,2925.2,2995.9,3146.8333333333335,-76.30770901268306,-62.785761433274054,-13.521947579409009,30.20304568527918,99.71428571428571,-69.82719201445701,355150.3,15218101,183000.75,8467.0,2.90917212114965
2021-12-07,2856.0,2940.0,2842.0,2940.0,406263,307570,2876.8,2925.2,2993.9,3142.0666666666666,-69.907590811732,-64.21012730896565,-5.697463502766354,39.80815347721823,99.85714285714286,-43.23289954894618,351693.85,15624364,188670.5,8058.0,2.6903763455220497
2021-12-08,2970.0,2978.0,2928.0,2940.0,262047,301963,2884.4,2917.6,2989.3,3138.5,-64.09658548834614,-64.18741894484175,0.09083345649561636,45.23160762942779,93.57142857142857,-20.694363962249813,347170.45,15624364,194805.65,-5607.0,-1.8229996423578365
2021-12-09,2950.0,2954.0,2886.0,2938.0,333236,301867,2906.4,2904.0,2983.2,3134.4333333333334,-58.97290228069778,-63.14451561201296,4.171613331315179,42.93785310734463,93.42857142857143,-29.49806908708978,344432.0,15291128,200597.4,-96.0,-0.031791974513428745
2021-12-10,2910.0,2918.0,2826.0,2890.0,522693,322068,2910.8,2895.8,2971.1,3130.4333333333334,-58.11562452791668,-62.13873739519371,4.023112867277028,43.93063583815029,93.14285714285714,-48.63722674241885,349929.0,14768435,207633.2,20201.0,6.692019995560949
2021-12-13,2906.0,2988.0,2896.0,2966.0,453470,320835,2934.8,2898.4,2960.8,3125.9,-50.71900378681539,-59.85479067351805,9.135786886702661,51.771117166212534,95.71428571428571,-7.495760981353729,351033.35,15221905,215099.35,-1233.0,-0.38283840679608216
2021-12-14,2936.0,2948.0,2910.0,2934.0,332053,315626,2933.6,2905.2,2949.6,3121.5,-46.8986427641662,-57.26356109164769,10.36491832748149,44.05797101449276,92.14285714285714,-13.915121202510662,347888.35,14889852,222798.05,-5209.0,-1.6235759814234751
2021-12-15,2924.0,2936.0,2880.0,2914.0,402762,318712,2928.4,2906.4,2939.8,3116.5333333333333,-44.96646654682945,-54.80414218268404,9.837675635854588,37.73006134969325,90.14285714285714,-24.981555742047632,349872.45,14487090,231681.6,3086.0,0.9777394764689751
2021-12-16,2924.0,3054.0,2914.0,3036.0,631824,353089,2948.0,2927.2,2941.1,3112.7,-33.208021173738416,-50.48491798089491,17.276896807156497,54.76190476190476,91.42857142857143,54.8434772307961,365543.85,15118914,242301.4,34377.0,10.78622706393233
2021-12-17,3024.0,3110.0,3022.0,3100.0,472407,361468,2990.0,2950.4,2944.2,3109.766666666667,-18.51171187945056,-44.090276760606045,25.578564881155486,61.36363636363637,89.14285714285714,109.8661625163265,377731.0,15591321,254087.75,8379.0,2.373056085009728
2021-12-20,3088.0,3136.0,3046.0,3072.0,521349,359439,3011.2,2973.0,2949.1,3106.3,-9.020167994985968,-37.07625500748203,28.056087012496064,65.65349544072949,87.14285714285714,98.84756202369728,387673.75,15069972,265887.0,-2029.0,-0.5613221640643151
2021-12-21,3060.0,3146.0,3046.0,3112.0,552709,369162,3046.8,2990.2,2957.7,3105.4666666666667,1.709903914437291,-29.31902322309817,31.02892713753546,65.86102719033232,89.28571428571429,94.38765153921734,400579.25,15622681,278901.6,9723.0,2.705048700892232
2021-12-22,3116.0,3150.0,3080.0,3118.0,471448,358081,3087.6,3008.0,2962.8,3105.366666666667,10.575801804561252,-21.340058217566288,31.91586002212754,74.41077441077441,85.85714285714286,90.36290891280012,413514.55,16094129,291884.4,-11081.0,-3.001663226442597
2021-12-23,3124.0,3192.0,3114.0,3186.0,460005,388462,3117.6,3032.8,2968.4,3106.0333333333333,22.825997566857495,-12.50684706068153,35.332844627539025,75.56270096463022,83.0,103.63539272842496,426726.9,16554134,307264.85,30381.0,8.484393195952865
2021-12-24,3184.0,3220.0,3180.0,3198.0,315925,383530,3137.2,3063.6,2979.7,3105.1,33.12086891832223,-3.3813038648807776,36.50217278320301,78.75816993464052,81.71428571428571,102.97210116354812,434922.5,16870059,323135.45,-4932.0,-1.2696222539141488
2021-12-27,3194.0,3212.0,3158.0,3180.0,391836,384769,3158.8,3085.0,2991.7,3102.8,39.3733080806569,5.169618524226758,34.20368955643014,72.38805970149254,78.57142857142857,83.21678797202857,429992.3,16478223,329434.4,1239.0,0.3230516517612747
2021-12-28,3184.0,3294.0,3176.0,3244.0,527042,419499,3185.2,3116.0,3010.6,3100.4,48.928657189828755,13.921426257347157,35.0072309324816,75.33333333333334,83.42857142857143,91.02909505381147,434074.05,17005265,336677.35,34730.0,9.02619493774186
2021-12-29,3250.0,3294.0,3234.0,3288.0,424487,451387,3219.2,3153.4,3029.9,3099.5333333333333,59.36742179456678,23.010625364791082,36.3567964297757,77.25856697819314,82.85714285714286,89.60602893634352,436768.35,17429752,345477.5,31888.0,7.601448394394272
2021-12-30,3280.0,3338.0,3266.0,3306.0,508335,460152,3243.2,3180.4,3053.8,3098.866666666667,68.3052866923581,32.06955763030449,36.23572906205361,83.98692810457516,80.0,88.03058343666741,441003.15,17938087,353411.8,8765.0,1.9417927410403824
2021-12-31,3290.0,3346.0,3260.0,3344.0,436610,461495,3272.4,3204.8,3077.6,3096.6,77.56081860154109,41.16780982455181,36.39300877698928,82.92682926829268,79.14285714285714,82.2234478610686,437544.5,18374697,361934.3,1343.0,0.2918600810167149
2022-01-04,3340.0,3356.0,3284.0,3320.0,272191,456093,3300.4,3229.6,3101.3,3093.9666666666667,82.01388982837625,49.3370258253167,32.67686400305955,84.09893992932862,80.28571428571429,74.91062843665411,434934.6,18102506,369763.35,-5402.0,-1.170543559518522
2022-01-05,3326.0,3358.0,3290.0,3320.0,457248,471402,3315.6,3250.4,3120.3,3092.0,84.56813207357891,56.38324707496915,28.18488499860976,87.17948717948718,81.14285714285714,68.1389860292735,437483.85,18102506,377954.95,15309.0,3.356552282100367
2022-01-06,3320.0,3362.0,3278.0,3328.0,554897,480723,3323.6,3271.4,3139.7,3091.6,86.24375625915263,62.35534891180585,23.888407347346785,83.7962962962963,77.14285714285714,61.37344126753208,452126.35,18657403,386892.95,9321.0,1.9772932656204167
2022-01-07,3370.0,3438.0,3366.0,3416.0,512588,516541,3345.6,3294.4,3163.6,3092.7,93.59367542153495,68.60301421375166,24.99066120778329,84.64912280701755,78.71428571428571,78.67310988092353,461093.95,19169991,397626.65,35818.0,7.450860474743259
2022-01-10,3406.0,3410.0,3320.0,3358.0,494182,481335,3348.4,3310.4,3187.0,3093.2,93.65878387728662,73.61416814645865,20.04461573082797,79.42386831275721,79.14285714285714,60.22062714349065,459668.4,18675809,405590.0,-35206.0,-6.815722275676084
2022-01-11,3338.0,3374.0,3296.0,3362.0,377907,481909,3356.8,3328.6,3206.8,3095.3333333333335,92.96154652635414,77.48364382243776,15.477902703916385,77.77777777777777,77.57142857142857,49.524792805304635,455890.25,19053716,413643.7,574.0,0.1192516646410402
2022-01-12,3390.0,3422.0,3336.0,3398.0,453107,498253,3372.4,3344.0,3230.0,3098.6,94.22768197475352,80.83245145290091,13.39523052185261,79.16666666666666,78.71428571428571,59.433449619791375,461942.95,19506823,422775.05,16344.0,3.391511675440806
2022-01-13,3410.0,3440.0,3366.0,3368.0,416800,487164,3380.4,3352.0,3252.7,3103.4,91.75268630640812,83.01649842360236,8.736187882805766,70.58823529411765,78.42857142857143,59.9238788294495,462644.85,19090023,431197.65,-11089.0,-2.225576163113918
2022-01-14,3350.0,3422.0,3332.0,3412.0,457043,497435,3379.6,3362.6,3271.5,3109.6,92.2779439872611,84.86878753633411,7.409156450926986,72.57383966244726,82.0,55.70738470679178,453905.8,19547066,438414.95,10271.0,2.1083249172763274
2022-01-17,3428.0,3452.0,3372.0,3414.0,474090,488371,3390.8,3369.6,3287.2,3115.9,91.79741431855928,86.25451289277915,5.54290142578013,75.54585152838428,83.85714285714286,61.520180786848094,453989.95,20021156,444760.1,-9064.0,-1.822147617276626
2022-01-18,3390.0,3500.0,3346.0,3496.0,610471,529831,3417.6,3387.2,3308.4,3122.4333333333334,96.91611712150143,88.3868337385236,8.529283382977823,76.47058823529412,86.42857142857143,72.3883935907413,458446.05,20631627,453279.7,41460.0,8.489447571620756
2022-01-19,3492.0,3598.0,3478.0,3554.0,521787,542229,3448.8,3410.6,3330.5,3128.733333333333,104.44882026202322,91.59923104322353,12.849589218799693,77.14285714285714,90.71428571428571,105.99955597076706,456899.95,21153414,461933.05,12398.0,2.3399914312299597
2022-01-20,3554.0,3658.0,3552.0,3646.0,597574,568372,3504.4,3442.4,3356.9,3136.4666666666667,116.49924214975908,96.57923326453064,19.92000888522844,80.1418439716312,93.14285714285714,120.78896564287491,463206.25,21750988,472447.6,26143.0,4.821394650599653
2022-01-21,3642.0,3642.0,3536.0,3594.0,534722,534869,3540.8,3460.2,3377.3,3143.0333333333333,120.46468104015321,101.35632281965516,19.108358220498047,71.62629757785467,94.85714285714286,95.58064453437628,466942.1,21216266,479767.95,-33503.0,-5.894554974558918
2022-01-24,3610.0,3714.0,3570.0,3572.0,663701,516876,3572.4,3481.6,3396.0,3149.266666666667,120.44370374869368,105.17379900546287,15.26990474323081,71.875,100.0,94.0953776229043,484330.9,20552565,486435.25,-17993.0,-3.3640012788178075
2022-01-25,3552.0,3560.0,3506.0,3546.0,459865,492102,3582.4,3500.0,3414.3,3155.1666666666665,116.9806166542603,107.53516253522237,9.445454119037933,68.77076411960132,99.85714285714286,56.18899871415739,487732.35,20092700,491801.9,-24774.0,-4.793025793420469
2022-01-26,3540.0,3608.0,3512.0,3598.0,458937,507078,3591.2,3520.0,3432.0,3160.1666666666665,117.08240748734806,109.44461152564752,7.637795961700547,70.89783281733746,100.71428571428571,65.09021721874576,484327.1,20551637,496180.85,14976.0,3.0432715168806412
2022-01-27,3628.0,3644.0,3582.0,3618.0,381525,484151,3585.6,3545.0,3448.5,3166.3333333333335,117.42332728549536,111.04035467761709,6.382972607878273,67.47404844290656,97.28571428571429,74.84988125088296,482179.0,20933162,497819.05,-22927.0,-4.521395130532191
2022-01-28,3650.0,3706.0,3618.0,3668.0,388370,470592,3600.4,3570.6,3466.6,3176.8333333333335,120.3408761041519,112.90045896292406,7.44041714122784,77.19298245614036,96.71428571428571,84.42398857679335,476180.75,21321532,498341.05,-13559.0,-2.800572548647018
2022-02-07,3760.0,3882.0,3760.0,3840.0,285331,493346,3654.0,3613.2,3491.4,3191.1,134.97609667598726,117.31558650553671,17.66051017045055,82.38482384823848,106.42857142857143,120.81830763136541,468616.8,21606863,499933.6,22754.0,4.835186318509455
2022-02-08,3810.0,3816.0,3752.0,3782.0,311415,493433,3701.2,3641.8,3514.5,3203.9,140.27746781715723,121.90796276786082,18.369505049296407,75.26315789473684,106.57142857142857,91.20093903133811,470578.0,21295448,501800.6,87.0,0.017634682352740683
2022-02-09,3726.0,3732.0,3606.0,3612.0,496686,471903,3704.0,3647.6,3529.1,3214.4333333333334,129.27110654237958,123.38059152276458,5.890515019615009,63.55555555555556,113.85714285714286,42.6250004508362,472549.9,20798762,501825.65,-21530.0,-4.363307683109962
2022-02-10,3626.0,3652.0,3566.0,3622.0,329790,476858,3704.8,3645.2,3543.8,3224.266666666667,119.97243481379519,122.6989601809707,-2.726525367175512,62.12471131639723,113.57142857142857,26.49565659370616,461294.55,21128552,501632.4,4955.0,1.0500039202971712
2022-02-11,3638.0,3688.0,3568.0,3582.0,434819,487973,3687.6,3644.0,3552.1,3232.9666666666667,108.12906027072904,119.78498019892238,-11.655919928193342,59.292035398230084,116.42857142857143,23.038763124418672,457406.1,20693733,500204.0,11115.0,2.3308825688150403
2022-02-14,3636.0,3776.0,3610.0,3662.0,496801,487634,3652.0,3653.0,3567.3,3241.8,103.9995895002844,116.6279020591948,-12.628312558910395,59.20177383592018,119.28571428571429,43.9040521032311,457537.05,21190534,500518.95,-339.0,-0.06947105680027432
2022-02-15,3616.0,3700.0,3580.0,3636.0,466263,489714,3622.8,3662.0,3581.0,3249.5333333333333,97.50499457187016,112.80332056172988,-15.29832598985972,54.712643678160916,119.28571428571429,23.720902405504447,461954.85,20724271,500909.2,2080.0,0.42654942026192355
2022-02-16,3554.0,3610.0,3506.0,3546.0,539219,487753,3609.6,3656.8,3588.4,3256.0,84.12598151317707,107.06785275201932,-22.941871238842253,44.23963133640553,121.0,-14.707962374082848,466260.45,20185052,500384.2,-1961.0,-0.4004378065564751
2022-02-17,3560.0,3586.0,3460.0,3476.0,453268,494115,3580.4,3642.6,3593.8,3262.1,67.10110254681467,99.0745027109784,-31.97340016416372,43.340857787810386,122.14285714285714,-40.001001131895926,468083.85,19731784,500731.75,6362.0,1.3043487174861035
2022-02-18,3476.0,3518.0,3428.0,3482.0,448468,493843,3560.4,3624.0,3597.3,3269.9666666666667,53.47646970938695,89.95489611066012,-36.47842640127317,44.827586206896555,118.28571428571429,-60.52180447029608,467655.1,20180252,500552.15,-272.0,-0.055047913947159355
2022-02-21,3440.0,3516.0,3414.0,3512.0,488099,500841,3530.4,3591.2,3602.2,3277.866666666667,44.585643757448906,80.88104564001787,-36.29540188256897,48.05491990846682,120.85714285714286,-63.401027044128305,468355.55,20668351,501175.65,6998.0,1.4170495481357515
2022-02-22,3524.0,3722.0,3518.0,3690.0,589494,504019,3541.2,3582.0,3611.9,3289.8,51.31122862407938,74.96708223683018,-23.655853612750803,54.60000000000001,129.0,17.99204228384528,467306.7,21257845,499885.05,3178.0,0.6345327159717362
2022-02-23,3670.0,3674.0,3622.0,3642.0,332989,498285,3560.4,3585.0,3616.3,3301.5,52.166758321592624,70.40701745378267,-18.240259132190047,51.16731517509727,129.42857142857142,16.825385059224907,457866.8,20924856,497687.85,-5734.0,-1.1376555248909237
2022-02-24,3634.0,3668.0,3526.0,3562.0,837488,478919,3577.6,3579.0,3612.1,3310.6,45.86078576754653,65.49777111653545,-19.636985348988915,44.9905482041588,133.28571428571428,-16.886497269357065,469862.5,20087368,493215.2,-19366.0,-3.886530800646215
2022-02-25,3650.0,3652.0,3460.0,3488.0,716791,483279,3578.8,3569.6,3606.8,3317.5,34.49444503981749,59.297105901191856,-24.802660861374363,31.66666666666667,131.71428571428572,-44.03453409759921,478965.95,19370577,490635.7,4360.0,0.9103835930501791
2022-02-28,3450.0,3580.0,3432.0,3476.0,588964,487470,3571.6,3551.0,3602.0,3325.9,24.238828286869648,52.28545037832741,-28.046622091457763,33.260393873085334,136.0,-59.06840396339284,475229.1,18781613,489165.4,4191.0,0.8672009336222031
2022-03-01,3444.0,3594.0,3368.0,3592.0,706946,478837,3552.0,3546.6,3604.3,3336.766666666667,25.18113620650456,46.86458754396285,-21.683451337458287,48.83720930232558,139.57142857142858,-46.30682563412333,487583.15,19488559,488502.15,-8633.0,-1.7709807783043097
2022-03-02,3658.0,3736.0,3632.0,3736.0,684675,475075,3570.8,3565.6,3611.2,3351.266666666667,37.119626614121444,44.91559535799457,-7.795968743873125,55.73440643863179,143.71428571428572,46.86063290908142,498870.05,20173234,486902.0,-3762.0,-0.7856535731365799
2022-03-03,3736.0,3776.0,3592.0,3702.0,885127,452720,3598.8,3588.2,3615.4,3364.6,43.33787833958604,44.60005195431286,-1.2621736147268194,56.07287449392713,148.28571428571428,38.35306853342801,524050.15,19288107,485330.45,-22355.0,-4.7055728042940554
2022-03-04,3678.0,3746.0,3542.0,3716.0,886995,442397,3644.4,3611.6,3617.8,3379.4,48.832658143416666,45.44657319213362,3.3860849512830455,52.928416485900215,149.0,26.945055500942274,548981.4,20175102,483920.7,-10323.0,-2.2802173528892022
2022-03-07,3748.0,3954.0,3718.0,3954.0,547389,478075,3740.0,3655.8,3623.5,3397.5,71.5669425123051,50.67064705616792,20.89629545613718,64.02116402116403,157.42857142857142,124.35316512120544,562084.3,20722491,483157.15,35678.0,8.06470206624368
2022-03-08,3950.0,4280.0,3870.0,4280.0,1115946,476004,3877.6,3714.8,3648.4,3421.4,114.56882408323145,63.450282461580635,51.11854162165081,76.78832116788321,177.42857142857142,165.62291426532425,602310.85,21838437,482285.7,-2071.0,-0.43319562830099745
2022-03-09,4250.0,4408.0,4232.0,4408.0,630097,487670,4012.0,3791.4,3688.2,3445.866666666667,157.16495552389188,82.19321707404289,74.97173844984898,82.63305322128852,181.0,153.3107187161503,608981.4,22468534,483074.05,11666.0,2.450819741010579
2022-03-10,4350.0,4416.0,3832.0,4014.0,1358611,384728,4074.4,3836.6,3707.8,3463.766666666667,157.31673992299693,97.2179216438337,60.098818279163225,64.64757709251101,216.28571428571428,82.03218032396907,660422.45,21109923,478467.55,-102942.0,-21.108946623741463
2022-03-11,4066.0,4212.0,3878.0,3978.0,938149,391437,4126.8,3885.6,3727.6,3481.1,152.77108109126493,108.32855353331996,44.44252755794497,62.788144895718986,232.85714285714286,61.68182160248915,685588.95,20171774,473640.75,6709.0,1.7438294067497084
2022-03-14,3920.0,3964.0,3792.0,3816.0,632093,365747,4099.2,3919.6,3735.3,3496.5333333333333,134.54560957248577,113.57196474115312,20.97364483133265,53.48837209302325,231.14285714285714,26.593589910242912,692353.55,19539681,467546.4,-25690.0,-6.562997366115109
2022-03-15,3778.0,3792.0,3472.0,3540.0,963320,357286,3951.2,3914.4,3730.5,3506.1,96.71601667802952,110.2007751285284,-13.484758450498887,47.49262536873156,250.85714285714286,-23.891152802566342,717206.4,18576361,460925.0,-8461.0,-2.313347751314432
2022-03-16,3528.0,3685.0,3483.0,3640.0,687181,346575,3797.6,3904.8,3735.2,3517.866666666667,73.95247789544374,102.95111568191149,-28.998637786467754,51.89873417721519,255.14285714285714,-24.251114502370168,724604.5,19263542,453866.1,-10711.0,-2.997878450317115
2022-03-17,3632.0,3680.0,3515.0,3569.0,524526,348985,3708.6,3891.5,3739.85,3528.7833333333333,49.61121556839862,92.28313565920892,-42.6719200908103,51.974646513895664,253.21428571428572,-28.325495940801762,728167.4,18739016,446609.6,2410.0,0.6953761812017678
2022-03-18,3681.0,3745.0,3626.0,3693.0,589952,347664,3651.6,3889.2,3750.4,3539.733333333333,39.866793909677654,81.79986730930267,-41.933073399625016,55.01618122977346,255.21428571428572,-10.567689493759907,735241.6,19328968,439300.65,-1321.0,-0.3785262976918724
2022-03-21,3642.0,3735.0,3608.0,3656.0,442706,356312,3619.6,3859.4,3757.6,3549.0,28.826386126808757,71.20517107280389,-42.378784945995136,51.535508637236084,248.14285714285714,-17.507187092768024,732971.95,18886262,432074.2,8648.0,2.487459155966687
2022-03-22,3674.0,3820.0,3661.0,3771.0,543124,364552,3665.8,3808.5,3761.65,3560.65,29.021777338215543,62.76849232588623,-33.746714987670686,50.851581508515814,249.57142857142858,-0.6132703510742483,730653.45,19429386,425100.85,8240.0,2.3125799860796104
2022-03-23,3748.0,3786.0,3658.0,3753.0,551380,364052,3688.4,3743.0,3767.2,3571.3333333333335,27.408231679480195,55.696440196605025,-28.28820851712483,51.25061304561059,245.57142857142858,-5.518129081454476,741573.0,18878006,418389.2,-500.0,-0.13715464460488658
2022-03-24,3820.0,3895.0,3804.0,3862.0,579576,362862,3747.0,3727.8,3782.2,3583.733333333333,34.52686990492202,51.46252613826843,-16.935656233346407,53.42080599812558,241.14285714285714,18.05111572335836,728677.4,19457582,412586.35,-1190.0,-0.32687638029732513
2022-03-25,3904.0,4106.0,3880.0,4025.0,959515,384415,3813.4,3732.5,3809.05,3597.7166666666667,52.7135309658247,51.712727103779685,1.000803862045018,51.72413793103448,241.57142857142858,46.07243438189726,740813.6,20417097,407643.15,21553.0,5.939723641494554
2022-03-28,3935.0,4077.0,3935.0,3982.0,684386,373705,3878.6,3749.1,3834.35,3610.7833333333333,62.931416059513595,53.95646489492647,8.974951164587125,41.61036036036036,222.42857142857142,40.56481593877026,745584.7,19732711,401954.9,-10710.0,-2.78605153284861
2022-03-29,3960.0,3995.0,3862.0,3978.0,649887,380523,3920.0,3792.9,3853.65,3624.0833333333335,69.9006261350878,57.14529714295874,12.755328992129066,36.98547215496369,219.35714285714286,24.806779182559634,742731.75,19082824,397039.2,6818.0,1.824433711082274
2022-03-30,3810.0,4010.0,3779.0,3975.0,705101,361523,3964.4,3826.4,3865.6,3636.266666666667,74.32492888791512,60.58122349195002,13.743705395965101,48.45360824742268,194.14285714285714,16.677478463725798,743753.05,18377723,391361.6,-19000.0,-4.993127879260917
2022-03-31,3975.0,4031.0,3818.0,3918.0,630256,354620,3975.6,3861.3,3876.4,3646.766666666667,72.39724666989832,62.94442812753969,9.452818542358635,47.65990639625585,185.5,14.328934810859426,731009.5,17747467,386456.6,-6903.0,-1.9094220837954978
2022-04-01,3899.0,3987.0,3812.0,3835.0,619402,322358,3937.6,3875.5,3882.35,3655.5833333333335,63.44083186467242,63.043708874966235,0.3971229897061832,50.78969243557773,184.71428571428572,0.921912365139519,717629.85,17128065,380454.65,-32262.0,-9.097625627432182
2022-04-06,3860.0,4034.0,3841.0,3998.0,375560,364993,3940.8,3909.7,3884.55,3666.483333333333,68.70357431796083,64.17568196356515,4.527892354395675,71.0091743119266,174.35714285714286,19.830534236224818,709038.4,17503625,374800.55,42635.0,13.225978570409303
2022-04-07,4030.0,4030.0,3791.0,3818.0,628838,334655,3908.8,3914.4,3861.45,3674.7833333333333,57.684884509933,62.87752247283873,-5.192637962905728,57.60683760683761,177.0,3.7937832630003605,684683.0,16874787,367733.1,-30338.0,-8.31194022899069
2022-04-08,3810.0,3834.0,3718.0,3745.0,513524,342155,3862.8,3913.6,3828.3,3681.866666666667,42.57126845509765,58.816271669290515,-16.245003214192863,57.50853242320819,173.5,-23.060306916155582,678854.35,16361263,360457.35,7500.0,2.2411139830571747
2022-04-11,3750.0,3761.0,3682.0,3712.0,382946,342638,3821.6,3898.6,3813.2,3688.266666666667,27.61249498244797,52.57551633192201,-24.96302134947404,50.878815911193335,166.57142857142858,-34.79611461500868,630071.1,15978317,358352.85,483.0,0.14116409229734117
2022-04-12,3680.0,3786.0,3651.0,3775.0,430327,339565,3809.6,3873.6,3803.05,3694.25,20.60362693427578,46.181138452392766,-25.577511518116985,55.37488708220416,167.14285714285714,-24.424964492675066,604680.0,16408644,355759.25,-3073.0,-0.8968649128234474
2022-04-13,3790.0,3917.0,3790.0,3858.0,520593,312351,3781.6,3861.2,3805.15,3702.5833333333335,21.498632002695558,41.24463716245333,-19.74600515975777,54.04651162790698,165.57142857142858,19.14852886185789,599105.0,16929237,353089.45,-27214.0,-8.014371328022618
2022-04-14,3889.0,3905.0,3811.0,3834.0,323931,305215,3784.8,3846.8,3819.85,3710.45,20.04031823005971,37.0037733759746,-16.963455145914892,53.74653098982424,163.14285714285714,13.536945172284693,567135.55,16605306,350485.9,-7136.0,-2.284609301715057
2022-04-15,3820.0,3914.0,3737.0,3866.0,510310,296631,3809.0,3835.9,3831.15,3718.25,21.22209156226745,33.847437013233176,-12.625345450965725,50.199203187250994,165.64285714285714,4.937950241758357,558292.0,17115616,347988.7,-8584.0,-2.812443687236865
2022-04-18,3863.0,3998.0,3810.0,3950.0,485991,312425,3856.6,3839.1,3850.2,3727.95,28.606989853173218,32.799347581221184,-4.192357728047966,45.94594594594595,161.64285714285714,36.38924189270775,556365.25,17601607,346160.7,15794.0,5.324460356469829
2022-04-19,3978.0,4016.0,3938.0,3957.0,395711,302804,3893.0,3851.3,3863.4,3737.0333333333333,34.62527780356186,33.16453362568932,1.4607441778725345,48.59392575928009,157.07142857142858,55.955185392212805,546653.2,17997318,343917.7,-9621.0,-3.0794590701768376
2022-04-20,3930.0,3947.0,3798.0,3892.0,631569,286022,3899.8,3840.7,3875.2,3745.0,33.760685425050724,33.283763985561606,0.4769214394891179,45.47368421052632,158.92857142857142,5.689286758515243,556096.35,17365749,340403.2,-16782.0,-5.542198914149088
2022-04-21,3892.0,3983.0,3861.0,3968.0,509657,312543,3926.6,3855.7,3885.05,3752.866666666667,38.76123914074651,34.37925901659859,4.381980124147923,49.65786901270772,151.14285714285714,34.32973202537953,554423.0,17875406,337802.75,26521.0,9.272363664333504
2022-04-22,3929.0,4028.0,3924.0,3971.0,523313,306006,3947.6,3878.3,3895.95,3759.8166666666666,42.47664459730913,35.9987361327407,6.477908464568429,52.73477812177502,143.35714285714286,51.57857807941123,553019.65,18398719,334900.45,-6537.0,-2.0915522024169464
2022-04-25,3971.0,3985.0,3810.0,3812.0,614029,281504,3920.0,3888.3,3893.45,3762.5833333333335,32.21974978866365,35.24293886392529,-3.023189075261641,48.899521531100476,143.35714285714286,-13.553835143920985,554742.3,17784690,330832.55,-24502.0,-8.007032541845582
2022-04-26,3808.0,4024.0,3780.0,3992.0,701695,293462,3927.0,3910.0,3891.8,3769.2166666666667,38.17551881563759,35.82945485426775,2.346063961369836,49.717514124293785,146.57142857142858,28.75910885303862,541851.3,18486385,326284.9,11958.0,4.247897010344426
2022-04-27,4005.0,4138.0,4005.0,4116.0,729251,270644,3971.8,3935.8,3898.5,3778.2833333333333,52.29840886451302,39.12324565631681,13.17516320819621,64.81113320079524,139.92857142857142,112.87512855599321,544094.55,19215636,321131.85,-22818.0,-7.77545303991658
2022-04-28,4081.0,4242.0,4057.0,4237.0,653736,267699,4025.6,3976.1,3911.45,3789.8,72.419779599506,45.78255244495465,26.637227154551347,73.33965844402277,144.85714285714286,128.5103491491563,544287.0,19869372,315490.65,-2945.0,-1.088145312661648
2022-04-29,4210.0,4258.0,4150.0,4222.0,535126,232002,4075.8,4011.7,3923.8,3800.2,86.16250847051742,53.858543650067205,32.30396482045022,74.61389961389962,146.92857142857142,114.84073782606532,535788.25,19334246,309014.6,-35697.0,-13.334752838075604
2022-05-05,4300.0,4386.0,4253.0,4326.0,298692,234760,4178.6,4049.3,3944.2,3812.0,104.24399110768627,63.935633141591026,40.308357966095244,75.5803156917363,149.0,123.02357402341548,519210.05,19632938,303021.6,2758.0,1.188782855320203
2022-05-06,4365.0,4385.0,4251.0,4279.0,455527,223333,4236.0,4081.5,3966.4,3822.1833333333334,113.47314142332925,73.84313479793867,39.63000662539058,70.2209414024976,148.42857142857142,98.58179703657326,511016.3,19177411,298070.35,-11427.0,-4.867524280115864
2022-05-09,4279.0,4393.0,4190.0,4332.0,628373,212057,4279.2,4125.5,3983.1,3830.383333333333,123.63873621281209,83.80225508091335,39.836481131898736,73.27102803738318,156.21428571428572,85.67669611324379,523656.95,19805784,290423.55,-11276.0,-5.048962759645914
2022-05-10,4320.0,4320.0,4096.0,4178.0,589580,172540,4267.4,4146.5,4001.1,3836.983333333333,117.90934482322928,90.62367302937653,27.285671793852742,63.08724832214765,160.42857142857142,52.324921165420804,521694.05,19216204,282317.8,-39517.0,-18.635083963274024
2022-05-11,4200.0,4308.0,4126.0,4273.0,409504,169582,4277.6,4176.7,4027.5,3848.0,119.65515675648294,96.42996977479783,23.225186981685113,63.424771404821286,160.0,56.06475768006673,516493.05,19625708,273689.15,-2958.0,-1.7143850701286656
2022-05-12,4290.0,4385.0,4242.0,4270.0,388765,150255,4266.4,4222.5,4055.4,3858.8,119.42005035938473,101.0279858917152,18.392064467669528,63.05254378648874,164.64285714285714,65.9842192120649,516784.0,19236943,264070.0,-19327.0,-11.396846363411207
2022-05-13,4311.0,4389.0,4255.0,4323.0,405454,346621,4275.2,4255.6,4082.8,3871.15,122.10285816383066,105.24296034613829,16.85989781769237,68.15501263689974,162.85714285714286,66.11131679998999,515540.35,19642397,264422.8,196366.0,130.6884962230874
2022-05-16,4358.0,4375.0,4218.0,4292.0,533531,345204,4267.2,4273.2,4104.5,3881.65,120.34035307427848,108.26243889176634,12.077914182512146,64.18563922942207,165.35714285714286,53.323855489256815,516187.25,19108866,266065.45,-1417.0,-0.4088038520458914
2022-05-17,4317.0,4417.0,4274.0,4396.0,459013,419273,4310.8,4289.1,4132.6,3894.3166666666666,125.88436927962357,111.78682496933779,14.097544310285784,67.09573612228479,168.14285714285714,64.6724538140943,522941.35,19567879,271768.35,74069.0,21.4565879885517
2022-05-18,4393.0,4450.0,4360.0,4364.0,591235,433933,4329.0,4303.3,4157.5,3907.95,126.24068546011222,114.67759706749268,11.563088392619534,74.73118279569893,162.07142857142858,66.20325944209071,526987.6,18976644,278633.45,14660.0,3.4965285148340186
2022-05-19,4391.0,4420.0,4270.0,4386.0,587750,433488,4352.2,4309.3,4179.3,3923.116666666667,126.83619602362796,117.10931685871975,9.726879164908212,70.56367432150313,155.35714285714286,52.02609660241178,532075.55,19564394,284686.6,-445.0,-0.10255039372437658
2022-05-20,4332.0,4424.0,4290.0,4389.0,564205,438636,4365.4,4320.3,4200.9,3938.233333333333,126.09665363295062,118.90678421356594,7.189869419384678,66.30824372759858,154.5,49.405165646272835,540500.25,20128599,291478.2,5148.0,1.1875761266747942
2022-05-23,4371.0,4432.0,4371.0,4415.0,451916,456755,4390.0,4328.6,4227.05,3953.2833333333333,126.15431525127497,120.35629042110776,5.798024830167208,61.99460916442048,145.64285714285714,55.87539008986914,531517.6,20580515,300014.85,18119.0,4.130759901148107
2022-05-24,4415.0,4456.0,4382.0,4435.0,597596,511854,4397.8,4354.3,4250.4,3965.7,126.3572773140504,121.5564877996963,4.800789514354108,64.2570281124498,143.21428571428572,56.66155713362285,535914.55,21178111,309980.4,55099.0,12.063141071252637
2022-05-25,4480.0,4567.0,4419.0,4472.0,777055,530191,4419.4,4374.2,4275.45,3979.5333333333333,128.02789115452651,122.85076847066236,5.177122683864155,60.73529411764706,142.07142857142858,69.70194133743605,548601.65,21955166,321189.65,18337.0,3.582466875319912
2022-05-26,4481.0,4500.0,4425.0,4492.0,439778,529062,4440.6,4396.4,4309.45,3995.0333333333333,129.47321093091614,124.17525696271312,5.297953968203018,66.3093415007657,137.85714285714286,66.1281656797744,539889.1,22394944,333567.55,-1129.0,-0.21294212840278215
2022-05-27,4517.0,4646.0,4500.0,4607.0,648817,588910,4484.2,4424.8,4340.2,4013.6833333333334,138.30389496163843,127.00098456249819,11.302910399140245,69.23076923076923,134.35714285714286,109.01455541868219,537245.2,23043761,348339.95,59848.0,11.31209574681229
2022-05-30,4602.0,4733.0,4574.0,4666.0,587146,621038,4534.4,4462.2,4367.7,4033.516666666667,148.35296199469212,131.27138004893698,17.081581945755147,89.35483870967742,128.85714285714286,121.1304385632154,530139.95,23630907,365859.65,32128.0,5.455502538588242
2022-05-31,4654.0,4702.0,4616.0,4685.0,505367,596068,4584.4,4491.1,4390.1,4051.733333333333,156.0512001317611,136.22734406550182,19.82385606625928,87.86764705882354,122.0,106.30298639537531,522721.5,24136274,382278.1,-24970.0,-4.0206879450210735
2022-06-01,4685.0,4718.0,4548.0,4602.0,558856,545831,4610.4,4514.9,4409.1,4066.1666666666665,153.68313941143788,139.71850313468906,13.96463627674882,76.6025641025641,123.92857142857143,79.60039903312996,523908.0,23577418,397969.55,-50237.0,-8.428065254299844
2022-06-02,4618.0,4699.0,4598.0,4637.0,594257,558402,4639.4,4540.0,4424.65,4081.75,152.8684691671806,142.34849634118737,10.519972825993221,75.9075907590759,121.57142857142857,76.95314396076913,538686.25,24171675,414151.65,12571.0,2.3030938147521773
2022-06-06,4750.0,4793.0,4693.0,4762.0,338278,600812,4670.4,4577.3,4448.8,4099.183333333333,160.45961391407673,145.97071985576525,14.488894058311473,83.57142857142857,121.5,95.63369800863023,532823.8,24509953,433025.6,42410.0,7.594886837797854
2022-06-07,4740.0,4830.0,4720.0,4820.0,434049,616322,4701.2,4617.8,4473.2,4113.616666666667,169.20527303014478,150.61763049064118,18.587642539503605,82.41590214067278,119.14285714285714,92.58194828535464,523107.6,24944002,453238.85,15510.0,2.5815063613909173
2022-06-08,4815.0,4880.0,4786.0,4870.0,393553,619758,4738.2,4661.3,4507.8,4123.45,178.1176239270062,156.11762917791418,21.999994749092025,87.64880952380952,119.42857142857143,95.12630495935392,513306.25,25337555,475599.75,3436.0,0.5575007869263127
2022-06-09,4870.0,4912.0,4810.0,4831.0,534528,602777,4784.0,4697.2,4535.7,4130.5,179.95929344532124,160.8859620313956,19.073331413925644,82.29317851959362,116.0,85.84246195567076,519557.45,24803027,497259.5,-16981.0,-2.739940428360743
2022-06-10,4812.0,4876.0,4765.0,4858.0,511183,590851,4828.2,4733.8,4565.1,4144.566666666667,181.5052249090113,165.00981460691872,16.49541030209258,82.88920056100982,114.35714285714286,72.57748561084195,525678.35,25314210,519289.3,-11926.0,-1.9785094653578361
2022-06-13,4858.0,4890.0,4748.0,4793.0,460522,574617,4834.4,4752.4,4588.6,4158.15,175.4628039770423,167.10041248094345,8.362391496098866,75.13297872340425,120.14285714285714,60.32417169538014,528431.75,24853688,530689.1,-16234.0,-2.747562414212723
2022-06-14,4808.0,4884.0,4776.0,4871.0,578984,601039,4844.6,4772.9,4617.55,4175.733333333334,174.9513596118013,168.67060190711504,6.280757704686266,76.91358024691358,122.57142857142857,63.16973086762132,530704.4,25432672,543480.85,26422.0,4.59819323131756
2022-06-15,4890.0,4896.0,4672.0,4682.0,812613,532055,4807.0,4772.6,4631.85,4194.766666666666,157.47998457223275,166.4324784401386,-8.952493867905844,60.91476091476092,128.0,34.07906441902438,548384.4,24620059,549119.95,-68984.0,-11.477458201547652
2022-06-16,4684.0,4713.0,4650.0,4673.0,459245,524471,4775.4,4779.7,4647.3,4211.983333333334,141.27899290793084,161.40178133369704,-20.122788425766203,59.51629863301788,127.14285714285714,10.694577973773807,541784.9,24160814,553646.85,-7584.0,-1.4254165452819767
2022-06-17,4660.0,4660.0,4512.0,4630.0,793968,514339,4729.8,4779.0,4659.5,4229.666666666667,123.54569182726209,153.83056343241006,-30.28487160514797,51.30830489192264,127.64285714285714,-17.008800398795128,552095.8,23366846,557689.4,-10132.0,-1.931851332104162
2022-06-20,4620.0,4641.0,4351.0,4412.0,920306,448672,4653.6,4744.0,4660.65,4241.65,90.85383836716755,141.23521841936156,-50.381380052194004,37.76493256262042,137.0,-64.04162313352242,569900.85,22446540,558191.2,-65667.0,-12.767260503286748
2022-06-21,4401.0,4570.0,4325.0,4494.0,659843,454976,4578.2,4711.4,4664.6,4255.616666666667,70.74650202815155,127.13747514111957,-56.39097311296801,41.32606721162579,148.35714285714286,-68.79591358099236,580297.2,23106383,558102.25,6304.0,1.405035304186586
2022-06-22,4530.0,4555.0,4350.0,4357.0,637285,447757,4513.2,4660.1,4660.7,4265.383333333333,43.25788806421406,110.36155772573848,-67.10366966152442,39.39393939393939,150.85714285714286,-83.17439247774011,582281.65,22469098,554897.4,-7219.0,-1.5866770994513946
2022-06-23,4320.0,4415.0,4280.0,4408.0,625812,451423,4460.2,4617.8,4657.5,4276.3,25.296633385184577,93.34857285762772,-68.05193947244314,40.22203245089668,153.28571428571428,-93.20533060694402,574719.5,23094910,550959.0,3666.0,0.8187476689365036
2022-06-24,4420.0,4487.0,4325.0,4353.0,589666,439261,4404.8,4567.3,4650.55,4284.483333333334,6.54868019352034,75.98859432480624,-69.4399141312859,31.42597638510445,153.71428571428572,-81.85374085184407,582213.9,22505244,546468.95,-12162.0,-2.6941471746012025
2022-06-27,4404.0,4558.0,4361.0,4508.0,741164,471732,4424.0,4538.8,4645.6,4292.533333333334,4.150156408672046,61.620906741579404,-57.47075033290736,36.97829716193656,160.5,-51.694717287625686,586831.25,23246408,540610.05,32471.0,7.392188243436126
2022-06-28,4530.0,4624.0,4492.0,4606.0,559173,486227,4446.4,4512.3,4642.6,4302.933333333333,10.041339695088027,51.304993332281136,-41.26365363719311,39.406099518459065,163.21428571428572,-20.5603515775873,585432.6,23805581,533869.5,14495.0,3.072719255848666
2022-06-29,4607.0,4640.0,4542.0,4582.0,540263,466761,4491.4,4502.3,4637.45,4313.0,12.627977999885843,43.56959026580208,-30.941612265916234,39.886271324126724,162.92857142857142,-15.111711487759665,587177.4,23265318,527404.15,-19466.0,-4.003479856116588
2022-06-30,4644.0,4684.0,4553.0,4608.0,606018,485629,4531.4,4495.8,4637.75,4323.55,16.584711965185306,38.172614605678724,-21.587902640493418,39.837398373983746,164.35714285714286,-6.872045765920134,589535.5,23871336,524394.05,18868.0,4.042325729870311
2022-07-01,4609.0,4618.0,4426.0,4450.0,633123,456427,4550.8,4477.8,4628.4,4332.416666666667,6.891729038109588,31.9164374921649,-25.02470845405531,37.037037037037045,167.92857142857142,-39.1722100214837,591478.8,23238213,519295.3,-29202.0,-6.01323232344032
2022-07-04,4511.0,4526.0,4386.0,4479.0,570926,471919,4545.0,4484.5,4614.25,4343.15,1.532363735836043,25.83962274089913,-24.307259005063088,34.61538461538461,170.21428571428572,-44.704337940046464,603111.2,23809139,512850.65,15492.0,3.3941900895433363
2022-07-05,4508.0,4537.0,4420.0,4469.0,577913,469727,4517.6,4482.0,4596.7,4351.0,-3.481752825613512,19.9753476275966,-23.457100453210113,40.273972602739725,162.57142857142858,-37.1933808147939,610304.4,23231226,505520.9,-2192.0,-0.4644864902663359
2022-07-06,4430.0,4432.0,4131.0,4217.0,1032594,439071,4444.6,4468.0,4564.05,4357.65,-27.47307773472039,10.485662555133203,-37.958740289853594,32.959641255605376,182.21428571428572,-89.31311880520494,642256.45,22198632,496486.55,-30656.0,-6.52634402535941
2022-07-07,4204.0,4205.0,4059.0,4094.0,936673,422915,4341.8,4436.6,4527.2,4363.466666666666,-55.76858211952185,-2.7651863797978073,-53.00339573972404,31.100141043723553,182.0,-110.09200488986819,662363.7,21261959,487493.45,-16156.0,-3.6795871282776615
2022-07-08,4148.0,4214.0,4123.0,4188.0,633076,420466,4289.4,4420.1,4493.7,4371.4,-69.80330969029819,-16.172811041897884,-53.630498648400305,41.34466769706337,169.85714285714286,-85.44184880320171,668458.35,21895035,478974.2,-2449.0,-0.5790761736992112
2022-07-11,4188.0,4259.0,4063.0,4159.0,762885,404579,4225.4,4385.2,4462.0,4377.8,-82.31708987036018,-29.401666807590345,-52.91542306276983,36.502820306204676,166.35714285714286,-80.76601666340484,683576.5,21132150,470472.3,-15887.0,-3.77842679312953
2022-07-12,4112.0,4200.0,4072.0,4086.0,583524,401988,4148.8,4333.2,4422.75,4381.6,-97.0066089302918,-42.92265523213064,-54.08395369816117,38.48768054375531,160.85714285714286,-84.74205778123961,683803.5,20548626,460519.75,-2591.0,-0.6404188057214988
2022-07-13,4000.0,4036.0,3845.0,3922.0,831862,389198,4089.8,4267.2,4384.75,4383.066666666667,-120.4926240464174,-58.43664899498799,-62.055975051429414,31.16279069767441,168.42857142857142,-114.03858712324886,684765.95,19716764,453376.9,-12790.0,-3.181687015532797
2022-07-14,3856.0,3964.0,3830.0,3899.0,614617,380507,4050.8,4196.3,4346.05,4383.616666666667,-139.3549706582362,-74.62031332763763,-64.73465733059857,31.95548489666136,166.42857142857142,-104.77014278798836,692534.55,19102147,446178.7,-8691.0,-2.23305361281404
2022-07-15,3881.0,3884.0,3681.0,3685.0,789134,383883,3950.2,4119.8,4298.8,4379.2,-169.61629668563637,-93.61950999923738,-75.99678668639899,18.7547456340167,167.35714285714286,-113.24050847032689,692292.85,18313013,439655.9,3376.0,0.8872372912981819
2022-07-18,3750.0,4048.0,3750.0,4044.0,821615,360960,3927.2,4076.3,4280.4,4380.65,-162.7541869158149,-107.4464453825529,-55.307741533262,32.19264892268694,183.85714285714286,-65.53999050471481,687358.3,19134628,435270.3,-22923.0,-5.9713506458999195
2022-07-19,4046.0,4138.0,3970.0,4022.0,638879,356167,3914.4,4031.6,4256.8,4382.816666666667,-157.27812727375158,-117.41278176079264,-39.86534551295894,32.233502538071065,188.85714285714286,-42.512811141722146,686310.1,18495749,430329.85,-4793.0,-1.3278479609929117
2022-07-20,3971.0,4050.0,3898.0,3937.0,672501,341391,3917.4,4003.6,4235.8,4382.3,-157.976050605198,-125.52543552967371,-32.45061507552428,29.480122324159012,190.35714285714286,-52.69855626668736,688070.9,17823248,425011.55,-14776.0,-4.1486156774771406
2022-07-21,3934.0,3985.0,3892.0,3909.0,504415,329705,3919.4,3985.1,4210.85,4381.266666666666,-158.95617799473348,-132.21158402268566,-26.744593972047824,32.02657807308971,183.28571428571428,-53.369375751930285,682001.05,17318833,418925.65,-11686.0,-3.4230545034871995
2022-07-22,3830.0,3986.0,3814.0,3957.0,504384,322137,3973.8,3962.0,4191.05,4383.683333333333,-154.0835578242013,-136.58597878298878,-17.497579041212532,32.874015748031496,185.57142857142858,-49.94707959321485,677736.95,17823217,413069.45,-7568.0,-2.2953852686492415
2022-07-25,3903.0,4056.0,3902.0,4006.0,552044,329491,3966.2,3946.7,4165.95,4383.916666666667,-144.60120802877918,-138.18902463214687,-6.412183396632315,35.18873960332694,188.21428571428572,-33.619449849946214,668280.95,18375261,405957.4,7354.0,2.282879644374902
2022-07-26,4086.0,4173.0,4035.0,4161.0,519421,328025,3994.0,3954.2,4143.7,4384.666666666667,-123.15946721437467,-135.18311314859244,12.023645934217768,48.0900409276944,176.0,-4.970563213286963,666293.35,18894682,398047.3,-1466.0,-0.4449286930447216
2022-07-27,4181.0,4223.0,4101.0,4166.0,469702,319363,4039.8,3978.6,4122.9,4383.483333333334,-104.55799543996181,-129.05808960686633,24.500094166904518,52.6706231454006,173.42857142857142,7.764624875868316,662765.3,19364384,390677.4,-8662.0,-2.6406523892995915
2022-07-28,4180.0,4305.0,4128.0,4293.0,482537,303904,4116.6,4018.0,4107.15,4384.666666666667,-78.66159452906868,-118.97879059130682,40.31719606223814,53.801593048515564,177.5,32.50526897187764,656591.25,19846921,381591.15,-15459.0,-4.840573266157944
2022-07-29,4303.0,4317.0,4195.0,4249.0,470205,260904,4175.0,4074.4,4097.1,4383.383333333333,-60.98593461849305,-107.38021939674407,46.39428477825102,53.22349570200572,172.21428571428572,41.97754386067555,648445.35,19376716,371815.0,-43000.0,-14.149205012109089
2022-08-01,4269.0,4371.0,4218.0,4243.0,459201,228344,4222.4,4094.3,4085.3,4382.783333333334,-46.92111919432773,-95.28839935626081,48.36728016193308,55.90669676448458,174.0,55.25355173149853,642859.1,18917515,359636.25,-32560.0,-12.479686014779379
2022-08-02,4195.0,4271.0,4160.0,4266.0,444584,212079,4243.4,4118.7,4075.15,4381.683333333333,-33.5322054666276,-82.93716057833417,49.40495511170657,64.47811447811448,164.71428571428572,52.280530839466316,636192.65,19362099,346753.85,-16265.0,-7.1230249097852365
2022-08-03,4263.0,4306.0,4204.0,4268.0,348284,205683,4263.8,4151.8,4077.7,4383.183333333333,-22.50063823875189,-70.84985611041772,48.34921787166583,65.80976863753213,162.42857142857142,61.26863478595742,601977.15,19710383,335084.45,-6396.0,-3.0158572984595344
2022-08-04,4317.0,4338.0,4205.0,4226.0,307111,200720,4250.4,4183.5,4084.3,4382.4,-16.951682282568072,-60.070221344847795,43.11853906227972,77.1859296482412,156.35714285714286,56.0779172405676,570499.05,19403272,323974.7,-4963.0,-2.4129364118570806
2022-08-05,4235.0,4261.0,4190.0,4225.0,292122,190109,4245.6,4210.3,4086.15,4381.65,-12.490800182622479,-50.554337112402735,38.063536929780255,64.2072213500785,135.5,44.7519177027854,553451.35,19111150,312456.85,-10611.0,-5.286468712634518
2022-08-08,4195.0,4320.0,4125.0,4306.0,326350,181362,4258.2,4240.3,4093.5,4381.366666666667,-2.391923321610193,-40.921854354244225,38.52993103263403,70.40229885057471,137.42857142857142,50.126254646720774,531624.6,19437500,301296.0,-8747.0,-4.60104466385074
2022-08-09,3990.0,4128.0,3986.0,4092.0,351764,401179,4223.4,4233.4,4093.8,4378.033333333334,-11.523664546496548,-35.04221639269469,23.518551846198143,59.3939393939394,149.42857142857142,-5.402212859835421,520036.6,19085736,301255.55,219817.0,121.20344945468177
2022-08-10,4147.0,4166.0,4093.0,4115.0,338129,440303,4192.8,4228.3,4103.45,4373.35,-16.712081009908616,-31.376189316137477,14.664108306228862,62.5609756097561,148.07142857142858,9.236826403572705,495349.95,19423865,303810.8,39124.0,9.7522552277163
2022-08-11,4140.0,4259.0,4065.0,4246.0,476725,476382,4196.8,4223.6,4120.8,4371.383333333333,-10.136486147796859,-27.128248682469355,16.991762534672496,66.00221483942414,149.64285714285714,26.339080661025857,488455.35,19900590,308604.55,36079.0,8.194129951419814
2022-08-12,4275.0,4282.0,4220.0,4272.0,308074,479417,4206.2,4225.9,4150.15,4369.483333333334,-2.795077225654495,-22.261614391106384,19.46653716545189,65.11363636363637,143.07142857142858,47.523313865597366,464402.35,20208664,313381.25,3035.0,0.6370937608893623
2022-08-15,4248.0,4256.0,4201.0,4216.0,348913,474567,4188.2,4223.2,4158.75,4366.6,-1.478644853883452,-18.105020483661797,16.626375629778344,53.52112676056338,136.21428571428572,30.63986764847498,440767.25,19859751,319061.6,-4850.0,-1.01164539430183
2022-08-16,4110.0,4196.0,4096.0,4144.0,426136,474674,4198.6,4211.0,4164.85,4362.083333333333,-6.173991060000844,-15.718814598929608,9.544823538928764,48.70283018867924,136.07142857142858,-3.8597524287735716,430130.1,19433615,324986.95,107.0,0.02254686904061831
2022-08-17,4140.0,4181.0,4089.0,4100.0,348322,480103,4195.6,4194.2,4173.0,4356.5,-13.292293745022107,-15.233510428148108,1.941216683126001,37.385620915032675,130.0,-17.703187309110024,413921.15,19085293,331922.55,5429.0,1.1437323299780422
2022-08-18,4100.0,4170.0,4066.0,4122.0,398792,493108,4170.8,4183.8,4183.65,4350.666666666667,-16.962846632203764,-15.579377668959241,-1.383468963244523,41.453566621803496,128.71428571428572,-27.17968465908593,408640.0,19484085,340092.7,13005.0,2.7087937380103844
2022-08-19,4167.0,4180.0,3945.0,3960.0,620084,470426,4108.4,4157.3,4183.8,4341.8,-32.56840406082574,-18.977182947332544,-13.591221113493198,34.260289210233594,134.57142857142858,-88.37788067177294,414425.0,18864001,347507.15,-22682.0,-4.599803694119742
2022-08-22,3959.0,3996.0,3900.0,3932.0,481982,458375,4051.6,4119.9,4180.1,4330.55,-46.65744872358209,-24.513236102582454,-22.14421262099964,31.526548672566378,133.5,-128.93737835026937,410921.9,18382019,353951.35,-12051.0,-2.5617206531951875
2022-08-23,3940.0,4078.0,3859.0,3977.0,635405,467330,4018.2,4108.4,4170.9,4319.066666666667,-53.574421622053706,-30.32547320647671,-23.248948415576997,34.63569165786696,141.85714285714286,-97.59892465776086,416721.1,19017424,360916.6,8955.0,1.9536405781292565
2022-08-24,3985.0,3995.0,3877.0,3908.0,601502,465921,3979.8,4087.7,4158.0,4306.116666666667,-63.88744116789894,-37.03786679876116,-26.849574369137784,33.67556468172485,140.78571428571428,-100.39167410572371,423311.1,18415922,368244.5,-1409.0,-0.30150001069907395
2022-08-25,3908.0,4045.0,3893.0,4018.0,569956,450244,3959.0,4064.9,4144.25,4296.383333333333,-62.46445145404141,-42.123183729817214,-20.341267724224195,40.44321329639889,146.57142857142858,-66.65473947189965,427682.05,18985878,375561.5,-15677.0,-3.364733506324036
2022-08-26,4003.0,4021.0,3852.0,3891.0,577529,456268,3945.2,4026.8,4126.35,4283.95,-70.76878200353622,-47.85230338456102,-22.916478618975198,31.620903454384404,144.71428571428572,-81.96251517147421,433048.25,18408349,385329.7,6024.0,1.3379412052131778
2022-08-29,3865.0,3991.0,3858.0,3936.0,568711,460847,3946.0,3998.8,4111.0,4270.183333333333,-72.87879845110638,-52.85760239787009,-20.021196053236288,41.875,131.35714285714286,-70.96196797855526,438523.75,18977060,396954.85,4579.0,1.0035768451874816
2022-08-30,3941.0,3986.0,3903.0,3959.0,531131,465467,3942.4,3980.3,4095.65,4255.833333333333,-71.86665978807832,-56.65941387591174,-15.207245912166584,41.875,132.0,-56.58393143324839,442851.1,19508191,409624.25,4620.0,1.0025019149522585
2022-08-31,3928.0,3934.0,3818.0,3840.0,590481,443466,3928.8,3954.3,4074.25,4238.666666666667,-79.7475578750159,-61.277042675732574,-18.470515199283327,28.586497890295362,128.21428571428572,-79.75802685145867,454960.95,18917710,421513.4,-22001.0,-4.726650868912296
2022-09-01,3800.0,3862.0,3776.0,3807.0,453471,432249,3886.6,3922.8,4053.3,4221.6,-87.645725232303,-66.55077918704666,-21.094946045256336,25.6544502617801,129.92857142857142,-86.72033738929697,462278.95,18464239,433089.85,-11217.0,-2.5293934597015344
2022-09-02,3785.0,3846.0,3741.0,3808.0,465082,423939,3870.0,3907.6,4032.45,4204.1,-92.75516432724544,-71.79165621508642,-20.96350811215902,27.33333333333333,132.35714285714286,-82.07423339566249,470926.95,18929321,444781.35,-8310.0,-1.9225030017420486
2022-09-05,3821.0,3857.0,3787.0,3830.0,402478,417704,3848.8,3897.4,4008.65,4188.05,-93.94626146057999,-76.22257726418513,-17.723684196394856,31.529411764705884,128.78571428571428,-66.5512826279426,474733.35,19331799,456598.45,-6235.0,-1.4707304588631898
2022-09-06,3853.0,3878.0,3788.0,3832.0,430823,411186,3823.4,3882.9,3995.65,4170.733333333334,-93.64930039455294,-79.7079218902587,-13.941378504294235,33.415841584158414,128.64285714285714,-57.51548616210573,478686.3,19762622,457098.8,-6518.0,-1.560435140673777
2022-09-07,3772.0,3840.0,3712.0,3728.0,493459,414959,3801.0,3864.9,3976.3,4154.833333333333,-100.64570639245721,-83.8954787906984,-16.75022760175881,27.86516853932585,130.35714285714286,-73.25649508053193,486452.8,19269163,455831.6,3773.0,0.9175896066500266
2022-09-08,3728.0,3762.0,3680.0,3699.0,452177,387696,3779.4,3833.0,3948.95,4138.6,-107.29365175956218,-88.57511338447117,-18.718538375091015,32.76089828269485,119.42857142857143,-79.28876438335953,485225.4,18816986,451397.3,-27263.0,-6.570046679310481
2022-09-09,3702.0,3781.0,3700.0,3759.0,336678,367412,3769.6,3819.8,3923.3,4124.083333333333,-106.49311150006224,-92.15871300758938,-14.334398492472857,39.036755386565275,118.42857142857143,-64.66949104618831,486655.6,19153664,445797.05,-20284.0,-5.231934299038421
2022-09-13,3831.0,3867.0,3770.0,3771.0,314110,367980,3757.8,3803.3,3901.05,4113.4,-103.69504592353042,-94.46597959077761,-9.229066332752808,36.37566137566138,110.5,-42.1567106424293,484915.45,19467774,440467.7,568.0,0.15459484175801563
2022-09-14,3750.0,3778.0,3645.0,3674.0,465299,392078,3726.2,3774.8,3877.55,4099.733333333334,-108.0590111165775,-97.1845858959376,-10.874425220639893,35.076530612244895,111.57142857142857,-76.77240286684864,486873.6,19002475,436337.9,24098.0,6.548725474210548
2022-09-15,3674.0,3718.0,3667.0,3689.0,323797,376403,3718.4,3759.7,3857.0,4088.6,-109.05004924655395,-99.55767856606087,-9.492370680493082,26.124818577648767,104.35714285714286,-74.61250839533604,485647.35,19326272,431152.9,-15675.0,-3.997928983518584
2022-09-16,3667.0,3685.0,3608.0,3648.0,377606,377247,3708.2,3743.8,3833.3,4075.9333333333334,-111.85442328859699,-102.0170275105681,-9.837395778028892,29.85074626865672,98.07142857142857,-88.21984264742268,484588.05,18948666,425359.85,844.0,0.22422775588930577
2022-09-19,3640.0,3660.0,3587.0,3608.0,346563,379696,3678.0,3723.8,3815.7,4063.516666666667,-115.96777134673812,-104.80717627780211,-11.160595068936004,22.575250836120404,93.78571428571429,-90.51094954969275,470912.0,18602103,420823.35,2449.0,0.6491767992853559
2022-09-20,3585.0,3679.0,3575.0,3652.0,329553,366440,3654.2,3706.0,3801.7,4049.25,-114.35893838549055,-106.71752869933981,-7.6414096861507375,25.201938610662353,95.28571428571429,-73.77745282686232,463290.55,18931656,416226.6,-13256.0,-3.491214023850664
2022-09-21,3654.0,3725.0,3622.0,3700.0,364417,358629,3659.4,3692.8,3787.85,4034.15,-107.96616112655829,-106.96725518478351,-0.9989059417747796,37.22627737226277,92.57142857142857,-48.84069349363242,449741.15,19296073,410791.55,-7811.0,-2.1315904377251393
2022-09-22,3689.0,3814.0,3685.0,3764.0,486357,359186,3674.4,3696.4,3780.65,4020.516666666667,-96.62177824703576,-104.89815979723397,8.27638155019821,46.28670120898099,95.64285714285714,-13.491120027306811,443983.9,19782430,405454.8,557.0,0.15531370859578342
2022-09-23,3800.0,3800.0,3702.0,3725.0,327317,344862,3689.8,3699.0,3766.0,4005.8,-89.74373720755693,-101.86727527929857,12.123538071741635,43.27390599675851,95.14285714285714,-14.907560990748447,431851.95,19455113,400185.7,-14324.0,-3.9879059874271316
2022-09-26,3695.0,3717.0,3646.0,3697.0,380949,339884,3707.6,3692.8,3756.3,3993.25,-85.56585619705265,-98.6069914628494,13.04113526579674,39.325842696629216,95.78571428571429,-39.53308041204332,422022.95,19074164,394366.5,-4978.0,-1.44347594110108
2022-09-27,3701.0,3744.0,3633.0,3719.0,401777,333266,3721.0,3687.6,3745.45,3980.5833333333335,-79.56249237176235,-94.798091644632,15.23559927286965,41.21306376360808,97.28571428571429,-29.41163683779851,413676.25,19475941,387987.45,-6618.0,-1.9471349048498898
2022-09-28,3742.0,3769.0,3707.0,3753.0,295001,326940,3731.6,3695.5,3735.15,3968.65,-71.24005641323856,-90.08648459835331,18.846428185114746,52.18150087260034,92.57142857142857,3.74289719448722,401869.75,19770942,381061.1,-6326.0,-1.8981834330534797
2022-09-29,3790.0,3902.0,3780.0,3890.0,456938,346898,3756.8,3715.6,3737.65,3963.2,-52.9790019566949,-82.66498807002164,29.685986113326734,64.02349486049927,97.35714285714286,87.06097452423191,395192.6,20227880,376232.7,19958.0,6.104484003181021
2022-09-30,3905.0,3941.0,3879.0,3937.0,336493,335303,3799.2,3744.5,3744.15,3960.5833333333335,-34.31887094992453,-72.99576464600221,38.676893696077684,63.32335329341317,95.92857142857143,112.62195934771665,389343.7,20564373,371385.4,-11595.0,-3.3424810751287115
2022-10-10,4091.0,4115.0,4042.0,4060.0,297199,362398,3871.8,3789.7,3756.75,3958.45,-9.496046133225263,-60.29582094344683,50.799774810221564,68.54942233632863,100.92857142857143,147.39737348417458,380949.55,20861572,368308.35,27095.0,8.080750843267136
2022-10-11,4079.0,4085.0,3995.0,4010.0,274362,378087,3930.0,3825.5,3765.75,3955.9666666666667,6.071649049467396,-47.022326944863984,53.09397599433138,72.95081967213115,97.85714285714286,107.26083484973422,374543.75,20587210,366327.5,15689.0,4.329218152418068
2022-10-12,4000.0,4027.0,3971.0,4007.0,230946,385711,3980.8,3856.2,3774.5,3954.65,17.96005240856357,-34.025851074178476,51.985903482742046,72.08333333333333,98.21428571428571,85.21533775553583,364549.9,20356264,365053.75,7624.0,2.0164671094219155
2022-10-13,3989.0,4009.0,3956.0,3980.0,224585,393568,3998.8,3877.8,3787.1,3955.616666666667,24.915809428840475,-22.237518973574687,47.15332840241516,73.51274787535411,96.21428571428571,69.50318614235445,351106.2,20131679,363984.2,7857.0,2.0370173523700297
2022-10-14,3950.0,4040.0,3943.0,4010.0,276197,405259,4013.4,3906.3,3802.65,3957.4666666666667,32.47469815493969,-11.295075547871813,43.7697737028115,78.87931034482759,97.92857142857143,67.05249805192392,342307.2,20407876,364862.35,11691.0,2.9705158956012667
2022-10-17,3980.0,4004.0,3900.0,3955.0,314433,380882,3992.4,3932.1,3812.45,3961.9666666666667,33.63935800410627,-2.3081888374761963,35.947546841582465,71.42857142857143,98.35714285714286,47.325780747205854,341194.95,20093443,365535.85,-24377.0,-6.015165610140672
2022-10-18,3966.0,3994.0,3908.0,3945.0,266127,372760,3979.4,3954.7,3821.15,3960.3166666666666,33.37076548702453,4.827602027423949,28.543163459600578,68.31091180866966,97.14285714285714,42.677697976250705,338795.8,19827316,365774.85,-8122.0,-2.1324189644036706
2022-10-19,3936.0,3949.0,3838.0,3852.0,375006,364851,3948.4,3964.6,3830.05,3957.483333333333,25.36123271168117,8.934328164275394,16.426904547405776,56.30372492836676,95.85714285714286,17.38151286636741,334281.15,19452310,364413.5,-7909.0,-2.1217405300997916
2022-10-20,3859.0,3902.0,3794.0,3845.0,357793,350651,3921.4,3960.1,3837.85,3955.95,18.23853628984034,10.795169789388384,7.4433665004519565,59.00900900900901,96.57142857142857,4.115255507682951,335980.95,19094517,363125.9,-14200.0,-3.8919997478422674
2022-10-21,3840.0,3873.0,3810.0,3821.0,251628,353900,3883.6,3948.5,3846.5,3954.483333333333,10.53569964834287,10.74327576117928,-0.20757611283640998,59.36555891238671,95.42857142857143,-3.3737010736472244,329682.05,18842889,361958.55,3249.0,0.9265623083920982
2022-10-24,3820.0,3921.0,3818.0,3839.0,353525,351549,3860.4,3926.4,3858.05,3952.516666666667,5.816546158299843,9.757929840603394,-3.9413836823035506,59.118541033434646,94.85714285714286,1.1776776608515676,330030.15,19196414,360551.2,-2351.0,-0.664311952528962
2022-10-25,3816.0,3876.0,3811.0,3845.0,272932,338267,3840.4,3909.9,3867.7,3949.8333333333335,2.531550732672713,8.312654019017257,-5.781103286344544,57.3015873015873,95.07142857142857,-9.431300306495595,327199.1,19469346,359142.55,-13282.0,-3.7781361915408707
2022-10-26,3845.0,3896.0,3830.0,3843.0,336479,300310,3838.6,3893.5,3874.85,3944.5333333333333,-0.23055737267804943,6.604011740678197,-6.834569113356246,45.25252525252525,89.14285714285714,-8.485984475830147,325802.2,19132867,356226.6,-37957.0,-11.221017716774028
2022-10-27,3874.0,3952.0,3841.0,3865.0,389512,296268,3842.6,3882.0,3879.9,3939.516666666667,-0.6369889951301957,5.1558115935165185,-5.792800588646714,42.340425531914896,92.64285714285714,1.8574535244486534,320959.95,19522379,353080.7,-4042.0,-1.3459425260564095
2022-10-28,3890.0,3905.0,3737.0,3760.0,432196,275580,3830.4,3857.0,3881.65,3930.633333333333,-9.324227571180927,2.259803760577029,-11.584031331757956,16.8141592920354,91.92857142857143,-39.96650796937878,326203.9,19090183,349616.6,-20688.0,-6.982866863785486
2022-10-31,3777.0,3777.0,3704.0,3723.0,308702,245620,3807.2,3833.8,3882.95,3921.866666666667,-18.97577656870044,-1.9873123052784645,-16.988464263421974,17.312072892938502,90.71428571428571,-75.50391955911248,322591.55,18781481,344903.4,-29960.0,-10.871616227592718
2022-11-01,3711.0,3865.0,3708.0,3833.0,339321,234692,3804.8,3822.6,3888.65,3915.0333333333333,-17.54635454033314,-5.0991207522894,-12.447233788043741,34.06593406593406,97.92857142857143,-48.49609342244448,319468.75,19120802,339974.7,-10928.0,-4.449149092093474
2022-11-02,3849.0,3863.0,3762.0,3789.0,275068,208466,3794.0,3816.3,3890.45,3907.0833333333335,-19.736450050411804,-8.026586611913881,-11.709863438497923,33.0373001776199,101.35714285714286,-51.063171439198605,318472.1,18845734,334051.0,-26226.0,-11.174645918906478
2022-11-03,3670.0,3673.0,3593.0,3601.0,445215,277568,3741.2,3791.9,3876.0,3895.9666666666667,-36.22457103351735,-13.666183496234575,-22.558387537282776,21.63661581137309,108.42857142857143,-121.25650423019744,317885.95,18400519,330584.5,69102.0,33.147851448197784
2022-11-04,3580.0,3633.0,3524.0,3592.0,471415,303556,3707.6,3769.0,3858.75,3885.4,-49.44774763243413,-20.82249632347449,-28.62525130895964,23.111111111111114,108.35714285714286,-112.17735881575517,324632.05,17929104,328997.15,25988.0,9.362750749365922
2022-11-07,3630.0,3652.0,3554.0,3623.0,497191,315353,3687.6,3747.4,3836.9,3875.366666666667,-56.77134470984811,-28.012266000749214,-28.759078709098894,26.867816091954026,109.21428571428571,-90.54304102737842,334631.65,18426295,326644.9,11797.0,3.8862681020964907
2022-11-08,3637.0,3703.0,3610.0,3695.0,351942,322941,3660.0,3732.4,3821.15,3865.1833333333334,-56.11864903306605,-33.63354260721258,-22.485106425853466,38.37037037037037,107.92857142857143,-61.54674391902695,338510.65,18778237,323887.6,7588.0,2.4061924256309597
2022-11-09,3699.0,3707.0,3600.0,3626.0,344223,316367,3627.4,3710.7,3802.1,3857.4166666666665,-60.47202251669205,-39.00123858910848,-21.470783927583568,35.14246947082768,107.85714285714286,-64.81538939141348,344174.5,18434014,320420.4,-6574.0,-2.0356659575588076
2022-11-10,3590.0,3722.0,3586.0,3690.0,414078,333664,3645.2,3693.2,3787.6,3850.3333333333335,-58.08823225438573,-42.81863732216394,-15.269594932221793,41.570141570141566,113.07142857142857,-51.26719239792944,353649.15,18848092,317425.2,17297.0,5.467384398499209
2022-11-11,3666.0,3797.0,3662.0,3781.0,491264,342084,3683.0,3695.3,3776.15,3842.5833333333335,-48.299356894979155,-43.91478123672698,-4.384575658252174,46.588235294117645,115.35714285714286,-14.52719544509416,364402.5,19339356,314266.45,8420.0,2.5234966912822454
2022-11-14,3790.0,3808.0,3717.0,3735.0,304704,326798,3705.4,3696.5,3765.15,3833.633333333333,-43.749105751341176,-43.88164613964982,0.1325403883086409,43.82022471910113,117.21428571428571,-7.6973780622222225,363916.05,19034652,311562.25,-15286.0,-4.468493118649219
2022-11-15,3722.0,3724.0,3621.0,3656.0,441094,310248,3697.6,3678.8,3750.7,3824.3,-45.98752316585478,-44.30282154489081,-1.6847016209639705,40.33092037228542,120.64285714285714,-44.574263378219726,372664.4,18593558,308436.65,-16550.0,-5.064290479133904
2022-11-16,3655.0,3695.0,3637.0,3644.0,308853,309944,3701.2,3664.3,3740.3,3815.9666666666667,-48.174459622629,-45.07714916043845,-3.097310462190549,38.453500522466044,116.85714285714286,-44.21712401255398,369356.75,18284705,305691.3,-304.0,-0.09798612722724531
2022-11-17,3647.0,3668.0,3597.0,3615.0,378804,309406,3686.2,3665.7,3728.8,3807.883333333333,-51.652264999046565,-46.39217232816007,-5.260092670886493,41.77071509648127,109.92857142857143,-54.884246280385675,370407.3,17905901,303629.05,-538.0,-0.17357974343752414
2022-11-18,3610.0,3676.0,3591.0,3640.0,288674,307214,3658.0,3670.5,3719.75,3799.85,-51.79410949625026,-47.472559761778115,-4.321549734472143,45.22439585730726,110.78571428571429,-45.48304187840831,372259.6,18194575,301294.75,-2192.0,-0.7084542639767766
2022-11-21,3615.0,3628.0,3443.0,3451.0,460576,331131,3601.2,3653.3,3700.35,3791.366666666667,-66.39191803968652,-51.25643141735979,-15.135486622326724,29.85232067510549,113.64285714285714,-96.94741289744834,377612.15,17733999,300273.85,23917.0,7.7851269798902445
2022-11-22,3440.0,3498.0,3412.0,3456.0,369082,313264,3561.2,3629.4,3680.9,3783.4333333333334,-76.6734840718409,-56.339841948256016,-20.333642123584887,31.683168316831683,112.57142857142857,-103.81769417716858,382419.65,18103081,299023.7,-17867.0,-5.395749718389398
2022-11-23,3475.0,3494.0,3424.0,3478.0,303098,304849,3528.0,3614.6,3662.65,3775.116666666667,-82.1000844210007,-61.49189044280496,-20.608193978195743,41.72274562584118,103.57142857142857,-88.24932874368406,380750.6,18406179,299250.65,-8415.0,-2.6862326982991958
2022-11-24,3453.0,3539.0,3444.0,3518.0,361137,282387,3508.6,3597.4,3645.3,3768.616666666667,-82.22519769260998,-65.63855189276597,-16.586645799844007,45.21963824289406,102.57142857142857,-68.41887081716061,379331.85,18767316,298556.6,-22462.0,-7.368238045720998
2022-11-25,3530.0,3587.0,3470.0,3559.0,412781,239697,3492.4,3575.2,3635.25,3760.9666666666667,-78.11552635050793,-68.13394678431438,-9.98157956619356,45.91836734693878,103.92857142857143,-46.12678844577995,378361.1,19180097,296762.45,-42690.0,-15.117551445356902
2022-11-28,3572.0,3581.0,3406.0,3432.0,336785,215159,3488.6,3544.9,3620.7,3753.3166666666666,-84.13654707848491,-71.33446684314849,-12.802080235336419,34.32657926102503,109.78571428571429,-69.31866011172022,379765.25,18843312,295239.4,-24538.0,-10.23709099404665
2022-11-29,3432.0,3508.0,3422.0,3485.0,249763,188409,3494.4,3527.8,3603.3,3745.8,-83.66712973341282,-73.80099942120137,-9.866130312211453,41.433778857837176,108.28571428571429,-64.58576513005609,375287.35,19093075,292925.25,-26750.0,-12.432666074856268
2022-11-30,3483.0,3492.0,3403.0,3467.0,281392,153974,3492.2,3510.1,3587.2,3737.6,-83.78177848318956,-75.797155233599,-7.984623249590555,35.64993564993564,104.92857142857143,-68.71988575548406,375603.55,18811683,290200.65,-34435.0,-18.27672775716659
2022-12-01,3499.0,3527.0,3463.0,3473.0,219988,132429,3483.2,3495.9,3580.8,3731.483333333333,-82.43819242124027,-77.12536267112726,-5.312829750113011,27.74566473988439,99.85714285714286,-46.89700954717118,364342.2,19031671,282943.7,-21545.0,-13.992622131009135
2022-12-02,3481.0,3562.0,3441.0,3537.0,236893,121299,3478.8,3485.6,3578.05,3726.983333333333,-75.3406455929753,-76.76841925549688,1.4277736625215738,36.05633802816901,102.0,-31.836992532773234,352616.1,19268564,273830.85,-11130.0,-8.404503545295972
2022-12-05,3536.0,3556.0,3460.0,3482.0,192367,101733,3488.8,3488.7,3571.0,3721.55,-73.3087710626487,-76.07648961692725,2.767718554278545,37.31778425655977,100.71428571428571,-35.65776283008133,337374.9,19076197,263149.85,-19566.0,-16.130388544011076
2022-12-06,3503.0,3526.0,3352.0,3364.0,307124,159529,3464.6,3479.5,3554.45,3713.7833333333333,-80.29452439572424,-76.92009657268665,-3.3744278230375926,32.32323232323233,109.0,-69.31538611687262,335134.0,18769073,254979.25,57796.0,56.81145744252112
2022-12-07,3317.0,3439.0,3317.0,3374.0,286121,168390,3446.0,3469.1,3541.85,3706.15,-84.05493484875251,-78.34706422789982,-5.707870620852688,34.411384217335055,112.64285714285714,-76.74795458333476,332228.9,19055194,247580.4,8861.0,5.5544759886917205
2022-12-08,3387.0,3390.0,3285.0,3357.0,329999,174122,3422.8,3453.0,3525.2,3699.9666666666667,-87.39935973532647,-80.15752332938516,-7.241836405941314,31.50326797385621,114.07142857142857,-80.68712907168387,328024.95,18725195,239603.3,5732.0,3.4040026129817713
2022-12-09,3370.0,3400.0,3324.0,3341.0,317925,168625,3383.6,3431.2,3503.2,3694.0,-90.29998482041674,-82.18601562759149,-8.113969192825252,40.70945945945946,105.42857142857143,-70.9215377629273,319358.0,18407270,230930.35,-5497.0,-3.1569818862636545
2022-12-12,3353.0,3427.0,3334.0,3364.0,270920,162198,3360.0,3424.4,3484.65,3687.4166666666665,-89.70873684069647,-83.6905598702125,-6.018176970483978,42.45901639344262,105.92857142857143,-59.85729580617857,317668.8,18678190,222700.35,-6427.0,-3.811415863602674
2022-12-13,3355.0,3484.0,3344.0,3474.0,309752,163983,3382.0,3423.3,3475.55,3682.4666666666667,-79.44825780426982,-82.84209945702396,3.3938416527541477,49.7134670487106,110.92857142857143,-25.678734694200557,311101.7,18987942,215387.1,1785.0,1.1005067879998442
2022-12-14,3459.0,3495.0,3440.0,3466.0,320856,156738,3400.4,3423.2,3466.65,3679.0,-71.142204339214,-80.50212043346198,9.359916094247978,46.0960960960961,108.07142857142857,-1.7439887136378964,311701.85,18667086,207726.8,-7245.0,-4.418140904849888
2022-12-15,3484.0,3589.0,3465.0,3577.0,343554,157981,3444.4,3433.6,3464.75,3677.133333333333,-54.96917436700005,-75.3955312201696,20.42635685316955,51.22282608695652,108.57142857142857,55.43020992717405,309939.35,19010640,200155.55,1243.0,0.7930431675790217
2022-12-16,3584.0,3646.0,3562.0,3629.0,388581,164840,3502.0,3442.8,3464.2,3676.8166666666666,-37.523419552678206,-67.82110888667133,30.29768933399312,64.90166414523449,102.07142857142857,109.37299140484187,314934.7,19399221,193036.85,6859.0,4.341661339021785
2022-12-19,3605.0,3645.0,3555.0,3580.0,290328,155584,3545.2,3452.6,3470.65,3676.35,-27.336307723193386,-59.724148653975746,32.38784093078236,57.22983257229833,102.35714285714286,85.34328664536562,306422.3,19108893,184259.5,-9256.0,-5.615141955835967
2022-12-20,3596.0,3630.0,3564.0,3607.0,267956,155154,3571.8,3476.9,3478.2,3675.6,-16.889581273047952,-51.157235177790184,34.26765390474223,60.510510510510514,100.71428571428571,79.11756054150277,301366.0,19376849,176354.0,-430.0,-0.2763780337309729
2022-12-21,3617.0,3647.0,3587.0,3617.0,271825,150181,3602.0,3501.2,3485.15,3674.2166666666667,-7.714629424381201,-42.46871402710839,34.75408460272719,60.746268656716424,100.42857142857143,78.86654977417612,299802.35,19648674,168620.6,-4973.0,-3.2052025729275457
2022-12-22,3680.0,3691.0,3623.0,3641.0,183039,142038,3614.8,3529.6,3491.3,3672.1666666666665,1.4761690829723193,-33.679737405092254,35.15590648806457,58.25396825396825,97.07142857142857,86.70913400606328,290897.45,19831713,161603.15,-8143.0,-5.422123970409043
2022-12-23,3701.0,3728.0,3681.0,3721.0,242454,363026,3633.2,3567.6,3499.4,3672.1,15.041881086363446,-23.935413706801114,38.97729479316456,68.2442748091603,96.42857142857143,100.73719204153059,282381.1,20074167,167769.6,220988.0,155.58371703346992
2022-12-26,3731.0,3773.0,3698.0,3735.0,253663,364517,3664.2,3604.7,3514.55,3672.733333333333,26.61567959515878,-13.825195046409135,40.440874641567916,83.66606170598911,89.35714285714286,95.40538765485033,278225.0,20327830,175237.5,1491.0,0.4107143840937022
2022-12-27,3746.0,3845.0,3738.0,3812.0,233449,394382,3705.2,3638.5,3530.9,3674.2833333333333,41.52260800409931,-2.755634436307446,44.27824244040676,85.4368932038835,88.5,101.67993124304807,277409.3,20561279,185536.15,29865.0,8.193033521070348
2022-12-28,3800.0,3848.0,3793.0,3843.0,181346,403629,3750.4,3676.2,3549.7,3675.7833333333333,55.20156777743932,8.835806006441908,46.365761770997416,88.44936708860759,84.92857142857143,95.40325234618382,272407.0,20742625,198018.9,9247.0,2.3446810452809608
2022-12-29,3856.0,3867.0,3788.0,3834.0,257286,408386,3789.0,3701.9,3567.75,3674.85,64.57167508957218,19.982979823067964,44.58869526650422,89.44,85.14285714285714,83.3136554864833,274271.9,20485339,211816.75,4757.0,1.1785575367478485
2022-12-30,3830.0,3880.0,3815.0,3865.0,214546,407594,3817.8,3725.5,3584.15,3673.65,73.65000218495152,30.716384295444676,42.93361788950684,89.57345971563981,83.14285714285714,79.44546693737828,273154.55,20699885,226131.5,-792.0,-0.19393417012336656
2023-01-03,3883.0,3925.0,3825.0,3886.0,230385,423465,3848.0,3756.1,3604.35,3670.75,81.59854902965117,40.89281724228597,40.705731787365195,87.86764705882354,80.28571428571429,76.36861859607,275055.45,20930270,242218.1,15871.0,3.8938257187299152
2023-01-04,3881.0,3881.0,3764.0,3789.0,317052,403565,3843.4,3774.3,3625.6,3667.0666666666666,79.15825326376489,48.54590444658176,30.612348817183133,75.5134281200632,85.07142857142857,52.33517882624663,275551.85,20613218,254419.9,-19900.0,-4.699325800243237
2023-01-05,3761.0,3780.0,3717.0,3758.0,263708,395740,3826.4,3788.4,3644.8,3662.9166666666665,73.87131779745732,53.610987116756874,20.26033068070045,66.36528028933093,81.35714285714286,32.0886515554379,274431.2,20349510,265787.4,-7825.0,-1.9389689393282339
2023-01-06,3774.0,3794.0,3722.0,3778.0,262627,394040,3815.2,3802.1,3665.85,3659.55,70.48273510678928,56.985336714763356,13.497398392025922,64.29942418426103,80.5,32.09885010079592,271062.6,20612137,276783.3,-1700.0,-0.4295749734674281
2023-01-09,3750.0,3785.0,3730.0,3745.0,257990,386086,3791.2,3804.5,3686.05,3655.133333333333,64.39216194336814,58.46670176048432,5.925460182883818,66.33663366336634,78.0,24.891809316730047,268065.85,20354147,287656.35,-7954.0,-2.0185767942340838
2023-01-10,3780.0,3784.0,3676.0,3687.0,274348,368173,3751.4,3799.7,3702.2,3650.6666666666665,54.2597509242396,57.62531159323538,-3.3655606689957835,57.462686567164184,81.0,7.129247384837031,268237.25,20079799,297955.1,-17913.0,-4.639639872981672
2023-01-11,3700.0,3737.0,3670.0,3737.0,197434,367086,3741.0,3792.2,3715.35,3647.2,49.69151151125516,56.03855157683934,-6.347040065584181,60.416666666666664,81.5,1.4191509229235921,262621.35,20277233,308110.25,-1087.0,-0.29524163912073575
2023-01-12,3750.0,3846.0,3750.0,3806.0,320950,369912,3750.6,3788.5,3732.35,3646.4333333333334,51.05039503086846,55.04092026764517,-3.990525236776712,63.28502415458937,84.0,37.3272499476991,262626.05,20598183,318768.95,2826.0,0.7698468478776199
2023-01-13,3810.0,3824.0,3766.0,3814.0,236168,356595,3757.8,3786.5,3744.2,3645.9166666666665,52.17145311568447,54.46702683725304,-2.295573721568566,58.46994535519126,81.92857142857143,34.24729702059524,257256.75,20834351,328699.65,-13317.0,-3.6000454162070983
2023-01-16,3807.0,3830.0,3768.0,3789.0,207416,352103,3766.6,3778.9,3752.2,3645.383333333333,50.46092650845276,53.66580677149298,-3.2048802630402236,54.82142857142856,81.0,27.27260917605006,248198.5,20626935,338062.8,-4492.0,-1.2596923680926575
2023-01-17,3789.0,3796.0,3700.0,3775.0,312108,333539,3784.2,3767.8,3761.95,3644.3166666666666,47.42890792434264,52.41842700206291,-4.989519077720274,46.27766599597585,80.0,-0.9487314978064715,249287.5,20314827,346960.55,-18564.0,-5.272320883377879
2023-01-18,3790.0,3869.0,3738.0,3866.0,318379,342459,3810.0,3775.5,3774.9,3644.6666666666665,51.772153672697186,52.289172336189765,-0.5170186634925784,52.06463195691203,85.42857142857143,41.453730140477944,251808.65,20633206,356325.8,8920.0,2.6743499260956094
2023-01-19,3895.0,3901.0,3825.0,3877.0,206835,335965,3824.2,3787.4,3787.9,3645.233333333333,55.46247836245948,52.92383354144371,2.5386448210157653,53.846153846153854,85.21428571428571,72.58243466592334,248559.15,20840041,365615.0,-6494.0,-1.8962853947479874
2023-01-20,3863.0,3897.0,3827.0,3841.0,153192,319544,3829.6,3793.7,3797.9,3644.8333333333335,54.84991248278675,53.30904932971232,1.540863153074426,47.87234042553191,85.57142857142857,59.82266278853175,247066.8,20686849,374490.3,-16421.0,-4.8877115175687935
2023-01-30,3870.0,3984.0,3834.0,3855.0,267275,329648,3842.8,3804.7,3804.6,3646.4166666666665,54.86172083936435,53.61958363164273,1.242137207721619,47.217235188509875,89.14285714285714,84.47688428012708,248307.85,20954124,372821.4,10104.0,3.162005858348138
2023-01-31,3875.0,3932.0,3868.0,3915.0,217675,358424,3870.8,3827.5,3813.6,3649.616666666667,59.03209239122043,54.70208538355827,4.330007007662161,62.11538461538461,85.92857142857143,85.80056018120862,246508.45,21171799,372516.75,28776.0,8.729311265349704
2023-02-01,3915.0,4000.0,3898.0,3933.0,272448,374917,3884.2,3847.1,3819.65,3651.2833333333333,63.06264454847269,56.374197216541155,6.688447331931535,67.25838264299801,88.07142857142857,100.62143865097961,248458.4,21444247,371543.5,16493.0,4.601533379461187
2023-02-02,3939.0,3946.0,3860.0,3905.0,295099,367447,3889.8,3857.0,3822.75,3653.2166666666667,63.268203708160854,57.7529985148651,5.515205193295756,62.33009708737864,89.07142857142857,62.909015373389906,254146.05,21149148,369734.4,-7470.0,-1.9924409936065812
2023-02-03,3903.0,3916.0,3780.0,3850.0,372679,344949,3891.6,3860.6,3823.55,3657.366666666667,58.32078477392042,57.866555766676164,0.4542290072442583,59.77653631284915,94.85714285714286,20.299435102868895,259915.7,20776469,366562.55,-22498.0,-6.122787776196292
2023-02-06,3854.0,3874.0,3743.0,3832.0,297344,342094,3887.0,3864.9,3821.9,3661.366666666667,52.34408008442779,56.762060630226486,-4.417980545798699,64.58752515090544,96.5,-2.79295219668119,264055.6,20479125,363287.55,-2855.0,-0.8276585814134818
2023-02-07,3832.0,3871.0,3805.0,3865.0,221797,345198,3877.0,3873.9,3820.85,3665.4,49.697441594546945,55.34913682309058,-5.6516952285436375,63.333333333333336,96.42857142857143,22.149295777805886,263626.2,20700922,359374.2,3104.0,0.9073529497740429
2023-02-08,3861.0,3895.0,3815.0,3836.0,264508,340747,3857.6,3870.9,3823.2,3667.75,44.74412150595617,53.228133759663706,-8.484012253707533,53.409090909090914,94.35714285714286,21.884592207569877,260999.0,20436414,356233.3,-4451.0,-1.2894049212336056
2023-02-09,3832.0,3910.0,3810.0,3880.0,295106,354180,3852.6,3871.2,3829.3,3671.983333333333,43.86338216012609,51.35518343975619,-7.491801279630096,56.932773109243705,97.35714285714286,31.980444131080997,262568.9,20731520,354155.3,13433.0,3.942221061373985
2023-02-10,3880.0,3880.0,3771.0,3789.0,329295,334248,3840.4,3866.0,3829.85,3673.633333333333,35.414217348890816,48.16699022158311,-12.752772872692297,50.0,100.71428571428571,-12.210797157108408,265902.3,20402225,351165.7,-19932.0,-5.627646959173305
2023-02-13,3816.0,3875.0,3810.0,3823.0,289903,321238,3838.6,3862.8,3833.75,3674.3333333333335,31.103171216453575,44.75422642055721,-13.651055204103635,54.27046263345196,100.0,2.8621766837373834,267497.95,20692128,347923.3,-13010.0,-3.892319475359618
2023-02-14,3845.0,3865.0,3760.0,3811.0,331176,310243,3827.8,3852.4,3839.95,3675.6,26.413853919342728,41.08615192031432,-14.672298000971594,44.306418219461705,98.14285714285714,-23.990508142181667,270339.35,20360952,345026.8,-10995.0,-3.422695945062537
2023-02-15,3802.0,3850.0,3774.0,3809.0,282007,306259,3822.4,3840.0,3843.55,3678.15,22.279330636200484,37.324787663491556,-15.045457027291071,42.827004219409275,98.14285714285714,-34.7007375700038,274568.0,20078945,341985.45,-3984.0,-1.2841546787518143
2023-02-16,3814.0,3889.0,3780.0,3870.0,287344,314435,3820.4,3836.5,3846.75,3681.9166666666665,23.65223312791295,34.590276756375836,-10.938043628462886,52.90581162324649,100.92857142857143,2.067703886810799,272887.7,20366289,339211.6,8176.0,2.669635831110262
2023-02-17,3866.0,3878.0,3780.0,3782.0,314098,309681,3819.0,3829.7,3845.15,3684.7,17.438384845033397,31.15989837410735,-13.721513529073952,43.63001745200698,97.21428571428571,-36.62744651356388,276784.2,20052191,336865.9,-4754.0,-1.5119182024901812
2023-02-20,3752.0,3798.0,3713.0,3742.0,429907,318164,3802.8,3820.7,3842.8,3686.4,9.180373969898938,26.76399349326567,-17.583619523366732,34.35804701627487,97.78571428571429,-97.62199069223968,287908.75,19622284,335168.95,8483.0,2.739270410519201
2023-02-21,3751.0,3795.0,3739.0,3768.0,243799,302009,3794.2,3811.0,3842.45,3691.6833333333334,4.67987685724529,22.347170166061595,-17.667293308816305,35.294117647058826,94.5,-82.47409219043537,284493.3,19866083,333592.45,-16155.0,-5.077570058208969
2023-02-22,3774.0,3779.0,3724.0,3763.0,269572,311041,3785.0,3803.7,3837.3,3696.8,0.7016540270205951,18.018066938253394,-17.3164129112328,36.802973977695174,92.28571428571429,-84.56302325050477,282052.95,19596511,332021.55,9032.0,2.9906393518073893
2023-02-23,3770.0,3821.0,3740.0,3750.0,380820,315377,3761.0,3790.7,3830.95,3701.3333333333335,-3.4602203160552563,13.722409487391664,-17.182629803446922,39.91935483870968,88.35714285714286,-62.3879445936632,290752.2,19215691,330992.15,4336.0,1.394028439980577
2023-02-24,3752.0,3802.0,3738.0,3772.0,254604,309768,3759.0,3789.0,3827.5,3705.5666666666666,-4.9265296125840905,9.992621667396513,-14.919151279980603,43.99999999999999,83.57142857142857,-56.16914351769591,295822.8,19470295,330503.35,-5609.0,-1.7785063590559869
2023-02-27,3772.0,3795.0,3732.0,3739.0,285666,315145,3758.4,3780.6,3821.7,3708.5666666666666,-8.651683282371323,6.263760677442946,-14.915443959814269,37.4,83.35714285714286,-63.470331223558595,296742.35,19184629,329778.2,5377.0,1.7358151907233887
2023-02-28,3739.0,3750.0,3717.0,3743.0,185560,316529,3753.4,3773.8,3813.1,3713.75,-11.152567972006182,2.780494947553121,-13.933062919559303,40.21052631578947,80.0,-73.14521439492343,295136.6,19370189,327683.45,1384.0,0.4391629250027673
2023-03-01,3753.0,3788.0,3723.0,3781.0,235687,303670,3757.0,3771.0,3805.5,3718.6833333333334,-9.953516740557916,0.23369260993091356,-10.18720935048883,39.44562899786781,77.5,-46.46670834147259,293298.55,19605876,324121.1,-12859.0,-4.06250296181393
2023-03-02,3768.0,3880.0,3758.0,3874.0,385744,354649,3781.8,3771.4,3803.95,3725.4666666666667,-1.481855328562233,-0.10941697776771572,-1.3724383507945173,59.023354564755834,78.42857142857143,41.78107741556889,297830.8,19991620,323481.2,50979.0,16.78763131030394
2023-03-03,3875.0,3942.0,3861.0,3936.0,307135,379682,3814.6,3786.8,3808.25,3733.1833333333334,10.118242419622675,1.9361149017103627,8.182127517912312,61.32264529058116,78.07142857142857,114.32746554046538,294553.6,20298755,325217.85,25033.0,7.05852829135285
2023-03-06,3930.0,3965.0,3878.0,3917.0,353329,374718,3850.2,3804.3,3812.5,3739.516666666667,17.57566096968685,5.064024115305661,12.51163685438119,60.47430830039526,76.78571428571429,102.09361379389986,297352.85,19945426,326849.05,-4964.0,-1.3074098851143856
2023-03-07,3892.0,3952.0,3868.0,3914.0,283343,366497,3884.4,3818.9,3814.95,3746.7166666666667,22.978759138885835,8.646971120021696,14.331788018864138,60.35502958579882,77.35714285714286,84.43612637535674,300430.15,19662083,327914.0,-8221.0,-2.1939164918685528
2023-03-08,3918.0,3932.0,3873.0,3913.0,212643,365527,3910.8,3833.9,3818.8,3755.866666666667,26.87031742941099,12.291640381899555,14.578677047511434,54.80984340044742,73.78571428571429,73.22574174248223,297836.9,19449440,329153.0,-970.0,-0.2646679236119276
2023-03-09,3914.0,3925.0,3880.0,3919.0,240801,367492,3919.8,3850.8,3820.75,3764.95,30.09167714501382,15.851647734522409,14.24002941049141,68.76712328767124,70.0,70.33647956630217,295121.65,19690241,329818.6,1965.0,0.5375799872512799
2023-03-10,3918.0,3963.0,3867.0,3889.0,374319,359864,3910.4,3862.5,3825.75,3773.8166666666666,29.87944698322144,18.657207584262217,11.222239398959225,70.70422535211267,70.78571428571429,62.42838951866625,297372.85,19315922,331099.4,-7628.0,-2.075691443623262
2023-03-13,3898.0,3923.0,3862.0,3900.0,340349,352664,3907.0,3878.6,3829.6,3783.133333333333,30.25015615009943,20.97579729742966,9.274358852669767,69.41176470588235,71.14285714285714,50.11135543612541,299895.15,19656271,332670.7,-7200.0,-2.000755841095525
2023-03-14,3808.0,3894.0,3803.0,3839.0,396168,335749,3892.0,3888.2,3831.0,3791.05,25.329769814746214,21.846591800892973,3.483178013853241,59.5959595959596,74.14285714285714,11.991097648364574,303144.75,19260103,333946.0,-16915.0,-4.796350066919219
2023-03-15,3830.0,3838.0,3730.0,3741.0,400627,322195,3857.6,3884.2,3827.6,3795.5,13.368444112520592,20.1509622632185,-6.782518150697907,49.064449064449065,76.14285714285714,-41.90225924507456,309075.75,18859476,334742.8,-13554.0,-4.036944264912179
2023-03-16,3700.0,3700.0,3605.0,3605.0,388813,309664,3794.8,3857.3,3814.35,3797.8166666666666,-7.004314703895034,14.719906869795793,-21.724221573690826,35.96638655462185,81.28571428571429,-111.84035147356136,314149.2,18470663,334504.25,-12531.0,-3.8892596098635934
2023-03-17,3612.0,3646.0,3561.0,3615.0,306425,311484,3740.0,3825.2,3806.0,3798.45,-22.088335831242603,7.358258329588114,-29.446594160830717,39.16083916083917,82.85714285714286,-106.88007283158105,313765.55,18777088,334594.4,1820.0,0.5877338017980849
2023-03-20,3600.0,3656.0,3552.0,3555.0,325702,305125,3671.0,3789.0,3796.65,3797.2166666666667,-38.44090696142894,-1.8015747286152966,-36.63933223281364,35.03184713375795,87.92857142857143,-100.5720091413429,308555.3,18451386,333942.45,-6359.0,-2.0415173813101206
2023-03-21,3576.0,3606.0,3559.0,3577.0,194792,296334,3618.6,3755.3,3787.1,3797.1666666666665,-49.05969167070407,-11.253198117033051,-37.80649355367102,33.33333333333333,86.92857142857143,-90.25175551961217,306104.95,18646178,333658.7,-8791.0,-2.881114297419085
2023-03-22,3598.0,3622.0,3568.0,3587.0,178577,286920,3587.8,3722.7,3778.3,3796.8333333333335,-56.02244673727955,-20.207047841082353,-35.815398896197195,22.873345935727798,82.07142857142857,-76.37791722591854,301555.2,18824755,332452.65,-9414.0,-3.176820749559617
2023-03-23,3587.0,3612.0,3540.0,3581.0,251533,287756,3583.0,3688.9,3769.85,3796.233333333333,-61.31779675539656,-28.429197623945196,-32.88859913145136,12.473572938689216,81.42857142857143,-73.57894773941136,295090.85,18573222,331071.6,836.0,0.29137041684093035
2023-03-24,3581.0,3601.0,3531.0,3579.0,237358,283914,3575.8,3657.9,3760.2,3795.2,-64.92734110856054,-35.728826320868265,-29.198514787692275,12.938596491228068,80.21428571428571,-68.66306770167816,294228.55,18335864,329778.9,-3842.0,-1.335158954113902
2023-03-27,3531.0,3564.0,3490.0,3543.0,267248,284088,3573.4,3622.2,3750.4,3792.233333333333,-69.88721385125564,-42.56050382694574,-27.326710024309897,12.06543967280163,80.57142857142857,-73.4963611382148,293307.65,18068616,328226.05,174.0,0.06128616412011123
2023-03-28,3564.0,3646.0,3553.0,3630.0,231566,262455,3584.0,3601.3,3744.75,3790.483333333333,-66.0365476086231,-47.25571258328121,-18.780835025341887,25.391304347826093,83.71428571428571,-44.24307010953477,295607.95,18300182,325522.35,-21633.0,-7.614893976514314
2023-03-29,3621.0,3662.0,3617.0,3650.0,158529,241022,3596.6,3592.2,3738.2,3787.7833333333333,-60.67164901273054,-49.93889986917108,-10.73274914355946,27.164685908319186,83.71428571428571,-30.910159309893448,291750.05,18458711,322389.95,-21433.0,-8.166352327065596
2023-03-30,3660.0,3692.0,3643.0,3659.0,169254,233685,3612.2,3597.6,3727.45,3784.7166666666667,-55.059017360531925,-50.96292336744325,-4.096093993088672,29.75352112676056,80.35714285714286,-21.144751098633776,280925.55,18627965,316341.75,-7337.0,-3.0441204537345112
2023-03-31,3674.0,3699.0,3649.0,3672.0,132876,226190,3630.8,3603.3,3714.25,3782.016666666667,-48.997166153134,-50.56977192458141,1.5726057714474067,30.0,79.57142857142857,-14.928021261756143,272212.6,18760841,308667.15,-7495.0,-3.2073089843164926
2023-04-03,3672.0,3856.0,3665.0,3835.0,320575,215341,3689.2,3631.3,3710.15,3781.516666666667,-30.68663126240199,-46.59314379214553,15.906512529743544,49.70238095238095,86.28571428571429,27.07346225723552,270574.9,19081416,300698.3,-10849.0,-4.796410097705472
2023-04-04,3835.0,3850.0,3811.0,3830.0,196799,214932,3729.2,3656.6,3705.95,3780.5833333333335,-16.38992579231399,-40.552500192179224,24.162574399865235,57.68566493955095,81.28571428571429,46.43363337352601,266247.7,18884617,293120.05,-409.0,-0.18993131823480391
2023-04-06,3800.0,3828.0,3772.0,3807.0,141136,215595,3760.6,3678.6,3700.65,3780.883333333333,-6.83678132666364,-33.80935641907611,26.97257509241247,71.67381974248927,75.71428571428571,39.777610000112865,262672.35,18743481,285623.45,663.0,0.30846965551896144
2023-04-07,3800.0,3830.0,3785.0,3814.0,155511,215992,3791.6,3701.9,3695.4,3781.8166666666666,1.2841926145347315,-26.790646612353942,28.074839226888674,71.49028077753779,72.85714285714286,47.04863299677381,258407.85,18898992,278048.45,397.0,0.18414156172452678
2023-04-10,3807.0,3834.0,3799.0,3823.0,138248,200052,3821.8,3726.3,3692.1,3782.5666666666666,8.35009307998007,-19.76249867388714,28.11259175386721,82.52427184466019,67.92857142857143,55.63829731290307,246604.3,19037240,270057.85,-15940.0,-7.3799029593688665
2023-04-11,3814.0,3880.0,3802.0,3848.0,192500,206912,3824.4,3756.8,3689.5,3784.2833333333333,15.785199221511903,-12.652959094807333,28.438158316319235,82.65060240963855,69.85714285714286,70.24094455038738,239211.85,19229740,262770.25,6860.0,3.429108431807726
2023-04-12,3836.0,3890.0,3821.0,3887.0,128772,208028,3835.8,3782.5,3691.9,3787.616666666667,24.541647631868273,-5.2140377494722125,29.755685381340484,83.78378378378379,70.92857142857143,78.91478773012359,225842.05,19358512,256384.2,1116.0,0.5393597278069873
2023-04-13,3898.0,3935.0,3890.0,3923.0,158479,215304,3859.0,3809.8,3701.0,3790.7166666666667,33.99423088634285,2.6276159776908,31.366614908652046,86.07594936708861,69.21428571428571,90.0861023909658,213734.65,19516991,251039.65,7276.0,3.4976060914876816
2023-04-14,3923.0,3947.0,3918.0,3932.0,123196,217021,3882.6,3837.1,3717.35,3792.8166666666666,41.73065103288218,10.448222988729077,31.2824280441531,86.6943866943867,66.28571428571429,83.92740394220465,200453.8,19640187,246407.5,1717.0,0.7974770556979927
2023-04-17,3948.0,3969.0,3925.0,3963.0,147987,226604,3910.6,3866.2,3734.75,3795.3,49.78932036669039,18.31644246432134,31.47287790236905,94.11764705882354,63.07142857142857,80.12842401789332,192531.9,19788174,242163.5,9583.0,4.41570170628649
2023-04-18,3938.0,3949.0,3883.0,3910.0,188831,208493,3923.0,3873.7,3752.5,3797.3166666666666,51.30777274654929,24.91470852076693,26.39306422578236,81.67420814479638,61.42857142857143,59.78539744549226,185688.35,19599343,237331.9,-18111.0,-7.992356710384641
2023-04-19,3893.0,3930.0,3890.0,3902.0,120545,198996,3926.0,3880.9,3768.75,3799.4333333333334,51.27456281342984,30.186679379299513,21.087883434130326,79.30232558139535,61.07142857142857,52.06283759483043,181976.0,19478798,232465.0,-9497.0,-4.555068995122136
2023-04-20,3905.0,3919.0,3832.0,3874.0,490255,216068,3916.2,3887.6,3783.1,3799.5666666666666,48.430599899294066,33.835463483298426,14.59513641599564,73.94209354120267,63.785714285714285,36.41148109901795,197559.9,18988543,228922.4,17072.0,8.579066915917899
2023-04-21,3870.0,3876.0,3721.0,3733.0,383959,219430,3876.4,3879.5,3790.7,3797.1666666666665,34.402644910734125,33.948899768785566,0.4537451419485592,55.28596187175043,71.28571428571429,-3.714891391584653,204181.2,18604584,225506.1,3362.0,1.55599163226392
2023-04-24,3760.0,3789.0,3695.0,3726.0,326315,221186,3829.0,3869.8,3798.05,3795.25,22.46162439364889,31.651444693758233,-9.189820300109343,37.054631828978614,64.35714285714286,-24.55904491948492,208629.05,18278269,222369.7,1756.0,0.8002552066718405
2023-04-25,3735.0,3848.0,3719.0,3780.0,325903,202751,3803.0,3863.0,3809.9,3794.0,17.15784336865454,28.752724428737494,-11.594881060082955,44.68085106382978,70.78571428571429,-12.267457716632121,211561.8,18604172,218302.85,-18435.0,-8.334614306511256
2023-04-26,3748.0,3774.0,3708.0,3758.0,229706,169421,3774.2,3850.1,3816.3,3791.383333333333,11.051942641166988,25.212568071223394,-14.160625430056406,44.77611940298508,71.78571428571429,-37.1585411013475,211468.8,18374466,213651.15,-33330.0,-16.438883162105245
2023-04-27,3728.0,3760.0,3660.0,3664.0,275095,168566,3732.2,3824.2,3817.0,3786.9,-1.3564062779892083,19.898773201380877,-21.255179479370085,36.51079136690647,75.71428571428571,-70.91558470173966,217297.1,18099371,210028.35,-855.0,-0.5046599890214276
2023-04-28,3654.0,3708.0,3625.0,3699.0,197893,160363,3725.4,3800.9,3819.0,3783.4666666666667,-8.27056675564154,14.264905209976394,-22.535471965617933,39.34707903780069,79.14285714285714,-82.47855326964718,218729.05,18297264,206362.25,-8203.0,-4.86634315342358
2023-05-04,3558.0,3576.0,3504.0,3548.0,197585,166518,3689.8,3759.4,3812.8,3778.4333333333334,-25.638976625532905,6.2841288428745345,-31.92310546840744,28.813559322033896,87.5,-133.90547710513005,221964.5,18099679,203378.65,6155.0,3.8381671582597088
2023-05-05,3540.0,3573.0,3530.0,3544.0,210764,167780,3642.6,3722.8,3798.25,3773.633333333333,-39.27361140535504,-2.8274192067713813,-36.44619219858366,24.51708766716196,85.64285714285714,-107.76416565458457,216473.95,17888915,201000.6,1262.0,0.757876025414661
2023-05-08,3557.0,3668.0,3557.0,3651.0,218666,158399,3621.2,3697.7,3789.3,3770.0666666666666,-40.97284251313249,-10.456503868043605,-30.516338645088886,31.72043010752688,91.07142857142857,-66.94393924680153,217567.3,18107581,198173.95,-9381.0,-5.591250447013952
2023-05-09,3660.0,3690.0,3625.0,3637.0,172181,144868,3615.8,3674.0,3780.8,3766.75,-42.954031073207716,-16.95600930907643,-25.998021764131288,30.307076101468624,93.64285714285714,-51.83555996163577,219119.55,17935400,194637.6,-13531.0,-8.542351908787305
2023-05-10,3640.0,3666.0,3604.0,3624.0,155081,140265,3600.8,3663.1,3771.3,3762.483333333333,-45.05377674194824,-22.575562795650793,-22.478213946297448,26.812585499316,94.92857142857143,-54.20939136895798,219098.05,17780319,190851.25,-4603.0,-3.1773752657591747
2023-05-11,3602.0,3650.0,3590.0,3601.0,226798,235478,3611.4,3650.6,3760.2,3759.35,-48.020201106437526,-27.66449045780814,-20.355710648629387,27.960057061340933,93.5,-55.30100157147282,223525.55,17553521,192622.55,95213.0,67.88079706270274
2023-05-12,3555.0,3575.0,3519.0,3549.0,300388,260402,3612.4,3627.5,3745.25,3754.7833333333333,-53.94523214862738,-32.92063879597199,-21.024593352655394,26.308724832214764,96.5,-70.90468782813537,228919.95,17253133,195297.05,24924.0,10.584428269307544
2023-05-15,3606.0,3624.0,3493.0,3582.0,352860,272165,3598.6,3609.9,3730.0,3750.9666666666667,-55.34011137372045,-37.40453331152168,-17.935578062198765,30.53333333333333,99.64285714285714,-57.86384682956184,240124.35,17605993,198503.9,11763.0,4.517246411317877
2023-05-16,3582.0,3666.0,3578.0,3591.0,294603,268023,3589.4,3602.6,3713.4,3747.3333333333335,-55.08436020963427,-40.9404986911442,-14.14386151849007,38.51132686084142,94.85714285714286,-37.89355818145492,246930.55,17900596,201139.85,-4142.0,-1.52187092388808
2023-05-17,3593.0,3696.0,3582.0,3660.0,345089,271290,3596.6,3598.7,3699.8,3743.8333333333335,-48.75196986501305,-42.50279292591797,-6.249176939095079,45.147058823529406,96.28571428571429,-21.74349064342766,258025.2,18245685,203853.3,3267.0,1.218925241490476
2023-05-18,3671.0,3790.0,3666.0,3785.0,317573,276020,3633.4,3622.4,3690.9,3743.883333333333,-33.26360740281643,-40.65495582129767,7.391348418481236,50.332889480692415,96.35714285714286,23.619990003262743,266504.5,18563258,206324.1,4730.0,1.7435216926536157
2023-05-19,3785.0,3808.0,3745.0,3795.0,312507,276608,3682.6,3647.5,3685.15,3744.766666666667,-19.952057241234343,-36.514376105285,16.56231886405066,52.50338294993234,95.71428571428571,45.686248798775445,272688.3,18875765,209729.85,588.0,0.21302804144627263
2023-05-22,3805.0,3840.0,3638.0,3661.0,410421,256361,3698.4,3648.5,3673.1,3742.983333333333,-19.984864866875796,-33.20847385760316,13.223608990727364,49.80744544287548,103.0,19.987796525578272,287182.1,18465344,212598.1,-20247.0,-7.319744909764003
2023-05-23,3690.0,3765.0,3664.0,3741.0,300953,259435,3728.4,3658.9,3666.45,3742.616666666667,-13.401054717542138,-29.246990029590958,15.84593531204882,52.54854368932038,104.5,33.85532417281863,277717.0,18766297,214766.45,3074.0,1.1990903452553159
2023-05-24,3755.0,3779.0,3685.0,3709.0,451066,255973,3738.2,3667.4,3665.25,3741.9333333333334,-10.642786882963719,-25.526149400265513,14.883362517301794,61.41843971631206,97.28571428571429,37.40110648698075,281072.35,18315231,216593.6,-3462.0,-1.3344382986104408
2023-05-25,3709.0,3712.0,3598.0,3640.0,608836,237386,3709.2,3671.3,3660.95,3739.733333333333,-13.864739013901271,-23.193867322992666,9.329128309091395,56.23376623376623,102.35714285714286,-7.351689796666387,295198.4,17706395,217403.6,-18587.0,-7.261312716575574
2023-05-26,3635.0,3669.0,3571.0,3655.0,338196,190932,3681.2,3681.9,3654.7,3738.3333333333335,-15.034476563622775,-21.56198917111869,6.527512607495915,50.29498525073746,100.5,-15.455067371938414,295813.05,18044591,216812.65,-46454.0,-19.568972053954315
2023-05-29,3665.0,3716.0,3653.0,3695.0,218287,171723,3688.0,3693.2,3651.55,3737.5333333333333,-12.588721349716707,-19.767335606838294,7.178614257121588,54.11931818181819,100.35714285714286,27.111566436988536,295242.1,18262878,216927.75,-19209.0,-10.060649864873362
2023-05-30,3680.0,3733.0,3643.0,3695.0,243008,149243,3678.8,3703.6,3653.1,3736.1,-10.529070155348563,-17.919682516540348,7.390612361191785,55.137481910274964,102.35714285714286,29.029753550306893,293637.75,18262878,215961.6,-22480.0,-13.090849798803884
2023-05-31,3650.0,3668.0,3591.0,3626.0,256418,153163,3662.2,3700.2,3649.45,3731.9666666666667,-14.29966742294846,-17.19567949782197,2.8960120748735108,51.69606512890095,105.5,-14.505996845696556,296564.0,18006460,215601.6,3920.0,2.6265888517384317
2023-06-01,3583.0,3663.0,3556.0,3653.0,222976,142140,3664.8,3687.0,3654.7,3727.25,-14.937033744595738,-16.743950347176725,1.806916602580987,57.30337078651685,107.28571428571429,-22.05166207508031,297833.55,18229436,214382.7,-11023.0,-7.1969078693940425
2023-06-02,3645.0,3719.0,3620.0,3710.0,219779,129854,3675.8,3678.5,3663.0,3723.8,-10.71916366902451,-15.538993011546284,4.819829342521773,58.69565217391305,105.0,20.252669839826357,298284.3,18449215,212486.4,-12286.0,-8.643590825946246
2023-06-05,3722.0,3748.0,3692.0,3701.0,194662,134152,3677.0,3682.5,3665.5,3720.25,-8.010357613587985,-14.033265931954626,6.022908318366641,57.47282608695653,102.71428571428571,41.86874649460563,297084.1,18254553,211274.05,4298.0,3.3098710859888802
2023-06-06,3719.0,3733.0,3676.0,3696.0,165427,136651,3677.2,3678.0,3668.45,3716.633333333333,-6.195647939230639,-12.465742333409828,6.270094394179189,52.67857142857143,98.64285714285714,29.513277724984494,296746.4,18089126,210863.2,2499.0,1.8628123322798062
2023-06-07,3686.0,3761.0,3665.0,3730.0,199296,137230,3698.0,3680.1,3673.75,3713.483333333333,-1.9910104685613987,-10.370795960440143,8.379785491878744,45.26678141135972,96.21428571428571,39.59111853780202,298957.15,18288422,210711.45,579.0,0.4237071078879717
2023-06-08,3752.0,3759.0,3695.0,3722.0,181066,134066,3711.8,3688.3,3679.8,3710.7,0.6877341078165955,-8.159089946788795,8.84682405460539,43.69602763385147,96.28571428571429,40.704224665945056,296670.55,18107356,205640.85,-3164.0,-2.3056183050353396
2023-06-09,3731.0,3736.0,3636.0,3653.0,184015,134747,3700.4,3688.1,3685.0,3706.5833333333335,-2.7256453164782215,-7.072401020726681,4.3467557042484595,49.221789883268485,89.0,-6.81555058237109,290851.9,17923341,199358.1,681.0,0.5079587665776542
2023-06-12,3679.0,3705.0,3625.0,3636.0,201049,125006,3687.4,3682.2,3687.7,3703.2,-6.725009306265292,-7.002922677834404,0.27791337156911133,38.35920177383593,87.28571428571429,-34.16476817391177,283261.35,17722292,192000.15,-9741.0,-7.2291034308741615
2023-06-13,3601.0,3659.0,3600.0,3645.0,181994,113882,3677.2,3677.2,3690.4,3701.6,-9.06382714092706,-7.415103570452936,-1.6487235704741243,42.523364485981304,84.78571428571429,-60.23170674358386,277630.9,17904286,184293.1,-11124.0,-8.89877285890277
2023-06-14,3678.0,3716.0,3663.0,3677.0,153195,99153,3666.6,3682.3,3691.25,3702.8,-8.240236246250333,-7.580130105612416,-0.6601061406379172,54.731457800511514,81.71428571428571,-5.153985832458736,268036.2,18057481,175686.25,-14729.0,-12.93356281062854
2023-06-15,3575.0,3598.0,3523.0,3540.0,377154,203442,3630.2,3671.0,3679.0,3701.55,-18.4298418273861,-9.750072449967153,-8.679769377418946,38.79142300194932,85.71428571428571,-125.09213253800569,271015.25,17680327,172057.35,104289.0,105.17987352878886
2023-06-16,3557.0,3665.0,3548.0,3650.0,524402,230563,3629.6,3665.0,3671.75,3703.133333333333,-17.428195580955617,-11.285697076164846,-6.142498504790771,46.140651801029165,90.14285714285714,-55.46248325603089,281610.0,18204729,169755.1,27121.0,13.331072246635411
2023-06-19,3651.0,3691.0,3613.0,3645.0,447453,227820,3631.4,3659.4,3670.95,3704.266666666667,-16.8436784866758,-12.397293358267037,-4.446385128408762,45.74829931972789,89.28571428571429,-21.222776291199754,283461.6,17757276,168328.05,-2743.0,-1.189696525461592
2023-06-20,3680.0,3686.0,3645.0,3658.0,305992,234683,3634.0,3655.6,3666.8,3705.45,-15.1567357092581,-12.949181828465251,-2.207553880792849,53.007518796992485,84.78571428571429,-3.2685233952116812,283713.55,18063268,167090.45,6863.0,3.0124659819155575
2023-06-21,3638.0,3662.0,3610.0,3653.0,335257,225117,3629.2,3647.9,3664.0,3706.65,-14.06119096103339,-13.17158365497888,-0.8896073060545096,50.0,80.85714285714286,-24.214160806699944,277923.1,17728011,165547.65,-9566.0,-4.0761367461639715
2023-06-26,3610.0,3660.0,3538.0,3582.0,284190,220039,3637.6,3633.9,3661.1,3706.7,-18.70643435246984,-14.278553794477073,-4.4278805579927685,37.786259541984734,82.5,-74.36276349837304,261690.8,17443821,164680.3,-5078.0,-2.2557159166122553
2023-06-27,3585.0,3614.0,3566.0,3593.0,242579,234302,3626.2,3627.9,3658.0,3707.5333333333333,-21.25519844145856,-15.673882723873371,-5.5813157175851895,39.73384030418251,81.92857142857143,-71.1440132659572,256909.95,17686400,166848.8,14263.0,6.4820327305614045
2023-06-28,3562.0,3580.0,3532.0,3562.0,257373,244084,3609.6,3620.5,3651.35,3706.4,-25.482803372245144,-17.635666853547725,-7.847136518697418,37.86231884057972,82.21428571428571,-91.25906359533407,258864.25,17429027,170466.85,9782.0,4.174953692243344
2023-06-29,3560.0,3599.0,3540.0,3572.0,225575,247145,3592.4,3613.2,3645.2,3705.1,-27.706906342266393,-19.649914751291462,-8.056991590974931,35.03787878787878,79.57142857142857,-70.25109104318139,257992.6,17654602,175361.95,3061.0,1.2540764654791037
2023-06-30,3565.0,3581.0,3526.0,3545.0,255742,262015,3570.8,3600.0,3641.15,3703.2,-31.287535092655617,-21.97743881956429,-9.310096273091325,33.82084095063985,78.92857142857143,-79.27933315920555,257958.8,17398860,180804.55,14870.0,6.016710837767292
2023-07-03,3545.0,3567.0,3452.0,3477.0,419501,332640,3549.8,3593.7,3632.35,3699.95,-39.16081932623547,-25.414114920898527,-13.746704405336942,33.88278388278388,80.0,-104.44400703916652,267785.05,16979359,190329.55,70625.0,26.954563670018892
2023-07-04,3499.0,3550.0,3493.0,3534.0,357272,308652,3538.0,3582.1,3623.55,3694.9333333333334,-40.336061169339246,-28.398504170586673,-11.937556998752573,41.29692832764505,79.5,-73.89543392363178,274659.7,17336631,199269.45,-23988.0,-7.211399711399713
2023-07-05,3552.0,3578.0,3536.0,3549.0,241830,299733,3535.4,3572.5,3615.95,3690.25,-39.600583283800916,-30.63891999322952,-8.961663290571394,41.89189189189189,78.42857142857143,-48.023845393889495,277018.1,17578461,207548.5,-8919.0,-2.8896621437735748
2023-07-06,3568.0,3595.0,3558.0,3566.0,226859,285832,3534.2,3563.3,3609.45,3686.233333333333,-37.21694011668387,-31.95452401792039,-5.262416098763481,40.38128249566725,76.64285714285714,-30.235547528851605,280089.7,17805320,215007.55,-13901.0,-4.6377943035968645
2023-07-07,3550.0,3623.0,3538.0,3609.0,297443,288586,3547.0,3558.9,3603.4,3682.8166666666666,-31.495089314906636,-31.86263707731764,0.36754776241100373,57.14285714285714,71.71428571428571,-13.041872795735749,284997.05,18102763,222575.35,2754.0,0.9635030367488584
2023-07-10,3620.0,3695.0,3599.0,3685.0,310965,314357,3588.6,3569.2,3601.55,3680.516666666667,-20.59056131562329,-29.60822192497877,9.017660609355481,53.89755011135857,69.64285714285714,53.25749073685214,291492.0,18413728,231589.9,25771.0,8.930093628935577
2023-07-11,3680.0,3716.0,3670.0,3714.0,210724,326126,3624.6,3581.3,3604.6,3678.2833333333333,-9.499087113157657,-25.586394962614552,16.087307849456895,57.293868921775896,67.35714285714286,86.23812544867755,292827.45,18624452,241158.85,11769.0,3.7438326488673734
2023-07-12,3718.0,3769.0,3707.0,3738.0,283466,348147,3662.4,3598.9,3609.7,3675.8,1.2135959470442685,-20.22639678068279,21.43999272772706,58.264462809917354,68.85714285714286,104.06020936283599,296948.3,18907918,252315.9,22021.0,6.752298191496542
2023-07-13,3750.0,3766.0,3727.0,3757.0,196102,356308,3700.6,3617.4,3615.3,3673.0333333333333,11.108563063190104,-13.959404811908213,25.06796787509832,60.44176706827309,67.92857142857143,97.40189852085969,297653.7,19104020,264437.2,8161.0,2.344124751900778
2023-07-14,3747.0,3792.0,3734.0,3774.0,198741,359308,3733.6,3640.3,3620.15,3670.4,20.090562221843356,-7.1494114051579,27.239973627001255,71.62162162162161,63.357142857142854,97.42045782478364,299931.0,19302761,277444.95,3000.0,0.8419681848288452
2023-07-17,3788.0,3788.0,3712.0,3743.0,256697,356256,3745.2,3666.9,3630.3,3666.733333333333,24.425854300881383,-0.8343582639500431,25.260212564831427,66.16379310344828,65.35714285714286,75.06474595391875,293908.15,19046064,285085.65,-3052.0,-0.8494105335812185
2023-07-18,3746.0,3797.0,3745.0,3763.0,269158,368344,3755.0,3689.8,3635.95,3664.2833333333333,29.139534940573412,5.160420376954648,23.979114563618765,72.18543046357615,64.85714285714286,77.59892266122925,281145.95,19315222,291974.7,12088.0,3.39306566064852
2023-07-19,3742.0,3787.0,3736.0,3770.0,178635,365574,3761.4,3711.9,3642.2,3662.0833333333335,33.058919658958075,10.740120233355334,22.31879942560274,72.0,64.28571428571429,68.20484456770065,267705.05,19493857,298862.4,-2770.0,-0.7520144213018276
2023-07-20,3790.0,3811.0,3764.0,3774.0,213445,374521,3764.8,3732.7,3648.0,3660.4166666666665,36.07201116585247,15.806498419854762,20.26551274599771,76.81498829039813,63.714285714285715,70.96986905637581,263077.7,19707302,305854.3,8947.0,2.447384113749873
2023-07-21,3776.0,3803.0,3733.0,3759.0,260803,371855,3761.8,3747.7,3653.3,3660.85,36.82503714799668,20.010206165483147,16.814830982513534,87.70053475935829,60.5,56.34180981946274,259355.0,19446499,313191.2,-2666.0,-0.7118425936062378
2023-07-24,3773.0,3773.0,3722.0,3735.0,231842,360538,3760.2,3752.7,3660.95,3661.0,35.08082631180787,23.024330194748092,12.056496117059776,79.47214076246334,58.92857142857143,41.35294287148894,256737.6,19214657,320216.15,-11317.0,-3.043390568904547
2023-07-25,3764.0,3819.0,3744.0,3787.0,280679,340259,3765.0,3760.0,3670.65,3661.116666666667,37.462646012094865,25.91199335821745,11.550652653877414,81.48148148148148,61.785714285714285,55.18930813515904,258642.6,19495336,325514.0,-20279.0,-5.624649828866857
2023-07-26,3760.0,3825.0,3760.0,3789.0,216940,297828,3768.8,3765.1,3682.0,3661.633333333333,39.06136348654081,28.541867383882124,10.519496102658689,80.71625344352617,63.142857142857146,53.452776837336415,256620.95,19712276,328201.2,-42431.0,-12.470206519151583
2023-07-27,3782.0,3798.0,3735.0,3787.0,275018,273212,3771.4,3768.1,3692.75,3663.6833333333334,39.709232009408424,30.77534030898739,8.933891700421036,77.63975155279502,61.57142857142857,40.38414515240422,259093.1,19437258,329504.55,-24616.0,-8.26517318720873
2023-07-28,3790.0,3833.0,3780.0,3806.0,236090,282087,3780.8,3771.3,3705.8,3665.4666666666667,41.27996396311437,32.876265039812786,8.403698923301583,72.83018867924528,58.5,51.649930771194775,258110.5,19673348,330508.15,8875.0,3.248393189171783
2023-07-31,3810.0,3827.0,3746.0,3756.0,273479,262557,3785.0,3772.6,3719.75,3668.9333333333334,38.05156348282071,33.91132472841437,4.14023875440634,57.34265734265735,61.0,33.36717741348608,250809.4,19399869,327004.0,-19530.0,-6.923395973582613
2023-08-01,3773.0,3820.0,3763.0,3796.0,223128,268129,3786.8,3775.9,3732.85,3673.133333333333,38.27943702694574,34.78494718812065,3.4944898388250962,59.60264900662252,61.142857142857146,40.45223217760822,244102.2,19622997,324977.85,5572.0,2.122205844826075
2023-08-02,3791.0,3817.0,3735.0,3754.0,415230,249365,3779.8,3774.3,3743.1,3674.85,34.67131017944348,34.76221978638522,-0.09090960694173589,49.53846153846155,64.21428571428571,20.74636911121992,252772.2,19207767,322459.45,-18764.0,-6.998124037310394
2023-08-03,3754.0,3758.0,3690.0,3714.0,309091,228235,3765.2,3768.3,3750.5,3676.133333333333,28.258432333913333,33.46146229589084,-5.2030299619775064,41.379310344827594,64.92857142857143,-28.376998089180553,256883.8,18898676,319579.6,-21130.0,-8.473522747779361
2023-08-04,3750.0,3795.0,3724.0,3759.0,258985,220618,3755.8,3768.3,3758.0,3678.383333333333,26.501808012385027,32.06953143918968,-5.567723426804655,52.209944751381215,65.28571428571429,2.0764551934482136,254960.9,19157661,316181.2,-7617.0,-3.3373496615330733
2023-08-07,3759.0,3765.0,3705.0,3716.0,253870,221390,3747.8,3766.4,3759.55,3680.3,21.393321059479604,29.934289363247668,-8.540968303768064,43.896103896103895,65.71428571428571,-62.32854593882143,252106.15,18903791,311532.85,772.0,0.34992611663600126
2023-08-08,3707.0,3717.0,3672.0,3684.0,202597,220831,3725.4,3756.1,3758.05,3682.55,14.594440158377438,26.86631952227362,-12.271879363896183,39.51219512195122,65.28571428571429,-127.62403881681934,251699.8,18701194,306268.1,-559.0,-0.25249559600705185
2023-08-09,3660.0,3715.0,3654.0,3687.0,199456,207722,3712.0,3745.9,3755.5,3684.3,9.340679450580865,23.361191507935068,-14.020512057354203,39.36430317848411,66.28571428571429,-114.43009542465012,247499.3,18900650,299246.85,-13109.0,-5.936213665653822
2023-08-10,3703.0,3727.0,3688.0,3695.0,187483,193832,3708.2,3736.7,3752.4,3686.0333333333333,5.756215312556833,19.840196268859422,-14.08398095630259,42.039800995024876,64.14285714285714,-77.0575776515513,247068.35,19088133,291123.05,-13890.0,-6.68682180991903
2023-08-11,3636.0,3652.0,3613.0,3642.0,446322,252574,3684.8,3720.3,3745.8,3685.733333333333,-1.3456436595424748,15.603028283179043,-16.948671942721518,39.21113689095127,66.35714285714286,-131.29678177859384,259447.4,18641811,285786.35,58742.0,30.30562549011515
2023-08-14,3653.0,3668.0,3613.0,3643.0,480869,262932,3670.2,3709.0,3740.8,3683.366666666667,-6.814671131590785,11.119488400225077,-17.93415953181586,31.05263157894737,64.28571428571429,-103.56873392530353,270656.0,19122680,281120.15,10358.0,4.100976347525864
2023-08-15,3626.0,3711.0,3622.0,3695.0,423964,294063,3672.4,3698.9,3737.4,3681.7,-6.8737134970810985,7.520848020763842,-14.394561517844942,39.06976744186046,66.0,-61.630214854200084,278396.3,19546644,277406.1,31131.0,11.83994340742094
2023-08-16,3677.0,3704.0,3665.0,3694.0,362035,305554,3673.8,3692.9,3733.6,3682.25,-6.921410923067924,4.63239623199749,-11.553807155065414,39.16083916083917,64.28571428571429,-45.78089355458604,287566.3,19184609,274405.1,11491.0,3.9076660443510436
2023-08-17,3698.0,3796.0,3698.0,3786.0,476817,363799,3692.0,3700.1,3734.2,3683.0,0.45912711552409746,3.7977424087028115,-3.338615293178714,48.007968127490045,67.78571428571429,24.75506984840254,300734.9,19661426,273869.0,58245.0,19.062097043403135
2023-08-18,3789.0,3815.0,3766.0,3800.0,341028,381528,3723.6,3704.2,3736.25,3684.516666666667,7.353176836751572,4.508829294312564,2.8443475424390083,54.72103004291846,65.5,54.67252939798192,304746.15,20002454,274352.65,17729.0,4.873295418624024
2023-08-21,3788.0,3833.0,3780.0,3797.0,337375,373581,3754.4,3712.3,3739.35,3687.133333333333,12.431384717066067,6.093340378863265,6.338044338202802,50.116550116550115,64.71428571428571,58.64588329920196,310022.8,19665079,275004.8,-7947.0,-2.0829401773919565
2023-08-22,3790.0,3808.0,3779.0,3797.0,231760,367492,3774.8,3723.6,3739.85,3689.5,16.26836941284455,8.128346185659522,8.140023227185027,55.55555555555556,60.92857142857143,49.75212390917596,307576.85,19665079,276366.45,-6089.0,-1.6299008782566515
2023-08-23,3800.0,3822.0,3784.0,3788.0,292497,376340,3793.6,3733.7,3739.8,3691.05,18.37121076238236,10.17691910100409,8.194291661378271,60.39325842696629,58.785714285714285,52.13068308936995,311354.7,19372582,280292.05,8848.0,2.407671459514771
2023-08-24,3764.0,3767.0,3698.0,3715.0,432059,311581,3779.4,3735.7,3736.2,3691.383333333333,13.986015685668008,10.938738417936875,3.0472772677311326,44.270833333333336,59.42857142857143,-9.779374945122807,319206.75,18940523,282210.5,-64759.0,-17.207578253706757
2023-08-25,3725.0,3744.0,3704.0,3729.0,259114,292099,3765.2,3744.4,3732.35,3693.1,11.507745859915303,11.05253990633256,0.45520595358274285,51.83098591549296,58.0,-7.355599207713216,320357.95,19199637,282711.1,-19482.0,-6.252627727621385
2023-08-28,3742.0,3773.0,3723.0,3728.0,265740,244347,3751.4,3752.9,3730.95,3694.35,9.355166983785693,10.713065321823187,-1.3578983380374936,56.79012345679012,58.357142857142854,9.265447923095381,319971.0,18933897,281800.6,-47752.0,-16.34788205368728
2023-08-29,3739.0,3739.0,3688.0,3715.0,223808,221188,3735.0,3754.9,3726.9,3694.4333333333334,6.525024935720467,9.875457244602643,-3.3504323088821764,54.19161676646707,57.642857142857146,-13.7369320304774,320005.0,18710089,279453.55,-23159.0,-9.477914605049376
2023-08-30,3719.0,3764.0,3719.0,3756.0,168671,233933,3728.6,3761.1,3727.0,3695.35,7.503973189393491,9.401160433560813,-1.8971872441673217,58.31062670299728,58.285714285714285,19.96732454056754,307677.05,18878760,278681.95,12745.0,5.762066658227383
2023-08-31,3760.0,3774.0,3736.0,3744.0,160159,236207,3734.4,3756.9,3728.5,3696.15,7.228175118175386,8.966563370483728,-1.7383882523083418,65.6441717791411,55.142857142857146,23.348232687602785,300230.45,18718601,279080.55,2274.0,0.9720732004462773
2023-09-01,3762.0,3797.0,3738.0,3762.0,230392,241172,3741.0,3753.1,3728.65,3696.6833333333334,8.365619078125292,8.84637451201204,-0.480755433886749,67.34693877551021,55.42857142857143,37.30250120965036,298800.8,18948993,280108.25,4965.0,2.101969882348964
2023-09-04,3772.0,3820.0,3769.0,3802.0,262594,252623,3755.8,3753.6,3732.95,3698.016666666667,12.352327376341236,9.54756508487788,2.8047622914633568,66.16314199395771,53.214285714285715,62.4250510234778,299237.0,19211587,281669.9,11451.0,4.748063622642751
2023-09-05,3800.0,3921.0,3796.0,3881.0,541168,295029,3789.0,3762.0,3742.8,3701.8166666666666,21.63704382222113,11.96546083234653,9.6715829898746,72.86063569682152,59.357142857142854,105.99048535318347,316165.55,19752755,285379.8,42406.0,16.78627836736957
2023-09-06,3878.0,3924.0,3868.0,3903.0,259354,295874,3818.4,3773.5,3753.6,3706.266666666667,30.41980407101937,15.656329480081098,14.763474590938273,67.2566371681416,56.07142857142857,109.29065440620793,319160.45,20012109,289787.4,845.0,0.28641252215884094
2023-09-07,3903.0,3925.0,3864.0,3881.0,198447,284105,3845.8,3790.1,3762.9,3710.2,35.1992338491832,19.56491035390152,15.63432349528168,61.671469740634,56.92857142857143,88.64404513889643,319708.65,19813662,294301.05,-11769.0,-3.9777067265119648
2023-09-08,3881.0,3899.0,3850.0,3858.0,195567,274864,3865.0,3803.0,3773.7,3713.2166666666667,36.70791263436331,22.99351080999388,13.714401824369432,58.31062670299728,56.642857142857146,68.53194594135496,307170.9,19618095,295415.55,-9241.0,-3.252670667534885
2023-09-11,3873.0,3879.0,3834.0,3858.0,189013,264406,3876.2,3816.0,3784.45,3718.516666666667,37.4716021368904,25.889129075373184,11.582473061517213,58.31062670299728,57.785714285714285,56.166112922245425,292578.1,19618095,295489.25,-10458.0,-3.8047907328715325
2023-09-12,3858.0,3878.0,3838.0,3844.0,189876,260601,3868.8,3828.9,3791.9,3721.75,36.52609844642757,28.016522949584065,8.509575496843503,57.52688172043011,57.92857142857143,49.12491625692658,280873.7,19428219,293816.15,-3805.0,-1.4390747562460726
2023-09-13,3861.0,3897.0,3825.0,3843.0,302905,247760,3856.8,3837.6,3799.35,3725.05,35.28929528784374,29.471077417236003,5.818217870607739,71.33333333333333,56.642857142857146,46.438493050875756,277917.2,19125314,290926.45,-12841.0,-4.92745614943918
2023-09-14,3855.0,3862.0,3818.0,3849.0,199950,242354,3850.4,3848.1,3802.5,3728.233333333333,34.39676523154185,30.456214980097176,3.940550251444673,70.54794520547945,56.92857142857143,32.76032973271202,264073.85,19325264,284854.2,-5406.0,-2.1819502744591546
2023-09-15,3870.0,3992.0,3860.0,3991.0,371996,296231,3877.0,3871.0,3812.05,3733.866666666667,44.63313894547582,33.291599773172905,11.341539172302916,80.36951501154735,63.57142857142857,101.34024727089094,265622.25,19697260,280589.35,53877.0,22.230703846439503
2023-09-18,3987.0,4026.0,3945.0,4009.0,312138,300704,3907.2,3891.7,3822.65,3740.983333333333,53.58034753678612,37.34934932589555,16.23099821089057,83.56164383561644,65.71428571428571,109.9182399078232,264360.4,20009398,276945.5,4473.0,1.5099702596959697
2023-09-19,4020.0,4028.0,3964.0,3970.0,210467,286923,3932.4,3900.6,3831.3,3747.266666666667,56.868555435541566,41.25319054782476,15.615364887716808,74.54128440366972,66.78571428571429,90.65436343971457,263295.75,19798931,272917.05,-13781.0,-4.582912099606262
2023-09-20,3990.0,3991.0,3921.0,3925.0,172331,269011,3948.8,3902.8,3838.15,3753.3166666666666,55.20696839968832,44.04394611819747,11.163022281490854,69.29637526652452,69.07142857142857,59.88454715692696,257287.45,19626600,267550.6,-17912.0,-6.24278987742356
2023-09-21,3906.0,3934.0,3864.0,3869.0,219660,224938,3952.8,3901.6,3845.85,3758.266666666667,48.808779486701496,44.996912791898275,3.8118666948032214,60.55226824457594,69.85714285714286,24.55748820336667,246667.5,19406940,263218.45,-44073.0,-16.383344918981013
2023-09-22,3903.0,3903.0,3861.0,3884.0,163175,205423,3931.4,3904.2,3853.6,3763.9166666666665,44.436309204598274,44.88479207443828,-0.4484828698400065,58.50622406639005,68.71428571428571,17.226170913383402,241870.55,19570115,258884.65,-19515.0,-8.67572397727374
2023-09-25,3905.0,3940.0,3888.0,3910.0,216282,200151,3911.6,3909.4,3862.7,3771.133333333333,42.57826201258467,44.42348606206756,-1.845224049482887,53.37995337995338,63.785714285714285,31.821785568753004,239397.65,19786397,256674.85,-5272.0,-2.566411745520214
2023-09-26,3891.0,3906.0,3845.0,3850.0,204335,173150,3887.6,3910.0,3869.45,3776.4,35.85097988764437,42.708984827182924,-6.858004939538553,44.325481798715195,64.42857142857143,-2.7892746706121425,238424.0,19582062,254272.95,-27001.0,-13.490314812316706
2023-09-27,3874.0,3957.0,3865.0,3931.0,196668,164991,3888.8,3918.8,3878.2,3782.766666666667,36.6332975403252,41.493847369811384,-4.860549829486182,54.75285171102662,67.71428571428571,30.127990973349707,239823.85,19778730,250825.85,-8159.0,-4.712099335835984
2023-09-28,3946.0,3971.0,3932.0,3960.0,147194,148930,3907.0,3929.9,3889.0,3789.3333333333335,39.14214131333301,41.023506158515715,-1.881364845182702,59.58646616541353,67.07142857142857,55.941743042304914,239175.6,19925924,246462.0,-16061.0,-9.734470365050218
2023-10-09,3851.0,3877.0,3751.0,3752.0,225940,114230,3880.6,3906.0,3888.5,3791.7166666666667,24.069102772944916,37.63262548140156,-13.563522708456645,42.83783783783783,78.78571428571429,-88.7334947707848,238953.0,19699984,240114.9,-34700.0,-23.29953669509165
2023-10-10,3760.0,3774.0,3733.0,3759.0,144168,102497,3850.4,3881.0,3886.35,3792.95,12.543854882066626,32.614871361534576,-20.07101647946795,44.2019099590723,78.85714285714286,-112.46010288936209,233031.7,19844152,232608.6,-11733.0,-10.271382298870702
2023-10-11,3750.0,3785.0,3745.0,3780.0,110427,83929,3836.4,3862.0,3881.3,3794.05,5.046366023035262,27.101170293834713,-22.05480427079945,45.81673306772909,76.57142857142857,-87.83311041947665,211494.65,19954579,222053.6,-18568.0,-18.115652165429232
2023-10-12,3765.0,3775.0,3736.0,3770.0,89791,70496,3804.2,3846.5,3874.65,3794.5833333333335,-1.6829641773224466,21.344343399603282,-23.02730757692573,44.78203434610304,76.57142857142857,-82.93431699859892,203016.5,19864788,210784.7,-13433.0,-16.005194867090044
2023-10-13,3646.0,3646.0,3584.0,3596.0,134963,274664,3731.4,3819.2,3860.4,3791.9,-20.816394229713296,12.912195873739968,-33.728590103453264,24.968314321926485,79.64285714285714,-137.66574740928957,199842.3,19729825,210312.65,204168.0,289.6164321379937
2023-10-16,3638.0,3693.0,3621.0,3674.0,197026,287930,3715.8,3798.2,3851.2,3790.233333333333,-29.34752724250211,4.460251250491552,-33.80777849299366,30.27090694935218,80.78571428571429,-92.59239917086404,199915.25,19926851,210965.95,13266.0,4.829901261177283
2023-10-17,3689.0,3698.0,3649.0,3659.0,157107,298613,3695.8,3773.1,3841.25,3788.8333333333335,-36.89359980531344,-3.810518960669447,-33.083080844643995,31.151515151515156,79.71428571428571,-78.9876664985777,198319.95,19769744,212676.3,10683.0,3.7102768033897116
2023-10-18,3659.0,3677.0,3628.0,3638.0,156872,308723,3667.4,3751.9,3830.95,3786.75,-44.060538710019046,-11.860522910539366,-32.20001579947968,32.084893882646696,78.21428571428571,-77.99493508199126,196669.75,19612872,215082.4,10110.0,3.385653002381006
2023-10-19,3638.0,3656.0,3609.0,3656.0,153531,319659,3644.6,3724.4,3821.6,3784.85,-47.737649946355305,-19.035948317702555,-28.70170162865275,36.041939711664476,76.57142857142857,-72.08904879955061,189201.05,19766403,218677.35,10936.0,3.5423340664608727
2023-10-20,3656.0,3688.0,3632.0,3639.0,225771,325752,3653.2,3692.3,3811.1,3782.6,-51.43068410648948,-25.51489547545994,-25.91578863102954,33.98692810457517,77.57142857142857,-60.714515743424435,190492.1,19540632,222847.25,6093.0,1.906093681078902
2023-10-23,3629.0,3634.0,3532.0,3614.0,335743,341369,3641.2,3678.5,3792.25,3780.1833333333334,-55.73228427062304,-31.558373234492564,-24.173911036130477,30.6282722513089,81.21428571428571,-74.02404501005721,188679.45,19204889,225104.15,15617.0,4.7941378717552
2023-10-24,3610.0,3642.0,3592.0,3615.0,247794,335581,3632.4,3664.1,3772.55,3778.1833333333334,-58.3875860029716,-36.92421578818838,-21.463370214783225,33.33333333333333,80.14285714285714,-59.909021316922406,185462.25,19452683,226848.0,-5788.0,-1.6955259557839164
2023-10-25,3617.0,3642.0,3605.0,3622.0,203462,315893,3629.2,3648.3,3755.15,3775.4333333333334,-59.24416045420821,-41.38820472139234,-17.855955732815872,25.515055467511885,75.14285714285714,-52.792694566705315,185112.0,19656145,228296.5,-19688.0,-5.86683989856398
2023-10-26,3633.0,3684.0,3615.0,3676.0,270378,272275,3633.2,3638.9,3742.7,3773.55,-54.932426358120665,-44.09704904873801,-10.835377309382658,28.35365853658537,77.21428571428571,-35.06573736743281,190014.35,19926523,228459.7,-43618.0,-13.807839996454497
2023-10-27,3650.0,3748.0,3650.0,3746.0,307557,274936,3654.6,3653.9,3736.55,3772.866666666667,-45.344230968215015,-44.346485432633415,-0.9977455355816005,49.420849420849414,69.28571428571429,-8.693591396768664,194409.2,20234080,230959.6,2661.0,0.9773207235331816
2023-10-30,3732.0,3756.0,3721.0,3740.0,169295,261471,3679.8,3660.5,3729.35,3771.766666666667,-37.794001178765484,-43.03598858185983,5.241987403094349,48.16247582205029,68.85714285714286,5.006375783962096,194715.2,20064785,233762.0,-13465.0,-4.897503418977511
2023-10-31,3738.0,3748.0,3709.0,3740.0,170917,261977,3704.8,3668.6,3720.85,3771.5,-31.4478781109201,-40.71836648767189,9.270488376751786,45.96774193548387,68.78571428571429,6.574862280287581,192446.95,20064785,236853.3,506.0,0.193520505142053
2023-11-01,3740.0,3786.0,3701.0,3743.0,249557,264251,3729.0,3679.1,3715.5,3770.616666666667,-25.878147751657707,-37.75032274046905,11.872174988811345,47.239263803680984,71.71428571428571,15.81784910595384,194708.05,20314342,241408.35,2274.0,0.8680151310992867
2023-11-02,3757.0,3767.0,3722.0,3757.0,143373,267794,3745.2,3689.2,3706.8,3770.6666666666665,-20.10268211119137,-34.22079461461352,14.118112503422147,74.46808510638297,61.642857142857146,26.207778041363454,192043.3,20457715,246548.5,3543.0,1.3407707066387609
2023-11-03,3750.0,3772.0,3729.0,3746.0,172447,269626,3745.2,3699.9,3696.1,3771.2,-16.22614712665245,-30.621865117021304,14.395717990368855,63.74045801526718,57.785714285714285,44.06603467149442,193305.95,20285268,252583.3,1832.0,0.6841079337102318
2023-11-06,3748.0,3780.0,3708.0,3722.0,238426,262325,3741.6,3710.7,3694.6,3770.5833333333335,-14.918592399430963,-27.481210573503237,12.562618174072274,61.62361623616236,59.42857142857143,38.670901446504004,193930.25,20046842,259988.05,-7301.0,-2.707824913027679
2023-11-07,3725.0,3749.0,3675.0,3689.0,233103,253710,3731.4,3718.1,3691.1,3770.133333333333,-16.356621118565727,-25.256292682515735,8.899671563950008,59.010600706713774,61.214285714285715,13.848271458193539,198377.0,19813739,267548.7,-8615.0,-3.284094158010098
2023-11-08,3684.0,3694.0,3590.0,3607.0,275811,251452,3704.2,3716.6,3682.45,3768.85,-23.838192096593957,-24.972672565331383,1.1344804687374257,42.93948126801153,65.28571428571429,-46.44116599223617,206646.2,19537928,275924.85,-2258.0,-0.8899925111347629
2023-11-09,3585.0,3590.0,3540.0,3544.0,243123,252483,3661.6,3703.4,3671.15,3766.4666666666667,-34.453802497082506,-26.86889855168161,-7.584903945400896,37.913486005089055,66.07142857142857,-97.15063168530293,214312.8,19294805,285024.2,1031.0,0.41001861190206323
2023-11-10,3554.0,3586.0,3547.0,3567.0,217589,236742,3625.8,3685.5,3669.7,3764.3333333333335,-40.54348241202797,-29.603815323750883,-10.939667088277087,43.98976982097187,61.42857142857143,-83.55908006734329,218444.1,19512394,283128.1,-15741.0,-6.234479153051886
2023-11-13,3577.0,3589.0,3544.0,3557.0,169436,224867,3592.8,3667.2,3663.85,3762.9166666666665,-45.650285964626164,-32.81310945192594,-12.837176512700225,42.75,61.07142857142857,-76.7062955477676,217064.6,19342958,279974.95,-11875.0,-5.016008988688103
2023-11-14,3558.0,3564.0,3507.0,3561.0,224102,220472,3567.2,3649.3,3658.95,3761.55,-48.81202338088269,-36.01289223771729,-12.799131143165404,42.31738035264483,62.5,-80.24304009909906,220414.35,19567060,276067.9,-4395.0,-1.9544886532928407
2023-11-15,3561.0,3616.0,3552.0,3610.0,195257,211901,3567.8,3636.0,3657.55,3760.133333333333,-46.82407379668575,-38.17512854951099,-8.648945247174765,41.58163265306123,62.142857142857146,-43.19337310455719,222333.6,19762317,271226.8,-8571.0,-3.887568489422688
2023-11-16,3608.0,3629.0,3580.0,3606.0,195155,192793,3580.2,3620.9,3655.05,3758.6666666666665,-45.05204407918973,-39.55051165544674,-5.501532423742987,28.52760736196319,58.642857142857146,-33.11021271891503,224414.8,19567162,264883.5,-19108.0,-9.017418511474695
2023-11-17,3596.0,3628.0,3528.0,3536.0,214241,169071,3574.0,3599.9,3649.9,3754.5,-48.73433368423866,-41.38727606120513,-7.347057623033535,23.846153846153854,63.285714285714285,-55.96189096262841,223838.3,19352921,257049.45,-23722.0,-12.304388644815944
2023-11-20,3548.0,3595.0,3542.0,3554.0,162377,159709,3573.4,3583.1,3646.9,3750.4,-49.62804395959847,-43.0354296408838,-6.5926143187146735,27.205882352941174,64.71428571428571,-54.1935154088372,215170.0,19515298,247966.45,-9362.0,-5.537318641280886
2023-11-21,3568.0,3577.0,3532.0,3541.0,155422,146255,3569.4,3568.3,3643.2,3746.133333333333,-50.799719600297976,-44.58828763276664,-6.21143196753134,25.837320574162675,61.857142857142854,-58.762312927038515,210551.4,19359876,238500.15,-13454.0,-8.424071279639843
2023-11-22,3538.0,3568.0,3511.0,3555.0,106116,139972,3558.4,3563.1,3639.85,3742.1,-50.02197579058702,-45.67502526433071,-4.3469505262563075,25.837320574162675,62.714285714285715,-57.52858589154115,205684.1,19465992,229704.1,-6283.0,-4.295921506957024
2023-11-23,3518.0,3554.0,3460.0,3554.0,318736,263932,3548.0,3564.1,3633.75,3738.2,-48.92235342354115,-46.324490896172804,-2.597862527368349,26.470588235294116,66.42857142857143,-63.684555590126706,208102.0,19147256,229286.95,123960.0,88.56056925670848
2023-11-24,3560.0,3600.0,3555.0,3573.0,237303,230873,3555.4,3564.7,3625.1,3735.8333333333335,-45.98763671518873,-46.257120059975996,0.2694833447872682,31.5136476426799,64.57142857142857,-29.535581046598068,204589.3,19384559,227083.8,-33059.0,-12.525574769258752
2023-11-27,3573.0,3596.0,3546.0,3582.0,188059,182837,3561.0,3567.2,3617.2,3733.383333333333,-42.446332892802275,-45.49496262654125,3.048629733738977,35.8839050131926,62.857142857142854,-26.61826210153172,205527.5,19572618,223152.1,-48036.0,-20.806244125558205
2023-11-28,3582.0,3621.0,3575.0,3606.0,169636,167569,3574.0,3571.7,3610.5,3731.35,-37.27355829813678,-43.85068176086036,6.577123462723584,49.844236760124616,58.714285714285715,-7.2207484358407275,205463.45,19742254,218431.7,-15268.0,-8.350607371593277
2023-11-29,3630.0,3682.0,3618.0,3681.0,210924,167168,3599.2,3578.8,3607.4,3730.7833333333333,-26.813138791796064,-40.443173167047505,13.63003437525144,70.57057057057057,59.357142857142854,36.223516932358294,203531.8,19953178,213577.55,-401.0,-0.23930440594620572
2023-11-30,3696.0,3711.0,3661.0,3690.0,150778,157001,3626.4,3587.2,3604.05,3729.6833333333334,-17.594141870397834,-35.873366907717575,18.27922503731974,69.27899686520377,59.92857142857143,61.29777911731988,203902.05,20103956,208037.9,-10167.0,-6.081905627871365
2023-12-01,3699.0,3706.0,3640.0,3670.0,174360,142817,3645.8,3600.6,3600.25,3728.45,-11.766219588727836,-31.051937443919627,19.28571785519179,67.17325227963525,61.42857142857143,58.72307374981694,203997.7,19929596,201697.45,-14184.0,-9.034337360908529
2023-12-04,3682.0,3699.0,3605.0,3610.0,146526,130588,3651.4,3606.2,3594.65,3725.9166666666665,-11.852420426864683,-27.21203404050864,15.359613613643958,56.36363636363637,64.07142857142857,40.15248360654269,199402.7,19783070,195110.6,-12229.0,-8.562706120419838
2023-12-05,3610.0,3628.0,3585.0,3597.0,98416,124315,3649.6,3611.8,3590.05,3722.5,-12.821923414841422,-24.3340119153752,11.512088500533778,48.13753581661891,62.57142857142857,13.590506159189376,192668.35,19684654,188640.85,-6273.0,-4.803657303887032
2023-12-06,3591.0,3630.0,3565.0,3609.0,115718,112569,3635.2,3617.2,3590.15,3717.9666666666667,-12.478121785309668,-21.962833889362095,9.484712104052427,50.42016806722689,63.714285714285715,13.240076411649087,184663.7,19800372,181696.7,-11746.0,-9.448578208583037
2023-12-07,3629.0,3644.0,3584.0,3624.0,191047,256363,3622.0,3624.2,3594.15,3713.3166666666666,-10.86997951960484,-19.744263015410645,8.874283495805805,64.56953642384106,60.857142857142854,27.86008160144667,182059.9,19991419,181890.7,143794.0,127.73854258277146
2023-12-08,3634.0,3712.0,3628.0,3704.0,227282,296293,3628.8,3637.3,3601.0,3710.366666666667,-3.1043982057954054,-16.416290053487597,13.311891847692191,70.6043956043956,62.92857142857143,85.79445202817952,182544.55,20218701,184868.25,39930.0,15.57557057765746
2023-12-11,3709.0,3719.0,3676.0,3690.0,162571,296728,3644.8,3648.1,3607.65,3707.5666666666666,1.8983153387084712,-12.753368975048383,14.651684313756855,70.41095890410959,62.785714285714285,86.30588297420547,182201.3,20056130,188461.3,435.0,0.14681413330723814
2023-12-12,3683.0,3714.0,3671.0,3694.0,163482,303998,3664.2,3656.9,3614.3,3704.8333333333335,6.1152753483488596,-8.979640110368935,15.094915458717795,69.57746478873239,61.785714285714285,75.13517682851189,179170.3,20219612,192637.6,7270.0,2.450055269472373
2023-12-13,3674.0,3691.0,3641.0,3668.0,216204,301765,3676.0,3655.6,3617.2,3701.9,7.275397574154795,-5.72863257346419,13.004030147618984,65.0,58.785714285714285,46.259704632427294,180217.65,20003408,197130.8,-2233.0,-0.7345443062125367
2023-12-14,3687.0,3725.0,3668.0,3694.0,221938,312952,3690.0,3656.0,3621.6,3699.4166666666665,10.17548880435379,-2.5478082979005943,12.723297102254385,65.63307493540051,59.57142857142857,65.28607418876564,181556.8,20225346,203138.75,11187.0,3.70718936921115
2023-12-15,3713.0,3753.0,3702.0,3711.0,188727,322473,3691.4,3660.1,3630.35,3697.116666666667,13.68780542283639,0.6993144462468028,12.988490976589588,66.32911392405063,60.214285714285715,77.72323302953353,180281.1,20414073,210808.85,9521.0,3.0423195889465404
2023-12-18,3728.0,3729.0,3656.0,3675.0,209117,308073,3688.4,3666.6,3636.4,3691.85,13.411839178936589,3.24181939278476,10.17001978615183,58.47665847665848,62.142857142857146,43.80509879971093,182618.1,20204956,218227.05,-14400.0,-4.465490134057736
2023-12-19,3675.0,3719.0,3670.0,3704.0,168663,324881,3690.4,3677.3,3644.55,3686.766666666667,15.356175151050593,5.664690544437926,9.691484606612667,53.18559556786704,60.214285714285715,48.374183440731166,183280.15,20373619,227158.35,16808.0,5.455849749896946
2023-12-20,3701.0,3759.0,3690.0,3727.0,183251,342354,3702.2,3689.1,3653.15,3682.7166666666667,18.53927398788028,8.239607233126396,10.299666754753883,54.93333333333333,61.57142857142857,66.70661083594483,187136.9,20556870,237277.45,17473.0,5.378276969105622
2023-12-21,3734.0,3748.0,3710.0,3735.0,153353,340790,3710.4,3700.2,3662.2,3679.55,21.460057703483017,10.88369732719772,10.576360376285297,58.95316804407714,59.57142857142857,70.07071445656601,178867.75,20710223,241120.35,-1564.0,-0.45683707507433446
2023-12-22,3718.0,3751.0,3688.0,3736.0,250679,331487,3715.4,3703.4,3670.35,3677.3333333333335,23.583634031052043,13.423684667968583,10.15994936308346,70.72368421052632,57.357142857142854,59.345077872841806,179536.55,20960902,246151.05,-9303.0,-2.7298336218785746
2023-12-25,3728.0,3773.0,3710.0,3715.0,230747,317362,3723.4,3705.9,3677.0,3674.516666666667,23.303431620673564,15.39963405850958,7.903797562163984,68.91025641025641,58.785714285714285,63.74764618606235,181670.95,20730155,252877.3,-14125.0,-4.261102245336923
2023-12-26,3715.0,3729.0,3702.0,3715.0,136895,316871,3725.6,3708.0,3682.45,3671.266666666667,22.818333645355324,16.88337397587873,5.934959669476594,67.66666666666667,56.07142857142857,40.314987087491936,180033.9,20730155,260342.4,-491.0,-0.15471291458964975
2023-12-27,3716.0,3760.0,3662.0,3760.0,322289,313334,3732.2,3717.2,3686.4,3669.766666666667,25.76797672856401,18.660294526415786,7.107682202148222,70.60606060606061,58.785714285714285,49.86746465123348,185602.15,21052444,267650.7,-3537.0,-1.1162271081922914
2023-12-28,3759.0,3759.0,3714.0,3737.0,158094,296911,3732.6,3721.5,3688.75,3666.5333333333333,25.95054066294597,20.118343753721824,5.832196909224145,56.04395604395605,55.785714285714285,56.03689251851002,185967.95,20894350,274646.2,-16423.0,-5.241371826868457
2023-12-29,3729.0,3729.0,3652.0,3658.0,258222,263865,3717.0,3716.2,3688.15,3661.5,19.495848125348402,19.993844628047142,-0.4979965026987401,45.26627218934911,58.785714285714285,-10.291613564211568,190161.05,20636128,280698.6,-33046.0,-11.129934559514465
2024-01-02,3670.0,3749.0,3654.0,3740.0,185193,257243,3722.0,3722.7,3694.65,3661.3,20.75788846625801,20.146653395689317,0.6112350705686929,55.52884615384615,62.5,26.271795192339315,192094.4,20821321,287031.35,-6622.0,-2.509616660034486
2024-01-03,3736.0,3758.0,3676.0,3686.0,208889,225396,3716.2,3720.9,3699.1,3660.0833333333335,17.202417069918738,19.5578061305352,-2.3553890606164636,52.027027027027025,64.57142857142857,12.601624263293678,197618.05,20612432,292085.4,-31847.0,-12.380123074291626
2024-01-04,3668.0,3730.0,3668.0,3709.0,196938,200033,3706.0,3719.1,3704.1,3658.9,16.055510225836315,18.857346949595424,-2.8018367237591093,51.70068027210884,64.92857142857143,-0.4417936104286852,201679.05,20809370,296458.6,-25363.0,-11.252639798399267
2024-01-05,3712.0,3717.0,3672.0,3694.0,148544,199367,3697.4,3715.0,3707.6,3657.633333333333,13.777386513511829,17.841354862378708,-4.063968348866879,48.063781321184514,63.92857142857143,-30.02517013130037,199553.9,20660826,293608.8,-666.0,-0.33294506406442714
2024-01-08,3682.0,3694.0,3648.0,3664.0,191630,206334,3698.6,3707.8,3705.6,3658.766666666667,9.442362106265591,16.161556311156087,-6.719194204890496,48.729792147806,62.0,-87.76807422327316,197771.3,20469196,289110.85,6967.0,3.494560283296644
2024-01-09,3640.0,3649.0,3614.0,3626.0,160253,199971,3675.8,3698.9,3702.4,3657.9666666666667,2.9070311649047653,13.510651281905822,-10.603620117001057,41.17647058823529,62.07142857142857,-134.36830815034156,197655.4,20308943,284273.0,-6363.0,-3.0838349472214976
2024-01-10,3651.0,3670.0,3622.0,3633.0,130703,180630,3665.2,3690.7,3699.35,3657.5333333333333,-1.6879663665304179,10.470927752218575,-12.158894118748993,38.96713615023474,60.57142857142857,-96.18489149902302,196016.45,20439646,278104.6,-19341.0,-9.671902425851753
2024-01-11,3645.0,3653.0,3610.0,3638.0,124315,179548,3651.0,3678.5,3697.85,3657.5333333333333,-4.869939174731826,7.4027543668284945,-12.27269354156032,38.53427895981088,60.92857142857143,-97.97297443434323,191422.0,20563961,271993.75,-1082.0,-0.5990145601505792
2024-01-12,3655.0,3688.0,3650.0,3679.0,137725,161184,3648.0,3672.7,3697.1,3657.9166666666665,-4.0367846606472995,5.114846561333335,-9.151631221980635,43.844492440604746,60.0,-37.038623681712394,187211.35,20701686,264405.35,-18364.0,-10.227905629692335
2024-01-15,3701.0,3737.0,3692.0,3703.0,189803,153244,3655.8,3677.2,3696.7,3658.983333333333,-1.423495116443064,3.807178225778056,-5.23067334222112,48.712446351931334,59.642857142857146,21.24013454033073,187265.15,20891489,255943.9,-7940.0,-4.926047250347432
2024-01-16,3690.0,3706.0,3677.0,3704.0,108665,145208,3671.4,3673.6,3698.15,3660.483333333333,0.7199482029927822,3.1897322212210013,-2.469784018228219,48.822269807280506,59.785714285714285,-2.0662027477601725,182242.55,21000154,247800.65,-8036.0,-5.243924721359406
2024-01-17,3710.0,3720.0,3696.0,3711.0,79777,147419,3687.0,3676.1,3698.5,3662.0833333333335,2.949484157502411,3.1416826084772835,-0.19219845097487243,44.28904428904429,54.5,17.178878435129867,177798.25,21079931,238927.55,2211.0,1.5226433805300088
2024-01-18,3699.0,3741.0,3686.0,3731.0,133754,154694,3705.6,3678.3,3698.7,3663.9,6.258100826619739,3.7649662521057747,2.493134574513964,49.29577464788733,55.142857142857146,33.44200243325783,175323.4,21213685,229544.55,7275.0,4.934913410076036
2024-01-19,3719.0,3748.0,3712.0,3740.0,96056,159237,3717.8,3682.9,3698.95,3664.9666666666667,9.496953193288846,4.911363640342389,4.585589552946457,61.51685393258427,51.642857142857146,54.3005330460165,172458.55,21309741,220466.9,4543.0,2.936765485409909
2024-01-22,3732.0,3735.0,3706.0,3713.0,110258,153756,3719.8,3687.8,3697.8,3664.4166666666665,9.772442048162702,5.883579321906452,3.8888627262562503,45.51495016611296,47.285714285714285,31.9098267374673,165437.5,21199483,211580.35,-5481.0,-3.4420392245520848
2024-01-23,3723.0,3747.0,3713.0,3726.0,89959,150550,3724.2,3697.8,3698.35,3664.1833333333334,10.913951070663188,6.8896536716578,4.0242973990053885,57.692307692307686,43.857142857142854,48.79733407708694,158398.1,21289442,203239.75,-3206.0,-2.0851218814225136
2024-01-24,3722.0,3740.0,3711.0,3739.0,90819,148590,3729.8,3708.4,3699.55,3664.1666666666665,12.720957272671967,8.055914391860634,4.665042880811333,55.99999999999999,41.5,48.823402797658,156094.3,21380261,194825.7,-1960.0,-1.3018930587844535
2024-01-25,3725.0,3776.0,3725.0,3759.0,138692,152012,3735.4,3720.5,3699.5,3664.4333333333334,15.587176293930497,9.562166772274608,6.025009521655889,62.745098039215684,41.92857142857143,78.04460310056226,146914.45,21518953,186759.6,3422.0,2.3029813580994762
2024-01-26,3770.0,3780.0,3752.0,3770.0,112255,137731,3741.4,3729.6,3701.15,3664.65,18.53265072603972,11.356263563027632,7.1763871630120875,72.45762711864407,40.642857142857146,89.87918651849516,144622.5,21631208,178800.6,-14281.0,-9.394653053706282
2024-01-29,3768.0,3782.0,3752.0,3771.0,85167,119906,3753.0,3736.4,3706.8,3665.0666666666666,20.708932395344164,13.226797329490939,7.482135065853225,86.4321608040201,39.214285714285715,79.72434707543842,135969.75,21716375,171602.65,-17825.0,-12.941893981747032
2024-01-30,3770.0,3791.0,3749.0,3766.0,79807,109731,3761.0,3742.6,3708.1,3665.8,21.779136752829345,14.937265214158622,6.841871538670723,83.75634517766497,38.785714285714285,72.26712998620816,130700.45,21636568,164227.05,-10175.0,-8.485813887545246
2024-01-31,3756.0,3779.0,3723.0,3740.0,115790,84060,3761.2,3745.5,3710.8,3666.65,20.29534658558441,16.00888148844378,4.286465097140631,73.39449541284404,39.714285714285715,43.669733171461374,126045.5,21520778,157160.25,-25671.0,-23.39448287175001
2024-02-01,3733.0,3752.0,3718.0,3730.0,113495,209960,3755.4,3745.4,3711.85,3668.7,18.103826123092404,16.427870415373505,1.6759557077188987,63.63636363636363,38.57142857142857,25.49988857465101,121873.35,21407283,157656.6,125900.0,149.77397097311442
2024-02-02,3736.0,3747.0,3696.0,3707.0,127085,208053,3742.8,3742.1,3712.5,3671.4166666666665,14.345753668170346,16.011447065932874,-1.665693397762528,51.0752688172043,38.07142857142857,5.062104062180325,120800.4,21280198,158090.9,-1907.0,-0.9082682415698207
2024-02-05,3700.0,3711.0,3688.0,3702.0,106673,202151,3729.0,3741.0,3714.4,3673.6666666666665,10.83905013604408,14.976967679955116,-4.137917543911037,49.473684210526315,37.642857142857146,-16.04189046224846,116552.55,21173525,157881.75,-5902.0,-2.836777167356397
2024-02-06,3688.0,3700.0,3680.0,3696.0,77929,196624,3715.0,3738.0,3717.9,3675.983333333333,7.489478421289732,13.47946982822204,-5.989991406932308,46.03174603174603,37.5,-33.137096787154526,112436.35,21095596,157714.4,-5527.0,-2.7340948103150575
2024-02-07,3690.0,3700.0,3673.0,3680.0,80264,193617,3703.0,3732.1,3720.25,3677.9666666666667,3.5034666399715206,11.484269190571938,-7.980802550600417,36.21621621621621,35.5,-50.762286438019935,109914.4,21015332,158363.75,-3007.0,-1.5293148344047491
2024-02-08,3696.0,3702.0,3680.0,3689.0,72052,179167,3694.8,3725.1,3722.8,3679.2833333333333,1.058546108853534,9.399124574228258,-8.340578465374724,36.21621621621621,34.5,-55.04856694205803,107301.25,21087384,158344.7,-14450.0,-7.463187633317325
2024-02-19,3728.0,3763.0,3725.0,3737.0,127904,182223,3700.8,3721.8,3725.7,3681.4666666666667,2.9600067057403976,8.111301000530688,-5.15129429479029,55.8252427184466,37.357142857142854,30.64596179197954,106810.2,21215288,159396.65,3056.0,1.7056712452627965
2024-02-20,3741.0,3750.0,3703.0,3720.0,127703,195488,3704.4,3716.7,3726.55,3684.5333333333333,3.0598974103581895,7.101020282496188,-4.041122872137999,48.57142857142857,38.285714285714285,-3.360284429540534,103705.2,21087585,161508.85,13265.0,7.279542099515424
2024-02-21,3709.0,3712.0,3658.0,3681.0,190428,203163,3701.4,3708.2,3725.4,3686.65,-0.007822378448963718,5.6792517503071585,-5.687074128756122,37.71186440677966,40.642857142857146,-77.06465564562353,107793.35,20897157,164406.6,7675.0,3.9260721885742367
2024-02-22,3681.0,3692.0,3665.0,3690.0,116340,205030,3703.4,3703.2,3724.35,3689.133333333333,-1.693268681607151,4.204747663924296,-5.898016345531447,34.66666666666666,38.92857142857143,-73.10911015718335,109621.5,21013497,167287.15,1867.0,0.918966544104971
2024-02-23,3686.0,3700.0,3675.0,3681.0,98774,203540,3701.8,3698.3,3721.85,3691.233333333333,-3.7124272532364557,2.621312680492146,-6.333739933728602,30.044843049327355,38.714285714285715,-62.108655644397764,107872.5,20914723,169729.45,-1490.0,-0.7267229185972779
2024-02-26,3670.0,3684.0,3660.0,3676.0,107712,211565,3689.6,3695.2,3718.65,3693.266666666667,-5.650942632681108,0.9668616178574951,-6.617804250538603,29.07488986784142,38.285714285714285,-72.7611466412174,108455.3,20807011,172345.85,8025.0,3.9427139628574137
2024-02-27,3667.0,3694.0,3667.0,3690.0,98032,208223,3683.6,3694.0,3717.5,3695.2166666666667,-5.988515164922774,-0.4242137386985587,-5.564301426224215,33.89830508474576,37.214285714285715,-52.11616337287857,107844.0,20905043,175069.2,-3342.0,-1.5796563703826205
2024-02-28,3682.0,3718.0,3681.0,3689.0,113597,198259,3685.2,3693.3,3715.65,3697.0,-6.264521961807532,-1.5922753833203533,-4.6722465784871785,37.91469194312797,35.857142857142854,-30.53497982879479,109025.9,20791446,177454.65,-9964.0,-4.785254270661743
2024-02-29,3688.0,3710.0,3672.0,3690.0,122303,206110,3685.2,3694.3,3713.2,3698.4,-6.3296039598026255,-2.539741098616808,-3.7898628611858176,40.0990099009901,36.142857142857146,-35.32320955883504,110600.1,20913749,180330.65,7851.0,3.959971552363317
2024-03-01,3699.0,3701.0,3671.0,3686.0,102238,206496,3686.2,3694.0,3709.55,3698.483333333333,-6.627550209401306,-3.3573029207737077,-3.2702472886275986,44.26229508196721,34.642857142857146,-38.170516105498415,108777.4,20811511,183054.85,386.0,0.1872786376206914
2024-03-04,3698.0,3715.0,3662.0,3677.0,188833,222372,3686.4,3688.0,3704.9,3698.266666666667,-7.5034049609744216,-4.186523328813851,-3.3168816321605705,43.31550802139037,36.785714285714285,-36.567563785141786,112606.3,20622678,187286.9,15876.0,7.688284518828459
2024-03-05,3671.0,3677.0,3653.0,3665.0,124350,232971,3681.4,3682.5,3699.6,3698.1833333333334,-9.06137201749516,-5.161493066550113,-3.8998789509450464,41.96891191709844,36.92857142857143,-65.88996663550817,114565.45,20498328,192940.15,10599.0,4.766337488532724
2024-03-06,3653.0,3669.0,3645.0,3660.0,108379,238946,3675.6,3680.4,3694.3,3699.016666666667,-10.577598377817594,-6.24471412880361,-4.3328842490139845,44.5054945054945,36.714285714285715,-77.71221955965447,115994.05,20389949,199400.9,5975.0,2.56469689360479
2024-03-07,3660.0,3668.0,3631.0,3633.0,131774,259792,3664.2,3674.7,3688.95,3699.616666666667,-13.798828735588359,-7.7555370501605605,-6.043291685427798,36.0,37.785714285714285,-97.87626882948847,116793.25,20258175,208187.5,20846.0,8.724146878374196
2024-03-08,3636.0,3654.0,3625.0,3634.0,114762,255165,3653.8,3670.0,3684.15,3700.0333333333333,-16.08556102460352,-9.421541845049154,-6.6640191795543675,16.33986928104575,34.57142857142857,-98.63597234978818,116856.6,20372937,210447.75,-4627.0,-1.7810402167888206
2024-03-11,3627.0,3640.0,3598.0,3629.0,164867,263640,3644.2,3665.3,3680.25,3700.116666666667,-18.092709558452498,-11.155775387729822,-6.936934170722676,17.7304964539007,34.214285714285715,-108.29982513919579,118745.7,20208070,213227.1,8475.0,3.321380283346076
2024-03-12,3629.0,3635.0,3614.0,3623.0,93748,264392,3635.8,3658.6,3676.3,3698.766666666667,-19.93770958288178,-12.912162226760215,-7.025547356121566,23.148148148148152,31.285714285714285,-90.16995528911363,118099.45,20114322,216339.15,752.0,0.2852374450007522
2024-03-13,3623.0,3640.0,3622.0,3622.0,98952,264409,3628.2,3651.9,3672.6,3697.633333333333,-21.23578413668929,-14.57688660874603,-6.65889752794326,16.0,30.642857142857142,-73.67608634422226,119150.6,20015370,219728.4,17.0,0.00642984659142698
2024-03-14,3635.0,3649.0,3630.0,3642.0,110350,257252,3630.0,3647.1,3670.7,3696.766666666667,-20.41534928127703,-15.744579143252231,-4.6707701380248,32.432432432432435,30.785714285714285,-49.29405482569663,120654.9,20125720,222910.15,-7157.0,-2.7067913724570625
2024-03-15,3650.0,3683.0,3645.0,3680.0,137750,235480,3639.2,3646.5,3670.25,3696.9666666666667,-16.508565855740017,-15.89737648574979,-0.6111893699902264,51.388888888888886,32.0,-2.6383046169779094,123939.8,20263470,225725.8,-21772.0,-8.463296689627287
2024-03-18,3675.0,3682.0,3657.0,3677.0,95397,224941,3648.8,3646.5,3667.25,3696.6833333333334,-13.498880085239762,-15.417677205647784,1.9187971204080227,45.11278195488722,31.857142857142858,8.197183799506767,122314.45,20168073,227861.7,-10539.0,-4.475539323934097
2024-03-19,3673.0,3696.0,3668.0,3696.0,102540,212903,3663.4,3649.6,3666.05,3696.4333333333334,-9.471361261226775,-14.228414016763583,4.757052755536808,52.31788079470199,31.214285714285715,43.33456960461058,121056.3,20270613,228732.45,-12038.0,-5.351625537363136
2024-03-20,3696.0,3711.0,3688.0,3701.0,98359,209757,3679.2,3653.7,3667.05,3696.866666666667,-5.809101655390805,-12.544551544489028,6.7354498890982235,53.54838709677419,30.142857142857142,66.67608283755185,116452.85,20368972,229062.15,-3146.0,-1.47766823389055
2024-03-21,3694.0,3712.0,3678.0,3703.0,101967,206363,3691.4,3660.7,3667.7,3696.85,-2.7140651932072615,-10.578454274232675,7.864389081025413,55.55555555555556,30.428571428571427,58.79989268374439,115734.2,20470939,229128.8,-3394.0,-1.6180628060088575
2024-03-22,3693.0,3722.0,3688.0,3706.0,126667,205767,3696.6,3667.9,3668.95,3696.5,-0.018933318923700426,-8.466550083170882,8.447616764247181,59.863945578231295,29.071428571428573,68.7596568814452,117128.85,20597606,229240.15,-596.0,-0.28881146329525764
2024-03-25,3715.0,3725.0,3703.0,3712.0,90373,206341,3703.6,3676.2,3670.75,3696.116666666667,2.5714854808015843,-6.258942970376388,8.830428451177973,66.66666666666666,28.928571428571427,74.83325869513546,116261.9,20687979,228978.95,574.0,0.2789562952271174
2024-03-26,3712.0,3737.0,3696.0,3709.0,138023,202506,3706.2,3684.8,3671.7,3695.6666666666665,4.3323949622867985,-4.140675383843751,8.47307034613055,67.62589928057554,30.142857142857142,69.71583956040303,118261.45,20549956,228693.1,-3835.0,-1.8585739140548951
2024-03-27,3702.0,3711.0,3678.0,3686.0,107768,200854,3703.2,3691.2,3671.55,3695.1833333333334,3.827895040803469,-2.5469612989143076,6.374856339717777,69.62962962962963,29.857142857142858,33.40624488241263,117970.0,20442188,228822.85,-1652.0,-0.8157782979269723
2024-03-28,3687.0,3695.0,3675.0,3687.0,91529,200326,3700.0,3695.7,3671.4,3694.7166666666667,3.4687809138195007,-1.343812856367546,4.812593770187046,69.62962962962963,29.214285714285715,23.982310471690585,116431.3,20533717,228533.65,-528.0,-0.26287751301941054
2024-03-29,3690.0,3720.0,3682.0,3716.0,110924,202181,3702.0,3699.3,3672.9,3693.983333333333,5.461283738390193,0.017206462584001825,5.444077275806191,77.35849056603773,28.928571428571427,54.68916723627099,116865.6,20644641,228317.9,1855.0,0.9259906352645286
2024-04-01,3717.0,3749.0,3716.0,3744.0,121723,207901,3708.4,3706.0,3676.25,3694.1,9.193742831846976,1.8525137364365967,7.3412290954103785,83.42541436464089,29.785714285714285,90.58648311751078,113510.1,20766364,227594.35,5720.0,2.82914813953834
2024-04-02,3737.0,3768.0,3732.0,3767.0,97397,222501,3720.0,3713.1,3681.35,3695.9166666666665,13.848019981058314,4.25161498536094,9.596404995697373,85.71428571428571,31.071428571428573,99.53052043801505,112162.45,20863761,227070.85,14600.0,7.022573243995933
2024-04-03,3785.0,3817.0,3771.0,3814.0,146926,246974,3745.6,3724.4,3689.05,3697.15,21.086008972821674,7.618493782853087,13.467515189968587,87.3913043478261,32.714285714285715,122.66828222172647,114089.8,21010687,227472.25,24473.0,10.999051689655337
2024-04-08,3808.0,3827.0,3788.0,3812.0,115008,259761,3770.6,3735.3,3698.0,3699.25,26.35695751083722,11.366186528449914,14.990770982387305,84.02061855670104,32.57142857142857,108.18129275071662,113251.5,20895679,227470.7,12787.0,5.177468073562408
2024-04-09,3820.0,3834.0,3805.0,3815.0,106783,262115,3790.4,3746.2,3707.05,3701.016666666667,30.425570097478612,15.178063242255655,15.247506855222957,85.56701030927834,32.857142857142854,98.9715948440353,112852.55,21002462,227818.2,2354.0,0.906217638521567
2024-04-10,3810.0,3827.0,3796.0,3814.0,100877,264856,3804.4,3756.4,3716.3,3703.016666666667,33.186727308123864,18.779796055429298,14.406931252694566,83.52272727272728,33.07142857142857,83.64843662810897,109653.05,20901585,227879.0,2741.0,1.045724205024512
2024-04-11,3821.0,3838.0,3803.0,3820.0,117868,264219,3815.0,3767.5,3726.15,3705.616666666667,35.45046327306636,22.11392949895671,13.33653377410965,83.61581920903954,33.92857142857143,81.17197281342011,110859.05,21019453,227870.35,-637.0,-0.2405080496571732
2024-04-12,3808.0,3830.0,3783.0,3828.0,115557,260531,3817.8,3781.7,3736.45,3708.983333333333,37.45822833650482,25.182789266466333,12.275439070038484,84.15300546448087,34.857142857142854,69.17226188130931,111689.3,21135010,227676.45,-3688.0,-1.395811807629277
2024-04-15,3848.0,3875.0,3810.0,3819.0,147581,255079,3819.2,3794.9,3745.3,3712.0833333333335,37.886440527671766,27.723519518707423,10.162921008964343,79.8941798941799,37.07142857142857,78.71999912823104,113550.85,20987429,227567.8,-5452.0,-2.0926492432762345
2024-04-16,3818.0,3819.0,3793.0,3800.0,111547,243396,3816.2,3803.3,3751.3,3714.7833333333333,36.274510585963526,29.433717732158648,6.840792853804878,71.78217821782178,37.357142857142854,47.78079662713588,112240.7,20875882,227963.6,-11683.0,-4.580149679119017
2024-04-17,3788.0,3797.0,3756.0,3768.0,127739,227515,3807.0,3805.7,3755.85,3716.266666666667,32.04551122324665,29.95607643037625,2.0894347928703993,62.77056277056277,37.57142857142857,17.93942515198835,113857.8,20748143,228092.3,-15881.0,-6.524758007526832
2024-04-18,3752.0,3775.0,3735.0,3746.0,126715,208938,3792.2,3803.6,3758.35,3716.983333333333,26.6120158681465,29.2872643179303,-2.675248449783801,63.04347826086957,38.07142857142857,-4.934905092416296,115066.55,20621428,227894.05,-18577.0,-8.16517592246665
2024-04-19,3765.0,3785.0,3747.0,3759.0,140963,191230,3778.4,3798.1,3761.25,3717.9,23.088770038729763,28.047565462090198,-4.958795423360435,64.87603305785123,39.42857142857143,3.2225879222984646,117196.75,20762391,226967.7,-17708.0,-8.475241459188855
2024-04-22,3744.0,3757.0,3720.0,3731.0,110541,179862,3760.8,3790.0,3762.65,3718.233333333333,17.831654132050517,26.004383196082266,-8.17272906403175,53.11203319502075,39.5,-26.755827925879323,117625.45,20651850,225642.65,-11368.0,-5.944673952831669
2024-04-23,3746.0,3758.0,3724.0,3725.0,95465,164205,3745.8,3781.0,3763.6,3718.133333333333,13.030988915910257,23.409704340047863,-10.378715424137607,45.662100456621005,39.57142857142857,-29.47907628469791,116065.35,20556385,223564.55,-15657.0,-8.705007172165324
2024-04-24,3720.0,3750.0,3710.0,3747.0,90705,149661,3741.6,3774.3,3765.35,3718.25,10.87626843128919,20.90301715829613,-10.02674872700694,45.412844036697244,39.857142857142854,-31.298734949782187,116081.95,20647090,220730.55,-14544.0,-8.857221156481232
2024-04-25,3735.0,3775.0,3735.0,3775.0,102232,140358,3747.4,3769.8,3768.65,3719.2833333333333,11.297769266058822,18.981967579848668,-7.684198313789846,40.20100502512563,39.142857142857146,-6.248595135554305,114292.4,20749322,217623.15,-9303.0,-6.216048269088137
2024-04-26,3772.0,3788.0,3755.0,3775.0,132389,134718,3750.6,3764.5,3773.1,3720.1,11.499255455509683,17.48542515498087,-5.986169699471187,40.609137055837564,38.714285714285715,1.564112800401547,115523.45,20749322,214316.35,-5640.0,-4.01829607147437
2024-04-29,3775.0,3783.0,3749.0,3760.0,111100,127414,3756.4,3758.6,3776.75,3720.45,10.329488162851248,16.054237756554947,-5.724749593703699,36.8421052631579,39.07142857142857,-15.486294454200895,116502.0,20638222,210670.75,-7304.0,-5.421695690256689
2024-04-30,3753.0,3769.0,3729.0,3729.0,129672,108791,3757.2,3751.5,3777.4,3719.95,6.822354378998625,14.207861081043683,-7.385506702045058,32.21757322175732,39.714285714285715,-51.754070450160256,117439.4,20508550,206001.25,-18623.0,-14.616133234966334
2024-05-06,3688.0,3692.0,3650.0,3659.0,138820,102852,3739.6,3740.6,3773.15,3718.1,-1.5871932223567455,11.0488502203636,-12.636043442720345,23.432343234323426,42.857142857142854,-130.62250901363421,118294.25,20369730,200748.8,-5939.0,-5.459091285124684
2024-05-07,3669.0,3681.0,3657.0,3673.0,100212,93728,3719.2,3733.3,3768.45,3716.4666666666667,-7.040973329146254,7.4308855104616285,-14.471858839607883,24.919093851132686,41.214285714285715,-105.77367478461333,118435.0,20469942,194310.15,-9124.0,-8.870999105510835
2024-05-08,3660.0,3684.0,3658.0,3675.0,97721,83588,3699.2,3724.9,3761.5,3714.95,-11.074094799375871,3.729889448494129,-14.80398424787,26.15894039735099,38.42857142857143,-88.99090469207412,115974.75,20567663,186140.85,-10140.0,-10.818538750426764
2024-05-09,3685.0,3694.0,3672.0,3684.0,145899,185734,3684.0,3720.2,3755.1,3714.016666666667,-13.38979857463346,0.3059518438686113,-13.69575041850207,30.13698630136986,38.142857142857146,-69.63464209524628,117519.3,20713562,182439.5,102146.0,122.20175144757621
2024-05-10,3687.0,3697.0,3681.0,3689.0,136834,186702,3676.0,3716.6,3748.8,3713.3333333333335,-14.652645708244563,-2.6857676665540238,-11.966878041690538,35.09433962264151,36.142857142857146,-58.137405243044384,119021.85,20850396,178668.85,968.0,0.521175444452826
2024-05-13,3689.0,3694.0,3664.0,3672.0,144246,194356,3678.6,3709.1,3741.7,3712.75,-16.831199494313296,-5.5148540321058785,-11.316345462207417,35.769230769230774,35.42857142857143,-63.031843124366716,121190.3,20706150,175143.85,7654.0,4.099581150710763
2024-05-14,3673.0,3682.0,3660.0,3667.0,121005,201013,3677.4,3698.3,3734.05,3712.1666666666665,-18.74509548631204,-8.160902322947111,-10.584193163364928,31.746031746031747,34.214285714285715,-63.49297243194305,121347.15,20585145,171983.55,6657.0,3.425157957562419
2024-05-15,3662.0,3667.0,3650.0,3655.0,136874,205269,3673.4,3686.3,3725.4,3711.483333333333,-20.988232283618345,-10.72636831508136,-10.261863968536986,33.89830508474576,32.642857142857146,-68.55409435835598,122413.0,20448271,169220.45,4256.0,2.117275997074808
2024-05-16,3650.0,3661.0,3634.0,3656.0,159597,214059,3667.8,3675.9,3717.25,3711.0833333333335,-22.42672142927222,-13.066438937919532,-9.360282491352688,35.06493506493507,32.142857142857146,-71.55099500488339,123013.8,20607868,167169.45,8790.0,4.282185814711426
2024-05-17,3658.0,3675.0,3653.0,3675.0,179315,222588,3665.0,3670.5,3711.0,3710.85,-21.782498151032087,-14.809650780542043,-6.972847370490044,34.21052631578948,30.857142857142858,-49.607532316852634,126402.2,20787183,166129.05,8529.0,3.9844155116112834
2024-05-20,3671.0,3733.0,3669.0,3733.0,258646,208045,3677.2,3677.9,3709.25,3710.7833333333333,-16.402750589436437,-15.128270742320922,-1.274479847115515,41.86046511627907,32.57142857142857,3.209438864470916,132947.55,21045829,165155.55,-14543.0,-6.53359570147537
2024-05-21,3708.0,3725.0,3696.0,3705.0,197910,204988,3684.8,3681.1,3707.2,3710.5333333333333,-14.234540954688327,-14.949524784794402,0.7149838301060747,37.76223776223777,32.857142857142854,2.291462671786159,136507.3,20847919,164958.05,-3057.0,-1.4693936407988661
2024-05-22,3690.0,3698.0,3673.0,3689.0,168641,212095,3691.6,3682.5,3703.7,3710.6666666666665,-13.649937497781139,-14.689607327391752,1.039669829610613,37.63066202090592,32.714285714285715,-20.83307728668551,137891.2,20679278,166001.3,7107.0,3.467032216519983
2024-05-23,3688.0,3698.0,3653.0,3669.0,194635,224567,3694.2,3681.0,3700.6,3710.3166666666666,-14.631801598519814,-14.678046181617365,0.04624458309755042,39.130434782608695,33.07142857142857,-34.14112415841905,142095.9,20484643,168236.55,12472.0,5.880383790282662
2024-05-24,3682.0,3683.0,3665.0,3671.0,123352,220062,3693.4,3679.2,3697.9,3710.15,-15.074780006807941,-14.75739294665548,-0.3173870601524609,52.88461538461538,28.714285714285715,-30.946449546476888,143490.25,20607995,171029.4,-4505.0,-2.006082817154786
2024-05-27,3671.0,3695.0,3667.0,3674.0,161889,220869,3681.6,3679.4,3694.25,3710.116666666667,-15.010734258238244,-14.808061208972035,-0.20267304926620966,50.253807106598984,29.0,-20.313333794982828,147049.45,20769884,174589.8,807.0,0.36671483491015344
2024-05-28,3678.0,3701.0,3624.0,3629.0,277996,236392,3666.4,3675.6,3686.95,3709.1,-18.379237056273723,-15.522296378432374,-2.856940677841349,40.416666666666664,32.642857142857146,-53.108159577672936,155837.65,20491888,179391.5,15523.0,7.0281479066777175
2024-05-29,3632.0,3694.0,3619.0,3682.0,314344,234168,3665.0,3678.3,3682.3,3708.983333333333,-16.58100720224138,-15.734038543194176,-0.8469686590472048,49.647887323943664,36.42857142857143,-31.00693884616314,164935.4,20806232,184364.0,-2224.0,-0.9408101797015123
2024-05-30,3682.0,3689.0,3668.0,3672.0,175629,221844,3665.6,3679.9,3677.9,3708.6833333333334,-15.780901109170827,-15.743411056389508,-0.037490052781318894,47.05882352941176,36.785714285714285,-5.069923803076739,168161.85,20630603,189085.5,-12324.0,-5.262888182843084
2024-05-31,3672.0,3696.0,3650.0,3658.0,223967,226047,3663.0,3678.2,3674.35,3708.2166666666667,-16.091007148967947,-15.812930274905197,-0.2780768740627497,47.55244755244755,37.92857142857143,-21.651376781990095,172876.6,20406636,194948.3,4203.0,1.894574565911178
2024-06-03,3665.0,3670.0,3597.0,3603.0,203707,253182,3648.8,3665.2,3671.55,3706.983333333333,-20.538058808079768,-16.75795598154011,-3.7801028265396575,40.476190476190474,41.57142857142857,-126.60604304816057,176120.95,20202929,202464.8,27135.0,12.00414073179472
2024-06-04,3599.0,3605.0,3533.0,3540.0,239461,281408,3631.0,3648.7,3664.9,3704.9,-28.8138051642718,-19.16912581808645,-9.644679346185349,35.14211886304909,45.5,-168.52415022314221,183083.4,19963468,211848.8,28226.0,11.148501868221272
2024-06-05,3533.0,3534.0,3500.0,3505.0,179725,303033,3595.6,3630.3,3656.4,3702.3166666666666,-37.761312364544665,-22.887563127378094,-14.873749237166571,32.06650831353919,46.42857142857143,-155.64414897735793,187183.6,19783743,222821.05,21625.0,7.684571867182166
2024-06-06,3519.0,3520.0,3473.0,3508.0,190055,309387,3562.8,3614.2,3647.6,3700.233333333333,-44.101822993082806,-27.130415100519038,-16.971407892563768,29.382716049382708,48.214285714285715,-128.09754824905926,189391.4,19973798,229003.7,6354.0,2.0968013384680795
2024-06-07,3506.0,3545.0,3500.0,3528.0,149376,306407,3536.8,3599.9,3639.55,3698.4666666666667,-46.971433052557586,-31.09861869092675,-15.872814361630837,22.070844686648513,46.857142857142854,-91.78106659004953,190018.5,20123174,234988.95,-2980.0,-0.9631949629428482
2024-06-11,3560.0,3593.0,3534.0,3536.0,155705,288143,3523.4,3586.1,3632.75,3696.9166666666665,-48.0462394176443,-34.488142836270264,-13.558096581374038,25.648414985590776,48.857142857142854,-61.347266271509746,190591.45,20278879,239678.3,-18264.0,-5.960699331281594
2024-06-12,3536.0,3565.0,3535.0,3558.0,118024,284074,3527.0,3579.0,3627.3,3695.8333333333335,-46.585802929690544,-36.90767485495432,-9.678128074736222,31.444759206798864,48.714285714285715,-56.508369394349536,190442.4,20396903,243831.35,-4069.0,-1.4121460524808893
2024-06-13,3580.0,3581.0,3543.0,3559.0,120330,273343,3537.8,3566.7,3622.5,3694.7833333333333,-44.83092188722321,-38.4923242614081,-6.338597625815112,33.532934131736525,48.214285714285715,-45.96825886240124,189615.2,20517233,247235.05,-10731.0,-3.7775368389926567
2024-06-14,3559.0,3567.0,3539.0,3555.0,122026,269127,3547.2,3555.0,3617.45,3693.3333333333335,-43.264209709937404,-39.446701351113965,-3.8175083588234386,32.73809523809524,48.92857142857143,-46.76622859018431,187736.65,20395207,249988.45,-4216.0,-1.5423844766465522
2024-06-17,3561.0,3566.0,3542.0,3544.0,124610,265236,3550.4,3543.6,3610.9,3691.0666666666666,-42.421182109956135,-40.0415975028824,-2.3795846070737383,31.104651162790702,48.642857142857146,-44.32855177247142,185001.4,20270597,252120.85,-3891.0,-1.4457858185912276
2024-06-18,3556.0,3599.0,3554.0,3575.0,173827,255014,3558.2,3540.8,3603.0,3689.366666666667,-38.804323652876974,-39.79414273288131,0.989819080004338,41.81818181818182,47.07142857142857,-23.02156955190685,180760.45,20444424,254469.3,-10222.0,-3.8539263146782465
2024-06-19,3580.0,3614.0,3574.0,3601.0,158427,251922,3566.8,3546.9,3597.8,3687.7833333333333,-33.454314050859466,-38.52617699647695,5.071862945617482,36.633663366336634,44.57142857142857,-4.315533017361557,178786.3,20602851,256816.0,-3092.0,-1.2124824519438193
2024-06-20,3606.0,3629.0,3603.0,3625.0,141931,247685,3580.0,3558.9,3594.6,3686.516666666667,-26.96693542761659,-36.214328682704874,9.247393255088284,42.586750788643535,45.07142857142857,16.785498391410403,177450.8,20744782,258595.5,-4237.0,-1.681869785092216
2024-06-21,3625.0,3634.0,3602.0,3605.0,131990,246542,3590.0,3568.6,3591.4,3684.883333333333,-23.17235747005998,-33.60593444017589,10.433576970115915,41.795665634674926,44.07142857142857,15.480547996324805,174318.55,20612792,259694.25,-1143.0,-0.46147324222298725
2024-06-24,3610.0,3611.0,3582.0,3605.0,150430,238651,3602.2,3576.3,3588.1,3683.2,-19.935325082001782,-30.871812568541074,10.936487486539292,50.3731343283582,40.92857142857143,6.735816622758427,175672.45,20612792,260623.7,-7891.0,-3.200671690827528
2024-06-25,3600.0,3616.0,3586.0,3601.0,122522,237685,3607.4,3582.8,3584.45,3681.35,-17.49109372290286,-28.195668799413433,10.704575076510572,64.5933014354067,37.92857142857143,12.562266109723408,173704.1,20490270,261464.5,-966.0,-0.40477517378934014
2024-06-26,3600.0,3630.0,3586.0,3626.0,158421,235963,3612.4,3589.6,3584.3,3679.9666666666667,-13.38246694613963,-25.233028428758672,11.850561482619042,80.40201005025126,38.214285714285715,27.792896804984927,167725.35,20648691,261443.05,-1722.0,-0.7244882933294061
2024-06-27,3626.0,3646.0,3616.0,3641.0,155745,231370,3615.6,3597.8,3582.25,3679.2166666666667,-8.814369420799721,-21.949296627166884,13.134927206367163,81.51658767772511,37.0,51.72314544133015,159795.4,20804436,261303.15,-4593.0,-1.9464916109729113
2024-06-28,3650.0,3652.0,3635.0,3649.0,98456,231500,3624.4,3607.2,3581.1,3678.5833333333335,-4.496750340595099,-18.458787369852526,13.962037029257427,80.40201005025126,35.0,68.58624583434222,155936.75,20902892,261785.95,130.0,0.05618705968795101
2024-07-01,3649.0,3671.0,3639.0,3669.0,137152,225836,3637.2,3619.7,3581.65,3677.8,0.5326862645861183,-14.660492642964797,15.193178907550916,81.51658767772511,32.642857142857146,86.3097397240169,151596.0,21040044,261775.4,-5664.0,-2.446652267818572
2024-07-02,3676.0,3688.0,3662.0,3671.0,129231,225322,3651.2,3629.3,3585.05,3676.5833333333335,4.626601710074738,-10.80307377235689,15.429675482431628,79.58115183246073,32.357142857142854,91.60872569818129,147872.2,21169275,260382.4,-514.0,-0.22759878850139303
2024-07-03,3677.0,3692.0,3672.0,3684.0,102746,227782,3662.8,3637.6,3592.25,3675.2,8.818397552437546,-6.878779507398003,15.69717705983555,80.78817733990148,31.142857142857142,86.94357783949238,141036.45,21272021,257701.1,2460.0,1.091770887884902
2024-07-04,3678.0,3698.0,3674.0,3695.0,111283,223257,3673.6,3644.6,3601.75,3673.2166666666667,12.8795664026934,-2.927110325379723,15.806676728073121,83.33333333333333,30.857142857142858,83.12032957123185,137614.35,21383304,253712.3,-4525.0,-1.9865485420270224
2024-07-05,3702.0,3716.0,3692.0,3696.0,128712,225976,3683.0,3653.7,3611.15,3671.2833333333333,15.994390243746238,0.8571897884454693,15.13720045530077,88.0,30.857142857142858,86.62248963904699,134547.2,21512016,249541.75,2719.0,1.2178789466847695
2024-07-08,3699.0,3708.0,3662.0,3666.0,169305,227122,3682.4,3659.8,3618.05,3668.8,15.859344646351474,3.8576207600266703,12.001723886324804,72.8643216080402,30.214285714285715,60.0058239457903,135543.65,21342711,245577.5,1146.0,0.5071335009027456
2024-07-09,3665.0,3670.0,3643.0,3667.0,154814,217771,3681.6,3666.4,3624.6,3666.35,15.652578498576986,6.2166123077367335,9.435966190840253,68.9655172413793,29.285714285714285,37.48176925157644,135499.1,21497525,242058.9,-9351.0,-4.1171705074805605
2024-07-10,3667.0,3674.0,3624.0,3626.0,161075,213756,3670.0,3666.4,3628.0,3663.116666666667,12.041549995350579,7.381599845259503,4.659950150091076,50.261780104712045,30.857142857142858,14.850883728489999,137651.65,21336450,238543.0,-4015.0,-1.8436798288109957
2024-07-11,3633.0,3659.0,3628.0,3653.0,142182,203421,3661.6,3667.6,3632.7,3660.2,11.229017122505866,8.151083300708777,3.077933821797089,62.12121212121213,30.928571428571427,16.920165851090648,138744.25,21478632,235046.9,-10335.0,-4.834952001347325
2024-07-12,3651.0,3669.0,3635.0,3668.0,115890,196615,3656.0,3669.5,3638.35,3657.6833333333334,11.66103248284071,8.853073137135164,2.8079593457055463,64.7887323943662,31.285714285714285,25.33586152285868,138437.45,21594522,231421.3,-6806.0,-3.3457705939898053
2024-07-15,3662.0,3668.0,3606.0,3616.0,196711,194307,3646.0,3664.2,3641.95,3654.616666666667,7.718468648541148,8.626152239416362,-0.9076835908752141,52.87356321839081,33.57142857142857,-15.80301865849747,142042.5,21397811,227874.85,-2308.0,-1.1738677110088247
2024-07-16,3617.0,3639.0,3608.0,3612.0,142953,198238,3635.0,3658.3,3643.8,3652.016666666667,4.222517283792968,7.745425248291683,-3.5229079644987156,47.083333333333336,32.642857142857146,-37.11793653815426,140498.8,21254858,225036.05,3931.0,2.0230871764784553
2024-07-17,3595.0,3619.0,3586.0,3609.0,138293,194708,3631.6,3650.8,3644.2,3649.733333333333,1.1960879549010315,6.435557789613553,-5.239469834712522,42.98245614035088,32.857142857142854,-62.674237142398944,139492.1,21116565,222175.35,-3530.0,-1.7806878600470144
2024-07-18,3619.0,3661.0,3617.0,3659.0,170121,183991,3632.8,3647.2,3645.9,3648.0666666666666,2.799927221953112,5.7084316760814655,-2.9085044541283533,51.85185185185185,35.357142857142854,1.2572201028665622,140901.6,21286686,218990.65,-10717.0,-5.504139532017172
2024-07-19,3641.0,3648.0,3606.0,3611.0,155868,189977,3621.4,3638.7,3646.2,3646.0666666666666,0.1955286166867154,4.605851064202516,-4.4103224475158,40.26845637583892,36.857142857142854,-39.24586005259968,142095.5,21130818,216162.4,5986.0,3.253420004239338
2024-07-22,3619.0,3619.0,3562.0,3563.0,186848,198705,3610.8,3628.4,3644.1,3643.366666666667,-5.676242696461486,2.5494323120697153,-8.225675008531201,34.30232558139535,39.07142857142857,-99.22882824862792,143916.4,20943970,214165.1,8728.0,4.59424035541145
2024-07-23,3558.0,3573.0,3551.0,3556.0,133709,191555,3599.6,3617.3,3641.85,3640.1833333333334,-10.770351358370135,-0.11452442201825486,-10.65582693635188,31.065088757396452,39.142857142857146,-115.03272981335262,144475.75,20810261,211858.6,-7150.0,-3.598298985933923
2024-07-24,3550.0,3575.0,3543.0,3570.0,120438,188973,3591.8,3611.7,3639.05,3636.766666666667,-13.52191396974149,-2.796002331562902,-10.725911638178587,31.671554252199414,39.714285714285715,-97.43146319035972,142576.6,20930699,209509.1,-2582.0,-1.3479157422150334
2024-07-25,3577.0,3583.0,3560.0,3562.0,126208,179716,3572.4,3602.6,3635.1,3633.2166666666667,-16.161777394949695,-5.469157344240261,-10.692620050709433,30.747126436781613,39.642857142857146,-79.83290371824377,141099.75,20804491,206926.4,-9257.0,-4.898583395511524
2024-07-26,3551.0,3610.0,3541.0,3590.0,182776,163238,3568.2,3594.8,3632.15,3630.383333333333,-15.81224842729307,-7.5377755608508235,-8.274472866442247,39.01734104046242,41.285714285714285,-59.554439917912596,145315.75,20987267,203513.3,-16478.0,-9.168910948385234
2024-07-29,3577.0,3605.0,3561.0,3602.0,134712,151402,3576.0,3593.4,3628.8,3628.266666666667,-14.400939424971966,-8.910408333675052,-5.490531091296914,40.89635854341737,42.5,-44.879602565897095,145193.75,21121979,199791.6,-11836.0,-7.250762690059909
2024-07-30,3600.0,3600.0,3552.0,3564.0,137455,138918,3577.6,3588.6,3623.45,3626.6833333333334,-16.162438760190525,-10.360814418978148,-5.801624341212378,41.24293785310734,42.5,-57.83351461589122,145604.95,20984524,195471.4,-12484.0,-8.245597812446338
2024-07-31,3555.0,3608.0,3545.0,3605.0,149242,125585,3584.6,3588.2,3619.5,3625.55,-14.087688224989051,-11.10618918018033,-2.9814990448087215,43.47826086956522,44.642857142857146,-38.29711280086988,147929.75,21133766,190361.55,-13333.0,-9.597748311953813
2024-08-01,3619.0,3646.0,3613.0,3633.0,146231,112035,3598.8,3585.6,3616.4,3624.85,-10.068009734732186,-10.898553291090701,0.8305435563585153,45.40682414698163,45.142857142857146,16.75142025687961,149677.15,21279997,184800.45,-13550.0,-10.789505116056851
2024-08-02,3632.0,3664.0,3605.0,3661.0,125001,101938,3613.0,3590.6,3614.65,3624.4666666666667,-4.57033559296633,-9.632909751465828,5.062574158499498,56.30252100840336,44.92857142857143,40.01185558451038,149491.6,21404998,178598.55,-10097.0,-9.0123622082385
2024-08-05,3630.0,3645.0,3576.0,3581.0,163787,90608,3608.8,3592.4,3610.4,3622.6666666666665,-6.592723822717744,-9.024872565716212,2.432148742998468,46.420323325635096,48.785714285714285,-14.079583228987607,149215.7,21241211,171772.85,-11330.0,-11.114599070022956
2024-08-06,3571.0,3602.0,3553.0,3568.0,95879,85085,3609.6,3593.6,3605.45,3620.9333333333334,-9.139122306736681,-9.047722513920306,-0.09139979281637522,45.372460496614,49.92857142857143,-48.902237537284904,146268.95,21145332,165138.55,-5523.0,-6.09548825710754
2024-08-07,3456.0,3499.0,3437.0,3465.0,133182,174654,3581.6,3583.1,3597.4,3617.5666666666666,-19.24653852861229,-11.087485716858703,-8.159052811753588,30.44354838709677,55.57142857142857,-149.11218804698774,144874.3,21012150,163183.45,89569.0,105.27002409355353
2024-08-08,3488.0,3506.0,3432.0,3448.0,127467,187890,3544.6,3571.7,3587.15,3614.116666666667,-28.30224595568143,-14.530437764623247,-13.77180819105818,32.47311827956989,57.07142857142857,-122.37724945370438,144138.55,20884683,162406.9,13236.0,7.578412174928717
2024-08-09,3456.0,3483.0,3444.0,3461.0,136853,191921,3504.6,3558.8,3576.8,3610.866666666667,-34.037603672551086,-18.431870946208814,-15.605732726342271,38.139534883720934,55.785714285714285,-103.42960917909399,145186.7,21021536,162172.2,4031.0,2.1454042258768347
2024-08-12,3465.0,3513.0,3452.0,3509.0,123112,188459,3490.2,3549.5,3571.45,3608.1,-34.31416480488497,-21.608329717944045,-12.705835086940922,45.010615711252655,58.57142857142857,-69.3016561510486,141506.75,21144648,161879.8,-3462.0,-1.8038672161983293
2024-08-13,3518.0,3568.0,3513.0,3554.0,161540,189753,3487.4,3548.5,3568.55,3605.116666666667,-30.550055551813784,-23.396674884717996,-7.153380667095789,48.40637450199203,60.5,-19.791736158515793,142436.1,21306188,161455.55,1294.0,0.6866214932691017
2024-08-14,3554.0,3557.0,3531.0,3538.0,138754,189966,3502.0,3541.8,3565.0,3602.3333333333335,-28.529171600811424,-24.423174227936684,-4.105997372874739,47.64705882352941,60.714285714285715,-19.826225295113733,142459.15,21167434,161218.45,213.0,0.1122511897045042
2024-08-15,3533.0,3541.0,3482.0,3496.0,161421,190308,3511.6,3528.1,3556.85,3599.116666666667,-29.971166549732516,-25.53277269229585,-4.438393857436665,41.030534351145036,60.0,-47.00394195408206,142024.15,21006013,161534.3,342.0,0.18003221629132593
2024-08-16,3509.0,3564.0,3501.0,3535.0,155444,192354,3526.4,3515.5,3553.05,3596.883333333333,-27.64827180544262,-25.955872514925208,-1.692399290517411,43.92014519056261,61.714285714285715,-18.73159096816559,142002.95,21161457,161653.15,2046.0,1.0750993126931174
2024-08-19,3505.0,3535.0,3489.0,3514.0,128159,189194,3527.4,3508.8,3550.6,3594.266666666667,-27.18847368036677,-26.202392748013523,-0.9860809323532465,45.31835205992509,61.42857142857143,-35.007012826132076,139068.5,21033298,161177.6,-3160.0,-1.6428044126974184
2024-08-20,3518.0,3530.0,3469.0,3478.0,136683,191907,3512.2,3499.8,3546.7,3591.0,-29.390187699976195,-26.83995173840606,-2.5502359615701344,37.996219281663514,61.285714285714285,-49.74989300010504,139217.2,20896615,161195.2,2713.0,1.4339778217068222
2024-08-21,3480.0,3494.0,3396.0,3433.0,200463,198047,3491.2,3496.6,3539.85,3587.733333333333,-34.36998999226262,-28.345959389177374,-6.024030603085244,31.684981684981693,65.35714285714286,-84.30292895122744,143218.45,20696152,161648.9,6140.0,3.1994664082081403
2024-08-22,3436.0,3455.0,3371.0,3400.0,226586,198760,3472.0,3491.8,3531.75,3583.0333333333333,-40.51234232961224,-30.77923597726435,-9.733106352347889,26.31578947368422,67.14285714285714,-94.64160065723512,148237.35,20469566,162601.1,713.0,0.36001555186395695
2024-08-23,3390.0,3396.0,3353.0,3371.0,191879,184096,3439.2,3482.8,3520.8,3578.016666666667,-47.17643783802487,-34.05867634941646,-13.117761488608409,29.0,64.42857142857143,-101.52196618543276,148692.5,20277687,163644.0,-14664.0,-7.377742000402499
2024-08-26,3393.0,3439.0,3344.0,3435.0,196036,160876,3423.4,3475.4,3512.45,3574.3,-46.75455895899722,-36.59785287133261,-10.15670608766461,37.93103448275862,67.71428571428571,-70.46229428253633,151758.7,20473723,164117.7,-23220.0,-12.612984529810534
2024-08-27,3475.0,3491.0,3461.0,3477.0,180230,129129,3423.2,3467.7,3508.1,3572.2,-42.540784236579384,-37.78643914438197,-4.754345092197411,51.224489795918366,62.357142857142854,-21.04095101450401,153897.45,20653953,163628.25,-31747.0,-19.733832268330886
2024-08-28,3467.0,3472.0,3430.0,3431.0,125570,116437,3422.8,3457.0,3499.4,3570.383333333333,-42.42411419210339,-38.71397415392626,-3.71014003817713,48.36223506743738,60.42857142857143,-38.2941643326843,152713.85,20528383,163170.85,-12692.0,-9.828930759163313
2024-08-29,3415.0,3450.0,3408.0,3431.0,124372,106054,3429.0,3450.5,3489.3,3569.15,-41.84924034880078,-39.34102739290117,-2.5082129558996087,47.03557312252965,60.642857142857146,-44.54900462733239,151620.9,20528383,162871.8,-10383.0,-8.91726856583388
2024-08-30,3440.0,3495.0,3440.0,3482.0,121268,96223,3451.2,3445.2,3480.35,3568.7166666666667,-36.85355012571381,-38.843531939463695,1.9899818137498855,47.347740667976424,60.857142857142854,-8.355141680793823,151434.25,20649651,162586.05,-9831.0,-9.269805947913323
2024-09-02,3480.0,3480.0,3406.0,3411.0,135528,89470,3446.4,3434.9,3471.85,3566.766666666667,-38.1833820007796,-38.71150195172687,0.5281199509472714,36.63551401869159,62.07142857142857,-39.69765728875549,150021.3,20514123,162529.15,-6753.0,-7.01807260218451
2024-09-03,3405.0,3418.0,3382.0,3395.0,100733,78802,3430.0,3426.6,3463.2,3564.4166666666665,-40.06648809092212,-38.98249917956592,-1.083988911356201,36.63551401869159,62.785714285714285,-68.00762625245888,150264.0,20413390,162215.0,-10668.0,-11.923549793226783
2024-09-04,3299.0,3309.0,3227.0,3257.0,260570,209926,3395.2,3409.0,3452.8,3559.4,-52.09380496392896,-41.60476033643853,-10.48904462749043,31.061806656101425,70.57142857142857,-143.51651291093867,156633.4,20152820,163978.6,131124.0,166.3967919595949
2024-09-05,3261.0,3267.0,3194.0,3204.0,156775,225772,3349.8,3389.4,3440.6,3553.483333333333,-65.1511751070093,-46.31404329055268,-18.837131816456612,24.341085271317823,70.92857142857143,-131.13000536240247,158098.8,19996045,165872.7,15846.0,7.54837418899994
2024-09-06,3211.0,3268.0,3208.0,3245.0,214812,218750,3302.4,3376.8,3429.8,3548.3166666666666,-71.36818960535493,-51.32487255351313,-20.043317051841797,29.774436090225564,72.21428571428571,-100.20110722009439,161996.75,20210857,167214.15,-7022.0,-3.1102173874528294
2024-09-09,3249.0,3255.0,3156.0,3186.0,228192,220470,3257.4,3351.9,3413.65,3542.35,-80.13230991482351,-57.08636002577521,-23.045949889048302,28.779069767441854,74.92857142857143,-101.44333882716342,167250.75,19982665,168814.7,1720.0,0.7862857142857171
2024-09-10,3184.0,3184.0,3025.0,3048.0,416996,235867,3188.0,3309.0,3388.35,3533.5666666666666,-97.0941442323292,-65.08791686708601,-32.00622736524319,25.352112676056336,79.42857142857143,-122.25973625738564,180023.55,19565669,171120.4,15397.0,6.983716605433843
2024-09-11,3043.0,3052.0,2961.0,3041.0,437472,226101,3144.8,3270.0,3363.5,3524.233333333333,-109.83524924767062,-74.03738334320293,-35.797865904467685,26.225165562913915,79.92857142857143,-119.37509394893294,194959.45,19128197,172927.15,-9766.0,-4.140468993119006
2024-09-12,3048.0,3110.0,2996.0,3105.0,296290,210506,3125.0,3237.4,3343.95,3515.5666666666666,-113.46049962438883,-81.92200659944012,-31.538493024948707,33.164556962025316,84.71428571428571,-87.8562901016465,201702.9,19424487,173937.05,-15595.0,-6.897360029367405
2024-09-13,3095.0,3131.0,3085.0,3110.0,190675,204375,3098.0,3200.2,3322.7,3507.3166666666666,-114.60893795800712,-88.45939287115353,-26.149545086853593,27.770177838577297,81.21428571428571,-67.98978744330766,203464.45,19615162,174538.1,-6131.0,-2.912506056834485
2024-09-18,3130.0,3160.0,3079.0,3109.0,179334,204725,3082.6,3170.0,3302.45,3499.05,-114.28239889792985,-93.6239940765088,-20.65840482142106,23.33333333333333,83.0,-59.417188679879764,206023.2,19435828,175314.65,350.0,0.1712538226299687
2024-09-19,3105.0,3131.0,3060.0,3131.0,245457,203907,3099.2,3143.6,3285.1,3491.2166666666667,-110.96921417681097,-97.09303809656923,-13.876176080241734,27.47747747747748,84.71428571428571,-56.29343089764138,211461.9,19681285,175914.65,-818.0,-0.39956038588350173
2024-09-20,3151.0,3152.0,3055.0,3115.0,278118,208653,3114.0,3129.4,3269.2,3482.7,-108.38516102861968,-99.35146268297932,-9.03369834564036,26.832844574780054,88.64285714285714,-50.91458994168848,215344.65,19403167,176444.95,4746.0,2.3275316688490255
2024-09-23,3101.0,3125.0,3066.0,3077.0,257779,207873,3108.4,3116.7,3253.05,3473.3,-108.15679846489638,-101.11252983936274,-7.044268625533647,19.73094170403587,88.28571428571429,-51.14676484643887,216904.3,19145388,176900.6,-780.0,-0.3738264007706604
2024-09-24,3073.0,3179.0,3070.0,3174.0,331596,193374,3121.2,3109.6,3243.2,3465.383333333333,-99.00743408061226,-100.69151068761265,1.6840766070003923,32.94964028776978,90.64285714285714,-31.52439204423372,223890.15,19476984,177364.5,-14499.0,-6.9749318093258905
2024-09-25,3185.0,3226.0,3145.0,3154.0,273836,173273,3130.2,3106.4,3229.15,3456.8,-92.30628039969952,-99.01446463003002,6.708184230330502,32.76108726752504,93.85714285714286,-17.69618583619499,227780.15,19203148,177984.35,-20101.0,-10.394882455759301
2024-09-26,3128.0,3149.0,3081.0,3123.0,329559,133307,3128.6,3113.9,3211.45,3447.6666666666665,-88.47709981893058,-96.90699166781015,8.429891848879564,38.682432432432435,87.07142857142857,-32.402402509871585,235246.6,18873589,178193.25,-39966.0,-23.06533620356316
2024-09-27,3119.0,3143.0,3083.0,3125.0,264238,99764,3130.6,3122.3,3196.15,3438.35,-84.30919936597502,-94.38743320744314,10.07823384146812,42.698706099815155,86.14285714285714,-28.874598148089042,242180.0,19137827,177359.6,-33543.0,-25.16221953835882
2024-09-30,3112.0,3251.0,3072.0,3190.0,331559,76543,3153.2,3130.8,3184.1,3429.9333333333334,-74.89777651119857,-90.48950186819422,15.591725356995653,45.13274336283186,94.35714285714286,-4.675014611692687,252539.35,19469386,175884.05,-23221.0,-23.2759311976264
2024-10-08,3448.0,3458.0,3308.0,3328.0,200901,70968,3184.0,3152.6,3176.4,3423.8,-55.66207169322661,-83.5240158332007,27.8619441399741,61.0248447204969,106.42857142857143,82.90258352659268,256521.0,19670287,174621.3,-5575.0,-7.283487712788894
2024-10-09,3328.0,3334.0,3272.0,3315.0,152632,63314,3216.2,3173.2,3171.6,3417.95,-40.99407422395279,-75.01802751135114,34.02395328739834,75.72254335260115,99.35714285714286,67.34865348430472,257376.2,19517655,173313.5,-7654.0,-10.785142599481457
2024-10-10,3304.0,3338.0,3275.0,3304.0,134888,58556,3252.4,3190.5,3167.05,3411.9,-29.91237735516006,-65.99689748011292,36.08452012495286,75.14340344168261,97.35714285714286,75.96479807698948,259083.95,19382767,172301.2,-4758.0,-7.514925608870071
2024-10-11,3320.0,3364.0,3311.0,3330.0,132731,54769,3293.4,3212.0,3170.7,3406.9666666666667,-18.815180351346044,-56.56055405435955,37.745373703013506,73.19587628865979,93.5,85.21089637249403,252692.0,19515498,164543.35,-3787.0,-6.46731334107521
2024-10-14,3345.0,3400.0,3297.0,3371.0,145508,50222,3329.6,3241.4,3179.05,3402.266666666667,-6.635721954040946,-46.57558763429583,39.93986568025488,75.04798464491363,97.57142857142857,85.44171086802143,252128.65,19661006,155765.85,-4547.0,-8.302141722507262
2024-10-15,3377.0,3422.0,3308.0,3339.0,136526,48835,3331.8,3257.9,3183.75,3396.7833333333333,0.4295029664008325,-37.1745695141565,37.604072480557335,70.83333333333333,99.92857142857143,77.87066055975342,248214.35,19524480,147270.1,-1387.0,-2.761737883795945
2024-10-16,3331.0,3386.0,3304.0,3310.0,102472,46287,3330.8,3273.5,3189.95,3391.6833333333334,3.646650662286447,-29.010325478867916,32.65697614115436,66.01073345259391,100.71428571428571,61.810508335095015,241928.35,19422008,138560.95,-2548.0,-5.217569366233232
2024-10-17,3258.0,3278.0,3212.0,3214.0,144900,122801,3312.8,3282.6,3198.25,3385.05,-1.5324689567460155,-23.51475417444354,21.982285217697523,57.74647887323944,100.78571428571429,16.645874765399448,228323.55,19277108,132907.65,76514.0,165.30343292933222
2024-10-18,3220.0,3290.0,3218.0,3273.0,156913,129066,3301.4,3297.4,3209.85,3379.45,-0.8661670177348242,-18.985036743101798,18.118869725366974,64.84848484848484,102.0,24.104581284403864,214295.6,19434021,128055.9,6265.0,5.101749985749304
2024-10-21,3272.0,3281.0,3189.0,3213.0,176854,119987,3269.8,3299.7,3215.25,3372.016666666667,-5.120589521156489,-16.212147298712736,11.091557777556247,53.13001605136436,100.78571428571429,5.443901582123392,208323.8,19257167,123529.95,-9079.0,-7.034385508189612
2024-10-22,3236.0,3257.0,3215.0,3225.0,120202,120607,3247.0,3289.4,3221.0,3365.5833333333335,-7.438207271459305,-14.457359293262051,7.019152021802746,55.77235772357724,98.14285714285714,4.852417953415719,204800.15,19377369,119341.55,620.0,0.5167226449531936
2024-10-23,3240.0,3345.0,3234.0,3312.0,246396,139573,3247.4,3289.1,3231.15,3361.4,-2.2290678191734514,-12.011700998444333,9.782633179270881,64.08345752608048,101.5,33.65151779346618,208153.25,19623765,116083.95,18966.0,15.725455404744327
2024-10-24,3299.0,3326.0,3272.0,3312.0,133918,143935,3267.0,3289.9,3240.2,3357.3333333333335,1.8775692767108012,-9.233846943413308,11.11141622012411,63.97608370702541,101.07142857142857,33.02031911004702,202576.3,19623765,113085.35,4362.0,3.125246286889305
2024-10-25,3312.0,3333.0,3272.0,3284.0,148406,129911,3269.2,3285.3,3248.65,3352.5666666666666,2.8400049583674445,-6.819076563057158,9.659081521424604,57.43670886075949,92.64285714285714,25.55125442410727,196090.7,19475359,109148.25,-14024.0,-9.743286900336956
2024-10-28,3297.0,3316.0,3209.0,3261.0,178317,120379,3278.8,3274.3,3257.85,3347.55,1.7269274444697658,-5.109875761551773,6.836803206021539,43.52030947775629,81.14285714285714,1.4572272510574202,192117.6,19297042,104773.55,-9532.0,-7.337330941952569
2024-10-29,3239.0,3268.0,3216.0,3231.0,161099,115806,3280.0,3263.5,3260.7,3341.5666666666666,-1.5579843107993838,-4.399497471401295,2.8415131606019113,42.134831460674164,80.42857142857143,-17.400906726466424,183592.75,19135943,100895.15,-4573.0,-3.7988353450352674
2024-10-30,3251.0,3266.0,3208.0,3263.0,157248,104955,3270.2,3258.8,3266.15,3335.9166666666665,-1.5611717622409742,-3.831832329569231,2.2706605673282567,46.30630630630631,80.07142857142857,-15.455581780871997,177763.35,19293191,97479.25,-10851.0,-9.369980830008807
2024-10-31,3279.0,3316.0,3273.0,3277.0,160557,106066,3263.2,3265.1,3273.85,3331.133333333333,-0.42906880525379165,-3.1512796247061434,2.7222108194523518,45.11970534069982,79.57142857142857,9.519068032770395,169313.25,19453748,96117.2,1111.0,1.05854890191035
2024-11-01,3279.0,3298.0,3268.0,3276.0,99959,97303,3261.6,3265.4,3281.4,3325.65,0.38302403916986805,-2.4444188919309413,2.8274429311008094,40.55666003976143,74.35714285714286,-4.056513465130788,161099.3,19353789,95994.15,-8763.0,-8.261836969434121
2024-11-04,3290.0,3290.0,3260.0,3276.0,78800,90411,3264.6,3271.7,3285.7,3319.7,1.0149141703946043,-1.7525522794658324,2.7674664498604367,43.31210191082803,68.35714285714286,-16.887203891715203,148461.35,19353789,96687.55,-6892.0,-7.083029300227128
2024-11-05,3276.0,3316.0,3263.0,3301.0,265181,203212,3278.6,3279.3,3284.35,3313.7,3.4927208068756954,-0.7034976621975269,4.196218469073222,49.03640256959315,66.28571428571429,8.64766372150421,151675.35,19618970,103299.75,112801.0,124.76468571302166
2024-11-06,3316.0,3369.0,3289.0,3302.0,312405,227598,3286.4,3278.3,3283.7,3309.05,5.473991296348686,0.5320001295117157,4.94199116683697,61.82795698924731,65.0,40.86384881541538,159664.0,19931375,111513.95,24386.0,12.000275574277119
2024-11-07,3300.0,3383.0,3272.0,3365.0,238843,247968,3304.0,3283.6,3286.75,3305.6666666666665,11.989528103812063,2.8235057243717856,9.166022379440278,62.23404255319149,67.5,61.23608320682537,164861.75,20170218,120984.55,20370.0,8.949990773205396
2024-11-08,3342.0,3379.0,3326.0,3345.0,216393,252926,3317.8,3289.7,3287.5,3303.6666666666665,15.362219014459242,5.331248382389278,10.030970632069964,69.64285714285714,64.71428571428571,70.62115913350014,169044.85,19953825,130892.4,4958.0,1.9994515421344783
2024-11-11,3335.0,3371.0,3317.0,3364.0,227097,251492,3335.4,3300.0,3287.15,3302.266666666667,19.34524216081263,8.13404713807395,11.211195022738682,70.26239067055394,65.42857142857143,72.42493932725229,173124.3,20180922,140955.9,-1434.0,-0.56696425041316
2024-11-12,3333.0,3344.0,3296.0,3317.0,229325,238965,3338.6,3308.6,3286.05,3299.866666666667,18.496097991593615,10.206457308777884,8.289640682815731,50.82508250825083,61.714285714285715,39.44462524799234,177764.25,19951597,150462.4,-12527.0,-4.981072956595045
2024-11-13,3332.0,3360.0,3313.0,3329.0,170452,239810,3344.0,3315.2,3287.0,3296.866666666667,18.577297312101564,11.88062530944262,6.696672002658945,52.698412698412696,61.214285714285715,58.087656645982335,181163.25,20122049,160138.55,845.0,0.3536082689933773
2024-11-14,3331.0,3341.0,3281.0,3294.0,202811,231661,3329.8,3316.9,3291.0,3292.5333333333333,15.637185129455702,12.631937273445237,3.005247856010465,51.552795031055894,61.142857142857146,18.747765461011454,184058.8,19919238,165581.55,-8149.0,-3.3981068345773746
2024-11-15,3312.0,3344.0,3260.0,3262.0,228988,226376,3313.2,3315.5,3290.45,3287.9333333333334,10.602770341007272,12.226103886957645,-1.6233335459503735,50.151057401812686,59.5,-4.993411356579709,187662.55,19690250,170447.05,-5285.0,-2.281350766853285
2024-11-18,3290.0,3304.0,3225.0,3301.0,203238,224069,3300.6,3318.0,3294.85,3284.6833333333334,9.648710089761153,11.710625127518348,-2.0619150377571955,60.294117647058826,61.42857142857143,-26.31289196638812,188981.75,19893488,175651.15,-2307.0,-1.0191009647665839
2024-11-19,3312.0,3360.0,3279.0,3340.0,228016,242793,3305.2,3321.9,3300.6,3281.4333333333334,11.902381287904518,11.748976359595583,0.1534049283089356,61.09510086455332,63.07142857142857,41.923570363002256,194372.45,20121504,181760.45,18724.0,8.356354515796482
2024-11-20,3332.0,3362.0,3322.0,3360.0,164997,246556,3311.4,3327.7,3303.0,3278.866666666667,15.127880018212181,12.424757091318902,2.703122926893279,61.756373937677054,62.142857142857146,68.08605664695577,190302.5,20286501,187109.6,3763.0,1.549879938877985
2024-11-21,3371.0,3399.0,3350.0,3367.0,182002,248958,3326.0,3327.9,3305.75,3277.016666666667,18.040987228358972,13.548003118726918,4.492984109632054,62.6740947075209,63.5,89.44162147266191,192706.7,20468503,192360.75,2402.0,0.9742208666591035
2024-11-22,3406.0,3412.0,3379.0,3393.0,186679,247532,3352.2,3332.7,3311.2,3276.35,22.19181496020201,15.276765487021937,6.915049473180073,65.19480519480518,64.57142857142857,100.12516940993042,194620.35,20655182,198241.8,-1426.0,-0.5727873777906289
2024-11-25,3375.0,3407.0,3365.0,3397.0,185844,233565,3371.4,3336.0,3318.0,3276.3,25.510078112385145,17.32342801209458,8.186650100290564,63.18681318681318,63.785714285714285,82.84048400032677,194996.7,20841026,203901.1,-13967.0,-5.642502787518378
2024-11-26,3409.0,3413.0,3354.0,3392.0,200202,206692,3381.8,3343.5,3326.05,3276.65,27.420283395577826,19.34279908879123,8.077484306786594,62.22826086956522,62.285714285714285,73.0930728751315,196951.85,20640824,208445.4,-26873.0,-11.505576606083956
2024-11-27,3407.0,3432.0,3396.0,3402.0,197450,192673,3390.2,3350.8,3333.0,3276.1,29.40212191208957,21.3546636534509,8.04745825863867,55.87301587301587,57.214285714285715,91.5136355261379,198961.95,20838274,212831.3,-14019.0,-6.782555686722269
2024-11-28,3393.0,3446.0,3392.0,3437.0,179676,194339,3404.2,3365.1,3341.0,3275.4333333333334,33.41180027218206,23.76609097719713,9.645709294984933,63.93939393939394,57.285714285714285,93.62987519684418,199917.9,21017950,217244.95,1666.0,0.8646774586994477
2024-11-29,3465.0,3523.0,3443.0,3512.0,201672,190362,3428.0,3390.1,3352.8,3276.7833333333333,42.155430893084485,27.4439589603746,14.711471932709884,69.17098445595855,59.57142857142857,129.60180294596898,205003.55,21219622,221897.9,-3977.0,-2.0464240322323413
2024-12-02,3515.0,3630.0,3509.0,3534.0,420859,181000,3455.4,3413.4,3365.7,3278.5,50.280435728343036,32.01125431396829,18.26918141437475,80.05540166204986,63.357142857142854,139.7023857245891,222106.5,21640481,226427.35,-9362.0,-4.917998340004837
2024-12-03,3548.0,3562.0,3512.0,3555.0,221234,166047,3488.0,3434.9,3378.4,3279.7166666666667,57.74839751404852,37.15868295398433,20.589714560064188,80.54054054054055,63.57142857142857,106.9179025914923,219909.15,21861715,224569.1,-14953.0,-8.26132596685083
2024-12-04,3571.0,3606.0,3554.0,3580.0,226168,160329,3523.6,3456.9,3392.3,3282.5333333333333,64.9355653232019,42.71405942782785,22.22150589537405,89.72222222222223,63.0,107.18705331381659,215597.3,22087883,221205.65,-5718.0,-3.4436033171331037
2024-12-05,3569.0,3595.0,3523.0,3529.0,171708,149477,3542.0,3473.1,3400.5,3284.766666666667,65.75815474264527,47.32287849079133,18.435276251853942,85.22427440633246,62.142857142857146,78.59345094667013,212240.55,21916175,216281.1,-10852.0,-6.768582103050602
2024-12-06,3526.0,3540.0,3491.0,3512.0,165158,135179,3542.0,3485.0,3408.85,3289.016666666667,64.29712759556878,50.717728311746825,13.579399283821957,79.55182072829132,60.0,54.528313181199124,209678.8,21751017,210393.75,-14298.0,-9.565351191153148
2024-12-09,3493.0,3519.0,3481.0,3495.0,132849,123288,3534.2,3494.8,3415.4,3293.866666666667,61.06359205189847,52.78690105977716,8.27669099212131,73.13432835820896,56.92857142857143,42.08576694669408,204966.4,21618168,203983.55,-11891.0,-8.796484661079019
2024-12-10,3549.0,3554.0,3458.0,3476.0,263043,270384,3518.4,3503.2,3423.35,3297.7166666666667,56.31864435185025,53.493249718191784,2.825394633658469,67.36526946107784,60.92857142857143,36.84607689243619,206652.3,21355125,205554.5,147096.0,119.31088183764844
2024-12-11,3464.0,3502.0,3455.0,3473.0,209859,270521,3497.0,3510.3,3430.55,3302.5,51.71996858284592,53.13859349112262,-1.4186249082766977,66.06060606060606,60.785714285714285,23.65853186487698,208622.65,21145266,207090.05,137.0,0.0506686786200472
2024-12-12,3485.0,3532.0,3470.0,3510.0,244983,278602,3493.2,3517.6,3441.35,3310.2,50.47918308196904,52.60671140929191,-2.127528327322871,67.15542521994135,62.0,34.043589169364076,210731.25,21390249,209437.1,8081.0,2.9871987756957763
2024-12-13,3510.0,3522.0,3492.0,3512.0,187308,273979,3493.2,3517.6,3453.85,3318.05,49.09134050342482,51.9036372281185,-2.812296724693681,66.96165191740414,61.142857142857146,32.849975736047035,208647.25,21577557,211817.25,-4623.0,-1.6593563578150894
2024-12-16,3529.0,3534.0,3485.0,3522.0,232384,274238,3498.6,3516.4,3464.9,3325.0,48.242274773757345,51.17136473724627,-2.929089963488927,68.8953488372093,60.42857142857143,32.56665877970407,210104.55,21809941,214325.7,259.0,0.09453279265929648
2024-12-17,3510.0,3526.0,3492.0,3522.0,162525,272080,3507.8,3513.1,3474.0,3331.866666666667,47.02728282289263,50.34254835437555,-3.315265531482922,67.96407185628743,60.0,28.70692795188425,206830.0,21809941,215790.05,-2158.0,-0.7869077224892274
2024-12-18,3502.0,3509.0,3472.0,3496.0,208092,264824,3512.4,3504.7,3480.8,3338.3166666666666,43.465368527224655,48.967112388945374,-5.501743861720719,59.07692307692307,59.714285714285715,9.169037524913277,208984.75,21601849,216703.45,-7256.0,-2.666862687444871
2024-12-19,3524.0,3571.0,3500.0,3528.0,321187,268105,3516.0,3504.6,3488.85,3344.9333333333334,42.73206965139116,47.720103841434536,-4.988034190043379,52.836879432624116,58.92857142857143,38.020070105673305,215944.0,21923036,217660.8,3281.0,1.2389360480923095
2024-12-20,3520.0,3549.0,3501.0,3534.0,229144,263584,3520.4,3506.8,3495.9,3351.9166666666665,42.14920506603539,46.60592408635471,-4.456719020319319,50.0,53.714285714285715,29.958776287262534,218067.25,22152180,218463.4,-4521.0,-1.6862796292497317
2024-12-23,3524.0,3549.0,3492.0,3538.0,238151,252441,3523.6,3511.1,3502.95,3359.6,41.53130027618681,45.59099932432113,-4.05969904813432,46.58634538152611,54.214285714285715,24.735536290000056,220682.6,22390331,219407.2,-11143.0,-4.227494840354495
2024-12-24,3525.0,3533.0,3508.0,3521.0,143585,234752,3523.4,3515.6,3509.4,3365.383333333333,39.2177703094826,44.31635352135343,-5.0985832118708245,37.75933609958506,52.642857142857146,14.425558841600708,217851.75,22246746,220810.2,-17689.0,-7.0071818761611615
2024-12-25,3530.0,3565.0,3521.0,3532.0,190314,209778,3530.6,3521.5,3515.9,3371.6833333333334,37.83574232634419,43.02023128235158,-5.184488956007392,50.74626865671642,50.642857142857146,36.02949037299004,217494.95,22437060,221665.45,-24974.0,-10.63846101417666
2024-12-26,3532.0,3560.0,3525.0,3544.0,158586,184161,3533.8,3524.9,3521.25,3378.7,37.2790452760064,41.87199408108255,-4.592948805076148,58.16326530612245,49.642857142857146,41.98348949362739,216440.45,22595646,221156.55,-25617.0,-12.211480708177213
2024-12-27,3546.0,3611.0,3544.0,3558.0,290121,165221,3538.6,3529.5,3523.55,3385.9166666666665,37.53486331034583,41.00456792693521,-3.4697046165893823,66.32124352331606,51.714285714285715,84.66430953378593,220862.9,22885767,219899.5,-18940.0,-10.284479341445795
2024-12-30,3588.0,3627.0,3571.0,3624.0,245861,147232,3555.8,3539.7,3528.05,3393.15,42.57250008015217,41.3181543575786,1.254345722573568,80.83333333333333,49.785714285714285,124.56348326912926,212113.0,23131628,218211.1,-17989.0,-10.887841133996279
2024-12-31,3625.0,3691.0,3623.0,3689.0,226228,133338,3589.4,3556.4,3534.75,3399.1666666666665,51.21939498435768,43.29840248293442,7.920992501423257,85.76158940397352,51.285714285714285,149.59894905980485,212362.7,23357856,216575.65,-13894.0,-9.43680721582265
2025-01-02,3697.0,3727.0,3649.0,3669.0,132784,120234,3616.8,3573.7,3539.2,3405.0666666666666,55.81488933968285,45.80169985428411,10.01318948539874,77.89473684210526,52.42857142857143,130.0485347734598,207693.5,23225072,214570.9,-13104.0,-9.827656032038877
2025-01-03,3689.0,3707.0,3669.0,3678.0,128077,114668,3643.6,3588.7,3546.65,3411.3,59.497229483146384,48.54080578005657,10.956423703089811,78.42465753424658,53.0,108.81899546965641,205511.95,23353149,212830.45,-5566.0,-4.62930618627011
2025-01-06,3675.0,3687.0,3609.0,3610.0,158661,100173,3654.0,3596.3,3551.55,3415.9666666666667,56.27972128234842,50.08858888051494,6.191132401833478,62.57142857142857,55.07142857142857,62.86125673593546,205187.1,23194488,211080.15,-14495.0,-12.640841385565283
2025-01-07,3615.0,3636.0,3572.0,3578.0,125884,87705,3644.8,3600.3,3555.7,3419.4166666666665,50.56481062608418,50.183833229628796,0.38097739645538553,57.32984293193717,57.214285714285715,29.270406671294783,204838.85,23068604,209301.0,-12468.0,-12.446467611032908
2025-01-08,3615.0,3638.0,3580.0,3615.0,219123,243165,3630.0,3609.7,3562.65,3424.016666666667,48.462646315608254,49.839595846824686,-1.3769495312164324,65.13994910941474,57.92857142857143,37.15165581861534,202642.85,23287727,207940.05,155460.0,177.25329228664273
2025-01-09,3608.0,3656.0,3590.0,3649.0,266381,257647,3626.0,3621.4,3571.45,3429.6666666666665,48.97562132802068,49.66680094306389,-0.691179615043211,65.31645569620252,57.285714285714285,48.239285326989766,205468.95,23554108,207296.35,14482.0,5.95562683774391
2025-01-10,3668.0,3705.0,3631.0,3691.0,246808,274458,3628.6,3636.1,3580.5,3437.616666666667,52.16982543942004,50.16740584233513,2.0024195970849092,68.21345707656613,59.142857142857146,73.66702311673941,205560.2,23800916,207089.15,16811.0,6.524818841282842
2025-01-13,3728.0,3846.0,3728.0,3807.0,410767,282616,3668.0,3661.0,3595.25,3446.516666666667,63.33144033650569,52.80021274116925,10.531227595336446,74.76979742173111,66.14285714285714,126.68434349194689,216733.15,24211683,207521.0,8158.0,2.9724037922013613
2025-01-14,3793.0,3799.0,3691.0,3748.0,426397,272435,3702.0,3673.4,3606.55,3455.4333333333334,66.64801679050197,55.569773551035794,11.078243239466175,69.4017094017094,72.28571428571429,84.28692070214642,226433.8,23785286,207430.85,-10181.0,-3.6024145837461385
2025-01-15,3749.0,3797.0,3726.0,3795.0,300020,282617,3738.0,3684.0,3620.2,3464.9333333333334,72.23624031667532,58.90306690416371,13.333173412511613,71.17552334943639,74.21428571428571,87.24550102390651,233308.55,24085306,207957.7,10182.0,3.737405252629067
2025-01-16,3822.0,3860.0,3765.0,3847.0,395579,291934,3777.6,3701.8,3637.75,3473.85,79.93942125237618,63.11033777380621,16.82908347856997,72.9198184568835,78.5,99.95742654673302,242682.9,24480885,209313.2,9317.0,3.29668774348324
2025-01-17,3818.0,3837.0,3781.0,3795.0,311879,275858,3798.4,3713.5,3651.1,3481.9,80.91553826749941,66.67137787254485,14.244160394954562,66.95278969957081,78.42857142857143,79.05918120873973,242217.5,24169006,209700.85,-16076.0,-5.506724122575646
2025-01-20,3771.0,3782.0,3721.0,3735.0,318051,247817,3784.0,3726.0,3661.15,3489.4166666666665,75.97186312815165,68.53147492366622,7.44038820448543,58.00865800865802,78.78571428571429,44.9285592776335,246662.85,23850955,208912.5,-28041.0,-10.165012433933395
2025-01-21,3748.0,3771.0,3727.0,3736.0,208828,238138,3781.6,3741.8,3671.05,3497.3333333333335,71.31260923688887,69.08770178631076,2.2249074505781152,53.736089030206685,77.07142857142857,40.04863820588956,245196.7,24059783,208197.35,-9679.0,-3.905704612677907
2025-01-22,3717.0,3771.0,3704.0,3749.0,260748,238487,3772.4,3755.2,3682.45,3505.9666666666667,67.88655437351326,68.84747230375126,-0.9609179302379971,56.430868167202576,76.28571428571429,34.45692244046049,251054.85,24320531,208384.1,349.0,0.1465536789592603
2025-01-23,3764.0,3765.0,3727.0,3739.0,170892,226719,3750.8,3764.2,3692.8,3513.9,63.630966610201995,67.80417116504141,-4.173204554839415,54.895666131621184,76.28571428571429,32.01754115175347,250083.75,24149639,209231.15,-11768.0,-4.9344408709908745
2025-01-24,3757.0,3771.0,3707.0,3750.0,185263,209482,3741.8,3770.1,3703.1,3521.7833333333333,60.449170310055706,66.33317099404428,-5.884000683988575,62.36749116607774,75.28571428571429,27.734680119903633,251417.6,24334902,210497.2,-17237.0,-7.602803470375219
2025-01-27,3755.0,3760.0,3680.0,3715.0,203805,178696,3737.8,3760.9,3710.95,3529.1,54.475407735182216,63.961618342271876,-9.48621060708966,62.03866432337434,76.42857142857143,7.251432441248517,247101.8,24131097,211170.95,-30786.0,-14.696250751854578
2025-02-05,3700.0,3802.0,3690.0,3797.0,161505,185192,3750.0,3765.8,3719.6,3537.7833333333333,55.71561759549331,62.31241819291617,-6.596800597422856,64.82084690553745,80.14285714285714,35.865799365435194,242884.0,24292602,213068.95,6496.0,3.63522406769039
2025-02-06,3775.0,3794.0,3753.0,3779.0,140351,183905,3756.0,3764.2,3724.1,3545.75,54.6164587385224,60.77322630203742,-6.156767563515025,60.869565217391305,78.57142857142857,41.0443499671591,238590.15,24152251,215597.3,-1287.0,-0.6949544256771301
2025-02-07,3785.0,3829.0,3775.0,3812.0,158270,181196,3770.6,3760.7,3731.25,3554.25,55.765363238178,59.771653689265534,-4.006290451087537,60.27164685908319,77.14285714285714,57.59586551198217,239864.45,24310521,218645.4,-2709.0,-1.473043147277131
2025-02-10,3802.0,3804.0,3766.0,3778.0,184431,172558,3776.2,3759.0,3736.25,3561.133333333333,53.317748663968814,58.48087268420619,-5.163124020237376,47.14003944773176,69.35714285714286,36.98932618001017,242682.15,24126090,221539.9,-8638.0,-4.767213404269411
2025-02-11,3790.0,3817.0,3772.0,3776.0,165937,157978,3788.4,3763.1,3744.55,3568.3166666666666,50.632948086865326,56.91128776473802,-6.278339677872694,53.111111111111114,64.28571428571429,37.17102558784338,243045.95,23960153,224430.15,-14580.0,-8.449332977897283
2025-02-12,3791.0,3820.0,3782.0,3815.0,127887,150329,3792.0,3771.0,3756.4,3575.8333333333335,51.06356930894208,55.741744073578836,-4.678174764636758,52.262443438914026,62.357142857142854,48.64591008015229,243146.1,24088040,227561.35,-7649.0,-4.841813417058072
2025-02-13,3805.0,3885.0,3734.0,3774.0,267402,133880,3791.0,3773.5,3764.35,3583.45,47.5483743198688,54.103070122836826,-6.554695802968027,41.53132250580047,66.35714285714286,40.23488381404217,245560.05,23820638,222097.1,-16449.0,-10.942000545470265
2025-02-14,3755.0,3846.0,3755.0,3827.0,183799,124337,3794.0,3782.3,3773.25,3591.75,48.48036258404454,52.978528615078375,-4.498166031033833,53.70370370370371,68.14285714285714,54.83827202959969,241430.95,24004437,215431.6,-9543.0,-7.128025097101887
2025-02-17,3849.0,3873.0,3813.0,3848.0,242228,258307,3808.0,3792.1,3781.1,3600.983333333333,50.333283730232324,52.44947963810917,-2.1161959078768433,64.37659033078882,67.14285714285714,100.45880796229629,241201.95,24246665,214624.05,133970.0,107.74749270128763
2025-02-18,3848.0,3858.0,3817.0,3841.0,215036,260352,3821.0,3804.7,3782.8,3610.633333333333,50.6529993435679,52.09018357920092,-1.4371842356330191,63.15789473684211,66.92857142857143,81.85421737870236,231415.4,24031629,213510.85,2045.0,0.791693604896504
2025-02-19,3834.0,3865.0,3824.0,3851.0,202363,260808,3828.2,3810.1,3787.95,3619.8,51.123967424175135,51.89694034819576,-0.7729729240206282,62.878787878787875,65.07142857142857,81.41100331432477,220213.7,24233992,212929.5,456.0,0.17514749262537155
2025-02-20,3857.0,3900.0,3847.0,3896.0,275373,280868,3852.6,3821.8,3793.0,3629.0666666666666,54.50009378448931,52.41757103545448,2.0825227490348297,68.21345707656613,66.14285714285714,104.32809267236185,218981.35,24509365,212842.05,20060.0,7.691481856384774
2025-02-21,3909.0,3909.0,3855.0,3858.0,218325,251002,3858.8,3826.4,3793.55,3637.366666666667,53.492784308558385,52.63261369007527,0.8601706184831173,61.79039301310044,65.42857142857143,86.73806136788146,210118.65,24291040,210795.45,-29866.0,-10.633464830454164
2025-02-24,3850.0,3864.0,3772.0,3776.0,305738,212088,3844.4,3826.2,3792.6,3644.1833333333334,45.552666806805064,51.21662431342123,-5.663957506616164,56.03960396039604,66.28571428571429,12.105337295172799,209811.6,23985302,207606.95,-38914.0,-15.503462123807775
2025-02-25,3760.0,3798.0,3741.0,3765.0,342071,191475,3829.2,3825.1,3794.1,3650.383333333333,37.93516543868782,48.560332538474555,-10.625167099786736,46.313364055299544,62.357142857142854,-28.00291913553159,211012.6,23643231,204789.85,-20613.0,-9.719078872920672
2025-02-26,3741.0,3753.0,3694.0,3709.0,324107,153338,3800.8,3814.5,3792.75,3655.5833333333335,27.067491541288746,44.2617643390374,-17.194272797748653,42.58474576271186,64.28571428571429,-77.22638363261757,216776.55,23319124,200549.85,-38137.0,-19.917482700091394
2025-02-27,3697.0,3715.0,3635.0,3667.0,367203,134447,3755.0,3803.8,3788.65,3660.1666666666665,14.894043427471843,38.388220156724294,-23.49417672925245,34.92723492723492,66.14285714285714,-108.48384692999169,222099.3,22951921,195347.85,-18891.0,-12.319842439577922
2025-02-28,3681.0,3697.0,3673.0,3689.0,183579,124066,3721.2,3790.0,3786.15,3664.95,6.94169469525059,32.098915064429555,-25.157220369178965,40.511727078891255,65.0,-86.4814826644358,222733.65,23135500,190215.2,-10381.0,-7.721258190960012
2025-03-03,3674.0,3707.0,3664.0,3674.0,178791,114819,3700.8,3772.6,3782.35,3668.9,-0.5644667866349664,25.566238694216654,-26.13070548085162,39.419087136929456,64.85714285714286,-82.31973851510087,222410.05,22956709,185482.05,-9247.0,-7.4532909902793705
2025-03-04,3679.0,3679.0,3555.0,3574.0,272152,98186,3662.6,3745.9,3775.3,3669.9333333333334,-14.41613784182573,17.569763387008177,-31.985901228833907,27.80847145488029,70.57142857142857,-120.48819806250842,225827.4,22684557,181456.55,-16633.0,-14.486278403400132
2025-03-05,3550.0,3571.0,3540.0,3568.0,152733,92268,3634.4,3717.6,3763.85,3670.5,-25.582932681741113,8.939224173258319,-34.52215685499943,29.724409448818903,62.214285714285715,-118.79462132618042,225388.8,22531824,176810.35,-5918.0,-6.027335872731343
2025-03-06,3542.0,3579.0,3514.0,3576.0,162046,84293,3616.2,3685.6,3753.7,3670.85,-33.402125987295676,0.4709541411475202,-33.8730801284432,22.894168466522686,60.357142857142854,-100.76446020609563,226473.55,22693870,171829.75,-7975.0,-8.643299952312834
2025-03-07,3535.0,3551.0,3509.0,3534.0,188875,208288,3585.2,3653.2,3739.8,3670.0833333333335,-42.49805093053874,-8.122846873189733,-34.37520405734901,17.56198347107437,60.857142857142854,-95.69972579307057,228003.8,22504995,173184.35,123995.0,147.0999964409856
2025-03-10,3565.0,3570.0,3496.0,3505.0,277669,218547,3551.4,3626.1,3726.15,3669.6833333333334,-51.453569892560154,-16.788991477063817,-34.66457841549634,16.798418972332016,63.214285714285715,-85.69209372182706,232665.7,22227326,175483.8,10259.0,4.9253917652481105
2025-03-11,3518.0,3523.0,3464.0,3486.0,256665,231442,3533.8,3598.2,3711.65,3669.25,-59.39930617457094,-25.31105441656524,-34.0882517580057,14.5631067961165,64.5,-85.74998333656697,237202.1,21970661,179157.0,12895.0,5.9003326515577825
2025-03-12,3511.0,3545.0,3501.0,3510.0,304311,230964,3522.2,3578.3,3696.4,3669.5,-63.033153048800614,-32.855474143012316,-30.177678905788298,10.931174089068833,64.92857142857143,-66.99691964518397,246023.3,22274972,183188.75,-478.0,-0.20653122596590023
2025-03-13,3531.0,3546.0,3505.0,3511.0,233720,223679,3509.2,3562.7,3683.25,3670.0833333333335,-65.08208546537571,-39.300796407484995,-25.781289057890717,12.035010940919037,64.0,-59.555502165052395,244339.2,22508692,187678.7,-7285.0,-3.154171212829704
2025-03-14,3501.0,3520.0,3486.0,3513.0,248091,226631,3505.0,3545.1,3667.55,3670.75,-65.78615404855736,-44.59786793569947,-21.188286112857895,15.119363395225477,59.857142857142854,-58.26097992180355,247553.8,22756783,192793.4,2952.0,1.319748389433073
2025-03-17,3506.0,3533.0,3466.0,3517.0,307319,220274,3507.4,3529.4,3651.0,3670.866666666667,-65.26898665306089,-48.73209167917175,-16.53689497388914,16.486486486486484,60.57142857142857,-53.202439065984876,250808.35,23064102,190891.75,-6357.0,-2.8050001985606587
2025-03-18,3530.0,3541.0,3515.0,3524.0,211315,225194,3515.0,3524.4,3635.15,3671.0666666666666,-63.56158784857735,-51.69799091305288,-11.86359693552447,21.18380062305296,57.357142857142854,-41.28422026600245,250622.3,23275417,189133.85,4920.0,2.233581811743557
2025-03-19,3534.0,3539.0,3431.0,3439.0,310243,240810,3500.8,3511.5,3614.55,3669.6833333333334,-68.28016043368507,-55.01442481717932,-13.26573561650575,18.681318681318686,59.357142857142854,-57.13919914931886,256016.3,22965174,188133.95,15616.0,6.934465394282263
2025-03-20,3443.0,3529.0,3442.0,3527.0,323658,233017,3504.0,3506.6,3596.1,3669.766666666667,-64.17898328032243,-56.847336509807946,-7.331646770514482,31.16279069767441,63.642857142857146,-42.76849132714087,258430.55,23288832,185741.4,-7793.0,-3.2361612889830194
2025-03-21,3521.0,3566.0,3504.0,3537.0,320037,213254,3508.8,3506.9,3580.05,3670.45,-59.436705074351266,-57.36521022271661,-2.071494851634654,33.88235294117648,65.0,-24.032236960507248,263516.15,23608869,183854.0,-19763.0,-8.481355437586103
2025-03-24,3530.0,3607.0,3515.0,3579.0,344163,210197,3521.2,3514.3,3570.2,3671.3,-51.69347622267151,-56.23086342270759,4.537387200036086,50.68119891008174,62.714285714285715,-2.9376513491013405,265437.4,23953032,183759.45,-3057.0,-1.4335018334943328
2025-03-25,3590.0,3637.0,3574.0,3629.0,308131,223703,3542.2,3528.6,3563.4,3672.883333333333,-41.04914049873287,-53.19451883791265,12.145378339179786,57.42092457420925,64.78571428571429,33.370759282719945,263740.4,24261163,185370.85,13506.0,6.425400933410086
2025-03-26,3640.0,3650.0,3625.0,3627.0,240384,224628,3579.8,3540.3,3559.3,3674.366666666667,-32.40130891446415,-49.03587685322296,16.634567938758806,56.2962962962963,61.92857142857143,55.86541588022062,259554.25,24020779,188935.35,925.0,0.41349467821174546
2025-03-27,3640.0,3640.0,3607.0,3621.0,266039,228430,3598.6,3551.3,3557.0,3676.0333333333333,-25.735329081610416,-44.375767298900456,18.64043821729004,61.78861788617886,59.5,52.00771016153724,254496.05,23754740,193634.5,3802.0,1.6925761703794784
2025-03-28,3617.0,3641.0,3593.0,3628.0,273614,224373,3616.8,3562.8,3553.95,3677.633333333333,-19.66101064753275,-39.43281596862692,19.77180532109417,67.72334293948126,57.642857142857146,58.29269075113065,258997.8,24028354,198649.85,-4057.0,-1.7760364225364422
2025-03-31,3630.0,3636.0,3570.0,3587.0,248765,225742,3618.4,3569.8,3549.6,3678.35,-17.948527422571715,-35.13595825941588,17.187430836844165,63.68563685636857,58.142857142857146,47.88027824263301,262496.5,23779589,204196.0,1369.0,0.610144714381855
2025-04-01,3605.0,3666.0,3588.0,3655.0,333858,237427,3623.6,3582.9,3553.65,3679.9666666666667,-10.977795238655744,-30.304325655263852,19.326530416608108,67.55447941888619,59.57142857142857,81.21403606408118,265581.8,24113447,211158.05,11685.0,5.176263167687001
2025-04-02,3651.0,3672.0,3632.0,3658.0,240038,241527,3629.8,3604.8,3558.15,3680.5333333333333,-5.151976060502875,-25.27385573631166,20.121879675808785,67.71084337349399,59.5,85.74180402480184,269947.05,24353485,218621.0,4100.0,1.7268465675765565
2025-04-03,3644.0,3663.0,3604.0,3610.0,266616,225505,3627.6,3613.1,3559.85,3679.2166666666667,-4.357935666673711,-21.090671722384073,16.73273605571036,60.52060737527115,61.285714285714285,55.74716411745932,275175.55,24086869,225681.6,-16022.0,-6.633626882294729
2025-04-07,3376.0,3376.0,3376.0,3376.0,26691,206863,3577.2,3597.0,3551.95,3674.3333333333335,-22.352827829153284,-21.343102943737918,-1.0097248854153662,39.79739507959479,73.21428571428571,-122.82992020688404,267066.35,24060178,225610.35,-18642.0,-8.266779007117364
2025-04-08,3300.0,3374.0,3300.0,3321.0,488039,186284,3524.0,3571.2,3542.75,3668.383333333333,-40.5841213715039,-25.191306629291113,-15.392814742212785,36.26522327469553,76.78571428571429,-121.26217028422727,277584.85,23572139,223997.2,-20579.0,-9.948129921735639
2025-04-09,3310.0,3323.0,3184.0,3232.0,455377,187908,3439.4,3531.5,3530.05,3662.0833333333335,-61.505116353442645,-32.45406857412142,-29.051047779321223,36.069986541049786,79.0,-130.2590753473499,287520.45,23116762,221820.5,1624.0,0.8717871636855445
2025-04-10,3180.0,3358.0,3171.0,3332.0,386207,177622,3374.2,3502.0,3521.15,3657.983333333333,-69.21808830392501,-39.80687252008214,-29.411215783842877,37.08609271523179,85.92857142857143,-95.08523955217125,291615.25,23502969,219153.4,-10286.0,-5.4739553398471585
2025-04-11,3293.0,3316.0,3255.0,3315.0,276133,163057,3315.2,3471.4,3511.35,3652.983333333333,-75.8283302787604,-47.011164071817795,-28.81716620694261,35.43307086614173,87.0,-80.54582683499184,293735.9,23226836,216122.3,-14565.0,-8.19999774802671
2025-04-14,3304.0,3331.0,3274.0,3319.0,202156,157518,3303.8,3440.5,3501.65,3647.483333333333,-79.82406595387329,-53.573744448228894,-26.250321505644393,32.044198895027634,84.5,-68.16746466685414,291439.15,23428992,212666.65,-5539.0,-3.396971611154387
2025-04-15,3340.0,3342.0,3293.0,3301.0,201880,158646,3299.8,3411.9,3490.85,3640.983333333333,-83.4808495631055,-59.55516547120422,-23.925684091901275,26.30057803468209,83.5,-60.62843701557788,286167.2,23227112,209585.25,1128.0,0.7161086352035939
2025-04-16,3289.0,3312.0,3268.0,3278.0,175684,163625,3309.0,3374.2,3478.55,3632.1666666666665,-87.22926008813783,-65.08998439459094,-22.139275693546892,25.525946704067323,84.85714285714286,-62.65357476818283,284385.65,23051428,206506.8,4979.0,3.138433997705592
2025-04-17,3308.0,3370.0,3301.0,3343.0,257673,156151,3311.2,3342.7,3473.75,3625.4166666666665,-83.98679813381113,-68.86934714243499,-15.117450991376145,31.994818652849744,89.07142857142857,-42.454800133696644,281757.15,23309101,202273.85,-7474.0,-4.567761650114588
2025-04-18,3350.0,3395.0,3341.0,3371.0,183585,154444,3322.4,3318.8,3465.95,3618.35,-78.25567497148904,-70.7466127082458,-7.509062263243237,33.79571248423707,89.5,-30.053456067082436,274753.5,23492686,198345.2,-1707.0,-1.0931726341810166
2025-04-21,3369.0,3380.0,3344.0,3349.0,167327,154198,3328.4,3316.1,3456.55,3610.05,-74.62866195290053,-71.52302255717676,-3.1056393957237702,34.62532299741602,87.35714285714286,-30.695159693190995,267118.0,23325359,195392.4,-246.0,-0.15928103390225878
2025-04-22,3336.0,3382.0,3320.0,3379.0,194829,152095,3344.0,3321.9,3446.55,3603.116666666667,-68.54335361123822,-70.92708876798905,2.3837351567508307,31.25,86.14285714285714,-26.726317188076592,259651.3,23520188,192487.3,-2103.0,-1.3638309186889574
2025-04-23,3385.0,3430.0,3367.0,3410.0,176960,146654,3370.4,3339.7,3435.6,3597.7,-60.52160657875356,-68.84599233014195,8.324385751388391,33.7696335078534,87.78571428571429,-10.185364224503664,253092.75,23697148,188634.85,-5441.0,-3.5773694072783413
2025-04-24,3381.0,3415.0,3351.0,3406.0,226380,144158,3383.0,3347.1,3424.55,3592.2,-53.86614543844507,-65.85002295180259,11.983877513357513,35.83333333333334,88.14285714285714,-10.539764866438722,252392.55,23470768,184611.35,-2496.0,-1.7019651697191995
2025-04-25,3428.0,3428.0,3386.0,3401.0,201481,137935,3389.0,3355.7,3413.55,3586.4,-48.43675399873473,-62.36736916118902,13.930615162454288,52.5458248472505,74.42857142857143,-1.8433712853213515,249164.65,23269287,180086.6,-6223.0,-4.31679129843644
2025-04-28,3374.0,3454.0,3363.0,3451.0,252561,136987,3409.4,3368.9,3404.7,3581.6,-39.64236749755082,-57.82236882846138,18.180001330910557,63.37448559670782,75.5,8.97188146241816,248112.0,23521848,175717.3,-948.0,-0.6872802406930778
2025-04-29,3449.0,3462.0,3414.0,3430.0,220481,125224,3419.6,3381.8,3396.85,3576.266666666667,-33.97562744679408,-53.053020552127926,19.077393105333847,73.6842105263158,69.0,18.470709540061005,246697.8,23301367,170691.4,-11763.0,-8.586946206574343
2025-04-30,3410.0,3423.0,3387.0,3408.0,170550,112934,3419.2,3394.8,3384.5,3571.15,-30.90367296318891,-48.623151034340125,17.719478071151215,61.17647058823529,58.714285714285715,12.461792306304929,238532.4,23130817,164466.75,-12290.0,-9.814412572669774
2025-05-06,3356.0,3365.0,3327.0,3361.0,194405,113918,3410.2,3396.6,3369.65,3563.883333333333,-31.89398015736515,-45.277316858945134,13.383336701579985,56.216216216216225,59.0,-8.955266957093617,236250.75,22936412,158086.3,984.0,0.8713053641950186
2025-05-07,3368.0,3441.0,3366.0,3432.0,233614,114336,3416.4,3402.7,3360.75,3558.1,-26.6425800370489,-41.55036949456589,14.90778945751699,62.92906178489702,60.642857142857146,55.04686240312041,234600.65,23170026,152527.85,418.0,0.36693059920294147
2025-05-08,3406.0,3419.0,3369.0,3383.0,185411,109483,3402.8,3406.1,3361.1,3550.95,-26.133447976550087,-38.46698519096274,12.333537214412651,58.760683760683754,61.642857142857146,32.7343273301446,242536.65,22984615,147658.85,-4853.0,-4.2445074167366315
2025-05-09,3395.0,3458.0,3390.0,3453.0,194079,110071,3407.4,3413.5,3367.7,3545.5333333333333,-19.852692681554345,-34.74412668908106,14.891434007526712,66.99029126213591,63.857142857142854,65.55747316306152,227838.65,23178694,143848.2,588.0,0.5370696820510945
2025-05-12,3471.0,3487.0,3442.0,3481.0,165731,107567,3422.0,3420.6,3380.15,3540.616666666667,-12.472013260329277,-30.2897040033307,17.817690743001425,64.43514644351464,60.5,90.84320289666984,213356.35,23344425,139831.15,-2504.0,-2.2748952948551393
2025-05-13,3508.0,3508.0,3457.0,3485.0,131393,95417,3446.8,3428.5,3387.8,3535.116666666667,-6.228210143867273,-25.477405231438016,19.249195087570744,62.55506607929516,60.285714285714285,91.36366456364176,200615.65,23475818,135720.9,-12150.0,-11.295285728894545
2025-05-14,3505.0,3540.0,3490.0,3521.0,140150,87087,3464.6,3440.5,3398.1,3530.9,1.606430020242442,-20.060638181101925,21.667068201344367,68.37606837606837,61.642857142857146,104.37140883416974,193816.5,23615968,131922.4,-8330.0,-8.7301005061991
2025-05-15,3512.0,3522.0,3456.0,3466.0,130539,78604,3481.2,3442.0,3405.45,3524.883333333333,3.33890957878657,-15.380728629124228,18.719638207910798,58.82352941176471,61.92857142857143,67.57433948313825,190235.65,23485429,127976.7,-8483.0,-9.74083387876491
2025-05-16,3480.0,3513.0,3460.0,3510.0,118895,74976,3492.6,3450.0,3415.9,3519.25,8.168186616634557,-10.670945579972472,18.83913219660703,59.88142292490118,61.214285714285715,71.36403963155081,186086.4,23604324,123793.2,-3628.0,-4.615541193832373
2025-05-19,3517.0,3534.0,3494.0,3502.0,140886,73925,3496.8,3459.4,3427.1,3513.6,11.22054684154,-6.292647095669978,17.513193937209977,59.41176470588235,59.5,80.22261780250085,184346.5,23463438,119308.2,-1051.0,-1.401781903542465
2025-05-20,3511.0,3558.0,3508.0,3541.0,110180,67963,3508.0,3477.4,3437.0,3508.4333333333334,16.59523879163362,-1.715069918209259,18.31030870984288,62.86764705882353,60.5,91.35884666079684,176971.85,23573618,114898.8,-5962.0,-8.064930672979376
2025-05-21,3514.0,3553.0,3494.0,3519.0,188675,173436,3507.6,3486.1,3444.4,3502.15,18.86207449279891,2.4003589639923755,16.461715528806536,56.589147286821714,58.214285714285715,70.90051378850335,177226.35,23384943,115848.4,105473.0,155.19179553580625
2025-05-22,3520.0,3559.0,3492.0,3539.0,233597,187690,3522.2,3501.7,3453.9,3496.8333333333335,22.018574549349523,6.324002081063805,15.694572468285719,60.58252427184466,59.57142857142857,70.29090770035765,180539.85,23618540,117523.0,14254.0,8.218593602250968
2025-05-23,3529.0,3539.0,3510.0,3516.0,182690,172588,3523.4,3508.0,3460.75,3492.5,22.405934142951082,9.540388493441261,12.865545649509821,60.46511627906977,58.57142857142857,57.84319784118515,179932.9,23435850,118547.65,-15102.0,-8.04624647024349
2025-05-26,3495.0,3544.0,3493.0,3526.0,255407,145481,3528.2,3512.5,3466.55,3488.516666666667,23.251803520924113,12.282671498937832,10.969132021986281,67.22338204592901,56.42857142857143,51.758698432160635,183855.25,23691257,118489.0,-27107.0,-15.706190465154013
2025-05-27,3520.0,3533.0,3487.0,3516.0,290517,129546,3523.2,3515.6,3472.05,3485.3,22.851823078926827,14.396501814935633,8.455321263991195,60.047846889952154,54.0,39.65602529666216,187062.1,23400740,117758.4,-15935.0,-10.953320364858643
2025-05-28,3515.0,3520.0,3478.0,3481.0,243540,121765,3515.6,3511.6,3476.05,3482.2,19.486005660508,15.414402584050107,4.071603076457892,62.12871287128712,52.5,19.28940780965074,189165.05,23157200,116949.9,-7781.0,-6.0063606749725995
2025-05-29,3498.0,3547.0,3497.0,3514.0,298546,113112,3510.6,3516.4,3479.2,3479.2833333333333,19.259385111484335,16.183399089536955,3.0759860219473794,58.31062670299728,51.857142857142854,39.44343655939276,191464.3,23455746,115756.15,-8653.0,-7.1063113374122295
2025-05-30,3480.0,3482.0,3418.0,3457.0,295344,100590,3498.8,3511.1,3480.55,3475.6666666666665,14.315344680067483,15.809788207643061,-1.4944435275755783,46.96969696969697,55.5,-24.026852567850764,195207.45,23160402,114524.45,-12522.0,-11.070443454275413
2025-06-03,3509.0,3585.0,3478.0,3482.0,196526,95984,3490.0,3509.1,3484.25,3474.133333333333,12.272972892717007,15.102425144657852,-2.829452251940845,49.64028776978417,61.0,31.148514904737365,196506.25,23356928,113676.95,-4606.0,-4.57898399443285
2025-06-04,3502.0,3531.0,3489.0,3506.0,164532,89446,3488.0,3505.6,3491.5,3473.1,12.44749103205504,14.571438322137292,-2.123947290082251,48.14814814814815,60.57142857142857,21.60886759116594,195012.6,23521460,112453.35,-6538.0,-6.811551925320892
2025-06-05,3515.0,3519.0,3479.0,3497.0,133237,85190,3491.2,3503.4,3494.75,3471.7833333333333,11.724421300402355,14.002034917790306,-2.277613617387951,54.31754874651811,58.714285714285715,4.001015532980483,189993.75,23388223,110996.05,-4256.0,-4.75817811864141
2025-06-06,3520.0,3530.0,3497.0,3509.0,106560,81277,3490.2,3500.4,3501.05,3471.366666666667,11.981566994401874,13.59794133311262,-1.616374338710747,49.84709480122324,57.285714285714285,19.890551449704525,186051.2,23494783,109585.75,-3913.0,-4.593262119967134
2025-06-09,3494.0,3538.0,3483.0,3488.0,263548,204621,3496.4,3497.6,3502.8,3471.0833333333335,10.371278669251751,12.952608800340448,-2.5813301310886967,47.94117647058824,58.357142857142854,-4.782017184982314,189524.65,23231235,114313.25,123344.0,151.75756979219216
2025-06-10,3500.0,3522.0,3478.0,3483.0,220645,215950,3496.6,3493.3,3502.9,3471.0333333333333,8.592605153316072,12.080608070935574,-3.488002917619502,40.52287581699346,57.5,-30.59080930149223,192270.35,23010590,119732.4,11329.0,5.536577379643348
2025-06-11,3483.0,3496.0,3459.0,3461.0,199501,221869,3487.6,3487.8,3501.7,3470.2166666666667,5.346150345636943,10.733716525875849,-5.387566180238906,40.52287581699346,55.92857142857143,-82.99399601466969,195675.75,22811089,126055.0,5919.0,2.740912248205607
2025-06-12,3493.0,3535.0,3468.0,3527.0,302600,256556,3493.6,3492.4,3502.0,3470.483333333333,8.006664096365512,10.188306039973781,-2.1816419436082697,48.29545454545455,56.42857142857143,11.67633348261106,203798.25,23113689,134528.45,34687.0,15.634000243386858
2025-06-13,3502.0,3708.0,3502.0,3628.0,531679,262191,3517.4,3503.8,3510.1,3472.4,18.05684821335899,11.762014474650824,6.294833738708165,63.02325581395348,69.07142857142857,164.72376330478892,223855.25,23645368,143707.8,5635.0,2.196401565350259
2025-06-16,3650.0,3681.0,3615.0,3667.0,295966,266576,3553.2,3524.8,3517.95,3474.9,28.836259151592003,15.17686341003906,13.659395741552943,65.359477124183,70.14285714285714,153.40409712676717,232708.8,23941334,153287.8,4385.0,1.6724448970407035
2025-06-17,3635.0,3655.0,3593.0,3644.0,297949,259759,3585.4,3541.0,3525.05,3476.9,35.11829040916382,19.165148809864014,15.953141599299805,63.5593220338983,72.14285714285714,104.2765358086862,240561.95,23643385,162579.5,-6817.0,-2.5572444631174585
2025-06-18,3668.0,3716.0,3649.0,3695.0,260367,274368,3632.2,3559.9,3532.75,3481.1666666666665,43.7082774011742,24.07377452812605,19.63450287304815,71.92622950819673,74.28571428571429,123.96810998975931,248071.3,23903752,172899.75,14609.0,5.624059224126987
2025-06-19,3700.0,3745.0,3689.0,3738.0,298748,279495,3674.4,3584.0,3543.7,3484.6833333333334,53.370423592622046,29.933104341025256,23.43731925159679,72.48995983935743,73.57142857142857,120.40083469933411,253574.95,24202500,178202.7,5127.0,1.8686581525542367
2025-06-20,3738.0,3789.0,3723.0,3747.0,253286,284513,3698.2,3607.8,3554.1,3488.1833333333334,61.05021991250169,36.15652745532054,24.893692457181146,82.22222222222223,71.42857142857143,112.38085097898608,254559.4,24455786,183043.85,5018.0,1.7953809549365873
2025-06-23,3736.0,3804.0,3719.0,3781.0,317501,311332,3721.0,3637.1,3567.35,3491.55,69.08367606155252,42.74195717656694,26.341718884985582,82.57080610021787,68.35714285714286,100.68607395940846,261299.95,24773287,189981.05,26819.0,9.426282806058062
2025-06-24,3762.0,3770.0,3562.0,3580.0,460577,269578,3708.2,3646.8,3570.05,3490.733333333333,58.55622801808477,45.90481134487051,12.651416673214257,55.81761006289309,80.5,32.130391300079275,271558.45,24312710,196185.9,-41754.0,-13.411406472832866
2025-06-25,3565.0,3583.0,3537.0,3574.0,282213,251579,3684.0,3658.1,3572.95,3489.85,49.16228749379343,46.556306574655096,2.6059809191383323,56.08214849921011,80.92857142857143,-5.433786894614149,271143.25,24030497,202287.55,-17999.0,-6.676731780783296
2025-06-26,3568.0,3584.0,3544.0,3563.0,230736,243021,3649.0,3661.7,3577.05,3488.883333333333,40.364615715573564,45.317968402838794,-4.95335268726523,54.27215189873417,81.42857142857143,-7.860754853281323,270503.05,23799761,208350.35,-8558.0,-3.40171476951574
2025-06-27,3553.0,3571.0,3548.0,3561.0,154144,237277,3611.8,3655.0,3579.4,3487.766666666667,32.85231314613566,42.82483735149817,-9.972524205362511,55.95432300163132,79.14285714285714,-10.88215809856721,263282.95,23645617,214558.6,-5744.0,-2.3635817480793797
2025-06-30,3561.0,3576.0,3530.0,3564.0,165052,235183,3568.4,3644.7,3584.75,3487.383333333333,26.831536909156057,39.626177263029746,-12.794640353873689,56.62847790507365,79.28571428571429,-16.07183809736277,256768.35,23810669,221288.25,-2094.0,-0.88251284363845
2025-07-01,3573.0,3583.0,3551.0,3562.0,155844,226856,3564.8,3636.5,3588.75,3485.8333333333335,21.649087869822324,36.03075938438826,-14.381671514565937,58.544839255499156,78.92857142857143,-12.923491935325407,254734.25,23654825,227831.85,-8327.0,-3.540647070579084
2025-07-02,3568.0,3594.0,3567.0,3571.0,152378,227295,3564.2,3624.1,3592.0,3484.383333333333,18.060000014277648,32.43660751036614,-14.37660749608849,54.11985018726592,75.92857142857143,-8.375703103099994,254126.55,23807203,234724.3,439.0,0.19351482879006454
2025-07-03,3583.0,3601.0,3565.0,3588.0,141409,222124,3569.2,3609.1,3596.55,3484.016666666667,16.398349984842298,29.228956005261374,-12.830606020419076,45.55555555555555,63.785714285714285,-6.889543191166403,254535.15,23948612,241571.0,-5171.0,-2.275017048329264
2025-07-04,3593.0,3607.0,3570.0,3576.0,122951,220057,3572.2,3592.0,3599.9,3487.35,13.952346685600332,26.173634141329167,-12.221287455728834,39.2434988179669,61.714285714285715,-9.432827513923606,255354.7,23825661,248510.0,-2067.0,-0.9305613080981767
2025-07-07,3572.0,3576.0,3542.0,3566.0,127222,217676,3572.6,3570.5,3603.8,3491.4333333333334,11.079240434791245,23.154755400021585,-12.07551496523034,40.48780487804878,58.857142857142854,-25.69863328302758,248538.4,23698439,249162.75,-2381.0,-1.0819923928800268
2025-07-08,3576.0,3605.0,3575.0,3589.0,135454,218152,3578.0,3571.4,3609.1,3497.383333333333,10.536729948432821,20.631150309703834,-10.094420361271013,36.125654450261784,56.5,-11.76368971142992,244278.85,23833893,249272.85,476.0,0.21867362502068222
2025-07-09,3596.0,3635.0,3593.0,3623.0,156937,222983,3588.4,3576.3,3617.2,3502.233333333333,12.703860137771244,19.045692275317315,-6.341832137546071,34.58445040214478,55.785714285714285,1.3768168036953834,242150.65,23990830,249328.55,4831.0,2.2145109831676946
2025-07-10,3623.0,3639.0,3615.0,3629.0,125635,226788,3596.6,3582.9,3622.3,3507.4666666666667,14.735613304486378,18.183676481151128,-3.44806317666475,34.05405405405405,52.785714285714285,5.10930439569631,233302.4,24116465,247840.15,3805.0,1.7064081118291607
2025-07-11,3612.0,3618.0,3598.0,3606.0,159073,217364,3602.6,3587.4,3621.2,3512.25,14.32475765670506,17.411892716261917,-3.087135059556857,25.626740947075206,48.92857142857143,-10.148088628429164,214672.1,23957392,245598.8,-9424.0,-4.15542268550364
2025-07-14,3620.0,3648.0,3611.0,3646.0,151549,231231,3618.6,3595.6,3620.15,3518.0,17.030500295546062,17.335614232118747,-0.3051139365726847,66.66666666666666,36.285714285714285,11.685159145607846,207451.25,24108941,243831.55,13867.0,6.379621280432812
2025-07-15,3650.0,3662.0,3606.0,3617.0,174308,226837,3624.2,3601.1,3618.8,3523.65,16.642914040558026,17.197074193806603,-0.5541601532485778,59.72850678733032,37.0,6.679121639531607,201269.2,23934633,242185.45,-4394.0,-1.9002642379265744
2025-07-16,3626.0,3629.0,3598.0,3623.0,108223,225480,3624.2,3606.3,3615.2,3528.3166666666666,16.62821923632964,17.083303202311214,-0.4550839659815722,63.888888888888886,36.357142857142854,0.44659096559468525,193662.0,24042856,239741.05,-1357.0,-0.5982269206522783
2025-07-17,3602.0,3656.0,3599.0,3628.0,185709,226709,3624.0,3610.3,3609.7,3532.6,16.826071236022017,17.031856809053377,-0.2057855730313598,65.29680365296804,38.785714285714285,14.059036004526074,188010.05,24228565,237101.75,1229.0,0.5450594287741639
2025-07-18,3630.0,3665.0,3629.0,3655.0,156586,228073,3633.8,3618.2,3605.1,3537.7,18.943179540783603,17.414121355399423,1.52905818538418,68.72427983539094,38.142857142857146,44.56554402811878,183175.05,24385151,234279.75,1364.0,0.6016523384603234
2025-07-21,3663.0,3675.0,3647.0,3657.0,141580,223360,3636.0,3627.3,3598.9,3542.3333333333335,20.545550098180684,18.040407103955676,2.5051429942250074,69.54732510288066,37.857142857142854,87.78038722932581,174379.0,24526731,229881.15,-4713.0,-2.066443638659554
2025-07-22,3652.0,3656.0,3584.0,3609.0,238574,203931,3634.4,3629.3,3600.35,3545.65,17.737771473939574,17.979879977952457,-0.24210850401288297,56.73758865248227,40.785714285714285,25.51077505450239,163278.85,24288157,226598.8,-19429.0,-8.698513610315183
2025-07-23,3616.0,3638.0,3581.0,3594.0,201956,198184,3628.6,3626.4,3601.35,3548.7833333333333,14.13922387404773,17.211748757171513,-3.0725248831237835,51.07142857142858,42.285714285714285,4.265237853023641,159266.0,24086201,223929.05,-5747.0,-2.8181100470257126
2025-07-24,3590.0,3614.0,3568.0,3602.0,166978,186410,3623.4,3623.7,3603.3,3552.133333333333,11.796894855624942,16.1287779768622,-4.331883121237258,54.710144927536234,42.92857142857143,-13.994063135955095,156078.1,24253179,221098.5,-11774.0,-5.940943769426388
2025-07-25,3614.0,3628.0,3587.0,3615.0,205894,171367,3615.4,3624.6,3606.0,3554.866666666667,10.864336281582382,15.075889637806238,-4.211553356223856,58.781362007168454,43.42857142857143,7.520379663741761,158665.6,24459073,217803.0,-15043.0,-8.069846038302664
2025-07-28,3617.0,3637.0,3552.0,3569.0,224891,162463,3597.8,3616.9,3606.25,3557.1833333333334,6.3403734525568325,13.328786400756357,-6.9884129481995245,46.688741721854306,46.714285714285715,-39.53856542478946,161657.55,24234182,214167.0,-8904.0,-5.195866181937014
2025-07-29,3589.0,3629.0,3584.0,3619.0,208854,141786,3599.8,3617.1,3609.1,3560.7,6.712307151155073,12.005490550836102,-5.293183399681029,49.37106918238994,47.714285714285715,2.5129805178923883,164308.05,24443036,209913.5,-20677.0,-12.727205579116474
2025-07-30,3630.0,3677.0,3616.0,3650.0,191539,131496,3611.0,3619.8,3613.05,3565.516666666667,9.400149141210932,11.484422268911068,-2.0842731277001363,53.06122448979591,50.357142857142854,69.2801610816046,166266.1,24634575,205123.55,-10290.0,-7.257416105962511
2025-07-31,3654.0,3682.0,3650.0,3659.0,145613,125992,3622.4,3622.9,3616.6,3569.3,12.116832761440492,11.610904367416953,0.5059283940235382,58.054711246200604,50.42857142857143,88.07563250438774,166476.3,24780188,200316.95,-5504.0,-4.185678651822111
2025-08-01,3653.0,3668.0,3632.0,3658.0,117794,116780,3631.0,3623.2,3620.7,3573.883333333333,14.027432945250894,12.094210082983743,1.9332228622671508,52.06896551724139,50.0,60.96290637301437,166218.45,24662394,195153.1,-9212.0,-7.311575338116705
2025-08-04,3658.0,3659.0,3566.0,3573.0,169138,93052,3631.8,3614.8,3621.05,3575.883333333333,8.583858354843414,11.392139737355677,-2.808281382512263,43.641618497109825,52.642857142857146,-49.15419851494173,168314.25,24493256,188921.9,-23728.0,-20.31854769652338
2025-08-05,3530.0,3555.0,3522.0,3544.0,102923,80454,3616.8,3608.3,3618.8,3576.9333333333334,1.907737426690801,9.495259275222702,-7.587521848531901,39.29539295392954,54.07142857142857,-137.66246878778782,166687.7,24390333,182037.0,-12598.0,-13.538666552035416
2025-08-06,3516.0,3530.0,3505.0,3529.0,134426,210844,3592.6,3601.8,3614.1,3577.6666666666665,-4.541163442109337,6.687974731756295,-11.229138173865632,36.93931398416886,52.785714285714285,-128.99221786394395,165562.15,24255907,181430.05,130390.0,162.06776543117803
2025-08-07,3554.0,3556.0,3511.0,3528.0,155921,211556,3566.4,3594.4,3609.05,3577.7833333333333,-9.621742032284601,3.426031378948116,-13.047773411232717,32.01133144475921,53.357142857142854,-96.63286016566458,167076.45,24099986,180668.45,712.0,0.3376904251484403
2025-08-08,3518.0,3529.0,3467.0,3478.0,157320,221612,3530.4,3580.7,3602.65,3577.983333333333,-17.48120683048728,-0.7554162629389634,-16.725790567548316,27.680798004987537,55.785714285714285,-116.4121936776567,166988.8,23942666,180880.85,10056.0,4.753351358505542
2025-08-11,3491.0,3510.0,3466.0,3481.0,162843,221001,3512.0,3571.9,3594.4,3577.5,-23.20037489938659,-5.244407990228489,-17.9559669091581,32.02247191011236,53.714285714285715,-101.70439697555366,167553.5,24105509,180369.35,-611.0,-0.2757070916737381
2025-08-12,3507.0,3516.0,3491.0,3506.0,120282,223130,3504.4,3560.6,3588.85,3577.5666666666666,-25.422510851950392,-9.28002856257287,-16.142482289377522,37.978142076502735,52.142857142857146,-74.61946956423567,164852.2,24225791,180184.0,2129.0,0.9633440572667018
2025-08-13,3491.0,3504.0,3480.0,3503.0,123189,224999,3499.2,3545.9,3582.85,3576.9333333333334,-27.113101574306256,-12.846643164919548,-14.266458409386708,36.28808864265928,50.714285714285715,-72.65152784118844,165600.5,24102602,180159.95,1869.0,0.8376282884417163
2025-08-14,3501.0,3502.0,3465.0,3472.0,153819,224823,3488.0,3527.2,3575.05,3576.15,-30.60159172345402,-16.397632876626446,-14.203958846827575,31.13456464379948,50.5,-75.51113697415308,164006.0,23948783,180065.65,-176.0,-0.07822256987808363
2025-08-15,3485.0,3489.0,3454.0,3461.0,146232,226829,3484.6,3507.5,3565.35,3574.85,-33.863496065681375,-19.89080551443743,-13.972690551243943,34.30232558139535,46.92857142857143,-75.16102666869803,163488.3,23802551,180003.45,2006.0,0.8922574647611592
2025-08-18,3461.0,3497.0,3452.0,3473.0,175487,225280,3483.0,3497.5,3556.15,3574.133333333333,-35.0759453814926,-22.927833487848467,-12.148111893644135,26.14379084967321,45.857142857142854,-64.16252746903218,165183.65,23978038,180099.45,-1549.0,-0.6828932808415122
2025-08-19,3467.0,3470.0,3435.0,3453.0,141976,219752,3472.4,3488.4,3548.35,3572.9166666666665,-37.22158578127119,-25.786583946533014,-11.435001834738173,16.610169491525426,44.214285714285715,-71.31155366685397,160353.75,23836062,180890.5,-5528.0,-2.453835227272727
2025-08-20,3444.0,3470.0,3434.0,3454.0,146021,217538,3462.6,3480.9,3541.35,3571.883333333333,-38.398693379031556,-28.309005833032725,-10.089687545998832,14.285714285714278,44.5,-63.83985363886451,157557.0,23982083,181858.2,-2214.0,-1.007499362918196
2025-08-21,3460.0,3470.0,3440.0,3465.0,123366,211461,3461.2,3474.6,3534.5,3571.616666666667,-38.00584385159027,-30.248373436744235,-7.757470414846036,17.50841750841751,44.07142857142857,-54.01767147153652,155376.4,24105449,183110.75,-6077.0,-2.793534922634211
2025-08-22,3465.0,3500.0,3453.0,3483.0,139452,208416,3465.6,3475.1,3527.9,3571.1,-35.82904329474468,-31.364507408344327,-4.464535886400352,30.434782608695656,40.785714285714285,-35.92122233457598,152054.3,24244901,184963.2,-3045.0,-1.4399818406230946
2025-08-25,3482.0,3528.0,3480.0,3512.0,169612,191301,3473.4,3478.2,3525.05,3572.016666666667,-31.401874273914473,-31.371980781458358,-0.0298934924561145,43.04347826086957,40.57142857142857,-13.639372763463221,149290.35,24414513,186405.1,-17115.0,-8.211941501612163
2025-08-26,3517.0,3540.0,3512.0,3523.0,160436,160127,3487.4,3479.9,3520.25,3572.7,-26.697945562165387,-30.437173737599768,3.7392281754343806,48.67256637168141,39.785714285714285,2.635011277648571,146869.45,24574949,187322.15,-31174.0,-16.295785176240585
2025-08-27,3506.0,3512.0,3458.0,3471.0,167989,136248,3490.8,3476.7,3511.3,3572.116666666667,-26.85642938558476,-29.721024867196768,2.8645954816120067,39.711191335740075,41.214285714285715,-27.035491108952403,145691.95,24406960,187559.75,-23879.0,-14.912538172825318
2025-08-28,3482.0,3520.0,3477.0,3517.0,172555,138975,3501.2,3481.2,3504.2,3572.45,-23.005025778456,-28.377825049448617,5.372799270992616,57.14285714285714,40.285714285714285,-0.4916311663895537,147039.05,24579515,188208.9,2727.0,2.0014972696846822
2025-08-29,3525.0,3525.0,3487.0,3507.0,156742,29790,3506.0,3485.8,3496.65,3572.4166666666665,-20.523099581664155,-26.806879955891723,6.283780374227568,54.642857142857146,39.857142857142854,12.194134037451287,148986.45,24422773,183859.4,-109185.0,-78.56449001618996
2025-09-01,3511.0,3542.0,3482.0,3540.0,164623,29790,3511.6,3492.5,3495.0,3573.2833333333333,-15.712210400910408,-24.587946044895464,8.875735643985056,55.90277777777778,41.642857142857146,52.32397406409533,148760.7,24587396,180696.3,0.0,0.0
2025-09-02,3553.0,3582.0,3547.0,3551.0,152509,105860,3517.2,3502.3,3495.35,3574.4166666666665,-10.886445824526163,-21.847646000821605,10.961200176295442,58.10810810810811,42.785714285714285,114.9842082485881,151240.0,24739905,181966.6,76070.0,255.35414568647198
2025-09-03,3533.0,3561.0,3529.0,3550.0,101178,29790,3533.0,3511.9,3496.4,3575.9,-7.061286161267617,-18.89037403291081,11.829087871643193,64.66165413533835,42.357142857142854,83.9767259252238,149577.6,24638727,172913.9,-76070.0,-71.85905913470621
2025-09-04,3530.0,3533.0,3463.0,3468.0,128082,28890,3523.2,3512.2,3493.4,3574.9166666666665,-10.525206240922216,-17.21734047451309,6.692134233590874,51.038575667655785,46.07142857142857,-10.377459311806739,148185.65,24510645,163780.6,-900.0,-3.0211480362537735
2025-09-05,3452.0,3452.0,3407.0,3437.0,248029,26890,3509.2,3507.6,3491.35,3571.733333333333,-15.592092841894555,-16.892290947989384,1.3001981060948289,44.943820224719104,47.214285714285715,-92.04220573054062,152721.1,24262616,154044.5,-2000.0,-6.92281066112842
2025-09-08,3424.0,3444.0,3390.0,3440.0,189467,26890,3489.2,3500.4,3489.3,3567.95,-19.144871884343956,-17.3428071352603,-1.8020647490836552,48.08259587020649,48.357142857142854,-89.58249357299177,154052.3,24452083,144338.95,0.0,0.0
2025-09-09,3428.0,3441.0,3410.0,3420.0,112448,241910,3463.0,3490.1,3485.0,3564.2166666666667,-23.30565464541587,-18.535376637291417,-4.770278008124453,45.25139664804469,48.0,-79.55660389430369,153660.6,24339635,145277.95,215020.0,799.6281145407215
2025-09-10,3424.0,3457.0,3421.0,3450.0,150423,244770,3443.0,3488.0,3482.35,3560.133333333333,-23.90677327992671,-19.609655965818476,-4.297117314108235,48.0106100795756,48.5,-49.70154476681171,155022.3,24490058,146266.5,2860.0,1.182257864495062
2025-09-11,3448.0,3484.0,3439.0,3463.0,186437,26490,3442.0,3482.6,3481.9,3555.55,-23.06825627528451,-20.301376027711683,-2.7668802475728285,47.31182795698925,48.357142857142854,-23.548056760061442,156653.2,24676495,136349.85,-218280.0,-89.17759529354088
2025-09-12,3445.0,3446.0,3362.0,3368.0,238778,26290,3428.2,3468.7,3477.25,3549.233333333333,-29.726759975063032,-22.186452817181955,-7.540307157881077,33.56164383561644,52.142857142857146,-96.62333878184701,161280.5,24437717,126322.9,-200.0,-0.7550018875047138
2025-09-15,3410.0,3413.0,3378.0,3393.0,204310,25590,3418.8,3454.0,3473.25,3542.766666666667,-32.610467888279345,-24.271255831401433,-8.339212056877912,35.61946902654867,53.357142857142854,-82.1317752781797,162721.65,24642027,116338.4,-700.0,-2.6626093571700316
2025-09-16,3405.0,3439.0,3395.0,3411.0,162489,23590,3417.0,3440.0,3471.15,3539.95,-33.062256505319965,-26.02945596618514,-7.032800539134826,42.822966507177036,52.0,-56.869230687577904,163747.3,24804516,106530.3,-2000.0,-7.815552950371241
2025-09-17,3428.0,3448.0,3426.0,3445.0,141270,23590,3416.0,3429.5,3470.7,3537.8,-30.32719338185825,-26.889003449319766,-3.438189932538485,41.13300492610838,51.142857142857146,-30.839687673473396,163509.75,24945786,96832.9,0.0,0.0
2025-09-18,3445.0,3451.0,3417.0,3427.0,151997,23240,3408.8,3425.4,3468.8,3535.5333333333333,-29.274626052857002,-27.366127970027215,-1.9084980828297873,40.33816425120773,50.857142857142854,-37.07330757997843,164941.3,24793789,87421.85,-350.0,-1.4836795252225476
2025-09-19,3435.0,3449.0,3405.0,3421.0,179842,23240,3419.4,3423.8,3465.7,3533.2,-28.59498354662719,-27.61189908534721,-0.9830844612799794,34.62532299741602,49.714285714285715,-40.34825754410712,166960.8,24613947,78163.05,0.0,0.0
2025-09-22,3420.0,3432.0,3395.0,3401.0,167401,236341,3421.0,3419.9,3460.15,3530.483333333333,-29.332072938651436,-27.955933856008055,-1.3761390826433804,31.060606060606062,49.357142857142854,-50.389935562036364,166850.25,24446546,80415.05,213101.0,916.9578313253012
2025-09-23,3375.0,3395.0,3364.0,3373.0,182087,231822,3413.4,3415.2,3452.65,3527.3333333333335,-31.80891422369905,-28.726529929546256,-3.082384294152792,29.078014184397176,49.714285714285715,-72.94019616785397,167932.8,24264459,83999.8,-4519.0,-1.9120677326405544
2025-09-24,3395.0,3411.0,3385.0,3392.0,152942,216897,3402.8,3409.4,3448.7,3524.35,-31.87129512538968,-29.35548296871494,-2.5158121566747376,39.44444444444444,46.214285714285715,-50.04221702207629,167180.45,24417401,88032.25,-14925.0,-6.438129254341696
2025-09-25,3412.0,3447.0,3401.0,3440.0,175377,197649,3405.4,3407.1,3444.85,3521.883333333333,-27.72790357970098,-29.02996709091215,1.3020635112111734,50.39787798408487,45.785714285714285,-15.853425406837136,167321.55,24592778,90965.95,-19248.0,-8.874258288496383
2025-09-26,3433.0,3472.0,3427.0,3450.0,210079,158628,3411.2,3415.3,3442.0,3519.7833333333333,-23.36794833929298,-27.89756334058832,4.5296150012953404,51.302083333333336,45.142857142857146,6.6083860380289,169988.4,24802857,97407.85,-39021.0,-19.74257395686292
2025-09-29,3454.0,3474.0,3437.0,3466.0,152121,132865,3424.2,3422.6,3438.3,3518.116666666667,-18.40937430946633,-25.999925534363925,7.590551224897595,56.05263157894736,45.57142857142857,20.345558625604006,169363.3,24954978,102561.6,-25763.0,-16.24114279950576
2025-09-30,3436.0,3447.0,3409.0,3424.0,126540,111919,3434.4,3423.9,3431.95,3515.366666666667,-17.665085547527724,-24.332957536996688,6.6678719894689635,46.683673469387756,47.0,-8.788144652390942,168064.85,24828438,102864.55,-20946.0,-15.764874120347717
2025-10-09,3400.0,3405.0,3345.0,3375.0,109080,107006,3431.0,3416.9,3423.2,3511.233333333333,-20.789473719256875,-23.62426077344873,2.834787054191853,39.7196261682243,49.42857142857143,-86.35670899918522,168459.95,24719358,106725.35,-4913.0,-4.389781895835377
2025-10-10,3367.0,3383.0,3324.0,3328.0,147815,102702,3408.6,3407.0,3416.2,3506.2166666666667,-26.749726859851307,-24.249353990729244,-2.5003728691220637,44.73684210526316,46.42857142857143,-121.126261721905,169446.6,24571543,110415.95,-4304.0,-4.0222043623722055
2025-10-13,3310.0,3329.0,3295.0,3302.0,141957,103287,3379.0,3395.1,3409.45,3501.15,-33.188674740831175,-26.03721814074963,-7.151456600081545,38.057742782152225,45.642857142857146,-133.9737234232213,164143.0,24429586,114235.8,585.0,0.5696091604837195
2025-10-14,3285.0,3301.0,3272.0,3290.0,100725,99108,3343.8,3384.0,3401.95,3495.2166666666667,-38.81248091834186,-28.592270696268077,-10.220210222073785,33.866666666666674,44.5,-124.12232633029693,159705.9,24328861,117846.7,-4179.0,-4.046007726044909
2025-10-15,3274.0,3279.0,3241.0,3250.0,112815,82783,3309.0,3371.7,3393.45,3489.1,-45.967172585412754,-32.067251074097015,-13.899921511315739,24.409448818897644,45.357142857142854,-121.91331919200533,159724.25,24216046,109890.35,-16325.0,-16.47192961214029
2025-10-16,3260.0,3286.0,3244.0,3279.0,100365,71636,3289.8,3360.4,3384.9,3483.366666666667,-48.73546750878222,-35.40089436103406,-13.33457314774816,31.122448979591837,45.92857142857143,-94.0786707517262,157221.35,24316411,101233.65,-11147.0,-13.465325006341878
2025-10-17,3168.0,3168.0,3109.0,3135.0,163861,153523,3251.2,3329.9,3368.5,3475.15,-61.836149086821024,-40.68794530619145,-21.148203780629572,23.01886792452831,54.92857142857143,-143.47441251531848,156092.55,24152550,107585.3,81887.0,114.30984421240717
2025-10-20,3143.0,3163.0,3123.0,3141.0,160007,167705,3219.0,3299.0,3357.15,3466.5833333333335,-70.91689791193039,-46.733735827339245,-24.183162084591146,24.8062015503876,55.142857142857146,-112.72205335086298,152154.0,24312557,114656.05,14182.0,9.237703796825226
2025-10-21,3145.0,3170.0,3135.0,3157.0,168391,182020,3192.4,3268.1,3345.35,3458.25,-75.94692165910237,-52.576372993691876,-23.370548665410496,28.57142857142857,55.0,-91.04552452644816,150358.05,24480948,122477.55,14315.0,8.5358218299991
2025-10-22,3172.0,3249.0,3157.0,3249.0,269504,186849,3192.2,3250.6,3337.25,3452.25,-71.68330013156901,-56.397758421267305,-15.285541710301707,37.60831889081456,58.857142857142854,-54.75439152732055,155708.8,24750452,130640.5,4829.0,2.653005164267652
2025-10-23,3236.0,3300.0,3236.0,3277.0,282988,194697,3191.8,3240.8,3328.85,3446.9666666666667,-65.29233397601956,-58.17667353221776,-7.115660443801801,35.36804308797127,59.5,-27.009044481699704,162794.7,25033440,139195.85,7848.0,4.20018303549925
2025-10-24,3286.0,3315.0,3279.0,3299.0,217134,195746,3224.6,3237.9,3322.45,3441.9166666666665,-57.78610882308476,-58.098560590391166,0.3124517673064062,36.7311072056239,59.0,-11.621164612655685,166051.55,25250574,147821.15,1049.0,0.538785908360162
2025-10-27,3301.0,3326.0,3285.0,3295.0,235291,193506,3255.4,3237.2,3316.15,3436.5833333333335,-51.5657203548526,-56.791992543283456,5.226272188430855,34.64991023339317,59.285714285714285,-6.753949051514639,168824.0,25015283,156334.45,-2240.0,-1.1443401142296694
2025-10-28,3295.0,3295.0,3263.0,3279.0,166622,197268,3279.8,3236.1,3310.05,3431.75,-47.38090636572633,-54.90977530777203,7.528868942045698,36.346516007532955,57.5,-15.249835176409505,168785.05,24848661,154380.8,3762.0,1.944125763542215
2025-10-29,3265.0,3283.0,3252.0,3274.0,173766,196026,3284.8,3238.5,3305.1,3426.0,-43.961112996859356,-52.720042845589504,8.758929848730148,39.630390143737166,54.07142857142857,-17.423722747333343,168369.0,24674895,152591.0,-1242.0,-0.6296003406533246
2025-10-30,3276.0,3281.0,3247.0,3254.0,160811,196796,3280.2,3236.0,3298.2,3419.4,-42.376247958608474,-50.6512838681933,8.27503590958483,41.95652173913044,52.285714285714285,-18.965747275311152,168762.45,24514084,151585.95,770.0,0.39280503606664574
2025-10-31,3255.0,3270.0,3225.0,3244.0,181089,199947,3269.2,3246.9,3288.4,3412.483333333333,-41.44934517412594,-48.810896129379834,7.361550955253897,43.46846846846847,53.07142857142857,-22.790401376982736,169048.05,24332995,151700.85,3151.0,1.6011504298867774
2025-11-03,3253.0,3292.0,3219.0,3233.0,263304,207852,3256.8,3256.1,3277.55,3405.4,-41.12827495637839,-47.27437189477955,6.146096938401158,43.566591422121896,56.142857142857146,-17.92254169813119,171709.3,24069691,154162.05,7905.0,3.953547690137893
2025-11-04,3228.0,3245.0,3189.0,3193.0,174057,206960,3239.6,3259.7,3263.9,3399.0666666666666,-43.5989091167603,-46.5392793391757,2.940370222415403,43.566591422121896,56.642857142857146,-38.858565431503294,172806.1,23895634,157866.8,-892.0,-0.42915151165252574
2025-11-05,3177.0,3195.0,3153.0,3166.0,178534,203527,3218.0,3251.4,3251.0,3392.766666666667,-47.19158363994529,-46.669740199329624,-0.5218434406156689,37.188208616780045,56.642857142857146,-62.92369242123628,175405.8,23717100,162447.2,-3433.0,-1.658774642442984
2025-11-06,3166.0,3167.0,3103.0,3106.0,168975,201339,3188.4,3234.3,3237.55,3385.7166666666667,-54.2548860881393,-48.186769377091565,-6.068116711047736,45.938375350140056,49.07142857142857,-90.04706532044304,178400.55,23548125,167163.85,-2188.0,-1.0750416406668406
2025-11-07,3106.0,3112.0,3038.0,3048.0,309447,214266,3149.2,3209.2,3223.55,3377.7166666666667,-63.797303834295235,-51.3088762685323,-12.488427565762933,38.63080684596577,51.5,-114.77166401194388,186482.15,23238678,172742.05,12927.0,6.420514654388865
2025-11-10,3048.0,3049.0,3019.0,3036.0,259714,208668,3109.8,3183.3,3210.25,3370.35,-71.50378720995286,-55.34785845681641,-16.15592875313645,35.06172839506172,51.142857142857146,-112.53655556843071,192370.0,22978964,178011.1,-5598.0,-2.6126403629133876
2025-11-11,3026.0,3064.0,3015.0,3050.0,252208,193828,3081.2,3160.4,3198.25,3363.1666666666665,-75.60996321982793,-59.400279409418715,-16.209683810409217,19.571865443425082,48.07142857142857,-92.03658345746949,199944.15,23231172,182747.1,-14840.0,-7.11177564360611
2025-11-12,3055.0,3076.0,3047.0,3063.0,183695,198272,3060.6,3139.3,3188.9,3355.7833333333333,-76.92836364671166,-62.905896256877305,-14.022467389834354,15.705128205128204,45.57142857142857,-71.67113787618428,203488.15,23414867,188521.55,4444.0,2.2927544008089606
2025-11-13,3052.0,3058.0,2999.0,3029.0,269855,193772,3045.2,3116.8,3176.4,3347.883333333333,-79.79687265755547,-66.28409153701294,-13.512781120542527,8.333333333333329,47.42857142857143,-79.26095234475284,211962.65,23145012,194628.35,-4500.0,-2.26960942543577
2025-11-14,3034.0,3056.0,3001.0,3037.0,267916,192751,3043.0,3096.1,3171.5,3340.633333333333,-80.49673729388542,-69.12662068838745,-11.37011660549797,10.670731707317074,48.42857142857143,-71.08705054842703,217165.4,23412928,196589.75,-1021.0,-0.526907912391883
2025-11-17,3048.0,3049.0,3034.0,3039.0,59488,194310,3043.6,3076.7,3166.4,3333.6,-79.96817839307414,-71.29493222932479,-8.673246163749354,11.783439490445872,47.214285714285715,-61.29863328555104,212139.45,23472416,197920.0,1559.0,0.8088155184668322
2025-11-18,3054.0,3072.0,3029.0,3032.0,157143,191962,3040.0,3060.6,3160.15,3326.25,-79.20115158026647,-72.87617609951312,-6.324975480753352,11.708860759493675,48.07142857142857,-54.980377145351454,211577.05,23315273,198417.1,-2348.0,-1.2083783644691426
2025-11-19,3042.0,3066.0,3025.0,3045.0,182054,181181,3036.4,3048.5,3149.95,3319.45,-76.66059038413232,-73.63305895643695,-3.027531427695365,16.18122977346279,48.57142857142857,-49.47254739648075,207204.55,23497327,198133.7,-10781.0,-5.616215709359141
2025-11-20,3021.0,3062.0,2976.0,3058.0,317665,172183,3042.2,3043.7,3139.0,3312.85,-72.75946021184336,-73.45833920751824,0.6988789956748747,20.192307692307693,51.5,-50.29735376241979,208938.4,23814992,197008.0,-8998.0,-4.966304413818223
2025-11-21,3072.0,3086.0,3000.0,3009.0,219256,166038,3036.6,3039.8,3124.5,3305.25,-72.78268346475807,-73.3232080589662,0.5405245942081365,18.0,52.42857142857143,-45.979418408752004,209044.5,23595736,195522.6,-6145.0,-3.5688772991526507
2025-11-24,3012.0,3062.0,2991.0,3060.0,225825,161041,3040.8,3042.2,3112.75,3298.2,-67.90306996245727,-72.23918043966442,4.336110477207157,31.578947368421055,53.5,-39.29353364606209,208571.2,23821561,193899.35,-4997.0,-3.0095520302581336
2025-11-25,3060.0,3074.0,3045.0,3068.0,160056,153792,3048.0,3044.0,3102.2,3290.8,-62.668010153390696,-70.32494638240968,7.6569362290189815,35.672514619883046,52.57142857142857,-23.029027456187492,208242.9,23981617,191725.55,-7249.0,-4.501338168540936
2025-11-26,3054.0,3068.0,3024.0,3043.0,187910,152279,3047.6,3042.0,3090.65,3282.8,-59.84660420436785,-68.22927794680132,8.382673742433468,39.73941368078176,51.142857142857146,-28.84625784257546,208950.1,23793707,189538.2,-1513.0,-0.983796296296291
2025-11-27,3027.0,3040.0,3003.0,3007.0,222866,154449,3037.4,3039.8,3078.3,3275.0666666666666,-59.82588325622373,-66.54859900868581,6.722715752462079,42.80701754385965,48.714285714285715,-42.737831833310366,212052.85,23570841,187420.85,2170.0,1.4250159247171323
2025-11-28,3012.0,3019.0,2953.0,2996.0,364819,133952,3034.8,3035.7,3065.9,3266.383333333333,-60.005365325270304,-65.23995227200271,5.234586946732406,42.95774647887323,51.285714285714285,-58.7431123395054,221239.35,23206022,184121.1,-20497.0,-13.271047400760116
2025-12-01,2988.0,3007.0,2975.0,2990.0,164574,122004,3020.8,3030.8,3053.75,3257.766666666667,-59.94079583150051,-64.18012098390227,4.239325152401761,39.130434782608695,50.07142857142857,-59.55357101840657,216302.85,23041448,179828.7,-11948.0,-8.919612995699955
2025-12-02,2983.0,2983.0,2910.0,2916.0,222484,136104,2990.4,3019.2,3039.9,3247.366666666667,-65.1102551075328,-64.36614780862838,-0.7441072989044102,28.1899109792285,53.714285714285715,-110.92209113672725,218724.2,22818964,176285.9,14100.0,11.556998131208807
2025-12-03,2911.0,2957.0,2884.0,2952.0,251063,112712,2972.2,3009.9,3029.2,3237.383333333333,-65.54660918297031,-64.60224008349678,-0.9443690994735334,38.64306784660767,54.357142857142854,-114.25889161696884,222350.65,23070027,171745.15,-23392.0,-17.186857109269383
2025-12-04,2967.0,2972.0,2941.0,2952.0,129735,104372,2961.2,2999.3,3021.5,3227.4166666666665,-65.14151212887782,-64.71009449257299,-0.431417636304829,37.16012084592145,52.642857142857146,-82.69095057805929,220388.65,23070027,166896.8,-8340.0,-7.399389594719286
2025-12-05,2964.0,2967.0,2935.0,2959.0,104946,180668,2953.8,2994.3,3017.05,3218.9333333333334,-63.52337042406043,-64.47274967887049,0.9493792548100544,38.095238095238095,53.857142857142854,-75.01006719228502,210163.6,23174973,165216.9,76296.0,73.10006515157322
2025-12-08,2965.0,2978.0,2933.0,2959.0,171875,195139,2947.6,2984.2,3013.2,3210.9666666666667,-61.531682530838225,-63.88453624926404,2.3528537184258127,38.90577507598784,54.0,-63.93862671789893,205771.65,23174973,164540.45,14471.0,8.00971948546505
2025-12-09,2940.0,2963.0,2928.0,2943.0,167841,201816,2953.0,2971.7,3007.85,3202.6833333333334,-60.5463808192726,-63.21690516326575,2.6705243439931508,34.638554216867476,53.57142857142857,-69.25555095392076,201553.3,23007132,164939.85,6677.0,3.4216635321488775
2025-12-10,2952.0,2953.0,2916.0,2940.0,141233,205972,2950.6,2961.4,3001.7,3194.6833333333334,-59.32374978235657,-62.43827408708392,3.1145243047273468,31.67701863354037,50.07142857142857,-70.51862743656618,199430.2,22865899,165324.85,4156.0,2.0593015419986482
2025-12-11,2954.0,2997.0,2943.0,2960.0,256002,208301,2952.2,2956.7,2998.25,3186.516666666667,-56.09435224879098,-61.169489719425336,5.075137470634353,41.63822525597269,48.0,-33.69018465827067,198737.55,23121901,166051.3,2329.0,1.130736216573136
2025-12-12,2940.0,2985.0,2903.0,2962.0,311581,214417,2952.8,2953.3,2994.5,3178.1666666666665,-52.76540144900309,-59.48867206534089,6.7232706163378,29.91803278688525,48.785714285714285,-47.06666127183055,200920.8,23433482,167134.6,6116.0,2.936135688258812
2025-12-15,2941.0,2989.0,2931.0,2963.0,210957,207121,2953.6,2950.6,2990.7,3171.4166666666665,-49.47616191698626,-57.486170035669964,8.010008118683707,27.84810126582279,50.857142857142854,-31.37790189931554,208494.25,23644439,167775.15,-7296.0,-3.402715269778045
2025-12-16,2950.0,2951.0,2888.0,2894.0,372360,237057,2943.8,2948.4,2983.8,3163.1,-51.83956499683654,-56.35684902790328,4.517284031066737,23.487544483985758,53.07142857142857,-77.21337333071585,219255.1,23272079,170029.9,29936.0,14.453387150506236
2025-12-17,2877.0,3014.0,2855.0,3012.0,504034,235465,2958.2,2954.4,2982.15,3156.45,-43.68736438991846,-53.82295210030632,10.13558771038786,50.68870523415978,61.57142857142857,-20.440135977045337,235354.1,23776113,172744.1,-1592.0,-0.6715684413453271
2025-12-18,2960.0,2996.0,2935.0,2952.0,410415,224692,2956.6,2954.4,2976.85,3148.233333333333,-41.588775716236796,-51.37611682349242,9.787341107255621,44.66019417475729,62.357142857142854,-16.301661455074047,239991.6,23365698,175369.55,-10773.0,-4.575202259359146
2025-12-19,2938.0,2945.0,2895.0,2909.0,327221,217948,2946.0,2949.4,2971.85,3139.6,-42.900835579121576,-49.68106057461825,6.780224995496674,40.97995545657016,64.14285714285714,-62.51661966377409,245389.85,23038477,177965.05,-6744.0,-3.0014419739020526
2025-12-22,2930.0,3011.0,2921.0,2995.0,366642,217171,2952.4,2953.0,2968.6,3132.5,-36.57950543660536,-47.060749547015675,10.481244110410316,58.56832971800434,65.71428571428571,12.4002839524481,252430.7,23405119,180771.55,-777.0,-0.3565070567291273
2025-12-23,3020.0,3020.0,2965.0,2977.0,242206,204742,2969.0,2956.4,2964.05,3125.4333333333334,-32.645933325670285,-44.1777863027466,11.531852977076312,52.8216704288939,64.42857142857143,38.8210350662399,256538.2,23162913,183319.05,-12429.0,-5.723139829903623
2025-12-24,2990.0,3004.0,2975.0,2996.0,187941,190035,2965.8,2962.0,2961.7,3119.15,-27.67637189031393,-40.87750342026007,13.201131529946139,54.76190476190476,64.28571428571429,59.70479178835723,256539.75,23350854,185206.85,-14707.0,-7.183186644655226
2025-12-25,2996.0,3010.0,2983.0,2995.0,162574,181112,2974.4,2965.5,2961.1,3112.5333333333333,-23.54721268152707,-37.411445272513475,13.864232590986404,53.94736842105264,63.92857142857143,75.2473697235577,253525.15,23188280,186540.0,-8923.0,-4.695450838003524
2025-12-26,3008.0,3020.0,2987.0,2995.0,181818,157219,2991.6,2968.8,2961.05,3105.116666666667,-20.043772131263268,-33.93791064426343,13.894138513000165,53.94736842105264,63.07142857142857,80.71819905283924,244375.1,23188280,187703.35,-23893.0,-13.192389239807412
2025-12-29,3010.0,3016.0,2967.0,3008.0,237579,141333,2994.2,2973.3,2961.95,3097.75,-16.03345520862058,-30.357019557134866,14.323564348514285,57.17439293598233,64.07142857142857,71.7463815645295,248025.35,23425859,188669.8,-15886.0,-10.10437669747295
2025-12-30,3025.0,3053.0,3017.0,3038.0,243652,118184,3006.4,2987.7,2968.05,3090.616666666667,-10.315589184230248,-26.348733482553943,16.033144298323695,60.208333333333336,64.64285714285714,116.73506550975249,249083.75,23669511,187773.8,-23149.0,-16.379048063792602
2025-12-31,3022.0,3027.0,2992.0,3022.0,164147,95576,3011.6,2988.7,2971.55,3083.9166666666665,-6.994576325414073,-22.47790205112597,15.483325725711897,56.51260504201681,63.857142857142854,71.66512510268781,244737.95,23505364,186917.0,-22608.0,-19.129492993975493
2026-01-05,3172.0,3211.0,3111.0,3133.0,297779,95437,3039.2,3006.8,2980.6,3079.883333333333,4.541767952295231,-17.073968050441728,21.61573600273696,64.61538461538461,71.5,168.47377266228926,253140.15,23803143,186470.25,-139.0,-0.14543400016741037
2026-01-06,3158.0,3193.0,3135.0,3156.0,224437,209414,3071.4,3031.5,2990.45,3077.016666666667,15.363214119135137,-10.586531616526354,25.94974573566149,65.89785831960461,71.64285714285714,132.18472707855153,259114.7,24027580,187907.55,113977.0,119.42642790531974
2026-01-07,3167.0,3181.0,3121.0,3160.0,309749,222253,3101.8,3048.0,3000.5,3074.65,23.98556408894865,-3.672112475431354,27.657676564380004,74.53874538745387,70.57142857142857,104.3596953735843,266008.4,24337329,189263.25,12839.0,6.130917703687433
2026-01-08,3183.0,3188.0,3128.0,3132.0,244582,224334,3120.6,3063.5,3009.95,3072.016666666667,28.234008491634995,2.709111717981916,25.52489677365308,63.27433628318584,63.5,87.29651322960746,269845.45,24092747,190389.15,2081.0,0.9363203196357306
2026-01-09,3156.0,3187.0,3146.0,3171.0,233978,225660,3150.4,3081.0,3021.5,3070.7,34.35191782716856,9.037672939819245,25.314244887349318,75.40603248259862,61.92857142857143,85.83271669068736,274482.7,24326725,191373.55,1326.0,0.5910829388322769
2026-01-12,3171.0,3187.0,3135.0,3157.0,220926,222525,3155.2,3097.2,3031.35,3068.6666666666665,37.636867673216784,14.757511886498754,22.87935578671803,80.84577114427861,61.57142857142857,71.72748898331474,272728.9,24105799,192084.75,-3135.0,-1.3892581760170164
2026-01-13,3131.0,3153.0,3093.0,3140.0,280447,207908,3152.0,3111.7,3040.25,3068.75,38.42551079848863,19.491111668896732,18.9343991295919,71.77177177177177,58.857142857142854,49.35211847395279,271172.2,23825352,191759.3,-14617.0,-6.568700146051009
2026-01-14,3168.0,3190.0,3151.0,3168.0,199146,203327,3153.6,3127.7,3050.5,3069.2,40.8391142636051,23.760712187838408,17.07840207576669,77.84256559766764,58.5,64.39485745797798,270581.65,24024498,191569.6,-4581.0,-2.203378417376922
2026-01-15,3199.0,3210.0,3155.0,3167.0,159746,199517,3160.6,3140.6,3064.15,3069.366666666667,42.1849390381135,27.445557557893427,14.739381480220072,76.3076923076923,60.357142857142854,62.58250173188467,259950.95,23864752,189692.6,-3810.0,-1.873828856964399
2026-01-16,3153.0,3154.0,3123.0,3130.0,131850,193865,3152.4,3151.4,3070.05,3067.383333333333,39.807053160157466,29.917856678346237,9.88919648181123,68.69806094182826,61.57142857142857,35.79626034870495,241341.75,23732902,187612.6,-5652.0,-2.8328413117679196
2026-01-19,3149.0,3156.0,3126.0,3142.0,124762,191534,3149.4,3152.3,3079.55,3065.133333333333,38.44766048471956,31.623817439620904,6.823843045098659,69.70509383378017,61.357142857142854,34.970911819027954,227059.1,23857664,185954.7,-2331.0,-1.202383101642901
2026-01-20,3142.0,3156.0,3124.0,3139.0,118917,190549,3149.2,3150.6,3091.05,3062.4666666666667,36.70514302693027,32.64008255708278,4.065060469847495,68.04407713498622,60.142857142857146,30.482880846393527,216643.9,23738747,184584.75,-985.0,-0.5142690070692457
2026-01-21,3150.0,3167.0,3134.0,3157.0,148540,187438,3147.0,3150.3,3099.15,3060.1666666666665,36.35752800413866,33.383571646493955,2.9739563576447026,66.95156695156695,59.285714285714285,34.84131267294566,205738.8,23887287,183098.1,-3111.0,-1.6326509191861405
2026-01-22,3179.0,3242.0,3169.0,3242.0,299851,203357,3162.0,3161.3,3112.4,3059.55,42.451476028969864,35.19715252298914,7.254323505980722,76.19047619047619,62.07142857142857,71.20078393389583,208621.05,24187138,183028.85,15919.0,8.49294166604424
2026-01-23,3212.0,3256.0,3210.0,3236.0,211970,186664,3183.2,3167.8,3124.4,3058.9166666666665,46.263526748949516,37.41042736818122,8.853099380768299,66.34920634920636,51.857142857142854,74.97342121896557,209822.5,23975168,182860.3,-16693.0,-8.208716690352436
2026-01-26,3244.0,3295.0,3239.0,3279.0,221863,173774,3210.6,3180.0,3138.6,3059.3333333333335,52.15315592558363,40.3589730796617,11.794182845921931,68.35820895522389,51.785714285714285,90.26004032458047,212786.95,24197031,182493.4,-12890.0,-6.905455792225601
2026-01-27,3279.0,3299.0,3260.0,3279.0,189561,163341,3238.6,3193.9,3152.8,3059.9166666666665,56.17319979986314,43.52181842370199,12.651381376161154,67.97583081570997,50.285714285714285,87.63215838917253,213174.1,24197031,182799.5,-10433.0,-6.003775018126989
2026-01-28,3279.0,3430.0,3266.0,3410.0,454575,175279,3289.2,3218.1,3172.9,3062.866666666667,69.13279884894382,48.64401450875036,20.48878434019346,82.02764976958525,57.714285714285715,126.51848810758983,224023.9,24651606,184496.8,11938.0,7.308636533387203
2026-01-29,3410.0,3483.0,3396.0,3478.0,402578,170058,3336.4,3249.2,3194.9,3067.616666666667,83.92299412843522,55.69981043268733,28.223183695747892,83.15334773218143,60.0,138.28570592603475,231970.2,25054184,187090.5,-5221.0,-2.978679704927567
2026-01-30,3500.0,3554.0,3407.0,3424.0,362833,145873,3374.0,3278.6,3215.0,3071.9166666666665,90.24667425762709,62.60918319767528,27.637491059951813,76.54075546719682,66.78571428571429,120.61211539514551,241904.5,24691351,189605.35,-24185.0,-14.221618506627154
2026-02-02,3442.0,3467.0,3281.0,3299.0,297354,127490,3378.0,3294.3,3223.3,3075.133333333333,84.20116240149355,66.92757903843894,17.273583363054613,63.01145662847791,75.5,59.19806377910205,241883.25,24393997,191208.0,-18383.0,-12.602057954522083
2026-02-03,3327.0,3331.0,3283.0,3309.0,167414,110778,3384.0,3311.3,3230.95,3079.483333333333,79.30281365493374,69.4026259617379,9.900187693195846,61.88870151770658,75.35714285714286,36.06089304879545,239032.1,24561411,186276.2,-16712.0,-13.108479096399716
2026-02-04,3324.0,3384.0,3311.0,3361.0,148496,98945,3374.2,3331.7,3241.0,3084.9,78.70948841298559,71.26399845198745,7.445489960998145,65.06211180124222,76.78571428571429,51.42307317914636,230969.45,24709907,180110.8,-11833.0,-10.681723807976319
2026-02-05,3341.0,3382.0,3336.0,3339.0,135269,85907,3346.4,3341.4,3251.35,3089.7166666666667,75.59267247227945,72.12973325604585,3.4629392162335932,66.61367249602543,76.92857142857143,46.672527523497756,225503.8,24574638,173189.45,-13038.0,-13.177017534994185
2026-02-06,3342.0,3412.0,3324.0,3386.0,162097,83176,3338.8,3356.4,3262.1,3095.1,76.03855545352417,72.91149769554153,3.127057757982641,68.37349397590361,81.07142857142857,51.2059324192091,221909.75,24736735,166065.25,-2731.0,-3.179019171895192
2026-02-09,3355.0,3378.0,3322.0,3334.0,122832,67415,3345.8,3361.9,3270.95,3100.1833333333334,71.37320957896054,72.60384007222532,-1.2306304932647834,63.67461430575035,83.35714285714286,34.06437546170068,217005.05,24613903,158309.75,-15761.0,-18.94897566605752
2026-02-10,3360.0,3379.0,3340.0,3350.0,104744,156425,3354.0,3369.0,3281.45,3105.4,68.18100743132254,71.71927354404477,-3.5382661127222264,63.57243319268636,84.21428571428571,35.419965411221014,208219.9,24718647,155735.6,89010.0,132.03293035674554
2026-02-11,3347.0,3374.0,3324.0,3373.0,132003,160540,3356.4,3365.3,3291.7,3110.9666666666667,66.737760649768,70.72297096518942,-3.985210315421412,60.0924499229584,81.71428571428571,31.95083735865454,204862.75,24850650,153596.25,4115.0,2.630653667891969
2026-02-12,3392.0,3398.0,3320.0,3343.0,175093,154728,3357.2,3351.8,3300.5,3116.15,62.453305072769126,69.06903778670537,-6.615732713936239,57.949479940564636,84.0,26.76528437990022,205630.1,24675557,151356.8,-5812.0,-3.620281549769533
2026-02-13,3315.0,3336.0,3251.0,3280.0,168925,143472,3336.0,3337.4,3308.0,3120.0666666666666,53.359178280843935,65.92706588553308,-12.567887604689147,50.07215007215007,86.35714285714286,-10.105273146537531,207483.85,24506632,148837.15,-11256.0,-7.274701411509232
2026-02-24,3359.0,3408.0,3346.0,3348.0,154415,145993,3338.8,3342.3,3318.3,3124.9,51.05056978824359,62.95176666607519,-11.901196877831595,54.533508541392905,92.71428571428571,28.5659674284266,208966.5,24661047,146560.1,2521.0,1.7571372811419739
2026-02-25,3348.0,3373.0,3341.0,3358.0,121084,141450,3340.4,3347.2,3329.25,3130.7166666666667,49.45777886340511,60.252969105541176,-10.795190242136066,45.9375,83.28571428571429,18.647892585682197,209074.85,24782131,144105.15,-4543.0,-3.111793031172727
2026-02-26,3358.0,3372.0,3328.0,3357.0,163182,116226,3337.2,3346.8,3339.25,3135.6666666666665,47.56647225433426,57.7156697352998,-10.14919748096554,39.44153577661431,80.21428571428571,10.267314866564748,209806.95,24618949,140544.55,-25224.0,-17.832449628844117
2026-02-27,3330.0,3354.0,3303.0,3346.0,126879,103840,3337.8,3347.5,3344.45,3140.3,44.66511838962833,55.10555946616551,-10.440441076537176,42.641509433962256,73.57142857142857,-10.616817925876301,201158.35,24492070,135568.7,-12386.0,-10.656823774370627
2026-03-02,3370.0,3560.0,3367.0,3529.0,349820,113058,3387.6,3361.8,3359.1,3148.4,56.481264297455255,55.38070043242347,1.1005638650317877,69.5578231292517,75.57142857142857,114.68625997131285,208050.85,24841890,131888.4,9218.0,8.877118644067794
2026-03-03,3530.0,3676.0,3502.0,3639.0,436424,110860,3445.8,3392.3,3377.1,3158.9333333333334,73.87019611358755,59.07859956865629,14.791596544931267,73.98255813953489,84.57142857142857,154.1931257116262,218778.9,25278314,128742.7,-2198.0,-1.9441348688283844
2026-03-04,3750.0,3751.0,3570.0,3660.0,423643,96595,3506.2,3423.3,3396.15,3170.0,88.32739117051642,64.92835788902832,23.3990332814881,72.75494672754947,92.14285714285714,140.21866676013624,230483.0,25701957,125405.4,-14265.0,-12.867580732455352
2026-03-05,3608.0,3758.0,3563.0,3659.0,349593,83498,3566.6,3451.9,3408.6,3181.15,98.56790135847496,71.65626658291765,26.911634775557303,75.15723270440252,102.78571428571429,112.50585492582863,225233.9,25352364,120816.35,-13097.0,-13.558672809151616
2026-03-06,3697.0,3834.0,3656.0,3771.0,415222,85886,3651.6,3494.7,3423.25,3195.4,114.40228510848783,80.20547028803169,34.19681482045614,77.46077032810271,109.21428571428571,121.60659366469338,225866.1,25767586,116607.75,2388.0,2.8599487412872104
2026-03-09,3950.0,4075.0,3870.0,4075.0,191496,79418,3760.8,3574.2,3455.8,3214.116666666667,149.75512382877196,94.11540099617976,55.6397228325922,88.87722980062959,126.35714285714286,147.60437369258358,217299.25,25959082,113285.0,-6468.0,-7.530913070814805
2026-03-10,4153.0,4153.0,3523.0,3746.0,377119,54677,3782.2,3614.0,3478.15,3227.35,149.50159150046193,105.19263909703619,44.308952403425735,65.6398104265403,168.14285714285714,82.32368409986559,221287.5,25581963,109644.35,-24741.0,-31.152887254778516
2026-03-11,3725.0,3844.0,3695.0,3841.0,229568,158972,3818.4,3662.3,3504.75,3242.05,155.17758079878877,115.18962743738672,39.98795336140205,67.48878923766816,175.21428571428572,70.10954010239979,224395.2,25811531,112054.05,104295.0,190.7474806591437
2026-03-12,3940.0,4099.0,3852.0,3980.0,395105,175438,3882.6,3724.6,3535.7,3259.0666666666666,168.9444945704263,125.94060086399463,43.003893706431654,72.01105736005529,188.07142857142858,96.09923083312025,236725.65,26206636,115878.7,16466.0,10.35779885766046
2026-03-13,3980.0,4098.0,3970.0,4089.0,365611,186318,3946.2,3798.9,3573.2,3278.1666666666665,186.50040143344268,138.05256097788424,48.447840455558435,77.09310113864701,190.64285714285714,95.1885402037482,248242.75,26572247,120899.25,10880.0,6.201621085511699
2026-03-16,4035.0,4504.0,3982.0,4464.0,1127569,258609,4024.0,3892.4,3627.1,3303.5666666666666,228.04419853200625,156.05088848870867,71.99331004329758,81.0,218.78571428571428,116.72813995076268,296516.35,27699816,129670.9,72291.0,38.79979390075032
2026-03-17,4365.0,4508.0,4285.0,4409.0,1419479,252993,4156.6,3969.4,3680.85,3327.7166666666667,253.60649883963242,175.56201055889343,78.04448828073899,78.48238482384824,232.42857142857142,107.48670508951099,361348.7,26280337,138949.8,-5616.0,-2.171618157140698
2026-03-18,4369.0,4509.0,4337.0,4400.0,1132604,261472,4268.4,4043.4,3733.35,3351.6833333333334,270.0258908317651,194.45478661346777,75.57110421829731,78.143550998381,241.57142857142858,93.59469730254906,412741.7,25147733,144202.15,8479.0,3.351476127798003
2026-03-19,4598.0,4747.0,4551.0,4625.0,1210752,260425,4397.4,4140.0,3795.95,3379.383333333333,297.76158665657886,215.11614662209,82.64544003448884,80.93855829704887,262.5,103.38303009955548,466679.15,26358485,149196.4,-1047.0,-0.4004252845428935
2026-03-20,4610.0,4620.0,4321.0,4457.0,981168,246628,4471.0,4208.6,3851.65,3405.4333333333334,302.6968288366279,232.6322830649976,70.06454577163029,72.61208576998051,268.92857142857144,73.19253898375126,506982.9,25377317,153791.4,-13797.0,-5.297878467889028
2026-03-23,4465.0,4695.0,4422.0,4661.0,869133,257404,4510.4,4267.2,3920.7,3432.9166666666665,319.3874393328306,249.98331431856423,69.40412501426636,73.81174277726002,276.0,78.3033629896392,541993.3,26246450,159488.0,10776.0,4.369333571208456
2026-03-24,4250.0,4587.0,4220.0,4401.0,1047662,240464,4508.8,4332.7,3973.35,3457.0666666666666,308.083644828911,261.6033804206336,46.480264408277435,65.53459119496856,294.57142857142856,51.509820369753825,586655.65,25198788,164211.55,-16940.0,-6.581094310888725
2026-03-25,4500.0,4504.0,4198.0,4410.0,903232,241074,4510.8,4389.6,4025.95,3482.0833333333335,296.4344195642575,268.5695882493584,27.864831314899106,65.6916005014626,302.5,43.45184983516596,625763.05,26102020,169192.75,610.0,0.25367622596312867
2026-03-26,4408.0,4599.0,4361.0,4543.0,1016787,275580,4494.4,4445.9,4085.25,3507.883333333333,294.5390502593091,273.7634806513486,20.775569607960506,65.99005799502899,306.7857142857143,54.11388496763739,668443.3,27118807,177160.45,34506.0,14.313447323228544
2026-03-27,4647.0,4647.0,4433.0,4532.0,1037274,280023,4509.4,4490.2,4144.55,3533.8,288.8200110573207,276.774786732543,12.045224324777678,60.77322017916077,300.35714285714283,54.56830128723681,713963.05,26081533,185969.6,4443.0,1.6122360113215661
2026-03-30,4600.0,4675.0,4503.0,4513.0,961444,273869,4479.8,4495.1,4193.75,3559.0833333333335,279.53221668473907,277.32627272298225,2.205943961756816,71.17614577581446,267.64285714285717,53.634832549381564,744544.25,25120089,194010.15,-6154.0,-2.197676619420552
2026-03-31,4499.0,4630.0,4440.0,4512.0,1044757,274080,4502.0,4505.4,4237.4,3584.366666666667,268.99013030525475,275.65904423943675,-6.668913934182001,69.53989516598719,270.57142857142856,44.47851971113819,774960.9,24075332,202171.15,211.0,0.07704413423936796
2026-04-01,4537.0,4537.0,4280.0,4284.0,1136775,266123,4476.8,4493.8,4268.6,3605.85,239.47721214121157,268.4226778197917,-28.94546567858015,58.41638981173865,270.5,17.229616459782324,810617.5,22938557,210647.55,-7957.0,-2.90316695855225
2026-04-02,4350.0,4489.0,4236.0,4403.0,1161561,255632,4448.8,4471.6,4305.8,3629.1,223.1183479142128,259.361811838676,-36.243463924463185,58.6453744493392,279.42857142857144,14.47698563340291,851215.9,24100118,219254.25,-10491.0,-3.9421620829466097
2026-04-03,4516.0,4534.0,4224.0,4403.0,1177119,245635,4423.0,4466.2,4337.4,3651.85,207.75891471170144,249.04123241328108,-41.28231770157964,47.883414295628036,264.2857142857143,12.10341985098824,889310.75,24100118,227241.7,-9997.0,-3.9106997558991052
2026-04-07,4444.0,4535.0,4362.0,4428.0,671562,250813,4406.0,4442.9,4355.05,3675.2833333333333,195.3518497842433,238.30335588747351,-42.9515061032302,50.673281360737064,260.7142857142857,19.30869522506011,913314.05,24771680,235811.45,5178.0,2.1080057809351294
2026-04-08,4413.0,4436.0,3950.0,4038.0,1053675,224628,4311.2,4406.6,4369.65,3690.366666666667,152.29387185208452,221.10145908039573,-68.8075872283112,39.89955357142857,283.14285714285717,-51.29273089420872,947141.85,23718005,244309.0,-26185.0,-10.440048960779546
2026-04-09,3987.0,4174.0,3973.0,4165.0,733408,225078,4287.4,4382.1,4385.85,3707.1833333333334,126.954500288688,202.2720673220542,-75.3175670333662,36.422668240850065,272.7142857142857,-75.6012530962208,972333.85,24451413,247614.3,450.0,0.20033121427427414
2026-04-10,4185.0,4191.0,4082.0,4101.0,620645,220478,4227.0,4337.9,4391.9,3722.866666666667,100.54952826279532,181.92755951020243,-81.37803124740711,38.80503144654089,258.7857142857143,-78.31331161283356,983610.85,23830768,249866.3,-4600.0,-2.0437359493153506
2026-04-13,4077.0,4257.0,4060.0,4099.0,538568,219241,4166.2,4294.6,4392.4,3738.983333333333,78.55646438766053,161.25334048569405,-82.69687609803353,29.75504322766571,253.35714285714286,-79.29150322922555,992258.7,23292200,251512.45,-1237.0,-0.5610537105742996
2026-04-14,4085.0,4108.0,3989.0,4043.0,594372,217860,4089.2,4247.6,4371.35,3753.516666666667,55.962964606427704,140.1952653098408,-84.2323007034131,34.88175675675676,230.35714285714286,-93.84991771123188,965598.85,22697828,249475.0,-1381.0,-0.6299004292080412
2026-04-15,4031.0,4062.0,3967.0,4044.0,566414,220124,4090.4,4200.8,4353.1,3768.3,37.70352216122956,119.69691668011856,-81.993394518889,34.43877551020408,215.28571428571428,-86.6425573016522,922945.6,23264242,247831.55,2264.0,1.039199485908382
2026-04-16,4062.0,4087.0,4030.0,4084.0,441098,221356,4074.2,4180.8,4337.3,3784.0333333333333,26.158904608310877,100.98931426575703,-74.83040965744615,28.808864265927966,202.35714285714286,-67.53767213635736,888370.3,23705340,245825.75,1232.0,0.5596845414402862
2026-04-17,4110.0,4116.0,4057.0,4099.0,380926,216415,4073.8,4150.4,4311.0,3799.55,18.012450347667254,84.39394148213907,-66.38149113447182,30.082796688132476,191.28571428571428,-56.4770394023675,846879.0,24086266,243625.25,-4941.0,-2.2321509243029336
2026-04-20,3990.0,4113.0,3954.0,4080.0,729277,208738,4070.0,4118.1,4292.15,3814.766666666667,9.90896110815902,69.49694540734306,-59.58798429918404,30.082796688132476,190.35714285714286,-60.223868429507625,834284.45,23356989,241730.75,-7677.0,-3.547351154032763
2026-04-21,4072.0,4083.0,3993.0,4018.0,475644,208538,4065.0,4077.1,4260.0,3829.5666666666666,-1.4987180522330164,55.297812715427845,-56.79653076766086,28.484320557491287,183.21428571428572,-59.09442187707651,814610.0,22881345,239287.45,-200.0,-0.09581389109792893
2026-04-22,4027.0,4106.0,4027.0,4050.0,418167,204622,4066.2,4078.3,4242.45,3844.7,-7.866572459351119,42.664935680472055,-50.531508139823174,37.71008403361345,171.14285714285714,-46.731339367153275,783135.25,23299512,237495.35,-3916.0,-1.8778352146850974
2026-04-23,4086.0,4130.0,4064.0,4109.0,439922,209900,4071.2,4072.7,4227.4,3860.866666666667,-8.059431924080855,32.52006215956147,-40.579494083642324,33.520179372197305,158.78571428571428,-33.27266263507082,759969.75,23739434,235936.65,5278.0,2.5793902903891164
2026-04-24,4118.0,4250.0,4106.0,4169.0,690323,219225,4085.2,4079.5,4208.7,3877.733333333333,-3.3323624799340905,25.34957723166236,-28.68193971159645,37.71008403361345,146.92857142857142,-11.242783070041105,743646.55,24429757,233118.9,9325.0,4.442591710338251
2026-04-27,4175.0,4289.0,4157.0,4283.0,484736,230610,4125.8,4097.9,4196.25,3895.0833333333335,9.503174691177264,22.18029672356534,-12.677122032388077,43.03554274735831,144.0,11.438236396808101,716019.65,24914493,230648.25,11385.0,5.193294560383177
2026-04-28,4300.0,4394.0,4278.0,4388.0,642152,230550,4199.8,4132.4,4190.0,3914.2833333333333,27.827277321634938,23.30969284317926,4.517584478455678,73.14814814814815,117.57142857142857,51.09051269215143,700055.05,25556645,228482.3,-60.0,-0.026017952387147325
2026-04-29,4408.0,4430.0,4371.0,4409.0,463010,218582,4271.6,4168.9,4184.85,3933.116666666667,43.54186169226068,27.356126612995546,16.185735079265136,68.76923076923077,107.42857142857143,74.5766582942174,670967.7,26019655,225707.4,-11968.0,-5.191064844936022
2026-04-30,4455.0,4468.0,4412.0,4424.0,459912,196280,4334.6,4202.9,4191.85,3952.2,56.55423563856493,33.195748418109424,23.35848722045551,76.87188019966722,103.85714285714286,81.31981959453704,637124.55,26479567,222215.25,-22302.0,-10.203035931595462
2026-05-06,4388.0,4482.0,4366.0,4453.0,224732,204021,4391.4,4238.3,4194.35,3969.5833333333335,68.4180131105868,40.2402013566049,28.1778117539819,78.18471337579618,98.07142857142857,77.83657837460598,590283.1,26704299,219634.7,7741.0,3.94385571632363
2026-05-07,4389.0,4410.0,4264.0,4308.0,465775,187146,4396.4,4261.1,4189.6,3983.4166666666665,65.36635143640888,45.2654313725657,20.100920063843176,68.47977684797769,103.07142857142857,45.47088094990509,554715.9,26238524,216710.25,-16875.0,-8.27120737571132
2026-05-08,4246.0,4328.0,4227.0,4294.0,318792,172889,4377.6,4288.7,4182.9,3997.9166666666665,61.11372361263511,48.435089820579584,12.678633792055528,67.12328767123287,103.5,35.83993612320174,537077.4,25919732,212814.05,-14257.0,-7.618116336977543
2026-05-11,4300.0,4387.0,4297.0,4360.0,301944,173574,4367.8,4319.7,4199.0,4015.6,62.35039727078765,51.218151310621195,11.132245960166458,68.25396825396825,106.07142857142857,53.512841118720495,499490.85,26221676,210261.35,685.0,0.39620797158870236
