date,symbol,close,volume,open_interest,roll_yield
20250526,LU2506,3550.0,558.0,2834.0,-0.0677967905054282
20250526,LU2507,3530.0,79369.0,52907.0,-0.2091780354911129
20250526,LU2508,3469.0,45534.0,67751.0,-0.1321752493356002
20250526,LU2509,3431.0,14096.0,21990.0,-0.0771932486465596
20250526,LU2510,3409.0,350.0,558.0,-0.0635295601471732
20250526,LU2511,3391.0,15.0,161.0,-0.0781067846290294
20250526,LU2512,3369.0,3.0,246.0,-0.032099885391636
20250526,LU2601,3360.0,20.0,593.0,-0.1004189960461989
20250526,LU2602,3332.0,0.0,148.0,-0.0324568191856684
20250526,LU2603,3323.0,0.0,132.0,-0.0108384773287205
20250526,LU2604,3320.0,1.0,23.0,-0.1271775719018803
20250526,LU2605,3285.0,0.0,17.0,0.0
20250527,LU2506,3520.0,19.0,2816.0,-0.0273037660456264
20250527,LU2507,3512.0,61702.0,47297.0,-0.2241766588577024
20250527,LU2508,3447.0,46356.0,64572.0,-0.111921534143699
20250527,LU2509,3415.0,15857.0,28390.0,-0.0846315585510224
20250527,LU2510,3391.0,250.0,656.0,-0.1423926526599385
20250527,LU2511,3351.0,5.0,158.0,-0.1115283099213143
20250527,LU2512,3320.0,6.0,247.0,0.0864349475286962
20250527,LU2601,3344.0,12.0,590.0,-0.043139651014307
20250527,LU2602,3332.0,0.0,148.0,-0.0324568191856684
20250527,LU2603,3323.0,0.0,132.0,-0.0108384773287205
20250527,LU2604,3320.0,0.0,23.0,-0.1381414831259758
20250527,LU2605,3282.0,1.0,17.0,0.0
20250528,LU2506,3500.0,196.0,2632.0,-0.1067592060930645
20250528,LU2507,3469.0,85152.0,37713.0,-0.1917809233843661
20250528,LU2508,3414.0,70069.0,64382.0,-0.1165572077579989
20250528,LU2509,3381.0,25258.0,36677.0,-0.060489379380568
20250528,LU2510,3364.0,629.0,747.0,-0.0751456160728806
20250528,LU2511,3343.0,12.0,155.0,-0.068396765337118
20250528,LU2512,3324.0,7.0,245.0,-0.0252974043394366
20250528,LU2601,3317.0,31.0,573.0,-0.0108580915265298
20250528,LU2602,3314.0,21.0,134.0,-0.0726394469870707
20250528,LU2603,3294.0,11.0,136.0,-0.1134673697311801
20250528,LU2604,3263.0,1.0,24.0,0.0550375525254511
20250528,LU2605,3278.0,3.0,18.0,0.0
20250529,LU2506,3590.0,433.0,2200.0,-0.1074433590785292
20250529,LU2507,3558.0,69970.0,30990.0,-0.1732514170272278
20250529,LU2508,3507.0,65424.0,64927.0,-0.1480437654942276
20250529,LU2509,3464.0,26016.0,38299.0,-0.0625182311334102
20250529,LU2510,3446.0,635.0,929.0,-0.0488514777602643
20250529,LU2511,3432.0,21.0,147.0,-0.0842108719037584
20250529,LU2512,3408.0,12.0,244.0,-0.0706299861271364
20250529,LU2601,3388.0,47.0,554.0,-0.0674857483847055
20250529,LU2602,3369.0,34.0,122.0,-0.0535476122807841
20250529,LU2603,3354.0,11.0,141.0,0.0071535024473112
20250529,LU2604,3356.0,1.0,24.0,-0.0789240513162904
20250529,LU2605,3334.0,7.0,23.0,0.0
20250530,LU2506,3450.0,7.0,2200.0,-0.0767667636928203
20250530,LU2507,3428.0,65988.0,21787.0,-0.1692154948872719
20250530,LU2508,3380.0,104358.0,57020.0,-0.1213212831635422
20250530,LU2509,3346.0,24715.0,39210.0,-0.1044581111966019
20250530,LU2510,3317.0,1051.0,1332.0,-0.1090255833939959
20250530,LU2511,3287.0,14.0,148.0,-0.0512195899564673
20250530,LU2512,3273.0,41.0,255.0,-0.0183458222554437
20250530,LU2601,3268.0,50.0,562.0,-0.0441447462895505
20250530,LU2602,3256.0,4.0,120.0,-0.0813562438245456
20250530,LU2603,3234.0,7.0,141.0,-0.0520608191831775
20250530,LU2604,3220.0,3.0,25.0,-0.0560312302042033
20250530,LU2605,3205.0,21.0,33.0,0.0
20250603,LU2507,3509.0,30081.0,16522.0,-0.1479588636919642
20250603,LU2508,3466.0,80293.0,63811.0,-0.1427966349507088
20250603,LU2509,3425.0,23910.0,41885.0,-0.1161810454143833
20250603,LU2510,3392.0,433.0,1351.0,-0.0745233801327956
20250603,LU2511,3371.0,26.0,142.0,-0.0249443296946641
20250603,LU2512,3364.0,9.0,255.0,-0.1110953134211876
20250603,LU2601,3333.0,5.0,561.0,0.0107962220507713
20250603,LU2602,3336.0,3.0,120.0,-0.0432432900395825
20250603,LU2603,3324.0,3.0,141.0,-0.0579011979810829
20250603,LU2604,3308.0,1.0,24.0,-0.0800730905564231
20250603,LU2605,3286.0,4.0,33.0,-0.2360248183235248
20250603,LU2606,3222.0,0.0,0.0,0.0
20250604,LU2507,3570.0,27789.0,13899.0,-0.1999763832630308
20250604,LU2508,3511.0,95189.0,65859.0,-0.1374979236797521
20250604,LU2509,3471.0,35421.0,43126.0,-0.1111440651542411
20250604,LU2510,3439.0,994.0,1429.0,-0.1262800311763257
20250604,LU2511,3403.0,26.0,144.0,-0.0353149166001069
20250604,LU2512,3393.0,24.0,248.0,-0.0425155449161292
20250604,LU2601,3381.0,20.0,562.0,-0.121285217958713
20250604,LU2602,3347.0,2.0,120.0,-0.0791369774564645
20250604,LU2603,3325.0,5.0,141.0,0.0755511414817779
20250604,LU2604,3346.0,3.0,25.0,-0.1298089581079277
20250604,LU2605,3310.0,7.0,33.0,-0.3233508556102673
20250604,LU2606,3222.0,0.0,0.0,0.0
20250605,LU2507,3558.0,9589.0,11797.0,-0.2350011244680759
20250605,LU2508,3489.0,85518.0,63657.0,-0.1348911739364245
20250605,LU2509,3450.0,29794.0,42832.0,-0.1048041596250546
20250605,LU2510,3420.0,908.0,1643.0,-0.1021882551721461
20250605,LU2511,3391.0,13.0,151.0,-0.0781067846290294
20250605,LU2512,3369.0,9.0,245.0,-0.0463941098334732
20250605,LU2601,3356.0,13.0,558.0,-0.1077528940106863
20250605,LU2602,3326.0,4.0,120.0,-0.0651192433114925
20250605,LU2603,3308.0,3.0,141.0,-0.0545372852066121
20250605,LU2604,3293.0,4.0,24.0,-0.0474669719780981
20250605,LU2605,3280.0,7.0,34.0,0.0036579789949459
20250605,LU2606,3281.0,9.0,9.0,0.0
20250606,LU2507,3594.0,14716.0,9063.0,-0.2326242251656242
20250606,LU2508,3525.0,98909.0,71166.0,-0.1576264811331238
20250606,LU2509,3479.0,40231.0,46135.0,-0.1108873036209192
20250606,LU2510,3447.0,1340.0,1838.0,-0.0873493447767184
20250606,LU2511,3422.0,17.0,155.0,-0.1198247841623258
20250606,LU2512,3388.0,6.0,246.0,-0.0354715008503956
20250606,LU2601,3378.0,40.0,534.0,-0.1034642948824897
20250606,LU2602,3349.0,27.0,95.0,0.0286310902299652
20250606,LU2603,3357.0,6.0,140.0,-0.1982324699995386
20250606,LU2604,3302.0,0.0,24.0,0.036286692300923
20250606,LU2605,3312.0,0.0,34.0,-0.2156950683815865
20250606,LU2606,3253.0,2.0,9.0,0.0
20250609,LU2507,3583.0,4237.0,7967.0,-0.2333453826949351
20250609,LU2508,3514.0,103934.0,68214.0,-0.1235708859937694
20250609,LU2509,3478.0,38910.0,47259.0,-0.114402137597633
20250609,LU2510,3445.0,1312.0,2161.0,-0.0383777038840571
20250609,LU2511,3434.0,7.0,155.0,-0.1158750774027044
20250609,LU2512,3401.0,12.0,248.0,0.0105804562328309
20250609,LU2601,3404.0,41.0,541.0,-0.0849060145944028
20250609,LU2602,3380.0,19.0,91.0,-0.053372956778835
20250609,LU2603,3365.0,9.0,132.0,-0.0679483263847065
20250609,LU2604,3346.0,1.0,23.0,-0.1044581111966019
20250609,LU2605,3317.0,5.0,33.0,-0.0652964126216526
20250609,LU2606,3299.0,6.0,4.0,0.0
20250610,LU2507,3625.0,2889.0,7291.0,-0.2204961813429897
20250610,LU2508,3559.0,82272.0,69924.0,-0.1390435225522703
20250610,LU2509,3518.0,36140.0,48026.0,-0.1234296596324298
20250610,LU2510,3482.0,1282.0,2464.0,-0.0483453891324219
20250610,LU2511,3468.0,2.0,155.0,-0.0694044734021856
20250610,LU2512,3448.0,24.0,250.0,-0.0593110671016079
20250610,LU2601,3431.0,24.0,539.0,-0.010497157689352
20250610,LU2602,3428.0,4.0,90.0,-0.0666960909572081
20250610,LU2603,3409.0,1.0,132.0,-0.1558923607088992
20250610,LU2604,3365.0,1.0,23.0,-0.0249888532961045
20250610,LU2605,3358.0,1.0,33.0,-0.0644970200008797
20250610,LU2606,3340.0,1.0,4.0,0.0
20250611,LU2507,3622.0,2572.0,6644.0,-0.1970816740502721
20250611,LU2508,3563.0,84126.0,69392.0,-0.1320741425971903
20250611,LU2509,3524.0,37867.0,49920.0,-0.1576715057021012
20250611,LU2510,3478.0,2970.0,2953.0,-0.0484011027828302
20250611,LU2511,3464.0,8.0,150.0,-0.1078737146956046
20250611,LU2512,3433.0,47.0,249.0,-0.0665986812396741
20250611,LU2601,3414.0,24.0,532.0,0.0700936572364185
20250611,LU2602,3434.0,2.0,90.0,-0.2221959146803217
20250611,LU2603,3371.0,13.0,134.0,-0.0392215473217302
20250611,LU2604,3360.0,2.0,23.0,-0.0429338561746076
20250611,LU2605,3348.0,1.0,33.0,-0.0251158710313125
20250611,LU2606,3341.0,1.0,4.0,0.0
20250612,LU2507,3687.0,4639.0,5912.0,-0.1374810454966322
20250612,LU2508,3645.0,112717.0,71722.0,-0.1191076775996391
20250612,LU2509,3609.0,39802.0,51753.0,-0.1303815584292451
20250612,LU2510,3570.0,2184.0,3382.0,-0.1012664237503751
20250612,LU2511,3540.0,7.0,152.0,-0.0918762463439177
20250612,LU2512,3513.0,69.0,244.0,-0.0582109858848113
20250612,LU2601,3496.0,47.0,525.0,-0.0309322811972991
20250612,LU2602,3487.0,14.0,93.0,-0.0759496206197701
20250612,LU2603,3465.0,15.0,131.0,-0.0346821050668006
20250612,LU2604,3455.0,6.0,23.0,0.0208212892028889
20250612,LU2605,3461.0,8.0,38.0,-0.4234488153430529
20250612,LU2606,3341.0,0.0,4.0,0.0
20250613,LU2507,3879.0,5559.0,4931.0,-0.1556845915520714
20250613,LU2508,3829.0,227664.0,67171.0,-0.1386934272689443
20250613,LU2509,3785.0,96672.0,54389.0,-0.1467322907332247
20250613,LU2510,3739.0,4814.0,3479.0,-0.1420516991377384
20250613,LU2511,3695.0,106.0,136.0,-0.0553371386164292
20250613,LU2512,3678.0,123.0,247.0,-0.0228602600091853
20250613,LU2601,3671.0,396.0,530.0,-0.1017650743925751
20250613,LU2602,3640.0,50.0,94.0,-0.0131940640010026
20250613,LU2603,3636.0,38.0,133.0,-0.3550356644403244
20250613,LU2604,3530.0,10.0,23.0,0.3186770083371921
20250613,LU2605,3625.0,16.0,38.0,0.0429575014715093
20250613,LU2606,3638.0,4.0,4.0,0.0
20250616,LU2507,3925.0,1630.0,4643.0,-0.1569454349948116
20250616,LU2508,3874.0,134045.0,62480.0,-0.1402067098757602
20250616,LU2509,3829.0,83221.0,57837.0,-0.1260184855043243
20250616,LU2510,3789.0,2587.0,3684.0,-0.1561982473202784
20250616,LU2511,3740.0,32.0,136.0,-0.0707966655262592
20250616,LU2512,3718.0,43.0,266.0,-0.074464018789046
20250616,LU2601,3695.0,54.0,543.0,-0.0880080000713599
20250616,LU2602,3668.0,3.0,92.0,-0.0853628770656267
20250616,LU2603,3642.0,8.0,132.0,-0.0793391319877538
20250616,LU2604,3618.0,2.0,22.0,0.0066316663749168
20250616,LU2605,3620.0,3.0,37.0,-0.0831604159760355
20250616,LU2606,3595.0,2.0,6.0,0.0
20250617,LU2507,3846.0,2011.0,3604.0,-0.1254585395115627
20250617,LU2508,3806.0,162215.0,56538.0,-0.1395364559414292
20250617,LU2509,3762.0,93093.0,63017.0,-0.118606548567789
20250617,LU2510,3725.0,4540.0,4405.0,-0.0808083861761288
20250617,LU2511,3700.0,16.0,133.0,-0.110780042791986
20250617,LU2512,3666.0,87.0,297.0,-0.0755235766930379
20250617,LU2601,3643.0,93.0,549.0,0.0755235766930381
20250617,LU2602,3666.0,12.0,88.0,-0.1548408580308941
20250617,LU2603,3619.0,8.0,132.0,-0.1300193300279577
20250617,LU2604,3580.0,1.0,21.0,-0.0167714911996556
20250617,LU2605,3575.0,5.0,38.0,-0.107896203151632
20250617,LU2606,3543.0,3.0,7.0,0.0
20250618,LU2507,3981.0,933.0,3308.0,-0.1822358484958272
20250618,LU2508,3921.0,116884.0,52159.0,-0.1075964682593548
20250618,LU2509,3886.0,73307.0,72487.0,-0.1179218178214596
20250618,LU2510,3848.0,4726.0,4953.0,-0.1348504978777312
20250618,LU2511,3805.0,70.0,141.0,-0.1204447512449421
20250618,LU2512,3767.0,34.0,303.0,-0.1088007453294861
20250618,LU2601,3733.0,73.0,553.0,0.0737083369628371
20250618,LU2602,3756.0,25.0,79.0,-0.141404957064748
20250618,LU2603,3712.0,2.0,132.0,-0.0973767853568157
20250618,LU2604,3682.0,4.0,21.0,-0.5024995903756416
20250618,LU2605,3531.0,0.0,38.0,0.3582355577961735
20250618,LU2606,3638.0,5.0,11.0,0.0
20250619,LU2507,4072.0,363.0,3257.0,-0.2200805180401589
20250619,LU2508,3998.0,133317.0,51898.0,-0.151021374083678
20250619,LU2509,3948.0,84407.0,82268.0,-0.1222006486883859
20250619,LU2510,3908.0,12761.0,6370.0,-0.1731988829358867
20250619,LU2511,3852.0,79.0,140.0,-0.1441647007430567
20250619,LU2512,3806.0,36.0,306.0,-0.0600554394516001
20250619,LU2601,3787.0,72.0,538.0,-0.0858622982142558
20250619,LU2602,3760.0,16.0,77.0,-0.0640001517043514
20250619,LU2603,3740.0,5.0,130.0,-0.0643433176966248
20250619,LU2604,3720.0,5.0,21.0,-0.1493121779054549
20250619,LU2605,3674.0,3.0,41.0,-0.0327064797726005
20250619,LU2606,3664.0,2.0,10.0,0.0
20250620,LU2507,4055.0,286.0,3146.0,-0.2693379897667788
20250620,LU2508,3965.0,104056.0,47171.0,-0.1461576048374044
20250620,LU2509,3917.0,67136.0,86274.0,-0.132461876386682
20250620,LU2510,3874.0,7423.0,6994.0,-0.1402067098757602
20250620,LU2511,3829.0,55.0,158.0,-0.1355234364963165
20250620,LU2512,3786.0,43.0,308.0,-0.0635594706260456
20250620,LU2601,3766.0,71.0,548.0,-0.047891509622525
20250620,LU2602,3751.0,16.0,81.0,-0.0995856337763407
20250620,LU2603,3720.0,7.0,134.0,-0.0355364373312169
20250620,LU2604,3709.0,7.0,20.0,-0.071390151065355
20250620,LU2605,3687.0,4.0,42.0,0.0389927231797126
20250620,LU2606,3699.0,3.0,11.0,0.0
20250623,LU2507,4143.0,1172.0,2688.0,-0.3258915879143668
20250623,LU2508,4032.0,113705.0,38846.0,-0.1920040961572942
20250623,LU2509,3968.0,86958.0,84167.0,-0.1215815871648834
20250623,LU2510,3928.0,8754.0,7289.0,-0.1166547943423738
20250623,LU2511,3890.0,87.0,192.0,-0.1708766737336246
20250623,LU2512,3835.0,35.0,319.0,-0.0627452409935901
20250623,LU2601,3815.0,83.0,546.0,-0.1551268140175152
20250623,LU2602,3766.0,12.0,80.0,-0.1281378966667672
20250623,LU2603,3726.0,9.0,132.0,0.0032201798126957
20250623,LU2604,3727.0,0.0,20.0,-0.0840068051172292
20250623,LU2605,3701.0,0.0,42.0,-0.0162227954949744
20250623,LU2606,3696.0,0.0,11.0,0.0
20250624,LU2507,3802.0,548.0,2156.0,-0.3523071291075808
20250624,LU2508,3692.0,163563.0,33095.0,-0.2065342609160696
20250624,LU2509,3629.0,135845.0,88039.0,-0.1296591087689494
20250624,LU2510,3590.0,15112.0,9159.0,-0.1108165144064316
20250624,LU2511,3557.0,268.0,226.0,-0.1459500384169519
20250624,LU2512,3514.0,54.0,322.0,-0.0479042552344494
20250624,LU2601,3500.0,225.0,615.0,-0.1518134106427056
20250624,LU2602,3456.0,10.0,83.0,-0.0312907608849699
20250624,LU2603,3447.0,18.0,127.0,-0.0418483423249876
20250624,LU2604,3435.0,6.0,18.0,-0.0490082361461407
20250624,LU2605,3421.0,14.0,44.0,0.0245291368807894
20250624,LU2606,3428.0,12.0,10.0,0.0
20250625,LU2507,3832.0,403.0,1757.0,-0.3688684698842641
20250625,LU2508,3716.0,87998.0,27488.0,-0.2512668278588311
20250625,LU2509,3639.0,86793.0,88103.0,-0.1093175261867674
20250625,LU2510,3606.0,11361.0,12357.0,-0.1271269207603508
20250625,LU2511,3568.0,172.0,247.0,-0.1489020797259581
20250625,LU2512,3524.0,24.0,326.0,-0.0546076027679576
20250625,LU2601,3508.0,116.0,631.0,-0.1757389628453892
20250625,LU2602,3457.0,3.0,80.0,0.0173435497743612
20250625,LU2603,3462.0,9.0,124.0,-0.2663660765168868
20250625,LU2604,3386.0,1.0,17.0,0.1198952083628432
20250625,LU2605,3420.0,3.0,46.0,-0.1269853119664436
20250625,LU2606,3384.0,4.0,10.0,0.0
20250626,LU2507,3632.0,55.0,1709.0,0.1998681015765508
20250626,LU2508,3693.0,48890.0,24190.0,-0.2296406874898322
20250626,LU2509,3623.0,85076.0,80692.0,-0.1265272543362784
20250626,LU2510,3585.0,18533.0,19695.0,-0.1075938841523232
20250626,LU2511,3553.0,421.0,354.0,-0.1632215586280397
20250626,LU2512,3505.0,44.0,335.0,-0.0205596852120288
20250626,LU2601,3499.0,40.0,638.0,-0.0240309048983422
20250626,LU2602,3492.0,1.0,81.0,-0.1591259984594141
20250626,LU2603,3446.0,4.0,122.0,-0.1683253782719712
20250626,LU2604,3398.0,0.0,17.0,0.0774423338972828
20250626,LU2605,3420.0,6.0,48.0,-0.0527473376764573
20250626,LU2606,3405.0,0.0,10.0,0.0
20250627,LU2507,3589.0,4.0,1709.0,0.1594266460725815
20250627,LU2508,3637.0,37859.0,18009.0,-0.1227038465134516
20250627,LU2509,3600.0,119739.0,71048.0,-0.0769126222222035
20250627,LU2510,3577.0,35488.0,31539.0,-0.0807857188558874
20250627,LU2511,3553.0,520.0,456.0,-0.0745344011116876
20250627,LU2512,3531.0,57.0,380.0,-0.0101997456204542
20250627,LU2601,3528.0,136.0,623.0,-0.1059081607596729
20250627,LU2602,3497.0,11.0,81.0,-0.0722790081371176
20250627,LU2603,3476.0,13.0,121.0,-0.0796654679434834
20250627,LU2604,3453.0,6.0,19.0,-0.0662118711908573
20250627,LU2605,3434.0,11.0,53.0,-0.027988350880268
20250627,LU2606,3426.0,10.0,13.0,0.0
20250630,LU2507,3557.0,400.0,1309.0,0.1641795817776895
20250630,LU2508,3606.0,15449.0,15804.0,-0.0834844051779584
20250630,LU2509,3581.0,99306.0,67916.0,-0.06720824064786
20250630,LU2510,3561.0,37891.0,36354.0,-0.0675867739904884
20250630,LU2511,3541.0,462.0,453.0,-0.0679695954822149
20250630,LU2512,3521.0,88.0,426.0,-0.0478088281784935
20250630,LU2601,3507.0,131.0,708.0,0.0034212402227478
20250630,LU2602,3508.0,2.0,82.0,-0.0514213042229009
20250630,LU2603,3493.0,4.0,120.0,-0.0723620283190942
20250630,LU2604,3472.0,2.0,19.0,-0.0971665227914323
20250630,LU2605,3444.0,11.0,52.0,-0.0733947242092331
20250630,LU2606,3423.0,3.0,12.0,0.0
20250701,LU2508,3598.0,15527.0,14430.0,-0.0267111963378461
20250701,LU2509,3590.0,79927.0,68930.0,-0.0704010959059702
20250701,LU2510,3569.0,30733.0,39440.0,-0.1080784114161565
20250701,LU2511,3537.0,1090.0,826.0,-0.122763219009779
20250701,LU2512,3501.0,40.0,406.0,0.0034271026935788
20250701,LU2601,3502.0,134.0,618.0,-0.0652829097575521
20250701,LU2602,3483.0,8.0,85.0,-0.0691047115629513
20250701,LU2603,3463.0,7.0,122.0,-0.0451324125241979
20250701,LU2604,3450.0,1.0,18.0,-0.0592765988125601
20250701,LU2605,3433.0,8.0,54.0,-0.0350058591300809
20250701,LU2606,3423.0,0.0,12.0,-0.0245650034606975
20250701,LU2607,3416.0,0.0,0.0,0.0
20250702,LU2508,3587.0,11009.0,13076.0,0.0300710167107389
20250702,LU2509,3596.0,66111.0,68616.0,-0.087078249813914
20250702,LU2510,3570.0,29026.0,40042.0,-0.1046567331386562
20250702,LU2511,3539.0,899.0,872.0,-0.0987379666266221
20250702,LU2512,3510.0,28.0,397.0,-0.0513919415040101
20250702,LU2601,3495.0,33.0,626.0,-0.068866760028218
20250702,LU2602,3475.0,5.0,83.0,-0.0519106793654712
20250702,LU2603,3460.0,9.0,131.0,-0.0451716184188542
20250702,LU2604,3447.0,5.0,17.0,-0.0593283162825577
20250702,LU2605,3430.0,13.0,58.0,0.0
20250702,LU2606,3430.0,30.0,26.0,-0.0490798230183019
20250702,LU2607,3416.0,0.0,0.0,0.0
20250703,LU2508,3634.0,6916.0,10962.0,-0.0363786967324708
20250703,LU2509,3623.0,84673.0,60799.0,-0.079756593792558
20250703,LU2510,3599.0,23905.0,41963.0,-0.1071734726416699
20250703,LU2511,3567.0,679.0,775.0,-0.0911781507728564
20250703,LU2512,3540.0,21.0,396.0,-0.0611726048600246
20250703,LU2601,3522.0,68.0,613.0,-0.0649111903039749
20250703,LU2602,3503.0,0.0,83.0,-0.0240034370647294
20250703,LU2603,3496.0,12.0,132.0,-0.0515981875678458
20250703,LU2604,3481.0,17.0,19.0,-0.0899658193160231
20250703,LU2605,3455.0,31.0,56.0,-0.0661734371714915
20250703,LU2606,3436.0,121.0,27.0,-0.0139778699555171
20250703,LU2607,3432.0,10.0,10.0,0.0
20250704,LU2508,3632.0,3576.0,9996.0,-0.0363987594665124
20250704,LU2509,3621.0,67036.0,57248.0,-0.0964929641226121
20250704,LU2510,3592.0,26321.0,43338.0,-0.1242490462169881
20250704,LU2511,3555.0,710.0,873.0,-0.0948889440154714
20250704,LU2512,3527.0,123.0,488.0,-0.0682401611504866
20250704,LU2601,3507.0,63.0,586.0,0.0102607958368017
20250704,LU2602,3510.0,5.0,79.0,-0.0995571437816712
20250704,LU2603,3481.0,7.0,132.0,-0.1038667765612256
20250704,LU2604,3451.0,3.0,19.0,-0.0592593796869908
20250704,LU2605,3434.0,8.0,53.0,-0.0139860155692225
20250704,LU2606,3430.0,10.0,27.0,-0.0245148195576035
20250704,LU2607,3423.0,3.0,12.0,0.0
20250707,LU2508,3636.0,2988.0,8883.0,-0.0562371808035236
20250707,LU2509,3619.0,64281.0,55750.0,-0.0998895889936223
20250707,LU2510,3589.0,20335.0,43582.0,-0.1142225869231918
20250707,LU2511,3555.0,954.0,860.0,-0.1289605171603059
20250707,LU2512,3517.0,21.0,489.0,-0.0752997336728612
20250707,LU2601,3495.0,38.0,581.0,-0.044718412077315
20250707,LU2602,3482.0,2.0,79.0,-0.0241483479509024
20250707,LU2603,3475.0,0.0,132.0,-0.1704129493779277
20250707,LU2604,3426.0,2.0,18.0,0.0
20250707,LU2605,3426.0,8.0,58.0,-0.0984765198262547
20250707,LU2606,3398.0,1.0,28.0,0.0176444672283398
20250707,LU2607,3403.0,3.0,15.0,0.0
20250708,LU2508,3676.0,2387.0,8310.0,-0.0425126483611599
20250708,LU2509,3663.0,84382.0,56011.0,-0.1284491473913334
20250708,LU2510,3624.0,25563.0,45461.0,-0.1097720752414448
20250708,LU2511,3591.0,900.0,899.0,-0.0771060063141947
20250708,LU2512,3568.0,54.0,490.0,-0.1420935689050129
20250708,LU2601,3526.0,55.0,561.0,-0.0477408984336996
20250708,LU2602,3512.0,3.0,77.0,-0.0822860367136442
20250708,LU2603,3488.0,8.0,129.0,-0.0034408602386296
20250708,LU2604,3487.0,4.0,18.0,-0.0586460848169548
20250708,LU2605,3470.0,10.0,56.0,-0.0798036770884741
20250708,LU2606,3447.0,5.0,27.0,-0.0069645968292768
20250708,LU2607,3445.0,1.0,16.0,0.0
20250709,LU2508,3704.0,2006.0,7450.0,-0.0389400017199262
20250709,LU2509,3692.0,71709.0,56346.0,-0.0946299941271411
20250709,LU2510,3663.0,36491.0,51773.0,-0.0920804737343354
20250709,LU2511,3635.0,1380.0,1226.0,-0.0927925087689683
20250709,LU2512,3607.0,24.0,496.0,-0.1304542464436685
20250709,LU2601,3568.0,173.0,658.0,-0.0843766660131357
20250709,LU2602,3543.0,1.0,77.0,-0.0679311182908121
20250709,LU2603,3523.0,12.0,121.0,-0.1266954271352564
20250709,LU2604,3486.0,0.0,18.0,-0.0482898035967058
20250709,LU2605,3472.0,24.0,49.0,0.0
20250709,LU2606,3472.0,35.0,35.0,-0.0172935611426077
20250709,LU2607,3467.0,15.0,15.0,0.0
20250710,LU2508,3691.0,2039.0,7024.0,-0.0130116575502489
20250710,LU2509,3687.0,65272.0,53411.0,-0.0980397610171596
20250710,LU2510,3657.0,30184.0,54511.0,-0.0922321312357311
20250710,LU2511,3629.0,1256.0,1249.0,-0.0962793932264279
20250710,LU2512,3600.0,26.0,494.0,-0.110507269023718
20250710,LU2601,3567.0,50.0,652.0,-0.0844004041933524
20250710,LU2602,3542.0,5.0,74.0,-0.074766597007633
20250710,LU2603,3520.0,6.0,119.0,-0.1061499288644237
20250710,LU2604,3489.0,1.0,17.0,0.006876791019142
20250710,LU2605,3491.0,8.0,46.0,-0.0793220304552433
20250710,LU2606,3468.0,5.0,34.0,-0.0659246995630982
20250710,LU2607,3449.0,1.0,16.0,0.0
20250711,LU2508,3646.0,1116.0,6698.0,-0.0197639352938641
20250711,LU2509,3640.0,92372.0,49963.0,-0.1092873567269678
20250711,LU2510,3607.0,42086.0,56361.0,-0.0935156416501576
20250711,LU2511,3579.0,1364.0,1347.0,-0.1247027090789632
20250711,LU2512,3542.0,38.0,500.0,-0.074766597007633
20250711,LU2601,3520.0,153.0,656.0,-0.0683762533756533
20250711,LU2602,3500.0,9.0,72.0,-0.0929303368011718
20250711,LU2603,3473.0,16.0,114.0,-0.0380678040950338
20250711,LU2604,3462.0,3.0,17.0,-0.0381889516578143
20250711,LU2605,3451.0,26.0,47.0,-0.0627543556837365
20250711,LU2606,3433.0,26.0,19.0,0.0034949759967454
20250711,LU2607,3434.0,5.0,17.0,0.0
20250714,LU2508,3678.0,1440.0,6241.0,0.0520890671390261
20250714,LU2509,3694.0,76713.0,52718.0,-0.0651467398093723
20250714,LU2510,3674.0,40329.0,62529.0,-0.0918037264375517
20250714,LU2511,3646.0,2014.0,1742.0,-0.1124284884207872
20250714,LU2512,3612.0,54.0,507.0,-0.0967343667830661
20250714,LU2601,3583.0,146.0,649.0,-0.0907694480539038
20250714,LU2602,3556.0,4.0,69.0,-0.064288889139775
20250714,LU2603,3537.0,6.0,112.0,-0.0373779149719806
20250714,LU2604,3526.0,8.0,12.0,-0.0819582013442204
20250714,LU2605,3502.0,18.0,41.0,-0.0240102981346386
20250714,LU2606,3495.0,3.0,17.0,-0.079230946652038
20250714,LU2607,3472.0,6.0,21.0,0.0
20250715,LU2508,3625.0,1569.0,6109.0,0.0462555638806171
20250715,LU2509,3639.0,81278.0,49300.0,-0.1059902005034499
20250715,LU2510,3607.0,47728.0,65487.0,-0.1069347093051716
20250715,LU2511,3575.0,2695.0,2093.0,-0.1146720361944513
20250715,LU2512,3541.0,78.0,522.0,-0.0407355412396036
20250715,LU2601,3529.0,253.0,716.0,-0.081888290478955
20250715,LU2602,3505.0,10.0,70.0,-0.0824509398870185
20250715,LU2603,3481.0,20.0,119.0,-0.0518210104306506
20250715,LU2604,3466.0,7.0,11.0,-0.0520457661305756
20250715,LU2605,3451.0,17.0,42.0,0.0
20250715,LU2606,3451.0,9.0,17.0,-0.0487805549780346
20250715,LU2607,3437.0,11.0,18.0,0.0
20250716,LU2508,3617.0,941.0,5906.0,0.0430523436815819
20250716,LU2509,3630.0,83858.0,51986.0,-0.062974871777264
20250716,LU2510,3611.0,56251.0,71047.0,-0.0699904775415981
20250716,LU2511,3590.0,8602.0,4944.0,-0.0905917905178623
20250716,LU2512,3563.0,69.0,528.0,-0.0573921476601938
20250716,LU2601,3546.0,182.0,746.0,-0.1464055612399969
20250716,LU2602,3503.0,5.0,70.0,0.0444508272909708
20250716,LU2603,3516.0,18.0,128.0,-0.1545749153193765
20250716,LU2604,3471.0,0.0,11.0,-0.0138368421211537
20250716,LU2605,3467.0,6.0,39.0,-0.0450802437407939
20250716,LU2606,3454.0,0.0,17.0,-0.0034747357995787
20250716,LU2607,3453.0,8.0,16.0,0.0
20250717,LU2508,3586.0,2198.0,5796.0,-0.0200948972439862
20250717,LU2509,3580.0,99830.0,53194.0,-0.0134153172160954
20250717,LU2510,3576.0,84230.0,75031.0,-0.0740535309456972
20250717,LU2511,3554.0,8471.0,6580.0,-0.0745133638889516
20250717,LU2512,3532.0,161.0,620.0,-0.0818184987813238
20250717,LU2601,3508.0,597.0,956.0,-0.0308263334926277
20250717,LU2602,3499.0,11.0,70.0,-0.0034300414696879
20250717,LU2603,3498.0,14.0,136.0,-0.1588512405027458
20250717,LU2604,3452.0,1.0,12.0,-0.020875621385323
20250717,LU2605,3446.0,4.0,38.0,-0.0069666184830417
20250717,LU2606,3444.0,9.0,17.0,0.0
20250717,LU2607,3444.0,5.0,19.0,0.0
20250718,LU2508,3619.0,550.0,5636.0,0.0496347047084888
20250718,LU2509,3634.0,80225.0,49440.0,0.00330169213804
20250718,LU2510,3635.0,85379.0,80816.0,-0.0695270257853508
20250718,LU2511,3614.0,7233.0,9164.0,-0.0665928457040335
20250718,LU2512,3594.0,435.0,953.0,-0.0804023108378347
20250718,LU2601,3570.0,225.0,965.0,-0.0741783761305755
20250718,LU2602,3548.0,8.0,72.0,-0.0304783570080806
20250718,LU2603,3539.0,29.0,157.0,-0.2120921800512237
20250718,LU2604,3477.0,0.0,12.0,0.0791173856357242
20250718,LU2605,3500.0,15.0,40.0,-0.0343347873723868
20250718,LU2606,3490.0,6.0,16.0,-0.0516870863709639
20250718,LU2607,3475.0,2.0,19.0,0.0
20250721,LU2508,3590.0,367.0,5574.0,0.0433755511892245
20250721,LU2509,3603.0,49162.0,39231.0,-0.0033310201463017
20250721,LU2510,3602.0,121617.0,87496.0,-0.0534224588498783
20250721,LU2511,3586.0,7338.0,9346.0,-0.0738463868925386
20250721,LU2512,3564.0,112.0,1008.0,-0.0472308734548618
20250721,LU2601,3550.0,341.0,1025.0,-0.0916164495386857
20250721,LU2602,3523.0,10.0,73.0,-0.0034066714210335
20250721,LU2603,3522.0,15.0,163.0,-0.0751924989437568
20250721,LU2604,3500.0,2.0,14.0,0.0
20250721,LU2605,3500.0,7.0,41.0,-0.0240240320480769
20250721,LU2606,3493.0,4.0,18.0,-0.0309588820132628
20250721,LU2607,3484.0,6.0,22.0,0.0
20250722,LU2508,3572.0,378.0,5456.0,0.0402459851811774
20250722,LU2509,3584.0,26462.0,35428.0,-0.010048849156661
20250722,LU2510,3581.0,114763.0,85696.0,-0.0537364458004361
20250722,LU2511,3565.0,8883.0,10754.0,-0.0573598730271142
20250722,LU2512,3548.0,1417.0,2114.0,-0.0780435381972127
20250722,LU2601,3525.0,618.0,1295.0,-0.034090932019245
20250722,LU2602,3515.0,31.0,82.0,-0.0478905994811951
20250722,LU2603,3501.0,100.0,134.0,-0.1240321119679447
20250722,LU2604,3465.0,17.0,21.0,0.0173035358028142
20250722,LU2605,3470.0,13.0,40.0,0.0138248863217446
20250722,LU2606,3474.0,4.0,20.0,0.0
20250722,LU2607,3474.0,19.0,34.0,0.0
20250723,LU2508,3554.0,224.0,5412.0,0.0505405773067652
20250723,LU2509,3569.0,26185.0,31259.0,-0.0134566877011685
20250723,LU2510,3565.0,130794.0,81878.0,-0.0472175988637006
20250723,LU2511,3551.0,8316.0,11803.0,-0.0507973102266454
20250723,LU2512,3536.0,310.0,2250.0,-0.071479434153225
20250723,LU2601,3515.0,501.0,1544.0,-0.0205011439386023
20250723,LU2602,3509.0,3.0,82.0,-0.092691063060969
20250723,LU2603,3482.0,14.0,139.0,-0.0172438598432754
20250723,LU2604,3477.0,7.0,22.0,-0.0172686747314472
20250723,LU2605,3472.0,7.0,44.0,-0.0589000749416458
20250723,LU2606,3455.0,17.0,24.0,-0.0173787141163785
20250723,LU2607,3450.0,17.0,43.0,0.0
20250724,LU2508,3544.0,230.0,5343.0,0.1580961900133352
20250724,LU2509,3591.0,17917.0,29134.0,-0.0100292525687538
20250724,LU2510,3588.0,121739.0,77545.0,-0.0536313741875643
20250724,LU2511,3572.0,10152.0,14298.0,-0.0370111046233438
20250724,LU2512,3561.0,324.0,2324.0,-0.0506543597234943
20250724,LU2601,3546.0,536.0,1508.0,-0.0746819949369972
20250724,LU2602,3524.0,11.0,80.0,-0.0477680471539034
20250724,LU2603,3510.0,19.0,138.0,-0.0308087460629497
20250724,LU2604,3501.0,7.0,23.0,-0.1205694081493715
20250724,LU2605,3466.0,8.0,43.0,0.05182101043065
20250724,LU2606,3481.0,3.0,22.0,-0.0310657443743776
20250724,LU2607,3472.0,10.0,41.0,0.0
20250725,LU2508,3517.0,343.0,5013.0,0.3165166656417036
20250725,LU2509,3611.0,16346.0,27329.0,0.0066445184421898
20250725,LU2510,3613.0,120729.0,81017.0,-0.0699516207065997
20250725,LU2511,3592.0,10007.0,16589.0,-0.0569276915277866
20250725,LU2512,3575.0,357.0,2395.0,-0.0875916297793392
20250725,LU2601,3549.0,502.0,1567.0,-0.0644160326298477
20250725,LU2602,3530.0,14.0,81.0,-0.0442742094403206
20250725,LU2603,3517.0,22.0,137.0,-0.0650037227452215
20250725,LU2604,3498.0,10.0,22.0,-0.030914572701279
20250725,LU2605,3489.0,12.0,44.0,-0.0413437101469523
20250725,LU2606,3477.0,6.0,21.0,0.0034507548764027
20250725,LU2607,3478.0,11.0,41.0,0.0
20250728,LU2508,3498.0,9.0,5010.0,0.1533893914430947
20250728,LU2509,3543.0,20082.0,24603.0,0.0067720092090698
20250728,LU2510,3545.0,130854.0,73568.0,-0.0440865269085265
20250728,LU2511,3532.0,17360.0,19778.0,-0.0955093160108232
20250728,LU2512,3504.0,1023.0,2873.0,-0.0583608645675709
20250728,LU2601,3487.0,1082.0,2040.0,-0.0759496206197701
20250728,LU2602,3465.0,63.0,112.0,0.0069244087322391
20250728,LU2603,3467.0,39.0,157.0,-0.0173185193864263
20250728,LU2604,3462.0,16.0,24.0,0.0
20250728,LU2605,3462.0,18.0,52.0,-0.0590706274607478
20250728,LU2606,3445.0,16.0,29.0,0.0174039189317575
20250728,LU2607,3450.0,20.0,55.0,0.0
20250729,LU2508,3598.0,1006.0,4006.0,0.109559482846288
20250729,LU2509,3631.0,17226.0,20026.0,0.0297070705974064
20250729,LU2510,3640.0,130315.0,70350.0,-0.0528635216149965
20250729,LU2511,3624.0,24383.0,25799.0,-0.0930752588563091
20250729,LU2512,3596.0,852.0,2884.0,-0.1342295874925888
20250729,LU2601,3556.0,1742.0,2310.0,-0.0710762196374646
20250729,LU2602,3535.0,17.0,112.0,-0.033994357011649
20250729,LU2603,3525.0,72.0,165.0,-0.034090932019245
20250729,LU2604,3515.0,19.0,24.0,-0.0170818534182448
20250729,LU2605,3510.0,10.0,50.0,-0.0068395556140544
20250729,LU2606,3508.0,21.0,21.0,-0.0927175881676174
20250729,LU2607,3481.0,26.0,43.0,0.0
20250730,LU2508,3600.0,2.0,4005.0,0.3028136541424968
20250730,LU2509,3692.0,9937.0,17021.0,0.0583627197448562
20250730,LU2510,3710.0,116420.0,66405.0,-0.0161834144555223
20250730,LU2511,3705.0,39915.0,33412.0,-0.0779856522139935
20250730,LU2512,3681.0,1747.0,3015.0,-0.0949138999699451
20250730,LU2601,3652.0,998.0,2575.0,-0.072507773471551
20250730,LU2602,3630.0,18.0,116.0,-0.0231628363658314
20250730,LU2603,3623.0,40.0,171.0,-0.079756593792558
20250730,LU2604,3599.0,7.0,24.0,0.0499099568777181
20250730,LU2605,3614.0,21.0,54.0,-0.1134287010891332
20250730,LU2606,3580.0,8.0,20.0,-0.0201286041044713
20250730,LU2607,3574.0,17.0,38.0,0.0
20250731,LU2508,3790.0,21.0,3998.0,-0.4352391107111178
20250731,LU2509,3655.0,12574.0,14320.0,0.0687493355003859
20250731,LU2510,3676.0,116200.0,60855.0,0.0358549771028013
20250731,LU2511,3687.0,42382.0,37124.0,-0.0554574862263423
20250731,LU2512,3670.0,3580.0,3881.0,-0.1381215577630641
20250731,LU2601,3628.0,1913.0,3037.0,-0.0796463100815847
20250731,LU2602,3604.0,294.0,314.0,-0.0166597277903741
20250731,LU2603,3599.0,112.0,215.0,0.0166597277903734
20250731,LU2604,3604.0,14.0,20.0,-0.036681979376518
20250731,LU2605,3593.0,11.0,55.0,0.0
20250731,LU2606,3593.0,3.0,20.0,-0.0737020742288439
20250731,LU2607,3571.0,8.0,37.0,0.0
20250801,LU2509,3625.0,5722.0,12540.0,0.0660249258478
20250801,LU2510,3645.0,80387.0,54001.0,0.0427222140966295
20250801,LU2511,3658.0,37170.0,38918.0,-0.049308383306966
20250801,LU2512,3643.0,1419.0,3850.0,-0.1191733932602973
20250801,LU2601,3607.0,605.0,3136.0,-0.1170088668857918
20250801,LU2602,3572.0,40.0,346.0,0.0234932252356323
20250801,LU2603,3579.0,29.0,237.0,-0.0100628936714523
20250801,LU2604,3576.0,1.0,20.0,-0.0774304832685319
20250801,LU2605,3553.0,23.0,54.0,0.0640001517043512
20250801,LU2606,3572.0,0.0,20.0,-0.128343469400975
20250801,LU2607,3534.0,7.0,38.0,-0.0169899504524591
20250801,LU2608,3529.0,4.0,4.0,0.0
20250804,LU2509,3558.0,8429.0,10660.0,0.0033722074129479
20250804,LU2510,3559.0,109181.0,53048.0,0.0202133680584423
20250804,LU2511,3565.0,45249.0,41898.0,-0.0404608419284301
20250804,LU2512,3553.0,2952.0,3844.0,-0.1017530121574727
20250804,LU2601,3523.0,2900.0,3869.0,-0.0854582731522825
20250804,LU2602,3498.0,147.0,450.0,-0.030914572701279
20250804,LU2603,3489.0,100.0,294.0,-0.0309944210190489
20250804,LU2604,3480.0,8.0,23.0,-0.034532397931382
20250804,LU2605,3470.0,11.0,58.0,-0.0069184204856689
20250804,LU2606,3468.0,9.0,24.0,-0.0624459345003239
20250804,LU2607,3450.0,17.0,48.0,0.0173787141163769
20250804,LU2608,3455.0,6.0,9.0,0.0
20250805,LU2509,3562.0,3561.0,9868.0,-0.0067396800423695
20250805,LU2510,3560.0,86813.0,51179.0,-0.0067434674435478
20250805,LU2511,3558.0,37785.0,41082.0,-0.060862345175524
20250805,LU2512,3540.0,2477.0,4519.0,-0.1089678316289577
20250805,LU2601,3508.0,2023.0,4425.0,-0.0892707979672721
20250805,LU2602,3482.0,402.0,708.0,-0.0691246151037577
20250805,LU2603,3462.0,104.0,321.0,-0.0312364601539464
20250805,LU2604,3453.0,9.0,21.0,0.0
20250805,LU2605,3453.0,5.0,58.0,-0.0313179821084507
20250805,LU2606,3444.0,4.0,24.0,-0.0244150643734508
20250805,LU2607,3437.0,9.0,49.0,-0.017469794903772
20250805,LU2608,3432.0,4.0,12.0,0.0
20250806,LU2509,3545.0,2427.0,8876.0,0.0169133220388032
20250806,LU2510,3550.0,69228.0,50255.0,-0.033850516099696
20250806,LU2511,3540.0,37561.0,42577.0,-0.0543602288610001
20250806,LU2512,3524.0,3265.0,5895.0,-0.0957270033677282
20250806,LU2601,3496.0,3158.0,5915.0,-0.1068819018170691
20250806,LU2602,3465.0,81.0,760.0,-0.0520608191831775
20250806,LU2603,3450.0,24.0,316.0,-0.0453027981068585
20250806,LU2604,3437.0,7.0,24.0,0.0
20250806,LU2605,3437.0,16.0,57.0,-0.0384671755892246
20250806,LU2606,3426.0,4.0,27.0,0.0035021158865226
20250806,LU2607,3427.0,74.0,114.0,-0.0175208090696404
20250806,LU2608,3422.0,55.0,64.0,0.0
20250807,LU2509,3510.0,2534.0,7930.0,0.0545765579748492
20250807,LU2510,3526.0,78746.0,49228.0,-0.0272572519237442
20250807,LU2511,3518.0,43947.0,43517.0,-0.0752782622649287
20250807,LU2512,3496.0,5602.0,7206.0,-0.1138103084760492
20250807,LU2601,3463.0,3546.0,6876.0,-0.0974200769516675
20250807,LU2602,3435.0,65.0,782.0,-0.0490082361461407
20250807,LU2603,3421.0,9.0,314.0,-0.0140391943477543
20250807,LU2604,3417.0,3.0,25.0,-0.0035123664819759
20250807,LU2605,3416.0,8.0,65.0,-0.007027818648894
20250807,LU2606,3414.0,4.0,30.0,-0.0352009639334537
20250807,LU2607,3404.0,16.0,124.0,-0.0317693964056194
20250807,LU2608,3395.0,6.0,68.0,0.0
20250808,LU2509,3432.0,1857.0,7352.0,0.0766775771852518
20250808,LU2510,3454.0,79923.0,53044.0,-0.0034747357995787
20250808,LU2511,3453.0,41187.0,47344.0,-0.0557330464819013
20250808,LU2512,3437.0,5622.0,8745.0,-0.0665209580915719
20250808,LU2601,3418.0,2507.0,7799.0,-0.0774877949315792
20250808,LU2602,3396.0,257.0,964.0,-0.0247605098902393
20250808,LU2603,3389.0,21.0,309.0,0.0
20250808,LU2604,3389.0,23.0,40.0,-0.0248117057823091
20250808,LU2605,3382.0,74.0,120.0,0.0070942952110607
20250808,LU2606,3384.0,8.0,33.0,-0.028402380123194
20250808,LU2607,3376.0,19.0,139.0,-0.0498665009674421
20250808,LU2608,3362.0,15.0,72.0,0.0
20250811,LU2509,3450.0,741.0,7026.0,0.0451324125241994
20250811,LU2510,3463.0,85767.0,50055.0,-0.02775369840782
20250811,LU2511,3455.0,45340.0,48040.0,-0.0382664478497866
20250811,LU2512,3444.0,11630.0,10967.0,-0.0909360224650232
20250811,LU2601,3418.0,2709.0,8281.0,-0.0845570145763754
20250811,LU2602,3394.0,85.0,984.0,-0.0176912902454428
20250811,LU2603,3389.0,26.0,314.0,-0.0212640339161143
20250811,LU2604,3383.0,13.0,40.0,0.0318819375730215
20250811,LU2605,3392.0,32.0,132.0,0.0141426062333304
20250811,LU2606,3396.0,4.0,33.0,-0.0460245438063538
20250811,LU2607,3383.0,14.0,142.0,-0.0070963928738704
20250811,LU2608,3381.0,11.0,78.0,0.0
20250812,LU2509,3489.0,323.0,6902.0,0.0446288599082771
20250812,LU2510,3502.0,57918.0,50911.0,-0.0240102981346386
20250812,LU2511,3495.0,25827.0,49219.0,-0.0481652022776611
20250812,LU2512,3481.0,4247.0,10814.0,-0.0830213746777719
20250812,LU2601,3457.0,1653.0,8209.0,-0.1045910165641887
20250812,LU2602,3427.0,28.0,987.0,-0.0035021158865238
20250812,LU2603,3426.0,8.0,314.0,-0.0491372432699451
20250812,LU2604,3412.0,4.0,40.0,0.0175721220446653
20250812,LU2605,3417.0,30.0,120.0,-0.0281277597286654
20250812,LU2606,3409.0,10.0,32.0,0.0246153932466883
20250812,LU2607,3416.0,9.0,139.0,-0.0175772698777773
20250812,LU2608,3411.0,7.0,80.0,0.0
20250813,LU2509,3442.0,1534.0,6062.0,0.0729908115712461
20250813,LU2510,3463.0,68747.0,50937.0,-0.0416546556530222
20250813,LU2511,3451.0,34453.0,53329.0,-0.0208816758029341
20250813,LU2512,3445.0,6519.0,11238.0,-0.0523637194532802
20250813,LU2601,3430.0,2142.0,8703.0,-0.1018890618334814
20250813,LU2602,3401.0,20.0,992.0,-0.014121802159338
20250813,LU2603,3397.0,10.0,316.0,-0.0035330487521511
20250813,LU2604,3396.0,11.0,40.0,-0.0070692196447957
20250813,LU2605,3394.0,18.0,129.0,-0.0212326802667199
20250813,LU2606,3388.0,9.0,37.0,-0.0070859169463731
20250813,LU2607,3386.0,9.0,143.0,0.0459838440364252
20250813,LU2608,3399.0,5.0,84.0,0.0
20250814,LU2509,3429.0,737.0,5639.0,0.0697879256870476
20250814,LU2510,3449.0,71274.0,49495.0,-0.0313543508327618
20250814,LU2511,3440.0,44370.0,56766.0,-0.045434741914023
20250814,LU2512,3427.0,6506.0,12040.0,-0.0350672371118038
20250814,LU2601,3417.0,2263.0,9110.0,-0.0845818479727408
20250814,LU2602,3393.0,15.0,994.0,-0.003537214469237
20250814,LU2603,3392.0,3.0,318.0,-0.0212452106245573
20250814,LU2604,3386.0,4.0,40.0,0.0141676521769848
20250814,LU2605,3390.0,6.0,130.0,0.0
20250814,LU2606,3390.0,1.0,37.0,0.0388750155923932
20250814,LU2607,3401.0,15.0,153.0,-0.088535151496172
20250814,LU2608,3376.0,2.0,85.0,0.0
20250815,LU2509,3423.0,1662.0,4777.0,0.045487734887527
20250815,LU2510,3436.0,64111.0,45386.0,-0.0034929413723546
20250815,LU2511,3435.0,42884.0,55468.0,-0.0384896087378033
20250815,LU2512,3424.0,8639.0,11115.0,-0.0140268864597821
20250815,LU2601,3420.0,1772.0,9017.0,-0.0457009487482109
20250815,LU2602,3407.0,52.0,1000.0,0.0105618313991496
20250815,LU2603,3410.0,1.0,317.0,-0.0352423160797165
20250815,LU2604,3400.0,3.0,40.0,-0.017660047337475
20250815,LU2605,3395.0,0.0,130.0,-0.0070713025027962
20250815,LU2606,3393.0,3.0,36.0,-0.0283269532542569
20250815,LU2607,3385.0,15.0,147.0,-0.0283939795296918
20250815,LU2608,3377.0,0.0,85.0,0.0
20250818,LU2509,3477.0,879.0,4312.0,0.0103492891279044
20250818,LU2510,3480.0,79722.0,42260.0,-0.0518359337341967
20250818,LU2511,3465.0,57696.0,58351.0,-0.0659819344335447
20250818,LU2512,3446.0,6295.0,11582.0,-0.0698488584457167
20250818,LU2601,3426.0,2726.0,9406.0,-0.042105306356151
20250818,LU2602,3414.0,36.0,1001.0,-0.0634362710777753
20250818,LU2603,3396.0,11.0,322.0,-0.0318443353615949
20250818,LU2604,3387.0,3.0,42.0,0.0141634716944035
20250818,LU2605,3391.0,14.0,135.0,0.0247459212748637
20250818,LU2606,3398.0,5.0,39.0,-0.0105991468689699
20250818,LU2607,3395.0,9.0,147.0,-0.0212264206289419
20250818,LU2608,3389.0,1.0,86.0,0.0
20250819,LU2509,3452.0,426.0,4113.0,0.048569016866794
20250819,LU2510,3466.0,65310.0,43787.0,-0.0242599360605914
20250819,LU2511,3459.0,58511.0,60744.0,-0.0800583099962729
20250819,LU2512,3436.0,6999.0,11582.0,-0.0665403718662494
20250819,LU2601,3417.0,2231.0,9650.0,-0.0563216052971564
20250819,LU2602,3401.0,20.0,1004.0,-0.0176548509114901
20250819,LU2603,3396.0,13.0,320.0,-0.0035340892612972
20250819,LU2604,3395.0,0.0,42.0,-0.0176860754196066
20250819,LU2605,3390.0,10.0,141.0,-0.024804379125449
20250819,LU2606,3383.0,0.0,39.0,0.0389553241615574
20250819,LU2607,3394.0,8.0,151.0,-0.0176912902454428
20250819,LU2608,3389.0,2.0,87.0,0.0
20250820,LU2509,3422.0,405.0,3931.0,0.0838675516288326
20250820,LU2510,3446.0,67584.0,39984.0,-0.0104514449922134
20250820,LU2511,3443.0,70166.0,67559.0,-0.0629005517063767
20250820,LU2512,3425.0,6874.0,11939.0,-0.0491516193321587
20250820,LU2601,3411.0,1978.0,9917.0,-0.0670294260822245
20250820,LU2602,3392.0,23.0,1006.0,0.0035372144692386
20250820,LU2603,3393.0,1.0,321.0,-0.0745013479498088
20250820,LU2604,3372.0,1.0,41.0,0.0142264391292211
20250820,LU2605,3376.0,8.0,139.0,0.0248557567783284
20250820,LU2606,3383.0,0.0,39.0,-0.0390821959075484
20250820,LU2607,3372.0,2.0,151.0,-0.0678068718662105
20250820,LU2608,3353.0,2.0,86.0,0.0
20250821,LU2509,3456.0,158.0,3840.0,0.0899398848502572
20250821,LU2510,3482.0,36886.0,30594.0,0.0034458004544015
20250821,LU2511,3483.0,113734.0,75380.0,-0.0552518961717335
20250821,LU2512,3467.0,10270.0,12930.0,-0.0833577881579955
20250821,LU2601,3443.0,4177.0,11219.0,-0.0593974134535024
20250821,LU2602,3426.0,10.0,1007.0,-0.063213491218307
20250821,LU2603,3408.0,6.0,318.0,-0.1274348259295231
20250821,LU2604,3372.0,0.0,41.0,0.1450275574195307
20250821,LU2605,3413.0,10.0,137.0,-0.0211143749488861
20250821,LU2606,3407.0,4.0,35.0,-0.0035226772599952
20250821,LU2607,3406.0,7.0,146.0,-0.0282187078890745
20250821,LU2608,3398.0,3.0,84.0,0.0
20250822,LU2509,3468.0,239.0,3687.0,0.0861948828767951
20250822,LU2510,3493.0,28200.0,27852.0,0.0205949707302719
20250822,LU2511,3499.0,141876.0,75799.0,-0.0515538527435352
20250822,LU2512,3484.0,13434.0,14287.0,-0.0760152268348667
20250822,LU2601,3462.0,2911.0,11284.0,-0.090461431584103
20250822,LU2602,3436.0,37.0,1014.0,-0.0454877348875274
20250822,LU2603,3423.0,24.0,317.0,-0.0386247590233867
20250822,LU2604,3412.0,16.0,37.0,-0.0988822546254697
20250822,LU2605,3384.0,96.0,69.0,0.1164543766701362
20250822,LU2606,3417.0,14.0,24.0,0.0
20250822,LU2607,3417.0,24.0,139.0,-0.0246081820527518
20250822,LU2608,3410.0,9.0,87.0,0.0
20250825,LU2509,3403.0,340.0,3583.0,0.4260802614829178
20250825,LU2510,3526.0,23555.0,24060.0,0.0
20250825,LU2511,3526.0,123269.0,80562.0,-0.0614161135889028
20250825,LU2512,3508.0,13605.0,16697.0,-0.0582941566444518
20250825,LU2601,3491.0,3478.0,11648.0,-0.0689458949189972
20250825,LU2602,3471.0,25.0,1009.0,-0.0069164267044392
20250825,LU2603,3469.0,11.0,320.0,-0.0624278864609551
20250825,LU2604,3451.0,14.0,36.0,-0.0069565219339506
20250825,LU2605,3449.0,58.0,85.0,-0.010442350187591
20250825,LU2606,3446.0,7.0,29.0,0.006962576348505
20250825,LU2607,3448.0,14.0,133.0,-0.0069625763485059
20250825,LU2608,3446.0,8.0,86.0,0.0
20250826,LU2509,3460.0,458.0,3133.0,0.2199374280516021
20250826,LU2510,3524.0,14823.0,20888.0,0.0170140394303983
20250826,LU2511,3529.0,76071.0,77575.0,-0.0716216421983572
20250826,LU2512,3508.0,10273.0,18026.0,-0.0686108215584409
20250826,LU2601,3488.0,4456.0,11711.0,-0.0724660721261615
20250826,LU2602,3467.0,540.0,1120.0,0.0172935611426094
20250826,LU2603,3472.0,6.0,318.0,-0.0311463765338263
20250826,LU2604,3463.0,6.0,33.0,-0.0416546556530222
20250826,LU2605,3451.0,16.0,79.0,-0.0139170789736563
20250826,LU2606,3447.0,4.0,30.0,-0.0243937937930564
20250826,LU2607,3440.0,9.0,136.0,0.0104605556529559
20250826,LU2608,3443.0,9.0,81.0,0.0
20250827,LU2509,3418.0,1978.0,1161.0,0.2329495142290557
20250827,LU2510,3485.0,16233.0,17012.0,0.0
20250827,LU2511,3485.0,97234.0,70718.0,-0.0552201146984951
20250827,LU2512,3469.0,25650.0,23189.0,-0.086793377065539
20250827,LU2601,3444.0,5402.0,12197.0,-0.0418848592772218
20250827,LU2602,3432.0,1010.0,1257.0,-0.0209973806854524
20250827,LU2603,3426.0,34.0,321.0,-0.0914156193577497
20250827,LU2604,3400.0,6.0,32.0,0.028202128139444
20250827,LU2605,3408.0,12.0,78.0,0.0491947980351889
20250827,LU2606,3422.0,3.0,32.0,-0.0491947980351892
20250827,LU2607,3408.0,13.0,144.0,-0.0777159030735088
20250827,LU2608,3386.0,5.0,84.0,0.0
20250828,LU2509,3410.0,19.0,1157.0,0.2438400298914903
20250828,LU2510,3480.0,8708.0,15582.0,0.0481790151057834
20250828,LU2511,3494.0,88561.0,72716.0,-0.0550775493572827
20250828,LU2512,3478.0,29744.0,28697.0,-0.0587982153466095
20250828,LU2601,3461.0,3236.0,12497.0,-0.0590877370526742
20250828,LU2602,3444.0,591.0,1258.0,-0.0453818722700607
20250828,LU2603,3431.0,7.0,319.0,-0.0560912502427108
20250828,LU2604,3415.0,0.0,32.0,-0.014063875034937
20250828,LU2605,3411.0,6.0,77.0,0.0456474581158449
20250828,LU2606,3424.0,1.0,32.0,-0.0386134602591081
20250828,LU2607,3413.0,11.0,145.0,-0.017592731490008
20250828,LU2608,3408.0,3.0,81.0,0.0
20250829,LU2509,3312.0,0.0,1157.0,0.6556696808807638
20250829,LU2510,3498.0,6981.0,12815.0,0.0513479602473547
20250829,LU2511,3513.0,87514.0,68187.0,-0.0650779388619022
20250829,LU2512,3494.0,24352.0,29454.0,-0.0516277865047182
20250829,LU2601,3479.0,1982.0,12614.0,-0.086542997343818
20250829,LU2602,3454.0,479.0,1289.0,-0.0313089031063798
20250829,LU2603,3445.0,6.0,317.0,-0.1049569373144222
20250829,LU2604,3415.0,0.0,32.0,0.07007319181871
20250829,LU2605,3435.0,4.0,79.0,-0.0384896087378033
20250829,LU2606,3424.0,0.0,32.0,0.0
20250829,LU2607,3424.0,5.0,146.0,-0.0597278352079944
20250829,LU2608,3407.0,0.0,81.0,0.0
20250901,LU2510,3456.0,4853.0,12351.0,0.0623378025252471
20250901,LU2511,3474.0,98818.0,70209.0,-0.0484569449913632
20250901,LU2512,3460.0,31654.0,31570.0,-0.0312545394451984
20250901,LU2601,3451.0,2948.0,13101.0,-0.1082819164962311
20250901,LU2602,3420.0,566.0,1568.0,-0.0915766111497499
20250901,LU2603,3394.0,7.0,320.0,0.0458756624015389
20250901,LU2604,3407.0,3.0,31.0,-0.0317413851490709
20250901,LU2605,3398.0,20.0,79.0,-0.0957310439737991
20250901,LU2606,3371.0,5.0,32.0,0.0709851226989359
20250901,LU2607,3391.0,5.0,151.0,0.0070754719030996
20250901,LU2608,3393.0,7.0,87.0,-0.0673860201397978
20250901,LU2609,3374.0,1.0,1.0,0.0
20250902,LU2510,3540.0,6919.0,10302.0,0.064234552588471
20250902,LU2511,3559.0,114360.0,78502.0,-0.0744083556565443
20250902,LU2512,3537.0,52828.0,36661.0,-0.0953737634671855
20250902,LU2601,3509.0,7082.0,13859.0,-0.1030344051752765
20250902,LU2602,3479.0,463.0,1569.0,-0.0414627536030234
20250902,LU2603,3467.0,24.0,309.0,0.0172935611426094
20250902,LU2604,3472.0,3.0,28.0,-0.0484849144440596
20250902,LU2605,3458.0,29.0,60.0,0.0415704803720276
20250902,LU2606,3470.0,6.0,28.0,-0.0276976464570042
20250902,LU2607,3462.0,13.0,142.0,-0.0069344122126149
20250902,LU2608,3460.0,9.0,85.0,-0.1114990600091943
20250902,LU2609,3428.0,3.0,2.0,0.0
20250903,LU2510,3491.0,4313.0,9095.0,0.0719693717996551
20250903,LU2511,3512.0,107636.0,72384.0,-0.0102549500615054
20250903,LU2512,3509.0,40018.0,39904.0,-0.058277503484667
20250903,LU2601,3492.0,11394.0,14320.0,-0.0827589487087239
20250903,LU2602,3468.0,853.0,1872.0,0.0414508184170512
20250903,LU2603,3480.0,20.0,308.0,-0.0414508184170506
20250903,LU2604,3468.0,0.0,28.0,-0.0694044734021856
20250903,LU2605,3448.0,9.0,61.0,0.0520909514260583
20250903,LU2606,3463.0,2.0,27.0,-0.121899176217019
20250903,LU2607,3428.0,14.0,134.0,0.0244790992653516
20250903,LU2608,3435.0,10.0,80.0,0.0209424136923669
20250903,LU2609,3441.0,2.0,2.0,0.0
20250904,LU2510,3393.0,5667.0,7624.0,0.0670097259280758
20250904,LU2511,3412.0,137065.0,69858.0,-0.0070360600080872
20250904,LU2512,3410.0,59281.0,39544.0,-0.0529023634171916
20250904,LU2601,3395.0,11752.0,14705.0,-0.0815726504526048
20250904,LU2602,3372.0,934.0,2049.0,0.0035581912788496
20250904,LU2603,3373.0,24.0,323.0,-0.0356294798565681
20250904,LU2604,3363.0,9.0,30.0,-0.014281465535722
20250904,LU2605,3359.0,22.0,75.0,-0.0250335361238283
20250904,LU2606,3352.0,13.0,32.0,-0.0179131246877641
20250904,LU2607,3347.0,37.0,137.0,-0.0035858359746883
20250904,LU2608,3346.0,15.0,88.0,-0.0179452702801525
20250904,LU2609,3341.0,8.0,7.0,0.0
20250905,LU2510,3363.0,2019.0,7408.0,0.1030354220582877
20250905,LU2511,3392.0,120078.0,70911.0,-0.0283353142281578
20250905,LU2512,3384.0,50232.0,42770.0,-0.0319574090338039
20250905,LU2601,3375.0,9511.0,15442.0,-0.0463114720568317
20250905,LU2602,3362.0,307.0,2077.0,-0.0464908940922766
20250905,LU2603,3349.0,4.0,327.0,0.0035826242988895
20250905,LU2604,3350.0,1.0,30.0,-0.0251008607881627
20250905,LU2605,3343.0,17.0,76.0,-0.0107736053922301
20250905,LU2606,3340.0,8.0,37.0,0.010773605392231
20250905,LU2607,3343.0,30.0,154.0,-0.0107736053922301
20250905,LU2608,3340.0,18.0,100.0,-0.0684583751279941
20250905,LU2609,3321.0,6.0,13.0,0.0
20250908,LU2510,3370.0,901.0,7153.0,0.0992913466256382
20250908,LU2511,3398.0,103651.0,74775.0,-0.0176704493717666
20250908,LU2512,3393.0,41364.0,45722.0,-0.0283269532542569
20250908,LU2601,3385.0,8195.0,15498.0,-0.0675457271474882
20250908,LU2602,3366.0,582.0,2219.0,-0.0392799041396296
20250908,LU2603,3355.0,22.0,341.0,-0.198351623414527
20250908,LU2604,3300.0,6.0,32.0,0.1697034450810591
20250908,LU2605,3347.0,19.0,78.0,-0.0251233828869662
20250908,LU2606,3340.0,15.0,40.0,-0.021576271920082
20250908,LU2607,3334.0,32.0,159.0,0.0502844195835207
20250908,LU2608,3348.0,15.0,105.0,-0.0143454888572849
20250908,LU2609,3344.0,16.0,23.0,0.0
20250909,LU2510,3360.0,1345.0,6411.0,0.0889551886695064
20250909,LU2511,3385.0,97613.0,71437.0,-0.0319479555663314
20250909,LU2512,3376.0,38083.0,46213.0,-0.0320332386572787
20250909,LU2601,3367.0,8210.0,15930.0,-0.0607415321035487
20250909,LU2602,3350.0,474.0,2321.0,-0.0035826242988902
20250909,LU2603,3349.0,3.0,342.0,-0.0251083636663861
20250909,LU2604,3342.0,3.0,31.0,-0.0251610096673793
20250909,LU2605,3335.0,16.0,87.0,-0.0794226725979381
20250909,LU2606,3313.0,1.0,40.0,0.0180968214059285
20250909,LU2607,3318.0,4.0,160.0,0.0541272906881985
20250909,LU2608,3333.0,18.0,113.0,-0.0108059439990024
20250909,LU2609,3330.0,5.0,25.0,0.0
20250910,LU2510,3356.0,2241.0,5600.0,0.096157214323341
20250910,LU2511,3383.0,103833.0,73825.0,-0.0319668680975386
20250910,LU2512,3374.0,44433.0,46913.0,-0.0142348771140743
20250910,LU2601,3370.0,8676.0,17029.0,-0.0678472273091636
20250910,LU2602,3351.0,459.0,2420.0,-0.0179184742864932
20250910,LU2603,3346.0,5.0,342.0,-0.0323208335447431
20250910,LU2604,3337.0,3.0,29.0,0.0071899343073663
20250910,LU2605,3339.0,6.0,83.0,0.0
20250910,LU2606,3339.0,1.0,40.0,-0.0323886836299806
20250910,LU2607,3330.0,3.0,160.0,-0.0180315586144202
20250910,LU2608,3325.0,9.0,105.0,0.0216346212447015
20250910,LU2609,3331.0,7.0,25.0,0.0
20250911,LU2510,3350.0,654.0,5247.0,0.0856636594416182
20250911,LU2511,3374.0,82588.0,75318.0,-0.0284866602619474
20250911,LU2512,3366.0,44582.0,51444.0,-0.0071322438949514
20250911,LU2601,3364.0,9306.0,18306.0,-0.050044755284719
20250911,LU2602,3350.0,691.0,2437.0,-0.0143369192681136
20250911,LU2603,3346.0,8.0,349.0,-0.0251308992373768
20250911,LU2604,3339.0,2.0,29.0,-0.0215827396309784
20250911,LU2605,3333.0,17.0,83.0,-0.0108059439990024
20250911,LU2606,3330.0,8.0,39.0,0.0
20250911,LU2607,3330.0,4.0,161.0,-0.0324763391729149
20250911,LU2608,3321.0,9.0,108.0,0.0
20250911,LU2609,3321.0,7.0,29.0,0.0
20250912,LU2510,3241.0,675.0,5106.0,0.0958825015142743
20250912,LU2511,3267.0,125733.0,78084.0,-0.029420793162104
20250912,LU2512,3259.0,60347.0,58094.0,0.0
20250912,LU2601,3259.0,11728.0,21015.0,-0.0331848421653403
20250912,LU2602,3250.0,1255.0,2958.0,-0.0110820386512465
20250912,LU2603,3247.0,17.0,357.0,-0.0073937155758663
20250912,LU2604,3245.0,20.0,46.0,0.0516605963924542
20250912,LU2605,3259.0,37.0,105.0,-0.0368777180215345
20250912,LU2606,3249.0,21.0,45.0,0.0036928758561943
20250912,LU2607,3250.0,27.0,180.0,0.0
20250912,LU2608,3250.0,27.0,135.0,-0.0110820386512465
20250912,LU2609,3247.0,64.0,92.0,0.0
20250915,LU2510,3350.0,892.0,4670.0,0.0892197418502158
20250915,LU2511,3375.0,113731.0,66115.0,-0.067746428634401
20250915,LU2512,3356.0,63709.0,56829.0,-0.0250559375147061
20250915,LU2601,3349.0,15936.0,20246.0,-0.0322918418815021
20250915,LU2602,3340.0,862.0,3127.0,-0.0035933523250983
20250915,LU2603,3339.0,14.0,351.0,-0.0215827396309784
20250915,LU2604,3333.0,8.0,41.0,-0.0288375026134221
20250915,LU2605,3325.0,36.0,80.0,-0.0072202168243227
20250915,LU2606,3323.0,8.0,41.0,0.0180424030380603
20250915,LU2607,3328.0,16.0,167.0,0.0144144161476097
20250915,LU2608,3332.0,14.0,126.0,-0.0396813829198411
20250915,LU2609,3321.0,14.0,85.0,0.0
20250916,LU2510,3371.0,1560.0,3944.0,0.0851318971048303
20250916,LU2511,3395.0,78889.0,64152.0,-0.0673462113233849
20250916,LU2512,3376.0,38325.0,58514.0,-0.0284697642435642
20250916,LU2601,3368.0,11083.0,21292.0,-0.0464079114772226
20250916,LU2602,3355.0,504.0,3188.0,0.0
20250916,LU2603,3355.0,2.0,350.0,-0.0214797193389308
20250916,LU2604,3349.0,4.0,37.0,-0.0286995652493764
20250916,LU2605,3341.0,1.0,79.0,0.0251158710313127
20250916,LU2606,3348.0,5.0,38.0,-0.0107575085644458
20250916,LU2607,3345.0,12.0,161.0,-0.0143583624668671
20250916,LU2608,3341.0,6.0,122.0,0.0143583624668674
20250916,LU2609,3345.0,7.0,86.0,0.0
20250917,LU2510,3447.0,1963.0,3063.0,0.0417029090436412
20250917,LU2511,3459.0,94614.0,62408.0,-0.0626088376762594
20250917,LU2512,3441.0,58610.0,56492.0,-0.0314273422755299
20250917,LU2601,3432.0,16570.0,22081.0,-0.0490511631877997
20250917,LU2602,3418.0,1622.0,3370.0,-0.007023705204909
20250917,LU2603,3416.0,28.0,338.0,-0.0387040358981726
20250917,LU2604,3405.0,2.0,37.0,0.0
20250917,LU2605,3405.0,22.0,65.0,-0.0176340957523199
20250917,LU2606,3400.0,6.0,34.0,-0.042427857987693
20250917,LU2607,3388.0,11.0,153.0,-0.0319196286918605
20250917,LU2608,3379.0,15.0,117.0,-0.1034335427421334
20250917,LU2609,3350.0,53.0,52.0,0.0
20250918,LU2510,3377.0,1773.0,2004.0,0.1166945987039373
20250918,LU2511,3410.0,84891.0,62742.0,-0.0529023634171916
20250918,LU2512,3395.0,53289.0,55943.0,-0.0353982557570534
20250918,LU2601,3385.0,11912.0,23027.0,-0.0568553032778696
20250918,LU2602,3369.0,517.0,3372.0,0.0391169408461402
20250918,LU2603,3380.0,7.0,338.0,-0.053372956778835
20250918,LU2604,3365.0,1.0,38.0,0.0106935994006699
20250918,LU2605,3368.0,2.0,65.0,0.0106840784621202
20250918,LU2606,3371.0,3.0,34.0,-0.0499406190483099
20250918,LU2607,3357.0,2.0,155.0,-0.0465602733053119
20250918,LU2608,3344.0,9.0,115.0,-0.0792082083762242
20250918,LU2609,3322.0,11.0,55.0,0.0
20250919,LU2510,3368.0,425.0,1951.0,0.0852074585949164
20250919,LU2511,3392.0,77599.0,60703.0,-0.0745233801327956
20250919,LU2512,3371.0,36679.0,56854.0,-0.032080815185997
20250919,LU2601,3362.0,9058.0,23594.0,-0.0464908940922766
20250919,LU2602,3349.0,506.0,3442.0,-0.0035836942180642
20250919,LU2603,3348.0,13.0,342.0,-0.0107575085644458
20250919,LU2604,3345.0,1.0,39.0,-0.0287339257314571
20250919,LU2605,3337.0,3.0,66.0,0.025145945438618
20250919,LU2606,3344.0,4.0,36.0,-0.0143626588061541
20250919,LU2607,3340.0,3.0,156.0,-0.072072288722543
20250919,LU2608,3320.0,7.0,114.0,-0.0434520692034275
20250919,LU2609,3308.0,13.0,57.0,0.0
20251027,LU2511,3260.0,758.0,3115.0,0.0
20251027,LU2512,3275.0,34203.0,25486.0,0.0
20251027,LU2601,3257.0,116900.0,102757.0,0.0
20251027,LU2602,3254.0,18650.0,23058.0,0.0
20251027,LU2603,3253.0,1733.0,3700.0,0.0
20251027,LU2604,3248.0,275.0,102.0,0.0
20251027,LU2605,3262.0,12.0,104.0,0.0
20251027,LU2606,3281.0,2.0,53.0,0.0
20251027,LU2607,3270.0,6.0,230.0,0.0
20251027,LU2608,3272.0,4.0,200.0,0.0
20251027,LU2609,3272.0,6.0,195.0,0.0
20251027,LU2610,3262.0,6.0,17.0,0.0
20251028,LU2511,3231.0,3.0,3114.0,0.0
20251028,LU2512,3295.0,23484.0,21673.0,0.0
20251028,LU2601,3273.0,114082.0,94133.0,0.0
20251028,LU2602,3248.0,26299.0,27473.0,0.0
20251028,LU2603,3240.0,2755.0,3996.0,0.0
20251028,LU2604,3240.0,436.0,278.0,0.0
20251028,LU2605,3237.0,112.0,167.0,0.0
20251028,LU2606,3260.0,15.0,56.0,0.0
20251028,LU2607,3255.0,16.0,231.0,0.0
20251028,LU2608,3260.0,21.0,191.0,0.0
20251028,LU2609,3262.0,11.0,192.0,0.0
20251028,LU2610,3251.0,5.0,20.0,0.0
20251029,LU2511,3231.0,22.0,3092.0,0.0
20251029,LU2512,3254.0,17998.0,17703.0,0.0
20251029,LU2601,3246.0,149780.0,89364.0,0.0
20251029,LU2602,3228.0,43492.0,37093.0,0.0
20251029,LU2603,3226.0,4358.0,5324.0,0.0
20251029,LU2604,3218.0,464.0,446.0,0.0
20251029,LU2605,3212.0,105.0,215.0,0.0
20251029,LU2606,3221.0,12.0,53.0,0.0
20251029,LU2607,3219.0,2.0,231.0,0.0
20251029,LU2608,3214.0,5.0,190.0,0.0
20251029,LU2609,3235.0,13.0,188.0,0.0
20251029,LU2610,3220.0,5.0,21.0,0.0
20251030,LU2511,3230.0,1.0,3091.0,0.0
20251030,LU2512,3255.0,7719.0,16091.0,0.0
20251030,LU2601,3255.0,122726.0,83157.0,0.0
20251030,LU2602,3233.0,45494.0,43507.0,0.0
20251030,LU2603,3224.0,4081.0,5564.0,0.0
20251030,LU2604,3224.0,305.0,528.0,0.0
20251030,LU2605,3223.0,62.0,234.0,0.0
20251030,LU2606,3229.0,6.0,51.0,0.0
20251030,LU2607,3234.0,1.0,231.0,0.0
20251030,LU2608,3230.0,6.0,187.0,0.0
20251030,LU2609,3237.0,20.0,196.0,0.0
20251030,LU2610,3233.0,1.0,20.0,0.0
20251031,LU2511,3230.0,0.0,3091.0,0.0
20251031,LU2512,3261.0,7458.0,14121.0,0.0
20251031,LU2601,3268.0,136295.0,80402.0,0.0
20251031,LU2602,3248.0,51177.0,46145.0,0.0
20251031,LU2603,3240.0,5666.0,7113.0,0.0
20251031,LU2604,3236.0,553.0,433.0,0.0
20251031,LU2605,3239.0,89.0,274.0,0.0
20251031,LU2606,3251.0,16.0,47.0,0.0
20251031,LU2607,3257.0,17.0,231.0,0.0
20251031,LU2608,3247.0,11.0,182.0,0.0
20251031,LU2609,3252.0,21.0,190.0,0.0
20251031,LU2610,3244.0,3.0,19.0,0.0
20251103,LU2512,3328.0,6966.0,12567.0,0.0
20251103,LU2601,3335.0,136941.0,83345.0,0.0
20251103,LU2602,3310.0,60109.0,48947.0,0.0
20251103,LU2603,3294.0,5920.0,8181.0,0.0
20251103,LU2604,3286.0,482.0,628.0,0.0
20251103,LU2605,3288.0,61.0,281.0,0.0
20251103,LU2606,3287.0,18.0,41.0,0.0
20251103,LU2607,3291.0,10.0,224.0,0.0
20251103,LU2608,3296.0,2.0,182.0,0.0
20251103,LU2609,3288.0,27.0,175.0,0.0
20251103,LU2610,3280.0,3.0,17.0,0.0
20251103,LU2611,3247.0,0.0,0.0,0.0
20251104,LU2512,3279.0,2618.0,12031.0,0.0
20251104,LU2601,3290.0,90023.0,76282.0,0.0
20251104,LU2602,3271.0,40803.0,45040.0,0.0
20251104,LU2603,3259.0,3234.0,7993.0,0.0
20251104,LU2604,3259.0,149.0,637.0,0.0
20251104,LU2605,3261.0,55.0,307.0,0.0
20251104,LU2606,3260.0,15.0,34.0,0.0
20251104,LU2607,3251.0,8.0,222.0,0.0
20251104,LU2608,3248.0,26.0,182.0,0.0
20251104,LU2609,3254.0,106.0,113.0,0.0
20251104,LU2610,3266.0,5.0,16.0,0.0
20251104,LU2611,3244.0,6.0,5.0,0.0
20251105,LU2512,3286.0,3516.0,11508.0,0.0
20251105,LU2601,3297.0,87167.0,74847.0,0.0
20251105,LU2602,3274.0,38175.0,48469.0,0.0
20251105,LU2603,3267.0,6047.0,8837.0,0.0
20251105,LU2604,3258.0,227.0,660.0,0.0
20251105,LU2605,3260.0,34.0,308.0,0.0
20251105,LU2606,3258.0,2.0,33.0,0.0
20251105,LU2607,3272.0,0.0,222.0,0.0
20251105,LU2608,3231.0,2.0,181.0,0.0
20251105,LU2609,3246.0,15.0,119.0,0.0
20251105,LU2610,3244.0,10.0,18.0,0.0
20251105,LU2611,3246.0,8.0,6.0,0.0
20251106,LU2512,3255.0,1772.0,11172.0,0.0
20251106,LU2601,3269.0,86047.0,76765.0,0.0
20251106,LU2602,3250.0,34886.0,46803.0,0.0
20251106,LU2603,3240.0,5417.0,9525.0,0.0
20251106,LU2604,3229.0,137.0,674.0,0.0
20251106,LU2605,3237.0,22.0,303.0,0.0
20251106,LU2606,3235.0,7.0,30.0,0.0
20251106,LU2607,3217.0,1.0,222.0,0.0
20251106,LU2608,3224.0,1.0,181.0,0.0
20251106,LU2609,3235.0,9.0,120.0,0.0
20251106,LU2610,3237.0,0.0,18.0,0.0
20251106,LU2611,3218.0,0.0,6.0,0.0
20251107,LU2512,3257.0,1545.0,10677.0,0.0
20251107,LU2601,3274.0,96944.0,76688.0,0.0
20251107,LU2602,3261.0,41495.0,45751.0,0.0
20251107,LU2603,3254.0,7254.0,10108.0,0.0
20251107,LU2604,3247.0,511.0,703.0,0.0
20251107,LU2605,3255.0,66.0,305.0,0.0
20251107,LU2606,3233.0,15.0,33.0,0.0
20251107,LU2607,3227.0,9.0,222.0,0.0
20251107,LU2608,3232.0,4.0,183.0,0.0
20251107,LU2609,3240.0,15.0,117.0,0.0
20251107,LU2610,3210.0,3.0,16.0,0.0
20251107,LU2611,3224.0,4.0,6.0,0.0
20251110,LU2512,3263.0,2242.0,9893.0,0.0
20251110,LU2601,3280.0,79925.0,71293.0,0.0
20251110,LU2602,3270.0,34821.0,45959.0,0.0
20251110,LU2603,3265.0,4901.0,10401.0,0.0
20251110,LU2604,3264.0,671.0,832.0,0.0
20251110,LU2605,3263.0,57.0,313.0,0.0
20251110,LU2606,3241.0,3.0,33.0,0.0
20251110,LU2607,3247.0,2.0,222.0,0.0
20251110,LU2608,3231.0,2.0,182.0,0.0
20251110,LU2609,3259.0,19.0,115.0,0.0
20251110,LU2610,3229.0,0.0,16.0,0.0
20251110,LU2611,3253.0,3.0,6.0,0.0
20251111,LU2512,3251.0,2442.0,8849.0,0.0
20251111,LU2601,3262.0,82050.0,68628.0,0.0
20251111,LU2602,3247.0,38340.0,47105.0,0.0
20251111,LU2603,3238.0,8155.0,11519.0,0.0
20251111,LU2604,3232.0,404.0,919.0,0.0
20251111,LU2605,3236.0,57.0,325.0,0.0
20251111,LU2606,3234.0,9.0,33.0,0.0
20251111,LU2607,3230.0,4.0,222.0,0.0
20251111,LU2608,3227.0,4.0,182.0,0.0
20251111,LU2609,3233.0,32.0,123.0,0.0
20251111,LU2610,3225.0,2.0,16.0,0.0
20251111,LU2611,3252.0,3.0,8.0,0.0
20251112,LU2512,3302.0,1742.0,7959.0,0.0003674994385425
20251112,LU2601,3311.0,95759.0,75780.0,-0.057988523104802
20251112,LU2602,3295.0,37859.0,51297.0,-0.0218512898330809
20251112,LU2603,3289.0,10799.0,13863.0,-0.0291882031012469
20251112,LU2604,3281.0,961.0,1026.0,-0.0109722645534899
20251112,LU2605,3278.0,62.0,333.0,-0.0183038438071991
20251112,LU2606,3273.0,12.0,27.0,0.0109990834097164
20251112,LU2607,3276.0,6.0,218.0,0.0036630036630036
20251112,LU2608,3277.0,8.0,177.0,-0.0146475434848953
20251112,LU2609,3273.0,72.0,118.0,0.0
20251112,LU2610,3273.0,6.0,13.0,0.0366636113657188
20251112,LU2611,3283.0,3.0,9.0,0.0
20251113,LU2512,3159.0,1355.0,7349.0,0.0
20251113,LU2601,3164.0,143324.0,67732.0,0.0
20251113,LU2602,3154.0,64591.0,48792.0,0.0
20251113,LU2603,3153.0,18300.0,14785.0,0.0
20251113,LU2604,3145.0,964.0,1319.0,0.0
20251113,LU2605,3154.0,426.0,616.0,0.0
20251113,LU2606,3156.0,37.0,37.0,0.0
20251113,LU2607,3166.0,37.0,235.0,0.0
20251113,LU2608,3154.0,30.0,181.0,0.0
20251113,LU2609,3170.0,156.0,200.0,0.0
20251113,LU2610,3149.0,14.0,26.0,0.0
20251113,LU2611,3164.0,12.0,19.0,0.0
20251114,LU2512,3255.0,1293.0,6920.0,0.0
20251114,LU2601,3240.0,124994.0,69620.0,0.0
20251114,LU2602,3222.0,59262.0,50685.0,0.0
20251114,LU2603,3214.0,13860.0,15008.0,0.0
20251114,LU2604,3208.0,752.0,1231.0,0.0
20251114,LU2605,3207.0,247.0,651.0,0.0
20251114,LU2606,3211.0,15.0,37.0,0.0
20251114,LU2607,3211.0,19.0,235.0,0.0
20251114,LU2608,3212.0,14.0,173.0,0.0
20251114,LU2609,3216.0,127.0,152.0,0.0
20251114,LU2610,3222.0,9.0,22.0,0.0
20251114,LU2611,3231.0,9.0,20.0,0.0
20251117,LU2512,3255.0,372.0,6733.0,-0.0007870346398798
20251117,LU2601,3236.0,77412.0,68431.0,-0.0519159456118658
20251117,LU2602,3222.0,34988.0,52556.0,-0.0409683426443199
20251117,LU2603,3211.0,7578.0,15661.0,-0.003737153534725
20251117,LU2604,3210.0,275.0,1237.0,0.0411214953271024
20251117,LU2605,3221.0,76.0,676.0,-0.0409810617820549
20251117,LU2606,3210.0,12.0,34.0,0.0
20251117,LU2607,3210.0,29.0,220.0,0.018691588785046
20251117,LU2608,3215.0,4.0,174.0,0.0186625194401255
20251117,LU2609,3220.0,53.0,160.0,0.022360248447204
20251117,LU2610,3226.0,28.0,28.0,0.0111593304401749
20251117,LU2611,3229.0,43.0,50.0,0.0
20251118,LU2512,3264.0,3623.0,3705.0,-0.0007022471910112
20251118,LU2601,3247.0,92302.0,68805.0,-0.0406529103788111
20251118,LU2602,3236.0,41414.0,54545.0,-0.0370828182941904
20251118,LU2603,3226.0,8074.0,16317.0,-0.0260384376937383
20251118,LU2604,3219.0,379.0,1229.0,0.0149114631873263
20251118,LU2605,3223.0,241.0,781.0,0.0223394353087194
20251118,LU2606,3229.0,15.0,32.0,-0.0185816042118305
20251118,LU2607,3224.0,30.0,216.0,0.0186104218362279
20251118,LU2608,3229.0,14.0,173.0,0.0111489625270975
20251118,LU2609,3232.0,93.0,159.0,0.0148514851485135
20251118,LU2610,3236.0,10.0,30.0,0.0482076637824473
20251118,LU2611,3249.0,9.0,51.0,0.0
20251119,LU2512,3281.0,422.0,3485.0,-0.0006164193569376
20251119,LU2601,3266.0,75741.0,67715.0,-0.0477648499693819
20251119,LU2602,3253.0,36538.0,54948.0,-0.0442668306178908
20251119,LU2603,3241.0,9340.0,18261.0,-0.014810243751929
20251119,LU2604,3237.0,1143.0,1691.0,0.0111214087117694
20251119,LU2605,3240.0,124.0,833.0,0.0333333333333332
20251119,LU2606,3249.0,9.0,30.0,-0.0369344413665739
20251119,LU2607,3239.0,6.0,215.0,-0.0703920963260262
20251119,LU2608,3220.0,8.0,175.0,0.0968944099378887
20251119,LU2609,3246.0,77.0,158.0,-0.0739371534195934
20251119,LU2610,3226.0,2.0,30.0,0.096714197148171
20251119,LU2611,3252.0,1.0,50.0,0.0
20251120,LU2512,3163.0,243.0,3426.0,-0.0010230651458045
20251120,LU2601,3139.0,133110.0,62247.0,-0.0114686205798024
20251120,LU2602,3136.0,71834.0,53543.0,-0.0191326530612241
20251120,LU2603,3131.0,15988.0,19105.0,0.0038326413286489
20251120,LU2604,3132.0,1518.0,1875.0,0.0498084291187748
20251120,LU2605,3145.0,213.0,946.0,0.0038155802861687
20251120,LU2606,3146.0,15.0,38.0,0.0152574698029255
20251120,LU2607,3150.0,52.0,232.0,0.0152380952380957
20251120,LU2608,3154.0,60.0,213.0,0.0228281547241602
20251120,LU2609,3160.0,200.0,233.0,0.0075949367088608
20251120,LU2610,3162.0,11.0,39.0,0.0531309297912709
20251120,LU2611,3176.0,24.0,68.0,0.0
20251121,LU2512,3013.0,1124.0,2622.0,0.0029087437583206
20251121,LU2601,3078.0,82969.0,61302.0,0.007797270955165
20251121,LU2602,3080.0,53407.0,57945.0,0.0077922077922067
20251121,LU2603,3082.0,16429.0,20864.0,0.0
20251121,LU2604,3082.0,2486.0,3321.0,0.0116807268007788
20251121,LU2605,3085.0,187.0,998.0,0.0505672609400313
20251121,LU2606,3098.0,8.0,38.0,0.0193673337637179
20251121,LU2607,3103.0,21.0,241.0,0.0348050273928448
20251121,LU2608,3112.0,26.0,230.0,0.0269922879177375
20251121,LU2609,3119.0,93.0,268.0,-0.011542160949022
20251121,LU2610,3116.0,11.0,48.0,0.0539152759948651
20251121,LU2611,3130.0,11.0,75.0,0.0
20251124,LU2512,3134.0,344.0,2367.0,-0.0040010612133684
20251124,LU2601,3041.0,96259.0,55106.0,0.059191055573823
20251124,LU2602,3056.0,69908.0,63766.0,0.015706806282723
20251124,LU2603,3060.0,19284.0,24698.0,0.0235294117647058
20251124,LU2604,3066.0,3862.0,5019.0,0.0078277886497071
20251124,LU2605,3068.0,347.0,1143.0,0.0234680573663625
20251124,LU2606,3074.0,12.0,43.0,0.0312296681847747
20251124,LU2607,3082.0,8.0,244.0,0.0506164828033739
20251124,LU2608,3095.0,7.0,233.0,0.0504038772213251
20251124,LU2609,3108.0,56.0,286.0,-0.0115830115830122
20251124,LU2610,3105.0,7.0,48.0,0.023188405797101
20251124,LU2611,3111.0,7.0,79.0,0.0
20251125,LU2512,3136.0,259.0,2109.0,-0.0052023618436138
20251125,LU2601,3015.0,82460.0,55368.0,0.0756218905472625
20251125,LU2602,3034.0,74065.0,69927.0,-0.0039551746868822
20251125,LU2603,3033.0,31460.0,37480.0,0.039564787339267
20251125,LU2604,3043.0,4971.0,6385.0,0.0473217219848836
20251125,LU2605,3055.0,422.0,1210.0,0.0196399345335525
20251125,LU2606,3060.0,21.0,60.0,0.0784313725490193
20251125,LU2607,3080.0,31.0,244.0,0.023376623376623
20251125,LU2608,3086.0,15.0,244.0,0.0349967595593003
20251125,LU2609,3095.0,138.0,326.0,-0.0077544426494351
20251125,LU2610,3093.0,4.0,50.0,0.0271580989330741
20251125,LU2611,3100.0,10.0,85.0,0.0
20251126,LU2512,2876.0,36.0,2098.0,0.0068915941304245
20251126,LU2601,3023.0,89297.0,42211.0,-0.0476347998676809
20251126,LU2602,3011.0,91064.0,68418.0,-0.0239123214878773
20251126,LU2603,3005.0,35655.0,48769.0,0.043926788685523
20251126,LU2604,3016.0,8518.0,9300.0,0.0278514588859426
20251126,LU2605,3023.0,581.0,1408.0,0.0516043665233212
20251126,LU2606,3036.0,35.0,82.0,0.0434782608695654
20251126,LU2607,3047.0,24.0,246.0,0.0866425992779795
20251126,LU2608,3069.0,60.0,257.0,0.0156402737047907
20251126,LU2609,3073.0,192.0,391.0,0.0351448096322801
20251126,LU2610,3082.0,14.0,54.0,0.0350421804023364
20251126,LU2611,3091.0,15.0,95.0,0.0
20251127,LU2512,3049.0,1.0,2098.0,-0.0011497599139154
20251127,LU2601,3023.0,48776.0,28976.0,0.0396956665564003
20251127,LU2602,3033.0,87784.0,69280.0,-0.0316518298714139
20251127,LU2603,3025.0,32217.0,54642.0,0.027768595041322
20251127,LU2604,3032.0,3157.0,9614.0,0.0395778364116097
20251127,LU2605,3042.0,390.0,1565.0,0.0473372781065091
20251127,LU2606,3054.0,10.0,86.0,0.0471512770137518
20251127,LU2607,3066.0,10.0,245.0,0.0391389432485329
20251127,LU2608,3076.0,11.0,248.0,0.0234070221066309
20251127,LU2609,3082.0,53.0,384.0,0.0350421804023364
20251127,LU2610,3091.0,3.0,54.0,0.0349401488191514
20251127,LU2611,3100.0,3.0,95.0,0.0
20251128,LU2512,2800.0,88.0,2018.0,0.0109309791332263
20251128,LU2601,3027.0,28191.0,23994.0,0.0436075322101094
20251128,LU2602,3038.0,83970.0,69833.0,-0.027649769585254
20251128,LU2603,3031.0,27504.0,60069.0,0.019795447047179
20251128,LU2604,3036.0,5562.0,12104.0,0.0434782608695654
20251128,LU2605,3047.0,519.0,1601.0,0.0472595996061704
20251128,LU2606,3059.0,12.0,88.0,0.0470742072572738
20251128,LU2607,3071.0,5.0,245.0,0.0351676978183013
20251128,LU2608,3080.0,18.0,242.0,0.0194805194805196
20251128,LU2609,3085.0,97.0,379.0,0.0155591572123183
20251128,LU2610,3089.0,3.0,52.0,0.0388475234703786
20251128,LU2611,3099.0,0.0,95.0,0.0
20251201,LU2601,3049.0,26427.0,20753.0,0.0157428665136123
20251201,LU2602,3053.0,98304.0,68850.0,-0.0235833606288897
20251201,LU2603,3047.0,33139.0,61059.0,0.0315063997374478
20251201,LU2604,3055.0,4498.0,12339.0,0.0510638297872327
20251201,LU2605,3068.0,1071.0,2070.0,0.0
20251201,LU2606,3068.0,26.0,90.0,0.0547588005215118
20251201,LU2607,3082.0,17.0,246.0,0.0155743024010375
20251201,LU2608,3086.0,38.0,232.0,0.0349967595593003
20251201,LU2609,3095.0,141.0,382.0,0.0077544426494338
20251201,LU2610,3097.0,19.0,50.0,0.0891185017759115
20251201,LU2611,3120.0,15.0,98.0,-0.1230769230769226
20251201,LU2612,3088.0,2.0,1.0,0.0
20251202,LU2601,3030.0,11001.0,18811.0,0.0198019801980207
20251202,LU2602,3035.0,60115.0,68354.0,-0.0039538714991764
20251202,LU2603,3034.0,36546.0,62387.0,0.0316413974950551
20251202,LU2604,3042.0,7484.0,13936.0,0.0433925049309671
20251202,LU2605,3053.0,703.0,2221.0,-0.0196528005240748
20251202,LU2606,3048.0,7.0,85.0,0.0314960629921268
20251202,LU2607,3056.0,2.0,244.0,0.0785340314136124
20251202,LU2608,3076.0,7.0,233.0,0.0390117035110533
20251202,LU2609,3086.0,22.0,388.0,0.0116655865197659
20251202,LU2610,3089.0,1.0,50.0,0.0077695046940746
20251202,LU2611,3091.0,0.0,98.0,-0.0349401488191527
20251202,LU2612,3082.0,0.0,1.0,0.0
20251203,LU2601,3010.0,7651.0,17029.0,0.0279069767441866
20251203,LU2602,3017.0,93548.0,68210.0,-0.0278422273781897
20251203,LU2603,3010.0,49421.0,68301.0,0.00797342192691
20251203,LU2604,3012.0,4561.0,14776.0,0.0358565737051792
20251203,LU2605,3021.0,892.0,2500.0,0.0556107249255202
20251203,LU2606,3035.0,20.0,90.0,-0.075123558484349
20251203,LU2607,3016.0,6.0,246.0,0.1273209549071614
20251203,LU2608,3048.0,16.0,232.0,0.0472440944881888
20251203,LU2609,3060.0,96.0,407.0,-0.0313725490196077
20251203,LU2610,3052.0,12.0,54.0,-0.0078636959370905
20251203,LU2611,3050.0,3.0,100.0,0.1259016393442618
20251203,LU2612,3082.0,0.0,1.0,0.0
20251204,LU2601,3009.0,8218.0,14891.0,0.0598205383848462
20251204,LU2602,3024.0,83100.0,63124.0,-0.0158730158730153
20251204,LU2603,3020.0,46470.0,72721.0,0.0119205298013236
20251204,LU2604,3023.0,1788.0,14818.0,0.0238173999338418
20251204,LU2605,3029.0,654.0,2574.0,0.0554638494552648
20251204,LU2606,3043.0,8.0,94.0,0.0276043378245152
20251204,LU2607,3050.0,2.0,246.0,0.015737704918032
20251204,LU2608,3054.0,6.0,231.0,0.0314341846758345
20251204,LU2609,3062.0,40.0,398.0,0.0313520574787729
20251204,LU2610,3070.0,5.0,52.0,0.0312703583061884
20251204,LU2611,3078.0,3.0,100.0,0.0155945419103327
20251204,LU2612,3082.0,0.0,1.0,0.0
20251205,LU2601,3018.0,4708.0,13620.0,0.0755467196819088
20251205,LU2602,3037.0,73240.0,58381.0,-0.0197563384919328
20251205,LU2603,3032.0,49313.0,75901.0,0.007915567282323
20251205,LU2604,3034.0,5460.0,15143.0,0.0118655240606466
20251205,LU2605,3037.0,1408.0,2876.0,0.0079025353967736
20251205,LU2606,3039.0,15.0,97.0,0.0315893385982217
20251205,LU2607,3047.0,0.0,246.0,0.0433212996389897
20251205,LU2608,3058.0,10.0,227.0,0.0156965336821448
20251205,LU2609,3062.0,124.0,428.0,0.0431090790333117
20251205,LU2610,3073.0,2.0,51.0,0.0390497884803116
20251205,LU2611,3083.0,6.0,101.0,-0.0038923126824523
20251205,LU2612,3082.0,0.0,1.0,0.0
20251208,LU2601,3071.0,6469.0,11785.0,0.0703353956365999
20251208,LU2602,3089.0,88575.0,57969.0,-0.0349627711233413
20251208,LU2603,3080.0,61563.0,76404.0,-0.0077922077922081
20251208,LU2604,3078.0,5612.0,14200.0,0.0506822612085766
20251208,LU2605,3091.0,1009.0,2975.0,-0.0038822387576833
20251208,LU2606,3090.0,23.0,94.0,0.0194174757281544
20251208,LU2607,3095.0,19.0,237.0,-0.0504038772213251
20251208,LU2608,3082.0,21.0,210.0,0.089552238805969
20251208,LU2609,3105.0,328.0,621.0,0.0
20251208,LU2610,3105.0,12.0,46.0,0.0541062801932374
20251208,LU2611,3119.0,9.0,99.0,-0.0038473869830077
20251208,LU2612,3118.0,1.0,1.0,0.0
20251209,LU2601,2989.0,5063.0,11322.0,0.1003680160588826
20251209,LU2602,3014.0,88086.0,55826.0,-0.0398142003981423
20251209,LU2603,3004.0,58686.0,77151.0,-0.0239680426098538
20251209,LU2604,2998.0,7041.0,14782.0,0.020013342228152
20251209,LU2605,3003.0,1719.0,3455.0,0.0319680319680308
20251209,LU2606,3011.0,27.0,106.0,0.0438392560611102
20251209,LU2607,3022.0,12.0,247.0,0.0277961614824624
20251209,LU2608,3029.0,22.0,218.0,0.015846814130076
20251209,LU2609,3033.0,176.0,669.0,-0.0197823936696335
20251209,LU2610,3028.0,36.0,45.0,0.0356671070013199
20251209,LU2611,3037.0,28.0,93.0,0.0316101415870919
20251209,LU2612,3045.0,3.0,2.0,0.0
20251210,LU2601,2990.0,2581.0,10281.0,0.0762541806020058
20251210,LU2602,3009.0,63322.0,56470.0,0.0079760717846459
20251210,LU2603,3011.0,47731.0,76597.0,0.0
20251210,LU2604,3011.0,5076.0,15119.0,0.0199269345732302
20251210,LU2605,3016.0,939.0,3553.0,-0.0238726790450929
20251210,LU2606,3010.0,10.0,104.0,0.0199335548172765
20251210,LU2607,3015.0,4.0,245.0,0.0159203980099507
20251210,LU2608,3019.0,8.0,217.0,0.0874461742298766
20251210,LU2609,3041.0,69.0,658.0,0.0
20251210,LU2610,3041.0,8.0,41.0,-0.0434067740874715
20251210,LU2611,3030.0,7.0,100.0,0.1108910891089101
20251210,LU2612,3058.0,0.0,2.0,0.0
20251211,LU2601,2971.0,3179.0,9424.0,0.0605856613934712
20251211,LU2602,2986.0,90724.0,55402.0,0.0
20251211,LU2603,2986.0,64662.0,80829.0,0.0040187541862035
20251211,LU2604,2987.0,8305.0,16948.0,0.032139270170739
20251211,LU2605,2995.0,812.0,3477.0,0.032053422370617
20251211,LU2606,3003.0,12.0,108.0,0.035964035964036
20251211,LU2607,3012.0,9.0,245.0,0.0199203187250995
20251211,LU2608,3017.0,29.0,223.0,0.0318196884322183
20251211,LU2609,3025.0,153.0,664.0,0.0
20251211,LU2610,3025.0,24.0,48.0,0.1666115702479347
20251211,LU2611,3067.0,26.0,103.0,0.0117378545810238
20251211,LU2612,3070.0,3.0,2.0,0.0
20251212,LU2601,2969.0,1304.0,8672.0,0.0687100033681362
20251212,LU2602,2986.0,79026.0,52657.0,0.0241125251172134
20251212,LU2603,2992.0,62845.0,81496.0,-0.012032085561497
20251212,LU2604,2989.0,7902.0,18540.0,0.0160588825694212
20251212,LU2605,2993.0,1097.0,3445.0,0.0641496825927161
20251212,LU2606,3009.0,12.0,105.0,0.0358923230309082
20251212,LU2607,3018.0,8.0,246.0,0.0516898608349913
20251212,LU2608,3031.0,30.0,223.0,-0.0118772682283077
20251212,LU2609,3028.0,137.0,659.0,0.0475561426684283
20251212,LU2610,3040.0,12.0,47.0,0.0197368421052637
20251212,LU2611,3045.0,15.0,107.0,-0.0118226600985216
20251212,LU2612,3042.0,6.0,6.0,0.0
20251215,LU2601,2988.0,490.0,8538.0,0.0682730923694787
20251215,LU2602,3005.0,69648.0,47749.0,0.007986688851914
20251215,LU2603,3007.0,78309.0,87403.0,-0.0359161955437308
20251215,LU2604,2998.0,10566.0,19047.0,0.020013342228152
20251215,LU2605,3003.0,853.0,3435.0,0.0119880119880129
20251215,LU2606,3006.0,10.0,109.0,0.0638722554890209
20251215,LU2607,3022.0,2.0,246.0,0.043679682329583
20251215,LU2608,3033.0,16.0,227.0,0.0237388724035607
20251215,LU2609,3039.0,85.0,661.0,0.0236920039486676
20251215,LU2610,3045.0,11.0,47.0,0.0591133004926121
20251215,LU2611,3060.0,6.0,109.0,-0.1568627450980386
20251215,LU2612,3020.0,0.0,6.0,0.0
20251216,LU2601,2900.0,589.0,8329.0,0.0372413793103447
20251216,LU2602,2909.0,55187.0,39480.0,0.0495015469233406
20251216,LU2603,2921.0,121968.0,99812.0,0.0
20251216,LU2604,2921.0,15476.0,20775.0,0.0534063676822995
20251216,LU2605,2934.0,1744.0,3899.0,0.0490797546012258
20251216,LU2606,2946.0,57.0,139.0,0.0610997963340125
20251216,LU2607,2961.0,12.0,251.0,0.0526849037487338
20251216,LU2608,2974.0,30.0,238.0,0.0121049092131819
20251216,LU2609,2977.0,161.0,747.0,0.0040309035942218
20251216,LU2610,2978.0,10.0,55.0,0.0080591000671592
20251216,LU2611,2980.0,14.0,115.0,-0.0201342281879197
20251216,LU2612,2975.0,4.0,9.0,0.0
20251217,LU2601,2864.0,1915.0,7581.0,0.1089385474860344
20251217,LU2602,2890.0,50501.0,35690.0,0.062283737024221
20251217,LU2603,2905.0,183023.0,107843.0,0.0
20251217,LU2604,2905.0,21823.0,25083.0,0.0289156626506033
20251217,LU2605,2912.0,3808.0,4545.0,0.0247252747252746
20251217,LU2606,2918.0,107.0,195.0,0.0699108978752578
20251217,LU2607,2935.0,19.0,253.0,0.0572402044293021
20251217,LU2608,2949.0,34.0,248.0,0.0284842319430307
20251217,LU2609,2956.0,258.0,789.0,-0.0608930987821381
20251217,LU2610,2941.0,11.0,63.0,0.1060863651819117
20251217,LU2611,2967.0,18.0,123.0,0.0404448938321539
20251217,LU2612,2977.0,8.0,17.0,0.0
20251218,LU2601,2901.0,1184.0,7207.0,0.1034126163391926
20251218,LU2602,2926.0,34669.0,33424.0,0.0205058099794932
20251218,LU2603,2931.0,113111.0,108490.0,-0.0204708290685773
20251218,LU2604,2926.0,10834.0,25537.0,0.0410116199589891
20251218,LU2605,2936.0,2323.0,5076.0,0.0245231607629428
20251218,LU2606,2942.0,122.0,169.0,0.0571040108769542
20251218,LU2607,2956.0,15.0,252.0,0.0
20251218,LU2608,2956.0,19.0,247.0,0.0852503382949922
20251218,LU2609,2977.0,135.0,772.0,0.0362781323480021
20251218,LU2610,2986.0,7.0,58.0,0.0281312793034169
20251218,LU2611,2993.0,13.0,122.0,0.0240561309722675
20251218,LU2612,2999.0,1.0,16.0,0.0
20251219,LU2601,2886.0,741.0,7114.0,0.1205821205821218
20251219,LU2602,2915.0,23067.0,31454.0,-0.0041166380789028
20251219,LU2603,2914.0,95447.0,107583.0,-0.0247083047357583
20251219,LU2604,2908.0,11645.0,25790.0,0.0165061898211824
20251219,LU2605,2912.0,2291.0,5409.0,0.0164835164835164
20251219,LU2606,2916.0,34.0,167.0,0.0370370370370372
20251219,LU2607,2925.0,21.0,253.0,0.0697435897435889
20251219,LU2608,2942.0,20.0,248.0,0.0407885791978248
20251219,LU2609,2952.0,130.0,802.0,-0.0081300813008127
20251219,LU2610,2950.0,2.0,57.0,0.0854237288135593
20251219,LU2611,2971.0,5.0,122.0,-0.0040390440928983
20251219,LU2612,2970.0,3.0,16.0,0.0
20251222,LU2601,2969.0,949.0,6786.0,0.0444594139440877
20251222,LU2602,2980.0,21728.0,28825.0,0.0080536912751689
20251222,LU2603,2982.0,105629.0,105471.0,-0.0402414486921527
20251222,LU2604,2972.0,18559.0,26243.0,0.00807537012113
20251222,LU2605,2974.0,2845.0,5648.0,0.0322797579018168
20251222,LU2606,2982.0,28.0,159.0,0.0442655935613682
20251222,LU2607,2993.0,16.0,252.0,0.0320748412963594
20251222,LU2608,3001.0,31.0,231.0,0.0359880039986677
20251222,LU2609,3010.0,177.0,724.0,0.0239202657807302
20251222,LU2610,3016.0,9.0,54.0,-0.0039787798408483
20251222,LU2611,3015.0,12.0,122.0,-0.0358208955223884
20251222,LU2612,3006.0,9.0,8.0,0.0
20251223,LU2601,2976.0,238.0,6626.0,0.0685483870967731
20251223,LU2602,2993.0,15345.0,25725.0,0.0240561309722675
20251223,LU2603,2999.0,86564.0,102367.0,-0.0200066688896303
20251223,LU2604,2994.0,15418.0,27220.0,0.0
20251223,LU2605,2994.0,1770.0,5446.0,0.0240480961923834
20251223,LU2606,3000.0,21.0,156.0,0.0279999999999995
20251223,LU2607,3007.0,13.0,247.0,0.0239441303624863
20251223,LU2608,3013.0,24.0,224.0,0.0517756388981078
20251223,LU2609,3026.0,83.0,698.0,0.0317250495703911
20251223,LU2610,3034.0,6.0,50.0,0.0316413974950551
20251223,LU2611,3042.0,6.0,120.0,-0.1499013806706113
20251223,LU2612,3004.0,0.0,8.0,0.0
20251224,LU2601,3000.0,1578.0,5691.0,0.0200000000000004
20251224,LU2602,3005.0,9243.0,23459.0,0.0359400998336116
20251224,LU2603,3014.0,88120.0,101174.0,-0.0039814200398144
20251224,LU2604,3013.0,15923.0,28307.0,0.0
20251224,LU2605,3013.0,923.0,5348.0,0.0398274145370054
20251224,LU2606,3023.0,24.0,151.0,-0.0198478332782001
20251224,LU2607,3018.0,8.0,248.0,0.0278330019880712
20251224,LU2608,3025.0,12.0,223.0,0.055537190082644
20251224,LU2609,3039.0,172.0,659.0,0.0118460019743338
20251224,LU2610,3042.0,5.0,51.0,0.0473372781065091
20251224,LU2611,3054.0,11.0,118.0,-0.0275049115913552
20251224,LU2612,3047.0,1.0,7.0,0.0
20251225,LU2601,3070.0,63.0,5644.0,-0.2423452768729648
20251225,LU2602,3008.0,6873.0,20561.0,0.0319148936170208
20251225,LU2603,3016.0,65983.0,98827.0,-0.031830238726791
20251225,LU2604,3008.0,10190.0,27624.0,0.0
20251225,LU2605,3008.0,1923.0,6210.0,0.0159574468085104
20251225,LU2606,3012.0,11.0,153.0,0.0557768924302788
20251225,LU2607,3026.0,4.0,245.0,0.0475875743555853
20251225,LU2608,3038.0,11.0,224.0,0.023699802501647
20251225,LU2609,3044.0,167.0,557.0,0.0394218134034165
20251225,LU2610,3054.0,7.0,48.0,0.0235756385068759
20251225,LU2611,3060.0,4.0,118.0,-0.0509803921568625
20251225,LU2612,3047.0,0.0,7.0,0.0
20251226,LU2601,3211.0,116.0,5539.0,-0.7773279352226714
20251226,LU2602,3003.0,7474.0,17829.0,0.0559440559440567
20251226,LU2603,3017.0,76219.0,94851.0,-0.0357971494862443
20251226,LU2604,3008.0,21641.0,29993.0,-0.0079787234042552
20251226,LU2605,3006.0,1847.0,6187.0,0.0239520958083838
20251226,LU2606,3012.0,661.0,227.0,0.1155378486055775
20251226,LU2607,3041.0,7.0,240.0,-0.0157842814863529
20251226,LU2608,3037.0,13.0,222.0,0.0316101415870919
20251226,LU2609,3045.0,120.0,547.0,0.0315270935960585
20251226,LU2610,3053.0,11.0,51.0,0.0078611202096299
20251226,LU2611,3055.0,7.0,120.0,-0.0274959083469719
20251226,LU2612,3048.0,1.0,6.0,0.0
20251229,LU2601,2851.0,27.0,5519.0,0.4461592423710989
20251229,LU2602,2957.0,6809.0,16808.0,0.0689888400405811
20251229,LU2603,2974.0,104997.0,91598.0,-0.0322797579018154
20251229,LU2604,2966.0,32396.0,38372.0,-0.0080917060013492
20251229,LU2605,2964.0,2187.0,6917.0,0.0080971659919022
20251229,LU2606,2966.0,511.0,318.0,0.0809170600134869
20251229,LU2607,2986.0,3.0,241.0,0.0281312793034169
20251229,LU2608,2993.0,8.0,224.0,0.0521216171065823
20251229,LU2609,3006.0,151.0,572.0,-0.0159680638722559
20251229,LU2610,3002.0,19.0,50.0,0.0679546968687541
20251229,LU2611,3019.0,28.0,108.0,0.0516727393176541
20251229,LU2612,3032.0,9.0,13.0,0.0
20251230,LU2601,2950.0,2.0,5518.0,0.0406779661016942
20251230,LU2602,2960.0,8334.0,15244.0,0.0689189189189178
20251230,LU2603,2977.0,119030.0,80750.0,-0.0967416862613368
20251230,LU2604,2953.0,41564.0,50553.0,0.0487639688452414
20251230,LU2605,2965.0,3271.0,7548.0,0.0
20251230,LU2606,2965.0,356.0,402.0,0.1173693086003373
20251230,LU2607,2994.0,6.0,239.0,0.0280561122244478
20251230,LU2608,3001.0,8.0,222.0,0.003998667110963
20251230,LU2609,3002.0,221.0,507.0,0.0119920053297795
20251230,LU2610,3005.0,12.0,46.0,0.0319467554076533
20251230,LU2611,3013.0,10.0,99.0,0.1433786923332238
20251230,LU2612,3049.0,8.0,7.0,0.0
20251231,LU2601,2705.0,1.0,5518.0,0.944916820702402
20251231,LU2602,2918.0,10584.0,13290.0,0.0699108978752578
20251231,LU2603,2935.0,112743.0,80481.0,-0.0367972742759801
20251231,LU2604,2926.0,32738.0,55312.0,-0.0041011619958983
20251231,LU2605,2925.0,5734.0,9471.0,0.0205128205128204
20251231,LU2606,2930.0,474.0,655.0,0.0901023890784991
20251231,LU2607,2952.0,8.0,242.0,0.012195121951219
20251231,LU2608,2955.0,11.0,228.0,0.0609137055837551
20251231,LU2609,2970.0,162.0,585.0,0.0323232323232316
20251231,LU2610,2978.0,5.0,49.0,0.0402955003357963
20251231,LU2611,2988.0,14.0,107.0,0.0200803212851408
20251231,LU2612,2993.0,6.0,12.0,0.0
20260105,LU2602,2879.0,4187.0,11523.0,0.0500173671413675
20260105,LU2603,2891.0,77556.0,86874.0,0.008301625735041
20260105,LU2604,2893.0,27826.0,58122.0,0.0248876598686491
20260105,LU2605,2899.0,5813.0,11889.0,0.0165574335977911
20260105,LU2606,2903.0,169.0,722.0,0.0372028935583887
20260105,LU2607,2912.0,25.0,243.0,0.1071428571428567
20260105,LU2608,2938.0,21.0,230.0,0.0122532334921716
20260105,LU2609,2941.0,478.0,996.0,0.0326419585175115
20260105,LU2610,2949.0,12.0,59.0,0.0528992878942018
20260105,LU2611,2962.0,4.0,106.0,0.0040513166779199
20260105,LU2612,2963.0,5.0,17.0,-0.000227525245822
20260105,LU2701,2958.0,2.0,2.0,0.0
20260106,LU2602,2944.0,6903.0,8927.0,-0.0774456521739126
20260106,LU2603,2925.0,89415.0,82217.0,-0.0041025641025638
20260106,LU2604,2924.0,36278.0,61278.0,0.0246238030095753
20260106,LU2605,2930.0,6545.0,14319.0,0.0204778156996576
20260106,LU2606,2935.0,748.0,991.0,0.0327086882453162
20260106,LU2607,2943.0,21.0,245.0,-0.0081549439347603
20260106,LU2608,2941.0,50.0,217.0,0.0367222033322001
20260106,LU2609,2950.0,1049.0,1231.0,0.0528813559322038
20260106,LU2610,2963.0,53.0,52.0,0.0283496456294303
20260106,LU2611,2970.0,22.0,108.0,0.0444444444444451
20260106,LU2612,2981.0,12.0,18.0,-0.0003618422292496
20260106,LU2701,2973.0,2.0,4.0,0.0
20260107,LU2602,2877.0,5016.0,7459.0,-0.0709071949947861
20260107,LU2603,2860.0,130792.0,81829.0,-0.0335664335664329
20260107,LU2604,2852.0,49934.0,70312.0,0.0210378681626925
20260107,LU2605,2857.0,12879.0,19507.0,0.008400420021001
20260107,LU2606,2859.0,579.0,1214.0,0.0671563483735564
20260107,LU2607,2875.0,18.0,254.0,0.0459130434782597
20260107,LU2608,2886.0,26.0,223.0,0.0457380457380462
20260107,LU2609,2897.0,423.0,1316.0,0.0165688643424219
20260107,LU2610,2901.0,35.0,63.0,0.0579110651499492
20260107,LU2611,2915.0,29.0,130.0,0.041166380789023
20260107,LU2612,2925.0,14.0,25.0,-0.000184384903486
20260107,LU2701,2921.0,12.0,15.0,0.0
20260108,LU2602,2939.0,1725.0,7050.0,-0.0408302143586252
20260108,LU2603,2929.0,115458.0,82388.0,-0.0819392284055995
20260108,LU2604,2909.0,46304.0,72933.0,-0.0247507734616703
20260108,LU2605,2903.0,9904.0,20937.0,-0.0248019290389258
20260108,LU2606,2897.0,528.0,1184.0,0.0745598895409056
20260108,LU2607,2915.0,48.0,254.0,0.0452830188679245
20260108,LU2608,2926.0,53.0,231.0,0.0492139439507859
20260108,LU2609,2938.0,366.0,1323.0,-0.0245064669843433
20260108,LU2610,2932.0,9.0,58.0,0.0736698499317878
20260108,LU2611,2950.0,32.0,131.0,0.0366101694915261
20260108,LU2612,2959.0,10.0,28.0,4.55665632558789e-05
20260108,LU2701,2960.0,12.0,12.0,0.0
20260109,LU2602,3056.0,2296.0,6019.0,-0.0942408376963355
20260109,LU2603,3032.0,183215.0,86525.0,-0.0395778364116097
20260109,LU2604,3022.0,78035.0,70574.0,-0.0158835208471206
20260109,LU2605,3018.0,20958.0,18158.0,0.0039761431411537
20260109,LU2606,3019.0,1155.0,1183.0,0.0
20260109,LU2607,3019.0,37.0,241.0,0.0317986088108632
20260109,LU2608,3027.0,13.0,229.0,0.0594648166501485
20260109,LU2609,3042.0,486.0,1360.0,-0.1499013806706113
20260109,LU2610,3004.0,21.0,47.0,0.1837549933422098
20260109,LU2611,3050.0,26.0,124.0,0.0275409836065581
20260109,LU2612,3057.0,15.0,28.0,-8.821161967560643e-05
20260109,LU2701,3055.0,16.0,12.0,0.0
20260112,LU2602,3040.0,1014.0,5598.0,-0.0552631578947373
20260112,LU2603,3026.0,105564.0,78028.0,-0.0118968935888963
20260112,LU2604,3023.0,45992.0,66873.0,-0.0158782666225598
20260112,LU2605,3019.0,12555.0,18031.0,0.0
20260112,LU2606,3019.0,433.0,1166.0,0.0
20260112,LU2607,3019.0,25.0,234.0,0.0516727393176541
20260112,LU2608,3032.0,18.0,232.0,0.0712401055408964
20260112,LU2609,3050.0,282.0,1364.0,-0.0196721311475407
20260112,LU2610,3045.0,13.0,49.0,0.0354679802955661
20260112,LU2611,3054.0,5.0,124.0,0.0353634577603152
20260112,LU2612,3063.0,4.0,30.0,0.0011004853140234
20260112,LU2701,3088.0,3.0,13.0,0.0
20260113,LU2602,3078.0,830.0,5329.0,-0.0467836257309941
20260113,LU2603,3066.0,80472.0,76667.0,0.0117416829745593
20260113,LU2604,3069.0,43991.0,72941.0,-0.0234604105571847
20260113,LU2605,3063.0,12477.0,20542.0,-0.0117531831537709
20260113,LU2606,3060.0,679.0,1182.0,0.0549019607843135
20260113,LU2607,3074.0,12.0,233.0,-0.2459336369551068
20260113,LU2608,3011.0,1.0,233.0,0.2789770840252394
20260113,LU2609,3081.0,79.0,1363.0,0.0233690360272635
20260113,LU2610,3087.0,3.0,50.0,0.0816326530612245
20260113,LU2611,3108.0,13.0,128.0,-0.0540540540540535
20260113,LU2612,3094.0,0.0,30.0,0.0007844105663008
20260113,LU2701,3112.0,0.0,13.0,0.0
20260114,LU2602,3118.0,906.0,4699.0,-0.0769724182168061
20260114,LU2603,3098.0,113864.0,76214.0,-0.0271142672692064
20260114,LU2604,3091.0,65048.0,72217.0,-0.0155289550307347
20260114,LU2605,3087.0,16530.0,21423.0,-0.0388726919339159
20260114,LU2606,3077.0,492.0,1148.0,0.0467988300292505
20260114,LU2607,3089.0,17.0,229.0,0.0776950469407573
20260114,LU2608,3109.0,27.0,244.0,0.0115792859440322
20260114,LU2609,3112.0,186.0,1367.0,0.0269922879177375
20260114,LU2610,3119.0,10.0,51.0,0.0538634177621037
20260114,LU2611,3133.0,33.0,132.0,0.0153207788062559
20260114,LU2612,3137.0,22.0,31.0,0.0009455824465513
20260114,LU2701,3159.0,24.0,23.0,0.0
20260115,LU2602,3127.0,246.0,4628.0,-0.1535017588743206
20260115,LU2603,3087.0,121659.0,74387.0,-0.0310981535471333
20260115,LU2604,3079.0,66540.0,73506.0,-0.0194868463786943
20260115,LU2605,3074.0,25848.0,24389.0,-0.0156148340923873
20260115,LU2606,3070.0,813.0,1333.0,0.0273615635179158
20260115,LU2607,3077.0,34.0,229.0,0.2183945401364972
20260115,LU2608,3133.0,37.0,240.0,-0.1646983721672512
20260115,LU2609,3090.0,157.0,1350.0,0.015533980582524
20260115,LU2610,3094.0,16.0,53.0,0.1163542340012924
20260115,LU2611,3124.0,22.0,135.0,0.0384122919334188
20260115,LU2612,3134.0,21.0,42.0,0.0013767092347074
20260115,LU2701,3166.0,12.0,22.0,0.0
20260116,LU2602,3075.0,276.0,4372.0,-0.1092682926829273
20260116,LU2603,3047.0,80854.0,74143.0,-0.0078765999343612
20260116,LU2604,3045.0,43416.0,75174.0,-0.0157635467980292
20260116,LU2605,3041.0,12023.0,26605.0,-0.0078921407431771
20260116,LU2606,3039.0,498.0,1392.0,0.0236920039486676
20260116,LU2607,3045.0,13.0,237.0,0.0236453201970432
20260116,LU2608,3051.0,14.0,240.0,0.0196656833824988
20260116,LU2609,3056.0,109.0,1345.0,0.0431937172774876
20260116,LU2610,3067.0,1.0,53.0,0.0704271274861429
20260116,LU2611,3085.0,8.0,133.0,0.0233387358184762
20260116,LU2612,3091.0,3.0,42.0,-0.000130861980596
20260116,LU2701,3088.0,3.0,19.0,0.0
20260119,LU2602,3091.0,877.0,3630.0,-0.1203494014881916
20260119,LU2603,3060.0,84484.0,69178.0,0.0
20260119,LU2604,3060.0,53636.0,83144.0,-0.0313725490196077
20260119,LU2605,3052.0,12385.0,28698.0,-0.027522935779817
20260119,LU2606,3045.0,719.0,1626.0,0.0472906403940891
20260119,LU2607,3057.0,60.0,283.0,0.0157016683022579
20260119,LU2608,3061.0,0.0,240.0,0.047043449852989
20260119,LU2609,3073.0,75.0,1331.0,0.0507647250244058
20260119,LU2610,3086.0,3.0,52.0,0.0855476344782877
20260119,LU2611,3108.0,7.0,128.0,0.1583011583011595
20260119,LU2612,3149.0,4.0,44.0,-0.0005566240040533
20260119,LU2701,3136.0,6.0,20.0,0.0
20260120,LU2602,3062.0,355.0,3507.0,0.0627041149575431
20260120,LU2603,3078.0,53855.0,65718.0,-0.0194931773879138
20260120,LU2604,3073.0,44134.0,88467.0,-0.0273348519362186
20260120,LU2605,3066.0,8886.0,29773.0,-0.0352250489236793
20260120,LU2606,3057.0,1389.0,1933.0,0.0
20260120,LU2607,3057.0,340.0,530.0,0.0392541707556421
20260120,LU2608,3067.0,15.0,244.0,0.0704271274861429
20260120,LU2609,3085.0,51.0,1333.0,0.0427876823338735
20260120,LU2610,3096.0,6.0,54.0,0.0271317829457355
20260120,LU2611,3103.0,2.0,128.0,0.0464067031904615
20260120,LU2612,3115.0,3.0,44.0,0.0002164228903277
20260120,LU2701,3120.0,2.0,21.0,0.0
20260121,LU2602,3063.0,117.0,3443.0,0.1057786483839384
20260121,LU2603,3090.0,61555.0,63307.0,-0.0233009708737861
20260121,LU2604,3084.0,60465.0,94985.0,-0.0505836575875484
20260121,LU2605,3071.0,15246.0,33704.0,-0.0390752197981112
20260121,LU2606,3061.0,678.0,2029.0,0.0117608624632472
20260121,LU2607,3064.0,233.0,725.0,-0.023498694516971
20260121,LU2608,3058.0,13.0,242.0,0.1255722694571615
20260121,LU2609,3090.0,198.0,1484.0,0.0194174757281544
20260121,LU2610,3095.0,0.0,54.0,0.0310177705977379
20260121,LU2611,3103.0,0.0,128.0,0.1198839832420235
20260121,LU2612,3134.0,1.0,44.0,4.302216358460833e-05
20260121,LU2701,3135.0,4.0,21.0,0.0
20260122,LU2602,3117.0,119.0,3409.0,0.0692974013474492
20260122,LU2603,3135.0,60535.0,56558.0,0.0114832535885165
20260122,LU2604,3138.0,82979.0,110957.0,-0.0458891013384317
20260122,LU2605,3126.0,19051.0,36843.0,-0.0268714011516308
20260122,LU2606,3119.0,731.0,1997.0,-0.0038473869830077
20260122,LU2607,3118.0,64.0,729.0,0.0269403463758832
20260122,LU2608,3125.0,18.0,241.0,0.0460800000000007
20260122,LU2609,3137.0,103.0,1504.0,0.0573796620975448
20260122,LU2610,3152.0,3.0,53.0,-0.0076142131979697
20260122,LU2611,3150.0,3.0,127.0,0.0723809523809526
20260122,LU2612,3169.0,3.0,45.0,0.0007232990948124
20260122,LU2701,3186.0,4.0,23.0,0.0
20260123,LU2602,3130.0,130.0,3324.0,-0.0498402555910537
20260123,LU2603,3117.0,44102.0,46564.0,-0.0038498556304142
20260123,LU2604,3116.0,102991.0,115480.0,-0.038510911424904
20260123,LU2605,3106.0,18554.0,38386.0,-0.0386349001931738
20260123,LU2606,3096.0,1094.0,2196.0,-0.0038759689922485
20260123,LU2607,3095.0,73.0,734.0,0.0465266558966082
20260123,LU2608,3107.0,12.0,244.0,0.0540714515609925
20260123,LU2609,3121.0,112.0,1503.0,0.0
20260123,LU2610,3121.0,5.0,52.0,0.0153796859980763
20260123,LU2611,3125.0,5.0,128.0,0.0883200000000004
20260123,LU2612,3148.0,7.0,45.0,0.0014990791371015
20260123,LU2701,3183.0,0.0,23.0,0.0
20260126,LU2602,3130.0,230.0,3094.0,0.3143769968051124
20260126,LU2603,3212.0,55954.0,41269.0,-0.0224159402241594
20260126,LU2604,3206.0,164697.0,122217.0,-0.044915782907049
20260126,LU2605,3194.0,40407.0,46213.0,-0.0225422667501566
20260126,LU2606,3188.0,2607.0,2194.0,-0.01129234629862
20260126,LU2607,3185.0,728.0,1100.0,0.0527472527472525
20260126,LU2608,3199.0,39.0,248.0,0.0450140668959058
20260126,LU2609,3211.0,303.0,1485.0,-0.0747430706944873
20260126,LU2610,3191.0,12.0,46.0,0.1353807583829533
20260126,LU2611,3227.0,9.0,127.0,0.4313603966532371
20260126,LU2612,3343.0,5.0,46.0,-0.0038315850326188
20260126,LU2701,3248.0,15.0,27.0,0.0
20260127,LU2602,3349.0,200.0,2894.0,-0.6449686473574201
20260127,LU2603,3169.0,40390.0,32476.0,-0.0151467339854844
20260127,LU2604,3165.0,113721.0,108620.0,-0.0379146919431279
20260127,LU2605,3155.0,27291.0,50581.0,-0.0266244057052298
20260127,LU2606,3148.0,1342.0,2304.0,-0.0190597204574332
20260127,LU2607,3143.0,368.0,1266.0,0.0229080496341067
20260127,LU2608,3149.0,34.0,265.0,0.0342966020959041
20260127,LU2609,3158.0,201.0,1561.0,0.0721975934135539
20260127,LU2610,3177.0,0.0,46.0,0.0037771482530688
20260127,LU2611,3178.0,1.0,126.0,0.033983637507867
20260127,LU2612,3187.0,17.0,52.0,0.0008038273463473
20260127,LU2701,3206.0,44.0,43.0,0.0
20260128,LU2602,3333.0,449.0,2849.0,-0.3852385238523856
20260128,LU2603,3226.0,37704.0,26103.0,0.0223186608803471
20260128,LU2604,3232.0,135534.0,104636.0,-0.0259900990099013
20260128,LU2605,3225.0,39219.0,58266.0,-0.0260465116279076
20260128,LU2606,3218.0,3114.0,2538.0,-0.0223741454319457
20260128,LU2607,3212.0,657.0,1469.0,0.026151930261518
20260128,LU2608,3219.0,64.0,287.0,0.033550792171483
20260128,LU2609,3228.0,229.0,1676.0,0.0520446096654279
20260128,LU2610,3242.0,2.0,45.0,0.0037014188772372
20260128,LU2611,3243.0,4.0,123.0,0.0888066604995367
20260128,LU2612,3267.0,17.0,48.0,0.0003714365307827
20260128,LU2701,3276.0,38.0,52.0,0.0
20260129,LU2602,3725.0,404.0,2445.0,-1.3723489932885902
20260129,LU2603,3299.0,16898.0,24608.0,0.0290997271900588
20260129,LU2604,3307.0,147362.0,102043.0,-0.0108859993952226
20260129,LU2605,3304.0,66994.0,69739.0,-0.058111380145279
20260129,LU2606,3288.0,11135.0,5590.0,-0.0182481751824812
20260129,LU2607,3283.0,825.0,1574.0,-0.0146207736826071
20260129,LU2608,3279.0,190.0,378.0,0.04391582799634
20260129,LU2609,3291.0,164.0,1692.0,0.0255241567912491
20260129,LU2610,3298.0,11.0,46.0,0.0582171012734988
20260129,LU2611,3314.0,6.0,122.0,0.0217260108630057
20260129,LU2612,3320.0,9.0,48.0,0.0002436713144713
20260129,LU2701,3326.0,10.0,46.0,0.0
20260130,LU2602,3577.0,0.0,2445.0,-1.0433324014537324
20260130,LU2603,3266.0,19896.0,19965.0,0.0
20260130,LU2604,3266.0,227206.0,95938.0,-0.007348438456828
20260130,LU2605,3264.0,101228.0,75117.0,0.0
20260130,LU2606,3264.0,10786.0,5551.0,-0.0073529411764705
20260130,LU2607,3262.0,1215.0,1513.0,-0.007357449417535
20260130,LU2608,3260.0,247.0,492.0,0.044171779141104
20260130,LU2609,3272.0,255.0,1638.0,0.0550122249388751
20260130,LU2610,3287.0,10.0,47.0,0.0328567082446005
20260130,LU2611,3296.0,9.0,120.0,0.0182038834951461
20260130,LU2612,3301.0,15.0,49.0,0.0016338256367665
20260130,LU2701,3341.0,31.0,48.0,0.0
20260202,LU2603,3127.0,17652.0,16913.0,0.0038375439718576
20260202,LU2604,3128.0,208985.0,90316.0,-0.0115089514066499
20260202,LU2605,3125.0,105215.0,67794.0,-0.03072
20260202,LU2606,3117.0,5368.0,6580.0,-0.0038498556304142
20260202,LU2607,3116.0,631.0,1418.0,-0.015404364569961
20260202,LU2608,3112.0,181.0,507.0,0.0424164524421586
20260202,LU2609,3123.0,590.0,1649.0,0.0768491834774263
20260202,LU2610,3143.0,24.0,44.0,-0.0190900413617565
20260202,LU2611,3138.0,12.0,115.0,0.0
20260202,LU2612,3138.0,9.0,49.0,0.0008163791436612
20260202,LU2701,3157.0,33.0,41.0,0.459930313588849
20260202,LU2702,3278.0,1.0,1.0,0.0
20260203,LU2603,3180.0,10846.0,16051.0,-0.0452830188679245
20260203,LU2604,3168.0,113364.0,81770.0,-0.0113636363636366
20260203,LU2605,3165.0,52468.0,68764.0,-0.0303317535545017
20260203,LU2606,3157.0,2034.0,6635.0,-0.0190053848590432
20260203,LU2607,3152.0,213.0,1434.0,0.0228426395939091
20260203,LU2608,3158.0,108.0,527.0,-0.0075997466751114
20260203,LU2609,3156.0,129.0,1663.0,0.1406844106463891
20260203,LU2610,3193.0,2.0,46.0,0.0413404321954278
20260203,LU2611,3204.0,2.0,115.0,-0.112359550561798
20260203,LU2612,3174.0,0.0,49.0,0.0001699199252352
20260203,LU2701,3178.0,9.0,39.0,0.1812460667086224
20260203,LU2702,3226.0,4.0,3.0,0.0
20260204,LU2603,3276.0,7224.0,15259.0,-0.0293040293040292
20260204,LU2604,3268.0,107401.0,81924.0,-0.0293757649938801
20260204,LU2605,3260.0,59371.0,74040.0,-0.044171779141104
20260204,LU2606,3248.0,4579.0,8177.0,-0.0184729064039412
20260204,LU2607,3243.0,1139.0,1959.0,0.0037002775208145
20260204,LU2608,3244.0,416.0,470.0,-0.0073982737361286
20260204,LU2609,3242.0,417.0,1765.0,0.0222085132634184
20260204,LU2610,3248.0,19.0,40.0,0.0554187192118238
20260204,LU2611,3263.0,7.0,111.0,0.0330983757278575
20260204,LU2612,3272.0,4.0,48.0,0.0002472459547814
20260204,LU2701,3278.0,5.0,40.0,-0.0256253813300788
20260204,LU2702,3271.0,0.0,3.0,0.0
20260205,LU2603,3299.0,4646.0,14539.0,-0.0509245225826009
20260205,LU2604,3285.0,91440.0,80624.0,-0.0146118721461192
20260205,LU2605,3281.0,56218.0,78812.0,-0.0475464797317894
20260205,LU2606,3268.0,3783.0,8760.0,-0.0146878824969394
20260205,LU2607,3264.0,227.0,1940.0,-0.0220588235294116
20260205,LU2608,3258.0,70.0,471.0,0.0441988950276241
20260205,LU2609,3270.0,78.0,1747.0,0.0477064220183498
20260205,LU2610,3283.0,3.0,40.0,-0.069448674992385
20260205,LU2611,3264.0,0.0,111.0,0.069852941176471
20260205,LU2612,3283.0,3.0,48.0,-0.0009035309579139
20260205,LU2701,3261.0,3.0,39.0,0.0662373505059807
20260205,LU2702,3279.0,1.0,3.0,0.0
20260206,LU2603,3314.0,3535.0,13121.0,-0.0579360289680139
20260206,LU2604,3298.0,125443.0,76201.0,-0.0181928441479684
20260206,LU2605,3293.0,53255.0,83732.0,-0.0327968417856063
20260206,LU2606,3284.0,3161.0,8935.0,-0.0292326431181479
20260206,LU2607,3276.0,306.0,1949.0,0.0329670329670328
20260206,LU2608,3285.0,36.0,485.0,0.0109589041095894
20260206,LU2609,3288.0,83.0,1752.0,-0.0766423357664227
20260206,LU2610,3267.0,14.0,40.0,0.1175390266299354
20260206,LU2611,3299.0,29.0,111.0,0.0036374658987563
20260206,LU2612,3300.0,5.0,46.0,0.0002860061287027
20260206,LU2701,3307.0,9.0,38.0,-0.1016026610220741
20260206,LU2702,3279.0,0.0,3.0,0.0
20260209,LU2603,3229.0,7879.0,9152.0,0.0706100960049562
20260209,LU2604,3248.0,97002.0,70487.0,0.0036945812807882
20260209,LU2605,3249.0,54454.0,91941.0,-0.0590951061865183
20260209,LU2606,3233.0,6528.0,10241.0,-0.0185586142901335
20260209,LU2607,3228.0,1101.0,2554.0,-0.0148698884758369
20260209,LU2608,3224.0,56.0,507.0,0.0074441687344917
20260209,LU2609,3226.0,159.0,1781.0,0.0781153130812164
20260209,LU2610,3247.0,3.0,41.0,-0.0221743147520783
20260209,LU2611,3241.0,22.0,114.0,0.1258870718913911
20260209,LU2612,3275.0,4.0,49.0,-0.0004116991165623
20260209,LU2701,3265.0,13.0,39.0,-0.0036753445635531
20260209,LU2702,3264.0,3.0,3.0,0.0
20260210,LU2603,3294.0,3404.0,8213.0,0.0437158469945364
20260210,LU2604,3306.0,95820.0,64905.0,-0.0145190562613426
20260210,LU2605,3302.0,67281.0,94367.0,-0.0617807389460933
20260210,LU2606,3285.0,7056.0,12434.0,-0.0474885844748862
20260210,LU2607,3272.0,340.0,2526.0,0.0366748166259158
20260210,LU2608,3282.0,33.0,507.0,-0.0146252285191961
20260210,LU2609,3278.0,68.0,1770.0,0.043929225137278
20260210,LU2610,3290.0,7.0,37.0,0.0218844984802437
20260210,LU2611,3296.0,16.0,101.0,-0.0327669902912619
20260210,LU2612,3287.0,17.0,43.0,-8.20392215845223e-05
20260210,LU2701,3285.0,33.0,31.0,0.0401826484018252
20260210,LU2702,3296.0,13.0,8.0,0.0
20260211,LU2603,3363.0,1909.0,7313.0,-0.0214094558429969
20260211,LU2604,3357.0,78346.0,66898.0,-0.0214477211796242
20260211,LU2605,3351.0,64264.0,106817.0,-0.0680393912264998
20260211,LU2606,3332.0,8173.0,16070.0,-0.0396158463385356
20260211,LU2607,3321.0,392.0,2490.0,-0.0578139114724476
20260211,LU2608,3305.0,61.0,499.0,0.0254160363086235
20260211,LU2609,3312.0,165.0,1657.0,-0.0579710144927538
20260211,LU2610,3296.0,2.0,35.0,0.0218446601941737
20260211,LU2611,3302.0,5.0,100.0,0.0
20260211,LU2612,3302.0,4.0,40.0,0.0
20260211,LU2701,3302.0,5.0,30.0,0.0690490611750442
20260211,LU2702,3321.0,4.0,7.0,0.0
20260212,LU2603,3325.0,1663.0,6277.0,0.0866165413533828
20260212,LU2604,3349.0,72782.0,58501.0,0.0214989549119142
20260212,LU2605,3355.0,82644.0,115679.0,-0.0929955290611026
20260212,LU2606,3329.0,8444.0,18986.0,-0.0216281165515166
20260212,LU2607,3323.0,334.0,2489.0,0.0216671682214864
20260212,LU2608,3329.0,51.0,499.0,0.0144187443676777
20260212,LU2609,3333.0,125.0,1618.0,0.0
20260212,LU2610,3333.0,14.0,32.0,0.0072007200720065
20260212,LU2611,3335.0,11.0,98.0,-0.0359820089955018
20260212,LU2612,3325.0,5.0,39.0,-0.0003244065219227
20260212,LU2701,3317.0,18.0,23.0,-0.0108531805848652
20260212,LU2702,3314.0,5.0,6.0,0.0
20260213,LU2603,3209.0,308.0,5989.0,0.157058273605485
20260213,LU2604,3251.0,50077.0,45659.0,0.0369117194709316
20260213,LU2605,3261.0,108994.0,123504.0,-0.0551977920883164
20260213,LU2606,3246.0,6831.0,19581.0,-0.0332717190388174
20260213,LU2607,3237.0,419.0,2638.0,0.0185356811862842
20260213,LU2608,3242.0,124.0,554.0,-0.0370141887723622
20260213,LU2609,3232.0,87.0,1598.0,-0.0408415841584162
20260213,LU2610,3221.0,5.0,32.0,0.1192176342750697
20260213,LU2611,3253.0,3.0,98.0,0.0110667076544723
20260213,LU2612,3256.0,7.0,40.0,0.0001656406150788
20260213,LU2701,3260.0,24.0,36.0,0.0
20260213,LU2702,3260.0,9.0,6.0,0.0
20260224,LU2603,3460.0,6.0,5984.0,0.0450867052023129
20260224,LU2604,3473.0,34158.0,39068.0,0.017276130146846
20260224,LU2605,3478.0,126089.0,125471.0,-0.0448533640023001
20260224,LU2606,3465.0,18978.0,25269.0,-0.0658008658008664
20260224,LU2607,3446.0,936.0,3034.0,0.0139291932675558
20260224,LU2608,3450.0,95.0,561.0,0.0417391304347818
20260224,LU2609,3462.0,232.0,1646.0,0.0138648180242624
20260224,LU2610,3466.0,19.0,32.0,0.0242354298903642
20260224,LU2611,3473.0,4.0,99.0,0.0760149726461278
20260224,LU2612,3495.0,32.0,40.0,-0.0008487245020977
20260224,LU2701,3473.0,18.0,40.0,-0.0691045205873881
20260224,LU2702,3453.0,4.0,5.0,0.0
20260225,LU2603,3400.0,26.0,5958.0,0.1023529411764707
20260225,LU2604,3429.0,27132.0,31465.0,0.0244969378827635
20260225,LU2605,3436.0,124405.0,116473.0,-0.0558789289871946
20260225,LU2606,3420.0,31109.0,40623.0,-0.0385964912280707
20260225,LU2607,3409.0,3171.0,4432.0,0.0246406570841886
20260225,LU2608,3416.0,136.0,551.0,-0.0210772833723646
20260225,LU2609,3410.0,412.0,1658.0,0.0035190615835771
20260225,LU2610,3411.0,36.0,44.0,0.0316622691292867
20260225,LU2611,3420.0,17.0,100.0,0.0210526315789474
20260225,LU2612,3426.0,32.0,34.0,0.0010625946988331
20260225,LU2701,3453.0,55.0,54.0,-0.0347523892267589
20260225,LU2702,3443.0,0.0,5.0,0.0
20260226,LU2603,3163.0,521.0,5444.0,1.0850458425545355
20260226,LU2604,3449.0,14326.0,24694.0,0.0382719628877925
20260226,LU2605,3460.0,123197.0,104212.0,-0.0381502890173415
20260226,LU2606,3449.0,43478.0,55535.0,-0.0730646564221508
20260226,LU2607,3428.0,3387.0,5469.0,-0.0210035005834301
20260226,LU2608,3422.0,233.0,674.0,0.05260081823495
20260226,LU2609,3437.0,155.0,1701.0,0.0
20260226,LU2610,3437.0,2.0,46.0,0.0314227524003483
20260226,LU2611,3446.0,3.0,100.0,0.0174114915844461
20260226,LU2612,3451.0,2.0,32.0,-0.000195351290458
20260226,LU2701,3446.0,9.0,58.0,-0.020893789901335
20260226,LU2702,3440.0,5.0,9.0,0.0
20260227,LU2603,3300.0,8.0,5444.0,0.705454545454546
20260227,LU2604,3494.0,14101.0,18245.0,0.0206067544361774
20260227,LU2605,3500.0,132038.0,91948.0,-0.0377142857142853
20260227,LU2606,3489.0,33567.0,62228.0,-0.099742046431642
20260227,LU2607,3460.0,5644.0,7139.0,-0.0936416184971102
20260227,LU2608,3433.0,2826.0,1465.0,-0.0908826099621316
20260227,LU2609,3407.0,995.0,1821.0,-0.0316994423246259
20260227,LU2610,3398.0,98.0,116.0,-0.0282519128899356
20260227,LU2611,3390.0,37.0,109.0,0.0353982300884947
20260227,LU2612,3400.0,38.0,29.0,0.0010707204230006
20260227,LU2701,3427.0,26.0,63.0,-0.0490224686314566
20260227,LU2702,3413.0,13.0,14.0,0.0
20260302,LU2604,3750.0,8187.0,16636.0,0.0224000000000001
20260302,LU2605,3757.0,152776.0,90981.0,-0.0223582645727979
20260302,LU2606,3750.0,62261.0,65555.0,-0.0895999999999994
20260302,LU2607,3722.0,5491.0,8253.0,-0.1063944116066628
20260302,LU2608,3689.0,1186.0,1705.0,-0.0130116562754127
20260302,LU2609,3685.0,838.0,2055.0,-0.3093622795115331
20260302,LU2610,3590.0,64.0,131.0,0.3543175487465175
20260302,LU2611,3696.0,32.0,124.0,0.0129870129870122
20260302,LU2612,3700.0,38.0,38.0,0.0007288187063467
20260302,LU2701,3720.0,94.0,90.0,-0.0387096774193542
20260302,LU2702,3708.0,20.0,21.0,-0.1682847896440127
20260302,LU2703,3656.0,18.0,7.0,0.0
20260303,LU2604,4127.0,12340.0,14228.0,-0.0436152168645502
20260303,LU2605,4112.0,326368.0,94231.0,-0.081712062256809
20260303,LU2606,4084.0,94069.0,65986.0,-0.387855044074437
20260303,LU2607,3952.0,8010.0,8015.0,-0.267206477732794
20260303,LU2608,3864.0,1055.0,1850.0,-0.195652173913043
20260303,LU2609,3801.0,1497.0,2082.0,-0.1325966850828726
20260303,LU2610,3759.0,94.0,153.0,0.0446927374301688
20260303,LU2611,3773.0,50.0,137.0,0.0286244367877008
20260303,LU2612,3782.0,63.0,52.0,-0.0038859410929357
20260303,LU2701,3673.0,143.0,75.0,0.0392050095289953
20260303,LU2702,3685.0,24.0,30.0,-0.1563093622795111
20260303,LU2703,3637.0,7.0,7.0,0.0
20260304,LU2604,4306.0,6492.0,12529.0,0.1950766372503496
20260304,LU2605,4376.0,508569.0,89356.0,-0.2934186471663613
20260304,LU2606,4269.0,107222.0,63045.0,-0.3373155305692195
20260304,LU2607,4149.0,14079.0,7398.0,-0.3441793203181484
20260304,LU2608,4030.0,1078.0,1693.0,-0.2560794044665018
20260304,LU2609,3944.0,1586.0,1927.0,-0.4168356997971605
20260304,LU2610,3807.0,95.0,147.0,0.0693459416863682
20260304,LU2611,3829.0,74.0,89.0,0.0595455732567238
20260304,LU2612,3848.0,44.0,57.0,7.007872176411316e-05
20260304,LU2701,3850.0,43.0,66.0,-0.1558441558441559
20260304,LU2702,3800.0,6.0,32.0,0.27157894736842
20260304,LU2703,3886.0,11.0,6.0,0.0
20260305,LU2604,4260.0,8315.0,10953.0,0.1549295774647889
20260305,LU2605,4315.0,537719.0,82374.0,-0.5256083429895706
20260305,LU2606,4126.0,114440.0,61774.0,-0.4100824042656326
20260305,LU2607,3985.0,15026.0,7821.0,-0.3071518193224598
20260305,LU2608,3883.0,376.0,1714.0,0.0092711820757154
20260305,LU2609,3886.0,972.0,1852.0,-0.4137931034482753
20260305,LU2610,3752.0,38.0,139.0,0.409381663113006
20260305,LU2611,3880.0,22.0,88.0,-0.6278350515463922
20260305,LU2612,3677.0,53.0,39.0,0.0015034239563884
20260305,LU2701,3718.0,36.0,60.0,0.0096826250672403
20260305,LU2702,3721.0,1.0,32.0,0.1612469766191875
20260305,LU2703,3771.0,7.0,9.0,0.0
20260306,LU2604,4487.0,4919.0,9117.0,0.0026743926899932
20260306,LU2605,4488.0,329146.0,77159.0,-0.6096256684491976
20260306,LU2606,4260.0,80760.0,62088.0,-0.492957746478873
20260306,LU2607,4085.0,8123.0,7630.0,-0.4259485924112605
20260306,LU2608,3940.0,291.0,1694.0,-0.1766497461928935
20260306,LU2609,3882.0,891.0,1824.0,-0.0247295208655327
20260306,LU2610,3874.0,8.0,139.0,-0.1765616933402163
20260306,LU2611,3817.0,36.0,81.0,-0.3458213256484144
20260306,LU2612,3707.0,7.0,37.0,-0.0008729309566171
20260306,LU2701,3683.0,9.0,60.0,0.0
20260306,LU2702,3683.0,4.0,31.0,-0.0684224816725493
20260306,LU2703,3662.0,2.0,9.0,0.0
20260309,LU2604,5015.0,1985.0,8549.0,0.0406779661016942
20260309,LU2605,5032.0,107069.0,75624.0,-0.5174880763116056
20260309,LU2606,4815.0,36299.0,62414.0,-0.4161993769470409
20260309,LU2607,4648.0,8139.0,7403.0,-0.4156626506024095
20260309,LU2608,4487.0,482.0,1757.0,-0.1390684198796519
20260309,LU2609,4435.0,1095.0,2078.0,-0.2570462232243518
20260309,LU2610,4340.0,31.0,157.0,-0.2046082949308756
20260309,LU2611,4266.0,38.0,80.0,-0.0140646976090019
20260309,LU2612,4261.0,51.0,54.0,-0.0008860081903019
20260309,LU2701,4233.0,62.0,55.0,-0.0935506732813613
20260309,LU2702,4200.0,23.0,36.0,0.0828571428571436
20260309,LU2703,4229.0,24.0,12.0,0.0
20260310,LU2604,4895.0,6176.0,6507.0,0.0318692543411636
20260310,LU2605,4908.0,346547.0,65626.0,-0.5745721271393638
20260310,LU2606,4673.0,94304.0,55524.0,-0.6625294243526647
20260310,LU2607,4415.0,12068.0,7951.0,-0.5436013590033979
20260310,LU2608,4215.0,529.0,1710.0,-0.2846975088967975
20260310,LU2609,4115.0,1450.0,2042.0,-0.3353584447144597
20260310,LU2610,4000.0,84.0,156.0,-0.3210000000000006
20260310,LU2611,3893.0,70.0,74.0,-0.4192139737991263
20260310,LU2612,3757.0,89.0,56.0,0.0036964707078621
20260310,LU2701,3860.0,87.0,57.0,0.0559585492227991
20260310,LU2702,3878.0,29.0,29.0,-0.4301186178442502
20260310,LU2703,3739.0,31.0,19.0,0.0
20260311,LU2604,5061.0,3633.0,5533.0,-0.0260818020154118
20260311,LU2605,5050.0,133769.0,70627.0,-0.6914851485148521
20260311,LU2606,4759.0,45186.0,54168.0,-0.6076906913217068
20260311,LU2607,4518.0,12065.0,9319.0,-0.5790172642762288
20260311,LU2608,4300.0,153.0,1702.0,-0.3544186046511632
20260311,LU2609,4173.0,667.0,2071.0,-0.5377426312005751
20260311,LU2610,3986.0,16.0,158.0,0.0421475163070743
20260311,LU2611,4000.0,2.0,73.0,0.003000000000001
20260311,LU2612,4001.0,12.0,52.0,-0.0027296546649854
20260311,LU2701,3920.0,6.0,57.0,-0.0153061224489801
20260311,LU2702,3915.0,3.0,29.0,-0.0766283524904216
20260311,LU2703,3890.0,5.0,21.0,0.0
20260312,LU2604,5597.0,2895.0,5207.0,0.1200643201715196
20260312,LU2605,5653.0,230380.0,72808.0,-0.8278790022996643
20260312,LU2606,5263.0,51578.0,55029.0,-0.7592627778833361
20260312,LU2607,4930.0,13011.0,11641.0,-0.6985801217038539
20260312,LU2608,4643.0,311.0,1732.0,-0.5117381003661423
20260312,LU2609,4445.0,1122.0,2173.0,0.0134983127109107
20260312,LU2610,4450.0,32.0,164.0,-0.1375280898876401
20260312,LU2611,4399.0,8.0,73.0,-0.5864969311207093
20260312,LU2612,4184.0,35.0,54.0,0.0048338238769415
20260312,LU2701,4334.0,24.0,57.0,-0.0138440239963082
20260312,LU2702,4329.0,9.0,28.0,-0.0859320859320864
20260312,LU2703,4298.0,20.0,27.0,0.0
20260313,LU2604,5532.0,1410.0,4667.0,0.1084598698481551
20260313,LU2605,5582.0,154106.0,68671.0,-0.8749552131852387
20260313,LU2606,5175.0,35568.0,50847.0,-0.9623188405797096
20260313,LU2607,4760.0,11302.0,12719.0,-0.5546218487394952
20260313,LU2608,4540.0,478.0,1833.0,-0.2114537444933923
20260313,LU2609,4460.0,958.0,2026.0,-0.5165919282511204
20260313,LU2610,4268.0,29.0,160.0,0.1237113402061851
20260313,LU2611,4312.0,3.0,72.0,-0.3673469387755106
20260313,LU2612,4180.0,10.0,47.0,0.0028063007365195
20260313,LU2701,4267.0,7.0,54.0,0.1321771736583086
20260313,LU2702,4314.0,2.0,27.0,-0.4089012517385257
20260313,LU2703,4167.0,8.0,26.0,0.0
20260316,LU2604,5727.0,411.0,4609.0,0.0041906757464635
20260316,LU2605,5729.0,141165.0,69265.0,-0.7100715657182759
20260316,LU2606,5390.0,28513.0,50918.0,-0.8126159554730985
20260316,LU2607,5025.0,7058.0,13159.0,-0.6567164179104474
20260316,LU2608,4750.0,176.0,1776.0,-0.3157894736842102
20260316,LU2609,4625.0,728.0,2070.0,-0.2387027027027026
20260316,LU2610,4533.0,24.0,164.0,-0.4606221045665117
20260316,LU2611,4359.0,8.0,71.0,0.0192704748795593
20260316,LU2612,4366.0,5.0,48.0,0.0004323500800362
20260316,LU2701,4380.0,3.0,51.0,0.0219178082191788
20260316,LU2702,4388.0,1.0,26.0,-0.3527803099361897
20260316,LU2703,4259.0,0.0,26.0,0.0
20260317,LU2604,5655.0,806.0,4046.0,-0.0297082228116716
20260317,LU2605,5641.0,120085.0,62687.0,-0.4977840808367308
20260317,LU2606,5407.0,29759.0,52036.0,-0.8988348437211027
20260317,LU2607,5002.0,6852.0,14365.0,-0.7149140343862457
20260317,LU2608,4704.0,310.0,1745.0,-0.2576530612244898
20260317,LU2609,4603.0,656.0,2126.0,-0.3284814251575056
20260317,LU2610,4477.0,37.0,164.0,-0.1206164842528481
20260317,LU2611,4432.0,23.0,68.0,-0.3601083032490972
20260317,LU2612,4299.0,1.0,48.0,3.136344747013421e-05
20260317,LU2701,4300.0,3.0,49.0,0.1144186046511617
20260317,LU2702,4341.0,1.0,26.0,-0.0304077401520386
20260317,LU2703,4330.0,14.0,28.0,0.0
20260318,LU2604,5448.0,537.0,3874.0,0.0991189427312786
20260318,LU2605,5493.0,111141.0,66698.0,-0.4128891316220642
20260318,LU2606,5304.0,26294.0,54711.0,-0.7669683257918551
20260318,LU2607,4965.0,5237.0,15202.0,-0.7226586102719028
20260318,LU2608,4666.0,96.0,1732.0,-0.3806258036862404
20260318,LU2609,4518.0,411.0,2096.0,-0.1673306772908365
20260318,LU2610,4455.0,27.0,155.0,-0.4175084175084169
20260318,LU2611,4300.0,1.0,67.0,0.2511627906976743
20260318,LU2612,4390.0,4.0,48.0,-0.0036241713803076
20260318,LU2701,4272.0,14.0,48.0,0.0393258426966296
20260318,LU2702,4286.0,1.0,26.0,0.0111992533831077
20260318,LU2703,4290.0,11.0,22.0,0.0
20260319,LU2604,6169.0,610.0,3784.0,0.0019452099205716
20260319,LU2605,6170.0,212447.0,73439.0,-0.4745542949756891
20260319,LU2606,5926.0,41511.0,55610.0,-0.7188660141748233
20260319,LU2607,5571.0,9396.0,16227.0,-0.7215939687668276
20260319,LU2608,5236.0,1514.0,2739.0,-0.5821237585943471
20260319,LU2609,4982.0,1581.0,2666.0,-0.4287434765154558
20260319,LU2610,4804.0,47.0,159.0,-0.2697751873438805
20260319,LU2611,4696.0,28.0,68.0,-0.074105621805792
20260319,LU2612,4667.0,14.0,45.0,-0.0015600811820022
20260319,LU2701,4613.0,19.0,46.0,-0.5124647734662915
20260319,LU2702,4416.0,5.0,25.0,0.2717391304347831
20260319,LU2703,4516.0,5.0,23.0,0.0
20260320,LU2604,5526.0,611.0,3741.0,0.1433224755700326
20260320,LU2605,5592.0,168028.0,67036.0,-0.1845493562231754
20260320,LU2606,5506.0,46276.0,51414.0,-0.6385760988013081
20260320,LU2607,5213.0,9581.0,16577.0,-0.6077114905045082
20260320,LU2608,4949.0,751.0,2917.0,-0.5067690442513637
20260320,LU2609,4740.0,1048.0,2653.0,-0.4278481012658233
20260320,LU2610,4571.0,37.0,157.0,-0.1312623058411732
20260320,LU2611,4521.0,22.0,62.0,-0.4857332448573328
20260320,LU2612,4338.0,10.0,46.0,0.0012432592040032
20260320,LU2701,4378.0,19.0,49.0,0.1123800822293281
20260320,LU2702,4419.0,1.0,24.0,-0.1900882552613714
20260320,LU2703,4349.0,8.0,26.0,0.0
20260323,LU2604,5865.0,225.0,3739.0,0.235294117647058
20260323,LU2605,5980.0,129646.0,62951.0,-0.252842809364548
20260323,LU2606,5854.0,31384.0,53326.0,-0.582166040314315
20260323,LU2607,5570.0,11782.0,19072.0,-0.5687612208258521
20260323,LU2608,5306.0,265.0,2903.0,-0.5156426686769695
20260323,LU2609,5078.0,576.0,2627.0,-0.4702638834186685
20260323,LU2610,4879.0,15.0,153.0,-0.3664685386349657
20260323,LU2611,4730.0,9.0,55.0,-0.1268498942917548
20260323,LU2612,4680.0,3.0,48.0,-0.0043503313166234
20260323,LU2701,4529.0,9.0,51.0,-0.0370942812983003
20260323,LU2702,4515.0,13.0,27.0,0.0398671096345504
20260323,LU2703,4530.0,16.0,31.0,0.0
20260324,LU2604,5204.0,1365.0,3380.0,0.2236740968485788
20260324,LU2605,5301.0,133888.0,60832.0,-0.1833616298811549
20260324,LU2606,5220.0,34576.0,51938.0,-0.5494252873563217
20260324,LU2607,4981.0,9610.0,20072.0,-0.3637823730174663
20260324,LU2608,4830.0,703.0,2778.0,-0.4745341614906833
20260324,LU2609,4639.0,1182.0,2698.0,-0.4216425953869365
20260324,LU2610,4476.0,37.0,145.0,0.0107238605898114
20260324,LU2611,4480.0,5.0,53.0,-0.3080357142857148
20260324,LU2612,4365.0,18.0,51.0,-0.0009575659291864
20260324,LU2701,4334.0,17.0,49.0,-0.3682510383018003
20260324,LU2702,4201.0,1.0,26.0,0.3856224708402767
20260324,LU2703,4336.0,4.0,30.0,0.0
20260325,LU2604,5039.0,774.0,2639.0,0.2857709863068072
20260325,LU2605,5159.0,112038.0,55828.0,-0.2116689280868389
20260325,LU2606,5068.0,33166.0,48541.0,-0.4285714285714284
20260325,LU2607,4887.0,10088.0,19124.0,-0.4910988336402697
20260325,LU2608,4687.0,396.0,2703.0,-0.4659697034350332
20260325,LU2609,4505.0,1002.0,2688.0,-0.2344062153163157
20260325,LU2610,4417.0,23.0,139.0,0.1874575503735567
20260325,LU2611,4486.0,0.0,53.0,-0.8185465893892103
20260325,LU2612,4180.0,5.0,53.0,0.0009354335788398
20260325,LU2701,4209.0,14.0,50.0,-0.0256593014967929
20260325,LU2702,4200.0,3.0,27.0,0.0
20260325,LU2703,4200.0,2.0,29.0,0.0
20260326,LU2604,4861.0,14.0,2632.0,0.506068710141947
20260326,LU2605,5066.0,91747.0,56894.0,-0.1113304382155551
20260326,LU2606,5019.0,21428.0,46170.0,-0.267782426778242
20260326,LU2607,4907.0,9159.0,20097.0,-0.3888322804157322
20260326,LU2608,4748.0,495.0,2767.0,-0.3007582139848361
20260326,LU2609,4629.0,503.0,2615.0,-0.2825664290343481
20260326,LU2610,4520.0,18.0,133.0,-0.3610619469026543
20260326,LU2611,4384.0,3.0,53.0,0.0766423357664241
20260326,LU2612,4412.0,11.0,50.0,-0.0009473652041928
20260326,LU2701,4381.0,7.0,50.0,-0.542341931065967
20260326,LU2702,4183.0,0.0,27.0,0.1434377241214441
20260326,LU2703,4233.0,0.0,29.0,0.0
20260327,LU2604,5084.0,0.0,2632.0,0.1723052714398116
20260327,LU2605,5157.0,92116.0,49649.0,-0.0884235020360675
20260327,LU2606,5119.0,29593.0,43074.0,-0.1805040046884163
20260327,LU2607,5042.0,9527.0,22164.0,-0.3712812376041254
20260327,LU2608,4886.0,602.0,2692.0,-0.2947196070405233
20260327,LU2609,4766.0,717.0,2551.0,-0.2668904741921953
20260327,LU2610,4660.0,23.0,119.0,-0.1802575107296133
20260327,LU2611,4590.0,14.0,49.0,-0.2352941176470593
20260327,LU2612,4500.0,4.0,49.0,-0.0024569288389513
20260327,LU2701,4418.0,15.0,49.0,-0.230873698506111
20260327,LU2702,4333.0,19.0,27.0,-0.0913916455111931
20260327,LU2703,4300.0,21.0,24.0,0.0
20260330,LU2604,5140.0,9.0,2632.0,0.3385214007782089
20260330,LU2605,5285.0,120028.0,48965.0,-0.113528855250709
20260330,LU2606,5235.0,34580.0,42821.0,-0.1375358166189109
20260330,LU2607,5175.0,13494.0,24647.0,-0.2550724637681165
20260330,LU2608,5065.0,1382.0,2820.0,-0.2558736426456067
20260330,LU2609,4957.0,1008.0,2638.0,-0.2202945329836594
20260330,LU2610,4866.0,64.0,84.0,-0.1800246609124536
20260330,LU2611,4793.0,19.0,51.0,-0.3905695806384313
20260330,LU2612,4637.0,3.0,47.0,-0.0001453865221847
20260330,LU2701,4632.0,18.0,46.0,-0.3601036269430056
20260330,LU2702,4493.0,4.0,25.0,-0.1789450255953704
20260330,LU2703,4426.0,16.0,31.0,0.0
20260331,LU2604,5151.0,0.0,2632.0,0.0186371578334307
20260331,LU2605,5159.0,102614.0,43723.0,-0.3884473735219997
20260331,LU2606,4992.0,47086.0,42964.0,-0.2139423076923079
20260331,LU2607,4903.0,31690.0,25858.0,-0.3475423210279418
20260331,LU2608,4761.0,4240.0,3318.0,-0.2797731568998105
20260331,LU2609,4650.0,1085.0,2693.0,-0.1135483870967748
20260331,LU2610,4606.0,46.0,64.0,-0.1328701693443337
20260331,LU2611,4555.0,25.0,43.0,0.1185510428100995
20260331,LU2612,4600.0,12.0,56.0,-0.0043673668783585
20260331,LU2701,4451.0,13.0,45.0,-0.048528420579645
20260331,LU2702,4433.0,16.0,23.0,-0.1732461087299803
20260331,LU2703,4369.0,18.0,33.0,0.0
20260401,LU2605,4716.0,108695.0,41342.0,-0.3816793893129775
20260401,LU2606,4566.0,38921.0,40124.0,-0.2470433639947438
20260401,LU2607,4472.0,13916.0,24294.0,-0.3381037567084077
20260401,LU2608,4346.0,1112.0,3232.0,-0.323055683387023
20260401,LU2609,4229.0,836.0,2591.0,0.4540080397257044
20260401,LU2610,4389.0,16.0,64.0,-0.6233766233766236
20260401,LU2611,4161.0,19.0,39.0,-0.1730353280461427
20260401,LU2612,4101.0,17.0,47.0,0.0009205756885823
20260401,LU2701,4129.0,22.0,40.0,-0.0871881811576655
20260401,LU2702,4099.0,5.0,20.0,0.2576238106855335
20260401,LU2703,4187.0,10.0,30.0,0.0745163601624065
20260401,LU2704,4213.0,0.0,0.0,0.0
20260402,LU2605,5134.0,91151.0,40420.0,-0.4744838332684069
20260402,LU2606,4931.0,29075.0,40289.0,-0.3455688501318197
20260402,LU2607,4789.0,7987.0,25312.0,-0.2906661098350382
20260402,LU2608,4673.0,768.0,3180.0,-0.2696340680505029
20260402,LU2609,4568.0,801.0,2500.0,-0.3257443082311728
20260402,LU2610,4444.0,8.0,65.0,-0.1188118811881189
20260402,LU2611,4400.0,12.0,37.0,0.1254545454545459
20260402,LU2612,4446.0,25.0,52.0,-0.0042457050144808
20260402,LU2701,4306.0,8.0,42.0,0.0808174640037169
20260402,LU2702,4335.0,0.0,20.0,-0.1079584775086508
20260402,LU2703,4296.0,5.0,32.0,-0.2290502793296092
20260402,LU2704,4214.0,1.0,1.0,0.0
20260403,LU2605,5222.0,81348.0,37269.0,-0.3492914592110301
20260403,LU2606,5070.0,28549.0,39971.0,-0.2390532544378691
20260403,LU2607,4969.0,10174.0,26323.0,-0.410545381364459
20260403,LU2608,4799.0,699.0,3187.0,-0.3875807459887479
20260403,LU2609,4644.0,840.0,2501.0,-0.2273901808785523
20260403,LU2610,4556.0,14.0,61.0,-0.4372256365232654
20260403,LU2611,4390.0,12.0,35.0,0.0273348519362199
20260403,LU2612,4400.0,5.0,53.0,-0.0014708886618998
20260403,LU2701,4352.0,4.0,42.0,0.1461397058823532
20260403,LU2702,4405.0,1.0,19.0,-0.2587968217934162
20260403,LU2703,4310.0,11.0,36.0,-0.3201856148491875
20260403,LU2704,4195.0,2.0,2.0,0.0
20260407,LU2605,5192.0,40473.0,35183.0,-0.323574730354391
20260407,LU2606,5052.0,17142.0,39738.0,-0.244655581947744
20260407,LU2607,4949.0,4576.0,26455.0,-0.3685593049100828
20260407,LU2608,4797.0,211.0,3163.0,-0.3827392120075048
20260407,LU2609,4644.0,241.0,2486.0,-0.2532299741602073
20260407,LU2610,4546.0,6.0,61.0,-0.3009238891333043
20260407,LU2611,4432.0,0.0,35.0,0.018953068592058
20260407,LU2612,4439.0,0.0,53.0,-0.0027033115566569
20260407,LU2701,4350.0,0.0,42.0,0.1517241379310352
20260407,LU2702,4405.0,0.0,19.0,-0.321452894438138
20260407,LU2703,4287.0,0.0,36.0,-0.2575227431770472
20260407,LU2704,4195.0,0.0,2.0,0.0
20260408,LU2605,4425.0,76132.0,32191.0,-0.2332203389830507
20260408,LU2606,4339.0,38583.0,41236.0,-0.2157179073519248
20260408,LU2607,4261.0,12593.0,25934.0,-0.2844402722365635
20260408,LU2608,4160.0,831.0,3143.0,-0.259615384615385
20260408,LU2609,4070.0,1026.0,2654.0,-0.0383292383292381
20260408,LU2610,4057.0,23.0,66.0,-0.0414099087996056
20260408,LU2611,4043.0,10.0,36.0,-0.1276279990106359
20260408,LU2612,4000.0,11.0,53.0,-0.0007752808988764
20260408,LU2701,3977.0,8.0,43.0,0.0392255468946434
20260408,LU2702,3990.0,7.0,21.0,-0.1563909774436087
20260408,LU2703,3938.0,29.0,46.0,-0.2315896394108678
20260408,LU2704,3862.0,1.0,3.0,0.0
20260409,LU2605,4640.0,52075.0,28415.0,-0.2379310344827581
20260409,LU2606,4548.0,29060.0,42699.0,-0.1688654353562002
20260409,LU2607,4484.0,7023.0,26058.0,-0.3024085637823366
20260409,LU2608,4371.0,343.0,3101.0,-0.1894303363074811
20260409,LU2609,4302.0,799.0,2588.0,-0.2482566248256623
20260409,LU2610,4213.0,18.0,73.0,0.0085449798243528
20260409,LU2611,4216.0,16.0,31.0,-0.3358633776091078
20260409,LU2612,4098.0,44.0,72.0,-0.0008225442940102
20260409,LU2701,4073.0,13.0,43.0,0.0677633194205746
20260409,LU2702,4096.0,6.0,20.0,-0.1787109375
20260409,LU2703,4035.0,17.0,53.0,0.0208178438661716
20260409,LU2704,4042.0,7.0,6.0,0.0
20260410,LU2605,4635.0,38532.0,26333.0,-0.2796116504854362
20260410,LU2606,4527.0,26103.0,42605.0,-0.2094102054340627
20260410,LU2607,4448.0,6753.0,25901.0,-0.2401079136690649
20260410,LU2608,4359.0,394.0,3118.0,-0.2147281486579495
20260410,LU2609,4281.0,880.0,2794.0,-0.2971268395234756
20260410,LU2610,4175.0,6.0,72.0,-0.0747305389221555
20260410,LU2611,4149.0,2.0,30.0,-0.0347071583514098
20260410,LU2612,4137.0,4.0,75.0,-0.0029984274551661
20260410,LU2701,4045.0,1.0,43.0,0.2402966625463527
20260410,LU2702,4126.0,1.0,20.0,-0.1047018904507997
20260410,LU2703,4090.0,4.0,52.0,-0.1496332518337406
20260410,LU2704,4039.0,1.0,5.0,0.0
20260413,LU2605,4795.0,31497.0,23242.0,-0.2928050052137645
20260413,LU2606,4678.0,27159.0,41788.0,-0.2334330910645574
20260413,LU2607,4587.0,5700.0,26299.0,-0.282537606278614
20260413,LU2608,4479.0,231.0,3126.0,-0.1178834561286001
20260413,LU2609,4435.0,402.0,2771.0,-0.3192784667418262
20260413,LU2610,4317.0,11.0,74.0,-0.2279360667129957
20260413,LU2611,4235.0,3.0,28.0,-0.3116883116883118
20260413,LU2612,4125.0,2.0,75.0,0.0014055158324821
20260413,LU2701,4168.0,2.0,42.0,-0.0287907869481767
20260413,LU2702,4158.0,8.0,20.0,-0.0721500721500723
20260413,LU2703,4133.0,16.0,44.0,-0.0087103798693437
20260413,LU2704,4130.0,6.0,9.0,0.0
20260414,LU2605,4616.0,31247.0,21191.0,-0.2209705372616985
20260414,LU2606,4531.0,32341.0,45845.0,-0.2145221805340984
20260414,LU2607,4450.0,6783.0,25321.0,-0.2615730337078652
20260414,LU2608,4353.0,334.0,3097.0,-0.1157822191592008
20260414,LU2609,4311.0,355.0,2850.0,-0.322894919972164
20260414,LU2610,4195.0,11.0,67.0,-0.1887961859356375
20260414,LU2611,4129.0,12.0,28.0,0.1104383627997087
20260414,LU2612,4167.0,0.0,75.0,-0.0028797696184305
20260414,LU2701,4078.0,0.0,42.0,-0.0882785679254531
20260414,LU2702,4048.0,1.0,19.0,0.2401185770750977
20260414,LU2703,4129.0,0.0,44.0,-0.3778154516832166
20260414,LU2704,3999.0,1.0,9.0,0.0
20260415,LU2605,4496.0,19261.0,15788.0,-0.1628113879003554
20260415,LU2606,4435.0,44341.0,52035.0,-0.2354002254791427
20260415,LU2607,4348.0,8339.0,27059.0,-0.1766329346826123
20260415,LU2608,4284.0,638.0,3081.0,-0.2072829131652667
20260415,LU2609,4210.0,649.0,2991.0,-0.4190023752969116
20260415,LU2610,4063.0,1.0,66.0,0.2894412995323661
20260415,LU2611,4161.0,0.0,28.0,-0.3720259552992075
20260415,LU2612,4032.0,1.0,76.0,0.0002006420545746
20260415,LU2701,4038.0,3.0,43.0,0.1099554234769684
20260415,LU2702,4075.0,1.0,18.0,-0.1678527607361961
20260415,LU2703,4018.0,6.0,47.0,0.0806371329019404
20260415,LU2704,4045.0,3.0,11.0,0.0
20260416,LU2605,4567.0,9093.0,12425.0,-0.2706371797678999
20260416,LU2606,4464.0,30819.0,52003.0,-0.2822580645161294
20260416,LU2607,4359.0,5980.0,27468.0,-0.1569167240192701
20260416,LU2608,4302.0,320.0,3127.0,-0.1311018131101815
20260416,LU2609,4255.0,463.0,3100.0,-0.2622796709753228
20260416,LU2610,4162.0,20.0,56.0,-0.2479577126381551
20260416,LU2611,4076.0,1.0,29.0,-0.0971540726202153
20260416,LU2612,4043.0,2.0,76.0,-0.0011338782248135
20260416,LU2701,4009.0,0.0,43.0,0.1975555001247189
20260416,LU2702,4075.0,0.0,18.0,-0.1973006134969321
20260416,LU2703,4008.0,3.0,45.0,0.0269461077844308
20260416,LU2704,4017.0,3.0,13.0,0.0
20260417,LU2605,4579.0,6097.0,10463.0,-0.2620659532649045
20260417,LU2606,4479.0,38854.0,53369.0,-0.2598794373744137
20260417,LU2607,4382.0,7678.0,28412.0,-0.205385668644455
20260417,LU2608,4307.0,345.0,3145.0,-0.1727420478291148
20260417,LU2609,4245.0,378.0,3177.0,-0.2261484098939932
20260417,LU2610,4165.0,5.0,54.0,-0.2621848739495802
20260417,LU2611,4074.0,1.0,28.0,0.011782032400589
20260417,LU2612,4078.0,2.0,76.0,-0.0019176617751596
20260417,LU2701,4020.0,0.0,43.0,0.1641791044776122
20260417,LU2702,4075.0,0.0,18.0,-0.1766871165644175
20260417,LU2703,4015.0,0.0,45.0,0.2510585305105852
20260417,LU2704,4099.0,3.0,16.0,0.0
20260420,LU2605,4550.0,7631.0,7881.0,-0.3876923076923071
20260420,LU2606,4403.0,71817.0,55444.0,-0.2888939359527591
20260420,LU2607,4297.0,16905.0,32540.0,-0.2094484524086568
20260420,LU2608,4222.0,1389.0,2992.0,-0.2700142112742769
20260420,LU2609,4127.0,3070.0,3824.0,-0.1686455052095952
20260420,LU2610,4069.0,29.0,57.0,0.0147456377488337
20260420,LU2611,4074.0,0.0,28.0,-0.0029455081001472
20260420,LU2612,4073.0,15.0,72.0,-0.0017213935563604
20260420,LU2701,4021.0,2.0,42.0,-0.0716239741357873
20260420,LU2702,3997.0,5.0,19.0,-0.0180135101325999
20260420,LU2703,3991.0,5.0,47.0,0.0781758957654723
20260420,LU2704,4017.0,4.0,17.0,0.0
20260421,LU2605,4431.0,3445.0,5801.0,-0.2329045362220716
20260421,LU2606,4345.0,37598.0,54435.0,-0.2457997698504028
20260421,LU2607,4256.0,8918.0,32772.0,-0.171992481203008
20260421,LU2608,4195.0,463.0,2986.0,-0.1544696066746125
20260421,LU2609,4141.0,630.0,3849.0,-0.2521130161796669
20260421,LU2610,4054.0,12.0,56.0,0.0325604341391221
20260421,LU2611,4065.0,0.0,28.0,-0.1918819188191882
20260421,LU2612,4000.0,10.0,79.0,-0.0018876404494382
20260421,LU2701,3944.0,0.0,42.0,-0.1156186612576064
20260421,LU2702,3906.0,0.0,19.0,0.1996927803379424
20260421,LU2703,3971.0,1.0,47.0,0.0876353563334166
20260421,LU2704,4000.0,0.0,17.0,0.0
20260422,LU2605,4509.0,2165.0,4700.0,-0.2129075182967397
20260422,LU2606,4429.0,37040.0,52456.0,-0.2140438022126893
20260422,LU2607,4350.0,9694.0,31247.0,-0.2068965517241383
20260422,LU2608,4275.0,441.0,2914.0,-0.1852631578947363
20260422,LU2609,4209.0,796.0,3961.0,-0.296507483962936
20260422,LU2610,4105.0,0.0,56.0,-0.0555420219244826
20260422,LU2611,4086.0,0.0,28.0,0.0411160058737145
20260422,LU2612,4100.0,11.0,90.0,-0.0030912578788709
20260422,LU2701,4006.0,1.0,41.0,-0.0149775336994504
20260422,LU2702,4001.0,1.0,18.0,0.1439640089977496
20260422,LU2703,4049.0,2.0,49.0,-0.1452210422326496
20260422,LU2704,4000.0,0.0,17.0,0.0
20260423,LU2605,4966.0,2885.0,3708.0,-0.6862666129681831
20260423,LU2606,4682.0,80751.0,58571.0,-0.2691157624946605
20260423,LU2607,4577.0,22857.0,33474.0,-0.3041293423639937
20260423,LU2608,4461.0,1775.0,2942.0,-0.196368527236046
20260423,LU2609,4388.0,1944.0,4079.0,-0.2406563354603461
20260423,LU2610,4300.0,18.0,55.0,-0.0837209302325585
20260423,LU2611,4270.0,8.0,31.0,0.1826697892271651
20260423,LU2612,4335.0,22.0,95.0,-0.0047587574355584
20260423,LU2701,4182.0,12.0,43.0,0.0545193687231
20260423,LU2702,4201.0,3.0,17.0,-0.137110211854321
20260423,LU2703,4153.0,9.0,52.0,-0.1386949193354203
20260423,LU2704,4105.0,4.0,21.0,0.0
20260424,LU2605,5010.0,140.0,3627.0,-0.4526946107784431
20260424,LU2606,4821.0,69543.0,61534.0,-0.3086496577473547
20260424,LU2607,4697.0,15903.0,37434.0,-0.3525654673195659
20260424,LU2608,4559.0,1448.0,3303.0,-0.2737442421583687
20260424,LU2609,4455.0,1540.0,3958.0,-0.1804713804713804
20260424,LU2610,4388.0,6.0,55.0,-0.1668185961713764
20260424,LU2611,4327.0,4.0,32.0,-0.0554656806101219
20260424,LU2612,4307.0,30.0,100.0,-0.0033183503207477
20260424,LU2701,4201.0,10.0,43.0,-0.0799809569150196
20260424,LU2702,4173.0,1.0,17.0,0.0977713874910124
20260424,LU2703,4207.0,7.0,57.0,-0.0827192773948186
20260424,LU2704,4178.0,3.0,20.0,0.0
20260427,LU2605,4745.0,367.0,3287.0,0.0
20260427,LU2606,4745.0,49158.0,54122.0,-0.199789251844046
20260427,LU2607,4666.0,15730.0,37312.0,-0.2160308615516504
20260427,LU2608,4582.0,4007.0,5537.0,-0.2278481012658226
20260427,LU2609,4495.0,2505.0,4264.0,-0.2135706340378198
20260427,LU2610,4415.0,19.0,54.0,-0.1902604756511885
20260427,LU2611,4345.0,11.0,35.0,-0.1159953970080556
20260427,LU2612,4303.0,15.0,102.0,-0.0012220374079228
20260427,LU2701,4264.0,12.0,46.0,-0.0984990619136958
20260427,LU2702,4229.0,1.0,18.0,-0.0794514069519984
20260427,LU2703,4201.0,3.0,56.0,-0.0114258509878597
20260427,LU2704,4197.0,1.0,20.0,0.0
20260428,LU2605,4821.0,340.0,3274.0,0.2588674548848786
20260428,LU2606,4925.0,48252.0,49285.0,-0.2607106598984772
20260428,LU2607,4818.0,18701.0,35918.0,-0.2415940224159403
20260428,LU2608,4721.0,8115.0,10843.0,-0.2185977547129849
20260428,LU2609,4635.0,1196.0,4350.0,-0.2951456310679616
20260428,LU2610,4521.0,8.0,55.0,-0.552090245520902
20260428,LU2611,4313.0,1.0,34.0,0.2086714583816356
20260428,LU2612,4388.0,10.0,106.0,-0.0021509120891501
20260428,LU2701,4318.0,8.0,45.0,0.0055581287633161
20260428,LU2702,4320.0,4.0,17.0,-0.0138888888888892
20260428,LU2703,4315.0,1.0,56.0,-0.1056778679026648
20260428,LU2704,4277.0,1.0,21.0,0.0
20260429,LU2605,4980.0,126.0,3181.0,-0.2361445783132527
20260429,LU2606,4882.0,38938.0,42852.0,-0.3490372798033592
20260429,LU2607,4740.0,23278.0,37280.0,-0.1569620253164556
20260429,LU2608,4678.0,5140.0,12572.0,-0.2103463018383928
20260429,LU2609,4596.0,1083.0,4466.0,-0.3342036553524798
20260429,LU2610,4468.0,4.0,54.0,-0.0268576544315126
20260429,LU2611,4458.0,1.0,34.0,-0.1830417227456262
20260429,LU2612,4390.0,2.0,106.0,-0.0027027718768396
20260429,LU2701,4302.0,1.0,46.0,-0.0334728033472804
20260429,LU2702,4290.0,0.0,17.0,0.0027972027972023
20260429,LU2703,4291.0,4.0,58.0,-0.0391517128874392
20260429,LU2704,4277.0,0.0,21.0,0.0
20260430,LU2605,4496.0,45.0,3157.0,1.694839857651246
20260430,LU2606,5131.0,72935.0,40963.0,-0.4303254726174232
20260430,LU2607,4947.0,29889.0,37500.0,-0.2207398423286846
20260430,LU2608,4856.0,7260.0,15381.0,-0.321252059308073
20260430,LU2609,4726.0,1401.0,4739.0,-0.1878967414303844
20260430,LU2610,4652.0,10.0,49.0,-0.4101461736887359
20260430,LU2611,4493.0,10.0,30.0,-0.2483863788114848
20260430,LU2612,4400.0,67.0,144.0,-0.0011950970377936
20260430,LU2701,4361.0,16.0,49.0,0.0137583123136888
20260430,LU2702,4366.0,8.0,21.0,0.0742098030233622
20260430,LU2703,4393.0,4.0,60.0,-0.0136580924197584
20260430,LU2704,4388.0,10.0,27.0,0.0
20260506,LU2606,5239.0,37172.0,39828.0,-0.4168734491315136
20260506,LU2607,5057.0,19181.0,39577.0,-0.3654340518093733
20260506,LU2608,4903.0,5330.0,16987.0,-0.504181113603916
20260506,LU2609,4697.0,2386.0,5173.0,-0.1941664892484569
20260506,LU2610,4621.0,12.0,59.0,-0.2311188054533657
20260506,LU2611,4532.0,2.0,30.0,-0.2065313327449245
20260506,LU2612,4454.0,6.0,147.0,-0.0019979515950818
20260506,LU2701,4388.0,6.0,51.0,-0.0628988149498637
20260506,LU2702,4365.0,2.0,21.0,-0.0549828178694156
20260506,LU2703,4345.0,19.0,72.0,0.0911392405063296
20260506,LU2704,4378.0,2.0,28.0,0.0137048880767478
20260506,LU2705,4383.0,0.0,0.0,0.0
20260507,LU2606,4875.0,54983.0,36596.0,-0.3963076923076918
20260507,LU2607,4714.0,27477.0,39717.0,-0.2723801442511662
20260507,LU2608,4607.0,7248.0,18078.0,-0.375081397872802
20260507,LU2609,4463.0,3080.0,5522.0,-0.2796325341698407
20260507,LU2610,4359.0,2.0,59.0,-0.05230557467309
20260507,LU2611,4340.0,0.0,30.0,-0.4341013824884792
20260507,LU2612,4183.0,15.0,147.0,9.669958929535442e-05
20260507,LU2701,4186.0,14.0,47.0,-0.0917343526039173
20260507,LU2702,4154.0,4.0,20.0,-0.1184400577756381
20260507,LU2703,4113.0,28.0,78.0,-0.0787746170678338
20260507,LU2704,4086.0,6.0,25.0,0.0558002936857562
20260507,LU2705,4105.0,8.0,6.0,0.0
20260508,LU2606,4809.0,37916.0,31143.0,-0.3368683718028702
20260508,LU2607,4674.0,21493.0,38750.0,-0.3183568677792046
20260508,LU2608,4550.0,5268.0,17441.0,-0.2690109890109888
20260508,LU2609,4448.0,1831.0,5400.0,-0.2428057553956839
20260508,LU2610,4358.0,12.0,58.0,-0.1844882973841213
20260508,LU2611,4291.0,0.0,30.0,-0.3551619669074801
20260508,LU2612,4164.0,14.0,157.0,-0.0031408865719003
20260508,LU2701,4067.0,19.0,45.0,0.0737644455372512
20260508,LU2702,4092.0,1.0,19.0,-0.0469208211143694
20260508,LU2703,4076.0,5.0,80.0,-0.0559371933267915
20260508,LU2704,4057.0,5.0,25.0,0.1478925314271642
20260508,LU2705,4107.0,0.0,6.0,0.0
20260511,LU2606,4962.0,28486.0,28394.0,-0.333736396614269
20260511,LU2607,4824.0,20617.0,41035.0,-0.2960199004975119
20260511,LU2608,4705.0,3803.0,17676.0,-0.33666312433581336
20260511,LU2609,4573.0,1586.0,5197.0,-0.28340258036300003
20260511,LU2610,4465.0,7.0,56.0,-0.46763717805151117
20260511,LU2611,4291.0,0.0,30.0,-0.08109997669540947
20260511,LU2612,4262.0,16.0,153.0,-0.0010123432054371289
20260511,LU2701,4230.0,8.0,44.0,-0.37730496453900697
20260511,LU2702,4097.0,0.0,19.0,0.28703929704661846
20260511,LU2703,4195.0,16.0,70.0,-0.025744934445768752
20260511,LU2704,4186.0,5.0,25.0,0.05160057333970336
20260511,LU2705,4204.0,2.0,7.0,0.0
