date,symbol,close,volume,open_interest,roll_yield
20250526,BC2506,69590.0,5102.0,2011.0,-0.0570400785897931
20250526,BC2507,69260.0,2566.0,1785.0,-0.066020146257606
20250526,BC2508,68880.0,529.0,309.0,-0.0069706653136402
20250526,BC2509,68840.0,0.0,7.0,-0.0087190296649902
20250526,BC2510,68790.0,0.0,0.0,-0.2396203534971867
20250526,BC2511,67430.0,0.0,1.0,0.293576496325604
20250526,BC2512,69100.0,0.0,0.0,-0.1204286160086103
20250526,BC2601,68410.0,0.0,4.0,-0.021068037598905
20250526,BC2602,68290.0,1.0,1.0,-0.2306398614338599
20250526,BC2603,66990.0,0.0,0.0,0.2341537706829806
20250526,BC2604,68310.0,0.0,3.0,-0.2108892790176867
20250526,BC2605,67120.0,0.0,0.0,0.0
20250527,BC2506,69630.0,4150.0,1697.0,-0.0656683666440898
20250527,BC2507,69250.0,3050.0,1821.0,-0.0555797780386489
20250527,BC2508,68930.0,284.0,381.0,-0.0052238265353703
20250527,BC2509,68900.0,2.0,7.0,-0.019173509780282
20250527,BC2510,68790.0,0.0,0.0,-0.2396203534971867
20250527,BC2511,67430.0,0.0,1.0,0.293576496325604
20250527,BC2512,69100.0,0.0,0.0,-0.1204286160086103
20250527,BC2601,68410.0,0.0,4.0,-0.021068037598905
20250527,BC2602,68290.0,0.0,1.0,0.0595969673705445
20250527,BC2603,68630.0,1.0,1.0,-0.0683862448454351
20250527,BC2604,68240.0,2.0,2.0,-0.1985860922936747
20250527,BC2605,67120.0,0.0,0.0,0.0
20250528,BC2506,69580.0,2124.0,1435.0,-0.0553155689942412
20250528,BC2507,69260.0,3082.0,1891.0,-0.0555717346266786
20250528,BC2508,68940.0,197.0,457.0,0.0104393221024804
20250528,BC2509,69000.0,1.0,6.0,-0.0365774287120397
20250528,BC2510,68790.0,0.0,0.0,-0.2396203534971867
20250528,BC2511,67430.0,0.0,1.0,0.2744585257383198
20250528,BC2512,68990.0,1.0,1.0,-0.1013106454213275
20250528,BC2601,68410.0,0.0,4.0,-0.021068037598905
20250528,BC2602,68290.0,0.0,1.0,0.0595969673705445
20250528,BC2603,68630.0,0.0,1.0,-0.0560830581214248
20250528,BC2604,68310.0,0.0,2.0,0.0613274314294562
20250528,BC2605,68660.0,4.0,4.0,0.0
20250529,BC2506,69700.0,1617.0,1065.0,-0.0379365167228883
20250529,BC2507,69480.0,5299.0,2241.0,-0.0484569449913632
20250529,BC2508,69200.0,494.0,470.0,-0.0347322963163743
20250529,BC2509,69000.0,0.0,6.0,-0.0365774287120397
20250529,BC2510,68790.0,0.0,0.0,-0.2396203534971867
20250529,BC2511,67430.0,0.0,1.0,0.2744585257383198
20250529,BC2512,68990.0,0.0,1.0,-0.0139231342668094
20250529,BC2601,68910.0,1.0,4.0,-0.1084555487534239
20250529,BC2602,68290.0,0.0,1.0,0.0595969673705445
20250529,BC2603,68630.0,0.0,1.0,-0.0560830581214248
20250529,BC2604,68310.0,0.0,2.0,0.0525855355084982
20250529,BC2605,68610.0,0.0,4.0,0.0
20250530,BC2506,69090.0,587.0,965.0,-0.0365297085747375
20250530,BC2507,68880.0,5152.0,2395.0,-0.0226694828735363
20250530,BC2508,68750.0,402.0,538.0,0.0435572166069447
20250530,BC2509,69000.0,0.0,6.0,-0.0365774287120397
20250530,BC2510,68790.0,0.0,0.0,-0.2396203534971867
20250530,BC2511,67430.0,0.0,1.0,0.2744585257383198
20250530,BC2512,68990.0,0.0,1.0,-0.0139231342668094
20250530,BC2601,68910.0,0.0,4.0,-0.1084555487534239
20250530,BC2602,68290.0,0.0,1.0,0.0595969673705445
20250530,BC2603,68630.0,0.0,1.0,-0.0560830581214248
20250530,BC2604,68310.0,0.0,2.0,0.0525855355084982
20250530,BC2605,68610.0,0.0,4.0,0.0
20250603,BC2506,69050.0,25.0,965.0,-0.0104317595674054
20250603,BC2507,68990.0,4242.0,2671.0,-0.0296059942641962
20250603,BC2508,68820.0,408.0,521.0,0.0313452507350995
20250603,BC2509,69000.0,0.0,6.0,-0.0365774287120397
20250603,BC2510,68790.0,0.0,0.0,-0.2396203534971867
20250603,BC2511,67430.0,0.0,1.0,0.2744585257383198
20250603,BC2512,68990.0,0.0,1.0,-0.0156646624608529
20250603,BC2601,68900.0,0.0,4.0,-0.1067140205593798
20250603,BC2602,68290.0,0.0,1.0,0.0595969673705445
20250603,BC2603,68630.0,0.0,1.0,-0.0560830581214248
20250603,BC2604,68310.0,0.0,2.0,0.0525855355084982
20250603,BC2605,68610.0,0.0,4.0,0.0
20250604,BC2506,69050.0,0.0,965.0,0.0969282639032864
20250604,BC2507,69610.0,5813.0,2645.0,-0.0276139917626684
20250604,BC2508,69450.0,1142.0,591.0,-0.0780067752371211
20250604,BC2509,69000.0,0.0,6.0,-0.0365774287120397
20250604,BC2510,68790.0,0.0,0.0,-0.2396203534971867
20250604,BC2511,67430.0,0.0,1.0,0.2744585257383198
20250604,BC2512,68990.0,0.0,1.0,-0.0156646624608529
20250604,BC2601,68900.0,0.0,4.0,-0.1067140205593798
20250604,BC2602,68290.0,0.0,1.0,0.0595969673705445
20250604,BC2603,68630.0,0.0,1.0,-0.0560830581214248
20250604,BC2604,68310.0,0.0,2.0,0.0525855355084982
20250604,BC2605,68610.0,0.0,4.0,0.0
20250605,BC2506,69480.0,10.0,965.0,0.0138089773581377
20250605,BC2507,69560.0,4021.0,2741.0,-0.0224476646508032
20250605,BC2508,69430.0,448.0,643.0,-0.0380842789369203
20250605,BC2509,69210.0,3.0,5.0,-0.0730437037901903
20250605,BC2510,68790.0,0.0,0.0,-0.2396203534971867
20250605,BC2511,67430.0,0.0,1.0,0.2744585257383198
20250605,BC2512,68990.0,0.0,1.0,-0.0156646624608529
20250605,BC2601,68900.0,0.0,4.0,-0.1067140205593798
20250605,BC2602,68290.0,0.0,1.0,0.0595969673705445
20250605,BC2603,68630.0,0.0,1.0,-0.0560830581214248
20250605,BC2604,68310.0,0.0,2.0,0.0525855355084982
20250605,BC2605,68610.0,0.0,4.0,0.0
20250606,BC2506,70150.0,55.0,915.0,0.0256319072177916
20250606,BC2507,70300.0,7377.0,3703.0,-0.0290536352136017
20250606,BC2508,70130.0,1016.0,726.0,-0.0497250122096683
20250606,BC2509,69840.0,3.0,5.0,-0.0034369182534814
20250606,BC2510,69820.0,1.0,1.0,-0.2764338101946932
20250606,BC2511,68230.0,0.0,1.0,0.1329265887682212
20250606,BC2512,68990.0,0.0,1.0,-0.0156646624608529
20250606,BC2601,68900.0,0.0,4.0,-0.1067140205593798
20250606,BC2602,68290.0,0.0,1.0,0.0595969673705445
20250606,BC2603,68630.0,0.0,1.0,-0.0560830581214248
20250606,BC2604,68310.0,0.0,2.0,0.0525855355084982
20250606,BC2605,68610.0,0.0,4.0,0.0
20250609,BC2506,69950.0,45.0,895.0,0.0462296355455526
20250609,BC2507,70220.0,4775.0,3333.0,-0.0239486893458015
20250609,BC2508,70080.0,601.0,811.0,-0.0566403111199316
20250609,BC2509,69750.0,0.0,5.0,0.0120369717049801
20250609,BC2510,69820.0,0.0,1.0,-0.2764338101946932
20250609,BC2511,68230.0,0.0,1.0,0.1329265887682212
20250609,BC2512,68990.0,0.0,1.0,-0.0156646624608529
20250609,BC2601,68900.0,0.0,4.0,-0.1067140205593798
20250609,BC2602,68290.0,0.0,1.0,0.0595969673705445
20250609,BC2603,68630.0,0.0,1.0,-0.0560830581214248
20250609,BC2604,68310.0,0.0,2.0,0.0525855355084982
20250609,BC2605,68610.0,0.0,4.0,0.0
20250610,BC2506,69950.0,165.0,895.0,0.0462296355455526
20250610,BC2507,70220.0,5338.0,3417.0,-0.0273738356513449
20250610,BC2508,70060.0,671.0,857.0,-0.053215164814389
20250610,BC2509,69750.0,0.0,5.0,0.0120369717049801
20250610,BC2510,69820.0,0.0,1.0,-0.2764338101946932
20250610,BC2511,68230.0,0.0,1.0,0.1329265887682212
20250610,BC2512,68990.0,0.0,1.0,-0.0156646624608529
20250610,BC2601,68900.0,0.0,4.0,-0.1067140205593798
20250610,BC2602,68290.0,0.0,1.0,0.0595969673705445
20250610,BC2603,68630.0,0.0,1.0,-0.0560830581214248
20250610,BC2604,68310.0,0.0,2.0,0.0525855355084982
20250610,BC2605,68610.0,0.0,4.0,0.0
20250611,BC2506,69950.0,0.0,895.0,0.1024917262479948
20250611,BC2507,70550.0,4295.0,3589.0,-0.027245648145393
20250611,BC2508,70390.0,687.0,1004.0,-0.1096054430227831
20250611,BC2509,69750.0,0.0,5.0,0.0120369717049801
20250611,BC2510,69820.0,0.0,1.0,-0.2764338101946932
20250611,BC2511,68230.0,0.0,1.0,0.162459719853091
20250611,BC2512,69160.0,0.0,1.0,-0.0451977935457227
20250611,BC2601,68900.0,0.0,4.0,-0.1067140205593798
20250611,BC2602,68290.0,0.0,1.0,0.1744470319955035
20250611,BC2603,69290.0,0.0,1.0,-0.1709331227463839
20250611,BC2604,68310.0,0.0,2.0,0.0525855355084982
20250611,BC2605,68610.0,0.0,4.0,0.0
20250612,BC2506,69950.0,0.0,895.0,-0.0291991842343451
20250612,BC2507,69780.0,4917.0,3298.0,-0.0120438751238488
20250612,BC2508,69710.0,1207.0,1206.0,0.0068836944380115
20250612,BC2509,69750.0,0.0,5.0,0.0120369717049801
20250612,BC2510,69820.0,0.0,1.0,-0.2764338101946932
20250612,BC2511,68230.0,0.0,1.0,0.162459719853091
20250612,BC2512,69160.0,0.0,1.0,-0.0451977935457227
20250612,BC2601,68900.0,0.0,4.0,-0.1067140205593798
20250612,BC2602,68290.0,0.0,1.0,0.1744470319955035
20250612,BC2603,69290.0,0.0,1.0,-0.1709331227463839
20250612,BC2604,68310.0,0.0,2.0,0.0525855355084982
20250612,BC2605,68610.0,0.0,4.0,0.0
20250613,BC2506,69950.0,0.0,895.0,-0.1293580618543953
20250613,BC2507,69200.0,4753.0,3555.0,-0.0034687093752148
20250613,BC2508,69180.0,905.0,1301.0,0.0984674063094286
20250613,BC2509,69750.0,0.0,5.0,0.0120369717049801
20250613,BC2510,69820.0,0.0,1.0,-0.2764338101946932
20250613,BC2511,68230.0,0.0,1.0,0.162459719853091
20250613,BC2512,69160.0,0.0,1.0,-0.0451977935457227
20250613,BC2601,68900.0,0.0,4.0,-0.1067140205593798
20250613,BC2602,68290.0,0.0,1.0,0.1744470319955035
20250613,BC2603,69290.0,0.0,1.0,-0.1709331227463839
20250613,BC2604,68310.0,0.0,2.0,0.0525855355084982
20250613,BC2605,68610.0,0.0,4.0,0.0
20250616,BC2506,69950.0,0.0,895.0,-0.0395217655160406
20250616,BC2507,69720.0,5309.0,3283.0,-0.0120542451120657
20250616,BC2508,69650.0,1440.0,1489.0,0.0172166457079244
20250616,BC2509,69750.0,0.0,5.0,0.0120369717049801
20250616,BC2510,69820.0,0.0,1.0,-0.2764338101946932
20250616,BC2511,68230.0,0.0,1.0,0.162459719853091
20250616,BC2512,69160.0,0.0,1.0,-0.0451977935457227
20250616,BC2601,68900.0,0.0,4.0,-0.1454350867170337
20250616,BC2602,68070.0,0.0,1.0,0.2131680981531588
20250616,BC2603,69290.0,0.0,1.0,-0.1709331227463839
20250616,BC2604,68310.0,0.0,2.0,0.0525855355084982
20250616,BC2605,68610.0,0.0,4.0,0.0
20250617,BC2507,69880.0,3987.0,3007.0,-0.0171845940867327
20250617,BC2508,69780.0,1262.0,1698.0,-0.060340619921353
20250617,BC2509,69430.0,25.0,7.0,0.0672174109404948
20250617,BC2510,69820.0,0.0,1.0,-0.2764338101946932
20250617,BC2511,68230.0,0.0,1.0,0.162459719853091
20250617,BC2512,69160.0,0.0,1.0,-0.0451977935457227
20250617,BC2601,68900.0,0.0,4.0,-0.1454350867170337
20250617,BC2602,68070.0,0.0,1.0,0.2131680981531588
20250617,BC2603,69290.0,0.0,1.0,-0.1709331227463839
20250617,BC2604,68310.0,0.0,2.0,0.0525855355084982
20250617,BC2605,68610.0,0.0,4.0,0.0
20250617,BC2606,68610.0,0.0,0.0,0.0
20250618,BC2507,70150.0,3171.0,2822.0,-0.0154054653495499
20250618,BC2508,70060.0,1127.0,1992.0,-0.1032116454409536
20250618,BC2509,69460.0,1.0,8.0,0.0620334523315429
20250618,BC2510,69820.0,0.0,1.0,-0.4393402518512193
20250618,BC2511,67310.0,0.0,1.0,0.3253661615096151
20250618,BC2512,69160.0,0.0,1.0,-0.0451977935457227
20250618,BC2601,68900.0,0.0,4.0,-0.3069401497232735
20250618,BC2602,67160.0,0.0,1.0,0.3746731611593976
20250618,BC2603,69290.0,0.0,1.0,-0.3336474801739714
20250618,BC2604,67390.0,0.0,2.0,0.2152998929360871
20250618,BC2605,68610.0,0.0,4.0,0.0
20250618,BC2606,68610.0,0.0,0.0,0.0
20250619,BC2507,69590.0,3351.0,2636.0,-0.0155295154321462
20250619,BC2508,69500.0,1266.0,2149.0,-0.0190078519114668
20250619,BC2509,69390.0,0.0,8.0,0.0741328411851885
20250619,BC2510,69820.0,0.0,1.0,-0.4696861215000135
20250619,BC2511,67140.0,0.0,1.0,0.3557120311584094
20250619,BC2512,69160.0,0.0,1.0,-0.0451977935457227
20250619,BC2601,68900.0,0.0,4.0,-0.33735388199324
20250619,BC2602,66990.0,0.0,1.0,0.4050868934293642
20250619,BC2603,69290.0,0.0,1.0,-0.3336474801739714
20250619,BC2604,67390.0,0.0,2.0,0.2152998929360871
20250619,BC2605,68610.0,0.0,4.0,0.0
20250619,BC2606,68610.0,0.0,0.0,0.0
20250620,BC2507,69170.0,3550.0,2678.0,-0.0121501420664293
20250620,BC2508,69100.0,1220.0,2137.0,0.0173535821999965
20250620,BC2509,69200.0,2.0,9.0,0.1070356686391942
20250620,BC2510,69820.0,0.0,1.0,-0.4696861215000135
20250620,BC2511,67140.0,0.0,1.0,0.3557120311584094
20250620,BC2512,69160.0,0.0,1.0,-0.0451977935457227
20250620,BC2601,68900.0,0.0,4.0,-0.33735388199324
20250620,BC2602,66990.0,0.0,1.0,0.4050868934293642
20250620,BC2603,69290.0,0.0,1.0,-0.3336474801739714
20250620,BC2604,67390.0,0.0,2.0,0.2152998929360871
20250620,BC2605,68610.0,0.0,4.0,0.0
20250620,BC2606,68610.0,0.0,0.0,0.0
20250623,BC2507,69620.0,3440.0,2232.0,-0.0258825321420398
20250623,BC2508,69470.0,1769.0,2182.0,-0.0069114472752899
20250623,BC2509,69430.0,4.0,11.0,0.0672174109404948
20250623,BC2510,69820.0,0.0,1.0,-0.4696861215000135
20250623,BC2511,67140.0,0.0,1.0,0.3557120311584094
20250623,BC2512,69160.0,0.0,1.0,-0.0451977935457227
20250623,BC2601,68900.0,0.0,4.0,-0.3266108195031046
20250623,BC2602,67050.0,0.0,1.0,0.3943438309392295
20250623,BC2603,69290.0,0.0,1.0,-0.3336474801739714
20250623,BC2604,67390.0,0.0,2.0,0.2152998929360871
20250623,BC2605,68610.0,0.0,4.0,0.0
20250623,BC2606,68610.0,0.0,0.0,0.0
20250624,BC2507,69960.0,4394.0,2362.0,-0.0120128719363645
20250624,BC2508,69890.0,2173.0,2642.0,-0.044724822414987
20250624,BC2509,69630.0,52.0,49.0,0.032699912669214
20250624,BC2510,69820.0,0.0,1.0,-0.0533984947739451
20250624,BC2511,69510.0,1.0,2.0,-0.0605755955676577
20250624,BC2512,69160.0,0.0,1.0,-0.0451977935457227
20250624,BC2601,68900.0,0.0,4.0,0.0884972559825536
20250624,BC2602,69410.0,0.0,1.0,-0.0207642445464293
20250624,BC2603,69290.0,0.0,1.0,0.0811222075372124
20250624,BC2604,69760.0,0.0,2.0,-0.199469794775097
20250624,BC2605,68610.0,0.0,4.0,0.0
20250624,BC2606,68610.0,0.0,0.0,0.0
20250625,BC2507,70280.0,3556.0,2566.0,-0.0410490708149434
20250625,BC2508,70040.0,2547.0,2733.0,-0.0360334867164865
20250625,BC2509,69830.0,179.0,128.0,-0.0017185821726468
20250625,BC2510,69820.0,0.0,1.0,-0.0533984947739451
20250625,BC2511,69510.0,0.0,2.0,-0.0605755955676577
20250625,BC2512,69160.0,0.0,1.0,-0.0243161177427883
20250625,BC2601,69020.0,0.0,4.0,0.0676155801796197
20250625,BC2602,69410.0,0.0,1.0,-0.0207642445464293
20250625,BC2603,69290.0,0.0,1.0,0.0811222075372124
20250625,BC2604,69760.0,0.0,2.0,-0.199469794775097
20250625,BC2605,68610.0,0.0,4.0,0.0
20250625,BC2606,68610.0,0.0,0.0,0.0
20250626,BC2507,70500.0,2399.0,2233.0,-0.0306774772956172
20250626,BC2508,70320.0,3903.0,3192.0,-0.0461637671268662
20250626,BC2509,70050.0,216.0,222.0,-0.0394652532735118
20250626,BC2510,69820.0,0.0,1.0,-0.0533984947739451
20250626,BC2511,69510.0,0.0,2.0,-0.0103626949445011
20250626,BC2512,69450.0,0.0,1.0,0.0207164488223665
20250626,BC2601,69570.0,1.0,3.0,-0.0276298870086923
20250626,BC2602,69410.0,0.0,1.0,-0.0207642445464293
20250626,BC2603,69290.0,0.0,1.0,0.0811222075372124
20250626,BC2604,69760.0,0.0,2.0,-0.199469794775097
20250626,BC2605,68610.0,0.0,4.0,0.0
20250626,BC2606,68610.0,0.0,0.0,0.0
20250627,BC2507,71300.0,2310.0,2013.0,-0.0084180992578843
20250627,BC2508,71250.0,9097.0,4872.0,-0.0641712759191429
20250627,BC2509,70870.0,293.0,327.0,-0.045804819875619
20250627,BC2510,70600.0,0.0,1.0,-0.1867142086416227
20250627,BC2511,69510.0,0.0,2.0,-0.0103626949445011
20250627,BC2512,69450.0,0.0,1.0,0.0207164488223665
20250627,BC2601,69570.0,0.0,3.0,-0.0276298870086923
20250627,BC2602,69410.0,0.0,1.0,-0.0207642445464293
20250627,BC2603,69290.0,0.0,1.0,0.0811222075372124
20250627,BC2604,69760.0,0.0,2.0,-0.199469794775097
20250627,BC2605,68610.0,0.0,4.0,0.0
20250627,BC2606,68610.0,0.0,0.0,0.0
20250630,BC2507,71720.0,456.0,1880.0,-0.0906932238586256
20250630,BC2508,71180.0,5562.0,5181.0,-0.0236253767775841
20250630,BC2509,71040.0,325.0,328.0,-0.0575703093766502
20250630,BC2510,70700.0,0.0,1.0,-0.2019731033446856
20250630,BC2511,69520.0,0.0,2.0,-0.0120889410814063
20250630,BC2512,69450.0,0.0,1.0,0.0207164488223665
20250630,BC2601,69570.0,0.0,3.0,-0.0276298870086923
20250630,BC2602,69410.0,0.0,1.0,-0.0207642445464293
20250630,BC2603,69290.0,0.0,1.0,0.0811222075372124
20250630,BC2604,69760.0,0.0,2.0,-0.199469794775097
20250630,BC2605,68610.0,0.0,4.0,0.0
20250630,BC2606,68610.0,0.0,0.0,0.0
20250701,BC2507,71500.0,5.0,1875.0,0.0585979539008638
20250701,BC2508,71850.0,4380.0,5495.0,-0.0334494990102375
20250701,BC2509,71650.0,206.0,327.0,-0.0587619222471666
20250701,BC2510,71300.0,0.0,1.0,-0.3033821575573644
20250701,BC2511,69520.0,0.0,2.0,-0.0120889410814063
20250701,BC2512,69450.0,0.0,1.0,0.0207164488223665
20250701,BC2601,69570.0,0.0,3.0,-0.0276298870086923
20250701,BC2602,69410.0,0.0,1.0,-0.0207642445464293
20250701,BC2603,69290.0,0.0,1.0,0.0811222075372124
20250701,BC2604,69760.0,0.0,2.0,-0.0086040012290021
20250701,BC2605,69710.0,0.0,4.0,0.2874490781667763
20250701,BC2606,71400.0,2.0,1.0,0.0
20250702,BC2507,71480.0,10.0,1875.0,0.0469143295117597
20250702,BC2508,71760.0,5427.0,5792.0,-0.0251098647803074
20250702,BC2509,71610.0,764.0,345.0,-0.0436486211520357
20250702,BC2510,71350.0,0.0,1.0,0.1653585912132769
20250702,BC2511,72340.0,2.0,3.0,-0.4892418878831898
20250702,BC2512,69450.0,0.0,1.0,0.0207164488223665
20250702,BC2601,69570.0,0.0,3.0,-0.0276298870086923
20250702,BC2602,69410.0,0.0,1.0,-0.0207642445464293
20250702,BC2603,69290.0,0.0,1.0,0.0811222075372124
20250702,BC2604,69760.0,0.0,2.0,0.211429169287095
20250702,BC2605,71000.0,1.0,3.0,0.0993062684013383
20250702,BC2606,71590.0,0.0,1.0,0.0
20250703,BC2507,71480.0,0.0,1875.0,0.0469143295117597
20250703,BC2508,71760.0,4144.0,5843.0,-0.0234342381630486
20250703,BC2509,71620.0,704.0,610.0,-0.036917942696975
20250703,BC2510,71400.0,0.0,1.0,0.0503145391204314
20250703,BC2511,71700.0,3.0,3.0,-0.126184127994276
20250703,BC2512,70950.0,0.0,1.0,0.0741887988998107
20250703,BC2601,71390.0,1.0,3.0,-0.3375222499545218
20250703,BC2602,69410.0,0.0,1.0,-0.0207642445464293
20250703,BC2603,69290.0,0.0,1.0,0.3532427115895686
20250703,BC2604,71360.0,1.0,2.0,0.0067245728854161
20250703,BC2605,71400.0,2.0,3.0,0.0318903607506592
20250703,BC2606,71590.0,0.0,1.0,0.0
20250704,BC2507,71300.0,0.0,1875.0,-0.0522876644274684
20250704,BC2508,70990.0,5378.0,5504.0,-0.0236886709752607
20250704,BC2509,70850.0,363.0,661.0,0.0675582361448455
20250704,BC2510,71250.0,1.0,1.0,0.0922758828650228
20250704,BC2511,71800.0,0.0,3.0,-0.1429088693775225
20250704,BC2512,70950.0,0.0,1.0,0.0304054216724665
20250704,BC2601,71130.0,0.0,3.0,-0.2937388727271783
20250704,BC2602,69410.0,0.0,1.0,-0.0207642445464293
20250704,BC2603,69290.0,0.0,1.0,0.3498790114974658
20250704,BC2604,71340.0,0.0,2.0,0.0
20250704,BC2605,71340.0,0.0,3.0,-0.2790823459712068
20250704,BC2606,69700.0,1.0,1.0,0.0
20250707,BC2507,70600.0,0.0,1875.0,-0.0153072092189661
20250707,BC2508,70510.0,3688.0,5320.0,-0.0187353668034295
20250707,BC2509,70400.0,243.0,689.0,0.098458608652245
20250707,BC2510,70980.0,1.0,1.0,0.1378359460299373
20250707,BC2511,71800.0,0.0,3.0,-0.185266837819817
20250707,BC2512,70700.0,0.0,1.0,0.0727633901147597
20250707,BC2601,71130.0,0.0,3.0,-0.2937388727271783
20250707,BC2602,69410.0,0.0,1.0,-0.0207642445464293
20250707,BC2603,69290.0,0.0,1.0,0.2587008607246108
20250707,BC2604,70800.0,0.0,2.0,0.0287790220466084
20250707,BC2605,70970.0,0.0,3.0,-0.0814367610132879
20250707,BC2606,70490.0,1.0,0.0,0.0
20250708,BC2507,70600.0,10.0,1875.0,0.0458048198756177
20250708,BC2508,70870.0,2886.0,5001.0,-0.0169443688136548
20250708,BC2509,70770.0,225.0,734.0,0.0355555815678845
20250708,BC2510,70980.0,0.0,1.0,0.1378359460299373
20250708,BC2511,71800.0,0.0,3.0,-0.185266837819817
20250708,BC2512,70700.0,0.0,1.0,0.033898327626658
20250708,BC2601,70900.0,0.0,3.0,-0.2548738102390737
20250708,BC2602,69410.0,0.0,1.0,-0.0207642445464293
20250708,BC2603,69290.0,0.0,1.0,0.2587008607246108
20250708,BC2604,70800.0,0.0,2.0,0.0287790220466084
20250708,BC2605,70970.0,0.0,3.0,-0.0814367610132879
20250708,BC2606,70490.0,0.0,0.0,0.0
20250709,BC2507,70600.0,0.0,1875.0,-0.1729111877092524
20250709,BC2508,69590.0,11030.0,4544.0,-0.0103507769499867
20250709,BC2509,69530.0,1133.0,739.0,-0.0120872015399816
20250709,BC2510,69460.0,7.0,3.0,-0.0017277373869021
20250709,BC2511,69450.0,14.0,6.0,0.0517242180134671
20250709,BC2512,69750.0,0.0,1.0,0.0103181433700218
20250709,BC2601,69810.0,0.0,3.0,-0.0689557995698121
20250709,BC2602,69410.0,0.0,1.0,-0.0207642445464293
20250709,BC2603,69290.0,0.0,1.0,0.0794019007462204
20250709,BC2604,69750.0,0.0,2.0,-0.2556062733028222
20250709,BC2605,68280.0,0.0,3.0,-0.0811171347449677
20250709,BC2606,67820.0,0.0,0.0,0.0
20250710,BC2507,70600.0,0.0,1875.0,-0.1350345422026362
20250710,BC2508,69810.0,7844.0,4464.0,-0.006877776373978
20250710,BC2509,69770.0,1021.0,826.0,-0.015489424882774
20250710,BC2510,69680.0,19.0,5.0,-0.0950945110448853
20250710,BC2511,69130.0,0.0,6.0,0.0329360986827806
20250710,BC2512,69320.0,1.0,1.0,0.0845256136188563
20250710,BC2601,69810.0,0.0,3.0,-0.0689557995698121
20250710,BC2602,69410.0,0.0,1.0,-0.0207642445464293
20250710,BC2603,69290.0,0.0,1.0,0.0794019007462204
20250710,BC2604,69750.0,0.0,2.0,-0.0482689919602253
20250710,BC2605,69470.0,2.0,3.0,-0.2884544160875642
20250710,BC2606,67820.0,0.0,0.0,0.0
20250711,BC2507,70600.0,0.0,1875.0,-0.1711869259058695
20250711,BC2508,69600.0,4554.0,4298.0,0.0103403711697737
20250711,BC2509,69660.0,939.0,986.0,-0.0103403711697734
20250711,BC2510,69600.0,7.0,5.0,-0.0708986859558516
20250711,BC2511,69190.0,0.0,6.0,0.022525456040227
20250711,BC2512,69320.0,0.0,1.0,0.0828065390510578
20250711,BC2601,69800.0,0.0,3.0,-0.0672367250020137
20250711,BC2602,69410.0,0.0,1.0,-0.0207642445464293
20250711,BC2603,69290.0,0.0,1.0,0.0794019007462204
20250711,BC2604,69750.0,0.0,2.0,-0.0499964806265649
20250711,BC2605,69460.0,1.0,3.0,-0.2867269274212246
20250711,BC2606,67820.0,0.0,0.0,0.0
20250714,BC2507,69200.0,5.0,1875.0,0.0588151674730963
20250714,BC2508,69540.0,3886.0,4310.0,0.0120733032103165
20250714,BC2509,69610.0,598.0,1065.0,-0.0017240140824135
20250714,BC2510,69600.0,0.0,5.0,-0.0708986859558516
20250714,BC2511,69190.0,0.0,6.0,0.022525456040227
20250714,BC2512,69320.0,0.0,1.0,0.0828065390510578
20250714,BC2601,69800.0,0.0,3.0,-0.0672367250020137
20250714,BC2602,69410.0,0.0,1.0,-0.0207642445464293
20250714,BC2603,69290.0,0.0,1.0,0.0794019007462204
20250714,BC2604,69750.0,0.0,2.0,-0.0499964806265649
20250714,BC2605,69460.0,0.0,3.0,-0.2867269274212246
20250714,BC2606,67820.0,0.0,0.0,0.0
20250715,BC2507,69200.0,0.0,1875.0,0.008667389325889
20250715,BC2508,69250.0,3852.0,4501.0,0.0207762279571437
20250715,BC2509,69370.0,823.0,1192.0,0.0397208393179674
20250715,BC2510,69600.0,0.0,5.0,-0.0708986859558516
20250715,BC2511,69190.0,0.0,6.0,0.022525456040227
20250715,BC2512,69320.0,0.0,1.0,0.0276657183059855
20250715,BC2601,69480.0,0.0,3.0,-0.0120959042569421
20250715,BC2602,69410.0,0.0,1.0,-0.0207642445464293
20250715,BC2603,69290.0,0.0,1.0,0.024221461510705
20250715,BC2604,69430.0,0.0,2.0,0.0051839586089509
20250715,BC2605,69460.0,0.0,3.0,-0.2867269274212246
20250715,BC2606,67820.0,0.0,0.0,0.0
20250716,BC2508,69180.0,2900.0,4480.0,0.0207972322420184
20250716,BC2509,69300.0,879.0,1344.0,0.0173035358028142
20250716,BC2510,69400.0,0.0,5.0,-0.0363662880244693
20250716,BC2511,69190.0,0.0,6.0,0.022525456040227
20250716,BC2512,69320.0,0.0,1.0,0.0276657183059855
20250716,BC2601,69480.0,0.0,3.0,-0.0120959042569421
20250716,BC2602,69410.0,0.0,1.0,-0.0207642445464293
20250716,BC2603,69290.0,0.0,1.0,0.024221461510705
20250716,BC2604,69430.0,0.0,2.0,0.0051839586089509
20250716,BC2605,69460.0,0.0,3.0,-0.2867269274212246
20250716,BC2606,67820.0,0.0,0.0,0.0
20250716,BC2607,67820.0,0.0,0.0,0.0
20250717,BC2508,68990.0,4173.0,4588.0,0.0225906952533936
20250717,BC2509,69120.0,734.0,1433.0,0.0225482468597717
20250717,BC2510,69250.0,0.0,5.0,-0.0104016186807377
20250717,BC2511,69190.0,0.0,6.0,0.022525456040227
20250717,BC2512,69320.0,0.0,1.0,0.0276657183059855
20250717,BC2601,69480.0,0.0,3.0,-0.0120959042569421
20250717,BC2602,69410.0,0.0,1.0,-0.0207642445464293
20250717,BC2603,69290.0,0.0,1.0,0.024221461510705
20250717,BC2604,69430.0,0.0,2.0,0.0051839586089509
20250717,BC2605,69460.0,0.0,3.0,-0.2867269274212246
20250717,BC2606,67820.0,0.0,0.0,0.0
20250717,BC2607,67820.0,0.0,0.0,0.0
20250718,BC2508,69670.0,5197.0,4219.0,0.0137713399133686
20250718,BC2509,69750.0,859.0,1497.0,0.0017203067909894
20250718,BC2510,69760.0,3.0,4.0,-0.0984532330800538
20250718,BC2511,69190.0,0.0,6.0,0.022525456040227
20250718,BC2512,69320.0,0.0,1.0,0.0276657183059855
20250718,BC2601,69480.0,0.0,3.0,-0.0120959042569421
20250718,BC2602,69410.0,0.0,1.0,-0.0207642445464293
20250718,BC2603,69290.0,0.0,1.0,0.024221461510705
20250718,BC2604,69430.0,0.0,2.0,0.0051839586089509
20250718,BC2605,69460.0,0.0,3.0,-0.2214374494003969
20250718,BC2606,68190.0,0.0,0.0,-0.0652894780208274
20250718,BC2607,67820.0,0.0,0.0,0.0
20250721,BC2508,70890.0,7592.0,4198.0,0.0118434976127742
20250721,BC2509,70960.0,1482.0,1747.0,-0.0253932520516977
20250721,BC2510,70810.0,1.0,5.0,-0.277726681835554
20250721,BC2511,69190.0,0.0,6.0,0.1704843197321913
20250721,BC2512,70180.0,0.0,1.0,-0.1202931453859788
20250721,BC2601,69480.0,0.0,3.0,-0.0120959042569421
20250721,BC2602,69410.0,0.0,1.0,-0.0207642445464293
20250721,BC2603,69290.0,0.0,1.0,0.024221461510705
20250721,BC2604,69430.0,0.0,2.0,0.008638687292667
20250721,BC2605,69480.0,0.0,3.0,-0.0242040133923215
20250721,BC2606,69340.0,0.0,0.0,-0.2659776427126175
20250721,BC2607,67820.0,0.0,0.0,0.0
20250722,BC2508,70800.0,5416.0,3998.0,0.0135516671658178
20250722,BC2509,70880.0,1275.0,1872.0,-0.0288156081681125
20250722,BC2510,70710.0,7.0,7.0,-0.2607679452651562
20250722,BC2511,69190.0,0.0,6.0,0.2080430358393233
20250722,BC2512,70400.0,0.0,1.0,-0.1578518614931103
20250722,BC2601,69480.0,0.0,3.0,-0.0120959042569421
20250722,BC2602,69410.0,0.0,1.0,-0.0207642445464293
20250722,BC2603,69290.0,0.0,1.0,0.024221461510705
20250722,BC2604,69430.0,0.0,2.0,0.008638687292667
20250722,BC2605,69480.0,0.0,3.0,-0.0242040133923215
20250722,BC2606,69340.0,0.0,0.0,-0.1165142114915082
20250722,BC2607,68670.0,0.0,0.0,0.0
20250723,BC2508,70660.0,4854.0,3983.0,0.0169707283270245
20250723,BC2509,70760.0,1516.0,2091.0,-0.006785411546358
20250723,BC2510,70720.0,0.0,7.0,-0.2624648978240199
20250723,BC2511,69190.0,0.0,6.0,0.2080430358393233
20250723,BC2512,70400.0,0.0,1.0,-0.1578518614931103
20250723,BC2601,69480.0,0.0,3.0,-0.0120959042569421
20250723,BC2602,69410.0,0.0,1.0,-0.0207642445464293
20250723,BC2603,69290.0,0.0,1.0,0.024221461510705
20250723,BC2604,69430.0,0.0,2.0,0.008638687292667
20250723,BC2605,69480.0,0.0,3.0,-0.0242040133923215
20250723,BC2606,69340.0,0.0,0.0,-0.1165142114915082
20250723,BC2607,68670.0,0.0,0.0,0.0
20250724,BC2508,70920.0,4281.0,3879.0,0.0135287500236982
20250724,BC2509,71000.0,2163.0,2363.0,-0.0219919706298088
20250724,BC2510,70870.0,1.0,6.0,-0.2878904317373396
20250724,BC2511,69190.0,0.0,6.0,0.245484563874247
20250724,BC2512,70620.0,0.0,1.0,-0.1711380974033695
20250724,BC2601,69620.0,0.0,3.0,-0.0120715681660912
20250724,BC2602,69550.0,0.0,1.0,-0.0207224112512382
20250724,BC2603,69430.0,0.0,1.0,0.0241726700444151
20250724,BC2604,69570.0,0.0,2.0,-0.0155339827517496
20250724,BC2605,69480.0,0.0,3.0,-0.0242040133923215
20250724,BC2606,69340.0,0.0,0.0,-0.1165142114915082
20250724,BC2607,68670.0,0.0,0.0,0.0
20250725,BC2508,70360.0,4696.0,3345.0,0.0085245439402143
20250725,BC2509,70410.0,3360.0,2811.0,0.0136266870569077
20250725,BC2510,70490.0,255.0,78.0,-0.1697292385804532
20250725,BC2511,69500.0,0.0,6.0,0.1918396551539259
20250725,BC2512,70620.0,0.0,1.0,-0.1023896996846484
20250725,BC2601,70020.0,0.0,3.0,-0.0034280817259272
20250725,BC2602,70000.0,0.0,1.0,0.0
20250725,BC2603,70000.0,0.0,1.0,0.0
20250725,BC2604,70000.0,0.0,2.0,0.0
20250725,BC2605,70000.0,0.0,3.0,-0.1136796215097796
20250725,BC2606,69340.0,0.0,0.0,-0.1165142114915082
20250725,BC2607,68670.0,0.0,0.0,0.0
20250728,BC2508,70040.0,4031.0,2901.0,0.0188315895698254
20250728,BC2509,70150.0,3485.0,3092.0,0.0290453619414181
20250728,BC2510,70320.0,564.0,258.0,-0.0804740120874094
20250728,BC2511,69850.0,0.0,6.0,0.1315596575672351
20250728,BC2512,70620.0,0.0,1.0,-0.1023896996846484
20250728,BC2601,70020.0,0.0,3.0,-0.0034280817259272
20250728,BC2602,70000.0,0.0,1.0,0.0
20250728,BC2603,70000.0,0.0,1.0,0.0
20250728,BC2604,70000.0,0.0,2.0,0.0
20250728,BC2605,70000.0,0.0,3.0,-0.1136796215097796
20250728,BC2606,69340.0,0.0,0.0,-0.1165142114915082
20250728,BC2607,68670.0,0.0,0.0,0.0
20250729,BC2508,69730.0,5603.0,2769.0,0.0429461484794725
20250729,BC2509,69980.0,4890.0,3439.0,0.0102842457373087
20250729,BC2510,70040.0,345.0,349.0,-0.0325970605761635
20250729,BC2511,69850.0,0.0,6.0,0.0736461313911074
20250729,BC2512,70280.0,13.0,1.0,-0.0444761735085222
20250729,BC2601,70020.0,0.0,3.0,-0.0034280817259272
20250729,BC2602,70000.0,0.0,1.0,0.0
20250729,BC2603,70000.0,0.0,1.0,0.0
20250729,BC2604,70000.0,0.0,2.0,0.0
20250729,BC2605,70000.0,0.0,3.0,-0.1136796215097796
20250729,BC2606,69340.0,0.0,0.0,-0.1165142114915082
20250729,BC2607,68670.0,0.0,0.0,0.0
20250730,BC2508,69910.0,2028.0,2684.0,0.027432502302585
20250730,BC2509,70070.0,3744.0,3959.0,0.0102710419965194
20250730,BC2510,70130.0,154.0,336.0,-0.0480069221501793
20250730,BC2511,69850.0,0.0,6.0,0.0941181295323105
20250730,BC2512,70400.0,0.0,1.0,-0.0649481716497249
20250730,BC2601,70020.0,0.0,3.0,-0.0034280817259272
20250730,BC2602,70000.0,0.0,1.0,0.0
20250730,BC2603,70000.0,0.0,1.0,0.0
20250730,BC2604,70000.0,0.0,2.0,0.0
20250730,BC2605,70000.0,0.0,3.0,-0.1136796215097796
20250730,BC2606,69340.0,0.0,0.0,-0.1165142114915082
20250730,BC2607,68670.0,0.0,0.0,0.0
20250731,BC2508,67560.0,749.0,2550.0,0.2947516604209095
20250731,BC2509,69240.0,6389.0,4901.0,0.0155877917566877
20250731,BC2510,69330.0,233.0,359.0,-0.012122087761478
20250731,BC2511,69260.0,3.0,7.0,-0.0034657039952087
20250731,BC2512,69240.0,6.0,1.0,0.1344262226221322
20250731,BC2601,70020.0,0.0,3.0,-0.0034280817259272
20250731,BC2602,70000.0,0.0,1.0,0.0
20250731,BC2603,70000.0,0.0,1.0,0.0
20250731,BC2604,70000.0,0.0,2.0,0.0
20250731,BC2605,70000.0,0.0,3.0,-0.1136796215097796
20250731,BC2606,69340.0,0.0,0.0,-0.1165142114915082
20250731,BC2607,68670.0,0.0,0.0,0.0
20250801,BC2508,68330.0,30.0,2550.0,0.2089128638188746
20250801,BC2509,69530.0,4289.0,4914.0,0.0051765045018686
20250801,BC2510,69560.0,645.0,333.0,-0.055331510136885
20250801,BC2511,69240.0,0.0,7.0,0.0794590495016365
20250801,BC2512,69700.0,0.0,1.0,0.0549671731204975
20250801,BC2601,70020.0,0.0,3.0,-0.0034280817259272
20250801,BC2602,70000.0,0.0,1.0,0.0
20250801,BC2603,70000.0,0.0,1.0,0.0
20250801,BC2604,70000.0,0.0,2.0,0.0
20250801,BC2605,70000.0,0.0,3.0,-0.1136796215097796
20250801,BC2606,69340.0,0.0,0.0,-0.1165142114915082
20250801,BC2607,68670.0,0.0,0.0,0.0
20250804,BC2508,69440.0,10.0,2550.0,0.0086374436896947
20250804,BC2509,69490.0,3629.0,4756.0,0.0069054814162858
20250804,BC2510,69530.0,403.0,328.0,-0.0501550056350151
20250804,BC2511,69240.0,0.0,7.0,0.0708476390136742
20250804,BC2512,69650.0,2.0,2.0,0.063578583608459
20250804,BC2601,70020.0,0.0,3.0,-0.0034280817259272
20250804,BC2602,70000.0,0.0,1.0,0.0
20250804,BC2603,70000.0,0.0,1.0,0.0
20250804,BC2604,70000.0,0.0,2.0,0.0
20250804,BC2605,70000.0,0.0,3.0,-0.1136796215097796
20250804,BC2606,69340.0,0.0,0.0,-0.1165142114915082
20250804,BC2607,68670.0,0.0,0.0,0.0
20250805,BC2508,69500.0,5.0,2550.0,0.0430880175687424
20250805,BC2509,69750.0,2744.0,4727.0,0.006879747931023
20250805,BC2510,69790.0,332.0,365.0,-0.0949440326526216
20250805,BC2511,69240.0,0.0,7.0,0.1155596425906246
20250805,BC2512,69910.0,1.0,1.0,0.0188665800315097
20250805,BC2601,70020.0,0.0,3.0,-0.0034280817259272
20250805,BC2602,70000.0,0.0,1.0,0.0
20250805,BC2603,70000.0,0.0,1.0,0.0
20250805,BC2604,70000.0,0.0,2.0,0.0
20250805,BC2605,70000.0,0.0,3.0,-0.1136796215097796
20250805,BC2606,69340.0,0.0,0.0,-0.1165142114915082
20250805,BC2607,68670.0,0.0,0.0,0.0
20250806,BC2508,69200.0,230.0,2600.0,0.0467297049739868
20250806,BC2509,69470.0,2949.0,4681.0,0.0120854624991101
20250806,BC2510,69540.0,405.0,400.0,-0.0518807552604816
20250806,BC2511,69240.0,0.0,7.0,0.1138430271810718
20250806,BC2512,69900.0,0.0,1.0,0.0205831954410593
20250806,BC2601,70020.0,0.0,3.0,-0.0034280817259272
20250806,BC2602,70000.0,0.0,1.0,0.0
20250806,BC2603,70000.0,0.0,1.0,0.0
20250806,BC2604,70000.0,0.0,2.0,0.0
20250806,BC2605,70000.0,0.0,3.0,-0.1136796215097796
20250806,BC2606,69340.0,0.0,0.0,-0.1165142114915082
20250806,BC2607,68670.0,0.0,0.0,0.0
20250807,BC2508,69270.0,0.0,2600.0,0.0622031630392995
20250807,BC2509,69630.0,1725.0,4552.0,0.012057705744273
20250807,BC2510,69700.0,305.0,432.0,-0.0707966655262592
20250807,BC2511,69290.0,1.0,8.0,-0.0451128350868684
20250807,BC2512,69030.0,10.0,5.0,0.1708766737336251
20250807,BC2601,70020.0,0.0,3.0,-0.0034280817259272
20250807,BC2602,70000.0,0.0,1.0,0.0
20250807,BC2603,70000.0,0.0,1.0,0.0
20250807,BC2604,70000.0,0.0,2.0,0.0
20250807,BC2605,70000.0,0.0,3.0,-0.1136796215097796
20250807,BC2606,69340.0,0.0,0.0,-0.1165142114915082
20250807,BC2607,68670.0,0.0,0.0,0.0
20250808,BC2508,69300.0,5.0,2600.0,0.0604535283594849
20250808,BC2509,69650.0,2009.0,4475.0,0.0103329512699127
20250808,BC2510,69710.0,326.0,460.0,-0.0189505458952003
20250808,BC2511,69600.0,2.0,8.0,0.0206718397373538
20250808,BC2512,69720.0,3.0,4.0,0.0515243384963932
20250808,BC2601,70020.0,0.0,3.0,-0.0034280817259272
20250808,BC2602,70000.0,0.0,1.0,0.0
20250808,BC2603,70000.0,0.0,1.0,0.0
20250808,BC2604,70000.0,0.0,2.0,0.0
20250808,BC2605,70000.0,0.0,3.0,-0.1136796215097796
20250808,BC2606,69340.0,0.0,0.0,-0.1165142114915082
20250808,BC2607,68670.0,0.0,0.0,0.0
20250811,BC2508,69300.0,0.0,2600.0,0.1548408580308934
20250811,BC2509,70200.0,3286.0,4394.0,0.0153747618725824
20250811,BC2510,70290.0,519.0,542.0,0.003413940279073
20250811,BC2511,70310.0,26.0,9.0,-0.0017068487334084
20250811,BC2512,70300.0,4.0,4.0,-0.0478905994811951
20250811,BC2601,70020.0,0.0,3.0,-0.0034280817259272
20250811,BC2602,70000.0,0.0,1.0,0.0
20250811,BC2603,70000.0,0.0,1.0,0.0
20250811,BC2604,70000.0,0.0,2.0,0.0
20250811,BC2605,70000.0,0.0,3.0,-0.1136796215097796
20250811,BC2606,69340.0,0.0,0.0,-0.1042880260222739
20250811,BC2607,68740.0,0.0,0.0,0.0
20250812,BC2508,69300.0,105.0,2600.0,0.1565501379995987
20250812,BC2509,70210.0,2663.0,4190.0,0.0136654819038768
20250812,BC2510,70290.0,294.0,595.0,-0.0034149118044915
20250812,BC2511,70270.0,2.0,9.0,-0.0479110860318967
20250812,BC2512,69990.0,2.0,3.0,0.0051424899008557
20250812,BC2601,70020.0,0.0,3.0,-0.0034280817259272
20250812,BC2602,70000.0,0.0,1.0,0.0
20250812,BC2603,70000.0,0.0,1.0,0.0
20250812,BC2604,70000.0,0.0,2.0,0.0
20250812,BC2605,70000.0,0.0,3.0,-0.1136796215097796
20250812,BC2606,69340.0,0.0,0.0,-0.1042880260222739
20250812,BC2607,68740.0,0.0,0.0,0.0
20250813,BC2508,69300.0,0.0,2600.0,0.2111189402907645
20250813,BC2509,70530.0,3597.0,4115.0,0.0119039193493017
20250813,BC2510,70600.0,630.0,720.0,0.0220759985844257
20250813,BC2511,70730.0,2.0,9.0,-0.0118820294027928
20250813,BC2512,70660.0,3.0,3.0,-0.0698320046057275
20250813,BC2601,70250.0,1.0,3.0,0.0783203688275308
20250813,BC2602,70710.0,1.0,0.0,-0.1211011628014849
20250813,BC2603,70000.0,0.0,1.0,0.0
20250813,BC2604,70000.0,0.0,2.0,0.1719056417357195
20250813,BC2605,71010.0,5.0,5.0,-0.2079597499793039
20250813,BC2606,69790.0,0.0,0.0,-0.1157593023991215
20250813,BC2607,69120.0,0.0,0.0,0.0
20250814,BC2508,69300.0,40.0,2600.0,0.1325980342390192
20250814,BC2509,70070.0,3216.0,4089.0,0.0154032681778221
20250814,BC2510,70160.0,416.0,767.0,0.0784205092357538
20250814,BC2511,70620.0,0.0,9.0,-0.1058177814105761
20250814,BC2512,70000.0,2.0,3.0,0.0427807939739537
20250814,BC2601,70250.0,0.0,3.0,0.0783203688275308
20250814,BC2602,70710.0,0.0,0.0,-0.0612506646690169
20250814,BC2603,70350.0,2.0,0.0,0.0153420008112875
20250814,BC2604,70440.0,2.0,1.0,0.081494370936021
20250814,BC2605,70920.0,0.0,5.0,-0.1927409781233626
20250814,BC2606,69790.0,0.0,0.0,-0.0724348275822041
20250814,BC2607,69370.0,0.0,0.0,0.0
20250815,BC2508,69300.0,0.0,2600.0,0.1514215675105375
20250815,BC2509,70180.0,2534.0,3997.0,0.015379140588447
20250815,BC2510,70270.0,399.0,790.0,0.0596211035536074
20250815,BC2511,70620.0,0.0,9.0,-0.1058177814105761
20250815,BC2512,70000.0,0.0,3.0,0.0427807939739537
20250815,BC2601,70250.0,0.0,3.0,0.0783203688275308
20250815,BC2602,70710.0,0.0,0.0,-0.0817372253426448
20250815,BC2603,70230.0,0.0,0.0,0.0204865606736283
20250815,BC2604,70350.0,0.0,1.0,0.096836371747309
20250815,BC2605,70920.0,0.0,5.0,-0.1927409781233626
20250815,BC2606,69790.0,0.0,0.0,-0.0724348275822041
20250815,BC2607,69370.0,0.0,0.0,0.0
20250818,BC2509,70050.0,2444.0,3903.0,0.0102739732303233
20250818,BC2510,70110.0,616.0,876.0,0.08697543937637
20250818,BC2511,70620.0,0.0,9.0,-0.0544991002034541
20250818,BC2512,70300.0,1.0,2.0,-0.0085378872331685
20250818,BC2601,70250.0,0.0,3.0,0.0783203688275308
20250818,BC2602,70710.0,0.0,0.0,0.0693790270739969
20250818,BC2603,71120.0,1.0,1.0,-0.1306296917430126
20250818,BC2604,70350.0,0.0,1.0,0.0680370355553881
20250818,BC2605,70750.0,0.0,5.0,-0.1639416419314408
20250818,BC2606,69790.0,0.0,0.0,-0.0724348275822041
20250818,BC2607,69370.0,0.0,0.0,0.0
20250818,BC2608,69370.0,0.0,0.0,0.0
20250819,BC2509,69980.0,1631.0,3949.0,0.0068571430437321
20250819,BC2510,70020.0,427.0,860.0,0.0359358557329142
20250819,BC2511,70230.0,0.0,9.0,-0.0342221820420329
20250819,BC2512,70030.0,1.0,2.0,0.0376390385571467
20250819,BC2601,70250.0,0.0,3.0,0.0783203688275308
20250819,BC2602,70710.0,0.0,0.0,-0.071489573140026
20250819,BC2603,70290.0,1.0,1.0,0.0102389084710101
20250819,BC2604,70350.0,0.0,1.0,-0.2307763431346517
20250819,BC2605,69010.0,2.0,4.0,0.1348717367585975
20250819,BC2606,69790.0,0.0,0.0,-0.0724348275822041
20250819,BC2607,69370.0,0.0,0.0,0.0
20250819,BC2608,69370.0,0.0,0.0,0.0
20250820,BC2509,69720.0,2826.0,4022.0,0.0017210469731899
20250820,BC2510,69730.0,728.0,924.0,0.0034413536226666
20250820,BC2511,69750.0,2.0,9.0,0.0412194479996791
20250820,BC2512,69990.0,0.0,2.0,0.0188450320691526
20250820,BC2601,70100.0,0.0,3.0,0.0
20250820,BC2602,70100.0,0.0,0.0,0.0
20250820,BC2603,70100.0,0.0,1.0,0.0
20250820,BC2604,70100.0,0.0,1.0,-0.144663060795222
20250820,BC2605,69260.0,2.0,3.0,0.0914783286574123
20250820,BC2606,69790.0,0.0,0.0,-0.0724348275822041
20250820,BC2607,69370.0,0.0,0.0,0.0
20250820,BC2608,69370.0,0.0,0.0,0.0
20250821,BC2509,69620.0,2551.0,4122.0,0.0034467902003454
20250821,BC2510,69640.0,579.0,1048.0,0.055014423004956
20250821,BC2511,69960.0,6.0,9.0,-0.030914572701279
20250821,BC2512,69780.0,1.0,1.0,0.0549042993829967
20250821,BC2601,70100.0,0.0,3.0,0.0
20250821,BC2602,70100.0,0.0,0.0,0.0
20250821,BC2603,70100.0,0.0,1.0,0.0
20250821,BC2604,70100.0,0.0,1.0,-0.0910722492599337
20250821,BC2605,69570.0,0.0,3.0,0.0378875171221234
20250821,BC2606,69790.0,0.0,0.0,-0.0724348275822041
20250821,BC2607,69370.0,0.0,0.0,0.0
20250821,BC2608,69370.0,0.0,0.0,0.0
20250822,BC2509,69740.0,2264.0,3972.0,0.005160920443682
20250822,BC2510,69770.0,893.0,1364.0,0.018904407776527
20250822,BC2511,69880.0,0.0,9.0,-0.0171845940867327
20250822,BC2512,69780.0,0.0,1.0,0.0549042993829967
20250822,BC2601,70100.0,0.0,3.0,0.0
20250822,BC2602,70100.0,0.0,0.0,0.0
20250822,BC2603,70100.0,0.0,1.0,0.0
20250822,BC2604,70100.0,0.0,1.0,-0.0514654112666111
20250822,BC2605,69800.0,0.0,3.0,-0.0017193208711978
20250822,BC2606,69790.0,0.0,0.0,-0.0724348275822041
20250822,BC2607,69370.0,0.0,0.0,0.0
20250822,BC2608,69370.0,0.0,0.0,0.0
20250825,BC2509,70710.0,3291.0,3785.0,0.0135689060393813
20250825,BC2510,70790.0,1370.0,1643.0,-0.0237556638667366
20250825,BC2511,70650.0,4.0,11.0,-0.1486880804629006
20250825,BC2512,69780.0,0.0,1.0,0.0549042993829967
20250825,BC2601,70100.0,0.0,3.0,0.0
20250825,BC2602,70100.0,0.0,0.0,0.0
20250825,BC2603,70100.0,0.0,1.0,0.0
20250825,BC2604,70100.0,0.0,1.0,-0.0514654112666111
20250825,BC2605,69800.0,0.0,3.0,-0.0017193208711978
20250825,BC2606,69790.0,0.0,0.0,-0.0724348275822041
20250825,BC2607,69370.0,0.0,0.0,0.0
20250825,BC2608,69370.0,0.0,0.0,0.0
20250826,BC2509,70300.0,3257.0,3142.0,0.0051198180396921
20250826,BC2510,70330.0,1882.0,2090.0,-0.0804625312948911
20250826,BC2511,69860.0,145.0,64.0,0.0548415693165966
20250826,BC2512,70180.0,0.0,1.0,-0.0136869133742953
20250826,BC2601,70100.0,0.0,3.0,0.0
20250826,BC2602,70100.0,0.0,0.0,0.0
20250826,BC2603,70100.0,0.0,1.0,0.0
20250826,BC2604,70100.0,0.0,1.0,0.0682789893321414
20250826,BC2605,70500.0,2.0,2.0,-0.1214637214699524
20250826,BC2606,69790.0,0.0,0.0,-0.0724348275822041
20250826,BC2607,69370.0,0.0,0.0,0.0
20250826,BC2608,69370.0,0.0,0.0,0.0
20250827,BC2509,70200.0,1919.0,2930.0,0.0239077921688523
20250827,BC2510,70340.0,1241.0,2253.0,-0.0187806824988878
20250827,BC2511,70230.0,142.0,124.0,-0.0085464001903204
20250827,BC2512,70180.0,0.0,1.0,-0.0136869133742953
20250827,BC2601,70100.0,0.0,3.0,0.0
20250827,BC2602,70100.0,0.0,0.0,0.0
20250827,BC2603,70100.0,0.0,1.0,0.0
20250827,BC2604,70100.0,0.0,1.0,0.0665767409428783
20250827,BC2605,70490.0,0.0,2.0,-0.1197614730806876
20250827,BC2606,69790.0,0.0,0.0,-0.0724348275822041
20250827,BC2607,69370.0,0.0,0.0,0.0
20250827,BC2608,69370.0,0.0,0.0,0.0
20250828,BC2509,71100.0,2591.0,2458.0,-0.1768238284782531
20250828,BC2510,70060.0,3015.0,2908.0,-0.0222873126427841
20250828,BC2511,69930.0,143.0,183.0,0.0428235412715224
20250828,BC2512,70180.0,0.0,1.0,-0.0136869133742953
20250828,BC2601,70100.0,0.0,3.0,0.0
20250828,BC2602,70100.0,0.0,0.0,0.0
20250828,BC2603,70100.0,0.0,1.0,0.0
20250828,BC2604,70100.0,0.0,1.0,0.011976902683834
20250828,BC2605,70170.0,1.0,2.0,-0.0651616348216447
20250828,BC2606,69790.0,0.0,0.0,-0.0724348275822041
20250828,BC2607,69370.0,0.0,0.0,0.0
20250828,BC2608,69370.0,0.0,0.0,0.0
20250829,BC2509,70020.0,1440.0,1847.0,0.0802792831111765
20250829,BC2510,70490.0,4869.0,3755.0,-0.0170357779889285
20250829,BC2511,70390.0,169.0,251.0,-0.0358540495796542
20250829,BC2512,70180.0,0.0,1.0,-0.0342465985863253
20250829,BC2601,69980.0,1.0,3.0,0.0205596852120302
20250829,BC2602,70100.0,0.0,0.0,0.0
20250829,BC2603,70100.0,0.0,1.0,-0.1221603495490421
20250829,BC2604,69390.0,1.0,1.0,0.0034582132804188
20250829,BC2605,69410.0,2.0,2.0,0.0655174041308162
20250829,BC2606,69790.0,0.0,0.0,-0.0724348275822041
20250829,BC2607,69370.0,0.0,0.0,0.0
20250829,BC2608,69370.0,0.0,0.0,0.0
20250901,BC2509,70660.0,82.0,1775.0,0.0220572702611855
20250901,BC2510,70790.0,3780.0,3906.0,-0.0084787681051592
20250901,BC2511,70740.0,294.0,249.0,0.0
20250901,BC2512,70740.0,1.0,1.0,-0.0254723084394456
20250901,BC2601,70590.0,0.0,3.0,-0.0323427389206095
20250901,BC2602,70400.0,0.0,0.0,0.1810142168146886
20250901,BC2603,71470.0,1.0,2.0,-0.1861289430411598
20250901,BC2604,70370.0,0.0,1.0,0.0
20250901,BC2605,70370.0,0.0,2.0,-0.0273154193916009
20250901,BC2606,70210.0,0.0,0.0,-0.0136810617640607
20250901,BC2607,70130.0,0.0,0.0,-0.0051344220992957
20250901,BC2608,70100.0,0.0,0.0,0.0
20250902,BC2509,70770.0,10.0,1770.0,-0.0084811650996636
20250902,BC2510,70720.0,3683.0,4044.0,-0.0118837103862185
20250902,BC2511,70650.0,382.0,306.0,0.0152768957615773
20250902,BC2512,70740.0,0.0,1.0,-0.0254723084394456
20250902,BC2601,70590.0,0.0,3.0,-0.0323427389206095
20250902,BC2602,70400.0,0.0,0.0,0.1692552741785033
20250902,BC2603,71400.0,0.0,2.0,-0.1743700004049732
20250902,BC2604,70370.0,0.0,1.0,0.0
20250902,BC2605,70370.0,0.0,2.0,-0.0273154193916009
20250902,BC2606,70210.0,0.0,0.0,-0.0017092799687045
20250902,BC2607,70200.0,0.0,0.0,0.0
20250902,BC2608,70200.0,0.0,0.0,0.0
20250903,BC2509,70130.0,0.0,1770.0,0.1749624029857844
20250903,BC2510,71160.0,6361.0,4532.0,-0.0101223118612702
20250903,BC2511,71100.0,544.0,305.0,0.0606061894328228
20250903,BC2512,71460.0,1.0,1.0,-0.1469923342545948
20250903,BC2601,70590.0,0.0,3.0,0.0186849779417558
20250903,BC2602,70700.0,0.0,0.0,0.1182275573161396
20250903,BC2603,71400.0,0.0,2.0,-0.1165303647526707
20250903,BC2604,70710.0,0.0,1.0,0.0
20250903,BC2605,70710.0,0.0,2.0,-0.0016971925634683
20250903,BC2606,70700.0,0.0,0.0,-0.0169851408399687
20250903,BC2607,70600.0,0.0,0.0,-0.0272263304542917
20250903,BC2608,70440.0,0.0,0.0,0.0
20250904,BC2509,70130.0,0.0,1770.0,0.1107097484219798
20250904,BC2510,70780.0,4888.0,4516.0,0.0084739781785673
20250904,BC2511,70830.0,732.0,423.0,0.0456563645239661
20250904,BC2512,71100.0,0.0,1.0,0.0185510542180596
20250904,BC2601,71210.0,2.0,2.0,-0.0862522210980759
20250904,BC2602,70700.0,0.0,0.0,0.1115029844307217
20250904,BC2603,71360.0,1.0,3.0,-0.0269360382458863
20250904,BC2604,71200.0,1.0,0.0,-0.0050572452810038
20250904,BC2605,71170.0,2.0,0.0,-0.0795097009038324
20250904,BC2606,70700.0,0.0,0.0,-0.0169851408399687
20250904,BC2607,70600.0,0.0,0.0,-0.0272263304542917
20250904,BC2608,70440.0,0.0,0.0,0.0
20250905,BC2509,70330.0,0.0,1770.0,0.1357288611059642
20250905,BC2510,71130.0,3560.0,4698.0,0.0101180444442959
20250905,BC2511,71190.0,273.0,428.0,-0.0676153359562082
20250905,BC2512,70790.0,1.0,0.0,0.0827764245174726
20250905,BC2601,71280.0,0.0,2.0,-0.0641441954936647
20250905,BC2602,70900.0,0.0,0.0,0.0776046568040664
20250905,BC2603,71360.0,0.0,3.0,-0.0269360382458863
20250905,BC2604,71200.0,0.0,0.0,-0.0050572452810038
20250905,BC2605,71170.0,0.0,0.0,-0.0795097009038324
20250905,BC2606,70700.0,0.0,0.0,0.033898327626658
20250905,BC2607,70900.0,0.0,0.0,-0.0169371940608928
20250905,BC2608,70800.0,0.0,0.0,0.0
20250908,BC2509,70330.0,0.0,1770.0,0.0748407812131974
20250908,BC2510,70770.0,6059.0,4242.0,0.0067806189118718
20250908,BC2511,70810.0,640.0,587.0,-0.0033898305310169
20250908,BC2512,70790.0,0.0,0.0,-0.0271531723832035
20250908,BC2601,70630.0,2.0,1.0,0.0457854014070114
20250908,BC2602,70900.0,0.0,0.0,-0.0135478422518901
20250908,BC2603,70820.0,1.0,2.0,0.0642164608100677
20250908,BC2604,71200.0,0.0,0.0,-0.0050572452810038
20250908,BC2605,71170.0,0.0,0.0,-0.0795097009038324
20250908,BC2606,70700.0,0.0,0.0,0.033898327626658
20250908,BC2607,70900.0,0.0,0.0,-0.0169371940608928
20250908,BC2608,70800.0,0.0,0.0,0.0
20250909,BC2509,70500.0,305.0,1770.0,0.0492604556144977
20250909,BC2510,70790.0,3586.0,4151.0,0.0033898305310167
20250909,BC2511,70810.0,375.0,697.0,-0.0033898305310169
20250909,BC2512,70790.0,0.0,0.0,0.0152467021287315
20250909,BC2601,70880.0,0.0,1.0,0.0033855268950759
20250909,BC2602,70900.0,0.0,0.0,-0.0033855268950751
20250909,BC2603,70880.0,0.0,2.0,0.0540541454532541
20250909,BC2604,71200.0,0.0,0.0,-0.0050572452810038
20250909,BC2605,71170.0,0.0,0.0,-0.0795097009038324
20250909,BC2606,70700.0,0.0,0.0,0.033898327626658
20250909,BC2607,70900.0,0.0,0.0,-0.0169371940608928
20250909,BC2608,70800.0,0.0,0.0,0.0
20250910,BC2509,70500.0,0.0,1770.0,0.0695850899721881
20250910,BC2510,70910.0,3699.0,4389.0,0.0067672354817558
20250910,BC2511,70950.0,380.0,713.0,-0.0270918698394459
20250910,BC2512,70790.0,0.0,0.0,0.0152467021287315
20250910,BC2601,70880.0,0.0,1.0,0.0033855268950759
20250910,BC2602,70900.0,0.0,0.0,-0.1190654700757963
20250910,BC2603,70200.0,4.0,2.0,0.1697340886339769
20250910,BC2604,71200.0,0.0,0.0,-0.0050572452810038
20250910,BC2605,71170.0,0.0,0.0,-0.0795097009038324
20250910,BC2606,70700.0,0.0,0.0,0.033898327626658
20250910,BC2607,70900.0,0.0,0.0,-0.0169371940608928
20250910,BC2608,70800.0,0.0,0.0,0.0
20250911,BC2509,70500.0,95.0,1740.0,0.1253009832388561
20250911,BC2510,71240.0,3550.0,4378.0,-0.0033693668619506
20250911,BC2511,71220.0,519.0,821.0,-0.0726711607624052
20250911,BC2512,70790.0,0.0,0.0,0.0861429556098295
20250911,BC2601,71300.0,0.0,1.0,-0.0675107265860212
20250911,BC2602,70900.0,0.0,0.0,0.11118990122924
20250911,BC2603,71560.0,1.0,2.0,-0.0605212826710601
20250911,BC2604,71200.0,0.0,0.0,-0.0050572452810038
20250911,BC2605,71170.0,0.0,0.0,-0.0778125083403638
20250911,BC2606,70710.0,0.0,0.0,0.0322011350631887
20250911,BC2607,70900.0,0.0,0.0,-0.0169371940608928
20250911,BC2608,70800.0,0.0,0.0,0.0
20250912,BC2509,70500.0,130.0,1740.0,0.2576398689965842
20250912,BC2510,72030.0,4506.0,4847.0,0.0133203843287597
20250912,BC2511,72110.0,599.0,897.0,-0.2064530955821114
20250912,BC2512,70880.0,2.0,1.0,0.1881337526307575
20250912,BC2601,72000.0,0.0,1.0,-0.0584755769024932
20250912,BC2602,71650.0,0.0,0.0,0.0584755769024928
20250912,BC2603,72000.0,0.0,2.0,-0.0836240317931198
20250912,BC2604,71500.0,0.0,0.0,-0.0252012693253981
20250912,BC2605,71350.0,0.0,0.0,0.0168067254363722
20250912,BC2606,71450.0,0.0,0.0,0.0184602511757028
20250912,BC2607,71560.0,0.0,0.0,-0.0016770316567019
20250912,BC2608,71550.0,0.0,0.0,0.0
20250915,BC2509,70500.0,0.0,1740.0,0.2292848624057972
20250915,BC2510,71860.0,3911.0,4656.0,0.0150198197760509
20250915,BC2511,71950.0,906.0,1065.0,0.0183320638388454
20250915,BC2512,72060.0,3.0,3.0,-0.0099958356467026
20250915,BC2601,72000.0,0.0,1.0,-0.0584755769024932
20250915,BC2602,71650.0,0.0,0.0,0.0584755769024928
20250915,BC2603,72000.0,0.0,2.0,-0.0752353561631444
20250915,BC2604,71550.0,0.0,0.0,0.0
20250915,BC2605,71550.0,0.0,0.0,-0.0083886756299759
20250915,BC2606,71500.0,0.0,0.0,0.0100657072866781
20250915,BC2607,71560.0,0.0,0.0,-0.0016770316567019
20250915,BC2608,71550.0,0.0,0.0,0.0
20250916,BC2510,71830.0,5428.0,4855.0,0.0033407572598831
20250916,BC2511,71850.0,946.0,1160.0,0.0133537362507717
20250916,BC2512,71930.0,2.0,1.0,0.011672341641486
20250916,BC2601,72000.0,0.0,1.0,-0.0584755769024932
20250916,BC2602,71650.0,0.0,0.0,0.1133499190441023
20250916,BC2603,72330.0,2.0,1.0,-0.1301096983047538
20250916,BC2604,71550.0,0.0,0.0,0.0
20250916,BC2605,71550.0,0.0,0.0,-0.0083886756299759
20250916,BC2606,71500.0,0.0,0.0,0.0100657072866781
20250916,BC2607,71560.0,0.0,0.0,-0.0016770316567019
20250916,BC2608,71550.0,0.0,0.0,0.0
20250916,BC2609,71550.0,0.0,0.0,0.0
20250917,BC2510,71450.0,5365.0,4594.0,0.0184602511757028
20250917,BC2511,71560.0,1215.0,1319.0,0.0184318963837143
20250917,BC2512,71670.0,1.0,2.0,0.0551264281227296
20250917,BC2601,72000.0,0.0,1.0,-0.0584755769024932
20250917,BC2602,71650.0,0.0,0.0,0.0501393487103515
20250917,BC2603,71950.0,0.0,1.0,-0.0668991279710024
20250917,BC2604,71550.0,0.0,0.0,0.0
20250917,BC2605,71550.0,0.0,0.0,-0.0083886756299759
20250917,BC2606,71500.0,0.0,0.0,0.0100657072866781
20250917,BC2607,71560.0,0.0,0.0,-0.0016770316567019
20250917,BC2608,71550.0,0.0,0.0,0.0
20250917,BC2609,71550.0,0.0,0.0,0.0
20250918,BC2510,70560.0,5800.0,4519.0,0.0169947627895583
20250918,BC2511,70660.0,1190.0,1542.0,0.1703112968979432
20250918,BC2512,71670.0,0.0,2.0,-0.1127084755741485
20250918,BC2601,71000.0,0.0,1.0,0.0168895172145572
20250918,BC2602,71100.0,0.0,0.0,0.0168657793048193
20250918,BC2603,71200.0,0.0,1.0,0.016842108027841
20250918,BC2604,71300.0,0.0,0.0,0.0
20250918,BC2605,71300.0,0.0,0.0,0.0168185031034617
20250918,BC2606,71400.0,0.0,0.0,0.0
20250918,BC2607,71400.0,0.0,0.0,0.0
20250918,BC2608,71400.0,0.0,0.0,0.0251836398830544
20250918,BC2609,71550.0,0.0,0.0,0.0
20250919,BC2510,70810.0,3266.0,4498.0,0.0118568715977156
20250919,BC2511,70880.0,842.0,1781.0,0.1330073245080273
20250919,BC2512,71670.0,0.0,2.0,-0.1127084755741485
20250919,BC2601,71000.0,0.0,1.0,0.0168895172145572
20250919,BC2602,71100.0,0.0,0.0,0.0168657793048193
20250919,BC2603,71200.0,0.0,1.0,0.016842108027841
20250919,BC2604,71300.0,0.0,0.0,0.0
20250919,BC2605,71300.0,0.0,0.0,0.0168185031034617
20250919,BC2606,71400.0,0.0,0.0,0.0
20250919,BC2607,71400.0,0.0,0.0,0.0
20250919,BC2608,71400.0,0.0,0.0,0.0251836398830544
20250919,BC2609,71550.0,0.0,0.0,0.0
20251027,BC2511,78860.0,10996.0,4321.0,0.0
20251027,BC2512,78730.0,4414.0,2311.0,0.0
20251027,BC2601,78960.0,17.0,9.0,0.0
20251027,BC2602,77580.0,0.0,0.0,0.0
20251027,BC2603,77500.0,0.0,1.0,0.0
20251027,BC2604,78000.0,0.0,0.0,0.0
20251027,BC2605,77410.0,0.0,0.0,0.0
20251027,BC2606,77410.0,0.0,0.0,0.0
20251027,BC2607,77330.0,0.0,0.0,0.0
20251027,BC2608,77330.0,0.0,0.0,0.0
20251027,BC2609,77250.0,0.0,0.0,0.0
20251027,BC2610,77800.0,0.0,0.0,0.0
20251028,BC2511,77420.0,6944.0,4001.0,0.0
20251028,BC2512,77390.0,5659.0,2326.0,0.0
20251028,BC2601,77760.0,111.0,54.0,0.0
20251028,BC2602,77580.0,0.0,0.0,0.0
20251028,BC2603,77500.0,0.0,1.0,0.0
20251028,BC2604,78000.0,0.0,0.0,0.0
20251028,BC2605,77410.0,0.0,0.0,0.0
20251028,BC2606,77410.0,0.0,0.0,0.0
20251028,BC2607,77330.0,0.0,0.0,0.0
20251028,BC2608,77330.0,0.0,0.0,0.0
20251028,BC2609,77250.0,0.0,0.0,0.0
20251028,BC2610,77800.0,0.0,0.0,0.0
20251029,BC2511,79240.0,6129.0,3674.0,0.0
20251029,BC2512,79010.0,5456.0,2785.0,0.0
20251029,BC2601,79060.0,292.0,147.0,0.0
20251029,BC2602,78160.0,2.0,0.0,0.0
20251029,BC2603,78500.0,1.0,0.0,0.0
20251029,BC2604,78100.0,0.0,0.0,0.0
20251029,BC2605,77870.0,0.0,0.0,0.0
20251029,BC2606,77860.0,0.0,0.0,0.0
20251029,BC2607,77800.0,0.0,0.0,0.0
20251029,BC2608,77800.0,0.0,0.0,0.0
20251029,BC2609,77750.0,0.0,0.0,0.0
20251029,BC2610,77800.0,0.0,0.0,0.0
20251030,BC2511,78330.0,5998.0,2930.0,0.0
20251030,BC2512,78300.0,10363.0,3618.0,0.0
20251030,BC2601,78340.0,257.0,223.0,0.0
20251030,BC2602,78720.0,0.0,0.0,0.0
20251030,BC2603,78500.0,0.0,0.0,0.0
20251030,BC2604,78100.0,0.0,0.0,0.0
20251030,BC2605,78990.0,4.0,0.0,0.0
20251030,BC2606,77860.0,0.0,0.0,0.0
20251030,BC2607,77800.0,0.0,0.0,0.0
20251030,BC2608,77800.0,0.0,0.0,0.0
20251030,BC2609,77750.0,0.0,0.0,0.0
20251030,BC2610,77800.0,0.0,0.0,0.0
20251031,BC2511,77250.0,3128.0,2000.0,0.0
20251031,BC2512,77460.0,14132.0,4246.0,0.0
20251031,BC2601,77520.0,322.0,356.0,0.0
20251031,BC2602,77800.0,0.0,0.0,0.0
20251031,BC2603,77600.0,4.0,1.0,0.0
20251031,BC2604,78100.0,0.0,0.0,0.0
20251031,BC2605,79090.0,0.0,0.0,0.0
20251031,BC2606,77860.0,0.0,0.0,0.0
20251031,BC2607,77800.0,0.0,0.0,0.0
20251031,BC2608,77800.0,0.0,0.0,0.0
20251031,BC2609,77750.0,0.0,0.0,0.0
20251031,BC2610,77800.0,0.0,0.0,0.0
20251103,BC2511,77100.0,205.0,1960.0,0.0
20251103,BC2512,77730.0,7387.0,4020.0,0.0
20251103,BC2601,77820.0,817.0,451.0,0.0
20251103,BC2602,77800.0,0.0,0.0,0.0
20251103,BC2603,78590.0,1.0,2.0,0.0
20251103,BC2604,78100.0,0.0,0.0,0.0
20251103,BC2605,79070.0,0.0,0.0,0.0
20251103,BC2606,77860.0,0.0,0.0,0.0
20251103,BC2607,77800.0,0.0,0.0,0.0
20251103,BC2608,77800.0,0.0,0.0,0.0
20251103,BC2609,77750.0,0.0,0.0,0.0
20251103,BC2610,77800.0,0.0,0.0,0.0
20251104,BC2511,77640.0,5.0,1955.0,0.0
20251104,BC2512,76280.0,6906.0,3939.0,0.0
20251104,BC2601,76340.0,881.0,571.0,0.0
20251104,BC2602,76700.0,0.0,0.0,0.0
20251104,BC2603,75990.0,2.0,1.0,0.0
20251104,BC2604,77100.0,0.0,0.0,0.0
20251104,BC2605,77770.0,0.0,0.0,0.0
20251104,BC2606,77780.0,0.0,0.0,0.0
20251104,BC2607,77800.0,0.0,0.0,0.0
20251104,BC2608,77800.0,0.0,0.0,0.0
20251104,BC2609,77750.0,0.0,0.0,0.0
20251104,BC2610,77800.0,0.0,0.0,0.0
20251105,BC2511,75500.0,5.0,1955.0,0.0
20251105,BC2512,76230.0,6864.0,3703.0,0.0
20251105,BC2601,76240.0,1104.0,616.0,0.0
20251105,BC2602,76700.0,0.0,0.0,0.0
20251105,BC2603,76020.0,1.0,1.0,0.0
20251105,BC2604,77100.0,0.0,0.0,0.0
20251105,BC2605,77770.0,0.0,0.0,0.0
20251105,BC2606,77780.0,0.0,0.0,0.0
20251105,BC2607,77800.0,0.0,0.0,0.0
20251105,BC2608,77800.0,0.0,0.0,0.0
20251105,BC2609,77750.0,0.0,0.0,0.0
20251105,BC2610,77800.0,0.0,0.0,0.0
20251106,BC2511,76580.0,20.0,1965.0,0.0
20251106,BC2512,76800.0,4776.0,3609.0,0.0
20251106,BC2601,76840.0,610.0,618.0,0.0
20251106,BC2602,76700.0,0.0,0.0,0.0
20251106,BC2603,76750.0,0.0,1.0,0.0
20251106,BC2604,77100.0,0.0,0.0,0.0
20251106,BC2605,77770.0,0.0,0.0,0.0
20251106,BC2606,77780.0,0.0,0.0,0.0
20251106,BC2607,77800.0,0.0,0.0,0.0
20251106,BC2608,77800.0,0.0,0.0,0.0
20251106,BC2609,77750.0,0.0,0.0,0.0
20251106,BC2610,77800.0,0.0,0.0,0.0
20251107,BC2511,76430.0,0.0,1965.0,0.0
20251107,BC2512,76500.0,4305.0,3440.0,0.0
20251107,BC2601,76500.0,462.0,642.0,0.0
20251107,BC2602,76700.0,0.0,0.0,0.0
20251107,BC2603,76750.0,0.0,1.0,0.0
20251107,BC2604,77100.0,0.0,0.0,0.0
20251107,BC2605,77770.0,0.0,0.0,0.0
20251107,BC2606,77780.0,0.0,0.0,0.0
20251107,BC2607,77800.0,0.0,0.0,0.0
20251107,BC2608,77800.0,0.0,0.0,0.0
20251107,BC2609,77750.0,0.0,0.0,0.0
20251107,BC2610,77800.0,0.0,0.0,0.0
20251110,BC2511,75950.0,10.0,1965.0,0.0
20251110,BC2512,76970.0,4815.0,3502.0,0.0
20251110,BC2601,77030.0,421.0,635.0,0.0
20251110,BC2602,76700.0,0.0,0.0,0.0
20251110,BC2603,76750.0,0.0,1.0,0.0
20251110,BC2604,77500.0,1.0,1.0,0.0
20251110,BC2605,77770.0,0.0,0.0,0.0
20251110,BC2606,77780.0,0.0,0.0,0.0
20251110,BC2607,77800.0,0.0,0.0,0.0
20251110,BC2608,77800.0,0.0,0.0,0.0
20251110,BC2609,77750.0,0.0,0.0,0.0
20251110,BC2610,77800.0,0.0,0.0,0.0
20251111,BC2511,76320.0,0.0,1965.0,0.0
20251111,BC2512,77140.0,4303.0,3867.0,0.0
20251111,BC2601,77110.0,532.0,664.0,0.0
20251111,BC2602,76700.0,0.0,0.0,0.0
20251111,BC2603,76750.0,0.0,1.0,0.0
20251111,BC2604,77500.0,0.0,1.0,0.0
20251111,BC2605,77770.0,0.0,0.0,0.0
20251111,BC2606,77780.0,0.0,0.0,0.0
20251111,BC2607,77800.0,0.0,0.0,0.0
20251111,BC2608,77800.0,0.0,0.0,0.0
20251111,BC2609,77750.0,0.0,0.0,0.0
20251111,BC2610,77800.0,0.0,0.0,0.0
20251112,BC2511,76320.0,0.0,1965.0,0.1572327044025154
20251112,BC2512,77320.0,4812.0,3913.0,-5.231432773182133e-05
20251112,BC2601,77290.0,579.0,658.0,-0.0636563591667744
20251112,BC2602,76880.0,0.0,0.0,-0.0202913631633712
20251112,BC2603,76750.0,0.0,1.0,0.132899022801304
20251112,BC2604,77600.0,1.0,0.0,0.0262886597938143
20251112,BC2605,77770.0,0.0,0.0,0.0015430114440002
20251112,BC2606,77780.0,0.0,0.0,0.0030856261249674
20251112,BC2607,77800.0,0.0,0.0,0.0
20251112,BC2608,77800.0,0.0,0.0,-0.0077120822622105
20251112,BC2609,77750.0,0.0,0.0,0.0077170418006424
20251112,BC2610,77800.0,0.0,0.0,0.0
20251113,BC2511,76320.0,0.0,1965.0,0.0
20251113,BC2512,78070.0,5726.0,4144.0,0.0
20251113,BC2601,78030.0,658.0,700.0,0.0
20251113,BC2602,76880.0,0.0,0.0,0.0
20251113,BC2603,78500.0,3.0,1.0,0.0
20251113,BC2604,77600.0,0.0,0.0,0.0
20251113,BC2605,77770.0,0.0,0.0,0.0
20251113,BC2606,77780.0,0.0,0.0,0.0
20251113,BC2607,77800.0,0.0,0.0,0.0
20251113,BC2608,77800.0,0.0,0.0,0.0
20251113,BC2609,77750.0,0.0,0.0,0.0
20251113,BC2610,77800.0,0.0,0.0,0.0
20251114,BC2511,76320.0,0.0,1965.0,0.0
20251114,BC2512,77360.0,5717.0,4013.0,0.0
20251114,BC2601,77360.0,683.0,599.0,0.0
20251114,BC2602,77720.0,2.0,2.0,0.0
20251114,BC2603,77520.0,2.0,2.0,0.0
20251114,BC2604,77600.0,0.0,0.0,0.0
20251114,BC2605,77770.0,0.0,0.0,0.0
20251114,BC2606,77780.0,0.0,0.0,0.0
20251114,BC2607,77800.0,0.0,0.0,0.0
20251114,BC2608,77800.0,0.0,0.0,0.0
20251114,BC2609,77750.0,0.0,0.0,0.0
20251114,BC2610,77800.0,0.0,0.0,0.0
20251117,BC2511,76320.0,0.0,1965.0,0.1037735849056593
20251117,BC2512,76980.0,5517.0,3653.0,-0.0001050907721544
20251117,BC2601,76920.0,973.0,550.0,0.0124804992199685
20251117,BC2602,77000.0,2.0,2.0,-0.0171428571428573
20251117,BC2603,76890.0,1.0,1.0,0.1108076472883343
20251117,BC2604,77600.0,0.0,0.0,0.0262886597938143
20251117,BC2605,77770.0,0.0,0.0,0.0015430114440002
20251117,BC2606,77780.0,0.0,0.0,0.0030856261249674
20251117,BC2607,77800.0,0.0,0.0,0.0
20251117,BC2608,77800.0,0.0,0.0,-0.0077120822622105
20251117,BC2609,77750.0,0.0,0.0,0.0077170418006424
20251117,BC2610,77800.0,0.0,0.0,0.0
20251118,BC2512,76210.0,4003.0,3646.0,-3.538419122796702e-05
20251118,BC2601,76190.0,753.0,468.0,0.1228507678172992
20251118,BC2602,76970.0,0.0,2.0,-0.1153696245290367
20251118,BC2603,76230.0,1.0,1.0,0.2077922077922087
20251118,BC2604,77550.0,0.0,0.0,0.0092843326885887
20251118,BC2605,77610.0,0.0,0.0,0.0046385775028996
20251118,BC2606,77640.0,0.0,0.0,0.0108191653786695
20251118,BC2607,77710.0,0.0,0.0,0.0
20251118,BC2608,77710.0,0.0,0.0,0.0061768112212075
20251118,BC2609,77750.0,0.0,0.0,0.0061736334405155
20251118,BC2610,77790.0,0.0,0.0,0.0015426147319717
20251118,BC2611,77800.0,0.0,0.0,0.0
20251119,BC2512,76620.0,3848.0,3452.0,-0.0002111690848459
20251119,BC2601,76500.0,626.0,457.0,-0.0439215686274505
20251119,BC2602,76220.0,1.0,1.0,0.0015743899239053
20251119,BC2603,76230.0,0.0,1.0,0.0818575364029916
20251119,BC2604,76750.0,1.0,1.0,0.134462540716612
20251119,BC2605,77610.0,0.0,0.0,0.0046385775028996
20251119,BC2606,77640.0,0.0,0.0,0.0108191653786695
20251119,BC2607,77710.0,0.0,0.0,0.0
20251119,BC2608,77710.0,0.0,0.0,0.0061768112212075
20251119,BC2609,77750.0,0.0,0.0,0.0061736334405155
20251119,BC2610,77790.0,0.0,0.0,0.0015426147319717
20251119,BC2611,77800.0,0.0,0.0,0.0
20251120,BC2512,76690.0,4162.0,3560.0,-7.032544565088727e-05
20251120,BC2601,76650.0,870.0,628.0,-0.0673189823874751
20251120,BC2602,76220.0,0.0,1.0,0.1149304644450266
20251120,BC2603,76950.0,4.0,2.0,-0.0576998050682262
20251120,BC2604,76580.0,1.0,1.0,0.1613998433011243
20251120,BC2605,77610.0,0.0,0.0,0.0046385775028996
20251120,BC2606,77640.0,0.0,0.0,0.0108191653786695
20251120,BC2607,77710.0,0.0,0.0,0.0
20251120,BC2608,77710.0,0.0,0.0,0.0061768112212075
20251120,BC2609,77750.0,0.0,0.0,0.0061736334405155
20251120,BC2610,77790.0,0.0,0.0,0.0015426147319717
20251120,BC2611,77800.0,0.0,0.0,0.0
20251121,BC2512,76320.0,3931.0,3329.0,-0.0002119991520033
20251121,BC2601,76200.0,431.0,660.0,0.0031496062992113
20251121,BC2602,76220.0,0.0,1.0,-0.0299134085541856
20251121,BC2603,76030.0,2.0,1.0,0.0868078390109161
20251121,BC2604,76580.0,0.0,1.0,0.0658135283363812
20251121,BC2605,77000.0,0.0,0.0,0.0981818181818194
20251121,BC2606,77630.0,0.0,0.0,0.0123663532139639
20251121,BC2607,77710.0,0.0,0.0,0.0
20251121,BC2608,77710.0,0.0,0.0,0.0061768112212075
20251121,BC2609,77750.0,0.0,0.0,0.0061736334405155
20251121,BC2610,77790.0,0.0,0.0,0.0015426147319717
20251121,BC2611,77800.0,0.0,0.0,0.0
20251124,BC2512,76710.0,4659.0,3226.0,-0.0001581909980533
20251124,BC2601,76620.0,958.0,741.0,-0.0140955364134693
20251124,BC2602,76530.0,12.0,8.0,-0.0517444139553111
20251124,BC2603,76200.0,0.0,1.0,0.0598425196850396
20251124,BC2604,76580.0,0.0,1.0,0.0658135283363812
20251124,BC2605,77000.0,0.0,0.0,0.0981818181818194
20251124,BC2606,77630.0,0.0,0.0,0.0123663532139639
20251124,BC2607,77710.0,0.0,0.0,0.0
20251124,BC2608,77710.0,0.0,0.0,0.0061768112212075
20251124,BC2609,77750.0,0.0,0.0,0.0061736334405155
20251124,BC2610,77790.0,0.0,0.0,0.0015426147319717
20251124,BC2611,77800.0,0.0,0.0,0.0
20251125,BC2512,77170.0,3478.0,2974.0,-3.4944009504775794e-05
20251125,BC2601,77150.0,2001.0,1520.0,-0.0046662346079071
20251125,BC2602,77120.0,58.0,47.0,0.0513485477178434
20251125,BC2603,77450.0,3.0,2.0,-0.1347966429954814
20251125,BC2604,76580.0,0.0,1.0,0.0658135283363812
20251125,BC2605,77000.0,0.0,0.0,0.0981818181818194
20251125,BC2606,77630.0,0.0,0.0,0.0123663532139639
20251125,BC2607,77710.0,0.0,0.0,0.0
20251125,BC2608,77710.0,0.0,0.0,0.0061768112212075
20251125,BC2609,77750.0,0.0,0.0,0.0061736334405155
20251125,BC2610,77790.0,0.0,0.0,0.0015426147319717
20251125,BC2611,77800.0,0.0,0.0,0.0
20251126,BC2512,77200.0,3476.0,2469.0,-0.000227047796472
20251126,BC2601,77070.0,1770.0,1881.0,0.0155702608018675
20251126,BC2602,77170.0,6.0,48.0,-0.0217701179214726
20251126,BC2603,77030.0,0.0,2.0,-0.0701025574451512
20251126,BC2604,76580.0,0.0,1.0,0.0658135283363812
20251126,BC2605,77000.0,0.0,0.0,0.0981818181818194
20251126,BC2606,77630.0,0.0,0.0,0.0123663532139639
20251126,BC2607,77710.0,0.0,0.0,0.0
20251126,BC2608,77710.0,0.0,0.0,0.0061768112212075
20251126,BC2609,77750.0,0.0,0.0,0.0061736334405155
20251126,BC2610,77790.0,0.0,0.0,0.0015426147319717
20251126,BC2611,77800.0,0.0,0.0,0.0
20251127,BC2512,77780.0,3552.0,2086.0,-0.000225354716992
20251127,BC2601,77650.0,2823.0,2766.0,0.007726980038635
20251127,BC2602,77700.0,64.0,61.0,-0.0308880308880303
20251127,BC2603,77500.0,0.0,2.0,-0.1424516129032262
20251127,BC2604,76580.0,0.0,1.0,0.0658135283363812
20251127,BC2605,77000.0,0.0,0.0,0.1542857142857148
20251127,BC2606,77990.0,9.0,0.0,-0.0430824464674963
20251127,BC2607,77710.0,0.0,0.0,0.0
20251127,BC2608,77710.0,0.0,0.0,0.0061768112212075
20251127,BC2609,77750.0,0.0,0.0,0.0061736334405155
20251127,BC2610,77790.0,0.0,0.0,0.0015426147319717
20251127,BC2611,77800.0,0.0,0.0,0.0
20251128,BC2512,78770.0,2580.0,1289.0,-0.0012153146766364
20251128,BC2601,78060.0,5196.0,3766.0,0.0046118370484249
20251128,BC2602,78090.0,85.0,97.0,-0.0399538993469072
20251128,BC2603,77830.0,10.0,2.0,-0.0277527945522289
20251128,BC2604,77650.0,0.0,1.0,-0.1004507405022541
20251128,BC2605,77000.0,0.0,0.0,0.1371428571428561
20251128,BC2606,77880.0,0.0,0.0,-0.0261941448382123
20251128,BC2607,77710.0,0.0,0.0,0.0
20251128,BC2608,77710.0,0.0,0.0,0.0061768112212075
20251128,BC2609,77750.0,0.0,0.0,0.0061736334405155
20251128,BC2610,77790.0,0.0,0.0,0.0015426147319717
20251128,BC2611,77800.0,0.0,0.0,0.0
20251201,BC2512,80000.0,309.0,1235.0,-1.6853932584275293e-05
20251201,BC2601,79990.0,11955.0,4617.0,-0.0495061882735341
20251201,BC2602,79660.0,368.0,122.0,-0.0180768265126789
20251201,BC2603,79540.0,21.0,3.0,-0.1387980890118183
20251201,BC2604,78620.0,0.0,1.0,0.2136860849656576
20251201,BC2605,80020.0,1.0,1.0,-0.1994501374656332
20251201,BC2606,78690.0,0.0,0.0,-0.0091498284407172
20251201,BC2607,78630.0,0.0,0.0,0.0
20251201,BC2608,78630.0,0.0,0.0,-0.009156810377719
20251201,BC2609,78570.0,0.0,0.0,0.0
20251201,BC2610,78570.0,0.0,0.0,-0.0763650248186325
20251201,BC2611,78070.0,0.0,0.0,0.0
20251202,BC2512,79450.0,15.0,1245.0,0.00028850029345
20251202,BC2601,79620.0,7607.0,4542.0,-0.043707611152977
20251202,BC2602,79330.0,569.0,231.0,-0.034791377788983
20251202,BC2603,79100.0,3.0,2.0,-0.0728192161820482
20251202,BC2604,78620.0,0.0,1.0,0.1617908929025686
20251202,BC2605,79680.0,2.0,0.0,-0.1490963855421685
20251202,BC2606,78690.0,0.0,0.0,-0.0091498284407172
20251202,BC2607,78630.0,0.0,0.0,0.0
20251202,BC2608,78630.0,0.0,0.0,-0.009156810377719
20251202,BC2609,78570.0,0.0,0.0,0.0
20251202,BC2610,78570.0,0.0,0.0,-0.0763650248186325
20251202,BC2611,78070.0,0.0,0.0,0.0
20251203,BC2512,80250.0,90.0,1195.0,-0.0003528299905492
20251203,BC2601,80040.0,4874.0,4798.0,-0.0434782608695654
20251203,BC2602,79750.0,303.0,281.0,-0.0120376175548591
20251203,BC2603,79670.0,1.0,2.0,-0.1581523785615659
20251203,BC2604,78620.0,0.0,1.0,0.1724751971508524
20251203,BC2605,79750.0,1.0,1.0,-0.1594984326018811
20251203,BC2606,78690.0,0.0,0.0,-0.0091498284407172
20251203,BC2607,78630.0,0.0,0.0,0.0
20251203,BC2608,78630.0,0.0,0.0,-0.009156810377719
20251203,BC2609,78570.0,0.0,0.0,0.0
20251203,BC2610,78570.0,0.0,0.0,-0.0488736158839246
20251203,BC2611,78250.0,0.0,0.0,0.0
20251204,BC2512,80820.0,0.0,1195.0,0.0021020494982607
20251204,BC2601,82080.0,12755.0,5113.0,-0.0687134502923982
20251204,BC2602,81610.0,825.0,431.0,-0.0382306089939952
20251204,BC2603,81350.0,7.0,3.0,-0.0575291948371234
20251204,BC2604,80960.0,7.0,2.0,0.0741106719367588
20251204,BC2605,81460.0,2.0,2.0,-0.1723545298305913
20251204,BC2606,80290.0,0.0,0.0,0.0119566571179472
20251204,BC2607,80370.0,0.0,0.0,0.0
20251204,BC2608,80370.0,0.0,0.0,-0.0134378499440095
20251204,BC2609,80280.0,0.0,0.0,0.0
20251204,BC2610,80280.0,0.0,0.0,0.0164424514200307
20251204,BC2611,80390.0,0.0,0.0,0.0
20251205,BC2512,82190.0,0.0,1195.0,0.0019685819784522
20251205,BC2601,83390.0,11403.0,5499.0,-0.0489267298237203
20251205,BC2602,83050.0,575.0,482.0,-0.2586393738711616
20251205,BC2603,81260.0,2.0,3.0,0.0162441545655926
20251205,BC2604,81370.0,1.0,2.0,0.2049895538896393
20251205,BC2605,82760.0,0.0,2.0,-0.1986466892218468
20251205,BC2606,81390.0,0.0,0.0,0.1032067821599715
20251205,BC2607,82090.0,2.0,1.0,-0.1125593860397127
20251205,BC2608,81320.0,0.0,0.0,-0.0073782587309394
20251205,BC2609,81270.0,0.0,0.0,0.0
20251205,BC2610,81270.0,0.0,0.0,-0.0103359173126609
20251205,BC2611,81200.0,0.0,0.0,0.0
20251208,BC2512,82190.0,0.0,1195.0,0.0018537480297091
20251208,BC2601,83320.0,11668.0,4930.0,-0.0417666826692264
20251208,BC2602,83030.0,223.0,475.0,-0.0924966879441169
20251208,BC2603,82390.0,1.0,2.0,-0.1004976332079139
20251208,BC2604,81700.0,0.0,2.0,0.1556915544675634
20251208,BC2605,82760.0,0.0,2.0,-0.1101981633639432
20251208,BC2606,82000.0,0.0,0.0,-0.064390243902439
20251208,BC2607,81560.0,0.0,1.0,0.0
20251208,BC2608,81560.0,0.0,0.0,-0.008827856792545
20251208,BC2609,81500.0,0.0,0.0,0.0
20251208,BC2610,81500.0,0.0,0.0,-0.0088343558282213
20251208,BC2611,81440.0,0.0,0.0,0.0
20251209,BC2512,82400.0,10.0,1190.0,-0.0012926802661721
20251209,BC2601,81610.0,7986.0,4602.0,-0.0455826491851487
20251209,BC2602,81300.0,91.0,474.0,0.1638376383763828
20251209,BC2603,82410.0,3.0,3.0,-0.1033855114670552
20251209,BC2604,81700.0,0.0,2.0,-0.0176254589963278
20251209,BC2605,81580.0,0.0,2.0,0.0323608727629327
20251209,BC2606,81800.0,0.0,0.0,-0.0352078239608806
20251209,BC2607,81560.0,0.0,1.0,0.0
20251209,BC2608,81560.0,0.0,0.0,-0.008827856792545
20251209,BC2609,81500.0,0.0,0.0,0.0
20251209,BC2610,81500.0,0.0,0.0,-0.0088343558282213
20251209,BC2611,81440.0,0.0,0.0,0.0
20251210,BC2512,82200.0,0.0,1190.0,0.0001148199786762
20251210,BC2601,82270.0,6849.0,4467.0,-0.0116688951014944
20251210,BC2602,82190.0,267.0,522.0,-0.0277406010463558
20251210,BC2603,82000.0,0.0,3.0,-0.0439024390243902
20251210,BC2604,81700.0,0.0,2.0,0.0396572827417376
20251210,BC2605,81970.0,0.0,2.0,-0.02488715383677
20251210,BC2606,81800.0,0.0,0.0,-0.0352078239608806
20251210,BC2607,81560.0,0.0,1.0,0.0
20251210,BC2608,81560.0,0.0,0.0,-0.008827856792545
20251210,BC2609,81500.0,0.0,0.0,0.0
20251210,BC2610,81500.0,0.0,0.0,-0.0088343558282213
20251210,BC2611,81440.0,0.0,0.0,0.0
20251211,BC2512,82550.0,160.0,1190.0,0.0001633330837966
20251211,BC2601,82650.0,6694.0,4366.0,-0.023230490018149
20251211,BC2602,82490.0,310.0,582.0,-0.0712813674384778
20251211,BC2603,82000.0,0.0,3.0,-0.0439024390243902
20251211,BC2604,81700.0,0.0,2.0,0.0646266829865371
20251211,BC2605,82140.0,0.0,2.0,-0.0496712929145357
20251211,BC2606,81800.0,0.0,0.0,-0.0352078239608806
20251211,BC2607,81560.0,0.0,1.0,0.0
20251211,BC2608,81560.0,0.0,0.0,-0.008827856792545
20251211,BC2609,81500.0,0.0,0.0,0.0
20251211,BC2610,81500.0,0.0,0.0,-0.0088343558282213
20251211,BC2611,81440.0,0.0,0.0,0.0
20251212,BC2512,82530.0,0.0,1190.0,0.003202104239929
20251212,BC2601,84490.0,9779.0,4584.0,-0.0184637235175766
20251212,BC2602,84360.0,319.0,657.0,-0.1834992887624462
20251212,BC2603,83070.0,0.0,3.0,-0.0548934633441673
20251212,BC2604,82690.0,0.0,2.0,0.3366791631394372
20251212,BC2605,85010.0,19.0,2.0,-0.3373720738736621
20251212,BC2606,82620.0,0.0,0.0,-0.0101670297748728
20251212,BC2607,82550.0,0.0,1.0,0.0029073288915819
20251212,BC2608,82570.0,0.0,0.0,-0.0101731863873073
20251212,BC2609,82500.0,0.0,0.0,0.0
20251212,BC2610,82500.0,0.0,0.0,-0.0072727272727273
20251212,BC2611,82450.0,0.0,0.0,0.0
20251215,BC2512,82530.0,0.0,1190.0,0.0003757571301957
20251215,BC2601,82760.0,14214.0,3819.0,-0.0202996616723059
20251215,BC2602,82620.0,1036.0,784.0,0.0217864923747272
20251215,BC2603,82770.0,1.0,4.0,-0.0115984052192819
20251215,BC2604,82690.0,0.0,2.0,0.0449873019712185
20251215,BC2605,83000.0,0.0,2.0,-0.0549397590361446
20251215,BC2606,82620.0,0.0,0.0,-0.0101670297748728
20251215,BC2607,82550.0,0.0,1.0,0.0029073288915819
20251215,BC2608,82570.0,0.0,0.0,-0.0101731863873073
20251215,BC2609,82500.0,0.0,0.0,0.0
20251215,BC2610,82500.0,0.0,0.0,-0.0072727272727273
20251215,BC2611,82450.0,0.0,0.0,0.0
20251216,BC2601,82150.0,7651.0,3356.0,-0.016068167985392
20251216,BC2602,82040.0,617.0,947.0,0.0848366650414442
20251216,BC2603,82620.0,1.0,3.0,0.0101670297748741
20251216,BC2604,82690.0,0.0,2.0,-0.0275728624984883
20251216,BC2605,82500.0,0.0,2.0,0.0174545454545445
20251216,BC2606,82620.0,0.0,0.0,-0.0101670297748728
20251216,BC2607,82550.0,0.0,1.0,0.0029073288915819
20251216,BC2608,82570.0,0.0,0.0,-0.0101731863873073
20251216,BC2609,82500.0,0.0,0.0,0.0
20251216,BC2610,82500.0,0.0,0.0,-0.0072727272727273
20251216,BC2611,82450.0,0.0,0.0,0.0
20251216,BC2612,82450.0,0.0,0.0,0.0
20251217,BC2601,83100.0,5658.0,3425.0,-0.0259927797833938
20251217,BC2602,82920.0,493.0,975.0,-0.0434153400868306
20251217,BC2603,82620.0,0.0,3.0,-0.0130718954248361
20251217,BC2604,82530.0,1.0,1.0,0.0639767357324618
20251217,BC2605,82970.0,5.0,1.0,-0.0506207062793775
20251217,BC2606,82620.0,0.0,0.0,0.0522875816993471
20251217,BC2607,82980.0,2.0,1.0,-0.059291395516992
20251217,BC2608,82570.0,0.0,0.0,-0.0101731863873073
20251217,BC2609,82500.0,0.0,0.0,0.0
20251217,BC2610,82500.0,0.0,0.0,-0.0072727272727273
20251217,BC2611,82450.0,0.0,0.0,0.0
20251217,BC2612,82450.0,0.0,0.0,0.0
20251218,BC2601,83080.0,5835.0,3584.0,-0.0389985556090515
20251218,BC2602,82810.0,284.0,975.0,-0.0275329066537861
20251218,BC2603,82620.0,0.0,3.0,-0.0130718954248361
20251218,BC2604,82530.0,0.0,1.0,0.0116321337695373
20251218,BC2605,82610.0,0.0,1.0,0.0014526086430217
20251218,BC2606,82620.0,0.0,0.0,0.1394335511982563
20251218,BC2607,83580.0,0.0,1.0,-0.1450107681263466
20251218,BC2608,82570.0,0.0,0.0,-0.0101731863873073
20251218,BC2609,82500.0,0.0,0.0,0.0
20251218,BC2610,82500.0,0.0,0.0,-0.0072727272727273
20251218,BC2611,82450.0,0.0,0.0,0.0
20251218,BC2612,82450.0,0.0,0.0,0.0
20251219,BC2601,83840.0,7038.0,3975.0,-0.0658396946564892
20251219,BC2602,83380.0,472.0,1010.0,-0.1093787479011751
20251219,BC2603,82620.0,0.0,3.0,-0.0246913580246919
20251219,BC2604,82450.0,2.0,2.0,0.0625833838690113
20251219,BC2605,82880.0,1.0,0.0,-0.0376447876447874
20251219,BC2606,82620.0,0.0,0.0,0.1394335511982563
20251219,BC2607,83580.0,0.0,1.0,-0.1450107681263466
20251219,BC2608,82570.0,0.0,0.0,-0.0101731863873073
20251219,BC2609,82500.0,0.0,0.0,0.0
20251219,BC2610,82500.0,0.0,0.0,-0.0072727272727273
20251219,BC2611,82450.0,0.0,0.0,0.0
20251219,BC2612,82450.0,0.0,0.0,0.0
20251222,BC2601,84900.0,6946.0,3826.0,-0.0282685512367493
20251222,BC2602,84700.0,598.0,1084.0,-0.0850059031877212
20251222,BC2603,84100.0,1.0,3.0,-0.1555291319857312
20251222,BC2604,83010.0,0.0,2.0,-0.0173473075533068
20251222,BC2605,82890.0,0.0,0.0,0.0
20251222,BC2606,82890.0,0.0,0.0,0.0998914223669924
20251222,BC2607,83580.0,0.0,1.0,-0.1162957645369702
20251222,BC2608,82770.0,0.0,0.0,-0.021747009786154
20251222,BC2609,82620.0,0.0,0.0,0.0
20251222,BC2610,82620.0,0.0,0.0,-0.0130718954248361
20251222,BC2611,82530.0,0.0,0.0,0.0
20251222,BC2612,82530.0,0.0,0.0,0.0
20251223,BC2601,84220.0,4528.0,3232.0,-0.014248397055331
20251223,BC2602,84120.0,684.0,1156.0,0.8288159771754646
20251223,BC2603,89930.0,2.0,3.0,-0.7939508506616253
20251223,BC2604,83980.0,1.0,1.0,-0.1557513693736609
20251223,BC2605,82890.0,0.0,0.0,0.234527687296417
20251223,BC2606,84510.0,1.0,1.0,-0.1320553780617683
20251223,BC2607,83580.0,0.0,1.0,-0.1162957645369702
20251223,BC2608,82770.0,0.0,0.0,-0.021747009786154
20251223,BC2609,82620.0,0.0,0.0,0.0
20251223,BC2610,82620.0,0.0,0.0,-0.0130718954248361
20251223,BC2611,82530.0,0.0,0.0,0.0
20251223,BC2612,82530.0,0.0,0.0,0.0
20251224,BC2601,85960.0,10501.0,3277.0,0.0209399720800362
20251224,BC2602,86110.0,1416.0,1303.0,-0.011148530948787
20251224,BC2603,86030.0,3.0,3.0,-0.2357317214925021
20251224,BC2604,84340.0,0.0,1.0,0.0014228124258961
20251224,BC2605,84350.0,0.0,0.0,0.1123888559573202
20251224,BC2606,85140.0,1.0,1.0,-0.1240310077519377
20251224,BC2607,84260.0,0.0,1.0,0.0
20251224,BC2608,84260.0,0.0,0.0,-0.0128174697365293
20251224,BC2609,84170.0,0.0,0.0,0.0
20251224,BC2610,84170.0,0.0,0.0,-0.005702744445764
20251224,BC2611,84130.0,0.0,0.0,0.0
20251224,BC2612,84130.0,0.0,0.0,0.0
20251225,BC2601,87310.0,8489.0,3083.0,-0.0769671286221505
20251225,BC2602,86750.0,3369.0,2009.0,0.0276657060518736
20251225,BC2603,86950.0,9.0,4.0,-0.0883266244968368
20251225,BC2604,86310.0,2.0,1.0,-0.0973236009732363
20251225,BC2605,85610.0,0.0,0.0,0.0
20251225,BC2606,85610.0,0.0,1.0,-0.0476579838803878
20251225,BC2607,85270.0,0.0,1.0,0.0
20251225,BC2608,85270.0,0.0,0.0,-0.0239240060982766
20251225,BC2609,85100.0,0.0,0.0,0.0
20251225,BC2610,85100.0,0.0,0.0,-0.0028202115158633
20251225,BC2611,85080.0,0.0,0.0,0.0028208744710873
20251225,BC2612,85100.0,0.0,0.0,0.0
20251226,BC2601,88630.0,8081.0,2830.0,0.0270788672007231
20251226,BC2602,88830.0,9452.0,3836.0,0.0027017899358332
20251226,BC2603,88850.0,55.0,32.0,-0.0391671356218341
20251226,BC2604,88560.0,17.0,1.0,-0.2710027100271008
20251226,BC2605,86560.0,0.0,0.0,-0.0027726432532344
20251226,BC2606,86540.0,0.0,1.0,-0.0124797781372776
20251226,BC2607,86450.0,0.0,1.0,0.0
20251226,BC2608,86450.0,0.0,0.0,-0.0124927703875066
20251226,BC2609,86360.0,0.0,0.0,0.0055581287633161
20251226,BC2610,86400.0,0.0,0.0,-0.0125000000000006
20251226,BC2611,86310.0,0.0,0.0,0.0
20251226,BC2612,86310.0,0.0,0.0,0.0
20251229,BC2601,88210.0,5262.0,2333.0,0.0244870196122892
20251229,BC2602,88390.0,23777.0,5974.0,0.0434438284873852
20251229,BC2603,88710.0,684.0,361.0,0.2854244166384863
20251229,BC2604,90820.0,5.0,2.0,-0.5496586654921822
20251229,BC2605,86660.0,0.0,0.0,-0.0166166628202164
20251229,BC2606,86540.0,0.0,1.0,-0.0124797781372776
20251229,BC2607,86450.0,0.0,1.0,0.0
20251229,BC2608,86450.0,0.0,0.0,-0.0124927703875066
20251229,BC2609,86360.0,0.0,0.0,0.0055581287633161
20251229,BC2610,86400.0,0.0,0.0,-0.0125000000000006
20251229,BC2611,86310.0,0.0,0.0,0.0
20251229,BC2612,86310.0,0.0,0.0,0.0
20251230,BC2601,87600.0,1250.0,2133.0,0.0191780821917815
20251230,BC2602,87740.0,17309.0,6713.0,0.0054707089126964
20251230,BC2603,87780.0,247.0,459.0,0.1531100478468889
20251230,BC2604,88900.0,0.0,2.0,-0.4508436445444315
20251230,BC2605,85560.0,4.0,2.0,0.3309957924263687
20251230,BC2606,87920.0,1.0,2.0,-0.2006369426751595
20251230,BC2607,86450.0,0.0,1.0,0.0
20251230,BC2608,86450.0,0.0,0.0,-0.0124927703875066
20251230,BC2609,86360.0,0.0,0.0,0.0055581287633161
20251230,BC2610,86400.0,0.0,0.0,-0.0125000000000006
20251230,BC2611,86310.0,0.0,0.0,0.0
20251230,BC2612,86310.0,0.0,0.0,0.0
20251231,BC2601,87830.0,471.0,2008.0,0.0054651030399623
20251231,BC2602,87870.0,15124.0,7214.0,-0.0040969614202803
20251231,BC2603,87840.0,524.0,714.0,0.0150273224043706
20251231,BC2604,87950.0,9.0,7.0,-0.0518476407049459
20251231,BC2605,87570.0,5.0,4.0,0.0479616306954424
20251231,BC2606,87920.0,0.0,2.0,-0.2006369426751595
20251231,BC2607,86450.0,0.0,1.0,0.0
20251231,BC2608,86450.0,0.0,0.0,-0.0124927703875066
20251231,BC2609,86360.0,0.0,0.0,0.0055581287633161
20251231,BC2610,86400.0,0.0,0.0,-0.0125000000000006
20251231,BC2611,86310.0,0.0,0.0,0.0
20251231,BC2612,86310.0,0.0,0.0,0.0
20260105,BC2601,89620.0,53.0,1990.0,0.1620174068288324
20260105,BC2602,90830.0,7466.0,7892.0,-0.0330287349994495
20260105,BC2603,90580.0,944.0,1030.0,-0.0794877456392137
20260105,BC2604,89980.0,5.0,7.0,0.0706823738608593
20260105,BC2605,90510.0,0.0,4.0,-0.2267152800795493
20260105,BC2606,88800.0,0.0,2.0,-0.0081081081081086
20260105,BC2607,88740.0,0.0,1.0,0.1284651791751176
20260105,BC2608,89690.0,2.0,0.0,-0.1886497937339726
20260105,BC2609,88280.0,0.0,0.0,0.0027186225645667
20260105,BC2610,88300.0,0.0,0.0,-0.0149490373725935
20260105,BC2611,88190.0,0.0,0.0,0.0612314321351625
20260105,BC2612,88640.0,0.0,0.0,0.0
20260106,BC2601,92700.0,40.0,1960.0,0.164401294498381
20260106,BC2602,93970.0,15921.0,7958.0,-0.0178780461849528
20260106,BC2603,93830.0,1011.0,1277.0,-0.1534690397527445
20260106,BC2604,92630.0,1.0,6.0,0.012954766274424
20260106,BC2605,92730.0,2.0,4.0,-0.2264639275315434
20260106,BC2606,90980.0,0.0,2.0,-0.0079138272147729
20260106,BC2607,90920.0,0.0,1.0,0.1214254289485268
20260106,BC2608,91840.0,0.0,0.0,0.0666376306620204
20260106,BC2609,92350.0,1.0,1.0,-0.0740660530590142
20260106,BC2610,91780.0,0.0,0.0,-0.0065373719764654
20260106,BC2611,91730.0,0.0,0.0,0.0
20260106,BC2612,91730.0,0.0,0.0,0.0
20260107,BC2601,92200.0,40.0,1940.0,-0.0143167028199568
20260107,BC2602,92090.0,15327.0,7886.0,0.0
20260107,BC2603,92090.0,1336.0,1482.0,-0.0013030730806824
20260107,BC2604,92080.0,7.0,10.0,0.0104257167680286
20260107,BC2605,92160.0,17.0,15.0,-0.153645833333333
20260107,BC2606,90980.0,0.0,2.0,0.2532424708727188
20260107,BC2607,92900.0,4.0,4.0,-0.1369214208826692
20260107,BC2608,91840.0,0.0,0.0,0.0666376306620204
20260107,BC2609,92350.0,0.0,1.0,-0.0740660530590142
20260107,BC2610,91780.0,0.0,0.0,-0.0065373719764654
20260107,BC2611,91730.0,0.0,0.0,0.0
20260107,BC2612,91730.0,0.0,0.0,0.0
20260108,BC2601,89890.0,15.0,1940.0,0.0013349649571701
20260108,BC2602,89900.0,16109.0,7861.0,0.0106785317018909
20260108,BC2603,89980.0,1555.0,2029.0,-0.0080017781729266
20260108,BC2604,89920.0,36.0,14.0,0.0667259786476863
20260108,BC2605,90420.0,33.0,19.0,0.0743198407431995
20260108,BC2606,90980.0,0.0,2.0,0.0830951857551101
20260108,BC2607,91610.0,0.0,4.0,0.007859403995198
20260108,BC2608,91670.0,0.0,0.0,-0.022253736227773
20260108,BC2609,91500.0,0.0,1.0,0.0013114754098362
20260108,BC2610,91510.0,0.0,0.0,-0.2098131351764833
20260108,BC2611,89910.0,21.0,0.0,0.2015348682015352
20260108,BC2612,91420.0,0.0,0.0,0.0
20260109,BC2601,89890.0,30.0,1940.0,0.0347090888864176
20260109,BC2602,90150.0,15155.0,7403.0,0.0053244592346084
20260109,BC2603,90190.0,1273.0,2257.0,-0.1729681782902763
20260109,BC2604,88890.0,2.0,14.0,0.1241984475194062
20260109,BC2605,89810.0,12.0,21.0,-0.2819285157554838
20260109,BC2606,87700.0,19.0,15.0,0.1149372862029638
20260109,BC2607,88540.0,4.0,5.0,0.4242150440478873
20260109,BC2608,91670.0,0.0,0.0,-0.022253736227773
20260109,BC2609,91500.0,0.0,1.0,0.0013114754098362
20260109,BC2610,91510.0,0.0,0.0,-0.0485192875095621
20260109,BC2611,91140.0,0.0,0.0,0.0368663594470053
20260109,BC2612,91420.0,0.0,0.0,0.0
20260112,BC2601,90760.0,5.0,1940.0,0.2075804319083287
20260112,BC2602,92330.0,13609.0,7471.0,-0.003899057727716
20260112,BC2603,92300.0,1659.0,2472.0,-0.0663055254604545
20260112,BC2604,91790.0,12.0,18.0,0.0771325852489379
20260112,BC2605,92380.0,29.0,23.0,-0.2662914050660321
20260112,BC2606,90330.0,2.0,15.0,0.0823646629026892
20260112,BC2607,90950.0,1.0,4.0,0.0949972512369443
20260112,BC2608,91670.0,0.0,0.0,-0.022253736227773
20260112,BC2609,91500.0,0.0,1.0,0.0013114754098362
20260112,BC2610,91510.0,0.0,0.0,-0.0485192875095621
20260112,BC2611,91140.0,0.0,0.0,0.0368663594470053
20260112,BC2612,91420.0,0.0,0.0,0.0
20260113,BC2601,90760.0,0.0,1940.0,0.0462758924636403
20260113,BC2602,91110.0,12392.0,7360.0,-0.0118538030951591
20260113,BC2603,91020.0,865.0,2507.0,0.1278839815425181
20260113,BC2604,91990.0,6.0,17.0,-0.0626155016849661
20260113,BC2605,91510.0,11.0,24.0,-0.0039339962845597
20260113,BC2606,91480.0,1.0,15.0,-0.0695233930913863
20260113,BC2607,90950.0,0.0,4.0,0.0949972512369443
20260113,BC2608,91670.0,0.0,0.0,-0.022253736227773
20260113,BC2609,91500.0,0.0,1.0,0.0013114754098362
20260113,BC2610,91510.0,0.0,0.0,-0.0485192875095621
20260113,BC2611,91140.0,0.0,0.0,0.0368663594470053
20260113,BC2612,91420.0,0.0,0.0,0.0
20260114,BC2601,90760.0,0.0,1940.0,0.2551784927280751
20260114,BC2602,92690.0,12313.0,7837.0,-0.0025892760815624
20260114,BC2603,92670.0,1124.0,2414.0,-0.0258983489802528
20260114,BC2604,92470.0,6.0,16.0,0.1180923542770635
20260114,BC2605,93380.0,11.0,23.0,-0.199186121225102
20260114,BC2606,91830.0,2.0,15.0,0.175106174452793
20260114,BC2607,93170.0,2.0,4.0,-0.1931952345175487
20260114,BC2608,91670.0,0.0,0.0,-0.022253736227773
20260114,BC2609,91500.0,0.0,1.0,0.2452459016393451
20260114,BC2610,93370.0,1.0,1.0,-0.2866016921923533
20260114,BC2611,91140.0,0.0,0.0,0.0368663594470053
20260114,BC2612,91420.0,0.0,0.0,0.0
20260115,BC2601,90760.0,0.0,1940.0,0.100484795063906
20260115,BC2602,91520.0,12196.0,7136.0,-0.0104895104895099
20260115,BC2603,91440.0,808.0,2490.0,-0.1089238845144362
20260115,BC2604,90610.0,4.0,17.0,0.1364087849023292
20260115,BC2605,91640.0,23.0,28.0,-0.0274989087734618
20260115,BC2606,91430.0,25.0,15.0,-0.1863720879361259
20260115,BC2607,90010.0,2.0,4.0,0.2213087434729486
20260115,BC2608,91670.0,0.0,0.0,-0.022253736227773
20260115,BC2609,91500.0,0.0,1.0,0.2400000000000002
20260115,BC2610,93330.0,0.0,1.0,-0.2815814850530374
20260115,BC2611,91140.0,0.0,0.0,0.0368663594470053
20260115,BC2612,91420.0,0.0,0.0,0.0
20260116,BC2602,89650.0,12219.0,6867.0,-0.0227551589514778
20260116,BC2603,89480.0,939.0,2671.0,-0.037550290567724
20260116,BC2604,89200.0,137.0,88.0,0.0080717488789225
20260116,BC2605,89260.0,14.0,29.0,0.2514004033161541
20260116,BC2606,91130.0,0.0,15.0,-0.0065840008778668
20260116,BC2607,91080.0,0.0,4.0,0.0118577075098826
20260116,BC2608,91170.0,0.0,0.0,0.0434353405725556
20260116,BC2609,91500.0,0.0,1.0,0.015737704918032
20260116,BC2610,91620.0,1.0,1.0,-0.0628683693516705
20260116,BC2611,91140.0,0.0,0.0,0.0197498354180387
20260116,BC2612,91290.0,0.0,0.0,0.0001920044899511
20260116,BC2701,91420.0,0.0,0.0,0.0
20260119,BC2602,90120.0,7650.0,6556.0,-0.0146471371504666
20260119,BC2603,90010.0,499.0,2757.0,0.0079991112098642
20260119,BC2604,90070.0,15.0,92.0,-0.0146552681247924
20260119,BC2605,89960.0,18.0,31.0,0.0320142285460205
20260119,BC2606,90200.0,5.0,16.0,0.0518847006651892
20260119,BC2607,90590.0,0.0,4.0,0.0768296721492438
20260119,BC2608,91170.0,0.0,0.0,0.0434353405725556
20260119,BC2609,91500.0,0.0,1.0,0.015737704918032
20260119,BC2610,91620.0,0.0,1.0,-0.0628683693516705
20260119,BC2611,91140.0,0.0,0.0,0.0197498354180387
20260119,BC2612,91290.0,0.0,0.0,0.0001920044899511
20260119,BC2701,91420.0,0.0,0.0,0.0
20260120,BC2602,90040.0,6747.0,6486.0,0.0079964460239896
20260120,BC2603,90100.0,383.0,2814.0,0.0159822419533863
20260120,BC2604,90220.0,6.0,95.0,-0.0266016404344933
20260120,BC2605,90020.0,1.0,31.0,0.0239946678515892
20260120,BC2606,90200.0,0.0,16.0,-0.0745011086474503
20260120,BC2607,89640.0,1.0,3.0,0.2048192771084336
20260120,BC2608,91170.0,0.0,0.0,0.0434353405725556
20260120,BC2609,91500.0,0.0,1.0,0.015737704918032
20260120,BC2610,91620.0,0.0,1.0,-0.0628683693516705
20260120,BC2611,91140.0,0.0,0.0,0.0197498354180387
20260120,BC2612,91290.0,0.0,0.0,0.0001920044899511
20260120,BC2701,91420.0,0.0,0.0,0.0
20260121,BC2602,90090.0,8798.0,6050.0,-0.0039960039960038
20260121,BC2603,90060.0,739.0,2849.0,-0.0013324450366418
20260121,BC2604,90050.0,49.0,96.0,-0.1532481954469737
20260121,BC2605,88900.0,3.0,30.0,0.1579302587176601
20260121,BC2606,90070.0,3.0,15.0,-0.057288775396914
20260121,BC2607,89640.0,0.0,3.0,0.1954484605087003
20260121,BC2608,91100.0,0.0,0.0,0.0131723380900119
20260121,BC2609,91200.0,0.0,1.0,0.0552631578947373
20260121,BC2610,91620.0,0.0,1.0,-0.0628683693516705
20260121,BC2611,91140.0,0.0,0.0,0.0197498354180387
20260121,BC2612,91290.0,0.0,0.0,0.0001920044899511
20260121,BC2701,91420.0,0.0,0.0,0.0
20260122,BC2602,89330.0,7287.0,5959.0,0.0188066718907418
20260122,BC2603,89470.0,948.0,3141.0,0.0147535486755341
20260122,BC2604,89580.0,72.0,128.0,0.0080375083724044
20260122,BC2605,89640.0,43.0,67.0,0.0013386880856769
20260122,BC2606,89650.0,0.0,15.0,-0.0013385387618516
20260122,BC2607,89640.0,0.0,3.0,0.1151271753681397
20260122,BC2608,90500.0,0.0,0.0,0.0132596685082875
20260122,BC2609,90600.0,0.0,1.0,0.0
20260122,BC2610,90600.0,0.0,1.0,0.0662251655629129
20260122,BC2611,91100.0,0.0,0.0,0.0
20260122,BC2612,91100.0,0.0,0.0,0.0004736121560453
20260122,BC2701,91420.0,0.0,0.0,0.0
20260123,BC2602,90070.0,7445.0,5464.0,0.0079937826135241
20260123,BC2603,90130.0,1808.0,3495.0,0.018639742594031
20260123,BC2604,90270.0,234.0,311.0,0.0026586905948811
20260123,BC2605,90290.0,40.0,96.0,-0.0850592535164467
20260123,BC2606,89650.0,0.0,15.0,0.1298382598996088
20260123,BC2607,90620.0,1.0,4.0,-0.015890531891415
20260123,BC2608,90500.0,0.0,0.0,0.0132596685082875
20260123,BC2609,90600.0,0.0,1.0,0.0
20260123,BC2610,90600.0,0.0,1.0,0.0662251655629129
20260123,BC2611,91100.0,0.0,0.0,0.0
20260123,BC2612,91100.0,0.0,0.0,0.0004736121560453
20260123,BC2701,91420.0,0.0,0.0,0.0
20260126,BC2602,90340.0,9630.0,2961.0,0.0225813593092771
20260126,BC2603,90510.0,3250.0,4392.0,0.0185614849187922
20260126,BC2604,90650.0,661.0,711.0,0.0225041367898501
20260126,BC2605,90820.0,221.0,277.0,-0.1545914996696766
20260126,BC2606,89650.0,0.0,15.0,0.1298382598996088
20260126,BC2607,90620.0,0.0,4.0,-0.015890531891415
20260126,BC2608,90500.0,0.0,0.0,0.0132596685082875
20260126,BC2609,90600.0,0.0,1.0,0.0
20260126,BC2610,90600.0,0.0,1.0,0.0662251655629129
20260126,BC2611,91100.0,0.0,0.0,0.0
20260126,BC2612,91100.0,0.0,0.0,0.0020720531826983
20260126,BC2701,92500.0,20.0,0.0,0.0
20260127,BC2602,90790.0,7605.0,2297.0,0.0264346293644663
20260127,BC2603,90990.0,3994.0,4861.0,0.0316518298714152
20260127,BC2604,91230.0,922.0,1270.0,0.0197303518579401
20260127,BC2605,91380.0,233.0,443.0,-0.049901510177281
20260127,BC2606,91000.0,2.0,15.0,-0.0501098901098902
20260127,BC2607,90620.0,0.0,4.0,-0.015890531891415
20260127,BC2608,90500.0,0.0,0.0,0.0132596685082875
20260127,BC2609,90600.0,0.0,1.0,0.0
20260127,BC2610,90600.0,0.0,1.0,0.0662251655629129
20260127,BC2611,91100.0,0.0,0.0,0.0553238199780459
20260127,BC2612,91520.0,2.0,2.0,-0.0008102852203975
20260127,BC2701,90970.0,0.0,0.0,0.0
20260128,BC2602,91420.0,4675.0,1711.0,0.0131262305841159
20260128,BC2603,91520.0,5676.0,5123.0,0.03409090909091
20260128,BC2604,91780.0,1409.0,1802.0,0.0
20260128,BC2605,91780.0,149.0,526.0,0.0366092830682074
20260128,BC2606,92060.0,34.0,14.0,0.1055833152291993
20260128,BC2607,92870.0,1.0,5.0,-0.306234521373963
20260128,BC2608,90500.0,0.0,0.0,-0.1060773480662988
20260128,BC2609,89700.0,1.0,0.0,0.120401337792642
20260128,BC2610,90600.0,0.0,1.0,0.0662251655629129
20260128,BC2611,91100.0,0.0,0.0,0.0553238199780459
20260128,BC2612,91520.0,0.0,2.0,-0.0008102852203975
20260128,BC2701,90970.0,0.0,0.0,0.0
20260129,BC2602,96360.0,1743.0,1510.0,0.115815691158156
20260129,BC2603,97290.0,14547.0,6125.0,-0.0098674067221709
20260129,BC2604,97210.0,1579.0,2497.0,0.1370229400267471
20260129,BC2605,98320.0,60.0,567.0,-0.1476810414971527
20260129,BC2606,97110.0,5.0,14.0,-0.179178251467408
20260129,BC2607,95660.0,5.0,3.0,-0.4541083002299806
20260129,BC2608,92040.0,0.0,0.0,-0.1069100391134294
20260129,BC2609,91220.0,0.0,0.0,0.7853540890155672
20260129,BC2610,97190.0,3.0,0.0,-0.2629900195493357
20260129,BC2611,95060.0,0.0,0.0,0.0340837365874175
20260129,BC2612,95330.0,0.0,2.0,0.0038753613998446
20260129,BC2701,98070.0,0.0,0.0,0.0
20260130,BC2602,94920.0,1322.0,1191.0,-0.3830594184576479
20260130,BC2603,91890.0,26587.0,6460.0,0.0404831864185437
20260130,BC2604,92200.0,2520.0,2880.0,0.1744034707158341
20260130,BC2605,93540.0,87.0,573.0,-0.0846696600384868
20260130,BC2606,92880.0,71.0,46.0,0.0801033591731261
20260130,BC2607,93500.0,0.0,3.0,-0.1873796791443851
20260130,BC2608,92040.0,0.0,0.0,-0.1069100391134294
20260130,BC2609,91220.0,0.0,0.0,1.316816487612365
20260130,BC2610,101230.0,2.0,2.0,-0.9044749580163982
20260130,BC2611,93600.0,0.0,0.0,0.8038461538461537
20260130,BC2612,99870.0,1.0,2.0,-0.0074523847293616
20260130,BC2701,94350.0,0.0,0.0,0.0
20260202,BC2602,87920.0,41.0,1190.0,-0.0914467697907182
20260202,BC2603,87250.0,17004.0,6375.0,0.1279083094555861
20260202,BC2604,88180.0,1266.0,2815.0,0.3524608754819684
20260202,BC2605,90770.0,74.0,598.0,0.3146414013440557
20260202,BC2606,93150.0,3.0,47.0,-0.1507246376811593
20260202,BC2607,91980.0,1.0,3.0,-0.1878669275929549
20260202,BC2608,90540.0,0.0,0.0,-0.1073558648111325
20260202,BC2609,89730.0,0.0,0.0,0.3182881979271146
20260202,BC2610,92110.0,0.0,2.0,-0.0052111605688844
20260202,BC2611,92070.0,0.0,0.0,-0.1550993809058329
20260202,BC2612,90880.0,0.0,2.0,0.0028633881943345
20260202,BC2701,92810.0,0.0,0.0,0.0
20260203,BC2602,91230.0,80.0,1180.0,0.1762578099309442
20260203,BC2603,92570.0,11627.0,5846.0,0.0298152749270812
20260203,BC2604,92800.0,1800.0,3267.0,0.0633620689655183
20260203,BC2605,93290.0,39.0,585.0,0.0192946725265308
20260203,BC2606,93440.0,43.0,43.0,-0.4841609589041091
20260203,BC2607,89670.0,1.0,2.0,0.144529943124791
20260203,BC2608,90750.0,0.0,0.0,-0.0991735537190079
20260203,BC2609,90000.0,7.0,0.0,0.2813333333333325
20260203,BC2610,92110.0,0.0,2.0,-0.0052111605688844
20260203,BC2611,92070.0,0.0,0.0,-0.2372108178559795
20260203,BC2612,90250.0,1.0,1.0,0.0038245821531949
20260203,BC2701,92810.0,0.0,0.0,0.0
20260204,BC2602,92750.0,45.0,1180.0,0.0582210242587608
20260204,BC2603,93200.0,8805.0,5624.0,0.0412017167381977
20260204,BC2604,93520.0,1037.0,3282.0,-0.0192472198460218
20260204,BC2605,93370.0,49.0,591.0,-0.0539787940451965
20260204,BC2606,92950.0,14.0,45.0,-0.1587950511027438
20260204,BC2607,91720.0,0.0,2.0,0.0
20260204,BC2608,91720.0,0.0,0.0,-0.0117749672917577
20260204,BC2609,91630.0,0.0,0.0,0.0942922623594899
20260204,BC2610,92350.0,0.0,2.0,-0.0363833243096913
20260204,BC2611,92070.0,0.0,0.0,0.0573476702508957
20260204,BC2612,92510.0,0.0,1.0,0.0004372439541914
20260204,BC2701,92810.0,0.0,0.0,0.0
20260205,BC2602,92270.0,0.0,1180.0,-0.3524439145984614
20260205,BC2603,89560.0,8929.0,5803.0,0.0522554711924962
20260205,BC2604,89950.0,1352.0,3483.0,0.012006670372429
20260205,BC2605,90040.0,47.0,600.0,0.0746334962238997
20260205,BC2606,90600.0,4.0,47.0,0.0529801324503313
20260205,BC2607,91000.0,1.0,2.0,0.0646153846153838
20260205,BC2608,91490.0,0.0,0.0,0.0131161875614811
20260205,BC2609,91590.0,0.0,0.0,0.0
20260205,BC2610,91590.0,0.0,2.0,0.0117916803144435
20260205,BC2611,91680.0,0.0,0.0,-0.0706806282722509
20260205,BC2612,91140.0,0.0,1.0,0.0015977394944929
20260205,BC2701,92220.0,0.0,0.0,0.0
20260206,BC2602,89100.0,0.0,1180.0,-0.0417508417508414
20260206,BC2603,88790.0,9542.0,5575.0,0.0175695461200575
20260206,BC2604,88920.0,1573.0,3598.0,0.0580296896086371
20260206,BC2605,89350.0,49.0,616.0,0.1745942921096803
20260206,BC2606,90650.0,0.0,47.0,-0.5255377826806402
20260206,BC2607,86680.0,1.0,2.0,0.519150899861561
20260206,BC2608,90430.0,0.0,0.0,0.0066349662722542
20260206,BC2609,90480.0,0.0,0.0,0.0
20260206,BC2610,90480.0,0.0,2.0,0.0119363395225464
20260206,BC2611,90570.0,0.0,0.0,0.0
20260206,BC2612,90570.0,0.0,1.0,0.0015035859035099
20260206,BC2701,91580.0,0.0,0.0,0.0
20260209,BC2602,89100.0,45.0,1180.0,0.1885521885521877
20260209,BC2603,90500.0,6126.0,5260.0,0.0185635359116025
20260209,BC2604,90640.0,923.0,3601.0,0.0330979699911733
20260209,BC2605,90890.0,32.0,624.0,-0.0382880404885019
20260209,BC2606,90600.0,4.0,49.0,-0.2105960264900663
20260209,BC2607,89010.0,0.0,2.0,0.1914391641388615
20260209,BC2608,90430.0,0.0,0.0,0.0066349662722542
20260209,BC2609,90480.0,0.0,0.0,0.0
20260209,BC2610,90480.0,0.0,2.0,0.0119363395225464
20260209,BC2611,90570.0,0.0,0.0,0.0
20260209,BC2612,90570.0,0.0,1.0,0.0015035859035099
20260209,BC2701,91580.0,0.0,0.0,0.0
20260210,BC2602,89100.0,0.0,1180.0,0.1481481481481488
20260210,BC2603,90200.0,3022.0,4873.0,0.033259423503325
20260210,BC2604,90450.0,317.0,3626.0,0.0663349917081257
20260210,BC2605,90950.0,3.0,626.0,-0.0092358438702588
20260210,BC2606,90880.0,4.0,51.0,-0.2455985915492955
20260210,BC2607,89020.0,0.0,2.0,0.1900696472702767
20260210,BC2608,90430.0,0.0,0.0,0.0066349662722542
20260210,BC2609,90480.0,0.0,0.0,0.0
20260210,BC2610,90480.0,0.0,2.0,0.0119363395225464
20260210,BC2611,90570.0,0.0,0.0,0.0
20260210,BC2612,90570.0,0.0,1.0,0.0015035859035099
20260210,BC2701,91580.0,0.0,0.0,0.0
20260211,BC2602,89100.0,0.0,1180.0,0.227609427609428
20260211,BC2603,90790.0,3413.0,4485.0,0.0145390461504559
20260211,BC2604,90900.0,292.0,3700.0,0.0475247524752475
20260211,BC2605,91260.0,31.0,623.0,-0.0170940170940174
20260211,BC2606,91130.0,7.0,52.0,-0.2475584330077911
20260211,BC2607,89250.0,0.0,2.0,0.1586554621848739
20260211,BC2608,90430.0,0.0,0.0,0.0066349662722542
20260211,BC2609,90480.0,0.0,0.0,0.0
20260211,BC2610,90480.0,0.0,2.0,0.0119363395225464
20260211,BC2611,90570.0,0.0,0.0,0.0158993044054316
20260211,BC2612,90690.0,0.0,1.0,0.0013231888852133
20260211,BC2701,91580.0,0.0,0.0,0.0
20260212,BC2602,89100.0,0.0,1180.0,0.234343434343434
20260212,BC2603,90840.0,6479.0,3481.0,0.0422721268163801
20260212,BC2604,91160.0,952.0,3445.0,0.0210618692408948
20260212,BC2605,91320.0,4.0,621.0,0.0341655716162936
20260212,BC2606,91580.0,4.0,52.0,-0.1035160515396373
20260212,BC2607,90790.0,1.0,2.0,-0.0475823328560416
20260212,BC2608,90430.0,0.0,0.0,0.0066349662722542
20260212,BC2609,90480.0,0.0,0.0,0.0
20260212,BC2610,90480.0,0.0,2.0,0.0119363395225464
20260212,BC2611,90570.0,0.0,0.0,0.0503477972838686
20260212,BC2612,90950.0,0.0,1.0,0.000933961739689
20260212,BC2701,91580.0,0.0,0.0,0.0
20260213,BC2602,89100.0,0.0,1180.0,-0.0363636363636366
20260213,BC2603,88830.0,4606.0,3276.0,0.0648429584599794
20260213,BC2604,89310.0,1003.0,3668.0,0.0120927107826682
20260213,BC2605,89400.0,11.0,620.0,-0.026845637583893
20260213,BC2606,89200.0,15.0,53.0,0.1345291479820618
20260213,BC2607,90200.0,0.0,2.0,0.0305986696230586
20260213,BC2608,90430.0,0.0,0.0,0.0066349662722542
20260213,BC2609,90480.0,0.0,0.0,0.0
20260213,BC2610,90480.0,0.0,2.0,0.0119363395225464
20260213,BC2611,90570.0,0.0,0.0,0.0503477972838686
20260213,BC2612,90950.0,0.0,1.0,0.000933961739689
20260213,BC2701,91580.0,0.0,0.0,0.0
20260224,BC2602,89100.0,0.0,1180.0,0.127946127946128
20260224,BC2603,90050.0,3212.0,2606.0,0.0439755691282615
20260224,BC2604,90380.0,1608.0,4083.0,0.0345209117061289
20260224,BC2605,90640.0,8.0,622.0,0.0556045895851724
20260224,BC2606,91060.0,1.0,54.0,-0.1133318690972986
20260224,BC2607,90200.0,0.0,2.0,0.0305986696230586
20260224,BC2608,90430.0,0.0,0.0,0.0066349662722542
20260224,BC2609,90480.0,0.0,0.0,0.0
20260224,BC2610,90480.0,0.0,2.0,0.0119363395225464
20260224,BC2611,90570.0,0.0,0.0,0.0503477972838686
20260224,BC2612,90950.0,0.0,1.0,0.000933961739689
20260224,BC2701,91580.0,0.0,0.0,0.0
20260225,BC2603,91050.0,3676.0,2063.0,0.0316309719934091
20260225,BC2604,91290.0,3115.0,4831.0,0.0236608609924404
20260225,BC2605,91470.0,108.0,668.0,-0.0537881272548377
20260225,BC2606,91060.0,0.0,54.0,-0.1133318690972986
20260225,BC2607,90200.0,0.0,2.0,0.0305986696230586
20260225,BC2608,90430.0,0.0,0.0,0.0066349662722542
20260225,BC2609,90480.0,0.0,0.0,0.0
20260225,BC2610,90480.0,0.0,2.0,0.0119363395225464
20260225,BC2611,90570.0,0.0,0.0,0.0861212321960911
20260225,BC2612,91220.0,0.0,1.0,0.0005321127586351
20260225,BC2701,91580.0,0.0,0.0,0.0
20260225,BC2702,91580.0,0.0,0.0,0.0
20260226,BC2603,90850.0,4036.0,789.0,0.0383048981838189
20260226,BC2604,91140.0,3032.0,5134.0,0.0171165240289665
20260226,BC2605,91270.0,939.0,1295.0,-0.0368138490193925
20260226,BC2606,90990.0,1.0,54.0,0.0619848334981867
20260226,BC2607,91460.0,20.0,5.0,-0.1351410452656893
20260226,BC2608,90430.0,0.0,0.0,0.0066349662722542
20260226,BC2609,90480.0,0.0,0.0,0.0
20260226,BC2610,90480.0,0.0,2.0,0.0119363395225464
20260226,BC2611,90570.0,0.0,0.0,0.0861212321960911
20260226,BC2612,91220.0,0.0,1.0,0.0005321127586351
20260226,BC2701,91580.0,0.0,0.0,0.0
20260226,BC2702,91580.0,0.0,0.0,0.0
20260227,BC2603,93600.0,1080.0,697.0,-0.1692307692307686
20260227,BC2604,92280.0,6984.0,5564.0,0.0091027308192463
20260227,BC2605,92350.0,783.0,1734.0,-0.1767190037899295
20260227,BC2606,90990.0,0.0,54.0,0.0356083086053411
20260227,BC2607,91260.0,0.0,5.0,-0.0762656147271525
20260227,BC2608,90680.0,0.0,0.0,-0.0079400088222323
20260227,BC2609,90620.0,0.0,0.0,0.0
20260227,BC2610,90620.0,0.0,2.0,0.0066210549547562
20260227,BC2611,90670.0,0.0,0.0,0.1548472482629304
20260227,BC2612,91840.0,0.0,1.0,-0.0003817092745566
20260227,BC2701,91580.0,0.0,0.0,0.0
20260227,BC2702,91580.0,0.0,0.0,0.0
20260302,BC2603,91900.0,42.0,690.0,0.0430903155603923
20260302,BC2604,92230.0,10172.0,5531.0,0.0260219017673195
20260302,BC2605,92430.0,1443.0,2290.0,-0.1415124959428761
20260302,BC2606,91340.0,0.0,54.0,0.1169257718414726
20260302,BC2607,92230.0,2.0,6.0,-0.147023744985363
20260302,BC2608,91100.0,0.0,0.0,-0.0632272228320522
20260302,BC2609,90620.0,0.0,0.0,0.0251600088280739
20260302,BC2610,90810.0,0.0,2.0,-0.0185001651800456
20260302,BC2611,90670.0,0.0,0.0,0.1654350942980027
20260302,BC2612,91920.0,0.0,1.0,-0.0004987238536685
20260302,BC2701,91580.0,0.0,0.0,0.0
20260302,BC2702,91580.0,0.0,0.0,0.0
20260303,BC2603,91490.0,0.0,690.0,-0.1219805443217834
20260303,BC2604,90560.0,9121.0,5808.0,0.0331272084805656
20260303,BC2605,90810.0,1043.0,2681.0,0.015857284440039
20260303,BC2606,90930.0,0.0,54.0,0.0752226987792799
20260303,BC2607,91500.0,3.0,6.0,-0.0524590163934424
20260303,BC2608,91100.0,0.0,0.0,-0.0632272228320522
20260303,BC2609,90620.0,0.0,0.0,0.0251600088280739
20260303,BC2610,90810.0,0.0,2.0,-0.0185001651800456
20260303,BC2611,90670.0,0.0,0.0,0.1654350942980027
20260303,BC2612,91920.0,0.0,1.0,-0.0004987238536685
20260303,BC2701,91580.0,0.0,0.0,0.0
20260303,BC2702,91580.0,0.0,0.0,0.0
20260304,BC2603,90500.0,0.0,690.0,-0.037127071823205
20260304,BC2604,90220.0,8845.0,5896.0,0.0106406561737983
20260304,BC2605,90300.0,599.0,2876.0,0.0252491694352166
20260304,BC2606,90490.0,4.0,56.0,0.0278483810365779
20260304,BC2607,90700.0,7.0,10.0,0.052921719955898
20260304,BC2608,91100.0,0.0,0.0,-0.0632272228320522
20260304,BC2609,90620.0,0.0,0.0,0.0251600088280739
20260304,BC2610,90810.0,0.0,2.0,-0.0185001651800456
20260304,BC2611,90670.0,0.0,0.0,0.1654350942980027
20260304,BC2612,91920.0,0.0,1.0,-0.0004987238536685
20260304,BC2701,91580.0,0.0,0.0,0.0
20260304,BC2702,91580.0,0.0,0.0,0.0
20260305,BC2603,90500.0,0.0,690.0,-0.1100552486187851
20260305,BC2604,89670.0,6338.0,6128.0,0.0294412847106055
20260305,BC2605,89890.0,450.0,3024.0,0.0493937034152862
20260305,BC2606,90260.0,0.0,56.0,-0.1209838245069803
20260305,BC2607,89350.0,17.0,10.0,0.2175713486289883
20260305,BC2608,90970.0,0.0,0.0,-0.0461690667252945
20260305,BC2609,90620.0,0.0,0.0,0.0251600088280739
20260305,BC2610,90810.0,0.0,2.0,-0.0185001651800456
20260305,BC2611,90670.0,0.0,0.0,0.1654350942980027
20260305,BC2612,91920.0,0.0,1.0,-0.0009094376155132
20260305,BC2701,91300.0,0.0,0.0,0.0
20260305,BC2702,91300.0,0.0,0.0,0.0
20260306,BC2603,90500.0,0.0,690.0,-0.1286187845303863
20260306,BC2604,89530.0,4556.0,6039.0,0.0254663241371595
20260306,BC2605,89720.0,815.0,3418.0,0.0080249665626404
20260306,BC2606,89780.0,2.0,58.0,-0.0481176208509683
20260306,BC2607,89420.0,5.0,9.0,0.2080071572355173
20260306,BC2608,90970.0,0.0,0.0,-0.0461690667252945
20260306,BC2609,90620.0,0.0,0.0,0.0251600088280739
20260306,BC2610,90810.0,0.0,2.0,-0.0185001651800456
20260306,BC2611,90670.0,0.0,0.0,0.1323480754384043
20260306,BC2612,91670.0,0.0,1.0,-0.0005442090154842
20260306,BC2701,91300.0,0.0,0.0,0.0
20260306,BC2702,91300.0,0.0,0.0,0.0
20260309,BC2603,90500.0,0.0,690.0,-0.2320441988950277
20260309,BC2604,88750.0,9076.0,6001.0,0.0189295774647879
20260309,BC2605,88890.0,949.0,3572.0,-0.006749915626055
20260309,BC2606,88840.0,23.0,71.0,-0.0243133723547948
20260309,BC2607,88660.0,41.0,21.0,0.1840739905256034
20260309,BC2608,90020.0,0.0,0.0,-0.2186180848700294
20260309,BC2609,88380.0,6.0,0.0,0.2498302783435155
20260309,BC2610,90220.0,0.0,2.0,0.0266016404344933
20260309,BC2611,90420.0,0.0,0.0,0.0119442601194421
20260309,BC2612,90510.0,0.0,1.0,0.0001340717209222
20260309,BC2701,90600.0,0.0,0.0,0.0
20260309,BC2702,90600.0,0.0,0.0,0.0
20260310,BC2603,90500.0,0.0,690.0,-0.05171270718232
20260310,BC2604,90110.0,4634.0,5829.0,0.0026634113860843
20260310,BC2605,90130.0,446.0,3653.0,0.0146455120381672
20260310,BC2606,90240.0,9.0,68.0,0.0359042553191484
20260310,BC2607,90510.0,21.0,24.0,-0.0649651972157769
20260310,BC2608,90020.0,0.0,0.0,-0.1812930459897797
20260310,BC2609,88660.0,0.0,0.0,0.2111436950146625
20260310,BC2610,90220.0,0.0,2.0,0.0266016404344933
20260310,BC2611,90420.0,0.0,0.0,0.0119442601194421
20260310,BC2612,90510.0,0.0,1.0,0.0001340717209222
20260310,BC2701,90600.0,0.0,0.0,0.0
20260310,BC2702,90600.0,0.0,0.0,0.0
20260311,BC2603,90500.0,0.0,690.0,-0.11403314917127
20260311,BC2604,89640.0,2609.0,5550.0,0.0254350736278459
20260311,BC2605,89830.0,383.0,3687.0,-0.013358566180563
20260311,BC2606,89730.0,0.0,68.0,-0.0187228351721837
20260311,BC2607,89590.0,6.0,26.0,0.0575957138073448
20260311,BC2608,90020.0,0.0,0.0,-0.1812930459897797
20260311,BC2609,88660.0,0.0,0.0,0.2111436950146625
20260311,BC2610,90220.0,0.0,2.0,0.0266016404344933
20260311,BC2611,90420.0,0.0,0.0,0.0119442601194421
20260311,BC2612,90510.0,0.0,1.0,0.0001340717209222
20260311,BC2701,90600.0,0.0,0.0,0.0
20260311,BC2702,90600.0,0.0,0.0,0.0
20260312,BC2603,90500.0,0.0,690.0,-0.1458563535911601
20260312,BC2604,89400.0,3831.0,5673.0,0.0308724832214775
20260312,BC2605,89630.0,251.0,3734.0,0.0133883744282039
20260312,BC2606,89730.0,0.0,68.0,-0.0829154129053821
20260312,BC2607,89110.0,5.0,26.0,0.1225451688923788
20260312,BC2608,90020.0,0.0,0.0,-0.1812930459897797
20260312,BC2609,88660.0,0.0,0.0,0.2111436950146625
20260312,BC2610,90220.0,0.0,2.0,0.0266016404344933
20260312,BC2611,90420.0,0.0,0.0,0.0119442601194421
20260312,BC2612,90510.0,0.0,1.0,0.0001340717209222
20260312,BC2701,90600.0,0.0,0.0,-0.0172185430463578
20260312,BC2702,90470.0,0.0,0.0,0.0
20260313,BC2603,90500.0,0.0,690.0,-0.2333701657458564
20260313,BC2604,88740.0,3285.0,5792.0,0.0283975659229209
20260313,BC2605,88950.0,401.0,3825.0,0.0256323777403046
20260313,BC2606,89140.0,3.0,70.0,0.0498092887592562
20260313,BC2607,89510.0,2.0,25.0,0.0388783376159098
20260313,BC2608,89800.0,0.0,0.0,-0.1523385300668156
20260313,BC2609,88660.0,0.0,0.0,0.2111436950146625
20260313,BC2610,90220.0,0.0,2.0,0.0266016404344933
20260313,BC2611,90420.0,0.0,0.0,0.0119442601194421
20260313,BC2612,90510.0,0.0,1.0,0.0001340717209222
20260313,BC2701,90600.0,0.0,0.0,-0.0172185430463578
20260313,BC2702,90470.0,0.0,0.0,0.0
20260316,BC2603,90500.0,0.0,690.0,-0.3235359116022103
20260316,BC2604,88060.0,5375.0,5712.0,0.0313422666363853
20260316,BC2605,88290.0,1207.0,3990.0,-0.0489296636085621
20260316,BC2606,87930.0,11.0,76.0,0.218355510064824
20260316,BC2607,89530.0,1.0,25.0,-0.0268066569864844
20260316,BC2608,89330.0,0.0,0.0,-0.090003358334266
20260316,BC2609,88660.0,0.0,0.0,0.2003158132190394
20260316,BC2610,90140.0,0.0,2.0,0.0279565120923006
20260316,BC2611,90350.0,0.0,0.0,-0.0252351964582184
20260316,BC2612,90160.0,0.0,1.0,0.0005981874918995
20260316,BC2701,90560.0,0.0,0.0,-0.0119257950530036
20260316,BC2702,90470.0,0.0,0.0,0.0
20260317,BC2604,87780.0,3458.0,5599.0,0.0314422419685582
20260317,BC2605,88010.0,618.0,4026.0,0.1049880695375531
20260317,BC2606,88780.0,5.0,77.0,0.0256814597882399
20260317,BC2607,88970.0,1.0,25.0,0.0485556929302015
20260317,BC2608,89330.0,0.0,0.0,-0.090003358334266
20260317,BC2609,88660.0,0.0,0.0,0.1705391382810726
20260317,BC2610,89920.0,0.0,2.0,0.0253558718861208
20260317,BC2611,90110.0,0.0,0.0,0.0066585284652083
20260317,BC2612,90160.0,0.0,1.0,-0.0014506046678563
20260317,BC2701,89190.0,0.0,0.0,0.0
20260317,BC2702,89190.0,0.0,0.0,0.0134544231416064
20260317,BC2703,89290.0,0.0,0.0,0.0
20260318,BC2604,87050.0,5024.0,5432.0,0.0192992533026998
20260318,BC2605,87190.0,1425.0,4338.0,-0.0261497878197034
20260318,BC2606,87000.0,213.0,242.0,0.019310344827585
20260318,BC2607,87140.0,7.0,30.0,0.2341060362634852
20260318,BC2608,88840.0,0.0,0.0,-0.0243133723547948
20260318,BC2609,88660.0,0.0,0.0,0.0487254680803079
20260318,BC2610,89020.0,0.0,2.0,-0.048528420579645
20260318,BC2611,88660.0,0.0,0.0,0.0825625986916298
20260318,BC2612,89270.0,0.0,1.0,-0.0003171794190833
20260318,BC2701,89060.0,0.0,0.0,0.0
20260318,BC2702,89060.0,0.0,0.0,0.0309903435885914
20260318,BC2703,89290.0,0.0,0.0,0.0
20260319,BC2604,83380.0,7286.0,5565.0,0.0215879107699699
20260319,BC2605,83530.0,732.0,4412.0,0.050281336046928
20260319,BC2606,83880.0,71.0,279.0,-0.0586552217453499
20260319,BC2607,83470.0,27.0,48.0,0.1912064214687916
20260319,BC2608,84800.0,0.0,0.0,0.0594339622641504
20260319,BC2609,85220.0,0.0,0.0,-0.0549166862238905
20260319,BC2610,84830.0,0.0,2.0,0.0735588824708237
20260319,BC2611,85350.0,0.0,0.0,-0.1982425307557114
20260319,BC2612,83940.0,1.0,1.0,0.002505802700163
20260319,BC2701,85500.0,0.0,0.0,0.0
20260319,BC2702,85500.0,0.0,0.0,0.0350877192982466
20260319,BC2703,85750.0,0.0,0.0,0.0
20260320,BC2604,83810.0,8470.0,5292.0,0.0186135306049397
20260320,BC2605,83940.0,1037.0,4460.0,0.051465332380272
20260320,BC2606,84300.0,59.0,256.0,-0.1366548042704627
20260320,BC2607,83340.0,13.0,39.0,0.2102231821454294
20260320,BC2608,84800.0,0.0,0.0,0.0594339622641504
20260320,BC2609,85220.0,0.0,0.0,-0.0549166862238905
20260320,BC2610,84830.0,0.0,2.0,0.0735588824708237
20260320,BC2611,85350.0,0.0,0.0,-0.1982425307557114
20260320,BC2612,83940.0,0.0,1.0,0.002505802700163
20260320,BC2701,85500.0,0.0,0.0,0.0
20260320,BC2702,85500.0,0.0,0.0,0.0350877192982466
20260320,BC2703,85750.0,0.0,0.0,0.0
20260323,BC2604,81380.0,6767.0,5529.0,0.0176947652985983
20260323,BC2605,81500.0,898.0,4655.0,0.0603680981595093
20260323,BC2606,81910.0,17.0,251.0,0.0732511292882431
20260323,BC2607,82410.0,13.0,39.0,0.0902803057881334
20260323,BC2608,83030.0,0.0,0.0,0.0115620859930141
20260323,BC2609,83110.0,0.0,0.0,0.0
20260323,BC2610,83110.0,0.0,2.0,0.0274335218385273
20260323,BC2611,83300.0,0.0,0.0,0.0144057623049222
20260323,BC2612,83400.0,0.0,1.0,0.0001293347344596
20260323,BC2701,83480.0,0.0,0.0,0.0
20260323,BC2702,83480.0,0.0,0.0,0.0718735026353609
20260323,BC2703,83980.0,0.0,0.0,0.0
20260324,BC2604,83170.0,6412.0,4945.0,0.0158711073704473
20260324,BC2605,83280.0,938.0,4739.0,-0.1181556195965414
20260324,BC2606,82460.0,147.0,359.0,0.0276497695852526
20260324,BC2607,82650.0,17.0,39.0,0.0551724137931044
20260324,BC2608,83030.0,0.0,0.0,0.0115620859930141
20260324,BC2609,83110.0,0.0,0.0,0.0
20260324,BC2610,83110.0,0.0,2.0,0.0274335218385273
20260324,BC2611,83300.0,0.0,0.0,0.0144057623049222
20260324,BC2612,83400.0,0.0,1.0,0.0001293347344596
20260324,BC2701,83480.0,0.0,0.0,0.0
20260324,BC2702,83480.0,0.0,0.0,0.0718735026353609
20260324,BC2703,83980.0,0.0,0.0,0.0
20260325,BC2604,84610.0,3695.0,4302.0,0.0255288972934639
20260325,BC2605,84790.0,1386.0,5015.0,0.0
20260325,BC2606,84790.0,55.0,361.0,-0.0268899634390846
20260325,BC2607,84600.0,13.0,41.0,-0.1943262411347524
20260325,BC2608,83230.0,0.0,0.0,-0.012976090352037
20260325,BC2609,83140.0,0.0,0.0,0.0447438056290598
20260325,BC2610,83450.0,0.0,2.0,-0.0215698022768129
20260325,BC2611,83300.0,0.0,0.0,0.0144057623049222
20260325,BC2612,83400.0,0.0,1.0,0.0001293347344596
20260325,BC2701,83480.0,0.0,0.0,0.0
20260325,BC2702,83480.0,0.0,0.0,0.0718735026353609
20260325,BC2703,83980.0,0.0,0.0,0.0
20260326,BC2604,84250.0,4070.0,2336.0,0.0398813056379818
20260326,BC2605,84530.0,1947.0,5275.0,-0.0397492014669342
20260326,BC2606,84250.0,339.0,570.0,-0.0128189910979235
20260326,BC2607,84160.0,0.0,41.0,-0.1326045627376424
20260326,BC2608,83230.0,0.0,0.0,0.4022588009131329
20260326,BC2609,86020.0,1.0,1.0,-0.2985352243664261
20260326,BC2610,83880.0,0.0,2.0,-0.0829756795422032
20260326,BC2611,83300.0,0.0,0.0,0.0518607442977181
20260326,BC2612,83660.0,0.0,1.0,-0.000290098767886
20260326,BC2701,83480.0,0.0,0.0,0.0
20260326,BC2702,83480.0,0.0,0.0,0.0718735026353609
20260326,BC2703,83980.0,0.0,0.0,0.0
20260327,BC2604,84840.0,1952.0,1868.0,0.0240452616690234
20260327,BC2605,85010.0,2827.0,5703.0,-0.0282319727090931
20260327,BC2606,84810.0,548.0,895.0,-0.0919702865228151
20260327,BC2607,84160.0,0.0,41.0,-0.0898288973384029
20260327,BC2608,83530.0,0.0,0.0,0.3577157907338684
20260327,BC2609,86020.0,0.0,1.0,-0.2413392234364102
20260327,BC2610,84290.0,0.0,2.0,-0.0754537904852297
20260327,BC2611,83760.0,0.0,0.0,0.0014326647564475
20260327,BC2612,83770.0,0.0,1.0,-0.0001609543520044
20260327,BC2701,83670.0,0.0,0.0,0.0
20260327,BC2702,83670.0,0.0,0.0,0.044460380064538
20260327,BC2703,83980.0,0.0,0.0,0.0
20260330,BC2604,84670.0,987.0,1642.0,0.0170072044407687
20260330,BC2605,84790.0,4404.0,6122.0,-0.0070763061681806
20260330,BC2606,84740.0,871.0,1441.0,0.0099126740618356
20260330,BC2607,84810.0,8.0,44.0,-0.0311284046692605
20260330,BC2608,84590.0,1.0,1.0,0.2028608582574778
20260330,BC2609,86020.0,0.0,1.0,-0.2413392234364102
20260330,BC2610,84290.0,0.0,2.0,-0.0754537904852297
20260330,BC2611,83760.0,0.0,0.0,0.0014326647564475
20260330,BC2612,83770.0,0.0,1.0,-0.0001609543520044
20260330,BC2701,83670.0,0.0,0.0,0.0
20260330,BC2702,83670.0,0.0,0.0,0.044460380064538
20260330,BC2703,83980.0,0.0,0.0,0.0
20260331,BC2604,84430.0,447.0,1425.0,-0.0028425914959138
20260331,BC2605,84410.0,3298.0,6279.0,0.0028432650159935
20260331,BC2606,84430.0,1080.0,1987.0,0.0255833234632243
20260331,BC2607,84610.0,1.0,44.0,-0.0028365441437188
20260331,BC2608,84590.0,0.0,1.0,0.1986050360562714
20260331,BC2609,85990.0,0.0,1.0,-0.2372368880102335
20260331,BC2610,84290.0,0.0,2.0,-0.0754537904852297
20260331,BC2611,83760.0,0.0,0.0,0.0014326647564475
20260331,BC2612,83770.0,0.0,1.0,-0.0001609543520044
20260331,BC2701,83670.0,0.0,0.0,0.0
20260331,BC2702,83670.0,0.0,0.0,0.044460380064538
20260331,BC2703,83980.0,0.0,0.0,0.0
20260401,BC2604,85660.0,120.0,1400.0,0.0504319402288109
20260401,BC2605,86020.0,4289.0,6205.0,-0.0027900488258549
20260401,BC2606,86000.0,1152.0,2419.0,0.0125581395348843
20260401,BC2607,86090.0,1.0,44.0,-0.2021140666744103
20260401,BC2608,84640.0,0.0,1.0,0.1913988657844987
20260401,BC2609,85990.0,0.0,1.0,-0.0781486219327827
20260401,BC2610,85430.0,0.0,2.0,-0.1348472433571341
20260401,BC2611,84470.0,0.0,0.0,0.0497217947200185
20260401,BC2612,84820.0,0.0,1.0,-0.0006994322411769
20260401,BC2701,84380.0,0.0,0.0,-0.0014221379473804
20260401,BC2702,84370.0,0.0,0.0,-0.0554699537750384
20260401,BC2703,83980.0,0.0,0.0,0.0
20260402,BC2604,84730.0,40.0,1375.0,0.0127463708249724
20260402,BC2605,84820.0,4508.0,6442.0,0.0198066493751483
20260402,BC2606,84960.0,876.0,2620.0,0.1087570621468936
20260402,BC2607,85730.0,14.0,41.0,-0.1525720284614484
20260402,BC2608,84640.0,0.0,1.0,0.1913988657844987
20260402,BC2609,85990.0,0.0,1.0,-0.0781486219327827
20260402,BC2610,85430.0,0.0,2.0,-0.1348472433571341
20260402,BC2611,84470.0,0.0,0.0,0.0497217947200185
20260402,BC2612,84820.0,0.0,1.0,-0.0006994322411769
20260402,BC2701,84380.0,0.0,0.0,-0.0014221379473804
20260402,BC2702,84370.0,0.0,0.0,-0.0554699537750384
20260402,BC2703,83980.0,0.0,0.0,0.0
20260403,BC2604,84900.0,50.0,1355.0,0.0395759717314474
20260403,BC2605,85180.0,3654.0,6404.0,0.0197229396571962
20260403,BC2606,85320.0,765.0,2665.0,-0.0042194092827005
20260403,BC2607,85290.0,14.0,49.0,-0.0914526908195574
20260403,BC2608,84640.0,0.0,1.0,0.1913988657844987
20260403,BC2609,85990.0,0.0,1.0,-0.0781486219327827
20260403,BC2610,85430.0,0.0,2.0,-0.1348472433571341
20260403,BC2611,84470.0,0.0,0.0,0.0497217947200185
20260403,BC2612,84820.0,0.0,1.0,-0.0006994322411769
20260403,BC2701,84380.0,0.0,0.0,-0.0014221379473804
20260403,BC2702,84370.0,0.0,0.0,-0.0554699537750384
20260403,BC2703,83980.0,0.0,0.0,0.0
20260407,BC2604,84950.0,0.0,1355.0,0.0889935256032954
20260407,BC2605,85580.0,2046.0,6450.0,-0.0084131806496841
20260407,BC2606,85520.0,527.0,2801.0,0.0014031805425638
20260407,BC2607,85530.0,3.0,50.0,-0.1248684672044895
20260407,BC2608,84640.0,0.0,1.0,0.1913988657844987
20260407,BC2609,85990.0,0.0,1.0,-0.0781486219327827
20260407,BC2610,85430.0,0.0,2.0,-0.1348472433571341
20260407,BC2611,84470.0,0.0,0.0,0.0497217947200185
20260407,BC2612,84820.0,0.0,1.0,-0.0006994322411769
20260407,BC2701,84380.0,0.0,0.0,-0.0014221379473804
20260407,BC2702,84370.0,0.0,0.0,-0.0554699537750384
20260407,BC2703,83980.0,0.0,0.0,0.0
20260408,BC2604,84950.0,0.0,1355.0,0.2966450853443199
20260408,BC2605,87050.0,4577.0,6306.0,0.0
20260408,BC2606,87050.0,418.0,2852.0,-0.0620333141872486
20260408,BC2607,86600.0,4.0,51.0,-0.1247113163972288
20260408,BC2608,85700.0,0.0,1.0,0.0406067677946335
20260408,BC2609,85990.0,0.0,1.0,0.0655890219793002
20260408,BC2610,86460.0,0.0,2.0,-0.1221374045801524
20260408,BC2611,85580.0,0.0,0.0,0.0014021967749471
20260408,BC2612,85590.0,0.0,1.0,-0.0001260254335078
20260408,BC2701,85510.0,0.0,0.0,0.0
20260408,BC2702,85510.0,0.0,0.0,-0.0070167231902704
20260408,BC2703,85460.0,0.0,0.0,0.0
20260409,BC2604,84950.0,0.0,1355.0,0.2429664508534443
20260409,BC2605,86670.0,2981.0,6377.0,0.001384562132225
20260409,BC2606,86680.0,364.0,2938.0,-0.03322565759114
20260409,BC2607,86440.0,5.0,54.0,-0.102730217491902
20260409,BC2608,85700.0,0.0,1.0,0.0406067677946335
20260409,BC2609,85990.0,0.0,1.0,0.0655890219793002
20260409,BC2610,86460.0,0.0,2.0,-0.1221374045801524
20260409,BC2611,85580.0,0.0,0.0,0.0364571161486333
20260409,BC2612,85840.0,0.0,1.0,-0.0005183408902897
20260409,BC2701,85510.0,0.0,0.0,0.0
20260409,BC2702,85510.0,0.0,0.0,-0.0070167231902704
20260409,BC2703,85460.0,0.0,0.0,0.0
20260410,BC2604,84950.0,0.0,1355.0,0.3333725721012364
20260410,BC2605,87310.0,2894.0,6548.0,-0.0109953040888788
20260410,BC2606,87230.0,348.0,2988.0,0.0261377966295999
20260410,BC2607,87420.0,3.0,54.0,-0.1908030199039125
20260410,BC2608,86030.0,0.0,1.0,0.0013948622573511
20260410,BC2609,86040.0,0.0,1.0,0.0781032078103214
20260410,BC2610,86600.0,0.0,2.0,-0.1039260969976907
20260410,BC2611,85850.0,0.0,0.0,0.0782760629004082
20260410,BC2612,86410.0,0.0,1.0,-0.0010142396648327
20260410,BC2701,85760.0,0.0,0.0,0.0
20260410,BC2702,85760.0,0.0,0.0,-0.0125932835820901
20260410,BC2703,85670.0,0.0,0.0,0.0
20260413,BC2604,84950.0,0.0,1355.0,0.5028840494408477
20260413,BC2605,88510.0,3879.0,6515.0,0.0040673370240655
20260413,BC2606,88540.0,549.0,2988.0,-0.0826744974023045
20260413,BC2607,87930.0,3.0,54.0,0.0163766632548618
20260413,BC2608,88050.0,1.0,1.0,-0.1076660988074955
20260413,BC2609,87260.0,0.0,1.0,-0.0646344258537698
20260413,BC2610,86790.0,0.0,2.0,0.0027652955409598
20260413,BC2611,86810.0,0.0,0.0,0.0870867411588527
20260413,BC2612,87440.0,0.0,1.0,-0.0008943532386895
20260413,BC2701,86860.0,0.0,0.0,-0.0276306700437483
20260413,BC2702,86660.0,0.0,0.0,-0.0096930533117935
20260413,BC2703,86590.0,0.0,0.0,0.0
20260414,BC2604,84950.0,0.0,1355.0,0.6949970570924071
20260414,BC2605,89870.0,5015.0,6466.0,0.0040057861355302
20260414,BC2606,89900.0,941.0,3022.0,-0.2295884315906562
20260414,BC2607,88180.0,0.0,54.0,0.2000453617600355
20260414,BC2608,89650.0,1.0,1.0,0.0348020078081425
20260414,BC2609,89910.0,1.0,1.0,-0.0800800800800796
20260414,BC2610,89310.0,0.0,2.0,-0.1558616056432655
20260414,BC2611,88150.0,0.0,0.0,0.1034600113442998
20260414,BC2612,88910.0,0.0,1.0,-0.0010767105733736
20260414,BC2701,88200.0,0.0,0.0,-0.0163265306122446
20260414,BC2702,88080.0,0.0,0.0,-0.0081743869209813
20260414,BC2703,88020.0,0.0,0.0,0.0
20260415,BC2604,84950.0,0.0,1355.0,0.8193054738081225
20260415,BC2605,90750.0,6238.0,6656.0,0.0171900826446291
20260415,BC2606,90880.0,1349.0,3210.0,-0.0198063380281694
20260415,BC2607,90730.0,5.0,56.0,-0.1428413975531803
20260415,BC2608,89650.0,0.0,1.0,0.0348020078081425
20260415,BC2609,89910.0,0.0,1.0,-0.0800800800800796
20260415,BC2610,89310.0,0.0,2.0,-0.0268726906281497
20260415,BC2611,89110.0,0.0,0.0,0.0013466502076093
20260415,BC2612,89120.0,0.0,1.0,-0.000136162830573
20260415,BC2701,89030.0,0.0,0.0,-0.0013478602718182
20260415,BC2702,89020.0,0.0,0.0,-0.0121321051449112
20260415,BC2703,88930.0,0.0,0.0,0.0
20260416,BC2605,91460.0,3856.0,6834.0,-0.0196807347474305
20260416,BC2606,91310.0,834.0,3296.0,-0.0105136348702217
20260416,BC2607,91230.0,11.0,57.0,0.0
20260416,BC2608,91230.0,1.0,2.0,-0.1736270963498847
20260416,BC2609,89910.0,0.0,1.0,0.0493827160493838
20260416,BC2610,90280.0,0.0,2.0,-0.0677891005759852
20260416,BC2611,89770.0,1.0,1.0,-0.0334187367717504
20260416,BC2612,89520.0,0.0,1.0,-0.0001355544175678
20260416,BC2701,89430.0,0.0,0.0,0.0026836632002673
20260416,BC2702,89450.0,0.0,0.0,-0.0120737842370042
20260416,BC2703,89360.0,0.0,0.0,-0.0577439570277533
20260416,BC2704,88930.0,0.0,0.0,0.0
20260417,BC2605,91010.0,4240.0,6792.0,-0.0197780463685304
20260417,BC2606,90860.0,1047.0,3410.0,-0.0237728373321597
20260417,BC2607,90680.0,13.0,65.0,0.0727834142037942
20260417,BC2608,91230.0,0.0,2.0,-0.1736270963498847
20260417,BC2609,89910.0,0.0,1.0,0.0493827160493838
20260417,BC2610,90280.0,0.0,2.0,-0.0677891005759852
20260417,BC2611,89770.0,0.0,1.0,0.0093572462960898
20260417,BC2612,89840.0,0.0,1.0,-0.0006153261228451
20260417,BC2701,89430.0,0.0,0.0,0.0026836632002673
20260417,BC2702,89450.0,0.0,0.0,-0.0120737842370042
20260417,BC2703,89360.0,0.0,0.0,-0.0335720680393918
20260417,BC2704,89110.0,0.0,0.0,0.0
20260420,BC2605,91220.0,6586.0,6534.0,-0.0092085069063796
20260420,BC2606,91150.0,1467.0,3738.0,-0.0289632473944045
20260420,BC2607,90930.0,16.0,66.0,0.0052787858792466
20260420,BC2608,90970.0,1.0,2.0,-0.0857425524898323
20260420,BC2609,90320.0,2.0,1.0,-0.0013286093888398
20260420,BC2610,90310.0,0.0,2.0,-0.0717528512900012
20260420,BC2611,89770.0,0.0,1.0,0.0133674947087012
20260420,BC2612,89870.0,0.0,1.0,-0.0006301236617686
20260420,BC2701,89450.0,0.0,0.0,0.0
20260420,BC2702,89450.0,0.0,0.0,-0.0120737842370042
20260420,BC2703,89360.0,0.0,0.0,-0.0308863025962393
20260420,BC2704,89130.0,0.0,0.0,0.0
20260421,BC2605,90770.0,3211.0,6349.0,-0.014542249641952
20260421,BC2606,90660.0,1000.0,3926.0,-0.0158835208471206
20260421,BC2607,90540.0,4.0,66.0,0.0225314777998661
20260421,BC2608,90710.0,1.0,2.0,0.0436556057766504
20260421,BC2609,91040.0,0.0,1.0,-0.0962214411247797
20260421,BC2610,90310.0,0.0,2.0,-0.0717528512900012
20260421,BC2611,89770.0,0.0,1.0,0.0133674947087012
20260421,BC2612,89870.0,0.0,1.0,-0.0006301236617686
20260421,BC2701,89450.0,0.0,0.0,0.0
20260421,BC2702,89450.0,0.0,0.0,-0.0120737842370042
20260421,BC2703,89360.0,0.0,0.0,-0.0308863025962393
20260421,BC2704,89130.0,0.0,0.0,0.0
20260422,BC2605,91160.0,3139.0,6248.0,0.005265467310223
20260422,BC2606,91200.0,1582.0,4341.0,-0.0249999999999999
20260422,BC2607,91010.0,12.0,71.0,0.0632897483793
20260422,BC2608,91490.0,3.0,4.0,-0.0590228440266691
20260422,BC2609,91040.0,0.0,1.0,-0.0724956063268886
20260422,BC2610,90490.0,0.0,2.0,-0.0954801635539843
20260422,BC2611,89770.0,0.0,1.0,0.01737774312131
20260422,BC2612,89900.0,0.0,1.0,-0.0006299133869093
20260422,BC2701,89480.0,0.0,0.0,-0.00402324541797
20260422,BC2702,89450.0,0.0,0.0,-0.0120737842370042
20260422,BC2703,89360.0,0.0,0.0,-0.0268576544315126
20260422,BC2704,89160.0,0.0,0.0,0.0
20260423,BC2605,91120.0,5958.0,5690.0,0.0223880597014929
20260423,BC2606,91290.0,2893.0,4936.0,-0.0184028918830096
20260423,BC2607,91150.0,13.0,71.0,0.0092155787164012
20260423,BC2608,91220.0,5.0,4.0,-0.0236790177592638
20260423,BC2609,91040.0,0.0,1.0,-0.0724956063268886
20260423,BC2610,90490.0,0.0,2.0,-0.0954801635539843
20260423,BC2611,89770.0,0.0,1.0,0.01737774312131
20260423,BC2612,89900.0,0.0,1.0,-0.0006299133869093
20260423,BC2701,89480.0,0.0,0.0,-0.00402324541797
20260423,BC2702,89450.0,0.0,0.0,-0.0120737842370042
20260423,BC2703,89360.0,0.0,0.0,-0.0268576544315126
20260423,BC2704,89160.0,0.0,0.0,0.0
20260424,BC2605,90860.0,5290.0,4313.0,0.0224521241470387
20260424,BC2606,91030.0,2360.0,5483.0,-0.0290014281006265
20260424,BC2607,90810.0,28.0,86.0,-0.0356788899900886
20260424,BC2608,90540.0,38.0,26.0,-0.0145791915175612
20260424,BC2609,90430.0,1.0,2.0,0.007961959526705
20260424,BC2610,90490.0,0.0,2.0,-0.0954801635539843
20260424,BC2611,89770.0,0.0,1.0,0.01737774312131
20260424,BC2612,89900.0,0.0,1.0,-0.0006299133869093
20260424,BC2701,89480.0,0.0,0.0,-0.00402324541797
20260424,BC2702,89450.0,0.0,0.0,-0.0120737842370042
20260424,BC2703,89360.0,0.0,0.0,-0.0268576544315126
20260424,BC2704,89160.0,0.0,0.0,0.0
20260427,BC2605,91080.0,5060.0,2400.0,0.0250329380764169
20260427,BC2606,91270.0,4480.0,6735.0,-0.0197217048318183
20260427,BC2607,91120.0,802.0,600.0,-0.0026338893766459
20260427,BC2608,91100.0,23.0,19.0,0.0092206366630067
20260427,BC2609,91170.0,1.0,1.0,-0.089503126028299
20260427,BC2610,90490.0,0.0,2.0,-0.0901757100232067
20260427,BC2611,89810.0,0.0,1.0,0.0120253869279585
20260427,BC2612,89900.0,0.0,1.0,-0.0002849608178875
20260427,BC2701,89710.0,0.0,0.0,0.3464496711626355
20260427,BC2702,92300.0,8.0,0.0,-0.3445287107258941
20260427,BC2703,89650.0,2.0,0.0,-0.0655883993307302
20260427,BC2704,89160.0,0.0,0.0,0.0
20260428,BC2605,90420.0,4294.0,1669.0,0.0318513603185133
20260428,BC2606,90660.0,7301.0,8391.0,0.0079417604235603
20260428,BC2607,90720.0,1463.0,1440.0,-0.0357142857142855
20260428,BC2608,90450.0,50.0,40.0,-0.0199004975124377
20260428,BC2609,90300.0,102.0,25.0,0.0252491694352166
20260428,BC2610,90490.0,0.0,2.0,-0.0901757100232067
20260428,BC2611,89810.0,0.0,1.0,0.0120253869279585
20260428,BC2612,89900.0,0.0,1.0,-0.0002849608178875
20260428,BC2701,89710.0,0.0,0.0,0.2006465277003677
20260428,BC2702,91210.0,0.0,0.0,0.0657822607170262
20260428,BC2703,91710.0,1.0,1.0,-0.3336604514229639
20260428,BC2704,89160.0,0.0,0.0,0.0
20260429,BC2605,89910.0,1662.0,1356.0,0.0160160160160156
20260429,BC2606,90030.0,7094.0,8923.0,0.0079973342219261
20260429,BC2607,90090.0,1610.0,2274.0,-0.0013320013320008
20260429,BC2608,90080.0,12.0,38.0,-0.0093250444049735
20260429,BC2609,90010.0,20.0,32.0,0.063992889678925
20260429,BC2610,90490.0,0.0,2.0,-0.0901757100232067
20260429,BC2611,89810.0,0.0,1.0,0.0120253869279585
20260429,BC2612,89900.0,0.0,1.0,-0.0002849608178875
20260429,BC2701,89710.0,0.0,0.0,0.1725560138223167
20260429,BC2702,91000.0,0.0,0.0,0.0936263736263738
20260429,BC2703,91710.0,0.0,1.0,-0.3336604514229639
20260429,BC2704,89160.0,0.0,0.0,0.0
20260430,BC2605,90040.0,335.0,1200.0,-0.0772989782318966
20260430,BC2606,89460.0,5934.0,9089.0,0.0160965794768621
20260430,BC2607,89580.0,1195.0,2784.0,-0.0361687876758201
20260430,BC2608,89310.0,8.0,34.0,-0.0107490762512596
20260430,BC2609,89230.0,11.0,35.0,0.1694497366356593
20260430,BC2610,90490.0,0.0,2.0,-0.0901757100232067
20260430,BC2611,89810.0,0.0,1.0,0.0120253869279585
20260430,BC2612,89900.0,0.0,1.0,-0.0002849608178875
20260430,BC2701,89710.0,0.0,0.0,0.1565042916062857
20260430,BC2702,90880.0,0.0,0.0,0.040933098591549
20260430,BC2703,91190.0,0.0,1.0,-0.2671345542274372
20260430,BC2704,89160.0,0.0,0.0,0.0
20260506,BC2605,89910.0,0.0,1200.0,0.1414748081414751
20260506,BC2606,90970.0,4335.0,9358.0,0.0065955809607567
20260506,BC2607,91020.0,1031.0,3026.0,-0.0052735662491758
20260506,BC2608,90980.0,13.0,37.0,-0.0039569136073858
20260506,BC2609,90950.0,8.0,38.0,-0.0369433754810328
20260506,BC2610,90670.0,0.0,2.0,-0.1138193448770263
20260506,BC2611,89810.0,0.0,1.0,0.0120253869279585
20260506,BC2612,89900.0,0.0,1.0,-0.0002849608178875
20260506,BC2701,89710.0,0.0,0.0,0.1565042916062857
20260506,BC2702,90880.0,0.0,0.0,0.040933098591549
20260506,BC2703,91190.0,0.0,1.0,-0.2671345542274372
20260506,BC2704,89160.0,0.0,0.0,0.0
20260507,BC2605,89910.0,0.0,1200.0,0.2055388722055378
20260507,BC2606,91450.0,4909.0,9522.0,-0.0026243849097871
20260507,BC2607,91430.0,1166.0,3319.0,-0.0249371103576501
20260507,BC2608,91240.0,14.0,39.0,-0.0026304252520827
20260507,BC2609,91220.0,20.0,37.0,-0.0723525542644156
20260507,BC2610,90670.0,0.0,2.0,-0.1138193448770263
20260507,BC2611,89810.0,0.0,1.0,0.0120253869279585
20260507,BC2612,89900.0,0.0,1.0,-0.0002849608178875
20260507,BC2701,89710.0,0.0,0.0,0.1565042916062857
20260507,BC2702,90880.0,0.0,0.0,0.040933098591549
20260507,BC2703,91190.0,0.0,1.0,-0.2671345542274372
20260507,BC2704,89160.0,0.0,0.0,0.0
20260508,BC2605,91020.0,0.0,1200.0,0.2412656558998023
20260508,BC2606,92850.0,9115.0,9836.0,0.0
20260508,BC2607,92850.0,1589.0,3625.0,-0.0413570274636514
20260508,BC2608,92530.0,15.0,41.0,0.0077812601318498
20260508,BC2609,92590.0,12.0,39.0,-0.063505778161788
20260508,BC2610,92100.0,0.0,2.0,0.0143322475570037
20260508,BC2611,92210.0,0.0,1.0,-0.1561652749159532
20260508,BC2612,91010.0,0.0,1.0,5.926006402554933e-05
20260508,BC2701,91050.0,0.0,0.0,0.0
20260508,BC2702,91050.0,0.0,0.0,0.0975288303130135
20260508,BC2703,91790.0,0.0,1.0,-0.1882558012855435
20260508,BC2704,90350.0,0.0,0.0,0.0
20260511,BC2605,91020.0,0.0,1200.0,0.2373104812129201
20260511,BC2606,92820.0,8379.0,9532.0,0.011635423400129241
20260511,BC2607,92910.0,1270.0,3727.0,-0.02453987730061291
20260511,BC2608,92720.0,8.0,43.0,0.00517687661777444
20260511,BC2609,92760.0,12.0,39.0,-0.08538163001293642
20260511,BC2610,92100.0,0.0,2.0,0.014332247557003797
20260511,BC2611,92210.0,0.0,1.0,-0.15616527491595322
20260511,BC2612,91010.0,0.0,1.0,5.926006402554933e-05
20260511,BC2701,91050.0,0.0,0.0,0.0
20260511,BC2702,91050.0,0.0,0.0,0.17001647446457913
20260511,BC2703,92340.0,1.0,0.0,-0.25860948667966266
20260511,BC2704,90350.0,0.0,0.0,0.0
