date,symbol,close,volume,open_interest,roll_yield
20250526,LC2506,60260.0,1520.0,6312.0,-0.0319043059319194
20250526,LC2507,60100.0,261982.0,326472.0,0.2019516398052366
20250526,LC2508,61120.0,19966.0,72805.0,0.0352883770068071
20250526,LC2509,61300.0,47243.0,104452.0,0.0312805651220743
20250526,LC2510,61460.0,756.0,19222.0,0.0273037660456272
20250526,LC2511,61600.0,6842.0,32338.0,0.193240890798944
20250526,LC2512,62600.0,2485.0,14723.0,0.0038332535064825
20250526,LC2601,62620.0,838.0,5020.0,0.057352347501808
20250526,LC2602,62920.0,36.0,478.0,-0.0267303213152343
20250526,LC2603,62780.0,250.0,1839.0,0.1557230271872265
20250526,LC2604,63600.0,218.0,1075.0,-0.0151038408863541
20250526,LC2605,63520.0,154.0,359.0,0.0
20250527,LC2506,60900.0,2305.0,6156.0,0.0039402397333169
20250527,LC2507,60920.0,392469.0,293695.0,0.0628685131502639
20250527,LC2508,61240.0,36247.0,64394.0,0.0039183673817539
20250527,LC2509,61260.0,94000.0,123395.0,0.0117474311878103
20250527,LC2510,61320.0,4419.0,19531.0,0.0039132561899041
20250527,LC2511,61340.0,14023.0,34756.0,0.1670740927083407
20250527,LC2512,62200.0,3897.0,16203.0,0.0385233075629782
20250527,LC2601,62400.0,1975.0,5717.0,0.0192153764036859
20250527,LC2602,62500.0,156.0,505.0,0.0115144739363987
20250527,LC2603,62560.0,320.0,1906.0,0.1335254596853668
20250527,LC2604,63260.0,106.0,1079.0,0.0378788193305615
20250527,LC2605,63460.0,216.0,435.0,0.0
20250528,LC2506,60480.0,1316.0,5620.0,-0.0198576911110181
20250528,LC2507,60380.0,388140.0,283607.0,0.0515618046650809
20250528,LC2508,60640.0,25296.0,61585.0,0.0079129577545844
20250528,LC2509,60680.0,95929.0,134145.0,0.0276543332266439
20250528,LC2510,60820.0,4178.0,19690.0,-0.0157946715793902
20250528,LC2511,60740.0,19452.0,37229.0,0.1257790748878492
20250528,LC2512,61380.0,2901.0,17041.0,0.019534433745659
20250528,LC2601,61480.0,2212.0,6159.0,0.0039030737049261
20250528,LC2602,61500.0,367.0,589.0,0.0117016098984754
20250528,LC2603,61560.0,592.0,1982.0,0.1510915844221496
20250528,LC2604,62340.0,331.0,1242.0,-0.0154093119087473
20250528,LC2605,62260.0,549.0,638.0,0.0
20250529,LC2506,58920.0,2655.0,5197.0,-0.0122261854692331
20250529,LC2507,58860.0,386145.0,287506.0,0.0650628500008417
20250529,LC2508,59180.0,20973.0,58738.0,-0.0162326707201328
20250529,LC2509,59100.0,105761.0,149266.0,0.036492678909347
20250529,LC2510,59280.0,4379.0,20854.0,0.0161834144555215
20250529,LC2511,59360.0,14963.0,40227.0,0.1686210414678034
20250529,LC2512,60200.0,6595.0,18494.0,0.0318513790184726
20250529,LC2601,60360.0,6541.0,8242.0,0.0357320363270944
20250529,LC2602,60540.0,1199.0,1394.0,0.0079260240662248
20250529,LC2603,60580.0,1372.0,2653.0,0.1535202175189145
20250529,LC2604,61360.0,188.0,1289.0,0.0078201371291515
20250529,LC2605,61400.0,338.0,737.0,0.0
20250530,LC2506,59840.0,1097.0,4668.0,-0.0080240725156283
20250530,LC2507,59800.0,429284.0,261009.0,0.0120340976156015
20250530,LC2508,59860.0,26510.0,56504.0,-0.0040100250999726
20250530,LC2509,59840.0,119089.0,155785.0,0.0240400748181012
20250530,LC2510,59960.0,3072.0,20510.0,-0.0080080083051955
20250530,LC2511,59920.0,13314.0,40965.0,0.1155963099339809
20250530,LC2512,60500.0,3678.0,19185.0,0.0198183364616752
20250530,LC2601,60600.0,2310.0,8736.0,0.0592593796869909
20250530,LC2602,60900.0,405.0,1555.0,0.0118168399504747
20250530,LC2603,60960.0,448.0,2719.0,0.1564559320575576
20250530,LC2604,61760.0,244.0,1318.0,-0.0350251586419971
20250530,LC2605,61580.0,484.0,747.0,0.0
20250603,LC2506,59900.0,450.0,2351.0,0.0080106812053623
20250603,LC2507,59940.0,305161.0,259658.0,-0.0080106812053616
20250603,LC2508,59900.0,19221.0,54558.0,-0.01603742303522
20250603,LC2509,59820.0,97816.0,171446.0,0.0200434320859452
20250603,LC2510,59920.0,3692.0,20583.0,0.0160106761576399
20250603,LC2511,60000.0,11120.0,41858.0,0.1391896301202232
20250603,LC2512,60700.0,6536.0,19418.0,0.0394737198047844
20250603,LC2601,60900.0,3281.0,9556.0,0.0236220548720658
20250603,LC2602,61020.0,169.0,1542.0,-0.0078688527409785
20250603,LC2603,60980.0,275.0,2721.0,0.1135964089268359
20250603,LC2604,61560.0,100.0,1359.0,0.0
20250603,LC2605,61560.0,278.0,825.0,0.0
20250604,LC2506,61220.0,385.0,1417.0,-0.0274734380020165
20250604,LC2507,61080.0,413239.0,245650.0,0.0117820333470823
20250604,LC2508,61140.0,28520.0,57063.0,0.0156914046549368
20250604,LC2509,61220.0,153267.0,173452.0,-0.0432008321274626
20250604,LC2510,61000.0,3454.0,20564.0,0.0471204793940615
20250604,LC2511,61240.0,18127.0,44391.0,0.1169980018762033
20250604,LC2512,61840.0,7835.0,19702.0,0.0193892431906828
20250604,LC2601,61940.0,3752.0,9703.0,0.038684753038136
20250604,LC2602,62140.0,303.0,1602.0,-0.0077269803056187
20250604,LC2603,62100.0,590.0,2783.0,0.111557142580645
20250604,LC2604,62680.0,379.0,1420.0,0.0
20250604,LC2605,62680.0,564.0,993.0,0.0
20250605,LC2506,60140.0,210.0,835.0,-0.0079840322306538
20250605,LC2507,60100.0,244592.0,231588.0,0.0756346839613889
20250605,LC2508,60480.0,15603.0,57231.0,0.0118988606675403
20250605,LC2509,60540.0,94322.0,182257.0,0.0198052528865235
20250605,LC2510,60640.0,1278.0,20734.0,0.0118674807760353
20250605,LC2511,60700.0,10980.0,47391.0,0.1141179284025984
20250605,LC2512,61280.0,3785.0,20935.0,0.0351963752400338
20250605,LC2601,61460.0,3462.0,10455.0,0.0234070295281897
20250605,LC2602,61580.0,82.0,1571.0,0.0272506199832684
20250605,LC2603,61720.0,394.0,2876.0,0.1122407795813697
20250605,LC2604,62300.0,152.0,1463.0,0.0077021825494027
20250605,LC2605,62340.0,214.0,1083.0,0.0
20250606,LC2506,60820.0,77.0,385.0,-0.0752105381361569
20250606,LC2507,60440.0,256782.0,218416.0,0.0831000847714332
20250606,LC2508,60860.0,19587.0,55797.0,0.0118246026976332
20250606,LC2509,60920.0,111643.0,183860.0,0.015748033756201
20250606,LC2510,61000.0,1874.0,20634.0,-0.0078714335390446
20250606,LC2511,60960.0,12638.0,47020.0,0.105831161208976
20250606,LC2512,61500.0,3446.0,21538.0,0.0311789717463862
20250606,LC2601,61660.0,2099.0,10557.0,0.0388601375870306
20250606,LC2602,61860.0,198.0,1576.0,0.0271274134580154
20250606,LC2603,62000.0,371.0,3018.0,0.1117362383477334
20250606,LC2604,62580.0,216.0,1495.0,-0.0115107922495227
20250606,LC2605,62520.0,411.0,1230.0,0.0
20250609,LC2506,60540.0,196.0,269.0,0.0316727336625587
20250609,LC2507,60700.0,165113.0,212689.0,0.0552269219358738
20250609,LC2508,60980.0,11195.0,54530.0,-0.0039363621806149
20250609,LC2509,60960.0,65331.0,188030.0,0.0353808610115712
20250609,LC2510,61140.0,1423.0,20766.0,-0.0117820333470817
20250609,LC2511,61080.0,7457.0,47049.0,0.0939339434429603
20250609,LC2512,61560.0,1639.0,21761.0,0.0350365212400181
20250609,LC2601,61740.0,1560.0,10723.0,0.0271800795702247
20250609,LC2602,61880.0,225.0,1583.0,0.0232483120827141
20250609,LC2603,62000.0,407.0,3085.0,0.096386060367171
20250609,LC2604,62500.0,529.0,1399.0,0.0
20250609,LC2605,62500.0,369.0,1236.0,0.0
20250610,LC2506,61000.0,39.0,75.0,-0.0473062373488701
20250610,LC2507,60760.0,204780.0,194731.0,0.035497149959891
20250610,LC2508,60940.0,17870.0,55601.0,0.0078740160305484
20250610,LC2509,60980.0,112617.0,194764.0,0.015732548959478
20250610,LC2510,61060.0,1392.0,20776.0,0.0039299165243974
20250610,LC2511,61080.0,12296.0,48196.0,0.0783292598395601
20250610,LC2512,61480.0,2913.0,22364.0,0.0233994224289472
20250610,LC2601,61600.0,2964.0,11348.0,0.0544218619846963
20250610,LC2602,61880.0,274.0,1639.0,0.01550387812563
20250610,LC2603,61960.0,457.0,3237.0,0.0579617935775315
20250610,LC2604,62260.0,450.0,1594.0,0.0269533243430376
20250610,LC2605,62400.0,561.0,1454.0,0.0
20250611,LC2506,61700.0,162.0,135.0,-0.0038904198752164
20250611,LC2507,61680.0,236197.0,178235.0,0.0194394988243391
20250611,LC2508,61780.0,24234.0,54474.0,-0.0077720209970691
20250611,LC2509,61740.0,168732.0,216554.0,0.0116561446755825
20250611,LC2510,61800.0,2046.0,20351.0,0.0077644777862584
20250611,LC2511,61840.0,14907.0,49125.0,0.0271361769652282
20250611,LC2512,61980.0,3929.0,23353.0,0.0232108389579716
20250611,LC2601,62100.0,4518.0,11987.0,0.0308781128883495
20250611,LC2602,62260.0,252.0,1627.0,0.0269533243430376
20250611,LC2603,62400.0,626.0,3504.0,0.0384000327680501
20250611,LC2604,62600.0,524.0,1838.0,0.0153256725812081
20250611,LC2605,62680.0,645.0,1797.0,0.0
20250612,LC2506,60420.0,0.0,60.0,0.0039715373521538
20250612,LC2507,60440.0,169708.0,162882.0,0.0158730181873957
20250612,LC2508,60520.0,18331.0,54258.0,-0.0079338845865309
20250612,LC2509,60480.0,154540.0,238580.0,0.0118988606675403
20250612,LC2510,60540.0,3976.0,22722.0,0.0198052528865235
20250612,LC2511,60640.0,13644.0,53599.0,0.0434568376165063
20250612,LC2512,60860.0,4498.0,24479.0,0.0236375650954032
20250612,LC2601,60980.0,5448.0,12584.0,0.0353692740090342
20250612,LC2602,61160.0,323.0,1628.0,0.0235217324576925
20250612,LC2603,61280.0,626.0,3778.0,0.0897419237001281
20250612,LC2604,61740.0,693.0,2135.0,-0.0077770579520526
20250612,LC2605,61700.0,656.0,2143.0,0.0
20250613,LC2506,59980.0,4.0,62.0,-0.0080053371881499
20250613,LC2507,59940.0,169471.0,147432.0,-0.0040046721546372
20250613,LC2508,59920.0,19876.0,53240.0,-0.0240561390285361
20250613,LC2509,59800.0,177158.0,266931.0,0.0080240725156279
20250613,LC2510,59840.0,2076.0,23197.0,0.0200367386675445
20250613,LC2511,59940.0,18321.0,57583.0,0.0718565021354723
20250613,LC2512,60300.0,4683.0,25531.0,0.0238568667046333
20250613,LC2601,60420.0,6316.0,13859.0,0.0238095316205602
20250613,LC2602,60540.0,484.0,1782.0,0.011887073780353
20250613,LC2603,60600.0,570.0,3843.0,0.1064570806490362
20250613,LC2604,61140.0,681.0,2241.0,-0.0117820333470817
20250613,LC2605,61080.0,641.0,2257.0,0.0
20250616,LC2506,60000.0,18.0,0.0,0.0479042552344494
20250616,LC2507,60240.0,84735.0,126023.0,-0.0479042552344494
20250616,LC2508,60000.0,20750.0,50318.0,-0.044080864395707
20250616,LC2509,59780.0,218180.0,300422.0,0.0
20250616,LC2510,59780.0,4045.0,23333.0,0.0
20250616,LC2511,59780.0,21790.0,63356.0,0.0480801978771511
20250616,LC2512,60020.0,4315.0,25851.0,0.0159840183472903
20250616,LC2601,60100.0,5578.0,14848.0,0.0239361781491094
20250616,LC2602,60220.0,971.0,2185.0,0.011950208456483
20250616,LC2603,60280.0,1804.0,4502.0,0.0872731119489585
20250616,LC2604,60720.0,369.0,2309.0,-0.0079077432845162
20250616,LC2605,60680.0,576.0,2452.0,0.0
20250617,LC2507,60220.0,48813.0,109826.0,-0.0319255259808425
20250617,LC2508,60060.0,10390.0,50910.0,-0.0400267215675761
20250617,LC2509,59860.0,181606.0,307335.0,-0.0080213906730105
20250617,LC2510,59820.0,2025.0,23429.0,-0.0120421485268816
20250617,LC2511,59760.0,17850.0,67483.0,0.0600902607674689
20250617,LC2512,60060.0,3796.0,25843.0,-0.0079946705155576
20250617,LC2601,60020.0,4953.0,16042.0,0.0159840183472903
20250617,LC2602,60100.0,342.0,2185.0,0.0119740572050693
20250617,LC2603,60160.0,564.0,4647.0,0.0755594874238573
20250617,LC2604,60540.0,251.0,2448.0,0.0277182106411079
20250617,LC2605,60680.0,475.0,2654.0,0.0118596616472551
20250617,LC2606,60740.0,31.0,27.0,0.0
20250618,LC2507,60480.0,35622.0,99266.0,-0.0676506517307347
20250618,LC2508,60140.0,8925.0,50625.0,-0.0519914161074653
20250618,LC2509,59880.0,181046.0,306885.0,-0.004008685522497
20250618,LC2510,59860.0,4454.0,23456.0,-0.0040100250999726
20250618,LC2511,59840.0,19291.0,69847.0,0.0759622726483915
20250618,LC2512,60220.0,2512.0,25752.0,-0.0199434980257684
20250618,LC2601,60120.0,4745.0,16776.0,0.0079813770817279
20250618,LC2602,60160.0,472.0,2045.0,0.0199302487268492
20250618,LC2603,60260.0,465.0,4690.0,0.0357912444286026
20250618,LC2604,60440.0,399.0,2663.0,0.0198379942684059
20250618,LC2605,60540.0,641.0,2913.0,-0.0277823838336396
20250618,LC2606,60400.0,38.0,56.0,0.0
20250619,LC2507,60420.0,34003.0,89039.0,-0.0318197070764489
20250619,LC2508,60260.0,11438.0,51172.0,-0.0398936537636519
20250619,LC2509,60060.0,167377.0,307261.0,-0.003996669479076
20250619,LC2510,60040.0,2990.0,23472.0,-0.0200033385209284
20250619,LC2511,59940.0,16145.0,71013.0,0.0758359417342014
20250619,LC2512,60320.0,3687.0,25323.0,0.0
20250619,LC2601,60320.0,4501.0,17560.0,0.0
20250619,LC2602,60320.0,591.0,1813.0,-0.00397943959873
20250619,LC2603,60300.0,749.0,4775.0,0.0595534721055491
20250619,LC2604,60600.0,1313.0,3271.0,0.0118753102219953
20250619,LC2605,60660.0,875.0,3325.0,-0.007915567569335
20250619,LC2606,60620.0,76.0,124.0,0.0
20250620,LC2507,59820.0,45876.0,80403.0,-0.0926334521121237
20250620,LC2508,59360.0,21046.0,49414.0,-0.0933540984190079
20250620,LC2509,58900.0,330320.0,354347.0,-0.0081521742265714
20250620,LC2510,58860.0,3896.0,24238.0,-0.0122386548089462
20250620,LC2511,58800.0,28178.0,76082.0,0.0813562438245452
20250620,LC2512,59200.0,5035.0,25671.0,0.0040533694018222
20250620,LC2601,59220.0,8671.0,20577.0,0.0161997999628138
20250620,LC2602,59300.0,747.0,1808.0,0.0
20250620,LC2603,59300.0,2969.0,6756.0,0.0887100814114071
20250620,LC2604,59740.0,1720.0,3943.0,0.0160588849660595
20250620,LC2605,59820.0,1322.0,3748.0,-0.0040127069425915
20250620,LC2606,59800.0,177.0,290.0,0.0
20250623,LC2507,59720.0,26690.0,74077.0,-0.072556485742376
20250623,LC2508,59360.0,10994.0,47769.0,-0.0486158666301442
20250623,LC2509,59120.0,259487.0,356954.0,-0.0284504790337943
20250623,LC2510,58980.0,5774.0,24279.0,-0.0366785817905878
20250623,LC2511,58800.0,32456.0,84529.0,0.0651290608243801
20250623,LC2512,59120.0,6777.0,26889.0,0.0040588534126168
20250623,LC2601,59140.0,9665.0,23299.0,-0.0243737389144541
20250623,LC2602,59020.0,2041.0,2635.0,0.0
20250623,LC2603,59020.0,1610.0,7298.0,0.0689307521319787
20250623,LC2604,59360.0,914.0,4288.0,0.0201986245299205
20250623,LC2605,59460.0,973.0,4124.0,0.0080699397795881
20250623,LC2606,59500.0,269.0,476.0,0.0
20250624,LC2507,61020.0,55221.0,60078.0,-0.0236220548720663
20250624,LC2508,60900.0,32717.0,47829.0,-0.039473719804785
20250624,LC2509,60700.0,681747.0,343564.0,-0.0237467095963358
20250624,LC2510,60580.0,8942.0,21744.0,-0.0158572867475456
20250624,LC2511,60500.0,54128.0,86019.0,0.0633038065490733
20250624,LC2512,60820.0,7266.0,27417.0,0.0275907495500661
20250624,LC2601,60960.0,15367.0,25205.0,-0.0157583738995256
20250624,LC2602,60880.0,976.0,2615.0,-0.0078869539480592
20250624,LC2603,60840.0,1257.0,7159.0,0.0668744559799842
20250624,LC2604,61180.0,982.0,4529.0,0.0195982405149405
20250624,LC2605,61280.0,2038.0,4877.0,-0.0078354557142346
20250624,LC2606,61240.0,305.0,500.0,0.0
20250625,LC2507,61180.0,28735.0,47834.0,-0.0196303004679088
20250625,LC2508,61080.0,13478.0,48698.0,-0.0393572015640149
20250625,LC2509,60880.0,366743.0,350406.0,-0.0157790949757083
20250625,LC2510,60800.0,3644.0,21819.0,-0.0118479522542229
20250625,LC2511,60740.0,28021.0,87313.0,0.0669842487939468
20250625,LC2512,61080.0,3115.0,28031.0,0.0078559740940003
20250625,LC2601,61120.0,5713.0,26063.0,-0.0078559740940006
20250625,LC2602,61080.0,240.0,2622.0,0.0078559740940003
20250625,LC2603,61120.0,488.0,7292.0,0.0938727081745089
20250625,LC2604,61600.0,752.0,4738.0,0.0116826230223636
20250625,LC2605,61660.0,908.0,5158.0,-0.0077871514737896
20250625,LC2606,61620.0,160.0,580.0,0.0
20250626,LC2507,61580.0,31290.0,36281.0,0.0155793595398008
20250626,LC2508,61660.0,22783.0,50839.0,-0.0311789717463858
20250626,LC2509,61500.0,386982.0,345216.0,-0.0234375074505848
20250626,LC2510,61380.0,3023.0,20981.0,-0.0195662851110514
20250626,LC2511,61280.0,31748.0,89388.0,0.0586034047682222
20250626,LC2512,61580.0,4401.0,29283.0,0.0233614609798526
20250626,LC2601,61700.0,6705.0,26477.0,-0.0194647244624166
20250626,LC2602,61600.0,511.0,2542.0,0.0155743045872001
20250626,LC2603,61680.0,1129.0,7559.0,0.093023721651815
20250626,LC2604,62160.0,1264.0,5263.0,0.0231436908768682
20250626,LC2605,62280.0,1390.0,5457.0,0.003852945931319
20250626,LC2606,62300.0,178.0,664.0,0.0
20250627,LC2507,63240.0,29486.0,25365.0,0.0189603452306683
20250627,LC2508,63340.0,40099.0,57617.0,-0.0075805435243592
20250627,LC2509,63300.0,615010.0,341448.0,-0.0189723359678258
20250627,LC2510,63200.0,10318.0,17823.0,-0.0190023792677312
20250627,LC2511,63100.0,65156.0,93610.0,0.0720495133324897
20250627,LC2512,63480.0,8428.0,30799.0,0.0151133521236821
20250627,LC2601,63560.0,15554.0,25647.0,-0.0037765539257411
20250627,LC2602,63540.0,473.0,2516.0,-0.0189006181773301
20250627,LC2603,63440.0,1774.0,7839.0,0.1241974392003806
20250627,LC2604,64100.0,1571.0,5512.0,-0.0037447339982462
20250627,LC2605,64080.0,3191.0,6061.0,-0.0112412186206407
20250627,LC2606,64020.0,495.0,785.0,0.0
20250630,LC2507,62420.0,18099.0,16019.0,0.0038443056551743
20250630,LC2508,62440.0,22490.0,53008.0,-0.0346431676052309
20250630,LC2509,62260.0,389727.0,330824.0,-0.0308781128883478
20250630,LC2510,62100.0,6443.0,18182.0,-0.0038653567736367
20250630,LC2511,62080.0,37282.0,96543.0,0.0578500236563278
20250630,LC2512,62380.0,3449.0,31504.0,0.0345766206887823
20250630,LC2601,62560.0,12274.0,27426.0,0.0038357040441658
20250630,LC2602,62580.0,430.0,2568.0,0.0
20250630,LC2603,62580.0,970.0,8029.0,0.1069049386693131
20250630,LC2604,63140.0,876.0,5597.0,-0.0038016791067214
20250630,LC2605,63120.0,2151.0,6253.0,0.0
20250630,LC2606,63120.0,481.0,1034.0,0.0
20250701,LC2507,62980.0,955.0,10845.0,-0.0267048274254976
20250701,LC2508,62840.0,18013.0,53537.0,-0.0114631436833552
20250701,LC2509,62780.0,398387.0,326676.0,-0.0382897580768564
20250701,LC2510,62580.0,11299.0,19760.0,-0.0191907925116669
20250701,LC2511,62480.0,34706.0,96937.0,0.0498323667732195
20250701,LC2512,62740.0,5341.0,32525.0,0.007648183815306
20250701,LC2601,62780.0,11716.0,28237.0,0.0
20250701,LC2602,62780.0,675.0,2541.0,-0.0229591906771418
20250701,LC2603,62660.0,1406.0,8246.0,0.0877726921628772
20250701,LC2604,63120.0,370.0,5601.0,-0.0152187718559419
20250701,LC2605,63040.0,1550.0,6378.0,-0.0038077106459417
20250701,LC2606,63020.0,439.0,1112.0,0.0
20250702,LC2507,63980.0,165.0,7710.0,0.014995315915681
20250702,LC2508,64060.0,29715.0,56677.0,-0.0187470745831035
20250702,LC2509,63960.0,540435.0,325574.0,-0.0488799046516294
20250702,LC2510,63700.0,9894.0,17699.0,-0.026402650915229
20250702,LC2511,63560.0,46977.0,93528.0,0.0527473376764575
20250702,LC2512,63840.0,5963.0,33620.0,0.0150281797975904
20250702,LC2601,63920.0,14866.0,30344.0,0.0037541060841134
20250702,LC2602,63940.0,431.0,2669.0,0.0
20250702,LC2603,63940.0,984.0,8237.0,0.1009194548001298
20250702,LC2604,64480.0,690.0,5683.0,0.0223117510822009
20250702,LC2605,64600.0,2191.0,6655.0,-0.0074326419223532
20250702,LC2606,64560.0,396.0,1238.0,0.0
20250703,LC2507,64300.0,764.0,5575.0,-0.0261560122237752
20250703,LC2508,64160.0,22733.0,57137.0,-0.014971929577863
20250703,LC2509,64080.0,420967.0,334057.0,-0.0525493489123151
20250703,LC2510,63800.0,5881.0,16513.0,-0.0150564637067565
20250703,LC2511,63720.0,36817.0,98399.0,0.0376057969940578
20250703,LC2512,63920.0,5152.0,34647.0,0.0150093828198321
20250703,LC2601,64000.0,12990.0,31577.0,0.0187353668034289
20250703,LC2602,64100.0,540.0,2542.0,-0.0187353668034295
20250703,LC2603,64000.0,941.0,8506.0,0.0710393101318821
20250703,LC2604,64380.0,995.0,5926.0,0.0037272868757488
20250703,LC2605,64400.0,2163.0,7127.0,-0.0037272868757493
20250703,LC2606,64380.0,338.0,1353.0,0.0
20250704,LC2507,63700.0,487.0,3706.0,-0.0377358801536606
20250704,LC2508,63500.0,22031.0,55199.0,-0.0416469892709706
20250704,LC2509,63280.0,347729.0,325288.0,-0.0189783370255113
20250704,LC2510,63180.0,6368.0,17953.0,-0.0304279085377263
20250704,LC2511,63020.0,35506.0,97049.0,0.0569891842041951
20250704,LC2512,63320.0,6137.0,35900.0,0.0151515171644254
20250704,LC2601,63400.0,9592.0,32073.0,0.0189125334655885
20250704,LC2602,63500.0,175.0,2516.0,-0.0189125334655891
20250704,LC2603,63400.0,668.0,8528.0,0.0679460764653513
20250704,LC2604,63760.0,509.0,5994.0,0.0037635251994227
20250704,LC2605,63780.0,1623.0,7168.0,0.0187999411788006
20250704,LC2606,63880.0,321.0,1464.0,0.0
20250707,LC2507,63600.0,180.0,3383.0,0.0602259733433131
20250707,LC2508,63920.0,33219.0,54805.0,-0.0489105552488693
20250707,LC2509,63660.0,213304.0,322534.0,-0.0264192589807975
20250707,LC2510,63520.0,2891.0,17720.0,-0.0340533099406379
20250707,LC2511,63340.0,20140.0,97999.0,0.0491571508269934
20250707,LC2512,63600.0,4363.0,36344.0,0.0150848542806133
20250707,LC2601,63680.0,7031.0,32314.0,0.0037682525038809
20250707,LC2602,63700.0,110.0,2495.0,0.0188235332715172
20250707,LC2603,63800.0,351.0,8543.0,0.0712613439715998
20250707,LC2604,64180.0,510.0,6207.0,0.018682862251212
20250707,LC2605,64280.0,1637.0,7352.0,-0.003734246179193
20250707,LC2606,64260.0,260.0,1481.0,0.0
20250708,LC2507,65100.0,396.0,2984.0,-0.1595817549122083
20250708,LC2508,64240.0,31582.0,45723.0,-0.0674369555003348
20250708,LC2509,63880.0,545405.0,338034.0,-0.0263281722914566
20250708,LC2510,63740.0,6538.0,18077.0,-0.0377121617738435
20250708,LC2511,63540.0,55172.0,95105.0,0.0377121617738423
20250708,LC2512,63740.0,10739.0,38270.0,0.0188117298283558
20250708,LC2601,63840.0,19565.0,34802.0,-0.0075211534897093
20250708,LC2602,63800.0,284.0,2442.0,0.0075211534897093
20250708,LC2603,63840.0,910.0,8577.0,0.0824230527331029
20250708,LC2604,64280.0,869.0,6258.0,-0.0112062264953269
20250708,LC2605,64220.0,3163.0,7859.0,0.0149393109864698
20250708,LC2606,64300.0,521.0,1583.0,0.0
20250709,LC2507,64700.0,207.0,1808.0,-0.0037100015753858
20250709,LC2508,64680.0,9883.0,43872.0,-0.0520608191831775
20250709,LC2509,64400.0,350125.0,326895.0,-0.044804034624586
20250709,LC2510,64160.0,5236.0,16341.0,-0.014971929577863
20250709,LC2511,64080.0,30581.0,94359.0,0.018711995059285
20250709,LC2512,64180.0,4143.0,38534.0,0.0112132074815449
20250709,LC2601,64240.0,11570.0,35875.0,0.0149346627864564
20250709,LC2602,64320.0,188.0,2438.0,0.0
20250709,LC2603,64320.0,469.0,8615.0,0.0484096855130195
20250709,LC2604,64580.0,876.0,6367.0,0.0334003617516633
20250709,LC2605,64760.0,3222.0,8176.0,0.0037054192049856
20250709,LC2606,64780.0,487.0,1786.0,0.0
20250710,LC2507,64380.0,155.0,1600.0,0.0260667286361527
20250710,LC2508,64520.0,15039.0,38936.0,-0.0634034109035675
20250710,LC2509,64180.0,398022.0,323683.0,-0.0299532136799253
20250710,LC2510,64020.0,5946.0,16325.0,-0.0187587970043734
20250710,LC2511,63920.0,38236.0,99240.0,0.0599252181658436
20250710,LC2512,64240.0,9725.0,41842.0,0.0186654260684874
20250710,LC2601,64340.0,21703.0,40797.0,0.0186364379747189
20250710,LC2602,64440.0,308.0,2452.0,-0.0037249728686506
20250710,LC2603,64420.0,930.0,9002.0,0.1001706234044365
20250710,LC2604,64960.0,1771.0,7041.0,0.018458702301395
20250710,LC2605,65060.0,4293.0,8991.0,0.0221130283705201
20250710,LC2606,65180.0,1190.0,1991.0,0.0
20250711,LC2507,62920.0,96.0,1461.0,0.3013341008031721
20250711,LC2508,64520.0,9126.0,36716.0,-0.0447205486523552
20250711,LC2509,64280.0,402816.0,322860.0,-0.0411407602595974
20250711,LC2510,64060.0,3853.0,16204.0,-0.0262541126759147
20250711,LC2511,63920.0,49743.0,106621.0,0.0449719452028769
20250711,LC2512,64160.0,8743.0,42628.0,0.0149532729629658
20250711,LC2601,64240.0,20244.0,42594.0,-0.0224369027658484
20250711,LC2602,64120.0,400.0,2578.0,0.0
20250711,LC2603,64120.0,1195.0,9559.0,0.0932115918599989
20250711,LC2604,64620.0,1325.0,7583.0,0.0148468933260316
20250711,LC2605,64700.0,3739.0,10034.0,0.0037088549205755
20250711,LC2606,64720.0,785.0,2134.0,0.0
20250714,LC2507,66200.0,137.0,0.0,0.0938915412903444
20250714,LC2508,66720.0,19529.0,34346.0,-0.0432432900395825
20250714,LC2509,66480.0,1014558.0,356161.0,-0.039777044105315
20250714,LC2510,66260.0,14993.0,16350.0,-0.0471798581438908
20250714,LC2511,66000.0,100790.0,107100.0,0.0725077734715519
20250714,LC2512,66400.0,24090.0,41120.0,-0.021706367088312
20250714,LC2601,66280.0,43394.0,46319.0,0.0180913648015969
20250714,LC2602,66380.0,777.0,2523.0,-0.007233273275066
20250714,LC2603,66340.0,2896.0,10176.0,0.0757327832967343
20250714,LC2604,66760.0,1516.0,7752.0,0.0215504397937414
20250714,LC2605,66880.0,6337.0,10858.0,0.0
20250714,LC2606,66880.0,1130.0,2348.0,0.0
20250715,LC2508,66860.0,10649.0,31766.0,-0.0359496973483073
20250715,LC2509,66660.0,764028.0,342146.0,-0.0505111990531804
20250715,LC2510,66380.0,9737.0,15704.0,-0.0507247132102548
20250715,LC2511,66100.0,86637.0,108632.0,0.0615664546494428
20250715,LC2512,66440.0,15053.0,41170.0,-0.014457833074205
20250715,LC2601,66360.0,31226.0,48899.0,-0.003617181640049
20250715,LC2602,66340.0,970.0,2807.0,0.0036171816400474
20250715,LC2603,66360.0,1921.0,10216.0,0.0793033826442765
20250715,LC2604,66800.0,1013.0,7808.0,0.014362658806154
20250715,LC2605,66880.0,3921.0,11114.0,-0.0071791805910388
20250715,LC2606,66840.0,1070.0,2550.0,0.0286909879652777
20250715,LC2607,67000.0,137.0,124.0,0.0
20250716,LC2508,66600.0,8227.0,29340.0,-0.0324763391729149
20250716,LC2509,66420.0,478114.0,340618.0,-0.047065982797976
20250716,LC2510,66160.0,5458.0,15607.0,-0.0581819321594582
20250716,LC2511,65840.0,52548.0,108026.0,0.0436628741268997
20250716,LC2512,66080.0,6357.0,40689.0,-0.0072661219295437
20250716,LC2601,66040.0,16505.0,49615.0,-0.0109074390179022
20250716,LC2602,65980.0,275.0,2877.0,0.0290645010385375
20250716,LC2603,66140.0,1174.0,10471.0,0.0687473612529611
20250716,LC2604,66520.0,662.0,8054.0,0.0144230786593994
20250716,LC2605,66600.0,2127.0,11458.0,0.0144057640349983
20250716,LC2606,66680.0,574.0,2716.0,0.0179829195949812
20250716,LC2607,66780.0,114.0,147.0,0.0
20250717,LC2508,68060.0,14506.0,27890.0,-0.0176444672283413
20250717,LC2509,67960.0,826939.0,363676.0,-0.0672865862110481
20250717,LC2510,67580.0,13158.0,14539.0,-0.0712379652239664
20250717,LC2511,67180.0,93462.0,105305.0,0.0570241643320502
20250717,LC2512,67500.0,25583.0,39155.0,-0.0391749865654987
20250717,LC2601,67280.0,46281.0,50983.0,-0.035724944516214
20250717,LC2602,67080.0,3149.0,2798.0,-0.0107382557501245
20250717,LC2603,67020.0,5616.0,9815.0,0.0963001155652192
20250717,LC2604,67560.0,3875.0,8400.0,0.0212954803004217
20250717,LC2605,67680.0,7112.0,11901.0,-0.0319574090338039
20250717,LC2606,67500.0,1418.0,2607.0,0.0213143928150707
20250717,LC2607,67620.0,353.0,350.0,0.0
20250718,LC2508,69880.0,16628.0,25072.0,0.0137299786145468
20250718,LC2509,69960.0,1206323.0,377305.0,-0.1658057466377034
20250718,LC2510,69000.0,20356.0,15895.0,-0.0662696060034681
20250718,LC2511,68620.0,119615.0,109321.0,-0.0210035059454892
20250718,LC2512,68500.0,35128.0,42411.0,-0.0210403326842923
20250718,LC2601,68380.0,45668.0,52661.0,-0.0351494100167777
20250718,LC2602,68180.0,4023.0,2898.0,0.0035195776759128
20250718,LC2603,68200.0,7987.0,10193.0,0.0491660038088434
20250718,LC2604,68480.0,5471.0,9048.0,0.0175105824154509
20250718,LC2605,68580.0,9061.0,12310.0,-0.0035000729429989
20250718,LC2606,68560.0,1823.0,2964.0,0.0035000729429996
20250718,LC2607,68580.0,685.0,690.0,0.0
20250721,LC2508,71260.0,10299.0,21848.0,0.0033674758183657
20250721,LC2509,71280.0,848150.0,381185.0,-0.1286331075946127
20250721,LC2510,70520.0,14151.0,17051.0,-0.0545765579748488
20250721,LC2511,70200.0,86835.0,114678.0,-0.0102607958368006
20250721,LC2512,70140.0,20679.0,44474.0,-0.0274050932698814
20250721,LC2601,69980.0,39112.0,57241.0,-0.0515538527435352
20250721,LC2602,69680.0,2329.0,3247.0,-0.0137851824464804
20250721,LC2603,69600.0,5995.0,10510.0,0.0961653686826433
20250721,LC2604,70160.0,3212.0,10145.0,-0.0068434561307259
20250721,LC2605,70120.0,7576.0,13409.0,-0.0480137822602439
20250721,LC2606,69840.0,1353.0,3096.0,-0.0034369182534814
20250721,LC2607,69820.0,803.0,884.0,0.0
20250722,LC2508,72800.0,10344.0,16135.0,0.0131795729887511
20250722,LC2509,72880.0,1118226.0,411638.0,-0.1257942553990362
20250722,LC2510,72120.0,18028.0,18154.0,-0.0533630673712562
20250722,LC2511,71800.0,145601.0,119827.0,-0.0033430840166069
20250722,LC2512,71780.0,25123.0,45898.0,-0.0301297410343348
20250722,LC2601,71600.0,63257.0,61799.0,-0.0807177931314094
20250722,LC2602,71120.0,3724.0,4634.0,-0.0439499012198777
20250722,LC2603,70860.0,10150.0,9705.0,0.0574406277672492
20250722,LC2604,71200.0,9490.0,10867.0,-0.0101166227714507
20250722,LC2605,71140.0,11896.0,14166.0,-0.0270194316235053
20250722,LC2606,70980.0,3083.0,3762.0,-0.0169180910582994
20250722,LC2607,70880.0,1930.0,1716.0,0.0
20250723,LC2508,69320.0,7292.0,13674.0,0.0103821203303808
20250723,LC2509,69380.0,1334159.0,362054.0,-0.1007387592276685
20250723,LC2510,68800.0,25291.0,20124.0,-0.0314364901079321
20250723,LC2511,68620.0,241623.0,132094.0,0.0279476108857969
20250723,LC2512,68780.0,43417.0,49044.0,-0.024450597892959
20250723,LC2601,68640.0,91983.0,64479.0,-0.0490511631877997
20250723,LC2602,68360.0,4862.0,5628.0,0.0
20250723,LC2603,68360.0,13426.0,10888.0,0.021046483033157
20250723,LC2604,68480.0,7241.0,11798.0,0.0
20250723,LC2605,68480.0,13012.0,14822.0,-0.0175361714679765
20250723,LC2606,68380.0,3187.0,4115.0,0.0210403326842916
20250723,LC2607,68500.0,2075.0,2592.0,0.0
20250724,LC2508,76500.0,9093.0,14013.0,0.028202128139444
20250724,LC2509,76680.0,1770283.0,436727.0,-0.1924584436953517
20250724,LC2510,75460.0,53563.0,26297.0,-0.073375211998247
20250724,LC2511,75000.0,313782.0,147029.0,-0.0513095383534626
20250724,LC2512,74680.0,51933.0,52609.0,-0.0741439564928443
20250724,LC2601,74220.0,122053.0,72978.0,-0.074604916609358
20250724,LC2602,73760.0,9182.0,8995.0,-0.0816218627720408
20250724,LC2603,73260.0,16057.0,13295.0,0.0130968635101389
20250724,LC2604,73340.0,13273.0,15325.0,-0.0065466450068891
20250724,LC2605,73300.0,27245.0,19491.0,-0.0525021346116513
20250724,LC2606,72980.0,5231.0,5599.0,0.039398120205462
20250724,LC2607,73220.0,2993.0,3784.0,0.0
20250725,LC2508,79400.0,11883.0,16327.0,0.1680867902220094
20250725,LC2509,80520.0,1203424.0,491088.0,-0.0987659896381857
20250725,LC2510,79860.0,47685.0,32226.0,-0.105647770808523
20250725,LC2511,79160.0,269748.0,168008.0,-0.0851930555904488
20250725,LC2512,78600.0,36326.0,53674.0,-0.0919544729468296
20250725,LC2601,78000.0,85409.0,74872.0,-0.1174964295513372
20250725,LC2602,77240.0,4800.0,9291.0,-0.1029781381339827
20250725,LC2603,76580.0,11774.0,15864.0,-0.0282389985200839
20250725,LC2604,76400.0,6028.0,15708.0,-0.0220097009166851
20250725,LC2605,76260.0,20334.0,20959.0,-0.0694373320947464
20250725,LC2606,75820.0,4969.0,6078.0,-0.0221782241347914
20250725,LC2607,75680.0,2646.0,4083.0,0.0
20250728,LC2508,71700.0,8464.0,12828.0,0.2353341544838376
20250728,LC2509,73120.0,1005395.0,378472.0,-0.1885634939401189
20250728,LC2510,71980.0,59262.0,29389.0,-0.093724325814987
20250728,LC2511,71420.0,327845.0,168736.0,-0.0910756304337222
20250728,LC2512,70880.0,48189.0,51302.0,-0.0474979415715493
20250728,LC2601,70600.0,124019.0,81963.0,-0.1230079108000875
20250728,LC2602,69880.0,6292.0,11924.0,-0.0757969789651331
20250728,LC2603,69440.0,11689.0,17323.0,-0.0034567190214541
20250728,LC2604,69420.0,4701.0,15974.0,0.0
20250728,LC2605,69420.0,22843.0,21896.0,-0.0138368421211537
20250728,LC2606,69340.0,2923.0,6224.0,-0.0277216409742564
20250728,LC2607,69180.0,2612.0,4363.0,0.0
20250729,LC2508,70460.0,3110.0,11991.0,0.0645436800184953
20250729,LC2509,70840.0,744160.0,300620.0,-0.0373250689727086
20250729,LC2510,70620.0,46553.0,28757.0,-0.0101997456204542
20250729,LC2511,70560.0,314089.0,163120.0,0.0305732649455853
20250729,LC2512,70740.0,37678.0,50154.0,-0.0203735193251306
20250729,LC2601,70620.0,107158.0,88530.0,-0.0340329212800066
20250729,LC2602,70420.0,7643.0,10181.0,-0.0102287262905885
20250729,LC2603,70360.0,14701.0,15554.0,0.0306600592625826
20250729,LC2604,70540.0,5626.0,17547.0,0.0136015883080121
20250729,LC2605,70620.0,21328.0,24397.0,-0.0442616475705954
20250729,LC2606,70360.0,1403.0,6206.0,-0.010237452632858
20250729,LC2607,70300.0,1298.0,4484.0,0.0
20250730,LC2508,70260.0,1933.0,11403.0,0.0579299719381849
20250730,LC2509,70600.0,792909.0,272753.0,0.006796941558099
20250730,LC2510,70640.0,56931.0,28457.0,-0.0101968565829666
20250730,LC2511,70580.0,457258.0,185345.0,0.0305646125335273
20250730,LC2512,70760.0,42551.0,51741.0,-0.0169707283270242
20250730,LC2601,70660.0,140451.0,98263.0,-0.0374202996359246
20250730,LC2602,70440.0,5360.0,10225.0,0.0068123759990228
20250730,LC2603,70480.0,11995.0,15325.0,0.0509699194727189
20250730,LC2604,70780.0,4650.0,17447.0,0.0101680559677843
20250730,LC2605,70840.0,19348.0,25167.0,-0.0271339855576461
20250730,LC2606,70680.0,1660.0,6216.0,0.0271339855576459
20250730,LC2607,70840.0,1893.0,4572.0,0.0
20250731,LC2508,68000.0,1484.0,10462.0,0.0493103130015983
20250731,LC2509,68280.0,521849.0,229368.0,0.0280866131730341
20250731,LC2510,68440.0,41515.0,28314.0,0.0280210284941613
20250731,LC2511,68600.0,378788.0,195732.0,0.0906190771675265
20250731,LC2512,69120.0,38383.0,55771.0,0.0034717199721396
20250731,LC2601,69140.0,114443.0,99705.0,0.0
20250731,LC2602,69140.0,7587.0,10282.0,-0.0243231587546293
20250731,LC2603,69000.0,11797.0,17029.0,0.1314513000415765
20250731,LC2604,69760.0,5564.0,16602.0,0.0103166649139884
20250731,LC2605,69820.0,15752.0,24845.0,-0.0137575251526179
20250731,LC2606,69740.0,1116.0,6273.0,-0.0206659063705468
20250731,LC2607,69620.0,1013.0,4781.0,0.0
20250801,LC2508,68500.0,740.0,6763.0,0.0733519966985899
20250801,LC2509,68920.0,340670.0,216103.0,0.0347725540328564
20250801,LC2510,69120.0,29936.0,28494.0,0.0208152697465004
20250801,LC2511,69240.0,337143.0,205868.0,0.0276976464570044
20250801,LC2512,69400.0,24395.0,57403.0,0.027633863679882
20250801,LC2601,69560.0,92216.0,103572.0,-0.0138089773581377
20250801,LC2602,69480.0,7324.0,9607.0,-0.0276657183059862
20250801,LC2603,69320.0,8567.0,15597.0,0.0999862127083121
20250801,LC2604,69900.0,3024.0,16401.0,0.0308615686604566
20250801,LC2605,70080.0,11757.0,25259.0,-0.0549200043289423
20250801,LC2606,69760.0,768.0,6242.0,0.0206244679815802
20250801,LC2607,69880.0,742.0,4798.0,0.0
20250804,LC2508,69200.0,577.0,5888.0,-0.0486534115667397
20250804,LC2509,68920.0,247898.0,207770.0,0.0208756213853224
20250804,LC2510,69040.0,27195.0,27691.0,0.0
20250804,LC2511,69040.0,288386.0,215949.0,0.0416426097480854
20250804,LC2512,69280.0,19480.0,56820.0,0.0103881120323712
20250804,LC2601,69340.0,68414.0,108459.0,-0.0173185193864263
20250804,LC2602,69240.0,2122.0,9573.0,-0.01040312158783
20250804,LC2603,69180.0,3941.0,15863.0,0.127679134059089
20250804,LC2604,69920.0,1781.0,16732.0,0.0240034370647285
20250804,LC2605,70060.0,9119.0,25943.0,-0.0102813086397814
20250804,LC2606,70000.0,407.0,6294.0,0.0137064549453237
20250804,LC2607,70080.0,727.0,4842.0,0.0
20250805,LC2508,67300.0,462.0,2652.0,0.0675657437674283
20250805,LC2509,67680.0,173147.0,175266.0,0.014176020549974
20250805,LC2510,67760.0,30126.0,28484.0,0.0141592936781852
20250805,LC2511,67840.0,437207.0,232062.0,0.0635108803892258
20250805,LC2512,68200.0,17207.0,57164.0,0.007036060008086
20250805,LC2601,68240.0,85312.0,111221.0,0.0105463607198485
20250805,LC2602,68300.0,4027.0,9909.0,0.0
20250805,LC2603,68300.0,4320.0,16599.0,0.1293153623811381
20250805,LC2604,69040.0,2746.0,17601.0,0.0312454971843094
20250805,LC2605,69220.0,8863.0,27474.0,0.0207852245961488
20250805,LC2606,69340.0,1063.0,6481.0,0.0242040133923229
20250805,LC2607,69480.0,768.0,5147.0,0.0
20250806,LC2508,68860.0,158.0,2741.0,0.0695049727667773
20250806,LC2509,69260.0,103705.0,161898.0,0.0346021000998244
20250806,LC2510,69460.0,25322.0,31323.0,0.0276100208083795
20250806,LC2511,69620.0,425359.0,257770.0,0.0447312345907561
20250806,LC2512,69880.0,12694.0,57420.0,0.0274442658215422
20250806,LC2601,70040.0,72252.0,117881.0,-0.0515095940417515
20250806,LC2602,69740.0,3250.0,9852.0,-0.0103285044390934
20250806,LC2603,69680.0,5263.0,16378.0,0.1165390479013218
20250806,LC2604,70360.0,2597.0,17732.0,0.0170430365248098
20250806,LC2605,70460.0,9259.0,27904.0,-0.0204545504070622
20250806,LC2606,70340.0,1034.0,6743.0,0.017047878986028
20250806,LC2607,70440.0,1562.0,5474.0,0.0
20250807,LC2508,70000.0,125.0,2233.0,0.3247097773680693
20250807,LC2509,71920.0,209645.0,160551.0,0.0466278688249885
20250807,LC2510,72200.0,40908.0,35159.0,0.0166089991912626
20250807,LC2511,72300.0,766669.0,289832.0,0.046383271442463
20250807,LC2512,72580.0,32888.0,59947.0,0.0033062405499135
20250807,LC2601,72600.0,129077.0,112441.0,-0.0530094732806716
20250807,LC2602,72280.0,5743.0,9784.0,0.0132743376367983
20250807,LC2603,72360.0,8059.0,15532.0,0.076043786642315
20250807,LC2604,72820.0,4202.0,16039.0,0.0065897859975644
20250807,LC2605,72860.0,15575.0,27435.0,-0.0428984369960078
20250807,LC2606,72600.0,1115.0,6819.0,0.0231182127371101
20250807,LC2607,72740.0,1214.0,5482.0,0.0
20250808,LC2508,75300.0,363.0,1212.0,0.2116679862810874
20250808,LC2509,76640.0,145134.0,149489.0,0.0406409141879192
20250808,LC2510,76900.0,52293.0,42585.0,0.0093591581502321
20250808,LC2511,76960.0,895609.0,320706.0,0.0249221273380688
20250808,LC2512,77120.0,40661.0,69149.0,-0.0280410357376932
20250808,LC2601,76940.0,125228.0,113311.0,-0.0281067142157994
20250808,LC2602,76760.0,9089.0,11534.0,-0.0407151636841074
20250808,LC2603,76500.0,19092.0,20006.0,0.0407151636841074
20250808,LC2604,76760.0,8245.0,14741.0,-0.0125130355446645
20250808,LC2605,76680.0,17583.0,26224.0,-0.0816543323320067
20250808,LC2606,76160.0,1724.0,7183.0,0.0094500595512526
20250808,LC2607,76220.0,2005.0,5883.0,0.0
20250811,LC2508,79000.0,132.0,710.0,0.2346527513194234
20250811,LC2509,80560.0,16374.0,148084.0,0.0535051666708549
20250811,LC2510,80920.0,9355.0,43288.0,0.0118577084747283
20250811,LC2511,81000.0,38071.0,317676.0,0.0148056773871427
20250811,LC2512,81100.0,4103.0,68976.0,-0.0207330669865414
20250811,LC2601,80960.0,8445.0,111260.0,0.062092044412663
20250811,LC2602,81380.0,4132.0,14220.0,-0.0739556143359352
20250811,LC2603,80880.0,838.0,19896.0,-0.0953331727024303
20250811,LC2604,80240.0,535.0,14996.0,0.0089697275884316
20250811,LC2605,80300.0,7008.0,29081.0,-0.0119611273297104
20250811,LC2606,80220.0,1343.0,7907.0,0.0567094700481082
20250811,LC2607,80600.0,2628.0,7605.0,0.0
20250812,LC2508,86140.0,154.0,237.0,-0.5093829347125433
20250812,LC2509,82560.0,162667.0,117650.0,0.020331603556717
20250812,LC2510,82700.0,100969.0,47367.0,-0.0261469659191351
20250812,LC2511,82520.0,1417704.0,356998.0,-0.0875703229422404
20250812,LC2512,81920.0,84161.0,73132.0,-0.0882140703726212
20250812,LC2601,81320.0,226389.0,119898.0,-0.1694145785494192
20250812,LC2602,80180.0,29354.0,18438.0,-0.1506043864365155
20250812,LC2603,79180.0,35420.0,21876.0,-0.0455523766032545
20250812,LC2604,78880.0,22020.0,18393.0,-0.0152226330194417
20250812,LC2605,78780.0,64335.0,38851.0,-0.0794704891259205
20250812,LC2606,78260.0,18957.0,11968.0,-0.0061349694587801
20250812,LC2607,78220.0,16270.0,11553.0,0.0
20250813,LC2508,82620.0,44.0,73.0,0.3464394247808871
20250813,LC2509,85040.0,75743.0,108394.0,0.0338187166061041
20250813,LC2510,85280.0,49768.0,48769.0,-0.0253550980584712
20250813,LC2511,85100.0,1245424.0,392675.0,-0.0452084358580491
20250813,LC2512,84780.0,45622.0,73223.0,-0.0425381515984772
20250813,LC2601,84480.0,177953.0,124744.0,-0.0683762533756533
20250813,LC2602,84000.0,14055.0,19450.0,-0.0658948772914126
20250813,LC2603,83540.0,15689.0,23147.0,-0.1445104169351221
20250813,LC2604,82540.0,9647.0,18834.0,-0.0087262153887746
20250813,LC2605,82480.0,40067.0,40329.0,-0.1169599902275326
20250813,LC2606,81680.0,6598.0,12914.0,-0.0058780309771929
20250813,LC2607,81640.0,10957.0,13025.0,0.0
20250814,LC2508,73480.0,682.0,0.0,1.7674044006369778
20250814,LC2509,85140.0,62069.0,98063.0,0.0225299291715256
20250814,LC2510,85300.0,47439.0,53238.0,0.0
20250814,LC2511,85300.0,1060127.0,389177.0,-0.0422783760878042
20250814,LC2512,85000.0,43284.0,74661.0,-0.0367621355028397
20250814,LC2601,84740.0,163060.0,127881.0,-0.0909741386341291
20250814,LC2602,84100.0,7738.0,18533.0,-0.0859192214651111
20250814,LC2603,83500.0,14899.0,22166.0,-0.0258961855684627
20250814,LC2604,83320.0,8519.0,19892.0,0.0287700928986893
20250814,LC2605,83520.0,37154.0,44854.0,-0.1038967529173744
20250814,LC2606,82800.0,5912.0,12999.0,-0.0028989008475322
20250814,LC2607,82780.0,7350.0,13457.0,0.0
20250815,LC2509,86920.0,39934.0,89649.0,0.0110395591962575
20250815,LC2510,87000.0,35672.0,55335.0,-0.0138010365988479
20250815,LC2511,86900.0,868811.0,401139.0,-0.0442702830901417
20250815,LC2512,86580.0,38624.0,75601.0,-0.0221965381205684
20250815,LC2601,86420.0,131465.0,137965.0,-0.1088000013876608
20250815,LC2602,85640.0,15586.0,21072.0,-0.0815468867519348
20250815,LC2603,85060.0,15363.0,24062.0,-0.0537293227058765
20250815,LC2604,84680.0,7422.0,20182.0,-0.0539709751062561
20250815,LC2605,84300.0,25138.0,42716.0,-0.0599359076890864
20250815,LC2606,83880.0,2924.0,12982.0,-0.0057238255318458
20250815,LC2607,83840.0,3136.0,13622.0,0.0057238255318455
20250815,LC2608,83880.0,13.0,9.0,0.0
20250818,LC2509,89300.0,50353.0,81117.0,-0.0026878709934302
20250818,LC2510,89280.0,48967.0,56662.0,-0.005377548824028
20250818,LC2511,89240.0,1036328.0,421106.0,0.0
20250818,LC2512,89240.0,51843.0,76978.0,-0.0269239511645085
20250818,LC2601,89040.0,156550.0,144656.0,-0.0621553016668471
20250818,LC2602,88580.0,14913.0,21689.0,-0.0733781020414948
20250818,LC2603,88040.0,16644.0,25585.0,-0.0464322873614822
20250818,LC2604,87700.0,8730.0,19440.0,-0.0246547284535951
20250818,LC2605,87520.0,27803.0,43604.0,-0.0825501994253061
20250818,LC2606,86920.0,4183.0,12944.0,-0.0387186323459245
20250818,LC2607,86640.0,5384.0,14193.0,-0.0527473376764573
20250818,LC2608,86260.0,556.0,318.0,0.0
20250819,LC2509,87580.0,28450.0,76200.0,0.0027400388291204
20250819,LC2510,87600.0,32554.0,53624.0,-0.008221994155158
20250819,LC2511,87540.0,734929.0,414097.0,-0.0164609079309692
20250819,LC2512,87420.0,27964.0,75149.0,-0.0577916493670164
20250819,LC2601,87000.0,104581.0,144368.0,-0.0691644566010015
20250819,LC2602,86500.0,10862.0,20335.0,-0.0695654122119115
20250819,LC2603,86000.0,9148.0,26262.0,-0.0279394771150942
20250819,LC2604,85800.0,7421.0,19372.0,-0.0729485529165867
20250819,LC2605,85280.0,18564.0,44264.0,-0.047938026388912
20250819,LC2606,84940.0,3054.0,12914.0,0.0084735792622968
20250819,LC2607,85000.0,2748.0,14494.0,0.028202128139444
20250819,LC2608,85200.0,132.0,337.0,0.0
20250820,LC2509,81040.0,55748.0,65157.0,-0.0059244632158701
20250820,LC2510,81000.0,64335.0,46532.0,-0.0029633288210838
20250820,LC2511,80980.0,838879.0,395102.0,-0.0148276307015888
20250820,LC2512,80880.0,62245.0,67835.0,-0.0356612446698897
20250820,LC2601,80640.0,134537.0,127457.0,-0.0596719280325405
20250820,LC2602,80240.0,5604.0,19574.0,-0.0539596212727876
20250820,LC2603,79880.0,8444.0,26790.0,0.0360000270000375
20250820,LC2604,80120.0,3337.0,19499.0,-0.1113487613123785
20250820,LC2605,79380.0,19572.0,43344.0,0.1173382797796231
20250820,LC2606,80160.0,3342.0,13544.0,-0.202294386836364
20250820,LC2607,78820.0,8107.0,16029.0,0.0030445262119414
20250820,LC2608,78840.0,589.0,474.0,0.0
20250821,LC2509,83000.0,30572.0,57070.0,-0.0057845265039117
20250821,LC2510,82960.0,42122.0,44868.0,-0.0289645325271551
20250821,LC2511,82760.0,777827.0,390069.0,-0.0843946730649429
20250821,LC2512,82180.0,36258.0,65596.0,-0.0791115061634364
20250821,LC2601,81640.0,106044.0,123512.0,-0.0914796020051948
20250821,LC2602,81020.0,7440.0,19273.0,-0.0415430681969968
20250821,LC2603,80740.0,8309.0,27450.0,-0.0238036279391221
20250821,LC2604,80580.0,2900.0,19359.0,-0.0417703057258231
20250821,LC2605,80300.0,18801.0,42800.0,-0.0299252025408295
20250821,LC2606,80100.0,4337.0,13441.0,-0.0119910077426945
20250821,LC2607,80020.0,5816.0,16038.0,0.0508792382117358
20250821,LC2608,80360.0,534.0,727.0,0.0
20250822,LC2509,79180.0,23175.0,51084.0,0.0
20250822,LC2510,79180.0,48673.0,48160.0,-0.0333881586331012
20250822,LC2511,78960.0,932675.0,362254.0,-0.0517833015781421
20250822,LC2512,78620.0,42633.0,64705.0,-0.0642776693093867
20250822,LC2601,78200.0,132638.0,120489.0,-0.0615385964030334
20250822,LC2602,77800.0,5852.0,19092.0,-0.0308880479420745
20250822,LC2603,77600.0,11138.0,28125.0,0.0061839733396372
20250822,LC2604,77640.0,6039.0,20734.0,-0.0123711351163011
20250822,LC2605,77560.0,20830.0,44243.0,-0.0402944973728977
20250822,LC2606,77300.0,2569.0,13359.0,-0.0155339827517496
20250822,LC2607,77200.0,4899.0,16505.0,0.0805580097421059
20250822,LC2608,77720.0,245.0,770.0,0.0
20250825,LC2509,79580.0,15885.0,44710.0,0.0
20250825,LC2510,79580.0,32426.0,45750.0,-0.0301962917263587
20250825,LC2511,79380.0,626916.0,368667.0,-0.051508726983683
20250825,LC2512,79040.0,25515.0,62876.0,-0.0517307761950582
20250825,LC2601,78700.0,92979.0,124469.0,-0.0734134331518741
20250825,LC2602,78220.0,4084.0,18971.0,-0.0430328330016592
20250825,LC2603,77940.0,8046.0,27476.0,-0.0123234927390421
20250825,LC2604,77860.0,4232.0,20615.0,-0.0246850177044948
20250825,LC2605,77700.0,16776.0,44234.0,-0.0185471443413671
20250825,LC2606,77580.0,1564.0,13357.0,-0.0185758551025798
20250825,LC2607,77460.0,3080.0,16676.0,0.0525570851728765
20250825,LC2608,77800.0,370.0,915.0,0.0
20250826,LC2509,79260.0,19572.0,34045.0,-0.0181818216601291
20250826,LC2510,79140.0,25842.0,45004.0,-0.0182094116884033
20250826,LC2511,79020.0,559599.0,349496.0,-0.0486939547186461
20250826,LC2512,78700.0,27506.0,63032.0,-0.027477432181167
20250826,LC2601,78520.0,79872.0,127011.0,-0.0920485208877683
20250826,LC2602,77920.0,1812.0,18978.0,-0.0123266574783603
20250826,LC2603,77840.0,4401.0,26852.0,-0.0277813628907406
20250826,LC2604,77660.0,2337.0,20799.0,-0.0371421498482308
20250826,LC2605,77420.0,9414.0,44611.0,-0.0310398517609403
20250826,LC2606,77220.0,815.0,13377.0,-0.0062176167194115
20250826,LC2607,77180.0,2310.0,16836.0,0.0372574684803524
20250826,LC2608,77420.0,177.0,985.0,0.0
20250827,LC2509,79040.0,15027.0,29214.0,0.0091058560079504
20250827,LC2510,79100.0,27122.0,45666.0,-0.0364649558895249
20250827,LC2511,78860.0,729645.0,351322.0,-0.0610222520168959
20250827,LC2512,78460.0,27107.0,62261.0,-0.0214313107098182
20250827,LC2601,78320.0,85410.0,128102.0,-0.0768543679901692
20250827,LC2602,77820.0,1820.0,18961.0,-0.0494463743652747
20250827,LC2603,77500.0,4649.0,26513.0,-0.0372189494539925
20250827,LC2604,77260.0,4052.0,20462.0,-0.0186528534966425
20250827,LC2605,77140.0,12944.0,44222.0,-0.0373929152218011
20250827,LC2606,76900.0,1120.0,13255.0,-0.0062434964988043
20250827,LC2607,76860.0,2933.0,16899.0,0.0249545190007803
20250827,LC2608,77020.0,540.0,1045.0,0.0
20250828,LC2509,78140.0,12780.0,22844.0,0.0153472331956497
20250828,LC2510,78240.0,36845.0,44838.0,-0.0153472331956485
20250828,LC2511,78140.0,805585.0,347063.0,-0.0677619870398725
20250828,LC2512,77700.0,33614.0,61830.0,-0.043321346689196
20250828,LC2601,77420.0,122837.0,126915.0,-0.0933614667809191
20250828,LC2602,76820.0,6368.0,18692.0,-0.0563675357939044
20250828,LC2603,76460.0,9903.0,26101.0,-0.0251374797342643
20250828,LC2604,76300.0,6000.0,20665.0,0.0
20250828,LC2605,76300.0,17948.0,43831.0,-0.0314960810732546
20250828,LC2606,76100.0,2943.0,13291.0,-0.0220965470826603
20250828,LC2607,75960.0,5518.0,17477.0,0.0441524808223382
20250828,LC2608,76240.0,324.0,1186.0,0.0
20250829,LC2509,77000.0,10537.0,17135.0,0.0373444284795576
20250829,LC2510,77240.0,22051.0,47436.0,-0.0093252174100916
20250829,LC2511,77180.0,490058.0,346605.0,-0.0404932246667248
20250829,LC2512,76920.0,18654.0,61914.0,-0.0437614446956868
20250829,LC2601,76640.0,80007.0,129207.0,-0.0816970948158757
20250829,LC2602,76120.0,4166.0,18747.0,-0.0220907360216303
20250829,LC2603,75980.0,4644.0,26116.0,-0.0158040323119927
20250829,LC2604,75880.0,3077.0,21052.0,-0.0158248737163049
20250829,LC2605,75780.0,7363.0,44031.0,-0.0380650596737278
20250829,LC2606,75540.0,759.0,13330.0,-0.0222605072448042
20250829,LC2607,75400.0,1740.0,17576.0,0.0951127832690486
20250829,LC2608,76000.0,93.0,1231.0,0.0
20250901,LC2509,75540.0,2426.0,11332.0,0.0
20250901,LC2510,75540.0,26603.0,46928.0,0.0031767041879751
20250901,LC2511,75560.0,540295.0,339133.0,-0.0222546096371735
20250901,LC2512,75420.0,22322.0,62243.0,-0.0318640654562484
20250901,LC2601,75220.0,90722.0,136589.0,-0.057569406790889
20250901,LC2602,74860.0,6591.0,19259.0,-0.0064136826753941
20250901,LC2603,74820.0,7353.0,26949.0,0.0224329081220004
20250901,LC2604,74960.0,3862.0,21550.0,-0.032059864113656
20250901,LC2605,74760.0,15497.0,45767.0,-0.0450281954226055
20250901,LC2606,74480.0,2114.0,13136.0,-0.0128962935571849
20250901,LC2607,74400.0,2820.0,17726.0,0.0643433176966244
20250901,LC2608,74800.0,318.0,1241.0,0.0
20250902,LC2509,73280.0,880.0,7694.0,-0.1019603228738276
20250902,LC2510,72660.0,28968.0,46504.0,-0.0066079296823945
20250902,LC2511,72620.0,620441.0,348109.0,0.0033044196821786
20250902,LC2512,72640.0,31182.0,65593.0,-0.0033044196821773
20250902,LC2601,72620.0,113032.0,146789.0,-0.0529948418576485
20250902,LC2602,72300.0,5923.0,20224.0,-0.0232590409242093
20250902,LC2603,72160.0,4911.0,27449.0,0.0232590409242095
20250902,LC2604,72300.0,2742.0,21625.0,-0.0099626406718682
20250902,LC2605,72240.0,17439.0,44718.0,-0.0266075497037706
20250902,LC2606,72080.0,1543.0,13300.0,-0.0033300957616236
20250902,LC2607,72060.0,3758.0,18120.0,0.0664269617638088
20250902,LC2608,72460.0,255.0,1295.0,0.0
20250903,LC2509,72080.0,94.0,5571.0,-0.036681979376518
20250903,LC2510,71860.0,24276.0,45605.0,0.003339362759827
20250903,LC2511,71880.0,442800.0,346048.0,0.0200166852083641
20250903,LC2512,72000.0,24063.0,68661.0,-0.0033337963820485
20250903,LC2601,71980.0,75205.0,151397.0,-0.003334722822627
20250903,LC2602,71960.0,2898.0,20208.0,-0.0100097322639761
20250903,LC2603,71900.0,5779.0,29007.0,0.0133444550866024
20250903,LC2604,71980.0,4428.0,20237.0,-0.0133444550866034
20250903,LC2605,71900.0,11441.0,44633.0,-0.0334262054571157
20250903,LC2606,71700.0,1150.0,13244.0,-0.0066964287452036
20250903,LC2607,71660.0,3125.0,18015.0,0.043460139438684
20250903,LC2608,71920.0,195.0,1327.0,0.0
20250904,LC2509,73000.0,550.0,3868.0,0.0557606579374657
20250904,LC2510,73340.0,34299.0,45028.0,0.0130825851060981
20250904,LC2511,73420.0,712151.0,353674.0,0.026122459295282
20250904,LC2512,73580.0,33138.0,70031.0,-0.0032621992860961
20250904,LC2601,73560.0,120700.0,159216.0,-0.1015705722670336
20250904,LC2602,72940.0,6395.0,19985.0,0.0098670692142834
20250904,LC2603,73000.0,11952.0,28735.0,0.0426637944273272
20250904,LC2604,73260.0,4354.0,20238.0,-0.0098320366008286
20250904,LC2605,73200.0,16574.0,44128.0,-0.0065591693352106
20250904,LC2606,73160.0,1546.0,13161.0,-0.0131291041543081
20250904,LC2607,73080.0,5290.0,18463.0,0.0098481745371496
20250904,LC2608,73140.0,438.0,1429.0,0.0
20250905,LC2509,73880.0,50.0,3467.0,0.0356805236520227
20250905,LC2510,74100.0,57486.0,47542.0,0.0258829973627151
20250905,LC2511,74260.0,802006.0,364002.0,0.0064620356973545
20250905,LC2512,74300.0,39550.0,77685.0,0.0032297133824349
20250905,LC2601,74320.0,138234.0,171950.0,-0.0290987613959619
20250905,LC2602,74140.0,4051.0,20034.0,-0.0421565086985641
20250905,LC2603,73880.0,6737.0,29276.0,0.0324412200826164
20250905,LC2604,74080.0,2054.0,19948.0,0.00647773295082
20250905,LC2605,74120.0,16069.0,44544.0,-0.0032384293814142
20250905,LC2606,74100.0,787.0,13191.0,-0.0162052691744575
20250905,LC2607,74000.0,3989.0,18698.0,0.0097257873755637
20250905,LC2608,74060.0,575.0,1530.0,0.0
20250908,LC2509,75260.0,276.0,2105.0,-0.0992667435144343
20250908,LC2510,74640.0,27478.0,40681.0,0.0256959412961169
20250908,LC2511,74800.0,782387.0,364137.0,-0.0032089851775665
20250908,LC2512,74780.0,23668.0,77060.0,0.0
20250908,LC2601,74780.0,137278.0,174608.0,-0.003209843539267
20250908,LC2602,74760.0,3693.0,20032.0,-0.0257097045317632
20250908,LC2603,74600.0,6341.0,29345.0,0.0481605997615022
20250908,LC2604,74900.0,1434.0,20062.0,-0.0192410516904738
20250908,LC2605,74780.0,17252.0,45552.0,0.0128307951277835
20250908,LC2606,74860.0,1643.0,13408.0,-0.0385336161992535
20250908,LC2607,74620.0,4232.0,19200.0,0.02570282107147
20250908,LC2608,74780.0,650.0,1684.0,0.0
20250909,LC2509,72820.0,183.0,1351.0,-0.0164903145367683
20250909,LC2510,72720.0,22982.0,35751.0,0.0296662697446688
20250909,LC2511,72900.0,591675.0,351340.0,-0.0032926327549143
20250909,LC2512,72880.0,18377.0,78026.0,0.0032926327549152
20250909,LC2601,72900.0,114512.0,178546.0,-0.0197693619671845
20250909,LC2602,72780.0,6231.0,20927.0,0.0032971562235187
20250909,LC2603,72800.0,13216.0,34411.0,0.0624744526610453
20250909,LC2604,73180.0,2976.0,22227.0,0.0196613916185414
20250909,LC2605,73300.0,19873.0,49081.0,-0.0163822551040796
20250909,LC2606,73200.0,955.0,13449.0,-0.0131219258564559
20250909,LC2607,73120.0,3526.0,19466.0,-0.0098508693450973
20250909,LC2608,73060.0,432.0,1802.0,0.0
20250910,LC2509,70300.0,454.0,496.0,0.0442993545829987
20250910,LC2510,70560.0,32538.0,33428.0,0.0271800795702247
20250910,LC2511,70720.0,751480.0,340814.0,0.02711865560925
20250910,LC2512,70880.0,40360.0,80698.0,-0.0135516671658169
20250910,LC2601,70800.0,168470.0,174101.0,-0.0067815768970749
20250910,LC2602,70760.0,9334.0,20838.0,0.0
20250910,LC2603,70760.0,13269.0,35624.0,0.0912294975439891
20250910,LC2604,71300.0,3783.0,22768.0,0.0100939302180444
20250910,LC2605,71360.0,31915.0,51174.0,-0.0370526610173375
20250910,LC2606,71140.0,2147.0,13570.0,0.0033731553279032
20250910,LC2607,71160.0,7305.0,20019.0,0.0033722074129479
20250910,LC2608,71180.0,2347.0,2650.0,0.0
20250911,LC2509,71020.0,52.0,351.0,-0.0270651369313904
20250911,LC2510,70860.0,12980.0,31061.0,0.023685331247874
20250911,LC2511,71000.0,426041.0,323456.0,0.0505974045472179
20250911,LC2512,71300.0,12545.0,80671.0,-0.0033665310923566
20250911,LC2601,71280.0,84950.0,173476.0,-0.0033674758183662
20250911,LC2602,71260.0,2131.0,20806.0,-0.0235988276644899
20250911,LC2603,71120.0,8688.0,37324.0,0.0941181295323105
20250911,LC2604,71680.0,3068.0,22760.0,-0.010048849156661
20250911,LC2605,71620.0,10626.0,51878.0,-0.0335570688478105
20250911,LC2606,71420.0,468.0,13548.0,-0.0033608738491644
20250911,LC2607,71400.0,2038.0,20190.0,-0.0134529162071884
20250911,LC2608,71320.0,867.0,2987.0,0.0
20250912,LC2509,71180.0,168.0,0.0,-0.0270042308052578
20250912,LC2510,71020.0,11467.0,29549.0,0.0236320233923104
20250912,LC2511,71160.0,410989.0,309402.0,0.0336795056894339
20250912,LC2512,71360.0,13035.0,80651.0,-0.0168279371287675
20250912,LC2601,71260.0,69289.0,172480.0,0.0100995938069962
20250912,LC2602,71320.0,1578.0,20695.0,-0.0202076949241144
20250912,LC2603,71200.0,2851.0,37476.0,0.1006998916349805
20250912,LC2604,71800.0,1214.0,22645.0,-0.0133779278069567
20250912,LC2605,71720.0,9375.0,51979.0,-0.0133928585330531
20250912,LC2606,71640.0,324.0,13552.0,-0.0301886951669669
20250912,LC2607,71460.0,2162.0,20274.0,0.0234866564560347
20250912,LC2608,71600.0,659.0,3197.0,0.0
20250915,LC2510,72520.0,9656.0,28063.0,0.0264462916958403
20250915,LC2511,72680.0,482790.0,309446.0,0.0329761130847892
20250915,LC2512,72880.0,17486.0,80500.0,0.0
20250915,LC2601,72880.0,104173.0,172268.0,-0.0362787139037639
20250915,LC2602,72660.0,6997.0,20304.0,0.0033026008189742
20250915,LC2603,72680.0,4454.0,37889.0,0.0724282034150889
20250915,LC2604,73120.0,2008.0,22807.0,0.016400166554348
20250915,LC2605,73220.0,14195.0,52495.0,-0.0525596241297319
20250915,LC2606,72900.0,494.0,13510.0,-0.0098806098624625
20250915,LC2607,72840.0,2826.0,20289.0,0.0032944406521267
20250915,LC2608,72860.0,843.0,3478.0,0.013168725601397
20250915,LC2609,72940.0,246.0,199.0,0.0
20250916,LC2510,73060.0,10367.0,25708.0,0.0196936586870904
20250916,LC2511,73180.0,500267.0,300437.0,0.0229351605653234
20250916,LC2512,73320.0,17743.0,80349.0,0.0032728760601084
20250916,LC2601,73340.0,110760.0,173875.0,-0.0163733140424403
20250916,LC2602,73240.0,4651.0,20308.0,-0.0065555860685295
20250916,LC2603,73200.0,5009.0,37969.0,0.140161854218409
20250916,LC2604,74060.0,2555.0,23340.0,-0.0292010418531286
20250916,LC2605,73880.0,14534.0,54500.0,-0.0162535579501155
20250916,LC2606,73780.0,814.0,13565.0,-0.0162756026577382
20250916,LC2607,73680.0,3572.0,20482.0,0.0
20250916,LC2608,73680.0,1480.0,3989.0,0.0
20250916,LC2609,73680.0,226.0,336.0,0.0
20250917,LC2510,73500.0,5695.0,23339.0,0.0228354017530327
20250917,LC2511,73640.0,343863.0,294624.0,0.0292960948437055
20250917,LC2512,73820.0,9736.0,80372.0,-0.0032515919451084
20250917,LC2601,73800.0,73016.0,175407.0,-0.0325644704591552
20250917,LC2602,73600.0,6674.0,20020.0,-0.0032613126984268
20250917,LC2603,73580.0,2846.0,38203.0,0.1071580656158017
20250917,LC2604,74240.0,1747.0,23713.0,0.0161529166939323
20250917,LC2605,74340.0,9284.0,55180.0,-0.0161529166939315
20250917,LC2606,74240.0,387.0,13610.0,-0.0258899776802548
20250917,LC2607,74080.0,1940.0,20662.0,0.0032393035694079
20250917,LC2608,74100.0,1417.0,4519.0,-0.0032393035694066
20250917,LC2609,74080.0,111.0,409.0,0.0
20250918,LC2510,72620.0,9114.0,19466.0,0.0428866435861569
20250918,LC2511,72880.0,502269.0,281411.0,0.0164541366791856
20250918,LC2512,72980.0,12098.0,80086.0,-0.0065789475332089
20250918,LC2601,72940.0,107180.0,172012.0,-0.0197585115989611
20250918,LC2602,72820.0,7028.0,20301.0,-0.0032962505357653
20250918,LC2603,72800.0,3035.0,38149.0,0.1213622480458275
20250918,LC2604,73540.0,1065.0,23885.0,0.0
20250918,LC2605,73540.0,13199.0,55913.0,-0.0425010660870133
20250918,LC2606,73280.0,505.0,13707.0,-0.0262295186397625
20250918,LC2607,73120.0,3337.0,21116.0,0.0
20250918,LC2608,73120.0,2411.0,5551.0,-0.0197098319700409
20250918,LC2609,73000.0,359.0,503.0,0.0
20250919,LC2510,73760.0,5906.0,18859.0,0.0324939272470279
20250919,LC2511,73960.0,370359.0,281264.0,0.0226935093974061
20250919,LC2512,74100.0,10299.0,80631.0,-0.0097205351609331
20250919,LC2601,74040.0,81920.0,174191.0,-0.0259599884910903
20250919,LC2602,73880.0,5464.0,20078.0,-0.0130010846953494
20250919,LC2603,73800.0,2280.0,37958.0,0.0648650228028957
20250919,LC2604,74200.0,1248.0,23961.0,0.0161616186045455
20250919,LC2605,74300.0,11893.0,56717.0,-0.0323450330600678
20250919,LC2606,74100.0,406.0,13742.0,-0.0226935093974057
20250919,LC2607,73960.0,1911.0,21252.0,-0.0064917502259447
20250919,LC2608,73920.0,515.0,5693.0,0.003246314100686
20250919,LC2609,73940.0,109.0,559.0,0.0
20251027,LC2511,81120.0,69488.0,49585.0,0.0917159763313604
20251027,LC2512,81740.0,36207.0,82992.0,0.0002639226046961
20251027,LC2601,81900.0,514455.0,483478.0,-0.0586080586080584
20251027,LC2602,81500.0,9413.0,30333.0,-0.014723926380368
20251027,LC2603,81400.0,11518.0,41817.0,0.053071253071252
20251027,LC2604,81760.0,2213.0,28348.0,0.0058708414872796
20251027,LC2605,81800.0,40676.0,87220.0,-0.0293398533007329
20251027,LC2606,81600.0,1517.0,13831.0,-0.0088235294117646
20251027,LC2607,81540.0,5882.0,26728.0,0.0412067696835904
20251027,LC2608,81820.0,1856.0,9993.0,0.0146663407479827
20251027,LC2609,81920.0,3407.0,7376.0,-0.005859375
20251027,LC2610,81880.0,811.0,827.0,0.0
20251028,LC2511,80800.0,64993.0,36653.0,0.100990099009901
20251028,LC2512,81480.0,42050.0,81665.0,0.0002647647730469
20251028,LC2601,81640.0,729307.0,488803.0,-0.0705536501714849
20251028,LC2602,81160.0,8928.0,31253.0,-0.0384425825529821
20251028,LC2603,80900.0,15006.0,40449.0,0.0474660074165633
20251028,LC2604,81220.0,2625.0,28541.0,0.0265944348682589
20251028,LC2605,81400.0,57915.0,93220.0,-0.0471744471744473
20251028,LC2606,81080.0,1842.0,14053.0,0.0207202762703504
20251028,LC2607,81220.0,8923.0,28721.0,0.0236394976606755
20251028,LC2608,81380.0,1622.0,10230.0,0.0
20251028,LC2609,81380.0,3771.0,7749.0,0.0206438928483656
20251028,LC2610,81520.0,972.0,1269.0,0.0
20251029,LC2511,81740.0,43414.0,25894.0,0.1468069488622454
20251029,LC2512,82740.0,35611.0,82369.0,0.0002607328221883
20251029,LC2601,82900.0,659421.0,506882.0,-0.0723763570566942
20251029,LC2602,82400.0,8624.0,32156.0,-0.0203883495145626
20251029,LC2603,82260.0,13783.0,39966.0,0.0495988329686349
20251029,LC2604,82600.0,4535.0,29247.0,0.008716707021791
20251029,LC2605,82660.0,56383.0,95175.0,-0.0319380595209293
20251029,LC2606,82440.0,1622.0,14333.0,0.0029112081513833
20251029,LC2607,82460.0,5615.0,29398.0,0.0436575309240838
20251029,LC2608,82760.0,1922.0,10509.0,0.0144997583373598
20251029,LC2609,82860.0,3350.0,8517.0,-0.002896451846488
20251029,LC2610,82840.0,655.0,1535.0,0.0
20251030,LC2511,81840.0,31283.0,18705.0,0.2082111436950144
20251030,LC2512,83260.0,40781.0,81683.0,0.0002267163643331
20251030,LC2601,83400.0,829117.0,532871.0,-0.057553956834532
20251030,LC2602,83000.0,12450.0,34413.0,0.0
20251030,LC2603,83000.0,14929.0,41442.0,0.040481927710843
20251030,LC2604,83280.0,5476.0,29568.0,0.0086455331412098
20251030,LC2605,83340.0,85878.0,106426.0,-0.034557235421166
20251030,LC2606,83100.0,1738.0,14662.0,0.0144404332129974
20251030,LC2607,83200.0,6673.0,29930.0,0.028846153846155
20251030,LC2608,83400.0,2374.0,11007.0,-0.028776978417266
20251030,LC2609,83200.0,5353.0,10233.0,0.0576923076923074
20251030,LC2610,83600.0,1033.0,1929.0,0.0
20251031,LC2511,79300.0,20286.0,10627.0,0.2148802017654478
20251031,LC2512,80720.0,54554.0,74951.0,0.0001002216010957
20251031,LC2601,80780.0,915245.0,510440.0,-0.0445654865065612
20251031,LC2602,80480.0,11080.0,33367.0,-0.0238568588469187
20251031,LC2603,80320.0,13575.0,41966.0,0.0537848605577702
20251031,LC2604,80680.0,3619.0,29740.0,0.0089241447694607
20251031,LC2605,80740.0,80318.0,111783.0,-0.0326975476839241
20251031,LC2606,80520.0,1831.0,14812.0,-0.005961251862891
20251031,LC2607,80480.0,8923.0,30230.0,0.0447316103379709
20251031,LC2608,80780.0,2990.0,11461.0,0.0118841297350824
20251031,LC2609,80860.0,5444.0,11175.0,0.0326490230027216
20251031,LC2610,81080.0,1229.0,2540.0,0.0
20251103,LC2511,80620.0,978.0,5780.0,0.2202927313321767
20251103,LC2512,82100.0,29634.0,76618.0,0.0002956109978239
20251103,LC2601,82280.0,586668.0,525184.0,-0.0437530384054447
20251103,LC2602,81980.0,13370.0,34107.0,-0.0322029763356916
20251103,LC2603,81760.0,15879.0,42452.0,0.0499021526418799
20251103,LC2604,82100.0,4125.0,29421.0,0.0146163215590746
20251103,LC2605,82200.0,74742.0,118853.0,-0.0350364963503646
20251103,LC2606,81960.0,1998.0,15034.0,0.0087847730600287
20251103,LC2607,82020.0,6412.0,30204.0,0.0760790051207012
20251103,LC2608,82540.0,4842.0,11939.0,0.0290768112430335
20251103,LC2609,82740.0,5627.0,12460.0,-0.0174039158810734
20251103,LC2610,82620.0,959.0,2724.0,0.0
20251104,LC2511,77160.0,428.0,5505.0,0.2021772939346817
20251104,LC2512,78460.0,56667.0,67707.0,0.0001718473880629
20251104,LC2601,78560.0,975978.0,457374.0,-0.0091649694501021
20251104,LC2602,78500.0,20246.0,31169.0,-0.0061146496815291
20251104,LC2603,78460.0,25589.0,42785.0,0.0917665052255918
20251104,LC2604,79060.0,7267.0,26873.0,0.0
20251104,LC2605,79060.0,117461.0,118285.0,0.0091070073362002
20251104,LC2606,79120.0,5331.0,15673.0,-0.0030333670374114
20251104,LC2607,79100.0,11568.0,32343.0,0.0788874841972191
20251104,LC2608,79620.0,5108.0,13152.0,0.0060286360211003
20251104,LC2609,79660.0,5942.0,12981.0,0.0030128044187796
20251104,LC2610,79680.0,1379.0,3070.0,0.0
20251105,LC2511,77800.0,285.0,4393.0,0.194344473007713
20251105,LC2512,79060.0,28055.0,65393.0,0.0001364345668344
20251105,LC2601,79140.0,515731.0,453260.0,-0.021228203184231
20251105,LC2602,79000.0,9768.0,30315.0,-0.0212658227848097
20251105,LC2603,78860.0,10402.0,43435.0,0.0973877758052248
20251105,LC2604,79500.0,2351.0,27382.0,0.0060377358490555
20251105,LC2605,79540.0,62962.0,122306.0,-0.0422428966557708
20251105,LC2606,79260.0,2419.0,15664.0,-0.0151400454201362
20251105,LC2607,79160.0,8721.0,33573.0,0.0333501768569997
20251105,LC2608,79380.0,5303.0,13906.0,0.0151171579743003
20251105,LC2609,79480.0,9151.0,14745.0,0.0030196275792642
20251105,LC2610,79500.0,1889.0,3394.0,0.0
20251110,LC2511,84500.0,358.0,1540.0,0.372071005917161
20251110,LC2512,87120.0,42541.0,58968.0,0.0001857182653913
20251110,LC2601,87240.0,986569.0,534483.0,-0.0412654745529574
20251110,LC2602,86940.0,22761.0,35309.0,-0.0248447204968949
20251110,LC2603,86760.0,31960.0,46013.0,0.0968188105117562
20251110,LC2604,87460.0,14275.0,34323.0,0.013720557969358
20251110,LC2605,87560.0,171408.0,185301.0,-0.0411146642302422
20251110,LC2606,87260.0,5896.0,16134.0,-0.024753609901444
20251110,LC2607,87080.0,14744.0,34993.0,0.0468534680753327
20251110,LC2608,87420.0,3772.0,16333.0,-0.0082361015785856
20251110,LC2609,87360.0,9524.0,18551.0,-0.0137362637362636
20251110,LC2610,87260.0,2769.0,4650.0,0.0
20251111,LC2511,84620.0,252.0,1138.0,0.2439139683289992
20251111,LC2512,86340.0,27924.0,56396.0,0.0003123267562523
20251111,LC2601,86540.0,902490.0,526493.0,-0.0388259764270864
20251111,LC2602,86260.0,15378.0,37193.0,-0.0250405750057964
20251111,LC2603,86080.0,24617.0,46303.0,0.108736059479555
20251111,LC2604,86860.0,7314.0,36224.0,0.0110522680174982
20251111,LC2605,86940.0,129904.0,196518.0,-0.0441683919944795
20251111,LC2606,86620.0,1255.0,16147.0,-0.0166243361810205
20251111,LC2607,86500.0,7875.0,34981.0,0.0388439306358394
20251111,LC2608,86780.0,1862.0,16766.0,0.0193592993777373
20251111,LC2609,86920.0,5115.0,19374.0,-0.0165669581224108
20251111,LC2610,86800.0,1258.0,4720.0,0.0
20251112,LC2511,84920.0,549.0,584.0,0.2232689590202534
20251112,LC2512,86500.0,30082.0,49994.0,0.0001246996168084
20251112,LC2601,86580.0,1145329.0,528966.0,-0.0415800415800413
20251112,LC2602,86280.0,18364.0,36334.0,-0.0194714881780244
20251112,LC2603,86140.0,26807.0,45594.0,0.0919433480380762
20251112,LC2604,86800.0,5692.0,35721.0,-0.0027649769585247
20251112,LC2605,86780.0,159018.0,211295.0,-0.0027656141968201
20251112,LC2606,86760.0,2931.0,16434.0,-0.0138312586445366
20251112,LC2607,86660.0,12006.0,35887.0,0.0692360950842365
20251112,LC2608,87160.0,3798.0,17312.0,0.0027535566773746
20251112,LC2609,87180.0,7380.0,20420.0,0.005505849965588
20251112,LC2610,87220.0,1355.0,4868.0,0.0
20251113,LC2511,86400.0,360.0,411.0,0.1750000000000007
20251113,LC2512,87660.0,27991.0,46884.0,0.0002768613155526
20251113,LC2601,87840.0,1106011.0,536514.0,-0.0300546448087426
20251113,LC2602,87620.0,19413.0,37285.0,-0.0356083086053411
20251113,LC2603,87360.0,25769.0,44998.0,0.0741758241758239
20251113,LC2604,87900.0,8318.0,38862.0,0.0245733788395892
20251113,LC2605,88080.0,173420.0,233910.0,-0.010899182561308
20251113,LC2606,88000.0,2141.0,16473.0,-0.0109090909090903
20251113,LC2607,87920.0,10666.0,36373.0,0.0491355777979976
20251113,LC2608,88280.0,3227.0,17681.0,0.0135931128228365
20251113,LC2609,88380.0,10351.0,22682.0,-0.0271554650373393
20251113,LC2610,88180.0,1437.0,5189.0,0.0
20251114,LC2511,85720.0,62.0,0.0,0.209986000933271
20251114,LC2512,87220.0,18863.0,44068.0,0.0002164228903277
20251114,LC2601,87360.0,757432.0,516778.0,-0.041208791208791
20251114,LC2602,87060.0,10575.0,37603.0,-0.00275671950379
20251114,LC2603,87040.0,13491.0,44698.0,0.1020220588235298
20251114,LC2604,87780.0,3696.0,38784.0,0.0136705399863306
20251114,LC2605,87880.0,118451.0,243044.0,-0.0191169776968589
20251114,LC2606,87740.0,1415.0,16585.0,0.0
20251114,LC2607,87740.0,5562.0,36792.0,0.0519717346706185
20251114,LC2608,88120.0,2260.0,18237.0,0.0081706763504305
20251114,LC2609,88180.0,6271.0,22737.0,0.0163302336130639
20251114,LC2610,88300.0,1400.0,5588.0,0.0
20251117,LC2512,95140.0,31604.0,40371.0,8.503140256937929e-05
20251117,LC2601,95200.0,1366919.0,562954.0,-0.04033613445378137
20251117,LC2602,94880.0,31231.0,41536.0,-0.012647554806070271
20251117,LC2603,94780.0,50249.0,51767.0,0.10888373074488289
20251117,LC2604,95640.0,12489.0,39553.0,0.01003764115432837
20251117,LC2605,95720.0,302425.0,274475.0,-0.022565816966151342
20251117,LC2606,95540.0,4856.0,16697.0,-0.005024073686414443
20251117,LC2607,95500.0,18208.0,37317.0,0.06282722513088945
20251117,LC2608,96000.0,7907.0,20619.0,-0.002500000000000391
20251117,LC2609,95980.0,16566.0,25468.0,0.0
20251117,LC2610,95980.0,5906.0,6834.0,-0.010002083767452152
20251117,LC2611,95900.0,1862.0,1077.0,0.0
20251118,LC2512,93420.0,33763.0,34320.0,0.00014432826019497547
20251118,LC2601,93520.0,1487724.0,484357.0,0.002566295979469224
20251118,LC2602,93540.0,45804.0,32290.0,-0.012828736369467908
20251118,LC2603,93440.0,55942.0,47721.0,0.10787671232876672
20251118,LC2604,94280.0,11104.0,38315.0,0.0
20251118,LC2605,94280.0,315048.0,274949.0,-0.03309291472210463
20251118,LC2606,94020.0,3541.0,16684.0,0.002552648372685873
20251118,LC2607,94040.0,18320.0,37814.0,0.035729476818374906
20251118,LC2608,94320.0,6222.0,21144.0,-0.002544529262086037
20251118,LC2609,94300.0,17015.0,26304.0,-0.027995758218452238
20251118,LC2610,94080.0,2506.0,6973.0,0.0
20251118,LC2611,94080.0,1485.0,1421.0,0.0
20251119,LC2512,99060.0,27148.0,30689.0,0.0003266661675933591
20251119,LC2601,99300.0,1767428.0,503132.0,0.009667673716011294
20251119,LC2602,99380.0,46738.0,31009.0,-0.009659891326222692
20251119,LC2603,99300.0,79292.0,53146.0,0.11601208459214618
20251119,LC2604,100260.0,13910.0,39677.0,0.023937761819270875
20251119,LC2605,100460.0,427422.0,319331.0,-0.0071670316543896995
20251119,LC2606,100400.0,7161.0,17645.0,-0.016733067729083118
20251119,LC2607,100260.0,21905.0,38859.0,0.031119090365050006
20251119,LC2608,100520.0,9706.0,22349.0,-0.0023875845602860934
20251119,LC2609,100500.0,21487.0,28187.0,-0.014328358208954839
20251119,LC2610,100380.0,2492.0,7180.0,0.0023909145248062202
20251119,LC2611,100400.0,1266.0,1838.0,0.0
20251120,LC2512,98880.0,17348.0,26964.0,0.00013635867786625312
20251120,LC2601,98980.0,1595646.0,479602.0,0.00969892907658032
20251120,LC2602,99060.0,71576.0,29143.0,0.012113870381586622
20251120,LC2603,99160.0,105056.0,48180.0,0.10891488503428715
20251120,LC2604,100060.0,21704.0,35595.0,0.007195682590446673
20251120,LC2605,100120.0,627740.0,339769.0,-0.01438274071114698
20251120,LC2606,100000.0,4945.0,17848.0,-0.028799999999999493
20251120,LC2607,99760.0,26837.0,38884.0,0.04330392943063277
20251120,LC2608,100120.0,5579.0,22305.0,-0.016779864163004365
20251120,LC2609,99980.0,21990.0,29031.0,-0.014402880576114718
20251120,LC2610,99860.0,3015.0,7465.0,0.019226917684759037
20251120,LC2611,100020.0,2326.0,2509.0,0.0
20251121,LC2512,90960.0,13508.0,23596.0,8.893895822834844e-05
20251121,LC2601,91020.0,1137824.0,411327.0,0.002636783124587261
20251121,LC2602,91040.0,57289.0,27884.0,0.01581722319859491
20251121,LC2603,91160.0,76106.0,45768.0,0.094778411584028
20251121,LC2604,91880.0,18096.0,34699.0,0.010448410970830935
20251121,LC2605,91960.0,691639.0,336423.0,-0.007829491083080065
20251121,LC2606,91900.0,10766.0,16871.0,-0.02089227421109907
20251121,LC2607,91740.0,39132.0,36358.0,0.020928711576194914
20251121,LC2608,91900.0,14785.0,23500.0,0.01566920565832497
20251121,LC2609,92020.0,34514.0,30693.0,-0.028689415344490765
20251121,LC2610,91800.0,7559.0,7634.0,0.013071895424837443
20251121,LC2611,91900.0,4866.0,3460.0,0.0
20251124,LC2512,90200.0,11735.0,20761.0,0.00041854555419916647
20251124,LC2601,90480.0,454612.0,365078.0,0.029177718832890776
20251124,LC2602,90700.0,26662.0,26815.0,0.010584343991180134
20251124,LC2603,90780.0,30308.0,44183.0,0.14540647719761957
20251124,LC2604,91880.0,12307.0,37609.0,0.02089682194166187
20251124,LC2605,92040.0,382501.0,362146.0,-0.023468057366362594
20251124,LC2606,91860.0,4390.0,17156.0,-0.023514043109079008
20251124,LC2607,91680.0,21627.0,36401.0,0.04712041884816642
20251124,LC2608,92040.0,5742.0,23301.0,0.03129074315514924
20251124,LC2609,92280.0,17857.0,32476.0,-0.01820546163849146
20251124,LC2610,92140.0,2076.0,7694.0,-0.020837855437378483
20251124,LC2611,91980.0,2123.0,3777.0,0.0
20251125,LC2512,95340.0,11811.0,15317.0,8.485302748529764e-05
20251125,LC2601,95400.0,511279.0,343199.0,0.025157232704401622
20251125,LC2602,95600.0,28817.0,24591.0,0.005020920502091464
20251125,LC2603,95640.0,34001.0,47238.0,0.1957340025094112
20251125,LC2604,97200.0,12455.0,41808.0,0.01728395061728527
20251125,LC2605,97340.0,590356.0,430223.0,-0.009862338196013454
20251125,LC2606,97260.0,7328.0,18159.0,-0.009870450339297232
20251125,LC2607,97180.0,29339.0,37808.0,0.04939287919324897
20251125,LC2608,97580.0,6235.0,24842.0,0.024595203935231957
20251125,LC2609,97780.0,27531.0,37843.0,-0.029453876048271432
20251125,LC2610,97540.0,2077.0,8031.0,0.029526348164856664
20251125,LC2611,97780.0,3560.0,4575.0,0.0
20251126,LC2512,94260.0,8475.0,13313.0,0.00034330098198385767
20251126,LC2601,94500.0,362655.0,302702.0,0.020317460317460956
20251126,LC2602,94660.0,23769.0,25519.0,0.005070779632369238
20251126,LC2603,94700.0,36316.0,50445.0,0.16979936642027393
20251126,LC2604,96040.0,17629.0,47024.0,0.03748438150770639
20251126,LC2605,96340.0,810231.0,478054.0,-0.017438239568195346
20251126,LC2606,96200.0,10965.0,18714.0,0.0
20251126,LC2607,96200.0,39257.0,40740.0,0.0673596673596677
20251126,LC2608,96740.0,8446.0,25491.0,0.029770518916684807
20251126,LC2609,96980.0,30792.0,39551.0,-0.0024747370591877704
20251126,LC2610,96960.0,2246.0,8382.0,-0.02970297029702973
20251126,LC2611,96720.0,3370.0,5320.0,0.0
20251127,LC2512,93960.0,4376.0,11158.0,5.739951497409563e-05
20251127,LC2601,94000.0,216915.0,280208.0,0.015319148936169036
20251127,LC2602,94120.0,14850.0,24927.0,0.028049298767531816
20251127,LC2603,94340.0,22858.0,50015.0,0.19334322662709447
20251127,LC2604,95860.0,6522.0,48425.0,-0.0050073023158767604
20251127,LC2605,95820.0,741463.0,507882.0,0.0
20251127,LC2606,95820.0,10108.0,20076.0,-0.015028177833438239
20251127,LC2607,95700.0,39205.0,41189.0,0.07021943573667766
20251127,LC2608,96260.0,4418.0,25566.0,0.004986494909618777
20251127,LC2609,96300.0,27379.0,42216.0,-0.007476635514019225
20251127,LC2610,96240.0,1844.0,8498.0,0.01246882793017523
20251127,LC2611,96340.0,2518.0,5857.0,0.0
20251128,LC2512,94560.0,5723.0,7799.0,0.0001140706097074217
20251128,LC2601,94640.0,143267.0,263704.0,0.007607776838545632
20251128,LC2602,94700.0,10892.0,24724.0,0.012671594508974593
20251128,LC2603,94800.0,15068.0,48879.0,0.1848101265822777
20251128,LC2604,96260.0,3567.0,49145.0,0.019945979638480438
20251128,LC2605,96420.0,580962.0,526998.0,-0.044803982576229195
20251128,LC2606,96060.0,7100.0,19661.0,-0.007495315427857641
20251128,LC2607,96000.0,35790.0,42247.0,0.057500000000000995
20251128,LC2608,96460.0,8107.0,28282.0,-0.007464233879328042
20251128,LC2609,96400.0,24121.0,43694.0,-0.03485477178423224
20251128,LC2610,96120.0,3602.0,9472.0,0.0024968789013728454
20251128,LC2611,96140.0,3219.0,6167.0,0.0
20251201,LC2512,95000.0,1151.0,4948.0,0.00017031342400946356
20251201,LC2601,95120.0,123883.0,249187.0,0.01766190075693963
20251201,LC2602,95260.0,9987.0,24885.0,0.03779130799916075
20251201,LC2603,95560.0,17994.0,51152.0,0.16324822101297531
20251201,LC2604,96860.0,6804.0,49460.0,0.009911212058642427
20251201,LC2605,96940.0,535475.0,543633.0,-0.03218485661233794
20251201,LC2606,96680.0,13057.0,21428.0,-0.0024824162184522436
20251201,LC2607,96660.0,33212.0,43901.0,0.04717566728739797
20251201,LC2608,97040.0,9267.0,29445.0,0.002473206924980431
20251201,LC2609,97060.0,22625.0,44468.0,-0.014836183803832892
20251201,LC2610,96940.0,2385.0,9371.0,-0.017330307406643097
20251201,LC2611,96800.0,2410.0,6310.0,0.0
20251202,LC2512,94960.0,453.0,4112.0,-0.00014198763760968174
20251202,LC2601,94860.0,73196.0,237382.0,0.015180265654648473
20251202,LC2602,94980.0,7220.0,25698.0,0.020214782059380987
20251202,LC2603,95140.0,9781.0,51353.0,0.13874290519234833
20251202,LC2604,96240.0,2363.0,49181.0,0.03990024937655967
20251202,LC2605,96560.0,454290.0,552239.0,-0.02734051367025625
20251202,LC2606,96340.0,3736.0,21163.0,-0.01992941664936687
20251202,LC2607,96180.0,22950.0,44734.0,0.03992514036182193
20251202,LC2608,96500.0,5592.0,30353.0,-0.00746113989637287
20251202,LC2609,96440.0,17881.0,46486.0,0.0
20251202,LC2610,96440.0,1664.0,9439.0,-0.024885939444214245
20251202,LC2611,96240.0,1137.0,6381.0,0.0
20251203,LC2512,92200.0,445.0,3191.0,-0.0002047332374661878
20251203,LC2601,92060.0,113357.0,216232.0,0.010427981751032434
20251203,LC2602,92140.0,11709.0,25801.0,0.007814195789016765
20251203,LC2603,92200.0,18601.0,48357.0,0.16399132321041243
20251203,LC2604,93460.0,4458.0,48166.0,0.02567943505242898
20251203,LC2605,93660.0,643323.0,562836.0,-0.0486867392696988
20251203,LC2606,93280.0,7619.0,22008.0,0.007718696397941649
20251203,LC2607,93340.0,33563.0,45009.0,0.04113991857724386
20251203,LC2608,93660.0,8605.0,27545.0,-0.020499679692504547
20251203,LC2609,93500.0,28171.0,47151.0,-0.015401069518717225
20251203,LC2610,93380.0,3031.0,9790.0,0.0025701434996783235
20251203,LC2611,93400.0,2070.0,6857.0,0.0
20251204,LC2512,90680.0,213.0,2792.0,0.002349290999836454
20251204,LC2601,92260.0,101978.0,203219.0,0.018209408194233667
20251204,LC2602,92400.0,12024.0,26179.0,0.010389610389610837
20251204,LC2603,92480.0,16571.0,47076.0,0.14792387543252605
20251204,LC2604,93620.0,2475.0,48247.0,0.010254219183934765
20251204,LC2605,93700.0,663458.0,560629.0,-0.058911419423692823
20251204,LC2606,93240.0,6144.0,21863.0,0.0077220077220072625
20251204,LC2607,93300.0,39733.0,43686.0,0.06430868167202686
20251204,LC2608,93800.0,7439.0,27922.0,-0.01791044776119355
20251204,LC2609,93660.0,24400.0,47321.0,-0.02818705957719425
20251204,LC2610,93440.0,2741.0,9933.0,-0.0077054794520545755
20251204,LC2611,93380.0,1753.0,7050.0,0.0
20251205,LC2512,90680.0,15.0,1655.0,0.0001189514430297079
20251205,LC2601,90760.0,97060.0,208282.0,0.021154693697663873
20251205,LC2602,90920.0,9133.0,28410.0,0.013198416190056683
20251205,LC2603,91020.0,10830.0,46553.0,0.12129202373104864
20251205,LC2604,91940.0,3707.0,48423.0,0.028714378942789942
20251205,LC2605,92160.0,461507.0,560676.0,-0.06770833333333393
20251205,LC2606,91640.0,4832.0,21809.0,0.018332605848975447
20251205,LC2607,91780.0,26096.0,43184.0,0.05752887339289625
20251205,LC2608,92220.0,3405.0,27825.0,0.002602472348732121
20251205,LC2609,92240.0,17000.0,48301.0,-0.03122289679097978
20251205,LC2610,92000.0,1196.0,9938.0,0.0
20251205,LC2611,92000.0,877.0,7237.0,0.0
20251208,LC2512,92800.0,8.0,1655.0,0.00037776055792328156
20251208,LC2601,93060.0,94060.0,170433.0,0.038684719535783785
20251208,LC2602,93360.0,12309.0,31377.0,-0.0025706940874030693
20251208,LC2603,93340.0,15307.0,45944.0,0.17227340904221133
20251208,LC2604,94680.0,6498.0,50119.0,0.020278833967046772
20251208,LC2605,94840.0,599367.0,593129.0,-0.05314213412062463
20251208,LC2606,94420.0,7524.0,22903.0,0.007625503071381878
20251208,LC2607,94480.0,29179.0,42605.0,0.0431837425910242
20251208,LC2608,94820.0,3645.0,28034.0,0.017717781058848026
20251208,LC2609,94960.0,26442.0,49937.0,-0.022746419545071284
20251208,LC2610,94780.0,2051.0,10134.0,0.005064359569530552
20251208,LC2611,94820.0,1270.0,7420.0,0.0
20251209,LC2512,92580.0,9.0,1475.0,-0.0023010769914146505
20251209,LC2601,91000.0,55384.0,150660.0,0.04483516483516414
20251209,LC2602,91340.0,9250.0,32607.0,-0.013137727173199387
20251209,LC2603,91240.0,10683.0,45984.0,0.17360806663744022
20251209,LC2604,92560.0,5301.0,51206.0,0.03111495246326612
20251209,LC2605,92800.0,512215.0,575421.0,-0.03620689655172438
20251209,LC2606,92520.0,4747.0,22673.0,-0.025940337224383825
20251209,LC2607,92320.0,33596.0,44050.0,0.07798960138648248
20251209,LC2608,92920.0,3692.0,28578.0,0.015497201894101309
20251209,LC2609,93040.0,21531.0,52635.0,-0.02321582115219245
20251209,LC2610,92860.0,967.0,10156.0,0.0077536075813045
20251209,LC2611,92920.0,1005.0,7545.0,0.0
20251210,LC2512,93640.0,0.0,987.0,0.0006335523568627614
20251210,LC2601,94080.0,58030.0,130924.0,0.025510204081632182
20251210,LC2602,94280.0,11899.0,32908.0,0.015273652948663674
20251210,LC2603,94400.0,11950.0,47745.0,0.13983050847457523
20251210,LC2604,95500.0,5794.0,53150.0,0.06031413612565473
20251210,LC2605,95980.0,620935.0,605453.0,-0.05501146072098351
20251210,LC2606,95540.0,6317.0,22948.0,-0.0075361105296209985
20251210,LC2607,95480.0,38986.0,45181.0,0.07289484708839655
20251210,LC2608,96060.0,3106.0,28552.0,0.014990630855715281
20251210,LC2609,96180.0,27715.0,54998.0,-0.032439176543979986
20251210,LC2610,95920.0,1064.0,10047.0,-0.00500417014178467
20251210,LC2611,95880.0,925.0,7630.0,0.0
20251211,LC2512,95600.0,2.0,510.0,0.0019463118800244438
20251211,LC2601,96980.0,55198.0,118737.0,0.022272633532685937
20251211,LC2602,97160.0,14865.0,34392.0,0.00988060930423984
20251211,LC2603,97240.0,15127.0,50007.0,0.16783216783216748
20251211,LC2604,98600.0,2689.0,53664.0,0.034077079107506236
20251211,LC2605,98880.0,744190.0,634283.0,-0.04611650485436947
20251211,LC2606,98500.0,7012.0,23173.0,-0.0024365482233501545
20251211,LC2607,98480.0,43544.0,45319.0,0.056051990251828165
20251211,LC2608,98940.0,2608.0,28507.0,0.02668283808368699
20251211,LC2609,99160.0,28403.0,56773.0,-0.03388463089955662
20251211,LC2610,98880.0,1387.0,10055.0,-0.007281553398057916
20251211,LC2611,98820.0,1005.0,7694.0,0.0
20251212,LC2512,94260.0,8.0,0.0,0.002374498458721633
20251212,LC2601,95920.0,47866.0,105756.0,0.047539616346957025
20251212,LC2602,96300.0,15548.0,33795.0,-0.017445482866043527
20251212,LC2603,96160.0,14684.0,49777.0,0.09234608985025083
20251212,LC2604,96900.0,5170.0,55651.0,0.10154798761609829
20251212,LC2605,97720.0,757689.0,636384.0,-0.061399918133442366
20251212,LC2606,97220.0,8695.0,23911.0,0.03209216210656152
20251212,LC2607,97480.0,43498.0,45922.0,0.059089043906443095
20251212,LC2608,97960.0,3201.0,28524.0,0.03919967333605445
20251212,LC2609,98280.0,34428.0,58059.0,-0.03418803418803362
20251212,LC2610,98000.0,1521.0,10038.0,0.0
20251212,LC2611,98000.0,1263.0,7753.0,0.0
20251215,LC2601,99100.0,33951.0,98299.0,0.03148335015136272
20251215,LC2602,99360.0,12111.0,33465.0,0.009661835748792313
20251215,LC2603,99440.0,8282.0,49641.0,0.159292035398229
20251215,LC2604,100760.0,4577.0,56941.0,0.03572846367606086
20251215,LC2605,101060.0,699601.0,662185.0,-0.03799722936869143
20251215,LC2606,100740.0,7780.0,24864.0,0.011911852293030378
20251215,LC2607,100840.0,43812.0,47232.0,0.052360174533914616
20251215,LC2608,101280.0,4057.0,28261.0,0.035545023696683664
20251215,LC2609,101580.0,32909.0,60047.0,-0.04489072652096837
20251215,LC2610,101200.0,1514.0,10066.0,-0.02845849802371525
20251215,LC2611,100960.0,1590.0,7740.0,0.19255150554675105
20251215,LC2612,102580.0,536.0,402.0,0.0
20251216,LC2601,98740.0,23802.0,92657.0,0.02916751063398859
20251216,LC2602,98980.0,9905.0,34265.0,0.02182259042230772
20251216,LC2603,99160.0,8688.0,50651.0,0.12827753126260522
20251216,LC2604,100220.0,2559.0,57043.0,0.04549990021951711
20251216,LC2605,100600.0,597317.0,666027.0,-0.026242544731610806
20251216,LC2606,100380.0,6858.0,25091.0,0.031081888822475534
20251216,LC2607,100640.0,57170.0,49500.0,0.062003179650237605
20251216,LC2608,101160.0,3859.0,28186.0,0.00948991696322743
20251216,LC2609,101240.0,32145.0,62114.0,-0.016594231529039938
20251216,LC2610,101100.0,984.0,10119.0,0.018991097922849143
20251216,LC2611,101260.0,2801.0,8250.0,0.17301994864704717
20251216,LC2612,102720.0,1034.0,1049.0,0.0
20251217,LC2601,106820.0,56079.0,79454.0,0.0089870810709618
20251217,LC2602,106900.0,33610.0,33617.0,0.029186155285312765
20251217,LC2603,107160.0,24685.0,53383.0,0.11870100783874538
20251217,LC2604,108220.0,11148.0,53037.0,0.04435409351321251
20251217,LC2605,108620.0,1158611.0,668589.0,-0.048609832443380796
20251217,LC2606,108180.0,20486.0,25918.0,0.035496394897392314
20251217,LC2607,108500.0,99776.0,52814.0,0.06414746543778715
20251217,LC2608,109080.0,13212.0,26593.0,0.04400440044004483
20251217,LC2609,109480.0,71257.0,65374.0,-0.0328827183047129
20251217,LC2610,109180.0,2322.0,9792.0,-0.01978384319472415
20251217,LC2611,109000.0,3294.0,8155.0,0.2201834862385308
20251217,LC2612,111000.0,1644.0,1579.0,0.0
20251218,LC2601,104440.0,37631.0,68869.0,0.016085790884717177
20251218,LC2602,104580.0,18737.0,32565.0,0.022948938611587977
20251218,LC2603,104780.0,25123.0,50191.0,0.15346440160335995
20251218,LC2604,106120.0,6453.0,52797.0,0.004523181304183055
20251218,LC2605,106160.0,1013916.0,672711.0,-0.01130369253956287
20251218,LC2606,106060.0,17419.0,24972.0,0.03394305110314999
20251218,LC2607,106360.0,103958.0,57206.0,0.1241068070703264
20251218,LC2608,107460.0,21258.0,21334.0,0.024567280848687645
20251218,LC2609,107680.0,58651.0,65100.0,0.011144130757800852
20251218,LC2610,107780.0,2407.0,10010.0,-0.017814065689367276
20251218,LC2611,107620.0,3813.0,8446.0,0.1605649507526472
20251218,LC2612,109060.0,1882.0,2030.0,0.0
20251219,LC2601,109720.0,33894.0,57834.0,0.0021873860736416617
20251219,LC2602,109740.0,24812.0,34639.0,0.02186987424822373
20251219,LC2603,109940.0,22674.0,49938.0,0.13534655266508988
20251219,LC2604,111180.0,5546.0,53178.0,0.023745277927685216
20251219,LC2605,111400.0,928963.0,668829.0,0.0
20251219,LC2606,111400.0,13930.0,24824.0,0.008617594254936023
20251219,LC2607,111480.0,88401.0,58293.0,0.12917115177610405
20251219,LC2608,112680.0,12596.0,18965.0,0.0
20251219,LC2609,112680.0,61023.0,64375.0,-0.0021299254526097045
20251219,LC2610,112660.0,3558.0,9974.0,-0.004260607136516992
20251219,LC2611,112620.0,4238.0,8932.0,0.17687799680340976
20251219,LC2612,114280.0,1867.0,2293.0,0.0
20251222,LC2601,112480.0,31568.0,50525.0,0.006401137980085458
20251222,LC2602,112540.0,26789.0,33972.0,0.029856051181803345
20251222,LC2603,112820.0,18749.0,49810.0,0.1318915085977661
20251222,LC2604,114060.0,7888.0,53193.0,0.03366649132035793
20251222,LC2605,114380.0,1007441.0,671889.0,0.02308095820947642
20251222,LC2606,114600.0,20787.0,25072.0,0.03141361256544606
20251222,LC2607,114900.0,125512.0,77427.0,0.10652741514360287
20251222,LC2608,115920.0,13150.0,19221.0,0.016563146997930822
20251222,LC2609,116080.0,81294.0,73791.0,-0.0020675396278422298
20251222,LC2610,116060.0,3703.0,9780.0,-0.014475271411338309
20251222,LC2611,115920.0,5264.0,9118.0,0.03726708074534102
20251222,LC2612,116280.0,6352.0,4684.0,0.0
20251223,LC2601,118440.0,22393.0,45342.0,0.016210739614994196
20251223,LC2602,118600.0,17863.0,34855.0,0.01618887015176984
20251223,LC2603,118760.0,12997.0,50840.0,0.12529471202424958
20251223,LC2604,120000.0,5268.0,52941.0,0.0359999999999987
20251223,LC2605,120360.0,731003.0,671573.0,-0.01994017946161497
20251223,LC2606,120160.0,17383.0,25566.0,0.05193075898801691
20251223,LC2607,120680.0,96318.0,84402.0,0.10540271793172007
20251223,LC2608,121740.0,8513.0,18814.0,0.009857072449481308
20251223,LC2609,121840.0,64410.0,76280.0,-0.027577150361129288
20251223,LC2610,121560.0,1719.0,9702.0,-0.009871668311945303
20251223,LC2611,121460.0,3780.0,9244.0,0.08694220319446622
20251223,LC2612,122340.0,2297.0,4914.0,0.0
20251224,LC2601,122760.0,30388.0,38001.0,0.015640273704790708
20251224,LC2602,122920.0,31306.0,39147.0,-0.0195248942401558
20251224,LC2603,122720.0,20789.0,50046.0,0.1251629726205996
20251224,LC2604,124000.0,10129.0,53128.0,0.06967741935483929
20251224,LC2605,124720.0,949006.0,647366.0,-0.0038486209108397063
20251224,LC2606,124680.0,28575.0,26005.0,0.042348411934551855
20251224,LC2607,125120.0,155830.0,92148.0,0.11508951406649714
20251224,LC2608,126320.0,13878.0,19398.0,0.018999366687777908
20251224,LC2609,126520.0,90448.0,85871.0,0.0
20251224,LC2610,126520.0,2924.0,9676.0,-0.03414479924122693
20251224,LC2611,126160.0,4939.0,9001.0,0.08941027266962642
20251224,LC2612,127100.0,3570.0,5442.0,0.0
20251225,LC2601,121540.0,33379.0,26492.0,0.021721244034886844
20251225,LC2602,121760.0,33685.0,38576.0,0.01773981603153718
20251225,LC2603,121940.0,24829.0,49571.0,0.14958176152206093
20251225,LC2604,123460.0,20980.0,50916.0,0.00583184837194306
20251225,LC2605,123520.0,924823.0,607187.0,0.0272020725388602
20251225,LC2606,123800.0,38235.0,27504.0,0.03877221324717173
20251225,LC2607,124200.0,237506.0,109902.0,0.1410628019323683
20251225,LC2608,125660.0,29642.0,21533.0,0.02100907209931613
20251225,LC2609,125880.0,158008.0,111991.0,0.009532888465205502
20251225,LC2610,125980.0,7727.0,10093.0,0.015240514367360625
20251225,LC2611,126140.0,15137.0,11588.0,0.12557475820516917
20251225,LC2612,127460.0,8730.0,7321.0,0.0
20251226,LC2601,127800.0,12772.0,21877.0,0.03192488262910764
20251226,LC2602,128140.0,19710.0,37064.0,0.026221320430779294
20251226,LC2603,128420.0,13223.0,49736.0,0.04298395888490969
20251226,LC2604,128880.0,7605.0,51067.0,0.15270018621973946
20251226,LC2605,130520.0,428716.0,577035.0,-0.03493717437940491
20251226,LC2606,130140.0,14641.0,26572.0,0.016597510373443924
20251226,LC2607,130320.0,126167.0,108589.0,0.1786372007366488
20251226,LC2608,132260.0,5739.0,21048.0,0.043550582186601794
20251226,LC2609,132740.0,90019.0,115436.0,-0.037968961880368024
20251226,LC2610,132320.0,2709.0,10234.0,0.10519951632406244
20251226,LC2611,133480.0,6088.0,13268.0,0.12765957446808596
20251226,LC2612,134900.0,3383.0,8082.0,0.0
20251229,LC2601,117980.0,18938.0,18871.0,0.016273944736394874
20251229,LC2602,118140.0,33992.0,32209.0,0.026409344845100158
20251229,LC2603,118400.0,25028.0,46910.0,0.02837837837837842
20251229,LC2604,118680.0,9158.0,49744.0,0.014155712841254164
20251229,LC2605,118820.0,688764.0,512345.0,-0.030297929641474042
20251229,LC2606,118520.0,22930.0,25022.0,0.14579817752278146
20251229,LC2607,119960.0,192095.0,99292.0,0.2940980326775593
20251229,LC2608,122900.0,7905.0,21039.0,-0.1366965012205048
20251229,LC2609,121500.0,140534.0,104355.0,-0.06320987654320964
20251229,LC2610,120860.0,6109.0,11206.0,0.029786529869269884
20251229,LC2611,121160.0,9066.0,14856.0,0.168372400132057
20251229,LC2612,122860.0,5554.0,9720.0,0.0
20251230,LC2601,119540.0,9368.0,15739.0,0.05822318889074918
20251230,LC2602,120120.0,15764.0,31817.0,0.019980019980020636
20251230,LC2603,120320.0,14616.0,46490.0,0.12167553191489322
20251230,LC2604,121540.0,8208.0,48459.0,0.00394931709725288
20251230,LC2605,121580.0,459530.0,511309.0,0.0059220266491193385
20251230,LC2606,121640.0,10193.0,24947.0,0.04340677408747151
20251230,LC2607,122080.0,133268.0,103587.0,0.10615989515072144
20251230,LC2608,123160.0,5719.0,20697.0,0.033127638843780005
20251230,LC2609,123500.0,98333.0,106858.0,-0.060242914979756534
20251230,LC2610,122880.0,2152.0,11264.0,0.12890625
20251230,LC2611,124200.0,3686.0,14990.0,0.09275362318840674
20251230,LC2612,125160.0,1995.0,9624.0,0.0
20251231,LC2601,120000.0,5997.0,11285.0,0.020000000000000462
20251231,LC2602,120200.0,17528.0,31597.0,0.007986688851914003
20251231,LC2603,120280.0,13199.0,45134.0,0.09378117725307522
20251231,LC2604,121220.0,8386.0,47358.0,0.0356376835505694
20251231,LC2605,121580.0,392450.0,490194.0,0.04935022207599982
20251231,LC2606,122080.0,9904.0,24563.0,0.03735255570117957
20251231,LC2607,122460.0,125987.0,106613.0,0.05291523762861239
20251231,LC2608,123000.0,5465.0,20359.0,0.09365853658536594
20251231,LC2609,123960.0,90477.0,103126.0,-0.04840271055179102
20251231,LC2610,123460.0,4815.0,11729.0,0.1341325125546744
20251231,LC2611,124840.0,7197.0,13587.0,0.10765780198654262
20251231,LC2612,125960.0,3320.0,9099.0,0.0
20260105,LC2601,127000.0,2806.0,7060.0,0.08125984251968532
20260105,LC2602,127860.0,16724.0,30162.0,0.03190990145471595
20260105,LC2603,128200.0,8837.0,46004.0,0.11232449297971936
20260105,LC2604,129400.0,4175.0,47781.0,0.05378670788253537
20260105,LC2605,129980.0,343623.0,515292.0,0.022157254962302808
20260105,LC2606,130220.0,8708.0,25604.0,0.05897711565043817
20260105,LC2607,130860.0,122447.0,119371.0,0.056854653828517954
20260105,LC2608,131480.0,3044.0,20124.0,0.04198357164587829
20260105,LC2609,131940.0,64097.0,110255.0,-0.010914051841745653
20260105,LC2610,131820.0,1886.0,11773.0,-0.005461993627674744
20260105,LC2611,131760.0,7539.0,13116.0,0.10382513661202175
20260105,LC2612,132900.0,5423.0,10515.0,0.0
20260106,LC2601,134360.0,508.0,4795.0,0.07859481988687023
20260106,LC2602,135240.0,17929.0,32315.0,0.05856255545696598
20260106,LC2603,135900.0,12706.0,45139.0,0.12715231788079429
20260106,LC2604,137340.0,7195.0,47594.0,0.05242463958060206
20260106,LC2605,137940.0,304237.0,534999.0,0.043497172683776064
20260106,LC2606,138440.0,7057.0,25924.0,0.015602427044206557
20260106,LC2607,138620.0,119724.0,132281.0,0.09522435435002219
20260106,LC2608,139720.0,2859.0,20053.0,0.025765817348984754
20260106,LC2609,140020.0,55609.0,117100.0,-0.1114126553349517
20260106,LC2610,138720.0,1883.0,11950.0,0.07612456747404739
20260106,LC2611,139600.0,3171.0,13298.0,0.14785100286532948
20260106,LC2612,141320.0,2697.0,11017.0,0.0
20260107,LC2601,139960.0,718.0,4412.0,-0.034295513003715694
20260107,LC2602,139560.0,20000.0,32049.0,0.03783319002579422
20260107,LC2603,140000.0,12459.0,44489.0,0.11657142857142944
20260107,LC2604,141360.0,6696.0,45657.0,0.0797962648556867
20260107,LC2605,142300.0,420407.0,506520.0,0.015179198875615363
20260107,LC2606,142480.0,8151.0,25037.0,0.05221785513756405
20260107,LC2607,143100.0,164025.0,129126.0,0.04528301886792452
20260107,LC2608,143640.0,2251.0,19916.0,0.061821219715957554
20260107,LC2609,144380.0,89562.0,120697.0,-0.041557002354896344
20260107,LC2610,143880.0,3268.0,12438.0,-0.0033361134278564464
20260107,LC2611,143840.0,6004.0,13122.0,0.15183537263626334
20260107,LC2612,145660.0,3584.0,10769.0,0.0
20260108,LC2601,137000.0,654.0,3676.0,0.4204379562043785
20260108,LC2602,141800.0,25158.0,31847.0,0.04569816643159452
20260108,LC2603,142340.0,17849.0,43949.0,0.14331881410706782
20260108,LC2604,144040.0,7235.0,45267.0,0.07997778394890176
20260108,LC2605,145000.0,654824.0,514467.0,0.023172413793102642
20260108,LC2606,145280.0,13103.0,26026.0,0.03469162995594832
20260108,LC2607,145700.0,268006.0,141151.0,0.047769389155800646
20260108,LC2608,146280.0,4408.0,20009.0,0.05414273995077856
20260108,LC2609,146940.0,136880.0,126497.0,-0.006533278889342853
20260108,LC2610,146860.0,4127.0,12616.0,0.008171047255888908
20260108,LC2611,146960.0,9244.0,13256.0,0.20577027762656552
20260108,LC2612,149480.0,3372.0,10671.0,0.0
20260109,LC2601,138700.0,331.0,2374.0,0.18168709444844922
20260109,LC2602,140800.0,58766.0,39577.0,0.04943181818181852
20260109,LC2603,141380.0,18482.0,43811.0,0.13750176828405802
20260109,LC2604,143000.0,3242.0,45593.0,0.035244755244754344
20260109,LC2605,143420.0,469479.0,510874.0,0.04016176265513849
20260109,LC2606,143900.0,11451.0,27361.0,0.020013898540652164
20260109,LC2607,144140.0,219644.0,144105.0,0.06493686693492506
20260109,LC2608,144920.0,2734.0,20317.0,0.03808998067899427
20260109,LC2609,145380.0,106413.0,128896.0,0.01815930664465526
20260109,LC2610,145600.0,5023.0,13724.0,-0.11043956043956005
20260109,LC2611,144260.0,7222.0,13778.0,0.2562040759739368
20260109,LC2612,147340.0,2854.0,10705.0,0.0
20260112,LC2601,146000.0,50.0,2351.0,0.6115068493150684
20260112,LC2602,153440.0,9350.0,33837.0,0.035974973931178766
20260112,LC2603,153900.0,3498.0,44499.0,0.2152046783625723
20260112,LC2604,156660.0,2320.0,46353.0,-0.04595940252776698
20260112,LC2605,156060.0,68491.0,506702.0,0.018454440599770194
20260112,LC2606,156300.0,2247.0,26887.0,0.05681381957773457
20260112,LC2607,157040.0,23514.0,145623.0,0.032093734080488545
20260112,LC2608,157460.0,819.0,20369.0,0.07316143782547968
20260112,LC2609,158420.0,14827.0,129722.0,0.043933846736522675
20260112,LC2610,159000.0,643.0,13727.0,0.0377358490566051
20260112,LC2611,159500.0,1140.0,13627.0,0.11887147335423265
20260112,LC2612,161080.0,1401.0,11209.0,0.0
20260113,LC2601,162800.0,67.0,1755.0,0.18427518427518397
20260113,LC2602,165300.0,43992.0,22224.0,0.05372050816697005
20260113,LC2603,166040.0,41610.0,41498.0,0.08094435075885453
20260113,LC2604,167160.0,13020.0,44724.0,-0.012921751615218913
20260113,LC2605,166980.0,608177.0,460281.0,0.007186489399928497
20260113,LC2606,167080.0,14090.0,26024.0,0.037347378501316086
20260113,LC2607,167600.0,273521.0,130039.0,0.07589498806682649
20260113,LC2608,168660.0,7371.0,18579.0,0.03842049092849642
20260113,LC2609,169200.0,149972.0,119056.0,0.02269503546099294
20260113,LC2610,169520.0,8032.0,11367.0,0.046720151014629785
20260113,LC2611,170180.0,12335.0,13849.0,0.018333529204372923
20260113,LC2612,170440.0,9785.0,11955.0,0.0
20260114,LC2601,166340.0,60.0,465.0,-0.42274858723097264
20260114,LC2602,160480.0,15230.0,18954.0,0.014955134596210229
20260114,LC2603,160680.0,25840.0,39344.0,0.07020164301717724
20260114,LC2604,161620.0,6602.0,44575.0,0.023759435713402333
20260114,LC2605,161940.0,589019.0,452583.0,0.047424972211929095
20260114,LC2606,162580.0,18889.0,25215.0,0.007380981670561226
20260114,LC2607,162680.0,261222.0,131702.0,0.12835013523481553
20260114,LC2608,164420.0,6466.0,18945.0,-0.030653205206178757
20260114,LC2609,164000.0,136958.0,116727.0,-0.0029268292682926855
20260114,LC2610,163960.0,4878.0,11120.0,0.06879726762624916
20260114,LC2611,164900.0,13555.0,13783.0,0.059672528805336356
20260114,LC2612,165720.0,8125.0,12905.0,0.0
20260115,LC2601,161900.0,0.0,95.0,-0.0785670166769612
20260115,LC2602,160840.0,8948.0,15808.0,0.08057697090276061
20260115,LC2603,161920.0,23395.0,40498.0,0.013339920948615358
20260115,LC2604,162100.0,5010.0,44433.0,0.08291178285009249
20260115,LC2605,163220.0,431256.0,443942.0,0.0
20260115,LC2606,163220.0,7988.0,24867.0,0.086754074255607
20260115,LC2607,164400.0,103578.0,130744.0,-0.058394160583941535
20260115,LC2608,163600.0,2542.0,19172.0,0.09388753056234656
20260115,LC2609,164880.0,60220.0,117060.0,-0.04075691411935889
20260115,LC2610,164320.0,1217.0,11109.0,0.04235637779941559
20260115,LC2611,164900.0,4088.0,13900.0,0.029108550636749442
20260115,LC2612,165300.0,2969.0,13254.0,0.0
20260116,LC2601,156300.0,40.0,0.0,-0.8230326295585417
20260116,LC2602,145580.0,9141.0,13902.0,0.026377249622202115
20260116,LC2603,145900.0,26296.0,42840.0,0.060863605209047655
20260116,LC2604,146640.0,6463.0,43569.0,-0.03600654664484493
20260116,LC2605,146200.0,591523.0,416133.0,0.013132694938439826
20260116,LC2606,146360.0,11823.0,23979.0,0.047553976496309325
20260116,LC2607,146940.0,135025.0,118444.0,0.13393221723152315
20260116,LC2608,148580.0,3402.0,18907.0,-0.06784223987077631
20260116,LC2609,147740.0,80218.0,110732.0,0.035738459455800786
20260116,LC2610,148180.0,2360.0,10824.0,0.02105547307328859
20260116,LC2611,148440.0,6788.0,13688.0,0.040420371867420535
20260116,LC2612,148940.0,5989.0,12997.0,0.0
20260119,LC2602,145600.0,4097.0,12840.0,0.05109890109890092
20260119,LC2603,146220.0,14365.0,42647.0,0.045958145260565963
20260119,LC2604,146780.0,2941.0,43212.0,0.0392424035972212
20260119,LC2605,147260.0,329126.0,411331.0,-0.019557245687899183
20260119,LC2606,147020.0,3627.0,24045.0,0.06366480750918146
20260119,LC2607,147800.0,60102.0,119847.0,0.04221921515561533
20260119,LC2608,148320.0,2746.0,18896.0,0.07928802588996842
20260119,LC2609,149300.0,37706.0,115032.0,-0.011252511721365988
20260119,LC2610,149160.0,1064.0,10678.0,0.030571198712792125
20260119,LC2611,149540.0,2966.0,13445.0,0.03691320048147784
20260119,LC2612,150000.0,2692.0,12220.0,0.0017078651685393175
20260119,LC2701,151900.0,231.0,159.0,0.0
20260120,LC2602,158940.0,3436.0,12484.0,0.04832012080030257
20260120,LC2603,159580.0,13723.0,42621.0,0.030078957262815287
20260120,LC2604,159980.0,3689.0,42542.0,0.03900487560945187
20260120,LC2605,160500.0,451074.0,415351.0,0.017943925233645075
20260120,LC2606,160740.0,5697.0,24562.0,0.046285927584921005
20260120,LC2607,161360.0,72870.0,123437.0,-0.02082300446207297
20260120,LC2608,161080.0,2226.0,18743.0,0.06108765830643215
20260120,LC2609,161900.0,55997.0,115584.0,-0.06670784434836285
20260120,LC2610,161000.0,1557.0,10735.0,0.11031055900621123
20260120,LC2611,162480.0,2331.0,13519.0,0.06646971935007517
20260120,LC2612,163380.0,1497.0,12290.0,0.0009738102803005569
20260120,LC2701,164560.0,159.0,208.0,0.0
20260121,LC2602,165080.0,1712.0,12028.0,0.03779985461594304
20260121,LC2603,165600.0,11428.0,40051.0,0.05797101449275388
20260121,LC2604,166400.0,4030.0,41475.0,0.024519230769231015
20260121,LC2605,166740.0,376418.0,427928.0,0.03310543360921159
20260121,LC2606,167200.0,4165.0,25332.0,0.01148325358851654
20260121,LC2607,167360.0,51781.0,127298.0,0.041586998087955074
20260121,LC2608,167940.0,2114.0,18736.0,0.027152554483745206
20260121,LC2609,168320.0,36947.0,118823.0,0.06844106463878319
20260121,LC2610,169280.0,438.0,10744.0,0.049621928166351914
20260121,LC2611,169980.0,1852.0,13129.0,0.0
20260121,LC2612,169980.0,1696.0,12158.0,1.586439118415899e-05
20260121,LC2701,170000.0,383.0,410.0,0.0
20260122,LC2602,166500.0,1957.0,11066.0,0.06918918918918848
20260122,LC2603,167460.0,9593.0,38047.0,0.08312432819777982
20260122,LC2604,168620.0,2374.0,40352.0,0.011386549638239707
20260122,LC2605,168780.0,464397.0,436686.0,-0.008531816565944261
20260122,LC2606,168660.0,5159.0,25595.0,0.07968694414798971
20260122,LC2607,169780.0,64637.0,131350.0,0.040994227824243445
20260122,LC2608,170360.0,2669.0,18685.0,-0.016905376849026155
20260122,LC2609,170120.0,43587.0,120030.0,0.01410768869033685
20260122,LC2610,170320.0,596.0,10710.0,0.07750117426021585
20260122,LC2611,171420.0,1681.0,12965.0,0.04060203010150509
20260122,LC2612,172000.0,1753.0,12273.0,-0.0013639926835641463
20260122,LC2701,170260.0,558.0,625.0,0.0
20260123,LC2602,179640.0,2203.0,10268.0,0.06279225116900555
20260123,LC2603,180580.0,10101.0,37592.0,0.07309779599069621
20260123,LC2604,181680.0,1908.0,40172.0,-0.010568031704095038
20260123,LC2605,181520.0,342805.0,438728.0,0.02644336712207984
20260123,LC2606,181920.0,5407.0,25406.0,0.04749340369393007
20260123,LC2607,182640.0,45693.0,134056.0,-0.022339027595269734
20260123,LC2608,182300.0,1065.0,18715.0,0.07109160724081054
20260123,LC2609,183380.0,34310.0,117543.0,0.0052350310829965
20260123,LC2610,183460.0,358.0,10679.0,0.0444783604055381
20260123,LC2611,184140.0,858.0,12929.0,-0.035190615835777095
20260123,LC2612,183600.0,1524.0,12429.0,-0.0013218770654329101
20260123,LC2701,181800.0,172.0,698.0,0.0
20260126,LC2602,164580.0,1930.0,9770.0,0.004374772147283323
20260126,LC2603,164640.0,19017.0,37259.0,0.0072886297376095754
20260126,LC2604,164740.0,9061.0,35793.0,0.06847153089717128
20260126,LC2605,165680.0,575675.0,416719.0,0.014485755673587342
20260126,LC2606,165880.0,10111.0,23992.0,0.056426332288402214
20260126,LC2607,166660.0,105103.0,121610.0,-0.021600864034561518
20260126,LC2608,166360.0,5277.0,18055.0,0.04616494349603251
20260126,LC2609,167000.0,78496.0,106434.0,0.05892215568862191
20260126,LC2610,167820.0,2141.0,10256.0,-0.05291383625312873
20260126,LC2611,167080.0,2586.0,12385.0,0.06607613119463718
20260126,LC2612,168000.0,4032.0,12301.0,0.002616372391653293
20260126,LC2701,171260.0,531.0,741.0,0.0
20260127,LC2602,176120.0,2671.0,9344.0,0.17987735634794344
20260127,LC2603,178760.0,10659.0,36823.0,0.034907138062207466
20260127,LC2604,179280.0,5142.0,34266.0,0.021419009370817754
20260127,LC2605,179600.0,382313.0,422433.0,-0.03474387527839662
20260127,LC2606,179080.0,4628.0,23627.0,0.060308242126424716
20260127,LC2607,179980.0,55497.0,120428.0,-0.04133792643627032
20260127,LC2608,179360.0,3812.0,17984.0,0.04817127564674273
20260127,LC2609,180080.0,39015.0,104534.0,0.15593069746779253
20260127,LC2610,182420.0,1453.0,10193.0,-0.06709790593136677
20260127,LC2611,181400.0,1772.0,11750.0,0.0687982359426682
20260127,LC2612,182440.0,1674.0,12185.0,-0.0006651409482939132
20260127,LC2701,181540.0,256.0,763.0,0.0
20260128,LC2602,166000.0,1845.0,9229.0,0.004337349397589563
20260128,LC2603,166060.0,10250.0,39440.0,0.026014693484282425
20260128,LC2604,166420.0,6555.0,33962.0,-0.010094940511957695
20260128,LC2605,166280.0,473223.0,410985.0,0.01587683425547226
20260128,LC2606,166500.0,5380.0,23493.0,0.03027027027026996
20260128,LC2607,166920.0,76019.0,111889.0,-0.02300503235082685
20260128,LC2608,166600.0,4034.0,16861.0,0.014405762304922298
20260128,LC2609,166800.0,52216.0,102570.0,-0.050359712230215514
20260128,LC2610,166100.0,710.0,10140.0,0.09680915111378674
20260128,LC2611,167440.0,1331.0,11797.0,0.09746774964166338
20260128,LC2612,168800.0,1789.0,11637.0,0.0001597529154907131
20260128,LC2701,169000.0,420.0,906.0,0.0
20260129,LC2602,162140.0,1999.0,9444.0,0.07252991242136453
20260129,LC2603,163120.0,9321.0,39707.0,0.14418832761157496
20260129,LC2604,165080.0,10152.0,30866.0,-0.01889992730797152
20260129,LC2605,164820.0,521334.0,402347.0,0.0873680378594841
20260129,LC2606,166020.0,5636.0,23868.0,-0.03180339718106229
20260129,LC2607,165580.0,71024.0,109624.0,0.0260901075009059
20260129,LC2608,165940.0,1209.0,16830.0,0.021694588405447135
20260129,LC2609,166240.0,46419.0,102278.0,-0.043310875842156094
20260129,LC2610,165640.0,597.0,10130.0,-0.0028978507606858273
20260129,LC2611,165600.0,3327.0,12124.0,0.0637681159420298
20260129,LC2612,166480.0,5650.0,12570.0,0.0008260937643418922
20260129,LC2701,167500.0,797.0,1006.0,0.0
20260130,LC2602,147220.0,3358.0,9099.0,0.06357831816329362
20260130,LC2603,148000.0,18454.0,44205.0,0.00810810810810736
20260130,LC2604,148100.0,10941.0,29700.0,0.008102633355839828
20260130,LC2605,148200.0,552668.0,372601.0,-0.0016194331983809818
20260130,LC2606,148180.0,10814.0,23211.0,0.05506816034552564
20260130,LC2607,148860.0,86752.0,98098.0,-0.05320435308343452
20260130,LC2608,148200.0,3584.0,16147.0,0.029149797570849678
20260130,LC2609,148560.0,66376.0,93994.0,-0.001615508885298489
20260130,LC2610,148540.0,1033.0,10004.0,-0.1163323010636863
20260130,LC2611,147100.0,2737.0,11768.0,0.17457511896668976
20260130,LC2612,149240.0,3714.0,13200.0,0.00014455262468418022
20260130,LC2701,149400.0,793.0,974.0,0.0
20260202,LC2602,136860.0,383.0,3942.0,-0.047347654537483574
20260202,LC2603,136320.0,17573.0,46994.0,0.02640845070422415
20260202,LC2604,136620.0,5766.0,29930.0,-0.3671497584541066
20260202,LC2605,132440.0,644314.0,347698.0,0.33705829054666303
20260202,LC2606,136160.0,6949.0,23057.0,-0.3102232667450058
20260202,LC2607,132640.0,102209.0,88548.0,0.26960193003618915
20260202,LC2608,135620.0,3212.0,15315.0,-0.27606547706827955
20260202,LC2609,132500.0,80221.0,91647.0,0.34415094339622687
20260202,LC2610,136300.0,1204.0,9844.0,0.09684519442406447
20260202,LC2611,137400.0,3634.0,12185.0,-0.23056768558951912
20260202,LC2612,134760.0,4120.0,12884.0,0.0028214953925580688
20260202,LC2701,137580.0,978.0,1084.0,0.0
20260203,LC2602,149000.0,304.0,1949.0,-0.08214765100671206
20260203,LC2603,147980.0,15617.0,43502.0,0.0421678605216913
20260203,LC2604,148500.0,4997.0,27978.0,-0.032323232323232975
20260203,LC2605,148100.0,619542.0,355770.0,0.03079000675219401
20260203,LC2606,148480.0,7217.0,22871.0,0.012931034482758896
20260203,LC2607,148640.0,75776.0,90516.0,0.03229278794402468
20260203,LC2608,149040.0,2849.0,14642.0,-0.12399355877616802
20260203,LC2609,147500.0,54283.0,94432.0,-0.10413559322033894
20260203,LC2610,146220.0,2016.0,9514.0,0.23143208863356612
20260203,LC2611,149040.0,3377.0,11843.0,0.03542673107890515
20260203,LC2612,149480.0,4570.0,13172.0,-0.0016055659620016075
20260203,LC2701,147700.0,715.0,1153.0,0.0
20260204,LC2602,149000.0,141.0,1818.0,-0.19489932885906036
20260204,LC2603,146580.0,8105.0,40657.0,0.029471960704052336
20260204,LC2604,146940.0,2068.0,27368.0,0.022866476112699985
20260204,LC2605,147220.0,311897.0,359912.0,0.0374949055834799
20260204,LC2606,147680.0,3131.0,22278.0,-0.03087757313109396
20260204,LC2607,147300.0,39262.0,91802.0,0.027698574338086424
20260204,LC2608,147640.0,1018.0,14600.0,-0.0357626659441892
20260204,LC2609,147200.0,26986.0,94488.0,0.048913043478260754
20260204,LC2610,147800.0,758.0,9475.0,0.006495263870095691
20260204,LC2611,147880.0,1126.0,11606.0,-0.10711387611576928
20260204,LC2612,146560.0,1945.0,13190.0,0.00016559540748736933
20260204,LC2701,146740.0,179.0,1175.0,0.0
20260205,LC2602,139520.0,79.0,1092.0,-0.6037844036697249
20260205,LC2603,132500.0,18930.0,40822.0,0.02535849056603645
20260205,LC2604,132780.0,3585.0,26609.0,0.0
20260205,LC2605,132780.0,531724.0,329777.0,0.027112516945321907
20260205,LC2606,133080.0,4286.0,22229.0,-0.007213706041478307
20260205,LC2607,133000.0,71354.0,84760.0,-0.018045112781954753
20260205,LC2608,132800.0,1680.0,13872.0,0.0
20260205,LC2609,132800.0,58992.0,89273.0,0.009036144578312033
20260205,LC2610,132900.0,1195.0,9079.0,-0.07404063205417577
20260205,LC2611,132080.0,2412.0,11098.0,0.1072077528770432
20260205,LC2612,133260.0,3506.0,12854.0,-0.0008701414991728544
20260205,LC2701,132400.0,1020.0,1503.0,0.0
20260206,LC2602,127600.0,80.0,863.0,0.3874608150470209
20260206,LC2603,131720.0,50811.0,39834.0,0.07105982386881227
20260206,LC2604,132500.0,3485.0,25042.0,0.03803773584905734
20260206,LC2605,132920.0,586706.0,328575.0,0.03250075233223093
20260206,LC2606,133280.0,4723.0,21979.0,0.030612244897960217
20260206,LC2607,133620.0,67815.0,82361.0,-0.14009878760664618
20260206,LC2608,132060.0,861.0,13850.0,0.13084961381190308
20260206,LC2609,133500.0,59038.0,91056.0,-0.21033707865168516
20260206,LC2610,131160.0,670.0,9017.0,0.13906678865507782
20260206,LC2611,132680.0,1582.0,10905.0,0.05969249321676173
20260206,LC2612,133340.0,3497.0,12983.0,-0.00024268449498873027
20260206,LC2701,133100.0,1267.0,2117.0,0.0
20260209,LC2602,136340.0,11.0,357.0,-0.04928854334751387
20260209,LC2603,135780.0,17668.0,28972.0,0.10782147591692492
20260209,LC2604,137000.0,2096.0,24268.0,0.0
20260209,LC2605,137000.0,305321.0,344071.0,-0.00875912408759083
20260209,LC2606,136900.0,3827.0,21710.0,0.01928414901387754
20260209,LC2607,137120.0,34062.0,84436.0,-0.003500583430572135
20260209,LC2608,137080.0,715.0,13637.0,0.028012839217973706
20260209,LC2609,137400.0,31183.0,91325.0,0.0366812227074238
20260209,LC2610,137820.0,520.0,8949.0,-0.04005224205485369
20260209,LC2611,137360.0,328.0,10923.0,0.008736167734421763
20260209,LC2612,137460.0,1638.0,13179.0,0.00011770533450385949
20260209,LC2701,137580.0,363.0,2190.0,0.0
20260210,LC2602,135880.0,0.0,0.0,-0.02826022961436614
20260210,LC2603,135560.0,5874.0,24963.0,0.12747123045146047
20260210,LC2604,137000.0,2156.0,23348.0,0.029781021897809623
20260210,LC2605,137340.0,295231.0,345989.0,0.050677151594583414
20260210,LC2606,137920.0,1769.0,21722.0,-0.03480278422273786
20260210,LC2607,137520.0,30388.0,85138.0,0.0698080279232105
20260210,LC2608,138320.0,396.0,13562.0,-0.0659340659340657
20260210,LC2609,137560.0,19587.0,92851.0,0.012212852573421529
20260210,LC2610,137700.0,137.0,8935.0,-0.04357298474945592
20260210,LC2611,137200.0,356.0,10870.0,0.05247813411078628
20260210,LC2612,137800.0,1065.0,13299.0,0.000352244744867172
20260210,LC2701,138160.0,1185.0,2717.0,0.0
20260211,LC2602,146860.0,0.0,0.0,0.11766308048481466
20260211,LC2603,148300.0,7902.0,20804.0,0.1456507080242755
20260211,LC2604,150100.0,3195.0,23120.0,0.012791472351765698
20260211,LC2605,150260.0,351877.0,356531.0,-0.014375083189138493
20260211,LC2606,150080.0,3156.0,21836.0,0.04957356076759112
20260211,LC2607,150700.0,34805.0,89788.0,-0.04777704047776998
20260211,LC2608,150100.0,726.0,13518.0,0.03997335109926681
20260211,LC2609,150600.0,24377.0,95070.0,0.009561752988046734
20260211,LC2610,150720.0,563.0,8927.0,-0.009554140127388866
20260211,LC2611,150600.0,399.0,10904.0,-0.028685258964142868
20260211,LC2612,150240.0,1105.0,13437.0,0.00035897619987795024
20260211,LC2701,150640.0,2377.0,3755.0,0.0
20260212,LC2602,146860.0,0.0,0.0,0.09314993871714528
20260212,LC2603,148000.0,3867.0,19071.0,0.12810810810810747
20260212,LC2604,149580.0,4667.0,23703.0,-0.012835940633774356
20260212,LC2605,149420.0,304798.0,353975.0,-0.012849685450408543
20260212,LC2606,149260.0,3265.0,21838.0,0.011255527267854504
20260212,LC2607,149400.0,34962.0,90299.0,0.05461847389558194
20260212,LC2608,150080.0,709.0,13622.0,-0.055970149253731005
20260212,LC2609,149380.0,24866.0,93845.0,-0.05623242736644851
20260212,LC2610,148680.0,425.0,9017.0,0.08555286521388172
20260212,LC2611,149740.0,701.0,11045.0,-0.07693335114197897
20260212,LC2612,148780.0,1820.0,13760.0,-0.0001993743873391258
20260212,LC2701,148560.0,755.0,3851.0,0.0
20260213,LC2602,144120.0,0.0,0.0,0.5312239800166525
20260213,LC2603,150500.0,4492.0,16973.0,0.13873754152823814
20260213,LC2604,152240.0,4322.0,24071.0,0.03152916447714116
20260213,LC2605,152640.0,300191.0,342226.0,0.08018867924528283
20260213,LC2606,153660.0,2038.0,21477.0,-0.051542366263177986
20260213,LC2607,153000.0,29465.0,90394.0,-0.0235294117647058
20260213,LC2608,152700.0,356.0,13597.0,0.06286836935166917
20260213,LC2609,153500.0,24983.0,94603.0,-0.0875570032573294
20260213,LC2610,152380.0,546.0,9107.0,-0.02677516734479557
20260213,LC2611,152040.0,913.0,11133.0,0.011049723756906715
20260213,LC2612,152180.0,808.0,13827.0,-0.00015947997714120359
20260213,LC2701,152000.0,242.0,3890.0,0.0
20260224,LC2603,161460.0,4179.0,15145.0,0.16945373467112468
20260224,LC2604,163740.0,9661.0,25833.0,0.027849028948331522
20260224,LC2605,164120.0,214364.0,365180.0,0.017548135510601526
20260224,LC2606,164360.0,2979.0,21657.0,0.024823558043318705
20260224,LC2607,164700.0,30856.0,95111.0,0.014571948998179707
20260224,LC2608,164900.0,472.0,13692.0,0.07422680412371108
20260224,LC2609,165920.0,24745.0,97446.0,-0.08244937319189916
20260224,LC2610,164780.0,1198.0,9823.0,-0.018934336691346143
20260224,LC2611,164520.0,1468.0,11488.0,0.0029175784099200186
20260224,LC2612,164560.0,2006.0,14551.0,3.277381153965101e-05
20260224,LC2701,164600.0,1352.0,4139.0,0.16038882138517518
20260224,LC2702,166800.0,708.0,345.0,0.0
20260225,LC2603,163920.0,4237.0,13126.0,0.15080527086383544
20260225,LC2604,165980.0,3840.0,26156.0,0.03614893360645954
20260225,LC2605,166480.0,322727.0,377037.0,0.04324843825084024
20260225,LC2606,167080.0,2527.0,21876.0,0.010055063442663048
20260225,LC2607,167220.0,41663.0,103488.0,0.0531036957301767
20260225,LC2608,167960.0,1756.0,14212.0,-0.05429864253393646
20260225,LC2609,167200.0,30098.0,99854.0,0.014354066985646341
20260225,LC2610,167400.0,1230.0,10201.0,-0.06738351254480346
20260225,LC2611,166460.0,1802.0,11662.0,0.11678481316832823
20260225,LC2612,168080.0,2948.0,14942.0,-0.0016685473477049458
20260225,LC2701,166000.0,655.0,4343.0,0.018795180722892546
20260225,LC2702,166260.0,623.0,708.0,0.0
20260226,LC2603,170640.0,4893.0,11611.0,0.17299578059071763
20260226,LC2604,173100.0,5851.0,25270.0,0.038821490467936925
20260226,LC2605,173660.0,402461.0,375204.0,0.017966140734769098
20260226,LC2606,173920.0,4171.0,21760.0,0.01379944802208044
20260226,LC2607,174120.0,62549.0,105738.0,-0.03445899379738071
20260226,LC2608,173620.0,1453.0,14094.0,0.10091003340629001
20260226,LC2609,175080.0,42223.0,102595.0,-0.20973269362577085
20260226,LC2610,172020.0,1066.0,10301.0,0.0544122776421343
20260226,LC2611,172800.0,3072.0,12651.0,0.03750000000000053
20260226,LC2612,173340.0,3952.0,15820.0,0.000202239412572287
20260226,LC2701,173600.0,1361.0,4768.0,-0.10092165898617544
20260226,LC2702,172140.0,248.0,750.0,0.0
20260227,LC2603,171900.0,4322.0,10533.0,0.2652705061082026
20260227,LC2604,175700.0,3798.0,25493.0,0.023221400113830448
20260227,LC2605,176040.0,281980.0,381552.0,-0.008179959100204748
20260227,LC2606,175920.0,2191.0,21855.0,0.04638472032742236
20260227,LC2607,176600.0,38065.0,108228.0,-0.08833522083805168
20260227,LC2608,175300.0,221.0,14094.0,0.13006274957216135
20260227,LC2609,177200.0,33005.0,105496.0,-0.12189616252821622
20260227,LC2610,175400.0,280.0,10309.0,-0.006841505131128578
20260227,LC2611,175300.0,1882.0,12807.0,0.01779806046776855
20260227,LC2612,175560.0,951.0,15791.0,-0.000614406291520432
20260227,LC2701,174760.0,184.0,4817.0,0.11673151750972721
20260227,LC2702,176460.0,0.0,750.0,0.0
20260302,LC2603,170500.0,1704.0,6721.0,0.06334310850439984
20260302,LC2604,171400.0,2550.0,24992.0,0.04340723453908968
20260302,LC2605,172020.0,227061.0,378336.0,0.03767003836763205
20260302,LC2606,172560.0,1432.0,22106.0,0.016689847009735637
20260302,LC2607,172800.0,31602.0,109843.0,0.04305555555555518
20260302,LC2608,173420.0,398.0,14076.0,-0.04428554953292618
20260302,LC2609,172780.0,28041.0,106354.0,0.02361384419492918
20260302,LC2610,173120.0,271.0,10334.0,-0.05545286506469438
20260302,LC2611,172320.0,968.0,13064.0,0.01949860724233865
20260302,LC2612,172600.0,842.0,15753.0,0.0003124715195229523
20260302,LC2701,173000.0,1133.0,5257.0,-0.01942196531791973
20260302,LC2702,172720.0,35.0,725.0,0.0
20260303,LC2603,148120.0,1479.0,5348.0,0.1685120172832839
20260303,LC2604,150200.0,7652.0,22970.0,0.052729693741677686
20260303,LC2605,150860.0,445115.0,339604.0,0.03181757921251549
20260303,LC2606,151260.0,4202.0,21907.0,0.009520031733438294
20260303,LC2607,151380.0,64513.0,99718.0,0.022195798652398402
20260303,LC2608,151660.0,667.0,13775.0,0.009494922853750865
20260303,LC2609,151780.0,49152.0,101482.0,-0.012649887995783704
20260303,LC2610,151620.0,1453.0,9665.0,0.011080332409972193
20260303,LC2611,151760.0,2945.0,12287.0,-0.05060622034791784
20260303,LC2612,151120.0,3767.0,14158.0,0.0003211972329453225
20260303,LC2701,151480.0,609.0,5213.0,0.19012410879324015
20260303,LC2702,153880.0,152.0,703.0,0.0
20260304,LC2603,149000.0,541.0,3786.0,0.3414765100671149
20260304,LC2604,153240.0,3595.0,22833.0,-0.01409553641346939
20260304,LC2605,153060.0,297139.0,339011.0,0.04076832614661008
20260304,LC2606,153580.0,2706.0,21692.0,-0.053131918218517704
20260304,LC2607,152900.0,46609.0,94354.0,0.14126880313930634
20260304,LC2608,154700.0,859.0,13687.0,-0.07446670976082714
20260304,LC2609,153740.0,40630.0,100596.0,-0.0999089371666444
20260304,LC2610,152460.0,480.0,9596.0,-0.017316017316017618
20260304,LC2611,152240.0,857.0,12221.0,0.06621124540199563
20260304,LC2612,153080.0,1461.0,13857.0,0.000369932149746179
20260304,LC2701,153500.0,674.0,5214.0,0.026579804560261877
20260304,LC2702,153840.0,28.0,700.0,0.0
20260305,LC2603,153020.0,662.0,2816.0,0.19918964841197262
20260305,LC2604,155560.0,2365.0,22062.0,0.023142195937258414
20260305,LC2605,155860.0,300505.0,332374.0,0.009239060695495738
20260305,LC2606,155980.0,1580.0,21504.0,-0.02154122323374752
20260305,LC2607,155700.0,41592.0,92979.0,-0.03699421965317873
20260305,LC2608,155220.0,377.0,13638.0,0.08349439505218292
20260305,LC2609,156300.0,36312.0,101443.0,-0.16122840690978935
20260305,LC2610,154200.0,209.0,9584.0,-0.015564202334630295
20260305,LC2611,154000.0,776.0,12369.0,-0.03116883116883118
20260305,LC2612,153600.0,995.0,13881.0,0.001211376404494388
20260305,LC2701,154980.0,443.0,5179.0,-0.05265195509097964
20260305,LC2702,154300.0,10.0,695.0,0.0
20260306,LC2603,154020.0,752.0,1844.0,0.14335800545383837
20260306,LC2604,155860.0,9455.0,21934.0,0.023097651738739344
20260306,LC2605,156160.0,228224.0,333903.0,-0.004610655737705027
20260306,LC2606,156100.0,1369.0,21553.0,0.02459961563100599
20260306,LC2607,156420.0,28339.0,91949.0,-0.030686612965094007
20260306,LC2608,156020.0,349.0,13640.0,0.05230098705294228
20260306,LC2609,156700.0,20219.0,101879.0,-0.00918953414167234
20260306,LC2610,156580.0,110.0,9590.0,-0.09962958232213559
20260306,LC2611,155280.0,332.0,12347.0,-0.04018547140649131
20260306,LC2612,154760.0,509.0,13940.0,0.00160306208090237
20260306,LC2701,156600.0,150.0,5200.0,-0.11954022988505741
20260306,LC2702,155040.0,21.0,705.0,0.0
20260309,LC2603,148500.0,471.0,998.0,0.9696969696969706
20260309,LC2604,160500.0,5782.0,18595.0,0.0418691588785034
20260309,LC2605,161060.0,402478.0,330671.0,-0.05513473239786437
20260309,LC2606,160320.0,2262.0,21511.0,0.043413173652695924
20260309,LC2607,160900.0,53253.0,94414.0,0.043256681168428734
20260309,LC2608,161480.0,423.0,13622.0,0.001486252167452129
20260309,LC2609,161500.0,44267.0,103488.0,-0.028235294117646692
20260309,LC2610,161120.0,279.0,9578.0,-0.043197616683217976
20260309,LC2611,160540.0,1015.0,12108.0,0.034383954154727725
20260309,LC2612,161000.0,1169.0,13806.0,0.0006029729918347467
20260309,LC2701,161720.0,373.0,5233.0,0.0504575810042045
20260309,LC2702,162400.0,26.0,704.0,0.0
20260310,LC2603,163000.0,292.0,932.0,-0.06478527607362006
20260310,LC2604,162120.0,2298.0,16957.0,0.06513693560325606
20260310,LC2605,163000.0,226273.0,332517.0,-0.01766871165644135
20260310,LC2606,162760.0,2182.0,21908.0,-0.004423691324649592
20260310,LC2607,162700.0,30004.0,95247.0,-0.06490473263675467
20260310,LC2608,161820.0,204.0,13622.0,0.08750463477938464
20260310,LC2609,163000.0,26369.0,106470.0,-0.11779141104294544
20260310,LC2610,161400.0,164.0,9596.0,-0.10408921933085447
20260310,LC2611,160000.0,305.0,12128.0,0.17250000000000032
20260310,LC2612,162300.0,656.0,13812.0,-0.0017113543375771032
20260310,LC2701,160240.0,154.0,5273.0,-0.24712930604093808
20260310,LC2702,156940.0,0.0,704.0,0.0
20260311,LC2603,155000.0,276.0,383.0,0.07741935483870854
20260311,LC2604,156000.0,2128.0,15832.0,-0.07384615384615412
20260311,LC2605,155040.0,267346.0,330436.0,-0.030959752321980893
20260311,LC2606,154640.0,3345.0,21808.0,0.018623900672531057
20260311,LC2607,154880.0,36316.0,94442.0,0.052685950413222216
20260311,LC2608,155560.0,141.0,13601.0,-0.021599382874774697
20260311,LC2609,155280.0,33105.0,107835.0,-0.020092735703246323
20260311,LC2610,155020.0,309.0,9552.0,-0.07895755386401726
20260311,LC2611,154000.0,888.0,12137.0,0.07792207792207861
20260311,LC2612,155000.0,648.0,13789.0,0.0009394708227618721
20260311,LC2701,156080.0,340.0,5357.0,0.06611993849307929
20260311,LC2702,156940.0,0.0,704.0,0.0
20260312,LC2603,150000.0,279.0,97.0,0.5488000000000008
20260312,LC2604,156860.0,1720.0,15025.0,0.009180160652812575
20260312,LC2605,156980.0,219828.0,325382.0,0.016817428971842574
20260312,LC2606,157200.0,578.0,21765.0,-0.03816793893129722
20260312,LC2607,156700.0,24021.0,95406.0,-0.04747925973197242
20260312,LC2608,156080.0,548.0,13393.0,0.07842132239876864
20260312,LC2609,157100.0,26300.0,110090.0,-0.06721833227243801
20260312,LC2610,156220.0,181.0,9551.0,-0.01689924465497361
20260312,LC2611,156000.0,293.0,12128.0,0.013846153846152731
20260312,LC2612,156180.0,436.0,13827.0,0.001657551571868246
20260312,LC2701,158100.0,357.0,5556.0,-0.0880455407969638
20260312,LC2702,156940.0,0.0,704.0,0.0
20260313,LC2603,156500.0,98.0,0.0,-0.3511821086261975
20260313,LC2604,151920.0,1878.0,14065.0,0.012638230647708859
20260313,LC2605,152080.0,288572.0,316964.0,-0.011046817464491987
20260313,LC2606,151940.0,849.0,21738.0,-0.042648413847571565
20260313,LC2607,151400.0,30634.0,95689.0,-0.028533685601056735
20260313,LC2608,151040.0,466.0,13405.0,0.08421610169491611
20260313,LC2609,152100.0,32941.0,113224.0,-0.01735700197238632
20260313,LC2610,151880.0,183.0,9552.0,-0.09481169344219076
20260313,LC2611,150680.0,627.0,11958.0,0.11627289620387504
20260313,LC2612,152140.0,1018.0,13712.0,-0.00014179725061039229
20260313,LC2701,151980.0,172.0,5600.0,0.20686932491117282
20260313,LC2702,154600.0,10.0,714.0,0.0
20260316,LC2604,159320.0,1165.0,13499.0,0.02259603314084835
20260316,LC2605,159620.0,231813.0,310683.0,-0.04661070041348214
20260316,LC2606,159000.0,1285.0,21689.0,0.027169811320755244
20260316,LC2607,159360.0,28524.0,98530.0,-0.06927710843373447
20260316,LC2608,158440.0,132.0,13428.0,0.08482706387276018
20260316,LC2609,159560.0,37937.0,118899.0,-0.0421158185008772
20260316,LC2610,159000.0,205.0,9548.0,-0.054339622641509155
20260316,LC2611,158280.0,926.0,12128.0,-0.0727824109173616
20260316,LC2612,157320.0,1065.0,13480.0,0.002005502275473737
20260316,LC2701,159660.0,487.0,5740.0,0.016535137166479252
20260316,LC2702,159880.0,11.0,714.0,-0.48936702526895237
20260316,LC2703,153360.0,7.0,5.0,0.0
20260317,LC2604,155440.0,1545.0,13279.0,-0.009264024704065399
20260317,LC2605,155320.0,173439.0,308842.0,-0.05717228946690689
20260317,LC2606,154580.0,1419.0,21765.0,0.02018372363824472
20260317,LC2607,154840.0,19685.0,99639.0,0.08679927667269371
20260317,LC2608,155960.0,243.0,13551.0,-0.053859964093356805
20260317,LC2609,155260.0,30500.0,121909.0,-0.012366353213963954
20260317,LC2610,155100.0,102.0,9549.0,-0.06189555125725299
20260317,LC2611,154300.0,355.0,12164.0,0.003110823071938995
20260317,LC2612,154340.0,602.0,13471.0,0.0011706243184098095
20260317,LC2701,155680.0,271.0,5746.0,0.027749229188078317
20260317,LC2702,156040.0,0.0,714.0,0.2599333504229673
20260317,LC2703,159420.0,20.0,23.0,0.0
20260318,LC2604,149880.0,790.0,12602.0,0.019215372297837874
20260318,LC2605,150120.0,205889.0,307422.0,-0.0063948840927254835
20260318,LC2606,150040.0,1128.0,21788.0,-0.035190615835777095
20260318,LC2607,149600.0,24174.0,98650.0,0.03208556149732633
20260318,LC2608,150000.0,557.0,13579.0,0.0015999999999998238
20260318,LC2609,150020.0,35711.0,124928.0,-0.025596587121717196
20260318,LC2610,149700.0,444.0,9414.0,0.004809619238477225
20260318,LC2611,149760.0,473.0,12189.0,-0.0032051282051281937
20260318,LC2612,149720.0,706.0,13462.0,0.0012607804230818954
20260318,LC2701,151120.0,561.0,5995.0,-0.11275807305452679
20260318,LC2702,149700.0,10.0,719.0,0.14428857715430876
20260318,LC2703,151500.0,5.0,23.0,0.0
20260319,LC2604,141920.0,1488.0,11563.0,0.05749718151071104
20260319,LC2605,142600.0,288571.0,282745.0,-0.01514726507713915
20260319,LC2606,142420.0,3204.0,21749.0,-0.023592192107849908
20260319,LC2607,142140.0,38204.0,99144.0,-0.027015618404389485
20260319,LC2608,141820.0,1041.0,13402.0,0.057537723875333846
20260319,LC2609,142500.0,57687.0,126780.0,-0.03368421052631643
20260319,LC2610,142100.0,1278.0,9272.0,-0.10302603800140764
20260319,LC2611,140880.0,2127.0,11907.0,0.16183986371379877
20260319,LC2612,142780.0,4075.0,12211.0,-0.0005099382880238445
20260319,LC2701,142240.0,788.0,5986.0,0.5652418447694032
20260319,LC2702,148940.0,5.0,719.0,-0.14663622935410192
20260319,LC2703,147120.0,0.0,23.0,0.0
20260320,LC2604,145000.0,960.0,11385.0,-0.09434482758620666
20260320,LC2605,143860.0,258276.0,276578.0,-0.04504379257611513
20260320,LC2606,143320.0,3625.0,21751.0,-0.01842031816913181
20260320,LC2607,143100.0,30226.0,100896.0,0.05031446540880591
20260320,LC2608,143700.0,602.0,13360.0,-0.015031315240083387
20260320,LC2609,143520.0,43475.0,132054.0,0.031772575250835544
20260320,LC2610,143900.0,184.0,9264.0,-0.04669909659485816
20260320,LC2611,143340.0,1332.0,11818.0,0.056927584763499794
20260320,LC2612,144020.0,1620.0,12205.0,0.0003932038153252716
20260320,LC2701,144440.0,630.0,6182.0,0.2592079756300185
20260320,LC2702,147560.0,0.0,719.0,-0.03578205475738683
20260320,LC2703,147120.0,0.0,23.0,0.0
20260323,LC2604,147860.0,452.0,11332.0,0.09576626538617639
20260323,LC2605,149040.0,228178.0,269477.0,-0.07246376811594235
20260323,LC2606,148140.0,1508.0,21692.0,0.012960712839205968
20260323,LC2607,148300.0,30648.0,103158.0,-0.1440323668240051
20260323,LC2608,146520.0,338.0,13315.0,0.20638820638820743
20260323,LC2609,149040.0,45188.0,135354.0,0.07246376811594235
20260323,LC2610,149940.0,135.0,9281.0,-0.07843137254901933
20260323,LC2611,148960.0,735.0,11872.0,0.04027926960257755
20260323,LC2612,149460.0,550.0,12176.0,-3.6084962043126087e-05
20260323,LC2701,149420.0,211.0,6108.0,-0.631240797751305
20260323,LC2702,141560.0,15.0,734.0,0.9324667985306574
20260323,LC2703,152560.0,15.0,28.0,0.0
20260324,LC2604,152440.0,1820.0,11743.0,0.039359748097612446
20260324,LC2605,152940.0,231071.0,260696.0,-0.07689289917614728
20260324,LC2606,151960.0,1929.0,21555.0,0.026849170834430502
20260324,LC2607,152300.0,26087.0,105924.0,-0.00787918581746494
20260324,LC2608,152200.0,709.0,13437.0,0.05519053876478264
20260324,LC2609,152900.0,45326.0,140261.0,-0.004708960104643722
20260324,LC2610,152840.0,207.0,9225.0,-0.10049725202826476
20260324,LC2611,151560.0,634.0,11779.0,0.08234362628661884
20260324,LC2612,152600.0,1274.0,12185.0,0.0009012325680710369
20260324,LC2701,153620.0,919.0,6200.0,0.05311808358286729
20260324,LC2702,154300.0,7.0,732.0,0.1648736228127028
20260324,LC2703,156420.0,20.0,48.0,0.0
20260325,LC2604,158740.0,1743.0,11820.0,0.0287262189744224
20260325,LC2605,159120.0,233304.0,251957.0,-0.040723981900452344
20260325,LC2606,158580.0,2406.0,21747.0,0.006053726825577144
20260325,LC2607,158660.0,29447.0,106241.0,0.08470944157317462
20260325,LC2608,159780.0,1265.0,13585.0,-0.0615846789335337
20260325,LC2609,158960.0,61200.0,149897.0,0.02566683442375517
20260325,LC2610,159300.0,727.0,9379.0,-0.09039548022598831
20260325,LC2611,158100.0,856.0,11829.0,0.007590132827325569
20260325,LC2612,158200.0,716.0,12286.0,0.0010056961036378378
20260325,LC2701,159380.0,1061.0,6280.0,-0.26201530932362926
20260325,LC2702,155900.0,0.0,732.0,0.04002565747273934
20260325,LC2703,156420.0,0.0,48.0,0.0
20260326,LC2604,158100.0,3526.0,12258.0,-0.06831119544592079
20260326,LC2605,157200.0,260930.0,246385.0,-0.029007633587786685
20260326,LC2606,156820.0,5241.0,22245.0,0.026017089656932058
20260326,LC2607,157160.0,34454.0,112109.0,0.027487910409774052
20260326,LC2608,157520.0,1214.0,13693.0,0.039614017267648904
20260326,LC2609,158040.0,69369.0,161657.0,-0.08807896735003862
20260326,LC2610,156880.0,271.0,9390.0,0.04742478327383992
20260326,LC2611,157500.0,955.0,11792.0,0.018285714285713794
20260326,LC2612,157740.0,584.0,12206.0,0.00047867134510923314
20260326,LC2701,158300.0,448.0,6429.0,0.1849652558433359
20260326,LC2702,160740.0,5.0,732.0,-0.3225083986562156
20260326,LC2703,156420.0,0.0,48.0,0.0
20260327,LC2604,167480.0,883.0,12602.0,0.06878433245760629
20260327,LC2605,168440.0,324620.0,247637.0,0.0
20260327,LC2606,168440.0,4371.0,22307.0,-0.002849679411065953
20260327,LC2607,168400.0,42950.0,114273.0,0.037054631828977946
20260327,LC2608,168920.0,3576.0,14488.0,0.03409898176651538
20260327,LC2609,169400.0,108795.0,190857.0,-0.202597402597402
20260327,LC2610,166540.0,1215.0,9804.0,0.22192866578599713
20260327,LC2611,169620.0,3265.0,12214.0,-0.046692607003890885
20260327,LC2612,168960.0,1366.0,12212.0,0.00033516343207353903
20260327,LC2701,169380.0,1032.0,6789.0,0.03258944385405638
20260327,LC2702,169840.0,22.0,730.0,0.01130475741874637
20260327,LC2703,170000.0,10.0,44.0,0.0
20260330,LC2604,170060.0,2285.0,12480.0,0.11007879571915868
20260330,LC2605,171620.0,199887.0,237761.0,-0.03356252185060038
20260330,LC2606,171140.0,3637.0,23054.0,0.03926609793151847
20260330,LC2607,171700.0,25021.0,118903.0,0.03075131042516066
20260330,LC2608,172140.0,3104.0,14861.0,0.0501917044266289
20260330,LC2609,172860.0,75204.0,207252.0,-0.05970149253731316
20260330,LC2610,172000.0,1019.0,10105.0,0.054418604651162994
20260330,LC2611,172780.0,1356.0,12483.0,-0.10695682370644777
20260330,LC2612,171240.0,748.0,12234.0,0.0007716353157011908
20260330,LC2701,172220.0,379.0,6900.0,-0.0947625130646843
20260330,LC2702,170860.0,25.0,730.0,-0.060400327753716176
20260330,LC2703,170000.0,0.0,44.0,0.0
20260331,LC2604,158040.0,2916.0,12439.0,-0.06378132118451063
20260331,LC2605,157200.0,296998.0,217916.0,-0.015267175572518887
20260331,LC2606,157000.0,4583.0,22762.0,0.030573248407643305
20260331,LC2607,157400.0,41761.0,118462.0,-0.012198221092757144
20260331,LC2608,157240.0,2885.0,14546.0,0.06105316713304543
20260331,LC2609,158040.0,135391.0,209109.0,-0.03340926347759998
20260331,LC2610,157600.0,4384.0,9792.0,-0.0060913705583760525
20260331,LC2611,157520.0,3463.0,12123.0,-0.07770441848654075
20260331,LC2612,156500.0,2405.0,12228.0,-0.0004307714398535433
20260331,LC2701,156000.0,653.0,6987.0,0.4030769230769238
20260331,LC2702,161240.0,2.0,728.0,0.5775241875465147
20260331,LC2703,169000.0,5.0,49.0,0.0
20260401,LC2604,161500.0,842.0,8800.0,-0.21399380804953605
20260401,LC2605,158620.0,231062.0,212931.0,-0.046904551758921276
20260401,LC2606,158000.0,2500.0,23261.0,0.025822784810127786
20260401,LC2607,158340.0,33340.0,119004.0,-0.009094353921939913
20260401,LC2608,158220.0,964.0,14477.0,0.0637087599544941
20260401,LC2609,159060.0,101640.0,212330.0,-0.060354583176159604
20260401,LC2610,158260.0,546.0,9797.0,-0.09402249462909174
20260401,LC2611,157020.0,2951.0,11735.0,-0.006113870844478342
20260401,LC2612,156940.0,1473.0,12334.0,0.0002233731347985392
20260401,LC2701,157200.0,1608.0,6982.0,-0.16946564885496151
20260401,LC2702,154980.0,10.0,733.0,0.6627951993805663
20260401,LC2703,163540.0,0.0,49.0,0.0
20260402,LC2604,159980.0,277.0,5891.0,-0.06300787598449764
20260402,LC2605,159140.0,219386.0,206515.0,0.0
20260402,LC2606,159140.0,3820.0,22757.0,0.01960537891164993
20260402,LC2607,159400.0,26979.0,121215.0,0.007528230865747609
20260402,LC2608,159500.0,242.0,14421.0,0.051159874608150524
20260402,LC2609,160180.0,90671.0,216908.0,-0.04494943188912437
20260402,LC2610,159580.0,269.0,9810.0,0.007519739315703156
20260402,LC2611,159680.0,1089.0,11832.0,-0.028557114228457525
20260402,LC2612,159300.0,765.0,12181.0,0.0003047038659302842
20260402,LC2701,159660.0,606.0,6840.0,-0.21195039458850085
20260402,LC2702,156840.0,0.0,733.0,0.7039020657995412
20260402,LC2703,166040.0,10.0,59.0,0.0
20260403,LC2604,157800.0,160.0,4778.0,-0.063878326996198
20260403,LC2605,156960.0,147054.0,202890.0,-0.027522935779817015
20260403,LC2606,156600.0,2182.0,22602.0,0.019923371647510457
20260403,LC2607,156860.0,18582.0,118322.0,0.11628203493561173
20260403,LC2608,158380.0,138.0,14429.0,-0.03939891400429296
20260403,LC2609,157860.0,66813.0,218471.0,-0.013683010262257156
20260403,LC2610,157680.0,80.0,9815.0,-0.0593607305936068
20260403,LC2611,156900.0,1382.0,12326.0,0.030592734225621143
20260403,LC2612,157300.0,235.0,12219.0,6.857289799066456e-05
20260403,LC2701,157380.0,164.0,6864.0,-0.04117422798322545
20260403,LC2702,156840.0,0.0,733.0,0.5248661055853105
20260403,LC2703,163700.0,0.0,59.0,0.0
20260407,LC2604,163000.0,406.0,3457.0,-0.26944785276073624
20260407,LC2605,159340.0,168954.0,193711.0,0.02259319693736561
20260407,LC2606,159640.0,6646.0,23364.0,0.013530443497869804
20260407,LC2607,159820.0,23394.0,119042.0,0.048054060818421895
20260407,LC2608,160460.0,240.0,14478.0,0.029913997257884795
20260407,LC2609,160860.0,99493.0,233277.0,0.01491980604252241
20260407,LC2610,161060.0,213.0,9782.0,-0.09089780206134357
20260407,LC2611,159840.0,1297.0,12826.0,-0.0030030030030032684
20260407,LC2612,159800.0,609.0,12439.0,0.00018562529003951375
20260407,LC2701,160020.0,439.0,6961.0,-0.2174728158980126
20260407,LC2702,157120.0,0.0,733.0,0.5025458248472514
20260407,LC2703,163700.0,0.0,59.0,0.0
20260408,LC2604,162000.0,77.0,2803.0,-0.27259259259259316
20260408,LC2605,158320.0,205786.0,185821.0,0.028802425467407744
20260408,LC2606,158700.0,7998.0,22463.0,-0.0060491493383745265
20260408,LC2607,158620.0,31975.0,117812.0,0.04993065187239942
20260408,LC2608,159280.0,731.0,14694.0,0.025615268709190175
20260408,LC2609,159620.0,122220.0,241459.0,-0.08119283297832292
20260408,LC2610,158540.0,366.0,9920.0,0.034817711618519986
20260408,LC2611,159000.0,2681.0,13458.0,0.024150943396227476
20260408,LC2612,159320.0,878.0,12512.0,-0.00030466561538222193
20260408,LC2701,158960.0,594.0,7137.0,0.07851031706089628
20260408,LC2702,160000.0,21.0,748.0,-0.49200000000000044
20260408,LC2703,153440.0,5.0,54.0,0.0
20260409,LC2604,151900.0,20.0,2033.0,0.04107965766951871
20260409,LC2605,152420.0,185748.0,170875.0,0.017320561606088525
20260409,LC2606,152640.0,9757.0,25530.0,-0.009433962264150608
20260409,LC2607,152520.0,35762.0,116439.0,0.045633359559403175
20260409,LC2608,153100.0,578.0,14564.0,0.036054866100586835
20260409,LC2609,153560.0,155903.0,252754.0,-0.08908569940088595
20260409,LC2610,152420.0,227.0,9872.0,0.015745965096445325
20260409,LC2611,152620.0,2150.0,14014.0,-0.011007731621019534
20260409,LC2612,152480.0,1644.0,13061.0,0.0004421283469115742
20260409,LC2701,152980.0,924.0,7376.0,0.2839586874101183
20260409,LC2702,156600.0,0.0,748.0,-0.13793103448275845
20260409,LC2703,154800.0,10.0,64.0,0.0
20260410,LC2604,153900.0,75.0,1208.0,0.11695906432748604
20260410,LC2605,155400.0,146392.0,150277.0,0.03397683397683515
20260410,LC2606,155840.0,7627.0,26174.0,0.013860369609857592
20260410,LC2607,156020.0,24901.0,117942.0,0.08921933085501887
20260410,LC2608,157180.0,488.0,14675.0,0.03206514823768902
20260410,LC2609,157600.0,141334.0,258584.0,-0.08375634517766439
20260410,LC2610,156500.0,236.0,9877.0,0.021469648562300492
20260410,LC2611,156780.0,1927.0,14721.0,-0.03827018752391931
20260410,LC2612,156280.0,782.0,13167.0,-0.0003451022796881419
20260410,LC2701,155880.0,864.0,7703.0,0.13086989992301667
20260410,LC2702,157580.0,26.0,764.0,-0.08224393958624177
20260410,LC2703,156500.0,26.0,79.0,0.0
20260413,LC2604,161680.0,92.0,1143.0,0.14398812469074684
20260413,LC2605,163620.0,146035.0,132525.0,0.030803080308031916
20260413,LC2606,164040.0,10878.0,25218.0,0.027798098024871543
20260413,LC2607,164420.0,36060.0,121550.0,0.09487896849531641
20260413,LC2608,165720.0,1613.0,15286.0,0.056480811006517584
20260413,LC2609,166500.0,192774.0,298143.0,-0.10810810810810834
20260413,LC2610,165000.0,477.0,10062.0,0.021818181818180626
20260413,LC2611,165300.0,4401.0,16470.0,-0.03920145190562607
20260413,LC2612,164760.0,1219.0,13583.0,-0.0005564784732849438
20260413,LC2701,164080.0,3453.0,9505.0,-0.16967333008288588
20260413,LC2702,161760.0,0.0,764.0,-0.1958456973293763
20260413,LC2703,159120.0,0.0,79.0,0.0
20260414,LC2604,162000.0,15.0,798.0,0.14222222222222136
20260414,LC2605,163920.0,71316.0,113991.0,0.026354319180089014
20260414,LC2606,164280.0,5781.0,24992.0,0.03360116873630403
20260414,LC2607,164740.0,28923.0,124852.0,0.11654728663348202
20260414,LC2608,166340.0,799.0,15552.0,0.03607069856919498
20260414,LC2609,166840.0,166865.0,324231.0,-0.06617118197074978
20260414,LC2610,165920.0,127.0,10046.0,0.018804243008678334
20260414,LC2611,166180.0,1715.0,16945.0,-0.10109519797809607
20260414,LC2612,164780.0,435.0,13703.0,0.0011291868899765461
20260414,LC2701,166160.0,1006.0,9734.0,-0.20799229658160856
20260414,LC2702,163280.0,0.0,764.0,-0.17344439000489942
20260414,LC2703,160920.0,0.0,79.0,0.0
20260415,LC2604,163400.0,656.0,0.0,0.15569155446756344
20260415,LC2605,165520.0,63683.0,97595.0,0.05799903334944467
20260415,LC2606,166320.0,5765.0,24878.0,0.03318903318903299
20260415,LC2607,166780.0,35447.0,130226.0,0.09065835232042296
20260415,LC2608,168040.0,1869.0,15811.0,0.04427517257795888
20260415,LC2609,168660.0,215162.0,348716.0,-0.07968694414798971
20260415,LC2610,167540.0,770.0,9942.0,-0.012892443595559744
20260415,LC2611,167360.0,2010.0,17302.0,-0.06309751434034361
20260415,LC2612,166480.0,2403.0,13865.0,-0.00011338541863516665
20260415,LC2701,166340.0,2052.0,9742.0,-0.09811230010821248
20260415,LC2702,164980.0,0.0,764.0,-0.15129106558370653
20260415,LC2703,162900.0,0.0,79.0,0.0
20260416,LC2605,172400.0,57091.0,91901.0,0.04037122969837714
20260416,LC2606,172980.0,8787.0,25876.0,0.04856052722858184
20260416,LC2607,173680.0,39886.0,133829.0,0.09811146936895376
20260416,LC2608,175100.0,3057.0,16443.0,0.061679040548257014
20260416,LC2609,176000.0,251427.0,394543.0,-0.08045454545454556
20260416,LC2610,174820.0,1749.0,10315.0,-0.05628646607939558
20260416,LC2611,174000.0,3569.0,17602.0,-0.04827586206896539
20260416,LC2612,173300.0,1923.0,14014.0,-0.0002178465608122565
20260416,LC2701,173020.0,1547.0,10011.0,0.012484105883712182
20260416,LC2702,173200.0,101.0,810.0,-0.221709006928406
20260416,LC2703,170000.0,0.0,79.0,-0.405176470588235
20260416,LC2704,164260.0,10.0,5.0,0.0
20260417,LC2605,173760.0,38054.0,84247.0,0.05662983425414492
20260417,LC2606,174580.0,6665.0,24589.0,0.05361438881887981
20260417,LC2607,175360.0,31240.0,139001.0,0.0588503649635026
20260417,LC2608,176220.0,806.0,16804.0,0.09124957439564252
20260417,LC2609,177560.0,201622.0,408749.0,-0.0810993466997072
20260417,LC2610,176360.0,1235.0,10418.0,-0.047629848038103884
20260417,LC2611,175660.0,2317.0,17728.0,-0.04508710007969974
20260417,LC2612,175000.0,649.0,14172.0,-0.00027736757624398226
20260417,LC2701,174640.0,947.0,10079.0,-0.12093449381584964
20260417,LC2702,172880.0,20.0,801.0,0.0
20260417,LC2703,172880.0,5.0,74.0,-0.02221193891716844
20260417,LC2704,172560.0,0.0,5.0,0.0
20260420,LC2605,176220.0,33572.0,73627.0,0.05992509363295895
20260420,LC2606,177100.0,5060.0,25017.0,0.04743083003952542
20260420,LC2607,177800.0,29386.0,141975.0,0.14173228346456668
20260420,LC2608,179900.0,1378.0,17300.0,0.020011117287381808
20260420,LC2609,180200.0,208657.0,435887.0,-0.04528301886792452
20260420,LC2610,179520.0,1052.0,10453.0,-0.04144385026737929
20260420,LC2611,178900.0,2067.0,18065.0,-0.03890441587479021
20260420,LC2612,178320.0,565.0,14321.0,0.0002873259031862941
20260420,LC2701,178700.0,876.0,10198.0,-0.02148852825965264
20260420,LC2702,178380.0,7.0,801.0,-0.10494450050454107
20260420,LC2703,176820.0,1.0,74.0,0.2158126908720721
20260420,LC2704,180000.0,5.0,5.0,0.0
20260421,LC2605,170460.0,38174.0,59730.0,0.04083069341781087
20260421,LC2606,171040.0,8043.0,25689.0,0.06594948550046809
20260421,LC2607,171980.0,44352.0,137510.0,0.12699151064077174
20260421,LC2608,173800.0,994.0,16863.0,0.03176064441887316
20260421,LC2609,174260.0,323093.0,424045.0,-0.06886261907494573
20260421,LC2610,173260.0,1049.0,10264.0,0.030474431490245202
20260421,LC2611,173700.0,3386.0,18706.0,-0.04974093264248669
20260421,LC2612,172980.0,2057.0,14940.0,4.676776298097428e-05
20260421,LC2701,173040.0,808.0,10171.0,0.12205270457697726
20260421,LC2702,174800.0,0.0,801.0,0.1386727688787195
20260421,LC2703,176820.0,0.0,74.0,-0.20495419070240883
20260421,LC2704,173800.0,145.0,135.0,0.0
20260422,LC2605,171580.0,15593.0,54244.0,0.05035551929129145
20260422,LC2606,172300.0,5405.0,25392.0,0.05014509576320414
20260422,LC2607,173020.0,25891.0,137691.0,0.1026470928216403
20260422,LC2608,174500.0,1261.0,16862.0,0.050888252148996393
20260422,LC2609,175240.0,190015.0,430946.0,-0.08491212052042929
20260422,LC2610,174000.0,1303.0,10401.0,0.02758620689655089
20260422,LC2611,174400.0,2321.0,19132.0,-0.050917431192660345
20260422,LC2612,173660.0,1538.0,15404.0,0.0007298259416889919
20260422,LC2701,174600.0,942.0,10406.0,-0.1841924398625423
20260422,LC2702,171920.0,5.0,796.0,0.3420195439739402
20260422,LC2703,176820.0,0.0,74.0,-0.019002375296911733
20260422,LC2704,176540.0,40.0,135.0,0.0
20260423,LC2605,173960.0,20220.0,46355.0,0.057944355024142524
20260423,LC2606,174800.0,6820.0,24812.0,0.054919908466819045
20260423,LC2607,175600.0,27574.0,139589.0,0.09430523917995348
20260423,LC2608,176980.0,320.0,16808.0,0.0664481862357329
20260423,LC2609,177960.0,236073.0,441139.0,-0.06473364801078851
20260423,LC2610,177000.0,514.0,10369.0,0.0
20260423,LC2611,177000.0,1472.0,18933.0,-0.0054237288135587924
20260423,LC2612,176920.0,854.0,15439.0,-0.00038105205933234524
20260423,LC2701,176420.0,900.0,10370.0,0.07346105883686782
20260423,LC2702,177500.0,5.0,798.0,0.08788732394366239
20260423,LC2703,178800.0,230.0,188.0,-0.06040268456375797
20260423,LC2704,177900.0,471.0,340.0,0.0
20260424,LC2605,173940.0,20453.0,38800.0,0.08140738185581231
20260424,LC2606,175120.0,5368.0,25212.0,0.03426222019186831
20260424,LC2607,175620.0,28189.0,144174.0,0.1284591732148952
20260424,LC2608,177500.0,999.0,17070.0,0.02704225352112566
20260424,LC2609,177900.0,246726.0,455510.0,-0.06340640809443476
20260424,LC2610,176960.0,1103.0,10992.0,0.010849909584085715
20260424,LC2611,177120.0,2118.0,19171.0,-0.06368563685636852
20260424,LC2612,176180.0,1007.0,15878.0,0.0007806112492203382
20260424,LC2701,177200.0,1553.0,10735.0,0.062302483069976766
20260424,LC2702,178120.0,5.0,798.0,0.06332809342016521
20260424,LC2703,179060.0,288.0,363.0,-0.005361331397296887
20260424,LC2704,178980.0,365.0,532.0,0.0
20260427,LC2605,176700.0,17627.0,32156.0,0.05432937181663888
20260427,LC2606,177500.0,10675.0,25857.0,0.060845070422534064
20260427,LC2607,178400.0,32493.0,143651.0,0.10762331838565053
20260427,LC2608,180000.0,798.0,17278.0,0.037333333333332774
20260427,LC2609,180560.0,238899.0,466692.0,-0.070447496677005
20260427,LC2610,179500.0,1150.0,11418.0,0.021392757660167128
20260427,LC2611,179820.0,3273.0,19346.0,-0.018685352018685375
20260427,LC2612,179540.0,1415.0,16112.0,-1.5019656976062825e-05
20260427,LC2701,179520.0,1059.0,10846.0,0.030748663101602958
20260427,LC2702,179980.0,16.0,797.0,0.16535170574508395
20260427,LC2703,182460.0,35.0,363.0,-0.08286747780335446
20260427,LC2704,181200.0,49.0,542.0,0.0
20260428,LC2605,174760.0,13848.0,26453.0,0.07965209430075504
20260428,LC2606,175920.0,6418.0,26760.0,0.024556616643928386
20260428,LC2607,176280.0,28531.0,142152.0,0.11844792375765856
20260428,LC2608,178020.0,666.0,17137.0,0.040444893832153994
20260428,LC2609,178620.0,263957.0,453086.0,-0.01612361437689014
20260428,LC2610,178380.0,411.0,11425.0,0.005381769256643132
20260428,LC2611,178460.0,1972.0,19959.0,-0.037655497030147256
20260428,LC2612,177900.0,2071.0,15293.0,-0.00022737177179452773
20260428,LC2701,177600.0,1800.0,10976.0,-0.05945945945945885
20260428,LC2702,176720.0,948.0,650.0,0.10049796287913093
20260428,LC2703,178200.0,25.0,363.0,0.09427609427609518
20260428,LC2704,179600.0,31.0,545.0,0.0
20260429,LC2605,179700.0,11855.0,20489.0,0.05742904841402385
20260429,LC2606,180560.0,5969.0,27139.0,0.05316792202038023
20260429,LC2607,181360.0,30329.0,145240.0,0.10719011910013254
20260429,LC2608,182980.0,657.0,17392.0,0.05902284402667046
20260429,LC2609,183880.0,238422.0,479107.0,-0.014357189471394971
20260429,LC2610,183660.0,751.0,11789.0,0.01960143743874454
20260429,LC2611,183960.0,1721.0,20468.0,-0.03000652315720842
20260429,LC2612,183500.0,1102.0,15630.0,4.4086581146849106e-05
20260429,LC2701,183560.0,1294.0,11283.0,-0.13597733711048132
20260429,LC2702,181480.0,218.0,545.0,0.22217324223055002
20260429,LC2703,184840.0,125.0,363.0,-0.3090240207747246
20260429,LC2704,180080.0,43.0,548.0,0.0
20260430,LC2605,185180.0,10461.0,15855.0,-0.019440544335241672
20260430,LC2606,184880.0,10479.0,26832.0,0.05192557334487269
20260430,LC2607,185680.0,36626.0,146524.0,0.18224903059026243
20260430,LC2608,188500.0,1427.0,17973.0,0.036923076923075726
20260430,LC2609,189080.0,264129.0,489790.0,-0.015231647979691232
20260430,LC2610,188840.0,1084.0,12004.0,-0.029231095106968752
20260430,LC2611,188380.0,2107.0,20777.0,-0.13122412145662965
20260430,LC2612,186320.0,1229.0,15790.0,0.0017946652129235128
20260430,LC2701,188800.0,2117.0,12141.0,-0.11186440677966125
20260430,LC2702,187040.0,25.0,545.0,-0.2489307100085547
20260430,LC2703,183160.0,7.0,361.0,0.3498580476086479
20260430,LC2704,188500.0,47.0,556.0,0.0
20260506,LC2605,194600.0,2231.0,10805.0,0.055498458376156634
20260506,LC2606,195500.0,12304.0,26738.0,0.06015345268542127
20260506,LC2607,196480.0,32059.0,147488.0,0.11359934853420217
20260506,LC2608,198340.0,654.0,18127.0,0.06413229807401422
20260506,LC2609,199400.0,222232.0,511071.0,-0.008425275827482093
20260506,LC2610,199260.0,1038.0,12407.0,-0.013249021379102555
20260506,LC2611,199040.0,2516.0,20929.0,-0.027733118971060566
20260506,LC2612,198580.0,1536.0,16224.0,-0.0002580116580530714
20260506,LC2701,198200.0,2264.0,13027.0,-0.10898082744702275
20260506,LC2702,196400.0,81.0,615.0,-0.021995926680244082
20260506,LC2703,196040.0,0.0,361.0,-0.009793919608243495
20260506,LC2704,195880.0,192.0,723.0,0.0
20260507,LC2605,193540.0,1177.0,7688.0,0.10292446005993483
20260507,LC2606,195200.0,12526.0,26161.0,0.0528688524590164
20260507,LC2607,196060.0,35387.0,148941.0,0.11873916148118013
20260507,LC2608,198000.0,420.0,18163.0,0.06424242424242532
20260507,LC2609,199060.0,274376.0,517613.0,-0.033758665728926385
20260507,LC2610,198500.0,1113.0,12520.0,-0.00967254408060425
20260507,LC2611,198340.0,3910.0,21446.0,-0.010890390238983194
20260507,LC2612,198160.0,2108.0,16842.0,-0.00028577519924882593
20260507,LC2701,197740.0,3051.0,13666.0,-0.08131890361080174
20260507,LC2702,196400.0,0.0,615.0,-0.021995926680244082
20260507,LC2703,196040.0,0.0,361.0,-0.0697816772087334
20260507,LC2704,194900.0,307.0,848.0,0.0
20260508,LC2605,192000.0,666.0,6612.0,0.055000000000000604
20260508,LC2606,192880.0,7026.0,25128.0,0.067192036499379
20260508,LC2607,193960.0,25090.0,147568.0,0.09527737677871784
20260508,LC2608,195500.0,394.0,18322.0,0.0650639386189269
20260508,LC2609,196560.0,249199.0,513252.0,-0.028083028083028427
20260508,LC2610,196100.0,742.0,12629.0,-0.01591024987251366
20260508,LC2611,195840.0,2434.0,21430.0,-0.034313725490195957
20260508,LC2612,195280.0,831.0,16819.0,0.000289989827340969
20260508,LC2701,195700.0,1682.0,13916.0,-0.10424118548799122
20260508,LC2702,194000.0,11.0,619.0,0.12618556701030936
20260508,LC2703,196040.0,0.0,361.0,0.02203631911854753
20260508,LC2704,196400.0,37.0,871.0,0.0
