date,symbol,close,volume,open_interest,roll_yield
20250526,SI2506,7580.0,49942.0,29331.0,0.0473996666317688
20250526,SI2507,7610.0,276011.0,206212.0,0.0550640100891733
20250526,SI2508,7645.0,45126.0,42780.0,0.0469974491068217
20250526,SI2509,7675.0,133529.0,210554.0,0.0234298805315
20250526,SI2510,7690.0,1501.0,11227.0,0.0467229662295868
20250526,SI2511,7720.0,8713.0,24324.0,0.8620627152686766
20250526,SI2512,8295.0,1392.0,7726.0,0.0505263904361214
20250526,SI2601,8330.0,863.0,2536.0,0.0789712691570506
20250526,SI2602,8385.0,42.0,183.0,0.0428571884111661
20250526,SI2603,8415.0,29.0,236.0,0.0142517831478725
20250526,SI2604,8425.0,224.0,637.0,0.0426540733454188
20250526,SI2605,8455.0,90.0,114.0,0.0
20250527,SI2506,7415.0,28105.0,21749.0,0.0403904790612613
20250527,SI2507,7440.0,360878.0,227207.0,0.0563192451809948
20250527,SI2508,7475.0,53935.0,46638.0,0.0560561579915195
20250527,SI2509,7510.0,200269.0,220814.0,0.0398803956289849
20250527,SI2510,7535.0,2412.0,12477.0,0.0476821819423264
20250527,SI2511,7565.0,14110.0,27856.0,0.8569605717057842
20250527,SI2512,8125.0,1730.0,7912.0,0.0221334215837727
20250527,SI2601,8140.0,953.0,2796.0,0.0734846142063504
20250527,SI2602,8190.0,46.0,199.0,0.0657535891755068
20250527,SI2603,8235.0,46.0,248.0,0.0436364117206072
20250527,SI2604,8265.0,216.0,717.0,0.0
20250527,SI2605,8265.0,149.0,161.0,0.0
20250528,SI2506,7310.0,60981.0,16808.0,0.0491468263768437
20250528,SI2507,7340.0,624841.0,226069.0,0.0408024874580334
20250528,SI2508,7365.0,122008.0,46754.0,0.032542392824994
20250528,SI2509,7385.0,315299.0,223231.0,0.0567376943513507
20250528,SI2510,7420.0,2514.0,13036.0,0.0161616186045455
20250528,SI2511,7430.0,18976.0,30385.0,0.6827601333668794
20250528,SI2512,7865.0,3875.0,8749.0,0.0228644083145584
20250528,SI2601,7880.0,2793.0,3047.0,0.0759015813236255
20250528,SI2602,7930.0,84.0,198.0,0.0302267162338078
20250528,SI2603,7950.0,100.0,274.0,0.0
20250528,SI2604,7950.0,408.0,823.0,0.0602259733433131
20250528,SI2605,7990.0,432.0,351.0,0.0
20250529,SI2506,7195.0,17204.0,11933.0,0.0333102226380357
20250529,SI2507,7215.0,539683.0,224146.0,0.0497926025617367
20250529,SI2508,7245.0,38560.0,50370.0,0.033080654995206
20250529,SI2509,7265.0,242486.0,231391.0,0.0494506194300316
20250529,SI2510,7295.0,3574.0,11405.0,0.0246491014432592
20250529,SI2511,7310.0,19067.0,34937.0,0.5768800994097316
20250529,SI2512,7670.0,9554.0,10192.0,0.0234451393367325
20250529,SI2601,7685.0,2824.0,3505.0,0.0389737270161463
20250529,SI2602,7710.0,197.0,269.0,0.093023721651815
20250529,SI2603,7770.0,124.0,336.0,0.0308483460372107
20250529,SI2604,7790.0,285.0,871.0,0.0307692476272516
20250529,SI2605,7810.0,660.0,687.0,0.0
20250530,SI2506,7140.0,10080.0,5100.0,0.0335664554527346
20250530,SI2507,7160.0,456239.0,208497.0,0.0251133680775669
20250530,SI2508,7175.0,36742.0,51218.0,0.0250609210472454
20250530,SI2509,7190.0,200962.0,240727.0,0.0831604159760355
20250530,SI2510,7240.0,3292.0,13254.0,-0.0331950419146822
20250530,SI2511,7220.0,24109.0,38749.0,0.4965102927624546
20250530,SI2512,7525.0,17368.0,13850.0,-0.0239441383067519
20250530,SI2601,7510.0,3549.0,4486.0,0.0478405949258565
20250530,SI2602,7540.0,153.0,313.0,0.0555740325068169
20250530,SI2603,7575.0,162.0,421.0,0.0316414158276409
20250530,SI2604,7595.0,206.0,920.0,0.0315582035926673
20250530,SI2605,7615.0,1315.0,1408.0,0.0
20250603,SI2506,7080.0,901.0,3169.0,-0.0169611335657635
20250603,SI2507,7070.0,385555.0,200193.0,0.0254327188099473
20250603,SI2508,7085.0,41734.0,54993.0,0.0
20250603,SI2509,7085.0,174416.0,257017.0,-0.0169491553601092
20250603,SI2510,7075.0,2287.0,13506.0,-0.0084835634498387
20250603,SI2511,7070.0,25848.0,47712.0,0.4005935262384696
20250603,SI2512,7310.0,13379.0,15887.0,-0.0164271072881007
20250603,SI2601,7300.0,2340.0,5384.0,0.0328317578264981
20250603,SI2602,7320.0,44.0,326.0,0.0327421758384469
20250603,SI2603,7340.0,83.0,432.0,0.032653081372327
20250603,SI2604,7360.0,295.0,987.0,0.0162932815255234
20250603,SI2605,7370.0,994.0,1812.0,0.0
20250604,SI2506,7020.0,629.0,1412.0,0.4364117300504975
20250604,SI2507,7280.0,806934.0,180328.0,0.016472205743666
20250604,SI2508,7290.0,73252.0,56601.0,0.0164496256053434
20250604,SI2509,7300.0,389083.0,263620.0,0.0
20250604,SI2510,7300.0,8920.0,15221.0,-0.024682902086127
20250604,SI2511,7285.0,41705.0,54844.0,0.3570243052590864
20250604,SI2512,7505.0,30222.0,20049.0,-0.0320213665660036
20250604,SI2601,7485.0,6297.0,6372.0,0.0400133748534199
20250604,SI2602,7510.0,175.0,354.0,0.0079866891467337
20250604,SI2603,7515.0,200.0,444.0,0.0318937064822524
20250604,SI2604,7535.0,351.0,1065.0,0.031809163754929
20250604,SI2605,7555.0,2189.0,2219.0,0.0
20250605,SI2506,7100.0,284.0,989.0,0.0590096025783612
20250605,SI2507,7135.0,417845.0,183965.0,0.041972760525055
20250605,SI2508,7160.0,58867.0,58742.0,0.0
20250605,SI2509,7160.0,232731.0,266202.0,0.0083769636909711
20250605,SI2510,7165.0,3339.0,16596.0,-0.0419434191437062
20250605,SI2511,7140.0,27396.0,63559.0,0.4292066863035736
20250605,SI2512,7400.0,19288.0,21771.0,-0.0568914035463658
20250605,SI2601,7365.0,2945.0,7256.0,0.0487805549780351
20250605,SI2602,7395.0,51.0,352.0,0.0324105531255868
20250605,SI2603,7415.0,71.0,445.0,0.0242505976772677
20250605,SI2604,7430.0,223.0,1073.0,0.0
20250605,SI2605,7430.0,961.0,2448.0,0.0
20250606,SI2506,7290.0,335.0,686.0,0.0
20250606,SI2507,7290.0,666383.0,161192.0,0.0
20250606,SI2508,7290.0,65137.0,60788.0,-0.0329670537016656
20250606,SI2509,7270.0,334286.0,276151.0,-0.0413365892733876
20250606,SI2510,7245.0,6015.0,17070.0,-0.0414794744149304
20250606,SI2511,7220.0,37251.0,69289.0,0.3682525587748504
20250606,SI2512,7445.0,22077.0,22989.0,-0.0484522865529232
20250606,SI2601,7415.0,4655.0,7900.0,0.0323232518666755
20250606,SI2602,7435.0,276.0,491.0,0.0080672271945841
20250606,SI2603,7440.0,229.0,492.0,0.0723620283190947
20250606,SI2604,7485.0,294.0,1018.0,-0.0080187106224701
20250606,SI2605,7480.0,1292.0,2539.0,0.0
20250609,SI2506,7310.0,55.0,267.0,0.2678501461807548
20250609,SI2507,7475.0,539994.0,177663.0,0.0080240725156279
20250609,SI2508,7480.0,111202.0,67800.0,0.0080187106224703
20250609,SI2509,7485.0,349511.0,285214.0,-0.0885019097030862
20250609,SI2510,7430.0,1907.0,17104.0,-0.0647774852346884
20250609,SI2511,7390.0,30363.0,70427.0,0.3992384186198252
20250609,SI2512,7640.0,16039.0,24171.0,-0.1025310213959547
20250609,SI2601,7575.0,5845.0,9608.0,-0.0317250680487589
20250609,SI2602,7555.0,226.0,558.0,0.0633664838764002
20250609,SI2603,7595.0,133.0,480.0,0.0078973349345918
20250609,SI2604,7600.0,317.0,1129.0,0.0315374688752329
20250609,SI2605,7620.0,1065.0,2826.0,0.0
20250610,SI2506,7415.0,240.0,81.0,0.0
20250610,SI2507,7415.0,440221.0,155627.0,0.0
20250610,SI2508,7415.0,95754.0,68920.0,-0.0080944353827993
20250610,SI2509,7410.0,322442.0,285888.0,-0.0486816083473731
20250610,SI2510,7380.0,2148.0,17080.0,-0.0570459478384866
20250610,SI2511,7345.0,26992.0,70244.0,0.4332021206554132
20250610,SI2512,7615.0,14242.0,25205.0,-0.0711230267732127
20250610,SI2601,7570.0,5225.0,10802.0,0.0
20250610,SI2602,7570.0,218.0,628.0,0.0079234073529061
20250610,SI2603,7575.0,105.0,469.0,0.0474308917898801
20250610,SI2604,7605.0,130.0,1148.0,0.0
20250610,SI2605,7605.0,962.0,3029.0,0.0
20250611,SI2506,7545.0,254.0,275.0,0.0238331756595518
20250611,SI2507,7560.0,499957.0,147036.0,-0.015883523166099
20250611,SI2508,7550.0,67396.0,70211.0,-0.0557584806719457
20250611,SI2509,7515.0,361348.0,290574.0,-0.0399867081097161
20250611,SI2510,7490.0,2621.0,17584.0,-0.0723135767178691
20250611,SI2511,7445.0,30116.0,69696.0,0.4274858361498221
20250611,SI2512,7715.0,9524.0,25261.0,-0.0780236818961602
20250611,SI2601,7665.0,5210.0,11745.0,-0.0156657985695644
20250611,SI2602,7655.0,246.0,705.0,0.0234910352342142
20250611,SI2603,7670.0,90.0,487.0,0.0312500176606527
20250611,SI2604,7690.0,177.0,1107.0,-0.0156148362956614
20250611,SI2605,7680.0,1032.0,3288.0,0.0
20250612,SI2506,7480.0,164.0,227.0,-0.0401741252362091
20250612,SI2507,7455.0,309628.0,121504.0,-0.0403090738444071
20250612,SI2508,7430.0,42074.0,70585.0,-0.0566611508028563
20250612,SI2509,7395.0,247719.0,297338.0,-0.0569299610637391
20250612,SI2510,7360.0,1941.0,18041.0,-0.0817999077491721
20250612,SI2511,7310.0,20257.0,73588.0,0.4668596823671802
20250612,SI2512,7600.0,6384.0,26408.0,-0.0792082083762242
20250612,SI2601,7550.0,3861.0,12215.0,0.0158835231661001
20250612,SI2602,7560.0,202.0,719.0,0.0158625270949901
20250612,SI2603,7570.0,63.0,503.0,0.0079234073529061
20250612,SI2604,7575.0,128.0,1157.0,0.0079181791061702
20250612,SI2605,7580.0,1026.0,3469.0,0.0
20250613,SI2506,7485.0,0.0,117.0,-0.2265744989490119
20250613,SI2507,7345.0,370370.0,103689.0,-0.0573184303698415
20250613,SI2508,7310.0,49802.0,71413.0,-0.0493489386371105
20250613,SI2509,7280.0,375400.0,299723.0,-0.0330124004626784
20250613,SI2510,7260.0,3300.0,18939.0,-0.0912551926226316
20250613,SI2511,7205.0,28764.0,77354.0,0.4334372363188855
20250613,SI2512,7470.0,11675.0,25950.0,-0.0644296849806971
20250613,SI2601,7430.0,4667.0,13299.0,-0.0161616186045448
20250613,SI2602,7420.0,287.0,775.0,0.0242342727939505
20250613,SI2603,7435.0,161.0,559.0,0.0241854297521964
20250613,SI2604,7450.0,176.0,1238.0,-0.0080563950659499
20250613,SI2605,7445.0,1497.0,4105.0,0.0
20250616,SI2506,7370.0,102.0,0.0,0.1376069041854781
20250616,SI2507,7455.0,191300.0,87085.0,-0.0645596715216758
20250616,SI2508,7415.0,57178.0,68854.0,-0.0730472326638023
20250616,SI2509,7370.0,507279.0,323363.0,-0.0898880607498915
20250616,SI2510,7315.0,1510.0,18945.0,-0.0823048493980971
20250616,SI2511,7265.0,38087.0,79406.0,0.3740140143877771
20250616,SI2512,7495.0,12667.0,27161.0,-0.0561686080666982
20250616,SI2601,7460.0,4881.0,15150.0,0.0
20250616,SI2602,7460.0,135.0,775.0,-0.0402820116426124
20250616,SI2603,7435.0,92.0,599.0,0.0241854297521964
20250616,SI2604,7450.0,109.0,1266.0,-0.0403361724324586
20250616,SI2605,7425.0,1005.0,4528.0,0.0
20250617,SI2507,7435.0,111689.0,71877.0,-0.0647338049922627
20250617,SI2508,7395.0,79414.0,71820.0,-0.0569299610637391
20250617,SI2509,7360.0,437907.0,318893.0,-0.0817999077491721
20250617,SI2510,7310.0,2478.0,19736.0,-0.0823613390997888
20250617,SI2511,7260.0,23426.0,79899.0,0.3902783004667192
20250617,SI2512,7500.0,7149.0,28222.0,-0.0963860603671712
20250617,SI2601,7440.0,2568.0,15803.0,-0.0403904790612615
20250617,SI2602,7415.0,77.0,779.0,0.0
20250617,SI2603,7415.0,51.0,607.0,0.0403904790612613
20250617,SI2604,7440.0,119.0,1327.0,-0.0080672271945858
20250617,SI2605,7435.0,768.0,4732.0,-0.0809719671453032
20250617,SI2606,7385.0,26.0,23.0,0.0
20250618,SI2507,7500.0,116609.0,57162.0,-0.056131074613333
20250618,SI2508,7465.0,38698.0,74156.0,-0.0644729556286853
20250618,SI2509,7425.0,451986.0,317763.0,-0.0648212244650422
20250618,SI2510,7385.0,7641.0,19955.0,-0.0897048010173963
20250618,SI2511,7330.0,25384.0,81192.0,0.3389599934556562
20250618,SI2512,7540.0,7185.0,28078.0,-0.0798406138888385
20250618,SI2601,7490.0,3704.0,16458.0,-0.0240561390285361
20250618,SI2602,7475.0,93.0,784.0,0.0080240725156279
20250618,SI2603,7480.0,79.0,633.0,-0.0160535140999193
20250618,SI2604,7470.0,113.0,1352.0,0.0400935889180215
20250618,SI2605,7495.0,1262.0,5034.0,0.0
20250618,SI2606,7495.0,51.0,45.0,0.0
20250619,SI2507,7530.0,88523.0,51612.0,-0.0479042552344494
20250619,SI2508,7500.0,47520.0,73094.0,-0.0480962567704658
20250619,SI2509,7470.0,429083.0,310357.0,-0.072507773471551
20250619,SI2510,7425.0,23453.0,21230.0,-0.0729485529165867
20250619,SI2511,7380.0,26610.0,80327.0,0.320874732502789
20250619,SI2512,7580.0,4729.0,28966.0,-0.095364740310382
20250619,SI2601,7520.0,2454.0,16945.0,-0.0239600745158778
20250619,SI2602,7505.0,96.0,818.0,0.0319361465941689
20250619,SI2603,7525.0,71.0,641.0,0.0079707741223531
20250619,SI2604,7530.0,144.0,1332.0,-0.0319149124291059
20250619,SI2605,7510.0,1372.0,5704.0,-0.0079920082874177
20250619,SI2606,7505.0,34.0,60.0,0.0
20250620,SI2507,7420.0,59331.0,41606.0,-0.0161834144555223
20250620,SI2508,7410.0,44933.0,72107.0,-0.0324324521746216
20250620,SI2509,7390.0,578494.0,305556.0,-0.048813626631907
20250620,SI2510,7360.0,11758.0,20951.0,-0.0572013340518458
20250620,SI2511,7325.0,50377.0,80888.0,0.3709972898588624
20250620,SI2512,7555.0,11081.0,29700.0,-0.0716895593839147
20250620,SI2601,7510.0,6904.0,17514.0,-0.0400133748534204
20250620,SI2602,7485.0,133.0,835.0,-0.0160427831380982
20250620,SI2603,7475.0,80.0,620.0,0.0320641473337318
20250620,SI2604,7495.0,266.0,1365.0,0.0080026678524452
20250620,SI2605,7500.0,1651.0,5767.0,0.0159893428053443
20250620,SI2606,7510.0,120.0,111.0,0.0
20250623,SI2507,7445.0,28195.0,37314.0,-0.0161290346862471
20250623,SI2508,7435.0,32391.0,72291.0,-0.0242342727939512
20250623,SI2509,7420.0,292932.0,303119.0,-0.0486158666301442
20250623,SI2510,7390.0,18623.0,22498.0,-0.0569685708805146
20250623,SI2511,7355.0,19814.0,81984.0,0.3853173839320243
20250623,SI2512,7595.0,4083.0,29697.0,-0.0713108734416338
20250623,SI2601,7550.0,1783.0,17773.0,-0.047777103590219
20250623,SI2602,7520.0,64.0,859.0,0.0
20250623,SI2603,7520.0,18.0,621.0,0.0159468462006448
20250623,SI2604,7530.0,52.0,1350.0,-0.0079707741223533
20250623,SI2605,7525.0,632.0,5778.0,-0.0159574491600189
20250623,SI2606,7515.0,40.0,127.0,0.0
20250624,SI2507,7515.0,66984.0,33222.0,-0.0239760319520773
20250624,SI2508,7500.0,134818.0,70502.0,-0.0240240320480769
20250624,SI2509,7485.0,612486.0,293427.0,-0.0562438257614828
20250624,SI2510,7450.0,64918.0,22906.0,-0.056508681618873
20250624,SI2511,7415.0,25809.0,82143.0,0.38224864223702
20250624,SI2512,7655.0,6398.0,29648.0,-0.0865293818083405
20250624,SI2601,7600.0,3306.0,17934.0,-0.0474621581151353
20250624,SI2602,7570.0,84.0,859.0,0.0316622874981749
20250624,SI2603,7590.0,50.0,605.0,0.0079025356823705
20250624,SI2604,7595.0,73.0,1362.0,-0.047493465689003
20250624,SI2605,7565.0,996.0,5833.0,0.0553908006235925
20250624,SI2606,7600.0,88.0,167.0,0.0
20250625,SI2507,7575.0,63883.0,26010.0,-0.0158520498613636
20250625,SI2508,7565.0,121150.0,71371.0,-0.0158730181873967
20250625,SI2509,7555.0,504119.0,306644.0,-0.0557214931554528
20250625,SI2510,7520.0,91157.0,23961.0,-0.0399600768862485
20250625,SI2511,7495.0,20539.0,81159.0,0.4014805417283356
20250625,SI2512,7750.0,6100.0,29713.0,-0.0698804951181192
20250625,SI2601,7705.0,2702.0,18126.0,-0.0155844177748388
20250625,SI2602,7695.0,53.0,860.0,-0.0234146415751416
20250625,SI2603,7680.0,71.0,571.0,0.0
20250625,SI2604,7680.0,414.0,1138.0,-0.0391262165992051
20250625,SI2605,7655.0,1428.0,6157.0,-0.0078405752544308
20250625,SI2606,7650.0,109.0,202.0,0.0
20250626,SI2507,7740.0,41165.0,17608.0,-0.0155139000276623
20250626,SI2508,7730.0,139089.0,70760.0,-0.0155339827517496
20250626,SI2509,7720.0,1087621.0,321342.0,-0.0233387431752688
20250626,SI2510,7705.0,149602.0,25421.0,-0.054634240714971
20250626,SI2511,7670.0,51212.0,78871.0,0.4000370432111005
20250626,SI2512,7930.0,10710.0,30001.0,-0.0759015813236257
20250626,SI2601,7880.0,5483.0,18146.0,-0.0763847264049128
20250626,SI2602,7830.0,149.0,854.0,0.0153158923152562
20250626,SI2603,7840.0,186.0,488.0,-0.0153158923152574
20250626,SI2604,7830.0,424.0,1101.0,0.0153158923152562
20250626,SI2605,7840.0,3016.0,5725.0,-0.0383264458665192
20250626,SI2606,7815.0,177.0,241.0,0.0
20250627,SI2507,8050.0,11585.0,12807.0,-0.0149160988751643
20250627,SI2508,8040.0,135751.0,65389.0,-0.0149346627864566
20250627,SI2509,8030.0,772679.0,351592.0,-0.0524181800730332
20250627,SI2510,7995.0,110264.0,28082.0,-0.0979597276699317
20250627,SI2511,7930.0,39374.0,76439.0,0.3504442893080625
20250627,SI2512,8165.0,9062.0,29672.0,-0.1181548007202991
20250627,SI2601,8085.0,5006.0,18027.0,-0.0595165510166833
20250627,SI2602,8045.0,160.0,872.0,0.0074557318335066
20250627,SI2603,8050.0,106.0,474.0,0.0
20250627,SI2604,8050.0,186.0,1055.0,0.0148975810567793
20250627,SI2605,8060.0,1274.0,5784.0,-0.0148975810567785
20250627,SI2606,8050.0,116.0,257.0,0.0
20250630,SI2507,8115.0,11847.0,7617.0,-0.0741658726725882
20250630,SI2508,8065.0,173738.0,56145.0,-0.0074418607036231
20250630,SI2509,8060.0,1377330.0,355751.0,-0.0372786879487315
20250630,SI2510,8035.0,142924.0,32660.0,-0.0749066102700017
20250630,SI2511,7985.0,66316.0,77278.0,0.4063176703909322
20250630,SI2512,8260.0,17001.0,28553.0,-0.0728599688225975
20250630,SI2601,8210.0,9038.0,17848.0,-0.0439292741961737
20250630,SI2602,8180.0,251.0,920.0,-0.0220250903067269
20250630,SI2603,8165.0,203.0,470.0,0.0
20250630,SI2604,8165.0,421.0,964.0,-0.0073506893569536
20250630,SI2605,8160.0,3178.0,6118.0,0.0073506893569548
20250630,SI2606,8165.0,287.0,392.0,0.0
20250701,SI2507,7825.0,1005.0,4832.0,-0.0537945185227206
20250701,SI2508,7790.0,149329.0,35520.0,-0.0385728393840783
20250701,SI2509,7765.0,1230307.0,361076.0,-0.0464516709074508
20250701,SI2510,7735.0,106098.0,34562.0,-0.0466321830354042
20250701,SI2511,7705.0,51255.0,84202.0,0.4057802883605348
20250701,SI2512,7970.0,15723.0,32630.0,-0.0755194437094701
20250701,SI2601,7920.0,7986.0,18346.0,-0.0151610885612642
20250701,SI2602,7910.0,481.0,1177.0,-0.0075877334175256
20250701,SI2603,7905.0,266.0,504.0,0.015170672058481
20250701,SI2604,7915.0,435.0,916.0,0.0
20250701,SI2605,7915.0,2511.0,6983.0,0.0075781499203092
20250701,SI2606,7920.0,332.0,399.0,0.0
20250702,SI2507,8280.0,148.0,3040.0,-0.1091909262613697
20250702,SI2508,8205.0,139652.0,37565.0,0.0073103870673905
20250702,SI2509,8210.0,1643648.0,386361.0,-0.0586081751091041
20250702,SI2510,8170.0,112880.0,40877.0,-0.0588958237463077
20250702,SI2511,8130.0,74551.0,82481.0,0.4561635204005304
20250702,SI2512,8445.0,25639.0,37433.0,-0.0784083573677832
20250702,SI2601,8390.0,13032.0,19280.0,-0.0286396317327702
20250702,SI2602,8370.0,687.0,1333.0,-0.0502844195835188
20250702,SI2603,8335.0,291.0,486.0,0.0359389307262352
20250702,SI2604,8360.0,346.0,873.0,0.0
20250702,SI2605,8360.0,3484.0,7340.0,0.1071754668158568
20250702,SI2606,8435.0,240.0,422.0,0.0
20250703,SI2507,8090.0,505.0,2512.0,-0.1192556398815902
20250703,SI2508,8010.0,47670.0,34883.0,0.0
20250703,SI2509,8010.0,1196542.0,380840.0,-0.0600752193377303
20250703,SI2510,7970.0,21159.0,40314.0,-0.0452546105169514
20250703,SI2511,7940.0,49738.0,89053.0,0.4959077520489874
20250703,SI2512,8275.0,12404.0,37348.0,-0.0873260372867418
20250703,SI2601,8215.0,9505.0,19367.0,0.0145985419464511
20250703,SI2602,8225.0,383.0,1452.0,-0.0365297085747375
20250703,SI2603,8200.0,133.0,469.0,0.0365297085747366
20250703,SI2604,8225.0,198.0,866.0,-0.0219044782451854
20250703,SI2605,8210.0,3609.0,7326.0,0.0146074272450206
20250703,SI2606,8220.0,339.0,503.0,0.0
20250704,SI2507,8080.0,242.0,2285.0,-0.1419250903923385
20250704,SI2508,7985.0,27582.0,35398.0,-0.0075164424630999
20250704,SI2509,7980.0,870120.0,390642.0,-0.0451977935457227
20250704,SI2510,7950.0,11345.0,41620.0,-0.0529468239991807
20250704,SI2511,7915.0,41847.0,94501.0,0.4974420841633691
20250704,SI2512,8250.0,7342.0,37785.0,-0.0510173862882989
20250704,SI2601,8215.0,7936.0,20403.0,0.0145985419464511
20250704,SI2602,8225.0,203.0,1471.0,0.0436893686478701
20250704,SI2603,8255.0,114.0,479.0,-0.0729042339604449
20250704,SI2604,8205.0,105.0,844.0,0.0073103870673905
20250704,SI2605,8210.0,2110.0,7453.0,0.0146074272450206
20250704,SI2606,8220.0,178.0,561.0,0.0
20250707,SI2507,8000.0,122.0,1711.0,0.0747665970076339
20250707,SI2508,8050.0,53390.0,40344.0,-0.0074557318335057
20250707,SI2509,8045.0,616743.0,384707.0,-0.0373483027910806
20250707,SI2510,8020.0,8184.0,42452.0,-0.0675212784901784
20250707,SI2511,7975.0,37206.0,93545.0,0.4793263935797288
20250707,SI2512,8300.0,5026.0,38312.0,-0.0579711272359869
20250707,SI2601,8260.0,6557.0,21069.0,-0.0145366462355651
20250707,SI2602,8250.0,107.0,1470.0,-0.0364188443418485
20250707,SI2603,8225.0,48.0,491.0,0.0072926164505144
20250707,SI2604,8230.0,69.0,829.0,0.0218512958710043
20250707,SI2605,8245.0,1856.0,7793.0,0.0
20250707,SI2606,8245.0,133.0,626.0,0.0
20250708,SI2507,8345.0,336.0,1017.0,-0.1811081765485176
20250708,SI2508,8220.0,59031.0,28861.0,-0.007301490946286
20250708,SI2509,8215.0,1707280.0,387122.0,-0.0439024879935982
20250708,SI2510,8185.0,37123.0,42643.0,-0.0220116234142407
20250708,SI2511,8170.0,104727.0,97451.0,0.4681061550238069
20250708,SI2512,8495.0,16867.0,37896.0,-0.0566372732802202
20250708,SI2601,8455.0,23109.0,22244.0,0.0070942952110607
20250708,SI2602,8460.0,248.0,1475.0,0.0070901036035997
20250708,SI2603,8465.0,127.0,446.0,-0.0212828905921941
20250708,SI2604,8450.0,359.0,840.0,0.0
20250708,SI2605,8450.0,4672.0,8114.0,0.0212828905921932
20250708,SI2606,8465.0,513.0,748.0,0.0
20250709,SI2507,8160.0,7.0,1007.0,-0.0220791230640861
20250709,SI2508,8145.0,25653.0,25008.0,-0.0073687444747142
20250709,SI2509,8140.0,1153446.0,399029.0,-0.0221334215837729
20250709,SI2510,8125.0,18225.0,43603.0,-0.0592228222407721
20250709,SI2511,8085.0,93809.0,100129.0,0.4515095700052077
20250709,SI2512,8395.0,10264.0,38198.0,-0.0501343611947272
20250709,SI2601,8360.0,15436.0,22096.0,0.0143454888572847
20250709,SI2602,8370.0,161.0,1520.0,-0.0143454888572849
20250709,SI2603,8360.0,100.0,474.0,0.0071748881061246
20250709,SI2604,8365.0,189.0,821.0,0.0
20250709,SI2605,8365.0,3390.0,8473.0,0.0
20250709,SI2606,8365.0,207.0,760.0,0.0
20250710,SI2507,8540.0,80.0,878.0,-0.0987659896381857
20250710,SI2508,8470.0,29207.0,22329.0,0.0
20250710,SI2509,8470.0,1468586.0,381237.0,-0.0425784006731679
20250710,SI2510,8440.0,25174.0,43109.0,-0.0570072331031743
20250710,SI2511,8400.0,127637.0,96061.0,0.3727226078196189
20250710,SI2512,8665.0,14499.0,37872.0,-0.0694446382521169
20250710,SI2601,8615.0,21225.0,21138.0,-0.0278907737409641
20250710,SI2602,8595.0,362.0,1534.0,-0.0069828340637828
20250710,SI2603,8590.0,153.0,450.0,-0.0139778699555171
20250710,SI2604,8580.0,260.0,814.0,0.006990970194814
20250710,SI2605,8585.0,3442.0,8309.0,0.0069868997607022
20250710,SI2606,8590.0,322.0,812.0,0.0
20250711,SI2507,8455.0,190.0,865.0,-0.0497778491556987
20250711,SI2508,8420.0,14205.0,21673.0,-0.0071280073375917
20250711,SI2509,8415.0,953544.0,367810.0,-0.0500149577853313
20250711,SI2510,8380.0,12011.0,43487.0,-0.0502242885623193
20250711,SI2511,8345.0,84112.0,95166.0,0.4099338538181216
20250711,SI2512,8635.0,7106.0,37251.0,-0.0766775771852521
20250711,SI2601,8580.0,13171.0,21393.0,0.027939477115094
20250711,SI2602,8600.0,205.0,1519.0,-0.0349345224895012
20250711,SI2603,8575.0,47.0,443.0,-0.0280210284941618
20250711,SI2604,8555.0,264.0,847.0,-0.0070154927458559
20250711,SI2605,8550.0,3400.0,7576.0,-0.0140433017782838
20250711,SI2606,8540.0,520.0,776.0,0.0
20250714,SI2507,8550.0,2.0,0.0,0.1948998759435816
20250714,SI2508,8690.0,25082.0,16834.0,0.0069025023473492
20250714,SI2509,8695.0,1473993.0,402890.0,-0.0622659223495008
20250714,SI2510,8650.0,22369.0,44088.0,-0.0625906953634228
20250714,SI2511,8605.0,125373.0,95307.0,0.3639763998958252
20250714,SI2512,8870.0,19166.0,40381.0,-0.0746397656598543
20250714,SI2601,8815.0,18716.0,21253.0,-0.040909130529277
20250714,SI2602,8785.0,383.0,1491.0,-0.0273504391903519
20250714,SI2603,8765.0,179.0,416.0,0.0136830117447798
20250714,SI2604,8775.0,326.0,828.0,0.0068356595411484
20250714,SI2605,8780.0,4297.0,7596.0,-0.013675215155204
20250714,SI2606,8770.0,380.0,831.0,0.0
20250715,SI2508,8790.0,18009.0,13092.0,-0.006827880696301
20250715,SI2509,8785.0,1416898.0,396653.0,-0.0616263836593968
20250715,SI2510,8740.0,30311.0,48965.0,-0.0619445023343729
20250715,SI2511,8695.0,113773.0,92775.0,0.3937004691513134
20250715,SI2512,8985.0,19820.0,41766.0,-0.0871268837232528
20250715,SI2601,8920.0,15110.0,20169.0,-0.0269360382458863
20250715,SI2602,8900.0,340.0,1448.0,-0.0337552965193753
20250715,SI2603,8875.0,113.0,409.0,-0.0067624684798961
20250715,SI2604,8870.0,237.0,790.0,-0.0338696245168744
20250715,SI2605,8845.0,5362.0,7547.0,0.0
20250715,SI2606,8845.0,572.0,892.0,-0.006785411546358
20250715,SI2607,8840.0,58.0,45.0,0.0
20250716,SI2508,8675.0,9171.0,9899.0,0.0138248863217446
20250716,SI2509,8685.0,1111567.0,379848.0,-0.0207433068074129
20250716,SI2510,8670.0,19603.0,49740.0,-0.0763670497506907
20250716,SI2511,8615.0,89521.0,97202.0,0.4443686304663569
20250716,SI2512,8940.0,14968.0,43749.0,-0.0605552168114912
20250716,SI2601,8895.0,11100.0,20110.0,-0.0337742975557235
20250716,SI2602,8870.0,142.0,1449.0,-0.0950768980479278
20250716,SI2603,8800.0,42.0,414.0,0.0815405175939456
20250716,SI2604,8860.0,247.0,789.0,-0.0203332440628921
20250716,SI2605,8845.0,3864.0,7305.0,-0.006785411546358
20250716,SI2606,8840.0,349.0,882.0,0.0135669884434329
20250716,SI2607,8850.0,58.0,77.0,0.0
20250717,SI2508,8750.0,3525.0,8410.0,-0.0068591027874918
20250717,SI2509,8745.0,1033119.0,381048.0,-0.048123811273847
20250717,SI2510,8710.0,18015.0,49766.0,-0.0552360008635315
20250717,SI2511,8670.0,85424.0,98762.0,0.4015117951757473
20250717,SI2512,8965.0,13237.0,43875.0,-0.0603859255821379
20250717,SI2601,8920.0,13070.0,19713.0,-0.0269360382458863
20250717,SI2602,8900.0,140.0,1439.0,-0.0067434674435478
20250717,SI2603,8895.0,23.0,414.0,-0.0270118290758272
20250717,SI2604,8875.0,252.0,799.0,-0.0067624684798961
20250717,SI2605,8870.0,3115.0,7255.0,-0.0067662815438034
20250717,SI2606,8865.0,371.0,913.0,0.0135287500236982
20250717,SI2607,8875.0,71.0,113.0,0.0
20250718,SI2508,8685.0,4665.0,6257.0,0.0138089773581377
20250718,SI2509,8695.0,1704999.0,387252.0,-0.0484011027828302
20250718,SI2510,8660.0,35265.0,50551.0,-0.0416426097480866
20250718,SI2511,8630.0,148068.0,100906.0,0.3966172979589777
20250718,SI2512,8920.0,25997.0,43211.0,-0.0877641042854543
20250718,SI2601,8855.0,21865.0,18893.0,-0.0203447350229381
20250718,SI2602,8840.0,526.0,1465.0,0.0338887545194296
20250718,SI2603,8865.0,407.0,388.0,-0.0135440194964923
20250718,SI2604,8855.0,699.0,802.0,-0.0271339855576461
20250718,SI2605,8835.0,5480.0,7609.0,0.0
20250718,SI2606,8835.0,792.0,868.0,-0.0135900354275911
20250718,SI2607,8825.0,285.0,264.0,0.0
20250721,SI2508,9240.0,4848.0,5364.0,0.0259459560539438
20250721,SI2509,9260.0,1260930.0,383296.0,-0.0910573474859078
20250721,SI2510,9190.0,41150.0,47539.0,-0.1049187011487449
20250721,SI2511,9110.0,158415.0,96841.0,0.2734790091075935
20250721,SI2512,9320.0,35265.0,44380.0,-0.064550989436833
20250721,SI2601,9270.0,26015.0,19787.0,-0.0388979270900514
20250721,SI2602,9240.0,440.0,1484.0,-0.019496348724023
20250721,SI2603,9225.0,122.0,392.0,-0.0195280759125044
20250721,SI2604,9210.0,292.0,804.0,0.0
20250721,SI2605,9210.0,4531.0,7149.0,-0.0065164269860915
20250721,SI2606,9205.0,923.0,920.0,-0.039173048932887
20250721,SI2607,9175.0,343.0,420.0,0.0
20250722,SI2508,9630.0,1702.0,4471.0,0.0311122808453218
20250722,SI2509,9655.0,1234403.0,380961.0,-0.1061125249873782
20250722,SI2510,9570.0,34456.0,46375.0,-0.0754719468907678
20250722,SI2511,9510.0,148495.0,100102.0,0.3971406912213151
20250722,SI2512,9830.0,23374.0,45188.0,-0.1042152143946131
20250722,SI2601,9745.0,28036.0,20586.0,-0.0617285311789077
20250722,SI2602,9695.0,728.0,1471.0,-0.0682701608659304
20250722,SI2603,9640.0,372.0,411.0,0.0434895635206949
20250722,SI2604,9675.0,685.0,776.0,0.0
20250722,SI2605,9675.0,6054.0,6680.0,-0.0124095150666155
20250722,SI2606,9665.0,1079.0,913.0,0.0062063616589052
20250722,SI2607,9670.0,790.0,688.0,0.0
20250723,SI2508,9505.0,3424.0,3228.0,0.0252233408684656
20250723,SI2509,9525.0,1681997.0,334776.0,-0.1012130407115014
20250723,SI2510,9445.0,90858.0,44159.0,-0.1020739806890528
20250723,SI2511,9365.0,284845.0,100445.0,0.3348466789677893
20250723,SI2512,9630.0,44357.0,47547.0,-0.0750002441420555
20250723,SI2601,9570.0,50073.0,20640.0,-0.043967596949766
20250723,SI2602,9535.0,683.0,1472.0,0.0188629852830782
20250723,SI2603,9550.0,484.0,405.0,-0.0440598449343134
20250723,SI2604,9515.0,821.0,794.0,-0.0315706575153156
20250723,SI2605,9490.0,11639.0,6782.0,-0.0316539355266035
20250723,SI2606,9465.0,1937.0,822.0,0.0316539355266047
20250723,SI2607,9490.0,905.0,527.0,0.0
20250724,SI2508,9630.0,2013.0,3428.0,0.0745344011116881
20250724,SI2509,9690.0,1172879.0,336274.0,-0.0683054884361417
20250724,SI2510,9635.0,48991.0,45473.0,-0.068696518602726
20250724,SI2511,9580.0,201269.0,106702.0,0.3274334412998362
20250724,SI2512,9845.0,32411.0,46537.0,-0.0979097731493588
20250724,SI2601,9765.0,38052.0,21852.0,-0.012295083042812
20250724,SI2602,9755.0,458.0,1485.0,-0.0061522687838246
20250724,SI2603,9750.0,171.0,409.0,-0.018475754227113
20250724,SI2604,9735.0,589.0,859.0,-0.0246786719371153
20250724,SI2605,9715.0,6555.0,7332.0,-0.0185423678407956
20250724,SI2606,9700.0,993.0,690.0,-0.0123775152799472
20250724,SI2607,9690.0,421.0,568.0,0.0
20250725,SI2508,9680.0,1165.0,3320.0,0.0556558585922917
20250725,SI2509,9725.0,680618.0,323314.0,-0.0804748953610006
20250725,SI2510,9660.0,36326.0,46555.0,-0.0685182240468792
20250725,SI2511,9605.0,175956.0,111801.0,0.2961589904468267
20250725,SI2512,9845.0,26501.0,49121.0,-0.061099928335018
20250725,SI2601,9795.0,30250.0,23136.0,-0.0245273463008949
20250725,SI2602,9775.0,236.0,1461.0,-0.0430438586038285
20250725,SI2603,9740.0,145.0,422.0,0.0061585836609654
20250725,SI2604,9745.0,314.0,815.0,-0.0369990015614487
20250725,SI2605,9715.0,5110.0,7205.0,0.0061744277153321
20250725,SI2606,9720.0,439.0,691.0,-0.0309039573327906
20250725,SI2607,9695.0,188.0,538.0,0.0
20250728,SI2508,8880.0,1385.0,2782.0,0.0472043317322996
20250728,SI2509,8915.0,683714.0,279068.0,-0.060725459923387
20250728,SI2510,8870.0,43429.0,46204.0,-0.0542373804674342
20250728,SI2511,8830.0,217012.0,113527.0,0.3218069941341195
20250728,SI2512,9070.0,25325.0,47280.0,-0.0663351606301553
20250728,SI2601,9020.0,41514.0,22517.0,0.0265780839546338
20250728,SI2602,9040.0,668.0,1466.0,-0.0799115050797221
20250728,SI2603,8980.0,348.0,423.0,0.0
20250728,SI2604,8980.0,707.0,794.0,0.0266963402653333
20250728,SI2605,9000.0,7734.0,7113.0,-0.0266963402653339
20250728,SI2606,8980.0,762.0,690.0,0.0133555940330478
20250728,SI2607,8990.0,245.0,578.0,0.0
20250729,SI2508,9295.0,579.0,2656.0,0.0707966655262598
20250729,SI2509,9350.0,654844.0,276734.0,-0.0643433176966248
20250729,SI2510,9300.0,40353.0,46224.0,-0.038772246977357
20250729,SI2511,9270.0,234527.0,120082.0,0.3382303136954242
20250729,SI2512,9535.0,31141.0,48996.0,-0.0567675171665503
20250729,SI2601,9490.0,49132.0,27021.0,-0.0761101917176448
20250729,SI2602,9430.0,290.0,1436.0,-0.0254777165769343
20250729,SI2603,9410.0,199.0,428.0,0.0063745021419292
20250729,SI2604,9415.0,383.0,749.0,0.006371117749872
20250729,SI2605,9420.0,5389.0,6803.0,-0.0063711177498721
20250729,SI2606,9415.0,421.0,660.0,-0.0191336739978907
20250729,SI2607,9400.0,248.0,587.0,0.0
20250730,SI2508,9280.0,784.0,2354.0,0.0064637760787177
20250730,SI2509,9285.0,605161.0,242677.0,-0.0129310357340429
20250730,SI2510,9275.0,41501.0,47047.0,0.0064672596553248
20250730,SI2511,9280.0,318171.0,136182.0,0.3441552923343555
20250730,SI2512,9550.0,29549.0,51694.0,-0.0125720283893242
20250730,SI2601,9540.0,52461.0,27216.0,-0.1137449274545252
20250730,SI2602,9450.0,310.0,1349.0,0.0
20250730,SI2603,9450.0,184.0,435.0,0.0948621540853589
20250730,SI2604,9525.0,411.0,723.0,-0.0126050431758225
20250730,SI2605,9515.0,6474.0,6917.0,-0.0189324256994123
20250730,SI2606,9500.0,445.0,636.0,0.0
20250730,SI2607,9500.0,188.0,603.0,0.0
20250731,SI2508,8625.0,664.0,2137.0,0.1863713043705199
20250731,SI2509,8760.0,410371.0,212932.0,0.0068473610987719
20250731,SI2510,8765.0,33871.0,47086.0,-0.0205538160440965
20250731,SI2511,8750.0,296940.0,138235.0,0.4244057260474961
20250731,SI2512,9065.0,28001.0,52990.0,-0.0066206898231173
20250731,SI2601,9060.0,54714.0,28478.0,0.0066206898231176
20250731,SI2602,9065.0,332.0,1406.0,0.0198401808766516
20250731,SI2603,9080.0,162.0,451.0,-0.0330852153339025
20250731,SI2604,9055.0,224.0,732.0,0.0198620735000211
20250731,SI2605,9070.0,6555.0,8054.0,0.0
20250731,SI2606,9070.0,489.0,645.0,0.033030574116484
20250731,SI2607,9095.0,183.0,619.0,0.0
20250801,SI2508,8500.0,265.0,1174.0,0.0
20250801,SI2509,8500.0,225177.0,194340.0,0.0070567482186506
20250801,SI2510,8505.0,24102.0,50425.0,-0.0141176486871564
20250801,SI2511,8495.0,217050.0,150996.0,0.4641271139036809
20250801,SI2512,8830.0,19860.0,54994.0,-0.0204023851924208
20250801,SI2601,8815.0,39281.0,31946.0,0.0271954790619135
20250801,SI2602,8835.0,367.0,1436.0,0.0609654147890269
20250801,SI2603,8880.0,158.0,459.0,0.0269966368081865
20250801,SI2604,8900.0,181.0,757.0,-0.060828066039568
20250801,SI2605,8855.0,5809.0,8768.0,0.0675677460819377
20250801,SI2606,8905.0,424.0,615.0,0.0
20250801,SI2607,8905.0,95.0,637.0,0.0
20250804,SI2508,8330.0,153.0,1077.0,0.0431396510143081
20250804,SI2509,8360.0,187014.0,176164.0,0.0215118073742391
20250804,SI2510,8375.0,25908.0,55040.0,-0.0071663185169539
20250804,SI2511,8370.0,238061.0,167596.0,0.5122087090156311
20250804,SI2512,8735.0,15541.0,53629.0,-0.0068708848141089
20250804,SI2601,8730.0,31186.0,35223.0,-0.020636290554319
20250804,SI2602,8715.0,281.0,1375.0,0.034374128345519
20250804,SI2603,8740.0,137.0,490.0,0.0411194005997701
20250804,SI2604,8770.0,92.0,769.0,-0.0205420877553185
20250804,SI2605,8755.0,3904.0,9307.0,0.0273816433693712
20250804,SI2606,8775.0,208.0,603.0,0.0
20250804,SI2607,8775.0,187.0,708.0,0.0
20250805,SI2508,8490.0,17.0,616.0,-0.056670707450082
20250805,SI2509,8450.0,159696.0,151778.0,0.0354505427691765
20250805,SI2510,8475.0,21739.0,57379.0,0.0212201646809033
20250805,SI2511,8490.0,311623.0,181168.0,0.5794228939135428
20250805,SI2512,8910.0,21962.0,56092.0,0.0
20250805,SI2601,8910.0,43183.0,40285.0,0.0
20250805,SI2602,8910.0,237.0,1335.0,0.107263284009731
20250805,SI2603,8990.0,211.0,534.0,-0.0736403984656503
20250805,SI2604,8935.0,184.0,752.0,0.0201286041044712
20250805,SI2605,8950.0,3370.0,9594.0,0.0
20250805,SI2606,8950.0,173.0,598.0,-0.0201286041044713
20250805,SI2607,8935.0,255.0,676.0,0.0
20250806,SI2508,8590.0,45.0,55.0,0.125073512113138
20250806,SI2509,8680.0,151324.0,127431.0,0.02071942960785
20250806,SI2510,8695.0,28704.0,61935.0,0.0068985342514991
20250806,SI2511,8700.0,465083.0,208736.0,0.5196201142511576
20250806,SI2512,9085.0,27192.0,59890.0,0.0066024760950349
20250806,SI2601,9090.0,59550.0,47063.0,0.0065988453683785
20250806,SI2602,9095.0,759.0,1550.0,0.0263591539264889
20250806,SI2603,9115.0,560.0,744.0,0.0197314377150089
20250806,SI2604,9130.0,563.0,845.0,0.0459142402174949
20250806,SI2605,9165.0,8482.0,12585.0,0.0130861517875882
20250806,SI2606,9175.0,345.0,561.0,0.0065377283011802
20250806,SI2607,9180.0,197.0,639.0,0.0
20250807,SI2508,8650.0,100.0,55.0,-0.0556200300497822
20250807,SI2509,8610.0,117223.0,124823.0,0.0347927179080309
20250807,SI2510,8635.0,22496.0,65144.0,0.0277617243543668
20250807,SI2511,8655.0,396110.0,224390.0,0.4088981626140294
20250807,SI2512,8955.0,21294.0,59093.0,-0.0134078226239117
20250807,SI2601,8945.0,53653.0,47361.0,0.0
20250807,SI2602,8945.0,352.0,1520.0,0.0
20250807,SI2603,8945.0,96.0,748.0,0.0668898053017661
20250807,SI2604,8995.0,177.0,793.0,-0.0200278210606582
20250807,SI2605,8980.0,7448.0,10598.0,0.0333611557657334
20250807,SI2606,9005.0,389.0,605.0,-0.0133333347050756
20250807,SI2607,8995.0,165.0,660.0,0.0
20250808,SI2508,8645.0,0.0,4.0,0.0208032412690803
20250808,SI2509,8660.0,72304.0,104919.0,0.0414986004354826
20250808,SI2510,8690.0,25228.0,66177.0,0.0275862190453277
20250808,SI2511,8710.0,430472.0,238685.0,0.4063593690700213
20250808,SI2512,9010.0,16474.0,58443.0,-0.0400222716736602
20250808,SI2601,8980.0,45237.0,50444.0,-0.020061303084144
20250808,SI2602,8965.0,186.0,1540.0,0.0400891241448024
20250808,SI2603,8995.0,83.0,767.0,0.0199944506130013
20250808,SI2604,9010.0,93.0,801.0,0.0465245667241434
20250808,SI2605,9045.0,3264.0,10718.0,-0.0199170170203727
20250808,SI2606,9030.0,219.0,612.0,0.0199170170203736
20250808,SI2607,9045.0,140.0,685.0,0.0
20250811,SI2508,8895.0,35.0,24.0,0.0873708704284887
20250811,SI2509,8960.0,79986.0,82183.0,0.0200724886500423
20250811,SI2510,8975.0,34708.0,68307.0,0.0333797155425212
20250811,SI2511,9000.0,662196.0,271943.0,0.464236588678002
20250811,SI2512,9355.0,21859.0,58346.0,0.0064119691613718
20250811,SI2601,9360.0,63478.0,54157.0,-0.0513919415040101
20250811,SI2602,9320.0,586.0,1574.0,0.0257234825190164
20250811,SI2603,9340.0,190.0,741.0,0.0448838353886781
20250811,SI2604,9375.0,189.0,776.0,0.0127931781839728
20250811,SI2605,9385.0,5052.0,10283.0,-0.0127931781839713
20250811,SI2606,9375.0,302.0,602.0,0.0191846563643648
20250811,SI2607,9390.0,172.0,668.0,0.0
20250812,SI2508,8800.0,0.0,1.0,0.0
20250812,SI2509,8800.0,48775.0,68175.0,0.0272417824144689
20250812,SI2510,8820.0,28272.0,63965.0,0.0271800795702247
20250812,SI2511,8840.0,520504.0,278860.0,0.5440400984973817
20250812,SI2512,9250.0,19562.0,59470.0,-0.0194752544775663
20250812,SI2601,9235.0,58571.0,57281.0,-0.0130010846953494
20250812,SI2602,9225.0,341.0,1561.0,0.0777960585369397
20250812,SI2603,9285.0,65.0,743.0,-0.0129310357340429
20250812,SI2604,9275.0,52.0,776.0,0.0129310357340441
20250812,SI2605,9285.0,3671.0,10442.0,0.0064602962529375
20250812,SI2606,9290.0,195.0,580.0,0.0193600472216019
20250812,SI2607,9305.0,134.0,684.0,0.0
20250813,SI2508,8575.0,0.0,1.0,-0.0069991253077819
20250813,SI2509,8570.0,30817.0,60961.0,0.0489083646457717
20250813,SI2510,8605.0,26262.0,63678.0,-0.0069747168484883
20250813,SI2511,8600.0,510280.0,284500.0,0.5121687733785671
20250813,SI2512,8975.0,19801.0,61611.0,0.0
20250813,SI2601,8975.0,65674.0,62779.0,0.0
20250813,SI2602,8975.0,286.0,1579.0,0.0200389693102351
20250813,SI2603,8990.0,125.0,747.0,0.0930752588563087
20250813,SI2604,9060.0,76.0,792.0,-0.0331583521283532
20250813,SI2605,9035.0,4267.0,11274.0,0.0066390043187191
20250813,SI2606,9040.0,155.0,559.0,-0.0132816837022932
20250813,SI2607,9030.0,212.0,693.0,0.0
20250814,SI2508,8635.0,0.0,0.0,0.0554593708113723
20250814,SI2509,8675.0,26713.0,52760.0,0.006914434072031
20250814,SI2510,8680.0,24010.0,63837.0,-0.0069144340720307
20250814,SI2511,8675.0,512076.0,279035.0,0.5144611860294469
20250814,SI2512,9055.0,18101.0,60481.0,-0.0198950031754989
20250814,SI2601,9040.0,62101.0,63573.0,-0.0132816837022932
20250814,SI2602,9030.0,193.0,1600.0,0.0398010315119258
20250814,SI2603,9060.0,102.0,754.0,0.052863521614997
20250814,SI2604,9100.0,113.0,797.0,-0.026402650915229
20250814,SI2605,9080.0,2759.0,11008.0,0.0
20250814,SI2606,9080.0,195.0,572.0,0.026402650915228
20250814,SI2607,9100.0,226.0,706.0,0.0
20250815,SI2509,8780.0,23176.0,46103.0,0.0204836465099533
20250815,SI2510,8795.0,23578.0,66173.0,0.0136363651037761
20250815,SI2511,8805.0,543117.0,276272.0,0.4874105318424473
20250815,SI2512,9170.0,15652.0,60875.0,0.0065412920671257
20250815,SI2601,9175.0,74945.0,66685.0,-0.0196345830551411
20250815,SI2602,9160.0,413.0,1663.0,0.0327064797726001
20250815,SI2603,9185.0,98.0,788.0,0.071642003838045
20250815,SI2604,9240.0,184.0,826.0,-0.0129940456659845
20250815,SI2605,9230.0,4315.0,11326.0,0.0389400017199256
20250815,SI2606,9260.0,169.0,564.0,-0.0194542058279979
20250815,SI2607,9245.0,259.0,708.0,-0.3089735186260997
20250815,SI2608,9010.0,7.0,5.0,0.0
20250818,SI2509,8580.0,25296.0,35158.0,0.027939477115094
20250818,SI2510,8600.0,31784.0,69198.0,0.0069747168484877
20250818,SI2511,8605.0,511250.0,297619.0,0.4985069568864234
20250818,SI2512,8970.0,19043.0,62519.0,-0.0267857254072894
20250818,SI2601,8950.0,74827.0,71936.0,0.04015620032813
20250818,SI2602,8980.0,355.0,1733.0,0.0931785047727192
20250818,SI2603,9050.0,147.0,859.0,-0.0199060040117156
20250818,SI2604,9035.0,111.0,834.0,-0.0199390796359136
20250818,SI2605,9020.0,3661.0,11768.0,0.0464730871301332
20250818,SI2606,9055.0,71.0,566.0,0.0264754657864524
20250818,SI2607,9075.0,166.0,710.0,0.0461919734514309
20250818,SI2608,9110.0,11.0,11.0,0.0
20250819,SI2509,8605.0,9481.0,32409.0,0.0417633832216705
20250819,SI2510,8635.0,21658.0,69782.0,-0.0139049841746211
20250819,SI2511,8625.0,438313.0,286605.0,0.4973746267932653
20250819,SI2512,8990.0,14214.0,62333.0,-0.0066759389760781
20250819,SI2601,8985.0,54568.0,69457.0,-0.006679655056969
20250819,SI2602,8980.0,406.0,1754.0,0.0
20250819,SI2603,8980.0,124.0,864.0,0.1064308528893574
20250819,SI2604,9060.0,86.0,819.0,-0.0530974317642683
20250819,SI2605,9020.0,3899.0,12125.0,0.0265780839546338
20250819,SI2606,9040.0,93.0,546.0,0.0331400376327505
20250819,SI2607,9065.0,244.0,779.0,0.0330487677908762
20250819,SI2608,9090.0,12.0,19.0,0.0
20250820,SI2509,8350.0,15387.0,25650.0,0.0573477793962072
20250820,SI2510,8390.0,33425.0,72432.0,0.0
20250820,SI2511,8390.0,561795.0,279868.0,0.5178646136302241
20250820,SI2512,8760.0,27671.0,61743.0,-0.0342955363473621
20250820,SI2601,8735.0,81894.0,68836.0,-0.0481790151057822
20250820,SI2602,8700.0,677.0,1762.0,0.0413081302916723
20250820,SI2603,8730.0,316.0,908.0,-0.0137535831674708
20250820,SI2604,8720.0,244.0,831.0,0.0274914209586691
20250820,SI2605,8740.0,6649.0,12924.0,0.0137221284249482
20250820,SI2606,8750.0,263.0,567.0,0.0068551844195064
20250820,SI2607,8755.0,390.0,873.0,0.0547009494204768
20250820,SI2608,8795.0,59.0,51.0,0.0
20250821,SI2509,8595.0,10100.0,22733.0,0.0348533500894694
20250821,SI2510,8620.0,28630.0,74322.0,0.0208635230764826
20250821,SI2511,8635.0,659075.0,283578.0,0.4701140485855949
20250821,SI2512,8980.0,26425.0,61993.0,-0.0267558639272291
20250821,SI2601,8960.0,70381.0,69062.0,-0.0201061203138788
20250821,SI2602,8945.0,698.0,1807.0,0.020106120313879
20250821,SI2603,8960.0,221.0,895.0,-0.0066982976899678
20250821,SI2604,8955.0,128.0,790.0,0.0066982976899682
20250821,SI2605,8960.0,4421.0,12441.0,0.0133853890063873
20250821,SI2606,8970.0,104.0,557.0,-0.0267857254072894
20250821,SI2607,8950.0,222.0,850.0,0.0668525405934651
20250821,SI2608,9000.0,33.0,47.0,0.0
20250822,SI2509,8710.0,5374.0,21134.0,0.0275229478451923
20250822,SI2510,8730.0,24354.0,73874.0,0.0206008634286545
20250822,SI2511,8745.0,620638.0,279381.0,0.4709124419942425
20250822,SI2512,9095.0,22787.0,62827.0,-0.0065988453683778
20250822,SI2601,9090.0,62365.0,69781.0,-0.0661888054236279
20250822,SI2602,9040.0,227.0,1804.0,0.0265193478096346
20250822,SI2603,9060.0,173.0,861.0,0.0330669815189593
20250822,SI2604,9085.0,77.0,771.0,0.0066024760950349
20250822,SI2605,9090.0,3745.0,11926.0,0.0
20250822,SI2606,9090.0,125.0,526.0,0.0
20250822,SI2607,9090.0,216.0,808.0,0.0461158953500131
20250822,SI2608,9125.0,9.0,49.0,0.0
20250825,SI2509,8640.0,4948.0,19536.0,0.0485129162035023
20250825,SI2510,8675.0,21091.0,72140.0,0.0
20250825,SI2511,8675.0,475611.0,289125.0,0.4945661828539477
20250825,SI2512,9040.0,18705.0,64387.0,-0.0132816837022932
20250825,SI2601,9030.0,60491.0,73548.0,0.0265486833952877
20250825,SI2602,9050.0,255.0,1810.0,0.0132523481166387
20250825,SI2603,9060.0,123.0,865.0,0.0198511211523176
20250825,SI2604,9075.0,47.0,780.0,-0.0198511211523175
20250825,SI2605,9060.0,2555.0,12141.0,0.0462683029823709
20250825,SI2606,9095.0,85.0,517.0,0.0131868145138294
20250825,SI2607,9105.0,177.0,781.0,0.0
20250825,SI2608,9105.0,29.0,57.0,0.0
20250826,SI2509,8465.0,5126.0,17148.0,0.0424528744655608
20250826,SI2510,8495.0,17236.0,71083.0,0.0282187078890741
20250826,SI2511,8515.0,450290.0,281839.0,0.5036669146731261
20250826,SI2512,8880.0,14753.0,64680.0,-0.0202874097348892
20250826,SI2601,8865.0,50685.0,74158.0,0.0202874097348894
20250826,SI2602,8880.0,281.0,1808.0,0.0
20250826,SI2603,8880.0,79.0,863.0,0.0337363168505566
20250826,SI2604,8905.0,17.0,781.0,0.0067358968931152
20250826,SI2605,8910.0,2812.0,12277.0,0.0336228855440802
20250826,SI2606,8935.0,25.0,527.0,0.0201286041044712
20250826,SI2607,8950.0,133.0,821.0,0.0334728250509431
20250826,SI2608,8975.0,6.0,61.0,0.0
20250827,SI2509,8485.0,5059.0,14600.0,0.0353045267891162
20250827,SI2510,8510.0,15381.0,69825.0,0.0211329670115738
20250827,SI2511,8525.0,376195.0,275558.0,0.5030883162747917
20250827,SI2512,8890.0,16166.0,65005.0,-0.0337933199957043
20250827,SI2601,8865.0,45013.0,74043.0,-0.0203217660759963
20250827,SI2602,8850.0,303.0,1850.0,0.0338505160996951
20250827,SI2603,8875.0,62.0,882.0,0.0270118290758265
20250827,SI2604,8895.0,26.0,790.0,-0.0202531693646368
20250827,SI2605,8880.0,2735.0,12751.0,0.020253169364638
20250827,SI2606,8895.0,67.0,530.0,0.0336795056894339
20250827,SI2607,8920.0,121.0,864.0,0.0067245728854161
20250827,SI2608,8925.0,6.0,62.0,0.0
20250828,SI2509,8525.0,5044.0,11939.0,0.0491660038088434
20250828,SI2510,8560.0,15086.0,66956.0,0.0140105094724517
20250828,SI2511,8570.0,293193.0,273754.0,0.5139238122119287
20250828,SI2512,8945.0,13157.0,65063.0,-0.026860671539756
20250828,SI2601,8925.0,39434.0,73811.0,-0.0201850341958179
20250828,SI2602,8910.0,162.0,1851.0,0.013460461310402
20250828,SI2603,8920.0,45.0,896.0,0.0134453795578767
20250828,SI2604,8930.0,13.0,786.0,0.0201398648672965
20250828,SI2605,8945.0,1886.0,12611.0,0.0
20250828,SI2606,8945.0,144.0,497.0,0.0535416392980775
20250828,SI2607,8985.0,125.0,884.0,-0.1545806869684107
20250828,SI2608,8870.0,17.0,49.0,0.0
20250829,SI2509,8355.0,7021.0,8560.0,0.0286909879652777
20250829,SI2510,8375.0,19887.0,61881.0,0.0214733132158155
20250829,SI2511,8390.0,338974.0,292415.0,0.5452306460149267
20250829,SI2512,8780.0,16878.0,68601.0,0.0068317679044223
20250829,SI2601,8785.0,36872.0,75593.0,-0.0205069830596264
20250829,SI2602,8770.0,484.0,1889.0,0.0341588616651591
20250829,SI2603,8795.0,163.0,925.0,0.0136363651037761
20250829,SI2604,8805.0,60.0,798.0,0.0476056164165899
20250829,SI2605,8840.0,4713.0,12252.0,0.0067854115463583
20250829,SI2606,8845.0,113.0,507.0,0.0406320929967715
20250829,SI2607,8875.0,110.0,897.0,-0.1018393665278243
20250829,SI2608,8800.0,10.0,57.0,0.0
20250901,SI2509,8445.0,1315.0,1651.0,0.0425532360810058
20250901,SI2510,8475.0,27439.0,46671.0,0.028285222288576
20250901,SI2511,8495.0,359856.0,285449.0,0.5251269628510109
20250901,SI2512,8875.0,16939.0,72064.0,0.0067586597111914
20250901,SI2601,8880.0,50652.0,78269.0,0.0
20250901,SI2602,8880.0,2662.0,4011.0,0.0067548552304317
20250901,SI2603,8885.0,81.0,934.0,0.0337173585132399
20250901,SI2604,8910.0,21.0,802.0,0.0269058408682767
20250901,SI2605,8930.0,3737.0,12361.0,0.0201398648672965
20250901,SI2606,8945.0,85.0,517.0,0.0
20250901,SI2607,8945.0,141.0,902.0,-0.0672647501146083
20250901,SI2608,8895.0,5.0,59.0,0.0
20250902,SI2509,8495.0,218.0,876.0,-0.0566372732802202
20250902,SI2510,8455.0,22889.0,36205.0,0.021270315761034
20250902,SI2511,8470.0,345613.0,281480.0,0.5062871652923604
20250902,SI2512,8835.0,15904.0,73974.0,-0.0067930938694929
20250902,SI2601,8830.0,39440.0,77825.0,-0.0135977351660247
20250902,SI2602,8820.0,1781.0,5253.0,0.0203908290355181
20250902,SI2603,8835.0,38.0,945.0,0.0609654147890269
20250902,SI2604,8880.0,14.0,800.0,0.0067548552304317
20250902,SI2605,8885.0,2314.0,12342.0,0.0202417815777548
20250902,SI2606,8900.0,49.0,502.0,0.0269360382458873
20250902,SI2607,8920.0,74.0,898.0,0.0201624242336799
20250902,SI2608,8935.0,4.0,59.0,0.0
20250903,SI2509,8485.0,0.0,828.0,-0.0141509450361076
20250903,SI2510,8475.0,14202.0,28490.0,0.0212201646809033
20250903,SI2511,8490.0,275841.0,279742.0,0.5186632704349843
20250903,SI2512,8865.0,12190.0,77586.0,-0.006770098910179
20250903,SI2601,8860.0,29906.0,77414.0,0.0
20250903,SI2602,8860.0,457.0,5533.0,-0.0135516671658169
20250903,SI2603,8850.0,14.0,947.0,0.0608623451755241
20250903,SI2604,8895.0,0.0,800.0,0.0134831474859178
20250903,SI2605,8905.0,1902.0,12146.0,0.0067358968931152
20250903,SI2606,8910.0,29.0,496.0,0.0537514896485524
20250903,SI2607,8950.0,28.0,901.0,0.020094897243986
20250903,SI2608,8965.0,6.0,60.0,0.0
20250904,SI2509,8580.0,25.0,780.0,-0.10535625182455
20250904,SI2510,8505.0,15345.0,25524.0,0.0141010592019177
20250904,SI2511,8515.0,371805.0,277305.0,0.4833795049382348
20250904,SI2512,8865.0,18048.0,80032.0,-0.0203217660759963
20250904,SI2601,8850.0,47210.0,76884.0,0.0
20250904,SI2602,8850.0,1086.0,6054.0,0.0406091758108859
20250904,SI2603,8880.0,58.0,972.0,0.0067548552304317
20250904,SI2604,8885.0,41.0,799.0,0.0337173585132399
20250904,SI2605,8910.0,2761.0,12110.0,0.0
20250904,SI2606,8910.0,66.0,491.0,-0.0134755769354853
20250904,SI2607,8900.0,88.0,890.0,0.0806274029849401
20250904,SI2608,8960.0,3.0,63.0,0.0
20250905,SI2509,8825.0,207.0,696.0,-0.0340425760223967
20250905,SI2510,8800.0,32599.0,26552.0,0.0272417824144689
20250905,SI2511,8820.0,563286.0,286545.0,0.4604401352756207
20250905,SI2512,9165.0,22600.0,82050.0,-0.0196560240508603
20250905,SI2601,9150.0,68311.0,76447.0,-0.0262582161666347
20250905,SI2602,9130.0,1447.0,7067.0,0.0131362903101788
20250905,SI2603,9140.0,148.0,945.0,0.0262295186397627
20250905,SI2604,9160.0,81.0,790.0,0.0392370921786804
20250905,SI2605,9190.0,4207.0,11439.0,-0.0130647808223587
20250905,SI2606,9180.0,52.0,470.0,0.0
20250905,SI2607,9180.0,199.0,796.0,0.0261153530711453
20250905,SI2608,9200.0,50.0,86.0,0.0
20250908,SI2509,8690.0,13.0,539.0,-0.251171960304215
20250908,SI2510,8510.0,16158.0,21835.0,0.0281690270196586
20250908,SI2511,8530.0,470695.0,289571.0,0.5095429828140771
20250908,SI2512,8900.0,16902.0,82177.0,-0.0337552965193753
20250908,SI2601,8875.0,59822.0,78334.0,0.0202645699720051
20250908,SI2602,8890.0,2853.0,8766.0,0.0471513376786746
20250908,SI2603,8925.0,201.0,991.0,0.0067208066724588
20250908,SI2604,8930.0,68.0,795.0,-0.0067208066724584
20250908,SI2605,8925.0,4357.0,12520.0,0.0469667918536357
20250908,SI2606,8960.0,58.0,480.0,-0.0134003364009008
20250908,SI2607,8950.0,90.0,816.0,0.0468358553851012
20250908,SI2608,8985.0,45.0,81.0,0.0
20250909,SI2509,8555.0,193.0,460.0,-0.2265554017758317
20250909,SI2510,8395.0,9983.0,18123.0,0.0214222014642294
20250909,SI2511,8410.0,389876.0,286040.0,0.5029839887908188
20250909,SI2512,8770.0,18191.0,82579.0,0.0
20250909,SI2601,8770.0,53909.0,78513.0,-0.0068434561307259
20250909,SI2602,8765.0,1986.0,9834.0,0.0478224373315543
20250909,SI2603,8800.0,56.0,1000.0,0.0136286215671291
20250909,SI2604,8810.0,71.0,803.0,-0.0068123759990243
20250909,SI2605,8805.0,3222.0,12484.0,-0.006816245568104
20250909,SI2606,8800.0,29.0,490.0,0.0612072735310538
20250909,SI2607,8845.0,59.0,837.0,0.0541456079383928
20250909,SI2608,8885.0,14.0,79.0,0.0
20250910,SI2509,8470.0,125.0,417.0,0.2384648898240147
20250910,SI2510,8640.0,11264.0,15855.0,0.0346720842192627
20250910,SI2511,8665.0,622948.0,278065.0,0.4884789726165023
20250910,SI2512,9025.0,34160.0,86184.0,-0.0266223070923026
20250910,SI2601,9005.0,85532.0,79230.0,0.0066611159079257
20250910,SI2602,9010.0,3063.0,10377.0,-0.026666677640612
20250910,SI2603,8990.0,287.0,1021.0,0.0133407462322849
20250910,SI2604,9000.0,148.0,798.0,0.0266370808597537
20250910,SI2605,9020.0,5531.0,12159.0,0.0199390796359148
20250910,SI2606,9035.0,120.0,477.0,-0.039911344995269
20250910,SI2607,9005.0,250.0,797.0,0.0332686656116957
20250910,SI2608,9030.0,66.0,85.0,0.0
20250911,SI2509,8685.0,17.0,400.0,0.0551408207450711
20250911,SI2510,8725.0,3567.0,16093.0,0.0206126589474392
20250911,SI2511,8740.0,347619.0,287771.0,0.4843706862643242
20250911,SI2512,9100.0,25612.0,87116.0,-0.0131940640010026
20250911,SI2601,9090.0,56004.0,80630.0,-0.0066024760950353
20250911,SI2602,9085.0,1269.0,11004.0,0.0
20250911,SI2603,9085.0,93.0,970.0,0.0
20250911,SI2604,9085.0,38.0,797.0,0.0132013214634117
20250911,SI2605,9095.0,3957.0,12524.0,0.0
20250911,SI2606,9095.0,40.0,475.0,0.0
20250911,SI2607,9095.0,62.0,784.0,0.0263591539264889
20250911,SI2608,9115.0,36.0,91.0,0.0
20250912,SI2509,8405.0,0.0,0.0,0.4483884147349423
20250912,SI2510,8725.0,2168.0,15551.0,0.0274756845848932
20250912,SI2511,8745.0,303843.0,277988.0,0.4906872336156181
20250912,SI2512,9110.0,18214.0,87091.0,-0.0197747916213766
20250912,SI2601,9095.0,46521.0,80193.0,-0.0132013214634125
20250912,SI2602,9085.0,467.0,11067.0,0.0132013214634117
20250912,SI2603,9095.0,21.0,956.0,-0.0198074322826041
20250912,SI2604,9080.0,8.0,799.0,0.0461665862090939
20250912,SI2605,9115.0,3385.0,12609.0,-0.0065843623051124
20250912,SI2606,9110.0,20.0,474.0,0.026315800020121
20250912,SI2607,9130.0,52.0,783.0,0.0262582161666349
20250912,SI2608,9150.0,23.0,93.0,0.0
20250915,SI2510,8780.0,9180.0,11822.0,0.0273037660456272
20250915,SI2511,8800.0,498210.0,290948.0,0.4942267774105517
20250915,SI2512,9170.0,37342.0,89848.0,0.0065412920671257
20250915,SI2601,9175.0,88968.0,87239.0,0.0
20250915,SI2602,9175.0,2766.0,12165.0,-0.0130861517875877
20250915,SI2603,9165.0,154.0,956.0,0.045739233159915
20250915,SI2604,9200.0,35.0,796.0,0.0
20250915,SI2605,9200.0,6372.0,12713.0,-0.0130505722487879
20250915,SI2606,9190.0,134.0,470.0,0.0195705398093455
20250915,SI2607,9205.0,143.0,769.0,-0.0065199675605585
20250915,SI2608,9200.0,63.0,89.0,0.0195492848015026
20250915,SI2609,9215.0,33.0,17.0,0.0
20250916,SI2510,8880.0,4590.0,11277.0,0.0472043317322996
20250916,SI2511,8915.0,389575.0,287184.0,0.507349786129278
20250916,SI2512,9300.0,31203.0,91580.0,-0.0064533478296344
20250916,SI2601,9295.0,88386.0,90992.0,0.006453347829634
20250916,SI2602,9300.0,5399.0,15675.0,0.051502224978493
20250916,SI2603,9340.0,157.0,929.0,0.0
20250916,SI2604,9340.0,88.0,800.0,0.0
20250916,SI2605,9340.0,5247.0,12568.0,-0.0128548485779856
20250916,SI2606,9330.0,137.0,453.0,0.0385233075629782
20250916,SI2607,9360.0,153.0,733.0,-0.0128273662668605
20250916,SI2608,9350.0,30.0,95.0,-0.0256959412961187
20250916,SI2609,9330.0,31.0,33.0,0.0
20250917,SI2510,8945.0,3687.0,10684.0,0.0268006811569641
20250917,SI2511,8965.0,275990.0,285673.0,0.5045788349219928
20250917,SI2512,9350.0,17396.0,91462.0,-0.0128410927181328
20250917,SI2601,9340.0,52164.0,91115.0,0.0320770038636059
20250917,SI2602,9365.0,1541.0,15987.0,-0.0385027068283909
20250917,SI2603,9335.0,91.0,902.0,0.0449078310797396
20250917,SI2604,9370.0,39.0,787.0,0.0255863636380876
20250917,SI2605,9390.0,4571.0,12273.0,-0.006391478180393
20250917,SI2606,9385.0,41.0,454.0,-0.0063948842440665
20250917,SI2607,9380.0,18.0,732.0,-0.006398293939906
20250917,SI2608,9375.0,25.0,99.0,0.0383386907582314
20250917,SI2609,9405.0,30.0,55.0,0.0
20250918,SI2510,8890.0,3720.0,10244.0,0.0202304065897418
20250918,SI2511,8905.0,475698.0,285052.0,0.5079076330094657
20250918,SI2512,9290.0,32062.0,94388.0,0.0
20250918,SI2601,9290.0,95805.0,93786.0,0.0258064615587427
20250918,SI2602,9310.0,1528.0,16253.0,0.0
20250918,SI2603,9310.0,37.0,903.0,0.0386059314213065
20250918,SI2604,9340.0,57.0,791.0,-0.0064257029647838
20250918,SI2605,9335.0,7908.0,13336.0,0.0
20250918,SI2606,9335.0,171.0,513.0,0.0192667956829167
20250918,SI2607,9350.0,42.0,723.0,-0.0128410927181328
20250918,SI2608,9340.0,45.0,110.0,-0.0064257029647838
20250918,SI2609,9335.0,49.0,69.0,0.0
20250919,SI2510,9255.0,4110.0,8906.0,0.0646553288250379
20250919,SI2511,9305.0,510306.0,311097.0,0.4927007832048133
20250919,SI2512,9695.0,41996.0,98139.0,-0.0061903535032836
20250919,SI2601,9690.0,103797.0,103995.0,-0.0123902953702711
20250919,SI2602,9680.0,2305.0,16282.0,-0.0186094635382965
20250919,SI2603,9665.0,89.0,899.0,0.0
20250919,SI2604,9665.0,47.0,785.0,0.0371901124118508
20250919,SI2605,9695.0,7912.0,12272.0,-0.024780597345236
20250919,SI2606,9675.0,50.0,501.0,-0.0559441572697356
20250919,SI2607,9630.0,60.0,690.0,0.0683408525871003
20250919,SI2608,9685.0,29.0,112.0,0.0
20250919,SI2609,9685.0,103.0,94.0,0.0
20251027,SI2511,8605.0,42341.0,45793.0,0.5229517722254498
20251027,SI2512,8980.0,25060.0,122104.0,-0.0002252195890993
20251027,SI2601,8965.0,198198.0,201518.0,0.0066926938092581
20251027,SI2602,8970.0,4399.0,26702.0,0.0133779264214055
20251027,SI2603,8980.0,393.0,11082.0,0.0267260579064583
20251027,SI2604,9000.0,2.0,741.0,-0.0066666666666663
20251027,SI2605,8995.0,15966.0,25501.0,0.0
20251027,SI2606,8995.0,262.0,469.0,0.0400222345747636
20251027,SI2607,9025.0,16.0,716.0,0.0066481994459843
20251027,SI2608,9030.0,53.0,141.0,0.0265780730897002
20251027,SI2609,9050.0,61.0,345.0,-0.0132596685082875
20251027,SI2610,9040.0,7.0,18.0,0.0
20251028,SI2511,8605.0,32621.0,33518.0,0.5229517722254498
20251028,SI2512,8980.0,34534.0,118439.0,-0.0003753659818322
20251028,SI2601,8955.0,261087.0,211670.0,0.0335008375209389
20251028,SI2602,8980.0,5101.0,27613.0,-0.0133630289532291
20251028,SI2603,8970.0,1932.0,11790.0,0.040133779264214
20251028,SI2604,9000.0,33.0,743.0,-0.0333333333333332
20251028,SI2605,8975.0,15160.0,27836.0,0.0200557103064058
20251028,SI2606,8990.0,178.0,471.0,0.0600667408231361
20251028,SI2607,9035.0,30.0,727.0,-0.0199225235196451
20251028,SI2608,9020.0,88.0,139.0,0.033259423503325
20251028,SI2609,9045.0,133.0,387.0,0.0331674958540642
20251028,SI2610,9070.0,43.0,53.0,0.0
20251029,SI2511,8795.0,25143.0,21471.0,0.5252984650369541
20251029,SI2512,9180.0,48726.0,117440.0,-0.0001468752294925
20251029,SI2601,9170.0,289712.0,220662.0,-0.0196292257360957
20251029,SI2602,9155.0,6597.0,29022.0,0.0458765701802299
20251029,SI2603,9190.0,2128.0,12386.0,-0.039173014145811
20251029,SI2604,9160.0,79.0,723.0,0.0262008733624448
20251029,SI2605,9180.0,15870.0,29053.0,0.0130718954248374
20251029,SI2606,9190.0,184.0,521.0,-0.0130576713819365
20251029,SI2607,9180.0,180.0,796.0,0.0130718954248374
20251029,SI2608,9190.0,67.0,147.0,0.0587595212187173
20251029,SI2609,9235.0,103.0,419.0,-0.1234434217650246
20251029,SI2610,9140.0,9.0,53.0,0.0
20251030,SI2511,8790.0,16490.0,14823.0,0.5392491467576788
20251030,SI2512,9185.0,61627.0,105193.0,-0.0004403858269161
20251030,SI2601,9155.0,320991.0,227764.0,-0.0065537957400332
20251030,SI2602,9150.0,8312.0,30295.0,-0.0131147540983609
20251030,SI2603,9140.0,2788.0,13380.0,0.0131291028446387
20251030,SI2604,9150.0,29.0,720.0,0.0
20251030,SI2605,9150.0,17539.0,30406.0,-0.0196721311475407
20251030,SI2606,9135.0,168.0,509.0,0.0131362889983588
20251030,SI2607,9145.0,108.0,798.0,0.0524876981957342
20251030,SI2608,9185.0,90.0,180.0,0.0065323897659226
20251030,SI2609,9190.0,364.0,466.0,0.0065288356909682
20251030,SI2610,9195.0,57.0,68.0,0.0
20251031,SI2511,8700.0,10798.0,7516.0,0.5931034482758628
20251031,SI2512,9130.0,49581.0,92759.0,-0.0004430387535843
20251031,SI2601,9100.0,283386.0,228565.0,-0.0263736263736262
20251031,SI2602,9080.0,9110.0,31353.0,-0.0198237885462559
20251031,SI2603,9065.0,3058.0,14016.0,0.0132377275234425
20251031,SI2604,9075.0,23.0,718.0,0.0
20251031,SI2605,9075.0,15833.0,31532.0,-0.0793388429752068
20251031,SI2606,9015.0,114.0,503.0,0.119800332778702
20251031,SI2607,9105.0,49.0,806.0,0.0131795716639198
20251031,SI2608,9115.0,43.0,162.0,0.0197476686780033
20251031,SI2609,9130.0,247.0,540.0,-0.0131434830230015
20251031,SI2610,9120.0,77.0,73.0,0.0
20251103,SI2511,8725.0,671.0,6152.0,0.6051575931232085
20251103,SI2512,9165.0,44575.0,77780.0,-0.0003677890362088
20251103,SI2601,9140.0,226808.0,228268.0,-0.0262582056892775
20251103,SI2602,9120.0,10120.0,34211.0,0.0
20251103,SI2603,9120.0,2575.0,15203.0,-0.0197368421052637
20251103,SI2604,9105.0,3180.0,3805.0,0.019769357495881
20251103,SI2605,9120.0,12300.0,32238.0,0.0
20251103,SI2606,9120.0,55.0,515.0,0.0
20251103,SI2607,9120.0,64.0,819.0,0.0328947368421062
20251103,SI2608,9145.0,36.0,163.0,0.0131219245489342
20251103,SI2609,9155.0,121.0,541.0,-0.0065537957400332
20251103,SI2610,9150.0,23.0,79.0,0.0
20251104,SI2511,8520.0,805.0,2977.0,0.563380281690141
20251104,SI2512,8920.0,58345.0,70872.0,-0.0005290472111654
20251104,SI2601,8885.0,379786.0,242153.0,-0.02701181767023
20251104,SI2602,8865.0,14429.0,37735.0,0.0135363790186113
20251104,SI2603,8875.0,2244.0,15858.0,-0.0202816901408455
20251104,SI2604,8860.0,3170.0,5367.0,0.0067720090293459
20251104,SI2605,8865.0,25637.0,34206.0,0.0203045685279184
20251104,SI2606,8880.0,131.0,528.0,0.0
20251104,SI2607,8880.0,93.0,845.0,0.006756756756757
20251104,SI2608,8885.0,111.0,171.0,0.0337647720877889
20251104,SI2609,8910.0,300.0,665.0,0.0202020202020207
20251104,SI2610,8925.0,37.0,82.0,0.0
20251105,SI2511,8625.0,389.0,1108.0,0.591304347826088
20251105,SI2512,9050.0,36134.0,64288.0,-0.0004469551182568
20251105,SI2601,9020.0,276196.0,232849.0,-0.0266075388026605
20251105,SI2602,9000.0,12129.0,41154.0,0.0066666666666677
20251105,SI2603,9005.0,1508.0,16164.0,-0.0666296501943364
20251105,SI2604,8955.0,1673.0,5967.0,-0.0067001675041877
20251105,SI2605,8950.0,16054.0,34532.0,-0.0268156424581005
20251105,SI2606,8930.0,91.0,529.0,0.0335946248600231
20251105,SI2607,8955.0,9.0,849.0,-0.0067001675041877
20251105,SI2608,8950.0,32.0,173.0,0.0134078212290509
20251105,SI2609,8960.0,210.0,690.0,0.0200892857142864
20251105,SI2610,8975.0,23.0,85.0,0.0
20251110,SI2511,8910.0,207.0,660.0,0.5319865319865329
20251110,SI2512,9305.0,40207.0,52419.0,-0.0002173532412802
20251110,SI2601,9290.0,365749.0,281503.0,-0.0387513455328312
20251110,SI2602,9260.0,29202.0,40764.0,-0.0388768898488116
20251110,SI2603,9230.0,3043.0,17967.0,0.0130010834236173
20251110,SI2604,9240.0,1284.0,8395.0,-0.0129870129870135
20251110,SI2605,9230.0,18747.0,35628.0,-0.0260021668472374
20251110,SI2606,9210.0,139.0,593.0,0.019543973941368
20251110,SI2607,9225.0,106.0,834.0,0.0195121951219521
20251110,SI2608,9240.0,23.0,154.0,-0.0064935064935061
20251110,SI2609,9235.0,213.0,981.0,0.0064970221981601
20251110,SI2610,9240.0,88.0,140.0,0.0
20251111,SI2511,8900.0,16.0,384.0,0.3775280898876403
20251111,SI2512,9180.0,31967.0,45310.0,0.0
20251111,SI2601,9180.0,326774.0,270959.0,-0.0392156862745096
20251111,SI2602,9150.0,30564.0,42227.0,-0.0196721311475407
20251111,SI2603,9135.0,1845.0,18203.0,-0.0197044334975369
20251111,SI2604,9120.0,637.0,8572.0,-0.0065789473684212
20251111,SI2605,9115.0,19336.0,38339.0,0.0263302249040053
20251111,SI2606,9135.0,115.0,605.0,0.0065681444991794
20251111,SI2607,9140.0,72.0,815.0,-0.0459518599562369
20251111,SI2608,9105.0,23.0,156.0,0.0263591433278422
20251111,SI2609,9125.0,323.0,1022.0,0.0263013698630141
20251111,SI2610,9145.0,68.0,142.0,0.0
20251112,SI2511,8865.0,0.0,241.0,0.4467005076142127
20251112,SI2512,9195.0,29240.0,37843.0,0.0
20251112,SI2601,9195.0,260536.0,262136.0,-0.0456769983686786
20251112,SI2602,9160.0,25292.0,43451.0,-0.0131004366812224
20251112,SI2603,9150.0,1282.0,18593.0,0.0
20251112,SI2604,9150.0,738.0,8868.0,0.0
20251112,SI2605,9150.0,13728.0,38244.0,0.0196721311475407
20251112,SI2606,9165.0,53.0,610.0,-0.0196399345335511
20251112,SI2607,9150.0,38.0,817.0,0.0196721311475407
20251112,SI2608,9165.0,25.0,157.0,-0.0196399345335511
20251112,SI2609,9150.0,191.0,1045.0,0.0262295081967218
20251112,SI2610,9170.0,2.0,141.0,0.0
20251113,SI2511,8750.0,4.0,242.0,0.5554285714285712
20251113,SI2512,9155.0,26484.0,35486.0,-0.0001472763087647
20251113,SI2601,9145.0,292479.0,267758.0,-0.0328048113723342
20251113,SI2602,9120.0,17423.0,43907.0,0.0263157894736849
20251113,SI2603,9140.0,1292.0,18818.0,-0.0590809628008757
20251113,SI2604,9095.0,837.0,9130.0,0.0
20251113,SI2605,9095.0,21224.0,40183.0,-0.0131940626717974
20251113,SI2606,9085.0,97.0,609.0,0.0198128783709421
20251113,SI2607,9100.0,50.0,821.0,0.0329670329670328
20251113,SI2608,9125.0,9.0,158.0,-0.013150684931507
20251113,SI2609,9115.0,261.0,1121.0,0.0263302249040053
20251113,SI2610,9135.0,52.0,182.0,0.0
20251114,SI2511,8675.0,36.0,0.0,0.4979827089337183
20251114,SI2512,9035.0,22251.0,32015.0,-0.0002238485788724
20251114,SI2601,9020.0,293210.0,251302.0,-0.019955654101996
20251114,SI2602,9005.0,28209.0,45291.0,-0.0133259300388672
20251114,SI2603,8995.0,1682.0,19120.0,-0.0066703724291272
20251114,SI2604,8990.0,1306.0,9943.0,-0.0266963292547273
20251114,SI2605,8970.0,16769.0,42742.0,0.0200668896321083
20251114,SI2606,8985.0,68.0,619.0,0.0200333889816359
20251114,SI2607,9000.0,9.0,819.0,0.0133333333333327
20251114,SI2608,9010.0,30.0,152.0,-0.0399556048834632
20251114,SI2609,8980.0,222.0,1201.0,0.0534521158129166
20251114,SI2610,9020.0,44.0,184.0,0.0
20251117,SI2512,9095.0,15219.0,27515.0,-0.0002223718427831107
20251117,SI2601,9080.0,271811.0,251549.0,-0.033039647577092435
20251117,SI2602,9055.0,25819.0,45536.0,-0.013252346769740075
20251117,SI2603,9045.0,2955.0,18433.0,-0.0066334991708125735
20251117,SI2604,9040.0,382.0,10071.0,0.01991150442477796
20251117,SI2605,9055.0,14414.0,44990.0,-0.01987852015461078
20251117,SI2606,9040.0,99.0,613.0,0.02654867256637239
20251117,SI2607,9060.0,22.0,820.0,0.019867549668873608
20251117,SI2608,9075.0,28.0,149.0,0.006611570247933685
20251117,SI2609,9080.0,490.0,1296.0,-0.013215859030836441
20251117,SI2610,9070.0,53.0,186.0,0.01984564498346142
20251117,SI2611,9085.0,23.0,21.0,0.0
20251118,SI2512,9000.0,10356.0,26317.0,-0.0002996254681647959
20251118,SI2601,8980.0,304628.0,248019.0,-0.026726057906458323
20251118,SI2602,8960.0,38089.0,45417.0,-0.013392857142856762
20251118,SI2603,8950.0,4539.0,20148.0,-0.020111731843575065
20251118,SI2604,8935.0,482.0,10213.0,0.0
20251118,SI2605,8935.0,21209.0,47403.0,-0.02014549524342435
20251118,SI2606,8920.0,72.0,623.0,0.006726457399102159
20251118,SI2607,8925.0,92.0,803.0,0.026890756302520913
20251118,SI2608,8945.0,36.0,161.0,0.006707657909446496
20251118,SI2609,8950.0,652.0,1400.0,-0.006703910614525466
20251118,SI2610,8945.0,81.0,174.0,0.060368921185018465
20251118,SI2611,8990.0,42.0,50.0,0.0
20251119,SI2512,9390.0,16587.0,22211.0,0.0
20251119,SI2601,9390.0,755732.0,306669.0,-0.038338658146965354
20251119,SI2602,9360.0,70787.0,48295.0,-0.0064102564102563875
20251119,SI2603,9355.0,12254.0,21696.0,-0.006413682522715458
20251119,SI2604,9350.0,4578.0,10917.0,0.019251336898396865
20251119,SI2605,9365.0,71022.0,57597.0,-0.038441003737319956
20251119,SI2606,9335.0,259.0,622.0,0.0514193893947521
20251119,SI2607,9375.0,392.0,739.0,-0.05119999999999969
20251119,SI2608,9335.0,112.0,138.0,0.07712908409212549
20251119,SI2609,9395.0,1781.0,1808.0,0.0
20251119,SI2610,9395.0,136.0,190.0,-0.019159127195317094
20251119,SI2611,9380.0,29.0,61.0,0.0
20251120,SI2512,9080.0,8952.0,18402.0,-7.424639904964292e-05
20251120,SI2601,9075.0,574345.0,273978.0,-0.019834710743801054
20251120,SI2602,9060.0,51063.0,46260.0,-0.019867549668873608
20251120,SI2603,9045.0,8821.0,22398.0,-0.013266998341625147
20251120,SI2604,9035.0,2508.0,11490.0,0.013281682346429236
20251120,SI2605,9045.0,87780.0,66091.0,0.013266998341625147
20251120,SI2606,9055.0,255.0,674.0,0.013252346769741408
20251120,SI2607,9065.0,113.0,742.0,0.0
20251120,SI2608,9065.0,66.0,145.0,-0.013237727523441212
20251120,SI2609,9055.0,1196.0,2169.0,-0.01987852015461078
20251120,SI2610,9040.0,62.0,208.0,0.05309734513274211
20251120,SI2611,9080.0,45.0,71.0,0.0
20251121,SI2512,8975.0,7801.0,17228.0,-0.0002253450596225526
20251121,SI2601,8960.0,329676.0,261004.0,-0.026785714285714857
20251121,SI2602,8940.0,27167.0,46418.0,-0.026845637583893023
20251121,SI2603,8920.0,6138.0,22165.0,0.0
20251121,SI2604,8920.0,1687.0,12206.0,-0.0067264573991034915
20251121,SI2605,8915.0,66300.0,64556.0,0.02692091979809419
20251121,SI2606,8935.0,108.0,667.0,0.00671516508114145
20251121,SI2607,8940.0,126.0,736.0,0.03355704697986628
20251121,SI2608,8965.0,47.0,149.0,-0.04015616285554913
20251121,SI2609,8935.0,653.0,2271.0,0.02014549524342435
20251121,SI2610,8950.0,50.0,185.0,0.05363128491620106
20251121,SI2611,8990.0,42.0,83.0,0.0
20251124,SI2512,8940.0,8443.0,14058.0,0.0
20251124,SI2601,8940.0,214012.0,262676.0,-0.026845637583893023
20251124,SI2602,8920.0,26626.0,46385.0,0.0
20251124,SI2603,8920.0,3230.0,22755.0,-0.026905829596412634
20251124,SI2604,8900.0,861.0,12585.0,0.0
20251124,SI2605,8900.0,30172.0,66088.0,-0.013483146067416296
20251124,SI2606,8890.0,91.0,641.0,0.013498312710910731
20251124,SI2607,8900.0,126.0,731.0,0.0876404494382026
20251124,SI2608,8965.0,9.0,149.0,-0.046848856664807315
20251124,SI2609,8930.0,350.0,2293.0,0.0671892497200437
20251124,SI2610,8980.0,21.0,189.0,-0.006681514476614581
20251124,SI2611,8975.0,32.0,100.0,0.0
20251125,SI2512,8960.0,5319.0,10906.0,0.0
20251125,SI2601,8960.0,248188.0,263919.0,-0.026785714285714857
20251125,SI2602,8940.0,46823.0,49048.0,0.0
20251125,SI2603,8940.0,14268.0,22971.0,-0.026845637583893023
20251125,SI2604,8920.0,487.0,12706.0,0.0
20251125,SI2605,8920.0,33577.0,67953.0,0.013452914798206983
20251125,SI2606,8930.0,88.0,640.0,0.0
20251125,SI2607,8930.0,119.0,733.0,0.013437849944008207
20251125,SI2608,8940.0,36.0,162.0,0.013422818791946511
20251125,SI2609,8950.0,268.0,2399.0,0.04692737430167693
20251125,SI2610,8985.0,15.0,203.0,0.02003338898163598
20251125,SI2611,9000.0,4.0,102.0,0.0
20251126,SI2512,9005.0,4781.0,8843.0,0.00022459432649776323
20251126,SI2601,9020.0,369225.0,260529.0,-0.0066518847006658
20251126,SI2602,9015.0,62758.0,50590.0,-0.01331114808652245
20251126,SI2603,9005.0,28062.0,24079.0,-0.019988895058300926
20251126,SI2604,8990.0,1008.0,12957.0,0.0
20251126,SI2605,8990.0,56728.0,72130.0,0.01334816462736299
20251126,SI2606,9000.0,114.0,655.0,0.033333333333333215
20251126,SI2607,9025.0,121.0,727.0,-0.0132963988919661
20251126,SI2608,9015.0,14.0,162.0,-0.006655574043261225
20251126,SI2609,9010.0,455.0,2485.0,0.01997780244173164
20251126,SI2610,9025.0,31.0,196.0,0.0265927977839322
20251126,SI2611,9045.0,19.0,111.0,0.0
20251127,SI2512,9065.0,3241.0,6278.0,0.0007436925574967421
20251127,SI2601,9115.0,323524.0,237648.0,-0.02633022490400405
20251127,SI2602,9095.0,49927.0,52708.0,0.0
20251127,SI2603,9095.0,12698.0,24483.0,-0.03298515667949431
20251127,SI2604,9070.0,684.0,13013.0,0.026460859977950335
20251127,SI2605,9090.0,43230.0,71490.0,0.03960396039603875
20251127,SI2606,9120.0,62.0,649.0,-0.00657894736842124
20251127,SI2607,9115.0,109.0,721.0,-0.01974766867800337
20251127,SI2608,9100.0,31.0,164.0,0.01318681318681314
20251127,SI2609,9110.0,356.0,2494.0,0.03951701427003318
20251127,SI2610,9140.0,17.0,191.0,0.04595185995623563
20251127,SI2611,9175.0,7.0,107.0,0.0
20251128,SI2512,9095.0,3246.0,4761.0,0.0005188676331605967
20251128,SI2601,9130.0,197891.0,211799.0,-0.02628696604600167
20251128,SI2602,9110.0,22701.0,50277.0,0.013172338090011948
20251128,SI2603,9120.0,12484.0,24463.0,-0.00657894736842124
20251128,SI2604,9115.0,840.0,12910.0,0.0
20251128,SI2605,9115.0,27591.0,72948.0,0.03291278113000473
20251128,SI2606,9140.0,109.0,668.0,0.026258205689277503
20251128,SI2607,9160.0,79.0,703.0,0.0065502183406112024
20251128,SI2608,9165.0,7.0,165.0,-0.03273322422258618
20251128,SI2609,9140.0,240.0,2494.0,0.07221006564551313
20251128,SI2610,9195.0,25.0,179.0,-0.03915171288743924
20251128,SI2611,9165.0,37.0,84.0,0.0
20251201,SI2512,9155.0,621.0,1674.0,-0.00014727630876477672
20251201,SI2601,9145.0,216787.0,203274.0,-0.006560962274467119
20251201,SI2602,9140.0,22532.0,52565.0,0.006564551422319376
20251201,SI2603,9145.0,9010.0,26444.0,-0.013121924548934238
20251201,SI2604,9135.0,470.0,12994.0,0.013136288998358836
20251201,SI2605,9145.0,46545.0,81263.0,0.019682886823400025
20251201,SI2606,9160.0,121.0,654.0,0.013100436681222405
20251201,SI2607,9170.0,79.0,705.0,0.02617230098146095
20251201,SI2608,9190.0,22.0,150.0,-0.013057671381936586
20251201,SI2609,9180.0,419.0,2551.0,0.05228758169934711
20251201,SI2610,9220.0,13.0,181.0,-0.07158351409978314
20251201,SI2611,9165.0,19.0,75.0,0.0
20251202,SI2512,9010.0,358.0,1060.0,-0.0005237626108319157
20251202,SI2601,8975.0,228995.0,187342.0,0.013370473537604788
20251202,SI2602,8985.0,28150.0,60364.0,0.013355592654423099
20251202,SI2603,8995.0,25935.0,30399.0,0.0
20251202,SI2604,8995.0,3280.0,10750.0,0.006670372429127269
20251202,SI2605,9000.0,60041.0,90623.0,0.026666666666665506
20251202,SI2606,9020.0,117.0,664.0,-0.019955654101996068
20251202,SI2607,9005.0,288.0,762.0,0.006662965019433642
20251202,SI2608,9010.0,38.0,143.0,0.03995560488346328
20251202,SI2609,9040.0,452.0,2658.0,0.013274336283186194
20251202,SI2610,9050.0,29.0,179.0,0.019889502762429956
20251202,SI2611,9065.0,27.0,75.0,0.0
20251203,SI2512,8960.0,7.0,451.0,-0.0006019261637239144
20251203,SI2601,8920.0,145999.0,193926.0,0.013452914798206983
20251203,SI2602,8930.0,15188.0,62985.0,0.006718924972004103
20251203,SI2603,8935.0,10394.0,33005.0,0.0
20251203,SI2604,8935.0,531.0,10883.0,0.02014549524342435
20251203,SI2605,8950.0,48109.0,94764.0,0.0
20251203,SI2606,8950.0,78.0,677.0,0.013407821229050931
20251203,SI2607,8960.0,104.0,755.0,-0.006696428571428381
20251203,SI2608,8955.0,34.0,137.0,0.03350083752093891
20251203,SI2609,8980.0,522.0,2766.0,0.026726057906458323
20251203,SI2610,9000.0,67.0,208.0,-0.0066666666666663765
20251203,SI2611,8995.0,23.0,86.0,0.0
20251204,SI2512,8960.0,200.0,359.0,-0.0007524077046548892
20251204,SI2601,8910.0,152172.0,193019.0,0.020202020202020776
20251204,SI2602,8925.0,16536.0,67586.0,0.006722689075630228
20251204,SI2603,8930.0,7402.0,35136.0,0.026875699888019078
20251204,SI2604,8950.0,392.0,11036.0,-0.013407821229050931
20251204,SI2605,8940.0,57021.0,101472.0,0.006711409395973256
20251204,SI2606,8945.0,72.0,681.0,-0.006707657909446496
20251204,SI2607,8940.0,58.0,744.0,0.040268456375839534
20251204,SI2608,8970.0,12.0,132.0,0.006688963210702781
20251204,SI2609,8975.0,252.0,2823.0,0.046796657381615425
20251204,SI2610,9010.0,38.0,221.0,-0.046614872364040494
20251204,SI2611,8975.0,46.0,102.0,0.0
20251205,SI2512,8960.0,219.0,362.0,-0.0023324638844301705
20251205,SI2601,8805.0,170669.0,196943.0,0.02044293015332066
20251205,SI2602,8820.0,34489.0,74326.0,0.006802721088436492
20251205,SI2603,8825.0,23972.0,38600.0,0.013597733711047333
20251205,SI2604,8835.0,1130.0,10982.0,0.02037351443123825
20251205,SI2605,8850.0,59111.0,115105.0,0.027118644067795294
20251205,SI2606,8870.0,121.0,705.0,0.020293122886132053
20251205,SI2607,8885.0,61.0,737.0,0.0
20251205,SI2608,8885.0,9.0,132.0,-0.020258863252672565
20251205,SI2609,8870.0,301.0,2908.0,0.027057497181510293
20251205,SI2610,8890.0,14.0,221.0,0.03374578177727816
20251205,SI2611,8915.0,40.0,112.0,0.0
20251208,SI2512,8650.0,107.0,229.0,0.0003896863025264547
20251208,SI2601,8675.0,251796.0,187087.0,0.034582132564842105
20251208,SI2602,8700.0,56135.0,81472.0,0.02068965517241317
20251208,SI2603,8715.0,29824.0,41354.0,0.006884681583477992
20251208,SI2604,8720.0,1899.0,11544.0,-0.006880733944953921
20251208,SI2605,8715.0,141927.0,132147.0,0.006884681583477992
20251208,SI2606,8720.0,217.0,762.0,0.013761467889907841
20251208,SI2607,8730.0,224.0,771.0,0.0068728522336769515
20251208,SI2608,8735.0,59.0,148.0,0.03434459072695972
20251208,SI2609,8760.0,1090.0,3301.0,0.006849315068492068
20251208,SI2610,8765.0,82.0,215.0,0.027381631488875513
20251208,SI2611,8785.0,99.0,163.0,0.0
20251209,SI2512,8415.0,200.0,129.0,-0.0012017064231208312
20251209,SI2601,8340.0,323510.0,185271.0,0.03597122302158251
20251209,SI2602,8365.0,68832.0,87795.0,0.014345487148834657
20251209,SI2603,8375.0,25600.0,41998.0,0.014328358208954839
20251209,SI2604,8385.0,2668.0,12334.0,-0.014311270125224151
20251209,SI2605,8375.0,205898.0,164602.0,0.0358208955223871
20251209,SI2606,8400.0,274.0,821.0,0.021428571428571352
20251209,SI2607,8415.0,158.0,748.0,0.02139037433155
20251209,SI2608,8430.0,95.0,166.0,0.00711743772241924
20251209,SI2609,8435.0,1794.0,3953.0,0.021339656194427903
20251209,SI2610,8450.0,123.0,216.0,0.007100591715976101
20251209,SI2611,8455.0,152.0,231.0,0.0
20251210,SI2512,8240.0,190.0,210.0,0.00016363041343950372
20251210,SI2601,8250.0,252510.0,171757.0,0.014545454545454639
20251210,SI2602,8260.0,60487.0,95726.0,0.007263922518160548
20251210,SI2603,8265.0,36131.0,43947.0,-0.014519056261342644
20251210,SI2604,8255.0,2376.0,12856.0,0.0
20251210,SI2605,8255.0,182012.0,175225.0,0.021804966686855387
20251210,SI2606,8270.0,159.0,850.0,0.029020556227326466
20251210,SI2607,8290.0,99.0,776.0,0.01447527141133964
20251210,SI2608,8300.0,96.0,204.0,-0.02168674698795181
20251210,SI2609,8285.0,1487.0,4393.0,0.050694025347013394
20251210,SI2610,8320.0,75.0,221.0,0.028846153846155076
20251210,SI2611,8340.0,117.0,236.0,0.0
20251211,SI2512,8265.0,285.0,188.0,0.000326270927221183
20251211,SI2601,8285.0,203929.0,147074.0,-0.007242003621001913
20251211,SI2602,8280.0,42382.0,94817.0,-0.007246376811594235
20251211,SI2603,8275.0,26455.0,43463.0,-0.04350453172205482
20251211,SI2604,8245.0,1185.0,13355.0,-0.02183141297756208
20251211,SI2605,8230.0,177667.0,188932.0,0.021871202916159405
20251211,SI2606,8245.0,153.0,898.0,0.02183141297756208
20251211,SI2607,8260.0,67.0,791.0,-0.014527845036319764
20251211,SI2608,8250.0,60.0,202.0,-0.0072727272727273196
20251211,SI2609,8245.0,1574.0,5050.0,0.0363856882959368
20251211,SI2610,8270.0,76.0,211.0,0.029020556227326466
20251211,SI2611,8290.0,116.0,241.0,0.0
20251212,SI2512,8385.0,188.0,0.0,0.0008040039396192895
20251212,SI2601,8435.0,228177.0,110824.0,-0.014226437462951935
20251212,SI2602,8425.0,46718.0,94111.0,-0.007121661721068762
20251212,SI2603,8420.0,30476.0,42631.0,0.0
20251212,SI2604,8420.0,2234.0,13337.0,-0.0427553444180524
20251212,SI2605,8390.0,307317.0,191228.0,0.007151370679380875
20251212,SI2606,8395.0,454.0,853.0,0.007147111375817694
20251212,SI2607,8400.0,97.0,802.0,0.014285714285714235
20251212,SI2608,8410.0,59.0,206.0,-0.02140309155766884
20251212,SI2609,8395.0,3521.0,5258.0,0.021441334127455747
20251212,SI2610,8410.0,225.0,255.0,0.014268727705113449
20251212,SI2611,8420.0,423.0,436.0,0.0
20251215,SI2601,8425.0,110685.0,80097.0,-0.014243323442136191
20251215,SI2602,8415.0,40494.0,93010.0,-0.007130124777183333
20251215,SI2603,8410.0,22390.0,42279.0,-0.03567181926278229
20251215,SI2604,8385.0,2076.0,13430.0,-0.05008944543828253
20251215,SI2605,8350.0,303910.0,200749.0,0.0
20251215,SI2606,8350.0,502.0,835.0,0.12215568862275372
20251215,SI2607,8435.0,66.0,790.0,-0.09247184350918758
20251215,SI2608,8370.0,35.0,216.0,-0.007168458781362297
20251215,SI2609,8365.0,3878.0,5761.0,0.028690974297669314
20251215,SI2610,8385.0,161.0,223.0,0.02146690518783423
20251215,SI2611,8400.0,115.0,462.0,0.23571428571428488
20251215,SI2612,8565.0,23.0,18.0,0.0
20251216,SI2601,8500.0,47786.0,71669.0,-0.056470588235294716
20251216,SI2602,8460.0,26932.0,91540.0,-0.014184397163119922
20251216,SI2603,8450.0,17305.0,43520.0,-0.07810650887573978
20251216,SI2604,8395.0,1044.0,13536.0,-0.04288266825491416
20251216,SI2605,8365.0,219672.0,202263.0,0.014345487148834657
20251216,SI2606,8375.0,254.0,853.0,-0.02149253731343226
20251216,SI2607,8360.0,36.0,793.0,0.028708133971292682
20251216,SI2608,8380.0,41.0,228.0,-0.007159904534606021
20251216,SI2609,8375.0,3932.0,6136.0,0.02149253731343226
20251216,SI2610,8390.0,83.0,239.0,0.01430274135876175
20251216,SI2611,8400.0,96.0,489.0,0.14999999999999947
20251216,SI2612,8505.0,9.0,18.0,0.0
20251217,SI2601,8475.0,63513.0,55494.0,0.007079646017698948
20251217,SI2602,8480.0,42874.0,90961.0,0.0
20251217,SI2603,8480.0,21549.0,44591.0,0.007075471698112956
20251217,SI2604,8485.0,3004.0,14132.0,-0.021213906894520296
20251217,SI2605,8470.0,346284.0,210810.0,-0.007083825265643995
20251217,SI2606,8465.0,386.0,792.0,0.0
20251217,SI2607,8465.0,593.0,822.0,-0.014176018901358223
20251217,SI2608,8455.0,77.0,211.0,0.03548196333530562
20251217,SI2609,8480.0,4821.0,6467.0,0.04952830188679336
20251217,SI2610,8515.0,144.0,247.0,-0.028185554903111587
20251217,SI2611,8495.0,156.0,529.0,0.3178340200117713
20251217,SI2612,8720.0,32.0,37.0,0.0
20251218,SI2601,8635.0,51283.0,42088.0,0.006948465547191418
20251218,SI2602,8640.0,34989.0,90095.0,0.0
20251218,SI2603,8640.0,15065.0,44966.0,0.006944444444444642
20251218,SI2604,8645.0,2557.0,14841.0,0.0
20251218,SI2605,8645.0,348477.0,207780.0,0.013880855986119656
20251218,SI2606,8655.0,976.0,1123.0,0.013864818024262426
20251218,SI2607,8665.0,476.0,867.0,-0.02077322562031103
20251218,SI2608,8650.0,75.0,227.0,-0.02080924855491295
20251218,SI2609,8635.0,5515.0,6774.0,0.07643312101910826
20251218,SI2610,8690.0,78.0,228.0,-0.06214039125431503
20251218,SI2611,8645.0,177.0,513.0,0.20821283979178684
20251218,SI2612,8795.0,74.0,66.0,0.0
20251219,SI2601,8645.0,26359.0,36369.0,0.02776171197223931
20251219,SI2602,8665.0,22253.0,90362.0,0.006924408540103677
20251219,SI2603,8670.0,11370.0,45551.0,-0.020761245674740803
20251219,SI2604,8655.0,2670.0,15169.0,0.04852686308492249
20251219,SI2605,8690.0,315326.0,209873.0,-0.013808975834291637
20251219,SI2606,8680.0,340.0,1045.0,-0.027649769585254003
20251219,SI2607,8660.0,38.0,858.0,0.006928406466512271
20251219,SI2608,8665.0,44.0,211.0,0.034622042700518385
20251219,SI2609,8690.0,2987.0,6762.0,-0.034522439585730424
20251219,SI2610,8665.0,268.0,238.0,0.04154645124062206
20251219,SI2611,8695.0,476.0,549.0,0.15181138585394027
20251219,SI2612,8805.0,21.0,78.0,0.0
20251222,SI2601,8590.0,21484.0,32437.0,0.0
20251222,SI2602,8590.0,17682.0,91199.0,0.0069848661233979925
20251222,SI2603,8595.0,10269.0,45615.0,0.0
20251222,SI2604,8595.0,1697.0,15646.0,0.0
20251222,SI2605,8595.0,306942.0,221606.0,0.02094240837696315
20251222,SI2606,8610.0,560.0,796.0,0.006968641114983853
20251222,SI2607,8615.0,50.0,847.0,-0.01392919326755715
20251222,SI2608,8605.0,36.0,206.0,-0.020918070889018203
20251222,SI2609,8590.0,3374.0,7484.0,0.0069848661233979925
20251222,SI2610,8595.0,130.0,251.0,0.0418848167539263
20251222,SI2611,8625.0,526.0,548.0,0.18086956521739062
20251222,SI2612,8755.0,9.0,79.0,0.0
20251223,SI2601,8725.0,23202.0,27185.0,0.013753581661890557
20251223,SI2602,8735.0,38633.0,89321.0,0.013737836290784955
20251223,SI2603,8745.0,25277.0,44506.0,0.013722126929674339
20251223,SI2604,8755.0,1230.0,16035.0,0.03426613363792086
20251223,SI2605,8780.0,351425.0,213776.0,0.02050113895216299
20251223,SI2606,8795.0,632.0,1034.0,-0.020466173962478074
20251223,SI2607,8780.0,106.0,807.0,-0.03416856492027298
20251223,SI2608,8755.0,57.0,188.0,-0.006853226727584705
20251223,SI2609,8750.0,3007.0,7247.0,0.02057142857142935
20251223,SI2610,8765.0,100.0,275.0,0.04107244723331327
20251223,SI2611,8795.0,127.0,566.0,0.2319499715747586
20251223,SI2612,8965.0,37.0,73.0,0.0
20251224,SI2601,8795.0,18548.0,21631.0,0.02728823194997254
20251224,SI2602,8815.0,37517.0,88369.0,0.020419739081111388
20251224,SI2603,8830.0,25587.0,43265.0,0.0067950169875432564
20251224,SI2604,8835.0,2010.0,16474.0,0.03395585738539797
20251224,SI2605,8860.0,322150.0,218190.0,0.0
20251224,SI2606,8860.0,198.0,1065.0,0.0
20251224,SI2607,8860.0,54.0,819.0,-0.04063205417607163
20251224,SI2608,8830.0,15.0,189.0,0.013590033975083848
20251224,SI2609,8840.0,2447.0,7306.0,0.006787330316742057
20251224,SI2610,8845.0,54.0,285.0,0.027133973996606997
20251224,SI2611,8865.0,275.0,486.0,0.2571912013536375
20251224,SI2612,9055.0,31.0,75.0,0.0
20251225,SI2601,8750.0,11637.0,17188.0,0.02742857142857069
20251225,SI2602,8770.0,43262.0,90254.0,0.027366020524514312
20251225,SI2603,8790.0,31591.0,44665.0,0.047781569965870574
20251225,SI2604,8825.0,1894.0,17138.0,0.013597733711047333
20251225,SI2605,8835.0,268435.0,216554.0,0.0
20251225,SI2606,8835.0,104.0,1052.0,-0.04753820033955902
20251225,SI2607,8800.0,13.0,816.0,0.020454545454545503
20251225,SI2608,8815.0,83.0,192.0,0.013613159387407592
20251225,SI2609,8825.0,3193.0,7793.0,-0.02039660056657233
20251225,SI2610,8810.0,122.0,272.0,0.061293984108965915
20251225,SI2611,8855.0,511.0,687.0,0.2574816487859959
20251225,SI2612,9045.0,7.0,75.0,0.0
20251226,SI2601,8790.0,14658.0,12115.0,0.040955631399318015
20251226,SI2602,8820.0,64671.0,91835.0,0.03401360544217713
20251226,SI2603,8845.0,37222.0,44848.0,0.04070096099491316
20251226,SI2604,8875.0,4068.0,17880.0,0.006760563380282747
20251226,SI2605,8880.0,534570.0,224742.0,0.04054054054053946
20251226,SI2606,8910.0,597.0,1263.0,-0.026936026936026813
20251226,SI2607,8890.0,171.0,793.0,-0.04049493813273353
20251226,SI2608,8860.0,101.0,199.0,0.013544018058691876
20251226,SI2609,8870.0,6528.0,8133.0,-0.006764374295378239
20251226,SI2610,8865.0,260.0,273.0,0.03384094754653244
20251226,SI2611,8890.0,316.0,738.0,0.3239595050618682
20251226,SI2612,9130.0,23.0,72.0,0.0
20251229,SI2601,8625.0,11133.0,7604.0,0.04869565217391347
20251229,SI2602,8660.0,44529.0,90286.0,0.02771362586605175
20251229,SI2603,8680.0,23136.0,45399.0,0.04838709677419484
20251229,SI2604,8715.0,3451.0,18382.0,0.0
20251229,SI2605,8715.0,382415.0,221065.0,-0.013769363166953319
20251229,SI2606,8705.0,1041.0,806.0,0.006892590465248816
20251229,SI2607,8710.0,95.0,784.0,-0.006888633754305928
20251229,SI2608,8705.0,37.0,207.0,0.006892590465248816
20251229,SI2609,8710.0,4510.0,9031.0,0.041331802525832906
20251229,SI2610,8740.0,169.0,285.0,0.027459954233410855
20251229,SI2611,8760.0,840.0,767.0,0.3835616438356171
20251229,SI2612,9040.0,71.0,82.0,0.0
20251230,SI2601,8785.0,4456.0,5851.0,0.047808764940239
20251230,SI2602,8820.0,50915.0,79373.0,0.04761904761904745
20251230,SI2603,8855.0,22036.0,44785.0,0.040654997176737595
20251230,SI2604,8885.0,2084.0,18532.0,0.04051772650534513
20251230,SI2605,8915.0,366201.0,216220.0,0.02692091979809419
20251230,SI2606,8935.0,304.0,767.0,-0.04029099048685003
20251230,SI2607,8905.0,381.0,779.0,-0.020213363279057095
20251230,SI2608,8890.0,168.0,193.0,0.040494938132732194
20251230,SI2609,8920.0,4579.0,9057.0,0.05381165919282527
20251230,SI2610,8960.0,66.0,277.0,-0.03348214285714324
20251230,SI2611,8935.0,468.0,624.0,0.2820369334079462
20251230,SI2612,9145.0,16.0,84.0,0.0
20251231,SI2601,8775.0,4420.0,4082.0,0.013675213675214515
20251231,SI2602,8785.0,35603.0,61792.0,0.047808764940239
20251231,SI2603,8820.0,6022.0,45337.0,0.02040816326530681
20251231,SI2604,8835.0,1681.0,19016.0,0.03395585738539797
20251231,SI2605,8860.0,225225.0,203994.0,0.02031602708803515
20251231,SI2606,8875.0,193.0,711.0,-0.047323943661971235
20251231,SI2607,8840.0,39.0,769.0,0.006787330316742057
20251231,SI2608,8845.0,16.0,192.0,0.013566986998303499
20251231,SI2609,8855.0,2431.0,9183.0,0.006775832862790487
20251231,SI2610,8860.0,27.0,281.0,0.0474040632054189
20251231,SI2611,8895.0,485.0,628.0,0.391231028667792
20251231,SI2612,9185.0,16.0,85.0,0.0
20260105,SI2601,8630.0,435.0,546.0,0.09733487833140231
20260105,SI2602,8700.0,41768.0,44650.0,0.02068965517241317
20260105,SI2603,8715.0,21442.0,45517.0,0.027538726333906638
20260105,SI2604,8735.0,4404.0,21286.0,-0.0068689181453924775
20260105,SI2605,8730.0,271132.0,217292.0,0.03436426116838476
20260105,SI2606,8755.0,1405.0,1699.0,-0.027412906910337487
20260105,SI2607,8735.0,67.0,759.0,0.027475672581567245
20260105,SI2608,8755.0,34.0,194.0,-0.013706453455168077
20260105,SI2609,8745.0,3528.0,9545.0,0.020583190394510176
20260105,SI2610,8760.0,80.0,284.0,0.041095890410957736
20260105,SI2611,8790.0,230.0,675.0,0.39590443686006704
20260105,SI2612,9080.0,1.0,85.0,0.0
20260106,SI2601,8880.0,198.0,540.0,-0.10810810810810834
20260106,SI2602,8800.0,39880.0,38204.0,0.040909090909091006
20260106,SI2603,8830.0,20507.0,48103.0,0.02718006795017036
20260106,SI2604,8850.0,9804.0,24248.0,0.06779661016949223
20260106,SI2605,8900.0,460467.0,234611.0,0.0
20260106,SI2606,8900.0,2179.0,2855.0,0.013483146067414964
20260106,SI2607,8910.0,171.0,755.0,0.0
20260106,SI2608,8910.0,128.0,198.0,-0.0067340067340073695
20260106,SI2609,8905.0,6251.0,10607.0,0.04042672655811419
20260106,SI2610,8935.0,96.0,288.0,-0.0268606603245658
20260106,SI2611,8915.0,180.0,675.0,0.47111609646662966
20260106,SI2612,9265.0,16.0,86.0,0.0
20260107,SI2601,8895.0,170.0,484.0,0.006745362563237656
20260107,SI2602,8900.0,52356.0,38209.0,0.040449438202247556
20260107,SI2603,8930.0,39083.0,51696.0,0.026875699888019078
20260107,SI2604,8950.0,13295.0,26706.0,0.04022346368715013
20260107,SI2605,8980.0,477386.0,244734.0,0.006681514476614581
20260107,SI2606,8985.0,3611.0,4342.0,-0.01335559265442443
20260107,SI2607,8975.0,96.0,753.0,0.013370473537604788
20260107,SI2608,8985.0,84.0,198.0,0.0
20260107,SI2609,8985.0,7123.0,11687.0,0.04006677796327196
20260107,SI2610,9015.0,124.0,326.0,0.0266222961730449
20260107,SI2611,9035.0,266.0,741.0,0.47814056447150044
20260107,SI2612,9395.0,25.0,90.0,0.0
20260108,SI2601,8930.0,24.0,254.0,-0.5912653975363944
20260108,SI2602,8490.0,110271.0,33340.0,0.03533568904593665
20260108,SI2603,8515.0,93300.0,50589.0,0.0
20260108,SI2604,8515.0,16908.0,25794.0,0.028185554903111587
20260108,SI2605,8535.0,666115.0,260531.0,0.03514938488576558
20260108,SI2606,8560.0,3718.0,5843.0,0.007009345794392274
20260108,SI2607,8565.0,131.0,761.0,-0.007005253940455258
20260108,SI2608,8560.0,131.0,194.0,0.0
20260108,SI2609,8560.0,14183.0,15118.0,0.07009345794392541
20260108,SI2610,8610.0,371.0,447.0,-0.034843205574912606
20260108,SI2611,8585.0,511.0,815.0,0.5800815375655208
20260108,SI2612,9000.0,29.0,95.0,0.0
20260109,SI2601,8665.0,317.0,333.0,-0.03462204270051972
20260109,SI2602,8640.0,76496.0,34166.0,0.03472222222222321
20260109,SI2603,8665.0,66724.0,52691.0,0.034622042700518385
20260109,SI2604,8690.0,27716.0,27914.0,0.034522439585730424
20260109,SI2605,8715.0,445575.0,239704.0,0.027538726333906638
20260109,SI2606,8735.0,1704.0,6345.0,-0.0206067544361761
20260109,SI2607,8720.0,162.0,750.0,0.027522935779815683
20260109,SI2608,8740.0,67.0,185.0,0.0
20260109,SI2609,8740.0,10520.0,16564.0,-0.006864988558352714
20260109,SI2610,8735.0,250.0,429.0,0.020606754436177432
20260109,SI2611,8750.0,225.0,797.0,0.5897142857142859
20260109,SI2612,9180.0,15.0,97.0,0.0
20260112,SI2601,8640.0,0.0,63.0,0.06249999999999911
20260112,SI2602,8685.0,20701.0,26716.0,0.04835924006908421
20260112,SI2603,8720.0,30386.0,55094.0,0.034403669724770936
20260112,SI2604,8745.0,19351.0,27815.0,0.013722126929674339
20260112,SI2605,8755.0,269300.0,238877.0,0.01370645345516941
20260112,SI2606,8765.0,1120.0,6675.0,-0.013690815744437757
20260112,SI2607,8755.0,107.0,728.0,0.04797258709309027
20260112,SI2608,8790.0,35.0,192.0,0.013651877133105117
20260112,SI2609,8800.0,6772.0,17434.0,0.02727272727272645
20260112,SI2610,8820.0,183.0,438.0,0.03401360544217713
20260112,SI2611,8845.0,133.0,838.0,0.43414358394573327
20260112,SI2612,9165.0,32.0,111.0,0.0
20260113,SI2601,8640.0,0.0,63.0,-0.10416666666666696
20260113,SI2602,8565.0,9314.0,24654.0,0.035026269702277624
20260113,SI2603,8590.0,14274.0,55804.0,0.04190919674039595
20260113,SI2604,8620.0,4471.0,28638.0,0.020881670533642982
20260113,SI2605,8635.0,270076.0,242469.0,0.027793862188765672
20260113,SI2606,8655.0,879.0,6975.0,-0.006932409012131213
20260113,SI2607,8650.0,62.0,720.0,0.02774566473988571
20260113,SI2608,8670.0,15.0,192.0,-0.006920415224913157
20260113,SI2609,8665.0,7128.0,17833.0,0.034622042700518385
20260113,SI2610,8690.0,84.0,421.0,0.034522439585730424
20260113,SI2611,8715.0,128.0,857.0,0.5094664371772808
20260113,SI2612,9085.0,26.0,110.0,0.0
20260114,SI2601,8640.0,0.0,40.0,0.03472222222222321
20260114,SI2602,8665.0,8669.0,21897.0,0.04847085978072574
20260114,SI2603,8700.0,16917.0,56694.0,0.013793103448275446
20260114,SI2604,8710.0,6141.0,27787.0,0.061997703788748026
20260114,SI2605,8755.0,245936.0,235089.0,-0.006853226727584705
20260114,SI2606,8750.0,988.0,7236.0,-0.0342857142857147
20260114,SI2607,8725.0,47.0,730.0,0.04813753581661828
20260114,SI2608,8760.0,27.0,200.0,0.0136986301369868
20260114,SI2609,8770.0,5940.0,17419.0,-0.04789053591790138
20260114,SI2610,8735.0,179.0,381.0,0.09616485403548936
20260114,SI2611,8805.0,165.0,834.0,0.40885860306643984
20260114,SI2612,9105.0,17.0,119.0,0.0
20260115,SI2601,8630.0,0.0,0.0,0.013904982618771378
20260115,SI2602,8640.0,8439.0,19219.0,0.04166666666666785
20260115,SI2603,8670.0,19479.0,57887.0,0.03460207612456845
20260115,SI2604,8695.0,7338.0,29227.0,0.04830362277170863
20260115,SI2605,8730.0,235842.0,230720.0,0.020618556701030855
20260115,SI2606,8745.0,1756.0,8530.0,-0.041166380789021684
20260115,SI2607,8715.0,68.0,729.0,0.03442340791738463
20260115,SI2608,8740.0,27.0,210.0,0.006864988558352714
20260115,SI2609,8745.0,4834.0,17546.0,0.041166380789023016
20260115,SI2610,8775.0,16.0,382.0,0.0
20260115,SI2611,8775.0,50.0,830.0,0.43760683760683783
20260115,SI2612,9095.0,37.0,122.0,0.0
20260116,SI2601,8640.0,3.0,0.0,-0.13888888888888884
20260116,SI2602,8540.0,7904.0,17130.0,0.035128805620609604
20260116,SI2603,8565.0,16747.0,58019.0,0.035026269702277624
20260116,SI2604,8590.0,7616.0,29014.0,0.020954598370196642
20260116,SI2605,8605.0,281253.0,238869.0,0.04880883207437581
20260116,SI2606,8640.0,1587.0,8867.0,-0.06250000000000044
20260116,SI2607,8595.0,46.0,746.0,0.0837696335078526
20260116,SI2608,8655.0,24.0,209.0,-0.027729636048527517
20260116,SI2609,8635.0,6828.0,17661.0,0.03474232773595709
20260116,SI2610,8660.0,123.0,398.0,-0.006928406466512271
20260116,SI2611,8655.0,94.0,846.0,0.5268630849220095
20260116,SI2612,9035.0,49.0,116.0,0.0
20260119,SI2602,8770.0,8269.0,15313.0,0.04789053591790271
20260119,SI2603,8805.0,27450.0,60850.0,0.02044293015332066
20260119,SI2604,8820.0,10716.0,29715.0,0.03401360544217713
20260119,SI2605,8845.0,391114.0,235167.0,-0.02035048049745658
20260119,SI2606,8830.0,1722.0,9191.0,-0.006795016987541924
20260119,SI2607,8825.0,183.0,764.0,0.006798866855524999
20260119,SI2608,8830.0,60.0,188.0,0.02718006795017036
20260119,SI2609,8850.0,7568.0,17106.0,-0.020338983050847137
20260119,SI2610,8835.0,226.0,362.0,0.04753820033955769
20260119,SI2611,8870.0,191.0,811.0,0.45321307779030473
20260119,SI2612,9205.0,49.0,136.0,0.0009520961372971559
20260119,SI2701,9270.0,5.0,5.0,0.0
20260120,SI2602,8685.0,3726.0,14465.0,0.03454231433505939
20260120,SI2603,8710.0,25818.0,65137.0,0.013777267508611857
20260120,SI2604,8720.0,8090.0,31745.0,0.034403669724770936
20260120,SI2605,8745.0,338306.0,224552.0,0.020583190394510176
20260120,SI2606,8760.0,1803.0,9859.0,0.0136986301369868
20260120,SI2607,8770.0,164.0,753.0,-0.020524515393387066
20260120,SI2608,8755.0,22.0,186.0,0.0
20260120,SI2609,8755.0,6699.0,17587.0,0.0
20260120,SI2610,8755.0,167.0,358.0,-0.006853226727584705
20260120,SI2611,8750.0,82.0,806.0,0.5760000000000005
20260120,SI2612,9170.0,38.0,141.0,0.0008086946932473888
20260120,SI2701,9225.0,14.0,13.0,0.0
20260121,SI2602,8700.0,2203.0,13247.0,0.048275862068966724
20260121,SI2603,8735.0,19404.0,67302.0,0.020606754436177432
20260121,SI2604,8750.0,8932.0,32203.0,0.04114285714285604
20260121,SI2605,8780.0,280575.0,223687.0,0.0
20260121,SI2606,8780.0,1308.0,10085.0,0.01366742596810866
20260121,SI2607,8790.0,152.0,752.0,-0.01365187713310645
20260121,SI2608,8780.0,10.0,188.0,-0.02050113895216432
20260121,SI2609,8765.0,6893.0,18025.0,0.04107244723331327
20260121,SI2610,8795.0,109.0,356.0,0.034110289937464344
20260121,SI2611,8820.0,56.0,803.0,0.4625850340136042
20260121,SI2612,9160.0,38.0,156.0,0.0005887836710661755
20260121,SI2701,9200.0,20.0,31.0,0.0
20260122,SI2602,8760.0,4764.0,10258.0,0.041095890410957736
20260122,SI2603,8790.0,44623.0,69028.0,0.0273037542662129
20260122,SI2604,8810.0,29704.0,31199.0,0.02043132803632286
20260122,SI2605,8825.0,230130.0,228488.0,0.0
20260122,SI2606,8825.0,1651.0,10407.0,-0.013597733711048665
20260122,SI2607,8815.0,78.0,745.0,0.027226318774815184
20260122,SI2608,8835.0,16.0,185.0,-0.00679117147707986
20260122,SI2609,8830.0,3855.0,18348.0,0.04077010192525421
20260122,SI2610,8860.0,59.0,345.0,0.006772009029345938
20260122,SI2611,8865.0,87.0,799.0,0.43993231810490574
20260122,SI2612,9190.0,14.0,160.0,0.0005868616351432174
20260122,SI2701,9230.0,7.0,37.0,0.0
20260123,SI2602,8740.0,2612.0,9496.0,0.04118993135011362
20260123,SI2603,8770.0,30422.0,70302.0,0.04789053591790271
20260123,SI2604,8805.0,16501.0,31869.0,0.02044293015332066
20260123,SI2605,8820.0,229964.0,231434.0,0.03401360544217713
20260123,SI2606,8845.0,1099.0,10649.0,-0.02713397399660833
20260123,SI2607,8825.0,33.0,746.0,-0.013597733711048665
20260123,SI2608,8815.0,27.0,198.0,0.03403289846851898
20260123,SI2609,8840.0,4334.0,18694.0,0.006787330316742057
20260123,SI2610,8845.0,90.0,342.0,0.06783493499152016
20260123,SI2611,8895.0,149.0,862.0,0.4519392917369309
20260123,SI2612,9230.0,6.0,161.0,-0.0002921591780588476
20260123,SI2701,9210.0,0.0,37.0,0.0
20260126,SI2602,8830.0,2827.0,7950.0,0.02718006795017036
20260126,SI2603,8850.0,58077.0,70838.0,0.040677966101694274
20260126,SI2604,8880.0,39879.0,32824.0,0.04729729729729648
20260126,SI2605,8915.0,340041.0,252307.0,0.020190689848570642
20260126,SI2606,8930.0,2796.0,11678.0,-0.026875699888017746
20260126,SI2607,8910.0,122.0,758.0,0.013468013468014739
20260126,SI2608,8920.0,14.0,201.0,0.0
20260126,SI2609,8920.0,7763.0,19461.0,0.0
20260126,SI2610,8920.0,29.0,343.0,0.006726457399102159
20260126,SI2611,8925.0,177.0,866.0,0.49747899159663955
20260126,SI2612,9295.0,18.0,163.0,0.0004351741603254103
20260126,SI2701,9325.0,14.0,47.0,0.0
20260127,SI2602,8770.0,2183.0,6044.0,0.05473204104903129
20260127,SI2603,8810.0,31644.0,70518.0,0.04086265607264572
20260127,SI2604,8840.0,18762.0,32056.0,0.02714932126696823
20260127,SI2605,8860.0,217792.0,242625.0,0.013544018058691876
20260127,SI2606,8870.0,1333.0,11954.0,0.0
20260127,SI2607,8870.0,26.0,753.0,-0.020293122886133386
20260127,SI2608,8855.0,24.0,198.0,0.03387916431394711
20260127,SI2609,8880.0,4552.0,19526.0,0.04729729729729648
20260127,SI2610,8915.0,29.0,350.0,0.0
20260127,SI2611,8915.0,44.0,865.0,0.40381379697139685
20260127,SI2612,9215.0,7.0,161.0,0.0007315868728928717
20260127,SI2701,9265.0,23.0,47.0,0.0
20260128,SI2602,8670.0,2477.0,4373.0,0.05536332179930792
20260128,SI2603,8710.0,67535.0,69497.0,0.02755453501722105
20260128,SI2604,8730.0,52524.0,30815.0,0.04123711340206171
20260128,SI2605,8760.0,243714.0,235683.0,0.041095890410957736
20260128,SI2606,8790.0,1137.0,12233.0,-0.027303754266211566
20260128,SI2607,8770.0,62.0,741.0,0.04104903078677413
20260128,SI2608,8800.0,68.0,206.0,-0.020454545454545503
20260128,SI2609,8785.0,7053.0,21352.0,0.02048947068867424
20260128,SI2610,8800.0,51.0,360.0,0.04772727272727195
20260128,SI2611,8835.0,109.0,881.0,0.4210526315789487
20260128,SI2612,9145.0,9.0,162.0,0.0010320614813768203
20260128,SI2701,9215.0,27.0,46.0,0.0
20260129,SI2602,8835.0,2230.0,3100.0,0.06112054329371741
20260129,SI2603,8880.0,53287.0,62152.0,0.033783783783785104
20260129,SI2604,8905.0,27913.0,29446.0,0.026951151038741017
20260129,SI2605,8925.0,300232.0,236653.0,0.0
20260129,SI2606,8925.0,2147.0,12196.0,-0.06722689075630228
20260129,SI2607,8875.0,81.0,737.0,0.06760563380281681
20260129,SI2608,8925.0,64.0,188.0,0.03361344537815114
20260129,SI2609,8950.0,9199.0,21065.0,-0.006703910614525466
20260129,SI2610,8945.0,80.0,337.0,0.03353828954723248
20260129,SI2611,8970.0,94.0,835.0,0.488294314381271
20260129,SI2612,9335.0,3.0,162.0,0.0002888729741278208
20260129,SI2701,9355.0,21.0,52.0,0.0
20260130,SI2602,8720.0,3154.0,1595.0,0.12385321100917324
20260130,SI2603,8810.0,93934.0,48841.0,0.027241770715097147
20260130,SI2604,8830.0,40571.0,29774.0,0.02718006795017036
20260130,SI2605,8850.0,557616.0,236627.0,0.047457627118643764
20260130,SI2606,8885.0,4541.0,12712.0,-0.027011817670230087
20260130,SI2607,8865.0,194.0,754.0,0.02707275803722542
20260130,SI2608,8885.0,32.0,182.0,-0.006752954417557522
20260130,SI2609,8880.0,13628.0,21165.0,0.11486486486486402
20260130,SI2610,8965.0,66.0,345.0,-0.020078081427774563
20260130,SI2611,8950.0,296.0,930.0,0.3687150837988833
20260130,SI2612,9225.0,65.0,153.0,0.0010961907371882617
20260130,SI2701,9300.0,31.0,61.0,0.0
20260202,SI2602,8740.0,107.0,394.0,0.013729977116705427
20260202,SI2603,8750.0,90088.0,31383.0,0.02742857142857069
20260202,SI2604,8770.0,52151.0,29957.0,0.034207525655645554
20260202,SI2605,8795.0,466725.0,236313.0,0.034110289937464344
20260202,SI2606,8820.0,3919.0,13849.0,-0.03401360544217713
20260202,SI2607,8795.0,1100.0,1263.0,0.0
20260202,SI2608,8795.0,35.0,200.0,0.034110289937464344
20260202,SI2609,8820.0,12382.0,21749.0,-0.10204081632653006
20260202,SI2610,8745.0,70.0,334.0,0.17152658662092524
20260202,SI2611,8870.0,233.0,893.0,0.46674182638105854
20260202,SI2612,9215.0,25.0,151.0,-0.0005121108110250131
20260202,SI2701,9180.0,24.0,62.0,0.0
20260203,SI2602,8740.0,145.0,275.0,0.04805491990846633
20260203,SI2603,8775.0,27848.0,26287.0,0.027350427350426365
20260203,SI2604,8795.0,9656.0,30811.0,0.02728823194997254
20260203,SI2605,8815.0,256241.0,234800.0,0.03403289846851898
20260203,SI2606,8840.0,1629.0,14085.0,-0.020361990950226172
20260203,SI2607,8825.0,2060.0,2620.0,0.033994334277619664
20260203,SI2608,8850.0,16.0,195.0,-0.027118644067796627
20260203,SI2609,8830.0,7596.0,22110.0,0.02718006795017036
20260203,SI2610,8850.0,10.0,333.0,0.047457627118643764
20260203,SI2611,8885.0,71.0,881.0,0.465953854811481
20260203,SI2612,9230.0,9.0,150.0,0.00014607958902940885
20260203,SI2701,9240.0,23.0,62.0,0.0
20260204,SI2602,8785.0,32.0,65.0,0.02048947068867424
20260204,SI2603,8800.0,51504.0,23557.0,0.03409090909091006
20260204,SI2604,8825.0,31731.0,31715.0,0.033994334277619664
20260204,SI2605,8850.0,208226.0,241016.0,0.033898305084744784
20260204,SI2606,8875.0,1181.0,14172.0,-0.020281690140845576
20260204,SI2607,8860.0,4415.0,5881.0,-0.04063205417607163
20260204,SI2608,8830.0,2.0,196.0,0.061155152887881314
20260204,SI2609,8875.0,5839.0,22882.0,0.02704225352112566
20260204,SI2610,8895.0,11.0,335.0,0.04721753794266359
20260204,SI2611,8930.0,26.0,889.0,0.4300111982082866
20260204,SI2612,9250.0,62.0,153.0,0.00014576374126935775
20260204,SI2701,9260.0,3.0,62.0,0.0
20260205,SI2602,8610.0,14.0,54.0,-0.08362369337979159
20260205,SI2603,8550.0,38191.0,23744.0,0.03508771929824661
20260205,SI2604,8575.0,22555.0,34646.0,0.04198250728863062
20260205,SI2605,8605.0,315564.0,266982.0,0.041836141778036406
20260205,SI2606,8635.0,2294.0,15195.0,0.0
20260205,SI2607,8635.0,2865.0,7819.0,0.027793862188765672
20260205,SI2608,8655.0,52.0,205.0,0.020797227036394972
20260205,SI2609,8670.0,13001.0,26756.0,0.013840830449826313
20260205,SI2610,8680.0,92.0,335.0,0.041474654377879006
20260205,SI2611,8710.0,220.0,900.0,0.49598163030998954
20260205,SI2612,9070.0,22.0,144.0,0.0007432825836502604
20260205,SI2701,9120.0,24.0,59.0,0.0
20260206,SI2602,8420.0,10.0,50.0,0.04275534441805107
20260206,SI2603,8450.0,52764.0,23679.0,0.04260355029585927
20260206,SI2604,8480.0,14700.0,34685.0,0.028301886792451825
20260206,SI2605,8500.0,335419.0,277011.0,0.04235294117646937
20260206,SI2606,8530.0,2624.0,15913.0,0.02110199296600257
20260206,SI2607,8545.0,2319.0,9161.0,0.049151550614395134
20260206,SI2608,8580.0,35.0,205.0,-0.027972027972028357
20260206,SI2609,8560.0,12887.0,28295.0,0.028037383177569097
20260206,SI2610,8580.0,106.0,333.0,0.027972027972028357
20260206,SI2611,8600.0,128.0,924.0,0.7046511627906984
20260206,SI2612,9105.0,20.0,136.0,-0.0004442552246265553
20260206,SI2701,9075.0,33.0,57.0,0.0
20260209,SI2602,8360.0,12.0,2.0,0.04306220095693902
20260209,SI2603,8390.0,20206.0,16810.0,0.0500595947556608
20260209,SI2604,8425.0,7556.0,36949.0,0.035608308605341144
20260209,SI2605,8450.0,200100.0,294910.0,0.04970414201183537
20260209,SI2606,8485.0,1437.0,16504.0,0.04949911608721358
20260209,SI2607,8520.0,1139.0,10038.0,0.0
20260209,SI2608,8520.0,15.0,211.0,-0.014084507042253058
20260209,SI2609,8510.0,6933.0,29307.0,0.07755581668625045
20260209,SI2610,8565.0,38.0,347.0,0.035026269702277624
20260209,SI2611,8590.0,88.0,984.0,0.5587892898719433
20260209,SI2612,8990.0,6.0,136.0,0.0005999175113421869
20260209,SI2701,9030.0,3.0,58.0,0.0
20260210,SI2602,8290.0,224.0,224.0,0.02171290711700813
20260210,SI2603,8305.0,11912.0,15719.0,0.03612281757977165
20260210,SI2604,8330.0,6017.0,38182.0,0.06482593037214901
20260210,SI2605,8375.0,188888.0,303387.0,0.02149253731343226
20260210,SI2606,8390.0,1910.0,16965.0,0.01430274135876175
20260210,SI2607,8400.0,648.0,10503.0,0.021428571428571352
20260210,SI2608,8415.0,20.0,219.0,0.028520499108733333
20260210,SI2609,8435.0,8050.0,30941.0,0.06401896858328371
20260210,SI2610,8480.0,837.0,1063.0,0.014150943396225912
20260210,SI2611,8490.0,110.0,1033.0,0.6148409893992923
20260210,SI2612,8925.0,12.0,138.0,0.000679822490794068
20260210,SI2701,8970.0,6.0,58.0,0.0
20260211,SI2602,8295.0,0.0,0.0,0.03616636528028927
20260211,SI2603,8320.0,9435.0,13420.0,0.05048076923077005
20260211,SI2604,8355.0,3903.0,39591.0,0.021543985637342722
20260211,SI2605,8370.0,160470.0,307764.0,0.050179211469533413
20260211,SI2606,8405.0,1330.0,17370.0,0.03569303985722794
20260211,SI2607,8430.0,849.0,11233.0,-0.021352313167260384
20260211,SI2608,8415.0,4.0,220.0,0.028520499108733333
20260211,SI2609,8435.0,5649.0,32201.0,0.1564908120924713
20260211,SI2610,8545.0,25.0,1065.0,-0.08425980105324804
20260211,SI2611,8485.0,108.0,1111.0,0.5798467884502063
20260211,SI2612,8895.0,22.0,143.0,0.002273717717945307
20260211,SI2701,9045.0,19.0,76.0,0.0
20260212,SI2602,8295.0,0.0,0.0,-0.04339963833634686
20260212,SI2603,8265.0,18152.0,12057.0,0.050816696914701254
20260212,SI2604,8300.0,20743.0,36902.0,0.05060240963855378
20260212,SI2605,8335.0,173124.0,307112.0,0.04319136172765514
20260212,SI2606,8365.0,2602.0,15700.0,0.021518230723250653
20260212,SI2607,8380.0,1608.0,10124.0,-0.014319809069212042
20260212,SI2608,8370.0,61.0,240.0,0.028673835125449187
20260212,SI2609,8390.0,5501.0,32505.0,0.07866507747318163
20260212,SI2610,8445.0,10.0,1066.0,-0.007104795737121972
20260212,SI2611,8440.0,168.0,1160.0,0.6255924170616112
20260212,SI2612,8880.0,36.0,149.0,0.0007591861524445791
20260212,SI2701,8930.0,19.0,79.0,0.0
20260213,SI2602,8560.0,0.0,0.0,-0.3224299065420566
20260213,SI2603,8330.0,4388.0,10330.0,0.07202881152460883
20260213,SI2604,8380.0,18411.0,32644.0,0.021479713603818062
20260213,SI2605,8395.0,208055.0,285893.0,0.08576533650982832
20260213,SI2606,8455.0,3337.0,14244.0,0.04967474866942734
20260213,SI2607,8490.0,2980.0,8946.0,-0.007067137809187329
20260213,SI2608,8485.0,20.0,236.0,-0.03535651149086627
20260213,SI2609,8460.0,7655.0,32035.0,0.028368794326239843
20260213,SI2610,8480.0,138.0,1069.0,0.11320754716981263
20260213,SI2611,8560.0,110.0,1182.0,0.40654205607476523
20260213,SI2612,8850.0,21.0,148.0,0.0012188154637211967
20260213,SI2701,8930.0,21.0,90.0,0.0
20260224,SI2603,8330.0,4505.0,7835.0,0.06482593037214901
20260224,SI2604,8375.0,13150.0,33086.0,0.0501492537313446
20260224,SI2605,8410.0,134782.0,293851.0,0.04280618311533768
20260224,SI2606,8440.0,1278.0,14520.0,0.02843601895734693
20260224,SI2607,8460.0,649.0,9364.0,-0.007092198581560627
20260224,SI2608,8455.0,10.0,239.0,0.014192785334121716
20260224,SI2609,8465.0,5694.0,33355.0,0.03544004725339622
20260224,SI2610,8490.0,41.0,1075.0,0.056537102473498635
20260224,SI2611,8530.0,74.0,1224.0,0.49941383352872215
20260224,SI2612,8885.0,9.0,150.0,0.0012898901696458637
20260224,SI2701,8970.0,13.0,98.0,-0.18729096989966587
20260224,SI2702,8830.0,11.0,9.0,0.0
20260225,SI2603,8360.0,3096.0,6072.0,0.0574162679425827
20260225,SI2604,8400.0,16028.0,39198.0,0.042857142857142705
20260225,SI2605,8430.0,154307.0,313959.0,0.04982206405694001
20260225,SI2606,8465.0,4063.0,17382.0,0.03544004725339622
20260225,SI2607,8490.0,3318.0,12411.0,0.049469964664311306
20260225,SI2608,8525.0,59.0,226.0,-0.04222873900293278
20260225,SI2609,8495.0,7657.0,35170.0,0.04944084755738576
20260225,SI2610,8530.0,83.0,1092.0,0.03516998827667095
20260225,SI2611,8555.0,139.0,1239.0,0.4628872004675637
20260225,SI2612,8885.0,44.0,164.0,0.0008346348156531918
20260225,SI2701,8940.0,33.0,116.0,0.013422818791946511
20260225,SI2702,8950.0,11.0,17.0,0.0
20260226,SI2603,8250.0,2175.0,4537.0,0.07999999999999918
20260226,SI2604,8305.0,15075.0,39679.0,0.043347381095725446
20260226,SI2605,8335.0,177274.0,325323.0,0.04319136172765514
20260226,SI2606,8365.0,3587.0,18592.0,0.05020920502091997
20260226,SI2607,8400.0,1160.0,12981.0,0.04999999999999982
20260226,SI2608,8435.0,139.0,276.0,-0.02845287492590387
20260226,SI2609,8415.0,11430.0,37535.0,0.08556149732620266
20260226,SI2610,8475.0,21.0,1101.0,0.028318584070795794
20260226,SI2611,8495.0,97.0,1298.0,0.4096527369040599
20260226,SI2612,8785.0,63.0,200.0,0.0009976146777257021
20260226,SI2701,8850.0,39.0,133.0,0.0
20260226,SI2702,8850.0,9.0,16.0,0.0
20260227,SI2603,8270.0,2580.0,3119.0,0.1160822249093112
20260227,SI2604,8350.0,32899.0,37593.0,0.06467065868263511
20260227,SI2605,8395.0,266281.0,328416.0,0.028588445503276105
20260227,SI2606,8415.0,5830.0,20183.0,0.05704099821746933
20260227,SI2607,8455.0,1650.0,13759.0,-0.04257835600236515
20260227,SI2608,8425.0,100.0,285.0,0.07833827893175105
20260227,SI2609,8480.0,14881.0,38962.0,0.03537735849056478
20260227,SI2610,8505.0,55.0,1105.0,-0.03527336860670216
20260227,SI2611,8480.0,192.0,1385.0,0.42452830188679336
20260227,SI2612,8780.0,36.0,215.0,0.0018427990069360889
20260227,SI2701,8900.0,41.0,153.0,-0.02696629213483126
20260227,SI2702,8880.0,8.0,15.0,0.0
20260302,SI2603,8280.0,607.0,933.0,0.0
20260302,SI2604,8280.0,28657.0,26641.0,0.06521739130434678
20260302,SI2605,8325.0,202748.0,334292.0,0.036036036036036556
20260302,SI2606,8350.0,4356.0,21879.0,0.057485029940118615
20260302,SI2607,8390.0,1119.0,14202.0,0.02145411203813996
20260302,SI2608,8405.0,1372.0,1336.0,0.014277215942890109
20260302,SI2609,8415.0,13576.0,40234.0,0.05704099821746933
20260302,SI2610,8455.0,84.0,1123.0,0.014192785334121716
20260302,SI2611,8465.0,119.0,1450.0,0.48907265209687
20260302,SI2612,8810.0,14.0,220.0,0.0007652182785139348
20260302,SI2701,8860.0,24.0,164.0,-0.033860045146727025
20260302,SI2702,8835.0,1.0,15.0,0.0
20260303,SI2603,8050.0,91.0,478.0,0.17888198757764062
20260303,SI2604,8170.0,30035.0,21816.0,0.0514075887392913
20260303,SI2605,8205.0,285487.0,348330.0,0.05850091407678182
20260303,SI2606,8245.0,13071.0,25696.0,0.08004851425106096
20260303,SI2607,8300.0,2550.0,14474.0,0.03614457831325346
20260303,SI2608,8325.0,1673.0,2769.0,-0.0216216216216214
20260303,SI2609,8310.0,20325.0,44662.0,0.06498194945848468
20260303,SI2610,8355.0,88.0,1144.0,0.03590664272890365
20260303,SI2611,8380.0,316.0,1623.0,0.5441527446300709
20260303,SI2612,8760.0,40.0,231.0,0.000615668770201624
20260303,SI2701,8800.0,50.0,182.0,-0.03409090909090873
20260303,SI2702,8775.0,6.0,14.0,0.0
20260304,SI2603,8220.0,1.0,413.0,0.38686131386861433
20260304,SI2604,8485.0,49532.0,14671.0,0.04242781378904059
20260304,SI2605,8515.0,402191.0,310668.0,0.056371109806223174
20260304,SI2606,8555.0,29016.0,24734.0,-0.021040327293980532
20260304,SI2607,8540.0,2977.0,15173.0,0.007025761124122454
20260304,SI2608,8545.0,2117.0,4340.0,0.04212990052662402
20260304,SI2609,8575.0,23964.0,41383.0,0.0069970845481046595
20260304,SI2610,8580.0,106.0,1104.0,0.0
20260304,SI2611,8580.0,179.0,1584.0,0.4335664335664342
20260304,SI2612,8890.0,20.0,230.0,0.0006824989572932541
20260304,SI2701,8935.0,27.0,181.0,-0.00671516508114145
20260304,SI2702,8930.0,18.0,18.0,0.0
20260305,SI2603,8220.0,33.0,436.0,0.44525547445255587
20260305,SI2604,8525.0,24590.0,13353.0,0.05630498533724282
20260305,SI2605,8565.0,274255.0,287789.0,0.035026269702277624
20260305,SI2606,8590.0,18424.0,26961.0,0.0279394644935973
20260305,SI2607,8610.0,2096.0,16198.0,-0.006968641114982521
20260305,SI2608,8605.0,1332.0,5257.0,0.034863451481697005
20260305,SI2609,8630.0,19140.0,40485.0,0.04171494785631413
20260305,SI2610,8660.0,65.0,1063.0,0.02771362586605175
20260305,SI2611,8680.0,149.0,1500.0,0.36635944700460854
20260305,SI2612,8945.0,15.0,231.0,0.0012812380276471134
20260305,SI2701,9030.0,66.0,201.0,-0.039867109634551756
20260305,SI2702,9000.0,9.0,19.0,0.0
20260306,SI2603,8600.0,20.0,43.0,0.05581395348837326
20260306,SI2604,8640.0,42208.0,18294.0,0.06944444444444375
20260306,SI2605,8690.0,223150.0,273926.0,0.027617951668583274
20260306,SI2606,8710.0,18112.0,28463.0,0.0
20260306,SI2607,8710.0,932.0,16367.0,0.02755453501722105
20260306,SI2608,8730.0,653.0,5668.0,0.013745704467353903
20260306,SI2609,8740.0,15659.0,40080.0,0.006864988558352714
20260306,SI2610,8745.0,124.0,1014.0,0.034305317324184514
20260306,SI2611,8770.0,131.0,1462.0,0.36944127708095653
20260306,SI2612,9040.0,45.0,233.0,-0.00029829969175697817
20260306,SI2701,9020.0,48.0,197.0,0.05321507760532107
20260306,SI2702,9060.0,5.0,19.0,0.0
20260309,SI2603,8760.0,40.0,0.0,-0.18493150684931514
20260309,SI2604,8625.0,32784.0,10924.0,0.06260869565217408
20260309,SI2605,8670.0,405785.0,251171.0,0.03460207612456845
20260309,SI2606,8695.0,24639.0,26329.0,0.04830362277170863
20260309,SI2607,8730.0,1539.0,16554.0,-0.0068728522336769515
20260309,SI2608,8725.0,883.0,6031.0,0.006876790830946611
20260309,SI2609,8730.0,30917.0,39737.0,0.08934707903780037
20260309,SI2610,8795.0,848.0,630.0,-0.047754405912450615
20260309,SI2611,8760.0,224.0,1483.0,0.4520547945205484
20260309,SI2612,9090.0,35.0,232.0,0.0
20260309,SI2701,9090.0,86.0,227.0,0.013201320132012917
20260309,SI2702,9100.0,2.0,19.0,0.0
20260310,SI2603,8570.0,0.0,0.0,0.028004667444574416
20260310,SI2604,8590.0,22659.0,7909.0,0.04889406286379394
20260310,SI2605,8625.0,182506.0,243954.0,0.041739130434781835
20260310,SI2606,8655.0,6718.0,26918.0,0.013864818024262426
20260310,SI2607,8665.0,1209.0,16658.0,0.027697634160414708
20260310,SI2608,8685.0,443.0,6335.0,0.01381692573402482
20260310,SI2609,8695.0,13114.0,39662.0,0.027602070155262837
20260310,SI2610,8715.0,56.0,646.0,0.055077452667813276
20260310,SI2611,8755.0,128.0,1497.0,0.48657909765848206
20260310,SI2612,9110.0,17.0,231.0,-0.0008880227925850152
20260310,SI2701,9050.0,30.0,226.0,0.0
20260310,SI2702,9050.0,16.0,25.0,0.0
20260311,SI2603,8550.0,0.0,0.0,0.049122807017543124
20260311,SI2604,8585.0,15580.0,7487.0,0.048922539312755475
20260311,SI2605,8620.0,122488.0,248864.0,0.041763341067285964
20260311,SI2606,8650.0,6954.0,29448.0,0.06936416184971161
20260311,SI2607,8700.0,1912.0,17784.0,-0.006896551724137723
20260311,SI2608,8695.0,1576.0,7854.0,0.013801035077631418
20260311,SI2609,8705.0,8427.0,40913.0,0.0482481332567497
20260311,SI2610,8740.0,29.0,647.0,0.04118993135011362
20260311,SI2611,8770.0,58.0,1516.0,0.5062713797035361
20260311,SI2612,9140.0,6.0,236.0,7.375900474516152e-05
20260311,SI2701,9145.0,6.0,229.0,-0.05904866047020274
20260311,SI2702,9100.0,6.0,29.0,0.0
20260312,SI2603,8550.0,0.0,0.0,0.0631578947368423
20260312,SI2604,8595.0,14382.0,7502.0,0.0698080279232105
20260312,SI2605,8645.0,168721.0,245323.0,0.03470213996529914
20260312,SI2606,8670.0,18393.0,28977.0,0.02076124567473947
20260312,SI2607,8685.0,1647.0,18198.0,0.0414507772020718
20260312,SI2608,8715.0,1222.0,8856.0,0.006884681583477992
20260312,SI2609,8720.0,13469.0,41218.0,0.027522935779815683
20260312,SI2610,8740.0,181.0,580.0,-0.027459954233409523
20260312,SI2611,8720.0,66.0,1513.0,0.5160550458715587
20260312,SI2612,9095.0,41.0,255.0,0.0006671155283493171
20260312,SI2701,9140.0,62.0,249.0,-0.09846827133479197
20260312,SI2702,9065.0,38.0,55.0,0.0
20260313,SI2603,8295.0,0.0,0.0,0.4918625678119346
20260313,SI2604,8635.0,9435.0,6375.0,0.05558772437753401
20260313,SI2605,8675.0,130997.0,238285.0,0.027665706051873684
20260313,SI2606,8695.0,25078.0,27043.0,0.05520414031052301
20260313,SI2607,8735.0,3205.0,16161.0,0.027475672581567245
20260313,SI2608,8755.0,806.0,9516.0,-0.020559680182752782
20260313,SI2609,8740.0,10350.0,42204.0,0.013729977116705427
20260313,SI2610,8750.0,23.0,575.0,0.12342857142857078
20260313,SI2611,8840.0,29.0,1516.0,0.38687782805429993
20260313,SI2612,9125.0,7.0,254.0,0.0013298445436355306
20260313,SI2701,9215.0,59.0,268.0,-0.07162235485621293
20260313,SI2702,9160.0,8.0,50.0,0.0
20260316,SI2604,8635.0,8010.0,6113.0,0.06948465547191685
20260316,SI2605,8685.0,104089.0,236662.0,0.02072538860103723
20260316,SI2606,8700.0,16310.0,28143.0,0.04137931034482634
20260316,SI2607,8730.0,818.0,16403.0,0.03436426116838476
20260316,SI2608,8755.0,380.0,9703.0,0.01370645345516941
20260316,SI2609,8765.0,9765.0,43388.0,0.027381631488875513
20260316,SI2610,8785.0,59.0,565.0,0.03414911781445529
20260316,SI2611,8810.0,173.0,1523.0,0.5107832009080582
20260316,SI2612,9185.0,6.0,252.0,0.0
20260316,SI2701,9185.0,11.0,270.0,-0.01306477953184526
20260316,SI2702,9175.0,2.0,51.0,0.09155313351498506
20260316,SI2703,9245.0,2.0,0.0,0.0
20260317,SI2604,8515.0,4443.0,6160.0,0.06341749853200174
20260317,SI2605,8560.0,126193.0,240719.0,0.04205607476635631
20260317,SI2606,8590.0,19066.0,29110.0,0.0279394644935973
20260317,SI2607,8610.0,1363.0,16826.0,0.04878048780487898
20260317,SI2608,8645.0,895.0,10414.0,0.013880855986119656
20260317,SI2609,8655.0,12035.0,44875.0,0.027729636048527517
20260317,SI2610,8675.0,61.0,573.0,0.041498559077810526
20260317,SI2611,8705.0,62.0,1531.0,0.5514072372199879
20260317,SI2612,9105.0,9.0,253.0,0.00022212761231327018
20260317,SI2701,9120.0,28.0,269.0,-0.01973684210526372
20260317,SI2702,9105.0,1.0,52.0,0.10543657331136647
20260317,SI2703,9185.0,0.0,0.0,0.0
20260318,SI2604,8325.0,1949.0,5666.0,0.07207207207207311
20260318,SI2605,8375.0,206369.0,246958.0,0.0071641791044774195
20260318,SI2606,8380.0,15877.0,31482.0,0.050119331742242146
20260318,SI2607,8415.0,1917.0,17696.0,0.071301247771836
20260318,SI2608,8465.0,868.0,10983.0,0.0070880094506797775
20260318,SI2609,8470.0,28197.0,48918.0,0.02125147579692932
20260318,SI2610,8485.0,87.0,584.0,0.08485562757807852
20260318,SI2611,8545.0,148.0,1598.0,0.46342890579286156
20260318,SI2612,8875.0,35.0,254.0,0.0009874980218389031
20260318,SI2701,8940.0,98.0,256.0,0.053691275167786046
20260318,SI2702,8980.0,7.0,52.0,-0.040089086859688816
20260318,SI2703,8950.0,26.0,19.0,0.0
20260319,SI2604,8255.0,1337.0,5604.0,0.04360993337371344
20260319,SI2605,8285.0,172736.0,253549.0,0.03621001810500957
20260319,SI2606,8310.0,15843.0,32515.0,0.07220216606498209
20260319,SI2607,8360.0,2076.0,18778.0,0.014354066985646341
20260319,SI2608,8370.0,727.0,11545.0,0.02150537634408689
20260319,SI2609,8385.0,23098.0,53914.0,0.16457960644007041
20260319,SI2610,8500.0,61.0,592.0,-0.06352941176470539
20260319,SI2611,8455.0,281.0,1799.0,0.5606150206978118
20260319,SI2612,8850.0,111.0,295.0,0.0009141115977908826
20260319,SI2701,8910.0,107.0,273.0,0.08080808080808044
20260319,SI2702,8970.0,32.0,45.0,-0.06020066889632103
20260319,SI2703,8925.0,6.0,18.0,0.0
20260320,SI2604,8395.0,663.0,5340.0,0.08576533650982832
20260320,SI2605,8455.0,244979.0,245239.0,0.021289178001183906
20260320,SI2606,8470.0,18128.0,33743.0,0.007083825265643995
20260320,SI2607,8475.0,3384.0,19599.0,0.05663716814159425
20260320,SI2608,8515.0,1002.0,12012.0,0.014092777451557126
20260320,SI2609,8525.0,32664.0,55059.0,0.09853372434017693
20260320,SI2610,8595.0,56.0,607.0,-0.00698080279232105
20260320,SI2611,8590.0,376.0,1745.0,0.5378346915017467
20260320,SI2612,8975.0,57.0,322.0,-0.0003004600794967368
20260320,SI2701,8955.0,45.0,280.0,0.1206030150753774
20260320,SI2702,9045.0,17.0,47.0,0.006633499170813906
20260320,SI2703,9050.0,11.0,20.0,0.0
20260323,SI2604,8515.0,542.0,5356.0,0.08455666470933743
20260323,SI2605,8575.0,221416.0,230888.0,0.0069970845481046595
20260323,SI2606,8580.0,14948.0,33289.0,0.041958041958042536
20260323,SI2607,8610.0,4078.0,20520.0,-0.006968641114982521
20260323,SI2608,8605.0,807.0,12203.0,0.05578152237071521
20260323,SI2609,8645.0,37905.0,53034.0,0.006940427993059828
20260323,SI2610,8650.0,91.0,603.0,0.02774566473988571
20260323,SI2611,8670.0,303.0,1670.0,0.48442906574394495
20260323,SI2612,9020.0,21.0,323.0,0.0002242208326066974
20260323,SI2701,9035.0,45.0,276.0,0.08633093525179802
20260323,SI2702,9100.0,12.0,48.0,0.00659340659340657
20260323,SI2703,9105.0,10.0,23.0,0.0
20260324,SI2604,8550.0,974.0,4956.0,0.07719298245614148
20260324,SI2605,8605.0,146108.0,221201.0,0.027890761185357604
20260324,SI2606,8625.0,5989.0,33640.0,0.027826086956521223
20260324,SI2607,8645.0,2352.0,21133.0,0.020821283979179483
20260324,SI2608,8660.0,486.0,12005.0,0.055427251732100835
20260324,SI2609,8700.0,24265.0,53638.0,0.006896551724137723
20260324,SI2610,8705.0,15.0,598.0,0.027570361861000592
20260324,SI2611,8725.0,77.0,1627.0,0.4676217765042976
20260324,SI2612,9065.0,3.0,325.0,0.0012642773477444529
20260324,SI2701,9150.0,15.0,277.0,0.01967213114754074
20260324,SI2702,9165.0,16.0,49.0,0.013093289689035004
20260324,SI2703,9175.0,7.0,26.0,0.0
20260325,SI2604,8700.0,1378.0,3751.0,0.09655172413793078
20260325,SI2605,8770.0,217959.0,232078.0,0.0
20260325,SI2606,8770.0,9977.0,34643.0,0.04104903078677413
20260325,SI2607,8800.0,3675.0,22363.0,0.020454545454545503
20260325,SI2608,8815.0,910.0,11983.0,0.06806579693703796
20260325,SI2609,8865.0,50440.0,62431.0,-0.05414551607444951
20260325,SI2610,8825.0,166.0,535.0,0.04759206798866966
20260325,SI2611,8860.0,217.0,1562.0,0.46049661399548647
20260325,SI2612,9200.0,49.0,344.0,-0.0010258915486077201
20260325,SI2701,9130.0,24.0,278.0,0.08543263964950842
20260325,SI2702,9195.0,19.0,55.0,0.006525285481239429
20260325,SI2703,9200.0,7.0,28.0,0.0
20260326,SI2604,8685.0,358.0,3530.0,0.06908462867012144
20260326,SI2605,8735.0,140735.0,229643.0,0.027475672581567245
20260326,SI2606,8755.0,14217.0,34994.0,0.03426613363792086
20260326,SI2607,8780.0,2542.0,22626.0,0.04100227790432864
20260326,SI2608,8810.0,440.0,12150.0,0.013620885357548573
20260326,SI2609,8820.0,33845.0,64831.0,0.0
20260326,SI2610,8820.0,41.0,507.0,0.05442176870748394
20260326,SI2611,8860.0,121.0,1538.0,0.48758465011286756
20260326,SI2612,9220.0,44.0,345.0,-0.00043871408028468384
20260326,SI2701,9190.0,26.0,273.0,0.013057671381936586
20260326,SI2702,9200.0,4.0,57.0,0.0913043478260871
20260326,SI2703,9270.0,4.0,29.0,0.0
20260327,SI2604,8560.0,378.0,3272.0,0.09112149532710223
20260327,SI2605,8625.0,165844.0,223220.0,0.027826086956521223
20260327,SI2606,8645.0,5313.0,35565.0,0.0416425679583563
20260327,SI2607,8675.0,2290.0,22906.0,0.041498559077810526
20260327,SI2608,8705.0,480.0,12228.0,0.04135554279149822
20260327,SI2609,8735.0,42184.0,68697.0,0.0068689181453924775
20260327,SI2610,8740.0,65.0,534.0,0.027459954233410855
20260327,SI2611,8760.0,172.0,1496.0,0.4246575342465748
20260327,SI2612,9070.0,21.0,345.0,0.0010405956171103765
20260327,SI2701,9140.0,22.0,272.0,0.08533916849015188
20260327,SI2702,9205.0,17.0,55.0,-0.032590983161326026
20260327,SI2703,9180.0,4.0,30.0,0.0
20260330,SI2604,8430.0,1168.0,2810.0,0.07117437722420039
20260330,SI2605,8480.0,183055.0,220617.0,0.028301886792451825
20260330,SI2606,8500.0,10947.0,37668.0,0.056470588235293384
20260330,SI2607,8540.0,4100.0,23985.0,0.07025761124121654
20260330,SI2608,8590.0,603.0,12572.0,0.03492433061699529
20260330,SI2609,8615.0,52205.0,75317.0,0.048752176436448025
20260330,SI2610,8650.0,111.0,554.0,0.062427745664740186
20260330,SI2611,8695.0,225.0,1600.0,0.49683726279470974
20260330,SI2612,9055.0,94.0,349.0,0.0007445138634685585
20260330,SI2701,9105.0,90.0,296.0,0.052718286655684565
20260330,SI2702,9145.0,23.0,53.0,0.032804811372334264
20260330,SI2703,9170.0,16.0,34.0,0.0
20260331,SI2604,8295.0,629.0,2529.0,0.08679927667269371
20260331,SI2605,8355.0,172049.0,201800.0,0.05026929982046724
20260331,SI2606,8390.0,19065.0,37793.0,0.0500595947556608
20260331,SI2607,8425.0,2843.0,24958.0,0.08545994065281981
20260331,SI2608,8485.0,1041.0,11918.0,-0.007071302298172988
20260331,SI2609,8480.0,39974.0,78280.0,0.07075471698113223
20260331,SI2610,8530.0,68.0,572.0,0.02110199296600257
20260331,SI2611,8545.0,111.0,1630.0,0.6179052077238154
20260331,SI2612,8985.0,86.0,402.0,0.0003001256776275153
20260331,SI2701,9005.0,98.0,336.0,0.019988895058300926
20260331,SI2702,9020.0,65.0,64.0,0.10643015521064214
20260331,SI2703,9100.0,11.0,32.0,0.0
20260401,SI2604,8350.0,195.0,754.0,-0.03592814371257447
20260401,SI2605,8325.0,155609.0,189808.0,0.0432432432432428
20260401,SI2606,8355.0,14037.0,41468.0,0.05026929982046724
20260401,SI2607,8390.0,10297.0,29170.0,0.06436233611442255
20260401,SI2608,8435.0,1313.0,13048.0,0.021339656194427903
20260401,SI2609,8450.0,46412.0,82248.0,0.035502958579880506
20260401,SI2610,8475.0,94.0,576.0,0.07079646017699215
20260401,SI2611,8525.0,129.0,1669.0,0.49266862170087933
20260401,SI2612,8875.0,27.0,406.0,0.001063459408134185
20260401,SI2701,8945.0,46.0,332.0,0.05366126327557197
20260401,SI2702,8985.0,23.0,80.0,0.07345575959933104
20260401,SI2703,9040.0,17.0,32.0,0.0
20260402,SI2604,8240.0,519.0,315.0,0.08737864077670032
20260402,SI2605,8300.0,110923.0,186533.0,0.0650602409638541
20260402,SI2606,8345.0,10150.0,46112.0,0.05751947273816693
20260402,SI2607,8385.0,6750.0,32271.0,0.08586762075134224
20260402,SI2608,8445.0,645.0,12924.0,0.0
20260402,SI2609,8445.0,36079.0,91106.0,0.035523978685613855
20260402,SI2610,8470.0,43.0,580.0,0.042502951593861305
20260402,SI2611,8500.0,72.0,1704.0,0.5435294117647071
20260402,SI2612,8885.0,10.0,408.0,0.0006070071386568559
20260402,SI2701,8925.0,34.0,331.0,0.060504201680672054
20260402,SI2702,8970.0,16.0,78.0,0.12040133779264206
20260402,SI2703,9060.0,3.0,33.0,0.0
20260403,SI2604,8220.0,8.0,271.0,0.094890510948904
20260403,SI2605,8285.0,92049.0,185578.0,0.05793602896801531
20260403,SI2606,8325.0,7542.0,48978.0,0.0648648648648642
20260403,SI2607,8370.0,3097.0,33666.0,0.04301075268817112
20260403,SI2608,8400.0,499.0,13155.0,0.042857142857142705
20260403,SI2609,8430.0,29119.0,95326.0,0.03558718861209886
20260403,SI2610,8455.0,17.0,592.0,0.06386753400354905
20260403,SI2611,8500.0,81.0,1744.0,0.49411764705882444
20260403,SI2612,8850.0,67.0,420.0,0.001142639497238618
20260403,SI2701,8925.0,37.0,346.0,0.026890756302520913
20260403,SI2702,8945.0,5.0,76.0,0.08049189491336062
20260403,SI2703,9005.0,12.0,36.0,0.0
20260407,SI2604,8165.0,99.0,130.0,0.13962033067972968
20260407,SI2605,8260.0,145287.0,189118.0,0.07263922518159749
20260407,SI2606,8310.0,10556.0,51208.0,0.07220216606498209
20260407,SI2607,8360.0,4152.0,34929.0,0.05023923444975953
20260407,SI2608,8395.0,628.0,13362.0,0.04288266825491416
20260407,SI2609,8425.0,50395.0,106545.0,0.06409495548961353
20260407,SI2610,8470.0,125.0,502.0,0.0495867768595053
20260407,SI2611,8505.0,146.0,1821.0,0.5502645502645516
20260407,SI2612,8895.0,101.0,458.0,0.000833696496579935
20260407,SI2701,8950.0,152.0,403.0,0.06703910614525199
20260407,SI2702,9000.0,24.0,78.0,0.05999999999999872
20260407,SI2703,9045.0,22.0,30.0,0.0
20260408,SI2604,8210.0,136.0,63.0,0.10231425091351998
20260408,SI2605,8280.0,151056.0,192580.0,0.06521739130434678
20260408,SI2606,8325.0,8896.0,54336.0,0.05765765765765796
20260408,SI2607,8365.0,3648.0,36256.0,0.06455469216975462
20260408,SI2608,8410.0,1043.0,13395.0,0.04280618311533768
20260408,SI2609,8440.0,49580.0,118749.0,-0.007109004739336733
20260408,SI2610,8435.0,45.0,494.0,0.05690574985180774
20260408,SI2611,8475.0,107.0,1857.0,0.5380530973451334
20260408,SI2612,8855.0,30.0,460.0,0.00038066476757243943
20260408,SI2701,8880.0,61.0,419.0,0.10135135135135265
20260408,SI2702,8955.0,4.0,81.0,0.0871021775544385
20260408,SI2703,9020.0,11.0,33.0,0.0
20260409,SI2604,8225.0,94.0,107.0,0.051063829787232784
20260409,SI2605,8260.0,109022.0,181315.0,0.07263922518159749
20260409,SI2606,8310.0,8996.0,57542.0,0.06498194945848468
20260409,SI2607,8355.0,4489.0,38312.0,0.06463195691202817
20260409,SI2608,8400.0,735.0,13709.0,0.021428571428571352
20260409,SI2609,8415.0,42911.0,124308.0,0.08556149732620266
20260409,SI2610,8475.0,26.0,488.0,0.05663716814159425
20260409,SI2611,8515.0,56.0,1874.0,0.4509688784497934
20260409,SI2612,8835.0,6.0,459.0,0.0012208847599244693
20260409,SI2701,8915.0,30.0,413.0,0.053841839596185714
20260409,SI2702,8955.0,2.0,82.0,0.09380234505862628
20260409,SI2703,9025.0,2.0,33.0,0.0
20260410,SI2604,8165.0,20.0,8.0,0.1249234537660735
20260410,SI2605,8250.0,195667.0,173408.0,0.06545454545454454
20260410,SI2606,8295.0,17938.0,61885.0,0.057866184448463365
20260410,SI2607,8335.0,7233.0,40546.0,0.07198560287942435
20260410,SI2608,8385.0,1600.0,14313.0,0.03577817531305971
20260410,SI2609,8410.0,88879.0,140311.0,0.0784780023781213
20260410,SI2610,8465.0,42.0,501.0,0.07088009450679245
20260410,SI2611,8515.0,150.0,1940.0,0.45801526717557195
20260410,SI2612,8840.0,39.0,466.0,0.00030504855356144076
20260410,SI2701,8860.0,53.0,415.0,0.10835214446952701
20260410,SI2702,8940.0,1.0,82.0,0.06711409395973256
20260410,SI2703,8990.0,23.0,45.0,0.0
20260413,SI2604,8360.0,23.0,4.0,0.07894736842105221
20260413,SI2605,8415.0,325984.0,146342.0,0.071301247771836
20260413,SI2606,8465.0,37675.0,65985.0,0.05670407560543289
20260413,SI2607,8505.0,19425.0,36266.0,0.06349206349206415
20260413,SI2608,8550.0,3260.0,15293.0,0.0
20260413,SI2609,8550.0,161536.0,148742.0,0.07017543859649056
20260413,SI2610,8600.0,187.0,487.0,0.07674418604651123
20260413,SI2611,8655.0,238.0,1967.0,0.4159445407279021
20260413,SI2612,8955.0,37.0,465.0,0.0
20260413,SI2701,8955.0,80.0,416.0,0.020100502512563345
20260413,SI2702,8970.0,14.0,80.0,0.07357859531772526
20260413,SI2703,9025.0,31.0,43.0,0.0
20260414,SI2604,8255.0,24.0,0.0,0.09448818897637778
20260414,SI2605,8320.0,185849.0,133877.0,0.05769230769230749
20260414,SI2606,8360.0,22527.0,66843.0,0.0574162679425827
20260414,SI2607,8400.0,8637.0,34752.0,0.042857142857142705
20260414,SI2608,8430.0,1569.0,15896.0,0.028469750889679624
20260414,SI2609,8450.0,118557.0,159043.0,0.06390532544378758
20260414,SI2610,8495.0,118.0,458.0,0.05650382577987134
20260414,SI2611,8535.0,125.0,2017.0,0.4217926186291736
20260414,SI2612,8835.0,32.0,466.0,7.630529749526437e-05
20260414,SI2701,8840.0,30.0,416.0,0.05429864253393646
20260414,SI2702,8880.0,10.0,79.0,0.108108108108107
20260414,SI2703,8960.0,8.0,45.0,0.0
20260415,SI2604,8365.0,6.0,0.0,0.07890017931858928
20260415,SI2605,8420.0,137012.0,111224.0,0.021377672209025533
20260415,SI2606,8435.0,16496.0,67058.0,0.04979253112033177
20260415,SI2607,8470.0,7737.0,33869.0,0.01416765053128799
20260415,SI2608,8480.0,898.0,16092.0,0.0424528301886804
20260415,SI2609,8510.0,92447.0,163764.0,0.035252643948295415
20260415,SI2610,8535.0,24.0,448.0,0.09138840070298837
20260415,SI2611,8600.0,93.0,2031.0,0.46744186046511604
20260415,SI2612,8935.0,29.0,459.0,-7.545129304653315e-05
20260415,SI2701,8930.0,38.0,421.0,0.006718924972004103
20260415,SI2702,8935.0,4.0,79.0,0.06043648573027305
20260415,SI2703,8980.0,7.0,47.0,0.0
20260416,SI2605,8480.0,97923.0,90237.0,0.007075471698112956
20260416,SI2606,8485.0,15182.0,64157.0,0.04949911608721358
20260416,SI2607,8520.0,5526.0,33224.0,0.028169014084506117
20260416,SI2608,8540.0,1559.0,15458.0,0.04918032786885185
20260416,SI2609,8575.0,86405.0,166852.0,0.0
20260416,SI2610,8575.0,54.0,465.0,0.07696793002915392
20260416,SI2611,8630.0,134.0,2037.0,0.4936268829663959
20260416,SI2612,8985.0,37.0,452.0,-0.000675282774661887
20260416,SI2701,8940.0,126.0,424.0,0.08724832214765232
20260416,SI2702,9005.0,8.0,77.0,0.053303720155469136
20260416,SI2703,9045.0,19.0,53.0,-0.07960199004975088
20260416,SI2704,8985.0,0.0,0.0,0.0
20260417,SI2605,8550.0,75959.0,75120.0,0.0070175438596482564
20260417,SI2606,8555.0,14734.0,59977.0,0.028053769725306488
20260417,SI2607,8575.0,4218.0,32767.0,0.04897959183673528
20260417,SI2608,8610.0,1226.0,15819.0,0.027874564459930085
20260417,SI2609,8630.0,95594.0,180971.0,0.0
20260417,SI2610,8630.0,131.0,480.0,0.08342989571263093
20260417,SI2611,8690.0,127.0,2006.0,0.45569620253164533
20260417,SI2612,9020.0,4.0,452.0,-0.00037370138767782397
20260417,SI2701,8995.0,44.0,437.0,-0.026681489716509077
20260417,SI2702,8975.0,1.0,78.0,0.10696378830083564
20260417,SI2703,9055.0,9.0,53.0,-0.08614025400331249
20260417,SI2704,8990.0,0.0,0.0,0.0
20260420,SI2605,8580.0,69776.0,52702.0,0.020979020979019936
20260420,SI2606,8595.0,18271.0,61093.0,0.0418848167539263
20260420,SI2607,8625.0,6725.0,33913.0,0.03478260869565286
20260420,SI2608,8650.0,2394.0,16649.0,0.05549132947976876
20260420,SI2609,8690.0,244834.0,216765.0,0.027617951668583274
20260420,SI2610,8710.0,223.0,541.0,0.048220436280138834
20260420,SI2611,8745.0,359.0,1964.0,0.48027444253859386
20260420,SI2612,9095.0,127.0,469.0,0.0007412394759436923
20260420,SI2701,9145.0,100.0,483.0,-0.032804811372334264
20260420,SI2702,9120.0,10.0,80.0,-0.01973684210526372
20260420,SI2703,9105.0,36.0,65.0,0.019769357495881046
20260420,SI2704,9120.0,5.0,3.0,0.0
20260421,SI2605,8550.0,39932.0,40644.0,0.02807017543859569
20260421,SI2606,8570.0,11547.0,61786.0,0.04900816802800456
20260421,SI2607,8605.0,2674.0,34140.0,0.041836141778036406
20260421,SI2608,8635.0,1360.0,17231.0,0.027793862188765672
20260421,SI2609,8655.0,170627.0,219024.0,0.04852686308492249
20260421,SI2610,8690.0,164.0,461.0,0.034522439585730424
20260421,SI2611,8715.0,209.0,2029.0,0.5094664371772808
20260421,SI2612,9085.0,25.0,474.0,0.0009646719806076301
20260421,SI2701,9150.0,124.0,503.0,-0.09180327868852522
20260421,SI2702,9080.0,21.0,77.0,0.11233480176211508
20260421,SI2703,9165.0,17.0,62.0,0.0
20260421,SI2704,9165.0,32.0,22.0,0.0
20260422,SI2605,8545.0,24773.0,34619.0,0.049151550614395134
20260422,SI2606,8580.0,14391.0,65690.0,0.041958041958042536
20260422,SI2607,8610.0,6630.0,35263.0,0.04181184668989513
20260422,SI2608,8640.0,1157.0,17338.0,0.04861111111110983
20260422,SI2609,8675.0,141386.0,223998.0,0.013832853025936842
20260422,SI2610,8685.0,31.0,451.0,0.05526770293609662
20260422,SI2611,8725.0,321.0,2085.0,0.5020057306590253
20260422,SI2612,9090.0,23.0,474.0,0.00022249415952832257
20260422,SI2701,9105.0,62.0,532.0,0.03294892915980352
20260422,SI2702,9130.0,20.0,64.0,0.0394304490690045
20260422,SI2703,9160.0,22.0,60.0,-0.0065502183406112024
20260422,SI2704,9155.0,6.0,22.0,0.0
20260423,SI2605,8510.0,25481.0,29317.0,0.049353701527614646
20260423,SI2606,8545.0,15722.0,67013.0,0.049151550614395134
20260423,SI2607,8580.0,4806.0,35682.0,0.041958041958042536
20260423,SI2608,8610.0,1509.0,17327.0,0.06271777003484402
20260423,SI2609,8655.0,221018.0,229523.0,0.09012131715771243
20260423,SI2610,8720.0,210.0,473.0,-0.013761467889907841
20260423,SI2611,8710.0,604.0,2256.0,0.47531572904707176
20260423,SI2612,9055.0,47.0,470.0,0.0013401249542434233
20260423,SI2701,9145.0,139.0,556.0,-0.013121924548934238
20260423,SI2702,9135.0,27.0,62.0,-0.02627257799671634
20260423,SI2703,9115.0,16.0,58.0,0.046077893582008755
20260423,SI2704,9150.0,30.0,26.0,0.0
20260424,SI2605,8470.0,32643.0,23800.0,0.06375442739079062
20260424,SI2606,8515.0,24812.0,68886.0,0.049324721080447276
20260424,SI2607,8550.0,8660.0,36212.0,0.03508771929824661
20260424,SI2608,8575.0,1943.0,17438.0,0.05597667638483994
20260424,SI2609,8615.0,310928.0,227920.0,0.03482298316889221
20260424,SI2610,8640.0,230.0,541.0,0.006944444444444642
20260424,SI2611,8645.0,677.0,2300.0,0.47888953152110947
20260424,SI2612,8990.0,44.0,475.0,0.0005249278224244172
20260424,SI2701,9025.0,89.0,589.0,0.05983379501385144
20260424,SI2702,9070.0,5.0,63.0,0.052921719955898006
20260424,SI2703,9110.0,22.0,68.0,0.06586169045005441
20260424,SI2704,9160.0,5.0,29.0,0.0
20260427,SI2605,8470.0,16734.0,18462.0,0.05667060212514663
20260427,SI2606,8510.0,12302.0,71264.0,0.049353701527614646
20260427,SI2607,8545.0,3704.0,36946.0,0.049151550614395134
20260427,SI2608,8580.0,862.0,17423.0,0.07692307692307665
20260427,SI2609,8635.0,129793.0,233156.0,0.06253618992472543
20260427,SI2610,8680.0,122.0,519.0,0.041474654377879006
20260427,SI2611,8710.0,217.0,2334.0,0.47531572904707176
20260427,SI2612,9055.0,21.0,473.0,0.00029780554538741746
20260427,SI2701,9075.0,50.0,578.0,0.01322314049586737
20260427,SI2702,9085.0,0.0,63.0,0.05283434232251061
20260427,SI2703,9125.0,11.0,68.0,0.03945205479451985
20260427,SI2704,9155.0,3.0,31.0,0.0
20260428,SI2605,8510.0,11969.0,14009.0,0.0705052878965935
20260428,SI2606,8560.0,17551.0,71368.0,0.049065420560748585
20260428,SI2607,8595.0,4273.0,37623.0,0.0558464223385684
20260428,SI2608,8635.0,3691.0,19443.0,0.06253618992472543
20260428,SI2609,8680.0,201561.0,238214.0,0.006912442396313168
20260428,SI2610,8685.0,94.0,508.0,0.04835924006908421
20260428,SI2611,8720.0,461.0,2362.0,0.4678899082568799
20260428,SI2612,9060.0,18.0,472.0,0.00029764119354118765
20260428,SI2701,9080.0,54.0,592.0,0.05286343612334843
20260428,SI2702,9120.0,5.0,62.0,0.05263157894736725
20260428,SI2703,9160.0,3.0,69.0,-0.013100436681222405
20260428,SI2704,9150.0,5.0,34.0,0.0
20260429,SI2605,8590.0,13786.0,7890.0,0.09080325960418989
20260429,SI2606,8655.0,63543.0,70007.0,0.055459272097055035
20260429,SI2607,8695.0,12201.0,40128.0,0.05520414031052301
20260429,SI2608,8735.0,10775.0,21298.0,0.054951345163137155
20260429,SI2609,8775.0,553650.0,289197.0,0.054700854700855395
20260429,SI2610,8815.0,258.0,379.0,0.013613159387407592
20260429,SI2611,8825.0,1113.0,2475.0,0.39433427762039663
20260429,SI2612,9115.0,309.0,476.0,0.0008135743650113648
20260429,SI2701,9170.0,338.0,670.0,-0.0654307524536537
20260429,SI2702,9120.0,93.0,86.0,0.03947368421052744
20260429,SI2703,9150.0,110.0,104.0,0.06557377049180335
20260429,SI2704,9200.0,33.0,36.0,0.0
20260430,SI2605,8590.0,7599.0,4795.0,0.0838183934807919
20260430,SI2606,8650.0,46889.0,53997.0,0.05549132947976876
20260430,SI2607,8690.0,10244.0,41632.0,0.04833141542002206
20260430,SI2608,8725.0,3812.0,22151.0,0.09627507163323656
20260430,SI2609,8795.0,239421.0,273493.0,0.034110289937464344
20260430,SI2610,8820.0,105.0,373.0,0.03401360544217713
20260430,SI2611,8845.0,326.0,2518.0,0.3798756359525166
20260430,SI2612,9125.0,19.0,476.0,0.00014776050484837898
20260430,SI2701,9135.0,95.0,664.0,-0.11165845648604211
20260430,SI2702,9050.0,3.0,86.0,0.11933701657458506
20260430,SI2703,9140.0,16.0,103.0,0.052516411378555006
20260430,SI2704,9180.0,9.0,40.0,0.0
20260506,SI2605,8730.0,921.0,1073.0,0.07560137457044647
20260506,SI2606,8785.0,44767.0,39687.0,0.03414911781445529
20260506,SI2607,8810.0,11392.0,46243.0,0.07491486946651449
20260506,SI2608,8865.0,8874.0,27318.0,0.08121827411167626
20260506,SI2609,8925.0,299890.0,311663.0,0.053781512605041826
20260506,SI2610,8965.0,195.0,407.0,0.020078081427774563
20260506,SI2611,8980.0,1089.0,2863.0,0.3207126948775052
20260506,SI2612,9220.0,604.0,948.0,0.0002924760535231126
20260506,SI2701,9240.0,441.0,845.0,-0.03896103896103931
20260506,SI2702,9210.0,74.0,125.0,-0.013029315960912058
20260506,SI2703,9200.0,78.0,156.0,-0.013043478260870156
20260506,SI2704,9190.0,58.0,94.0,0.0
20260507,SI2605,8960.0,106.0,564.0,-0.026785714285714857
20260507,SI2606,8940.0,56775.0,31769.0,0.06711409395973256
20260507,SI2607,8990.0,23790.0,53123.0,0.06674082313681762
20260507,SI2608,9040.0,18797.0,32738.0,0.05309734513274211
20260507,SI2609,9080.0,591326.0,366001.0,0.03303964757709377
20260507,SI2610,9105.0,279.0,407.0,0.04612850082372333
20260507,SI2611,9140.0,1764.0,2881.0,0.31509846827133536
20260507,SI2612,9380.0,1204.0,1578.0,0.00021561534222944934
20260507,SI2701,9395.0,898.0,1082.0,-0.18520489622139458
20260507,SI2702,9250.0,292.0,317.0,0.01297297297297284
20260507,SI2703,9260.0,235.0,242.0,-0.006479481641469054
20260507,SI2704,9255.0,179.0,230.0,0.0
20260508,SI2605,8920.0,470.0,820.0,-0.06726457399103092
20260508,SI2606,8870.0,32727.0,27716.0,0.08117249154453088
20260508,SI2607,8930.0,19889.0,57862.0,0.060470324748039594
20260508,SI2608,8975.0,10553.0,33665.0,0.06016713091922021
20260508,SI2609,9020.0,489558.0,370385.0,0.033259423503325
20260508,SI2610,9045.0,238.0,369.0,0.05970149253731449
20260508,SI2611,9090.0,2250.0,3444.0,0.37623762376237746
20260508,SI2612,9375.0,456.0,1731.0,-0.0002876404494382005
20260508,SI2701,9355.0,445.0,1117.0,-0.11544628540887292
20260508,SI2702,9265.0,86.0,321.0,-0.09713977334052837
20260508,SI2703,9190.0,70.0,241.0,0.0652883569096856
20260508,SI2704,9240.0,48.0,231.0,0.0
