date,symbol,close,volume,open_interest,roll_yield
20250526,RU2506,14355.0,1341.0,859.0,0.012532638214875
20250526,RU2507,14370.0,910.0,1306.0,0.0583132004849597
20250526,RU2508,14440.0,154.0,1189.0,-0.0332871225927024
20250526,RU2509,14400.0,441554.0,174632.0,0.004165943454443
20250526,RU2510,14405.0,110.0,303.0,-0.0375456589969645
20250526,RU2511,14360.0,1509.0,5582.0,0.3252828995648851
20250526,RU2601,15160.0,28171.0,33882.0,0.0039564788772922
20250526,RU2603,15170.0,14.0,47.0,0.0473684825595547
20250526,RU2604,15230.0,4.0,7.0,0.0432574612287287
20250526,RU2605,15285.0,108.0,266.0,0.0
20250527,RU2506,14445.0,738.0,518.0,0.0
20250527,RU2507,14445.0,585.0,1318.0,0.0290406364724606
20250527,RU2508,14480.0,47.0,1179.0,0.0124245049925808
20250527,RU2509,14495.0,305548.0,169229.0,0.0082758623969816
20250527,RU2510,14505.0,100.0,317.0,-0.0455880361791136
20250527,RU2511,14450.0,2394.0,5951.0,0.3331385429953076
20250527,RU2601,15275.0,26537.0,35895.0,-0.0039292732249071
20250527,RU2603,15265.0,5.0,47.0,-0.0157325489594768
20250527,RU2604,15245.0,0.0,7.0,0.0784572915777779
20250527,RU2605,15345.0,34.0,262.0,0.0
20250528,RU2506,13700.0,347.0,472.0,0.0655142664587876
20250528,RU2507,13775.0,1421.0,1173.0,0.0434783084330439
20250528,RU2508,13825.0,766.0,1492.0,-0.0173724243153695
20250528,RU2509,13805.0,627657.0,191713.0,0.013031675488873
20250528,RU2510,13820.0,177.0,310.0,-0.0434940671875243
20250528,RU2511,13770.0,2365.0,6184.0,0.3429504830396917
20250528,RU2601,14580.0,49606.0,38572.0,0.0082248128026717
20250528,RU2603,14600.0,36.0,42.0,-0.0041102928985522
20250528,RU2604,14595.0,29.0,10.0,0.008219178403514
20250528,RU2605,14605.0,536.0,451.0,0.0
20250529,RU2506,13770.0,176.0,369.0,0.078176172254324
20250529,RU2507,13860.0,695.0,1147.0,0.0561455046190858
20250529,RU2508,13925.0,21.0,1493.0,-0.0388419688162715
20250529,RU2509,13880.0,439838.0,181089.0,0.0560647920095266
20250529,RU2510,13945.0,55.0,312.0,-0.0733683278123418
20250529,RU2511,13860.0,1296.0,6078.0,0.3571232451095333
20250529,RU2601,14710.0,36243.0,39145.0,0.0081521751671562
20250529,RU2603,14730.0,46.0,49.0,0.0081438754398202
20250529,RU2604,14740.0,34.0,32.0,-0.0122178866824813
20250529,RU2605,14725.0,199.0,485.0,0.0
20250530,RU2506,13360.0,163.0,320.0,0.0313960186568683
20250530,RU2507,13395.0,1263.0,1177.0,0.0536313741875645
20250530,RU2508,13455.0,186.0,1508.0,-0.0446761498913575
20250530,RU2509,13405.0,568468.0,184427.0,0.0312907608849692
20250530,RU2510,13440.0,85.0,324.0,-0.0671518260494533
20250530,RU2511,13365.0,3011.0,6225.0,0.3636156900979966
20250530,RU2601,14200.0,47672.0,38816.0,0.0084447586072786
20250530,RU2603,14220.0,40.0,72.0,0.0673213546892013
20250530,RU2604,14300.0,64.0,72.0,-0.03361346735654
20250530,RU2605,14260.0,357.0,537.0,0.0
20250603,RU2506,13330.0,9.0,314.0,0.0896865161343461
20250603,RU2507,13430.0,1269.0,1131.0,0.0445931393881782
20250603,RU2508,13480.0,40.0,1502.0,-0.0267359932357549
20250603,RU2509,13450.0,381690.0,183288.0,0.0178306124930946
20250603,RU2510,13470.0,42.0,328.0,-0.0446263065448426
20250603,RU2511,13420.0,2464.0,6153.0,0.3642737006556843
20250603,RU2601,14260.0,33585.0,39504.0,-0.0105281655368938
20250603,RU2603,14235.0,29.0,73.0,-0.016871707524453
20250603,RU2604,14215.0,9.0,73.0,0.0589474869572787
20250603,RU2605,14285.0,178.0,563.0,0.0
20250604,RU2506,13585.0,5.0,313.0,0.0528829353838878
20250604,RU2507,13645.0,929.0,1078.0,0.0131843997881073
20250604,RU2508,13660.0,51.0,1499.0,-0.0043931906037078
20250604,RU2509,13655.0,529078.0,177460.0,0.008784773452356
20250604,RU2510,13665.0,23.0,318.0,-0.0175759826367544
20250604,RU2511,13645.0,2359.0,6081.0,0.3605136130337357
20250604,RU2601,14490.0,43151.0,40390.0,-0.0373832985038165
20250604,RU2603,14400.0,8.0,74.0,0.0374415280349241
20250604,RU2604,14445.0,5.0,72.0,0.0580111627007354
20250604,RU2605,14515.0,188.0,619.0,0.0
20250605,RU2506,13500.0,43.0,301.0,0.0310708514625701
20250605,RU2507,13535.0,909.0,1021.0,-0.0133062294173571
20250605,RU2508,13520.0,32.0,1494.0,0.0221688590668857
20250605,RU2509,13545.0,393799.0,177633.0,0.0265486833952877
20250605,RU2510,13575.0,57.0,318.0,-0.0221198219314706
20250605,RU2511,13550.0,2654.0,6157.0,0.3754575904107196
20250605,RU2601,14425.0,36112.0,41100.0,-0.018746760607576
20250605,RU2603,14380.0,18.0,61.0,-0.0334262054571157
20250605,RU2604,14340.0,28.0,59.0,0.1000005787097308
20250605,RU2605,14460.0,113.0,634.0,0.0
20250606,RU2506,13555.0,33.0,286.0,0.0706144001630754
20250606,RU2507,13635.0,1382.0,964.0,0.0351519841259167
20250606,RU2508,13675.0,94.0,1517.0,-0.0219579201249133
20250606,RU2509,13650.0,421243.0,172126.0,0.0219579201249138
20250606,RU2510,13675.0,63.0,305.0,-0.0263543297729168
20250606,RU2511,13645.0,2490.0,6235.0,0.381181907670429
20250606,RU2601,14540.0,37222.0,41854.0,-0.0020636285672043
20250606,RU2603,14535.0,80.0,107.0,-0.0123902953702711
20250606,RU2604,14520.0,52.0,83.0,0.0288908136112373
20250606,RU2605,14555.0,149.0,642.0,0.0
20250609,RU2506,13520.0,30.0,276.0,0.1499468242264749
20250609,RU2507,13690.0,532.0,975.0,0.0175182512863854
20250609,RU2508,13710.0,14.0,1518.0,0.0131219258564554
20250609,RU2509,13725.0,352642.0,168422.0,-0.0833489002458374
20250609,RU2510,13630.0,98.0,304.0,0.0746025441735048
20250609,RU2511,13715.0,2033.0,6291.0,0.3731332794990686
20250609,RU2601,14595.0,31332.0,41866.0,0.0061633287391805
20250609,RU2603,14610.0,54.0,80.0,-0.0082163645798082
20250609,RU2604,14600.0,47.0,64.0,0.0082163645798086
20250609,RU2605,14610.0,139.0,638.0,0.0
20250610,RU2506,13760.0,7.0,276.0,0.0261343116001534
20250610,RU2507,13790.0,898.0,966.0,0.0173913073918825
20250610,RU2508,13810.0,21.0,1514.0,-0.0043454644689959
20250610,RU2509,13805.0,376733.0,168567.0,0.013031675488873
20250610,RU2510,13820.0,129.0,302.0,-0.0173787141163785
20250610,RU2511,13800.0,2361.0,6249.0,0.3749903881357622
20250610,RU2601,14690.0,33549.0,41294.0,0.0
20250610,RU2603,14690.0,61.0,67.0,0.0204046979958012
20250610,RU2604,14715.0,18.0,63.0,0.0162988140506631
20250610,RU2605,14735.0,96.0,644.0,0.0
20250611,RU2506,13860.0,3.0,278.0,0.0043282236718099
20250611,RU2507,13865.0,585.0,963.0,0.0302539328268565
20250611,RU2508,13900.0,21.0,1513.0,-0.0086362004447235
20250611,RU2509,13890.0,293414.0,166116.0,0.0258899776802531
20250611,RU2510,13920.0,40.0,301.0,-0.0215711005416785
20250611,RU2511,13895.0,2159.0,6189.0,0.3501430036804309
20250611,RU2601,14730.0,29655.0,41381.0,0.0040719377199101
20250611,RU2603,14740.0,14.0,64.0,0.0243985173851738
20250611,RU2604,14770.0,1.0,63.0,0.0
20250611,RU2605,14770.0,206.0,719.0,0.0
20250612,RU2506,13745.0,0.0,278.0,-0.1626100692595148
20250612,RU2507,13560.0,949.0,961.0,0.0397570766755223
20250612,RU2508,13605.0,27.0,1507.0,-0.017653552282782
20250612,RU2509,13585.0,376608.0,172383.0,0.0
20250612,RU2510,13585.0,135.0,306.0,-0.0132572283783992
20250612,RU2511,13570.0,3871.0,6681.0,0.3749211604285248
20250612,RU2601,14445.0,40461.0,40927.0,0.0124481372451617
20250612,RU2603,14475.0,47.0,53.0,0.0082872931470577
20250612,RU2604,14485.0,51.0,40.0,0.0082815738276618
20250612,RU2605,14495.0,195.0,689.0,0.0
20250613,RU2506,13800.0,1.0,278.0,0.0260586421620951
20250613,RU2507,13830.0,1086.0,893.0,0.0303304006928945
20250613,RU2508,13865.0,678.0,1247.0,0.0086517667770825
20250613,RU2509,13875.0,505544.0,165596.0,0.0259179366411592
20250613,RU2510,13905.0,231.0,297.0,-0.0129519710361095
20250613,RU2511,13890.0,2944.0,6554.0,0.3441502670825623
20250613,RU2601,14710.0,48753.0,40647.0,0.0101884894578714
20250613,RU2603,14735.0,8.0,52.0,0.0203424357920203
20250613,RU2604,14760.0,26.0,29.0,0.0040643522827145
20250613,RU2605,14765.0,232.0,710.0,0.0
20250616,RU2506,13850.0,2.0,278.0,0.0173160203207128
20250616,RU2507,13870.0,1029.0,795.0,0.0345572593033358
20250616,RU2508,13910.0,244.0,1129.0,0.0
20250616,RU2509,13910.0,405243.0,159609.0,0.0258527927643146
20250616,RU2510,13940.0,83.0,302.0,-0.008611410487962
20250616,RU2511,13930.0,1836.0,6406.0,0.347256188283672
20250616,RU2601,14760.0,42184.0,40543.0,-0.0469310333557774
20250616,RU2603,14645.0,12.0,56.0,0.0081911265979082
20250616,RU2604,14655.0,10.0,31.0,0.1384004486512011
20250616,RU2605,14825.0,122.0,706.0,0.0
20250617,RU2507,13855.0,514.0,706.0,-0.0129987375050191
20250617,RU2508,13840.0,58.0,1128.0,0.0259834096466011
20250617,RU2509,13870.0,272689.0,156533.0,0.0086486490230179
20250617,RU2510,13880.0,108.0,304.0,-0.0216333211646005
20250617,RU2511,13855.0,1813.0,6304.0,0.3613272202229655
20250617,RU2601,14715.0,29027.0,39929.0,-0.0061193274044731
20250617,RU2603,14700.0,3.0,55.0,0.0488799046516304
20250617,RU2604,14760.0,2.0,31.0,0.0081273284515436
20250617,RU2605,14770.0,146.0,728.0,-0.0081273284515442
20250617,RU2606,14760.0,4.0,2.0,0.0
20250618,RU2507,13970.0,765.0,746.0,0.0042941492675098
20250618,RU2508,13975.0,649.0,995.0,0.0300160956930327
20250618,RU2509,14010.0,348272.0,156240.0,0.0213941935791614
20250618,RU2510,14035.0,86.0,315.0,-0.0299625623830458
20250618,RU2511,14000.0,2531.0,6138.0,0.36173058514083
20250618,RU2601,14870.0,31716.0,40575.0,-0.0060555093449563
20250618,RU2603,14855.0,0.0,55.0,0.0161453102054685
20250618,RU2604,14875.0,7.0,27.0,0.0120947431706888
20250618,RU2605,14890.0,420.0,914.0,-0.0808628396785098
20250618,RU2606,14790.0,0.0,2.0,0.0
20250619,RU2507,14005.0,424.0,740.0,-0.0558240405563285
20250619,RU2508,13940.0,90.0,992.0,0.0772258653838997
20250619,RU2509,14030.0,292773.0,153314.0,-0.0085561500951066
20250619,RU2510,14020.0,90.0,314.0,0.0
20250619,RU2511,14020.0,1681.0,6158.0,0.3551824189514967
20250619,RU2601,14875.0,25666.0,40807.0,-0.0080726551027346
20250619,RU2603,14855.0,0.0,55.0,0.0121110186899125
20250619,RU2604,14870.0,0.0,27.0,0.0201579083181828
20250619,RU2605,14895.0,123.0,922.0,0.0080536915774701
20250619,RU2606,14905.0,2.0,2.0,0.0
20250620,RU2507,13875.0,758.0,737.0,-0.0259740361148761
20250620,RU2508,13845.0,99.0,991.0,0.0475762021646506
20250620,RU2509,13900.0,389546.0,155355.0,0.017253777235529
20250620,RU2510,13920.0,81.0,298.0,-0.0215711005416785
20250620,RU2511,13895.0,2177.0,6132.0,0.3521793179711454
20250620,RU2601,14735.0,35405.0,41204.0,0.038559239761096
20250620,RU2603,14830.0,3.0,53.0,-0.0242997045572566
20250620,RU2604,14800.0,0.0,27.0,-0.0406091758108868
20250620,RU2605,14750.0,96.0,913.0,0.157604555400867
20250620,RU2606,14945.0,0.0,2.0,0.0
20250623,RU2507,13900.0,852.0,730.0,0.0
20250623,RU2508,13900.0,175.0,982.0,0.0430880175687424
20250623,RU2509,13950.0,425943.0,156387.0,0.0128962935571843
20250623,RU2510,13965.0,90.0,308.0,-0.0042972247549643
20250623,RU2511,13960.0,1850.0,6143.0,0.3465310763308923
20250623,RU2601,14790.0,42904.0,41791.0,-0.0386638611109667
20250623,RU2603,14695.0,6.0,50.0,0.1137834464628534
20250623,RU2604,14835.0,2.0,26.0,-0.0121396064981311
20250623,RU2605,14820.0,101.0,909.0,0.1007901104155248
20250623,RU2606,14945.0,0.0,2.0,0.0
20250624,RU2507,13725.0,2409.0,1269.0,-0.0613587896391119
20250624,RU2508,13655.0,442.0,732.0,0.008784773452356
20250624,RU2509,13665.0,434966.0,165045.0,0.0438276601144232
20250624,RU2510,13715.0,222.0,311.0,-0.0087527356178092
20250624,RU2511,13705.0,2036.0,6276.0,0.3527928255365406
20250624,RU2601,14535.0,47245.0,43066.0,0.0206044158530726
20250624,RU2603,14585.0,3.0,51.0,-0.0164665548994412
20250624,RU2604,14565.0,1.0,26.0,-0.0082417585657365
20250624,RU2605,14555.0,125.0,914.0,0.2931940892295046
20250624,RU2606,14915.0,0.0,2.0,0.0
20250625,RU2507,13720.0,1875.0,652.0,0.0174799739575699
20250625,RU2508,13740.0,175.0,696.0,0.0261723113563217
20250625,RU2509,13770.0,261733.0,156038.0,0.0087114341393871
20250625,RU2510,13780.0,41.0,305.0,0.013055305004843
20250625,RU2511,13795.0,1100.0,6284.0,0.3485054799142987
20250625,RU2601,14620.0,29854.0,43274.0,0.0122992868486629
20250625,RU2603,14650.0,3.0,51.0,-0.0287032427984045
20250625,RU2604,14615.0,0.0,26.0,0.0246069805978498
20250625,RU2605,14645.0,197.0,952.0,0.2192212522441816
20250625,RU2606,14915.0,0.0,2.0,0.0
20250626,RU2507,13970.0,282.0,632.0,0.0257418761566584
20250626,RU2508,14000.0,313.0,584.0,0.0342368277888777
20250626,RU2509,14040.0,367390.0,165921.0,0.0170818534182444
20250626,RU2510,14060.0,107.0,301.0,0.0
20250626,RU2511,14060.0,1388.0,6460.0,0.3421206485113245
20250626,RU2601,14885.0,34541.0,44448.0,0.006043310902043
20250626,RU2603,14900.0,25.0,49.0,-0.0080563950659499
20250626,RU2604,14890.0,0.0,26.0,0.0201308552495309
20250626,RU2605,14915.0,191.0,968.0,0.0
20250626,RU2606,14915.0,0.0,2.0,0.0
20250627,RU2507,13940.0,158.0,558.0,0.0772258653838997
20250627,RU2508,14030.0,112.0,545.0,0.0128227973020492
20250627,RU2509,14045.0,339351.0,160556.0,0.0170757766273589
20250627,RU2510,14065.0,91.0,304.0,-0.0170757766273576
20250627,RU2511,14045.0,2299.0,6310.0,0.3424757994951401
20250627,RU2601,14870.0,38913.0,45200.0,-0.0100959135380434
20250627,RU2603,14845.0,24.0,49.0,0.0564517170118647
20250627,RU2604,14915.0,1.0,27.0,0.0080428957434481
20250627,RU2605,14925.0,289.0,970.0,-0.0080428957434475
20250627,RU2606,14915.0,0.0,2.0,0.0
20250630,RU2507,13910.0,249.0,477.0,0.0602367704437519
20250630,RU2508,13980.0,151.0,556.0,0.0042910781791074
20250630,RU2509,13985.0,241709.0,155148.0,0.0085775557619246
20250630,RU2510,13995.0,170.0,357.0,0.0085714289358597
20250630,RU2511,14005.0,1926.0,6384.0,0.3474709741629758
20250630,RU2601,14840.0,29877.0,45525.0,0.0161507499942681
20250630,RU2603,14880.0,7.0,47.0,0.0080618074916623
20250630,RU2604,14890.0,3.0,27.0,0.0120825652094059
20250630,RU2605,14905.0,155.0,974.0,0.0080482900401245
20250630,RU2606,14915.0,0.0,2.0,0.0
20250701,RU2507,14025.0,38.0,457.0,0.0384410366104517
20250701,RU2508,14070.0,175.0,498.0,0.0213030412773389
20250701,RU2509,14095.0,275899.0,159610.0,-0.0042575838658438
20250701,RU2510,14090.0,62.0,367.0,0.0085136576824053
20250701,RU2511,14100.0,1824.0,6396.0,0.3592404062844859
20250701,RU2601,14970.0,27875.0,47065.0,-0.016053521282628
20250701,RU2603,14930.0,6.0,46.0,0.0361143894049692
20250701,RU2604,14975.0,0.0,27.0,0.0160160183935133
20250701,RU2605,14995.0,154.0,982.0,-0.0641927308111272
20250701,RU2606,14915.0,0.0,2.0,0.0
20250702,RU2507,14030.0,64.0,428.0,0.0384273589366146
20250702,RU2508,14075.0,89.0,507.0,0.0425532360810058
20250702,RU2509,14125.0,294565.0,156685.0,-0.0042485396089028
20250702,RU2510,14120.0,34.0,379.0,0.0042485396089037
20250702,RU2511,14125.0,2183.0,6616.0,0.3546205424167315
20250702,RU2601,14985.0,28537.0,47188.0,-0.0140304055915862
20250702,RU2603,14950.0,3.0,47.0,0.0360661483713229
20250702,RU2604,14995.0,2.0,26.0,0.0319680508742399
20250702,RU2605,15035.0,116.0,1005.0,-0.0439780602170276
20250702,RU2606,14980.0,1.0,3.0,0.0
20250703,RU2507,13895.0,52.0,409.0,0.0774751615134714
20250703,RU2508,13985.0,69.0,517.0,0.0257142955539426
20250703,RU2509,14015.0,278581.0,155114.0,0.0213865677709604
20250703,RU2510,14040.0,92.0,378.0,-0.0085500537995454
20250703,RU2511,14030.0,1982.0,6699.0,0.3529208117434574
20250703,RU2601,14880.0,33140.0,47225.0,-0.0181726539729642
20250703,RU2603,14835.0,7.0,45.0,0.0323123722668996
20250703,RU2604,14875.0,1.0,26.0,0.0603521808600235
20250703,RU2605,14950.0,284.0,1054.0,0.0
20250703,RU2606,14950.0,1.0,4.0,0.0
20250704,RU2507,13925.0,61.0,412.0,0.0473034119077968
20250704,RU2508,13980.0,78.0,520.0,0.0214400628768924
20250704,RU2509,14005.0,292869.0,152833.0,0.0342246221296229
20250704,RU2510,14045.0,31.0,371.0,-0.0171001097693631
20250704,RU2511,14025.0,2083.0,6676.0,0.3510258543798225
20250704,RU2601,14870.0,33524.0,47273.0,0.018129944967889
20250704,RU2603,14915.0,6.0,46.0,0.052182721468339
20250704,RU2604,14980.0,2.0,25.0,-0.0240561390285361
20250704,RU2605,14950.0,243.0,1063.0,0.0
20250704,RU2606,14950.0,0.0,4.0,0.0
20250707,RU2507,13855.0,51.0,377.0,0.0776981131741261
20250707,RU2508,13945.0,184.0,500.0,0.0214938262730174
20250707,RU2509,13970.0,302656.0,153660.0,0.0042941492675098
20250707,RU2510,13975.0,192.0,334.0,0.0171612471150489
20250707,RU2511,13995.0,2283.0,6702.0,0.3537779114898375
20250707,RU2601,14845.0,37325.0,48295.0,-0.0020212228589324
20250707,RU2603,14840.0,7.0,48.0,0.0524458726896049
20250707,RU2604,14905.0,4.0,25.0,-0.0161127919475413
20250707,RU2605,14885.0,273.0,1102.0,0.0522876644274675
20250707,RU2606,14950.0,0.0,4.0,0.0
20250708,RU2507,13880.0,171.0,340.0,0.0603666382645933
20250708,RU2508,13950.0,90.0,550.0,0.0300698206385811
20250708,RU2509,13985.0,251466.0,152867.0,0.0214324043399115
20250708,RU2510,14010.0,100.0,348.0,-0.004283419642125
20250708,RU2511,14005.0,1978.0,6667.0,0.3555517834652477
20250708,RU2601,14860.0,37262.0,48637.0,0.0100857310687589
20250708,RU2603,14885.0,21.0,53.0,-0.0322906350241989
20250708,RU2604,14845.0,1.0,25.0,0.0604738387186988
20250708,RU2605,14920.0,238.0,1165.0,0.024104460732967
20250708,RU2606,14950.0,0.0,4.0,0.0
20250709,RU2507,13905.0,16.0,336.0,0.0731316118975386
20250709,RU2508,13990.0,103.0,506.0,0.0470840625458063
20250709,RU2509,14045.0,256518.0,152032.0,-0.0042727435025026
20250709,RU2510,14040.0,46.0,357.0,0.0128136691299616
20250709,RU2511,14055.0,2383.0,6722.0,0.358346342502717
20250709,RU2601,14920.0,36521.0,48458.0,-0.0120764884781827
20250709,RU2603,14890.0,126.0,152.0,-0.0242016888756544
20250709,RU2604,14860.0,1.0,25.0,0.0925092565427985
20250709,RU2605,14975.0,176.0,1170.0,-0.0200501299778112
20250709,RU2606,14950.0,0.0,4.0,0.0
20250710,RU2507,14140.0,4.0,332.0,0.1769073808464411
20250710,RU2508,14350.0,189.0,571.0,0.0459051159703407
20250710,RU2509,14405.0,389700.0,156134.0,-0.0041659434544423
20250710,RU2510,14400.0,183.0,427.0,0.0
20250710,RU2511,14400.0,4806.0,6529.0,0.3539357908542242
20250710,RU2601,15275.0,65792.0,51128.0,-0.0157325557199201
20250710,RU2603,15235.0,148.0,143.0,0.0353924556084257
20250710,RU2604,15280.0,31.0,23.0,0.0392029097441798
20250710,RU2605,15330.0,371.0,1265.0,0.0312703760013808
20250710,RU2606,15370.0,2.0,6.0,0.0
20250711,RU2507,14140.0,50.0,332.0,0.1517940127688755
20250711,RU2508,14320.0,95.0,526.0,0.0334728250509431
20250711,RU2509,14360.0,227508.0,151993.0,0.0208732006011983
20250711,RU2510,14385.0,127.0,438.0,-0.0166956548671002
20250711,RU2511,14365.0,2606.0,6453.0,0.346893960013721
20250711,RU2601,15220.0,45213.0,50847.0,-0.0197433544385933
20250711,RU2603,15170.0,11.0,143.0,0.0631165163157578
20250711,RU2604,15250.0,3.0,25.0,0.0078662736346847
20250711,RU2605,15260.0,242.0,1311.0,0.0431725731411309
20250711,RU2606,15315.0,1.0,5.0,0.0
20250714,RU2507,14510.0,7.0,329.0,-0.1665536799328429
20250714,RU2508,14310.0,106.0,504.0,0.0418556406206232
20250714,RU2509,14360.0,233715.0,148593.0,0.0125282767600333
20250714,RU2510,14375.0,67.0,420.0,0.0125152105903467
20250714,RU2511,14390.0,3538.0,6987.0,0.3463083572456505
20250714,RU2601,15245.0,52752.0,53444.0,-0.0118187825477025
20250714,RU2603,15215.0,15.0,146.0,0.0433000305792791
20250714,RU2604,15270.0,7.0,28.0,0.0509721400280861
20250714,RU2605,15335.0,407.0,1459.0,-0.015660687377715
20250714,RU2606,15315.0,0.0,5.0,0.0
20250715,RU2507,14300.0,28.0,301.0,0.0544218619846963
20250715,RU2508,14365.0,238.0,489.0,0.0250347795946353
20250715,RU2509,14395.0,303673.0,149740.0,-0.0083391247275349
20250715,RU2510,14385.0,124.0,418.0,0.0250000090422512
20250715,RU2511,14415.0,4027.0,6898.0,0.3437597705788543
20250715,RU2601,15265.0,60937.0,54936.0,-0.0157428755452827
20250715,RU2603,15225.0,9.0,146.0,0.0589681776291499
20250715,RU2604,15300.0,16.0,37.0,0.0547767498253763
20250715,RU2605,15370.0,736.0,1824.0,-0.0430178071891914
20250715,RU2606,15315.0,0.0,5.0,0.0
20250716,RU2508,14470.0,170.0,470.0,0.0248533053976358
20250716,RU2509,14500.0,234246.0,148650.0,-0.0041386446349189
20250716,RU2510,14495.0,84.0,414.0,0.0124116542697323
20250716,RU2511,14510.0,2400.0,6654.0,0.3415719649405774
20250716,RU2601,15360.0,41046.0,56073.0,-0.0450908836758478
20250716,RU2603,15245.0,4.0,145.0,0.0314444988309566
20250716,RU2604,15285.0,2.0,35.0,0.1366090537977375
20250716,RU2605,15460.0,464.0,1846.0,-0.1130796344944481
20250716,RU2606,15315.0,0.0,5.0,0.0
20250716,RU2607,15315.0,0.0,0.0,0.0
20250717,RU2508,14630.0,623.0,516.0,0.0286738487685778
20250717,RU2509,14665.0,333832.0,151500.0,-0.0040920716509075
20250717,RU2510,14660.0,168.0,472.0,-0.0122845941457032
20250717,RU2511,14645.0,4762.0,6725.0,0.3443159814525033
20250717,RU2601,15510.0,62023.0,57971.0,-0.0193736041750295
20250717,RU2603,15460.0,12.0,148.0,0.0812251288115481
20250717,RU2604,15565.0,8.0,31.0,-0.0077120825276543
20250717,RU2605,15555.0,728.0,1797.0,-0.011577424921188
20250717,RU2606,15540.0,2.0,6.0,0.0
20250717,RU2607,15540.0,3.0,3.0,0.0
20250718,RU2508,14775.0,895.0,517.0,0.0283927798505472
20250718,RU2509,14810.0,394837.0,145815.0,0.0
20250718,RU2510,14810.0,187.0,439.0,-0.0202736997032031
20250718,RU2511,14785.0,6027.0,6257.0,0.3219465657063051
20250718,RU2601,15600.0,67986.0,62271.0,-0.0211912244686452
20250718,RU2603,15545.0,23.0,150.0,0.0692753687890503
20250718,RU2604,15635.0,8.0,29.0,0.0230032019322058
20250718,RU2605,15665.0,1459.0,2150.0,-0.0114960890159139
20250718,RU2606,15650.0,4.0,5.0,-0.0191846563643639
20250718,RU2607,15625.0,3.0,5.0,0.0
20250721,RU2508,14870.0,265.0,588.0,0.0201579083181828
20250721,RU2509,14895.0,357765.0,143431.0,0.0080536915774701
20250721,RU2510,14905.0,79.0,445.0,-0.0080536915774695
20250721,RU2511,14895.0,6691.0,6615.0,0.300504626384468
20250721,RU2601,15660.0,72516.0,64331.0,-0.0019160147057283
20250721,RU2603,15655.0,28.0,148.0,0.0497211866722965
20250721,RU2604,15720.0,43.0,44.0,0.02287893924698
20250721,RU2605,15750.0,1398.0,2517.0,-0.0611077068445519
20250721,RU2606,15670.0,0.0,5.0,0.0763361352842109
20250721,RU2607,15770.0,5.0,4.0,0.0
20250722,RU2508,15010.0,659.0,685.0,0.0399069207165228
20250722,RU2509,15060.0,460158.0,139121.0,0.0039834025262044
20250722,RU2510,15065.0,212.0,446.0,0.0079628403718153
20250722,RU2511,15075.0,9489.0,7175.0,0.3026829922623687
20250722,RU2601,15855.0,94397.0,65614.0,-0.0094682045843391
20250722,RU2603,15830.0,54.0,150.0,0.0981446175449031
20250722,RU2604,15960.0,59.0,72.0,0.0150281797975904
20250722,RU2605,15980.0,1985.0,3037.0,-0.1055946474221857
20250722,RU2606,15840.0,3.0,7.0,-0.0265444886243843
20250722,RU2607,15805.0,0.0,4.0,0.0
20250723,RU2508,14935.0,402.0,735.0,0.0561123266910883
20250723,RU2509,15005.0,358701.0,129179.0,-0.0080000002962964
20250723,RU2510,14995.0,745.0,664.0,-0.0120100093427876
20250723,RU2511,14980.0,9197.0,7854.0,0.3026507827209874
20250723,RU2601,15755.0,76888.0,65738.0,0.0038071067267169
20250723,RU2603,15765.0,21.0,150.0,0.0531646439229485
20250723,RU2604,15835.0,11.0,74.0,0.0264942545725758
20250723,RU2605,15870.0,1952.0,3075.0,-0.0302839277447629
20250723,RU2606,15830.0,1.0,7.0,-0.0189663387040766
20250723,RU2607,15805.0,0.0,4.0,0.0
20250724,RU2508,15155.0,839.0,1080.0,0.0710528391654208
20250724,RU2509,15245.0,404145.0,129837.0,-0.0118129623977715
20250724,RU2510,15230.0,576.0,507.0,0.0196818151387507
20250724,RU2511,15255.0,10426.0,7657.0,0.3010697056184127
20250724,RU2601,16040.0,104727.0,68248.0,0.0056083506186528
20250724,RU2603,16055.0,28.0,152.0,0.1152960984732899
20250724,RU2604,16210.0,9.0,79.0,-0.0370713918556245
20250724,RU2605,16160.0,1637.0,3274.0,0.051867941202607
20250724,RU2606,16230.0,4.0,6.0,-0.2238870912545124
20250724,RU2607,15930.0,0.0,4.0,0.0
20250725,RU2508,15505.0,3685.0,2014.0,0.0617563280026575
20250725,RU2509,15585.0,481613.0,127104.0,-0.0385604444914764
20250725,RU2510,15535.0,667.0,430.0,-0.0077269803056187
20250725,RU2511,15525.0,13147.0,8210.0,0.3106576171423197
20250725,RU2601,16350.0,130161.0,69333.0,0.0201496144188147
20250725,RU2603,16405.0,91.0,181.0,0.0219244884374136
20250725,RU2604,16435.0,44.0,102.0,0.0291704792686593
20250725,RU2605,16475.0,3416.0,3863.0,-0.0072859747229194
20250725,RU2606,16465.0,2.0,6.0,0.0109273038359761
20250725,RU2607,16480.0,15.0,15.0,0.0
20250728,RU2508,15015.0,1957.0,779.0,0.0398936537636528
20250728,RU2509,15065.0,425885.0,119335.0,-0.0119541766485584
20250728,RU2510,15050.0,888.0,325.0,-0.0159574491600189
20250728,RU2511,15030.0,12928.0,8590.0,0.3168347362680056
20250728,RU2601,15845.0,128646.0,71792.0,0.0037854890845588
20250728,RU2603,15855.0,130.0,215.0,-0.0075709781691191
20250728,RU2604,15845.0,17.0,106.0,0.094295629008444
20250728,RU2605,15970.0,2772.0,4133.0,0.0711723640908095
20250728,RU2606,16065.0,3.0,5.0,-0.1201136084005726
20250728,RU2607,15905.0,10.0,12.0,0.0
20250729,RU2508,14940.0,407.0,548.0,0.0560935912883927
20250729,RU2509,15010.0,265805.0,108879.0,-0.0200033385209284
20250729,RU2510,14985.0,258.0,354.0,-0.0080106812053616
20250729,RU2511,14975.0,7403.0,8604.0,0.3198677415152133
20250729,RU2601,15795.0,94129.0,75595.0,0.0056953018039929
20250729,RU2603,15810.0,119.0,237.0,-0.0342042986922776
20250729,RU2604,15765.0,3.0,108.0,0.1249419710991973
20250729,RU2605,15930.0,1696.0,4452.0,-0.0452830726036738
20250729,RU2606,15870.0,3.0,5.0,0.0452830726036738
20250729,RU2607,15930.0,11.0,13.0,0.0
20250730,RU2508,14925.0,320.0,440.0,0.0160696374868251
20250730,RU2509,14945.0,259375.0,99495.0,-0.0241125332302721
20250730,RU2510,14915.0,245.0,395.0,-0.0322255984202199
20250730,RU2511,14875.0,8107.0,9188.0,0.3429504830396917
20250730,RU2601,15750.0,107235.0,79135.0,0.0038083149485454
20250730,RU2603,15760.0,46.0,227.0,0.0114158879705257
20250730,RU2604,15775.0,10.0,105.0,0.0644856933531011
20250730,RU2605,15860.0,2272.0,4634.0,0.0189006181773317
20250730,RU2606,15885.0,6.0,7.0,0.060282701343189
20250730,RU2607,15965.0,5.0,16.0,0.0
20250731,RU2508,14540.0,292.0,428.0,0.0164948479579987
20250731,RU2509,14560.0,216338.0,87142.0,-0.0082445898124606
20250731,RU2510,14550.0,241.0,418.0,-0.020636290554319
20250731,RU2511,14525.0,5930.0,9612.0,0.3431799680371385
20250731,RU2601,15380.0,110128.0,83800.0,0.0408230960860093
20250731,RU2603,15485.0,449.0,406.0,-0.0077519382540756
20250731,RU2604,15475.0,51.0,89.0,0.0193704642544944
20250731,RU2605,15500.0,2493.0,4677.0,0.0502173596204461
20250731,RU2606,15565.0,4.0,9.0,0.0038541834280259
20250731,RU2607,15570.0,8.0,15.0,0.0
20250801,RU2508,14280.0,35.0,426.0,0.0251836398830544
20250801,RU2509,14310.0,194166.0,84339.0,0.0125720283893242
20250801,RU2510,14325.0,597.0,547.0,-0.0293552479083266
20250801,RU2511,14290.0,6947.0,9804.0,0.3546023296346978
20250801,RU2601,15160.0,124481.0,89332.0,0.0296101933406807
20250801,RU2603,15235.0,564.0,694.0,0.0157428687715264
20250801,RU2604,15255.0,28.0,107.0,0.0157222426683131
20250801,RU2605,15275.0,2836.0,4989.0,0.01962388008877
20250801,RU2606,15300.0,1.0,9.0,0.0469667918536357
20250801,RU2607,15360.0,0.0,15.0,0.0
20250804,RU2508,14295.0,17.0,424.0,0.058618399883733
20250804,RU2509,14365.0,132028.0,77028.0,0.0208659416162815
20250804,RU2510,14390.0,627.0,697.0,0.0041688379783525
20250804,RU2511,14395.0,5240.0,9850.0,0.3560194859611186
20250804,RU2601,15275.0,113069.0,94387.0,0.0156914113624775
20250804,RU2603,15315.0,43.0,685.0,0.0039170883324809
20250804,RU2604,15320.0,14.0,120.0,0.0547054024601126
20250804,RU2605,15390.0,1406.0,5095.0,-0.0234146415751416
20250804,RU2606,15360.0,2.0,9.0,0.0312093804006892
20250804,RU2607,15400.0,1.0,15.0,0.0
20250805,RU2508,14465.0,33.0,423.0,0.0661842422287985
20250805,RU2509,14545.0,115710.0,69436.0,0.0082474230050585
20250805,RU2510,14555.0,646.0,596.0,0.012360516114323
20250805,RU2511,14570.0,4921.0,10098.0,0.3557485377129741
20250805,RU2601,15460.0,127762.0,98440.0,0.0309678106813532
20250805,RU2603,15540.0,338.0,735.0,0.0038603828545887
20250805,RU2604,15545.0,6.0,119.0,0.0
20250805,RU2605,15545.0,2054.0,5375.0,0.0539153666918977
20250805,RU2606,15615.0,1.0,10.0,-0.0192276919842811
20250805,RU2607,15590.0,0.0,15.0,0.0
20250806,RU2508,14460.0,0.0,423.0,0.0620798073626471
20250806,RU2509,14535.0,67353.0,60350.0,0.0247422768067053
20250806,RU2510,14565.0,248.0,562.0,-0.0041201717142961
20250806,RU2511,14560.0,5139.0,9947.0,0.3734360908270305
20250806,RU2601,15495.0,185234.0,105295.0,0.0193299136260332
20250806,RU2603,15545.0,435.0,485.0,0.0192833080222767
20250806,RU2604,15570.0,4.0,118.0,0.0423145173186987
20250806,RU2605,15625.0,3055.0,5794.0,0.030680745380277
20250806,RU2606,15665.0,6.0,13.0,-0.0114960890159139
20250806,RU2607,15650.0,4.0,17.0,0.0
20250807,RU2508,14510.0,72.0,376.0,0.0330351206568609
20250807,RU2509,14550.0,75022.0,53856.0,0.0370561282629185
20250807,RU2510,14595.0,411.0,594.0,0.0
20250807,RU2511,14595.0,8964.0,9946.0,0.3706357410807862
20250807,RU2601,15525.0,313294.0,110799.0,0.0250683315008567
20250807,RU2603,15590.0,676.0,763.0,-0.0038492382046163
20250807,RU2604,15585.0,159.0,128.0,0.0461095668185404
20250807,RU2605,15645.0,5074.0,6271.0,0.0114997613017391
20250807,RU2606,15660.0,1.0,12.0,-0.049912086034685
20250807,RU2607,15595.0,1.0,16.0,0.0
20250808,RU2508,14645.0,67.0,368.0,-0.0574949765176892
20250808,RU2509,14575.0,34738.0,50337.0,0.0246744432377794
20250808,RU2510,14605.0,99.0,592.0,0.0123182217831386
20250808,RU2511,14620.0,3797.0,9955.0,0.3700211058216645
20250808,RU2601,15550.0,231106.0,114297.0,0.0250281126587918
20250808,RU2603,15615.0,195.0,753.0,0.0038418441179758
20250808,RU2604,15620.0,11.0,134.0,0.0191907925116667
20250808,RU2605,15645.0,3987.0,6500.0,-0.0153501779805634
20250808,RU2606,15625.0,4.0,13.0,0.0268499392823024
20250808,RU2607,15660.0,3.0,17.0,0.0
20250811,RU2508,14650.0,5.0,369.0,0.0978931329625458
20250811,RU2509,14770.0,49272.0,44590.0,0.0
20250811,RU2510,14770.0,371.0,543.0,0.0202942717066151
20250811,RU2511,14795.0,5272.0,9888.0,0.3772109361423894
20250811,RU2601,15755.0,350535.0,124913.0,0.020909256072856
20250811,RU2603,15810.0,1266.0,731.0,-0.0075925342615141
20250811,RU2604,15800.0,76.0,103.0,0.0454833140853699
20250811,RU2605,15860.0,9172.0,7007.0,-0.0113546767658139
20250811,RU2606,15845.0,2.0,12.0,0.0905379962863359
20250811,RU2607,15965.0,12.0,23.0,0.0
20250812,RU2508,14730.0,1.0,369.0,0.085236279218954
20250812,RU2509,14835.0,31675.0,40528.0,0.0121273380710815
20250812,RU2510,14850.0,141.0,545.0,0.0201850341958185
20250812,RU2511,14875.0,3638.0,9756.0,0.3847095886500512
20250812,RU2601,15860.0,271400.0,125703.0,0.0132262689363846
20250812,RU2603,15895.0,647.0,440.0,0.0113189758431548
20250812,RU2604,15910.0,47.0,83.0,0.030131842573897
20250812,RU2605,15950.0,5412.0,7173.0,0.0225493332872996
20250812,RU2606,15980.0,3.0,12.0,0.0374883153999958
20250812,RU2607,16030.0,7.0,24.0,0.0
20250813,RU2508,14730.0,0.0,369.0,0.0487805549780351
20250813,RU2509,14790.0,26778.0,37802.0,0.0162162186839874
20250813,RU2510,14810.0,225.0,501.0,-0.0081053701156569
20250813,RU2511,14800.0,3435.0,9839.0,0.3922965555771103
20250813,RU2601,15800.0,276779.0,126193.0,0.0094861679839126
20250813,RU2603,15825.0,545.0,375.0,0.0265109781175443
20250813,RU2604,15860.0,19.0,77.0,0.0
20250813,RU2605,15860.0,7659.0,7235.0,0.0490798230183008
20250813,RU2606,15925.0,9.0,17.0,0.0413728665588182
20250813,RU2607,15980.0,8.0,26.0,0.0
20250814,RU2508,14850.0,1.0,368.0,-0.1750073412583127
20250814,RU2509,14635.0,29307.0,35920.0,0.0245733874267823
20250814,RU2510,14665.0,176.0,486.0,-0.0204743267549859
20250814,RU2511,14640.0,4342.0,9554.0,0.3945268942598346
20250814,RU2601,15635.0,340726.0,127556.0,0.009586197917115
20250814,RU2603,15660.0,258.0,376.0,0.0267899967751186
20250814,RU2604,15695.0,10.0,74.0,0.0038222647241468
20250814,RU2605,15700.0,7345.0,7466.0,0.1141054556283282
20250814,RU2606,15850.0,3.0,19.0,0.0
20250814,RU2607,15850.0,14.0,33.0,0.0
20250815,RU2508,14700.0,1.0,368.0,0.1177873731723893
20250815,RU2509,14845.0,27821.0,33674.0,0.0121191728866784
20250815,RU2510,14860.0,268.0,436.0,0.0201714621375178
20250815,RU2511,14885.0,5485.0,9376.0,0.3976771844002069
20250815,RU2601,15905.0,362630.0,134507.0,0.0056559312907772
20250815,RU2603,15920.0,346.0,364.0,-0.011311862581554
20250815,RU2604,15905.0,22.0,69.0,0.0602070877283691
20250815,RU2605,15985.0,8177.0,7613.0,0.0112552767357182
20250815,RU2606,16000.0,7.0,22.0,0.0262213308640441
20250815,RU2607,16035.0,7.0,30.0,0.0
20250818,RU2509,14785.0,18564.0,31401.0,0.016221698989368
20250818,RU2510,14805.0,67.0,419.0,0.0
20250818,RU2511,14805.0,3258.0,9201.0,0.3978600047157192
20250818,RU2601,15820.0,290847.0,133455.0,0.0132596739048173
20250818,RU2603,15855.0,373.0,351.0,-0.0151467359964908
20250818,RU2604,15835.0,12.0,73.0,0.0604725689214371
20250818,RU2605,15915.0,6310.0,7718.0,0.0863988706488649
20250818,RU2606,16030.0,17.0,17.0,-0.0562764826950566
20250818,RU2607,15955.0,19.0,28.0,0.0525329169183235
20250818,RU2608,16025.0,0.0,0.0,0.0
20250819,RU2509,14880.0,21189.0,29264.0,-0.0040329356790285
20250819,RU2510,14875.0,115.0,424.0,0.008064516432556
20250819,RU2511,14885.0,3117.0,9287.0,0.3863493018660933
20250819,RU2601,15875.0,356368.0,134968.0,0.011327882534113
20250819,RU2603,15905.0,548.0,379.0,0.018847184650197
20250819,RU2604,15930.0,13.0,74.0,0.0225776171964668
20250819,RU2605,15960.0,9277.0,7943.0,0.0262869765578241
20250819,RU2606,15995.0,4.0,15.0,0.014995315915681
20250819,RU2607,16015.0,11.0,27.0,0.0
20250819,RU2608,16015.0,2.0,2.0,0.0
20250820,RU2509,14720.0,26389.0,25982.0,0.0081494060857042
20250820,RU2510,14730.0,323.0,423.0,-0.0203839016229667
20250820,RU2511,14705.0,6121.0,9164.0,0.3832770870781561
20250820,RU2601,15675.0,447952.0,131500.0,0.0172002028924562
20250820,RU2603,15720.0,701.0,376.0,-0.0152768957615771
20250820,RU2604,15700.0,36.0,93.0,0.0609912367615897
20250820,RU2605,15780.0,12671.0,8333.0,-0.0228354017530329
20250820,RU2606,15750.0,8.0,14.0,0.0228354017530327
20250820,RU2607,15780.0,3.0,25.0,0.1361073192472141
20250820,RU2608,15960.0,0.0,2.0,0.0
20250821,RU2509,14720.0,14803.0,24047.0,0.0325644704591559
20250821,RU2510,14760.0,167.0,429.0,-0.0325644704591552
20250821,RU2511,14720.0,2916.0,8921.0,0.3943600422019813
20250821,RU2601,15720.0,273280.0,128027.0,0.0095344053115651
20250821,RU2603,15745.0,471.0,358.0,0.0228426464914661
20250821,RU2604,15775.0,23.0,95.0,0.0303893799640233
20250821,RU2605,15815.0,7901.0,8517.0,0.0907090933402497
20250821,RU2606,15935.0,7.0,20.0,0.0188117298283558
20250821,RU2607,15960.0,1.0,25.0,-0.0376529960636069
20250821,RU2608,15910.0,3.0,4.0,0.0
20250822,RU2509,14670.0,11796.0,23011.0,0.0081771723777503
20250822,RU2510,14680.0,181.0,473.0,0.0
20250822,RU2511,14680.0,3402.0,9644.0,0.3743170346165745
20250822,RU2601,15625.0,292290.0,131207.0,0.0191693453791157
20250822,RU2603,15675.0,368.0,414.0,-0.0114887514759279
20250822,RU2604,15660.0,4.0,96.0,0.049705344286167
20250822,RU2605,15725.0,8479.0,8935.0,-0.0229153475110484
20250822,RU2606,15695.0,18.0,17.0,0.0267303213152358
20250822,RU2607,15730.0,3.0,27.0,0.1591434755025893
20250822,RU2608,15940.0,0.0,4.0,0.0
20250825,RU2509,14900.0,25375.0,21659.0,-0.0080563950659499
20250825,RU2510,14890.0,391.0,481.0,0.0201308552495309
20250825,RU2511,14915.0,4252.0,9395.0,0.3855966434063738
20250825,RU2601,15905.0,355578.0,132930.0,0.0188324071745967
20250825,RU2603,15955.0,507.0,396.0,0.0187881672950623
20250825,RU2604,15980.0,27.0,94.0,0.022507040045936
20250825,RU2605,16010.0,10249.0,8993.0,0.0
20250825,RU2606,16010.0,12.0,13.0,0.0635416529057771
20250825,RU2607,16095.0,28.0,29.0,0.0037272868757488
20250825,RU2608,16100.0,2.0,6.0,0.0
20250826,RU2509,14890.0,18149.0,16213.0,-0.01209474317069
20250826,RU2510,14875.0,651.0,452.0,0.008064516432556
20250826,RU2511,14885.0,3982.0,9313.0,0.3901276395224389
20250826,RU2601,15885.0,381852.0,139114.0,0.0207384338435366
20250826,RU2603,15940.0,230.0,366.0,-0.0075305932813416
20250826,RU2604,15930.0,19.0,94.0,0.0338505160996951
20250826,RU2605,15975.0,12694.0,9557.0,0.0187646637141931
20250826,RU2606,16000.0,2.0,14.0,0.0337026278644687
20250826,RU2607,16045.0,16.0,31.0,0.0634034109035667
20250826,RU2608,16130.0,7.0,9.0,0.0
20250827,RU2509,14805.0,12417.0,13525.0,-0.0202805524019869
20250827,RU2510,14780.0,304.0,386.0,0.0040588534126168
20250827,RU2511,14785.0,3014.0,9363.0,0.3831715867517556
20250827,RU2601,15760.0,359023.0,137392.0,0.0057079439852628
20250827,RU2603,15775.0,139.0,363.0,0.0038028838854169
20250827,RU2604,15780.0,4.0,96.0,0.0493281327018711
20250827,RU2605,15845.0,11224.0,10018.0,0.1055614724270492
20250827,RU2606,15985.0,3.0,14.0,-0.0602070877283674
20250827,RU2607,15905.0,8.0,30.0,0.041424801846664
20250827,RU2608,15960.0,0.0,9.0,0.0
20250828,RU2509,14960.0,7826.0,11770.0,0.012026057462182
20250828,RU2510,14975.0,306.0,410.0,-0.0120260574621817
20250828,RU2511,14960.0,3927.0,9855.0,0.3825919674941389
20250828,RU2601,15945.0,304978.0,139055.0,0.007521154228346
20250828,RU2603,15965.0,145.0,366.0,0.0112693700565981
20250828,RU2604,15980.0,12.0,97.0,0.0412307136838751
20250828,RU2605,16035.0,10030.0,10259.0,-0.011230698058861
20250828,RU2606,16020.0,2.0,14.0,0.0448598653272859
20250828,RU2607,16080.0,11.0,30.0,0.0186422283881023
20250828,RU2608,16105.0,3.0,8.0,0.0
20250829,RU2509,14885.0,7043.0,8121.0,0.0241610819876652
20250829,RU2510,14915.0,393.0,377.0,-0.0281926627411926
20250829,RU2511,14880.0,4919.0,10058.0,0.3826931208105369
20250829,RU2601,15860.0,308746.0,140408.0,0.0094503090886658
20250829,RU2603,15885.0,220.0,371.0,0.0075519196954384
20250829,RU2604,15895.0,10.0,101.0,0.0339249479916362
20250829,RU2605,15940.0,17610.0,10577.0,0.0450845865325481
20250829,RU2606,16000.0,0.0,14.0,-0.0526151798138891
20250829,RU2607,15930.0,1.0,29.0,0.1236544899457719
20250829,RU2608,16095.0,0.0,8.0,0.0
20250901,RU2509,14895.0,3384.0,6841.0,0.032182386033931
20250901,RU2510,14935.0,451.0,425.0,-0.0563759426161459
20250901,RU2511,14865.0,6243.0,9947.0,0.3887445585398459
20250901,RU2601,15860.0,411372.0,140984.0,0.0075614376737266
20250901,RU2603,15880.0,396.0,401.0,0.0414899046037211
20250901,RU2604,15935.0,8.0,103.0,0.0075282311126535
20250901,RU2605,15945.0,25191.0,11114.0,0.015042308456692
20250901,RU2606,15965.0,8.0,21.0,-0.0527307816477522
20250901,RU2607,15895.0,4.0,28.0,0.0940001673293653
20250901,RU2608,16020.0,6.0,10.0,0.0
20250902,RU2509,14930.0,2816.0,5574.0,0.0
20250902,RU2510,14930.0,517.0,494.0,-0.0281643046302406
20250902,RU2511,14895.0,8367.0,9927.0,0.380429690238433
20250902,RU2601,15870.0,475160.0,143220.0,0.0037795276840322
20250902,RU2603,15880.0,442.0,555.0,0.0151038408863532
20250902,RU2604,15900.0,224.0,218.0,0.052714236008824
20250902,RU2605,15970.0,25630.0,11990.0,0.0262705343388643
20250902,RU2606,16005.0,3.0,22.0,0.0523691604222814
20250902,RU2607,16075.0,4.0,29.0,-0.029897243742778
20250902,RU2608,16035.0,0.0,10.0,0.0
20250903,RU2509,14960.0,1262.0,5034.0,0.0040100250999718
20250903,RU2510,14965.0,396.0,547.0,-0.0401606800554045
20250903,RU2511,14915.0,4415.0,9877.0,0.3780470985286053
20250903,RU2601,15885.0,363316.0,147050.0,0.0018882769628707
20250903,RU2603,15890.0,152.0,550.0,0.0414638389607553
20250903,RU2604,15945.0,22.0,218.0,0.015042308456692
20250903,RU2605,15965.0,19535.0,13471.0,0.0711945882224424
20250903,RU2606,16060.0,5.0,26.0,0.0447483427183996
20250903,RU2607,16120.0,0.0,29.0,-0.0597016156813661
20250903,RU2608,16040.0,0.0,10.0,0.0
20250904,RU2509,15005.0,1166.0,4569.0,0.007994670515558
20250904,RU2510,15015.0,420.0,550.0,-0.0199966718494478
20250904,RU2511,14990.0,5060.0,9420.0,0.3762136794429387
20250904,RU2601,15960.0,410708.0,141446.0,-0.0018799937487352
20250904,RU2603,15955.0,424.0,606.0,0.0150328864007013
20250904,RU2604,15975.0,42.0,205.0,0.0262623209402965
20250904,RU2605,16010.0,24988.0,13892.0,-0.0714175952948065
20250904,RU2606,15915.0,2.0,25.0,0.0901412689327462
20250904,RU2607,16035.0,8.0,25.0,0.0485452661435878
20250904,RU2608,16100.0,3.0,12.0,0.0
20250905,RU2509,15355.0,1405.0,4048.0,0.0506905709087718
20250905,RU2510,15420.0,636.0,679.0,-0.0741586357548997
20250905,RU2511,15325.0,11051.0,9514.0,0.3792731600413181
20250905,RU2601,16325.0,555923.0,165865.0,0.0146833967438942
20250905,RU2603,16365.0,741.0,648.0,-0.0440771845423362
20250905,RU2604,16305.0,100.0,232.0,0.0440771845423354
20250905,RU2605,16365.0,34710.0,16043.0,-0.0256920116492411
20250905,RU2606,16330.0,0.0,25.0,0.0330224944673025
20250905,RU2607,16375.0,13.0,30.0,0.0329318700355973
20250905,RU2608,16420.0,5.0,14.0,0.0
20250908,RU2509,15335.0,1518.0,3317.0,-0.0039132561899047
20250908,RU2510,15330.0,271.0,672.0,-0.0352768504910994
20250908,RU2511,15285.0,4173.0,9298.0,0.3710168926611998
20250908,RU2601,16260.0,328026.0,162727.0,-0.0036911720635081
20250908,RU2603,16250.0,364.0,620.0,-0.0110820386512465
20250908,RU2604,16235.0,24.0,233.0,0.0479484270948891
20250908,RU2605,16300.0,22053.0,16487.0,0.0110378667908088
20250908,RU2606,16315.0,4.0,26.0,0.0220453215706788
20250908,RU2607,16345.0,4.0,30.0,0.0256684589849933
20250908,RU2608,16380.0,5.0,16.0,0.0
20250909,RU2509,14960.0,376.0,3186.0,0.0520260944992816
20250909,RU2510,15025.0,399.0,696.0,-0.0400000370370987
20250909,RU2511,14975.0,6938.0,8671.0,0.3746971761633351
20250909,RU2601,15940.0,407418.0,151745.0,-0.0037652966406708
20250909,RU2603,15930.0,342.0,629.0,0.0150564637067572
20250909,RU2604,15950.0,17.0,230.0,0.0263034393714135
20250909,RU2605,15985.0,25343.0,15130.0,0.0112552767357182
20250909,RU2606,16000.0,3.0,25.0,0.0374415280349241
20250909,RU2607,16050.0,13.0,39.0,0.011209715901563
20250909,RU2608,16065.0,5.0,16.0,0.0
20250910,RU2509,14995.0,154.0,3233.0,0.0359580758486554
20250910,RU2510,15040.0,227.0,697.0,-0.0039900249744164
20250910,RU2511,15035.0,5052.0,8184.0,0.3657427433858177
20250910,RU2601,15980.0,239641.0,150595.0,-0.0037558686672453
20250910,RU2603,15970.0,114.0,620.0,0.0337658500104037
20250910,RU2604,16015.0,18.0,221.0,0.0
20250910,RU2605,16015.0,13134.0,15359.0,-0.0037470726299778
20250910,RU2606,16010.0,5.0,24.0,0.0896083815419307
20250910,RU2607,16130.0,4.0,37.0,-0.0634034109035675
20250910,RU2608,16045.0,5.0,16.0,0.0
20250911,RU2509,14820.0,39.0,3209.0,0.1328649708082293
20250911,RU2510,14985.0,363.0,710.0,0.0
20250911,RU2511,14985.0,3118.0,7822.0,0.3575029465948851
20250911,RU2601,15905.0,281078.0,150967.0,-0.0018864958495295
20250911,RU2603,15900.0,169.0,606.0,-0.0529468239991807
20250911,RU2604,15830.0,10.0,224.0,0.086861118829203
20250911,RU2605,15945.0,18937.0,15611.0,-0.0339142948300209
20250911,RU2606,15900.0,8.0,20.0,0.0752353561631447
20250911,RU2607,16000.0,11.0,40.0,0.022478932580165
20250911,RU2608,16030.0,7.0,18.0,0.0
20250912,RU2509,14810.0,111.0,3174.0,0.0847774762440524
20250912,RU2510,14915.0,435.0,650.0,-0.0201308552495301
20250912,RU2511,14890.0,4377.0,7947.0,0.3635106938615416
20250912,RU2601,15820.0,284383.0,147024.0,-0.0037938667087628
20250912,RU2603,15810.0,142.0,609.0,-0.0075925342615141
20250912,RU2604,15800.0,16.0,223.0,0.0303413562403042
20250912,RU2605,15840.0,18394.0,15958.0,0.0642217808633661
20250912,RU2606,15925.0,0.0,20.0,0.0037670695647605
20250912,RU2607,15930.0,16.0,41.0,0.0300940596595672
20250912,RU2608,15970.0,0.0,18.0,0.0
20250915,RU2509,14940.0,1.0,3174.0,0.1079467549029334
20250915,RU2510,15075.0,402.0,668.0,-0.0239043903748864
20250915,RU2511,15045.0,3725.0,7889.0,0.3673827799168372
20250915,RU2601,15995.0,265069.0,147594.0,-0.0037523453380591
20250915,RU2603,15985.0,206.0,607.0,-0.0037541060841141
20250915,RU2604,15980.0,80.0,224.0,0.0150093828198321
20250915,RU2605,16000.0,15455.0,16825.0,-0.0752353561631444
20250915,RU2606,15900.0,7.0,22.0,-0.0340104148305029
20250915,RU2607,15855.0,2.0,42.0,0.1578970149301344
20250915,RU2608,16065.0,0.0,18.0,0.0
20250916,RU2510,15185.0,492.0,669.0,-0.0872442706135558
20250916,RU2511,15075.0,4123.0,7334.0,0.3722871589507153
20250916,RU2601,16040.0,301211.0,148333.0,-0.0224859726014392
20250916,RU2603,15980.0,197.0,604.0,0.0
20250916,RU2604,15980.0,57.0,216.0,0.0187587970043733
20250916,RU2605,16005.0,14769.0,17447.0,0.0
20250916,RU2606,16005.0,9.0,21.0,-0.0676693522532431
20250916,RU2607,15915.0,0.0,42.0,0.1312308032428272
20250916,RU2608,16090.0,9.0,18.0,-0.007460367041658
20250916,RU2609,16080.0,22.0,13.0,0.0
20250917,RU2510,14955.0,536.0,711.0,-0.0040127069425915
20250917,RU2511,14950.0,3553.0,6968.0,0.3620949358937649
20250917,RU2601,15880.0,270043.0,146808.0,-0.0056701847029843
20250917,RU2603,15865.0,266.0,533.0,-0.0189244637865487
20250917,RU2604,15840.0,27.0,218.0,0.0189244637865496
20250917,RU2605,15865.0,13021.0,17716.0,0.0377596283867662
20250917,RU2606,15915.0,10.0,26.0,-0.0113154180944441
20250917,RU2607,15900.0,4.0,40.0,0.0037729916990584
20250917,RU2608,15905.0,2.0,17.0,0.0
20250917,RU2609,15905.0,14.0,19.0,0.0
20250918,RU2510,14675.0,759.0,814.0,-0.0122720310678562
20250918,RU2511,14660.0,4947.0,6889.0,0.3613397363244092
20250918,RU2601,15570.0,435851.0,159271.0,0.0096261852831575
20250918,RU2603,15595.0,662.0,485.0,-0.0501205547900507
20250918,RU2604,15530.0,29.0,213.0,0.019301918268056
20250918,RU2605,15555.0,24046.0,19539.0,0.0730654396387429
20250918,RU2606,15650.0,38.0,31.0,-0.0038344783838008
20250918,RU2607,15645.0,5.0,41.0,0.0268156536169963
20250918,RU2608,15680.0,7.0,15.0,-0.0613812080012445
20250918,RU2609,15600.0,322.0,278.0,0.0
20250919,RU2510,14660.0,554.0,869.0,-0.0122845941457032
20250919,RU2511,14645.0,2435.0,6992.0,0.3539793753918834
20250919,RU2601,15535.0,264433.0,159362.0,-0.0057961685396282
20250919,RU2603,15520.0,236.0,509.0,0.0
20250919,RU2604,15520.0,95.0,189.0,0.007729468866276
20250919,RU2605,15530.0,15141.0,20376.0,0.0462725509090742
20250919,RU2606,15590.0,8.0,29.0,-0.0192585501133637
20250919,RU2607,15565.0,4.0,42.0,0.046168700746725
20250919,RU2608,15625.0,5.0,16.0,-0.0577386839666649
20250919,RU2609,15550.0,26.0,285.0,0.0
20251027,RU2511,14585.0,1776.0,2449.0,0.0072677408296194
20251027,RU2601,15380.0,169306.0,143704.0,0.0136540962288682
20251027,RU2603,15415.0,216.0,701.0,0.003892312682451
20251027,RU2604,15420.0,12.0,114.0,0.0194552529182878
20251027,RU2605,15445.0,20773.0,40251.0,-0.0038847523470373
20251027,RU2606,15440.0,10.0,25.0,0.0038860103626943
20251027,RU2607,15445.0,427.0,93.0,0.0621560375526053
20251027,RU2608,15525.0,4.0,27.0,-0.0115942028985505
20251027,RU2609,15510.0,298.0,1954.0,-0.0232108317214705
20251027,RU2610,15480.0,0.0,3.0,0.0
20251028,RU2511,14600.0,1170.0,1987.0,0.0069406392694063
20251028,RU2601,15360.0,230415.0,144081.0,0.0136718749999995
20251028,RU2603,15395.0,424.0,724.0,0.0584605391360844
20251028,RU2604,15470.0,10.0,114.0,-0.0349062702003877
20251028,RU2605,15425.0,23461.0,41313.0,0.0505672609400313
20251028,RU2606,15490.0,8.0,28.0,-0.0077469335054871
20251028,RU2607,15480.0,181.0,101.0,-0.0038759689922485
20251028,RU2608,15475.0,3.0,28.0,0.0038772213247169
20251028,RU2609,15480.0,347.0,2065.0,0.0271317829457355
20251028,RU2610,15515.0,2.0,4.0,0.0
20251029,RU2511,14855.0,1482.0,1577.0,0.0069112532256254
20251029,RU2601,15625.0,342256.0,146189.0,0.0134400000000001
20251029,RU2603,15660.0,1039.0,763.0,0.007662835249043
20251029,RU2604,15670.0,20.0,121.0,0.0268028079132109
20251029,RU2605,15705.0,43669.0,43684.0,0.0
20251029,RU2606,15705.0,20.0,25.0,0.0191021967526276
20251029,RU2607,15730.0,95.0,101.0,-0.2174189446916714
20251029,RU2608,15445.0,9.0,32.0,0.2525089025574614
20251029,RU2609,15770.0,1756.0,3056.0,-0.0114140773620801
20251029,RU2610,15755.0,5.0,7.0,0.0
20251030,RU2511,14695.0,657.0,1334.0,0.0063967335828513
20251030,RU2601,15400.0,232987.0,144722.0,0.023376623376623
20251030,RU2603,15460.0,659.0,854.0,0.0232858990944375
20251030,RU2604,15490.0,117.0,186.0,0.0
20251030,RU2605,15490.0,34801.0,44609.0,0.0503550677856692
20251030,RU2606,15555.0,15.0,22.0,0.0
20251030,RU2607,15555.0,59.0,108.0,0.0385728061716479
20251030,RU2608,15605.0,4.0,32.0,-0.0422941364947133
20251030,RU2609,15550.0,880.0,3153.0,0.0308681672025725
20251030,RU2610,15590.0,4.0,10.0,0.0
20251031,RU2511,14390.0,610.0,1082.0,0.0064396571693305
20251031,RU2601,15085.0,320571.0,140654.0,0.0198873052701364
20251031,RU2603,15135.0,991.0,888.0,-0.0237859266600599
20251031,RU2604,15105.0,29.0,188.0,0.0397219463753719
20251031,RU2605,15155.0,49561.0,43175.0,0.0039590894094363
20251031,RU2606,15160.0,14.0,20.0,0.0277044854881278
20251031,RU2607,15195.0,142.0,114.0,0.0473840078973353
20251031,RU2608,15255.0,12.0,30.0,-0.0235988200589964
20251031,RU2609,15225.0,2621.0,3776.0,0.0078817733990153
20251031,RU2610,15235.0,10.0,15.0,0.0
20251103,RU2511,14445.0,109.0,1047.0,0.0059997692396446
20251103,RU2601,15095.0,205944.0,138793.0,0.0218615435574691
20251103,RU2603,15150.0,402.0,868.0,-0.0158415841584163
20251103,RU2604,15130.0,43.0,196.0,0.0436219431592874
20251103,RU2605,15185.0,29986.0,44378.0,0.0
20251103,RU2606,15185.0,9.0,16.0,0.0197563384919341
20251103,RU2607,15210.0,193.0,145.0,0.0315581854043385
20251103,RU2608,15250.0,5.0,31.0,-0.007868852459016
20251103,RU2609,15240.0,1328.0,3655.0,0.0393700787401565
20251103,RU2610,15290.0,5.0,15.0,0.0
20251104,RU2511,14175.0,147.0,966.0,0.0065843621399176
20251104,RU2601,14875.0,213300.0,140178.0,0.014117647058824
20251104,RU2603,14910.0,746.0,1033.0,0.008048289738431
20251104,RU2604,14920.0,131.0,185.0,0.032171581769437
20251104,RU2605,14960.0,33792.0,46779.0,0.024064171122994
20251104,RU2606,14990.0,8.0,20.0,-0.0040026684456306
20251104,RU2607,14985.0,215.0,156.0,-0.0320320320320326
20251104,RU2608,14945.0,7.0,29.0,0.0682502509200402
20251104,RU2609,15030.0,3044.0,4620.0,-0.0239520958083838
20251104,RU2610,15000.0,14.0,22.0,0.0
20251105,RU2511,14265.0,143.0,937.0,0.0054679284963196
20251105,RU2601,14850.0,183745.0,142079.0,0.0202020202020207
20251105,RU2603,14900.0,1017.0,1059.0,0.0241610738255042
20251105,RU2604,14930.0,31.0,185.0,0.012056262558608
20251105,RU2605,14945.0,30619.0,47569.0,0.0120441619270659
20251105,RU2606,14960.0,21.0,26.0,0.012032085561497
20251105,RU2607,14975.0,119.0,151.0,-0.012020033388981
20251105,RU2608,14960.0,3.0,30.0,0.0320855614973263
20251105,RU2609,15000.0,1065.0,4754.0,0.0160000000000009
20251105,RU2610,15020.0,6.0,20.0,0.0
20251106,RU2511,14490.0,91.0,900.0,0.0051069703243616
20251106,RU2601,15045.0,204652.0,141561.0,0.0159521435692919
20251106,RU2603,15085.0,562.0,1043.0,0.0397746105402729
20251106,RU2604,15135.0,12.0,183.0,-0.0118929633300299
20251106,RU2605,15120.0,32705.0,49202.0,0.0039682539682548
20251106,RU2606,15125.0,26.0,21.0,0.027768595041322
20251106,RU2607,15160.0,127.0,144.0,0.0158311345646433
20251106,RU2608,15180.0,8.0,32.0,0.00395256916996
20251106,RU2609,15185.0,1850.0,5063.0,0.0474152123806392
20251106,RU2610,15245.0,3.0,20.0,0.0
20251107,RU2511,14445.0,15.0,889.0,0.0050767278181608
20251107,RU2601,14995.0,148265.0,141035.0,0.0280093364454816
20251107,RU2603,15065.0,581.0,1077.0,0.047792897444407
20251107,RU2604,15125.0,15.0,180.0,-0.0436363636363639
20251107,RU2605,15070.0,20989.0,49753.0,0.0278699402787001
20251107,RU2606,15105.0,3.0,23.0,0.0278053624627601
20251107,RU2607,15140.0,104.0,155.0,-0.0594451783355354
20251107,RU2608,15065.0,0.0,32.0,0.0358446730833046
20251107,RU2609,15110.0,815.0,5156.0,0.0595632031767037
20251107,RU2610,15185.0,1.0,21.0,0.0
20251110,RU2511,14290.0,215.0,801.0,0.0076510380219267
20251110,RU2601,15110.0,181938.0,140848.0,0.0119126406353404
20251110,RU2603,15140.0,1002.0,952.0,0.0237780713342141
20251110,RU2604,15170.0,19.0,176.0,0.0118655240606466
20251110,RU2605,15185.0,27024.0,49991.0,-0.0474152123806392
20251110,RU2606,15125.0,24.0,24.0,0.0793388429752068
20251110,RU2607,15225.0,51.0,158.0,-0.0157635467980292
20251110,RU2608,15205.0,13.0,27.0,0.0078921407431771
20251110,RU2609,15215.0,1691.0,5159.0,0.0197173841603683
20251110,RU2610,15240.0,6.0,23.0,0.0
20251111,RU2511,14365.0,20.0,811.0,0.0067757280426963
20251111,RU2601,15095.0,186759.0,140397.0,0.0158993044054316
20251111,RU2603,15135.0,475.0,949.0,0.0277502477700704
20251111,RU2604,15170.0,21.0,166.0,-0.0039551746868822
20251111,RU2605,15165.0,26555.0,50519.0,0.0118694362017803
20251111,RU2606,15180.0,10.0,28.0,0.0197628458498027
20251111,RU2607,15205.0,39.0,156.0,0.0157842814863542
20251111,RU2608,15225.0,6.0,32.0,-0.0118226600985216
20251111,RU2609,15210.0,1802.0,5267.0,0.0276134122287965
20251111,RU2610,15245.0,9.0,27.0,0.0
20251112,RU2511,14600.0,24.0,806.0,0.005662100456621
20251112,RU2601,15220.0,165191.0,136995.0,0.0137976346911963
20251112,RU2603,15255.0,513.0,930.0,0.0196656833824988
20251112,RU2604,15280.0,12.0,165.0,0.015706806282723
20251112,RU2605,15300.0,24136.0,52255.0,-0.0509803921568625
20251112,RU2606,15235.0,5.0,27.0,0.0708893994092543
20251112,RU2607,15325.0,47.0,155.0,-0.0665579119086459
20251112,RU2608,15240.0,2.0,34.0,0.0905511811023629
20251112,RU2609,15355.0,1935.0,5183.0,-0.015630087919245
20251112,RU2610,15335.0,44.0,44.0,0.0
20251113,RU2511,14750.0,34.0,785.0,0.0057853107344632
20251113,RU2601,15390.0,208817.0,133047.0,0.0175438596491233
20251113,RU2603,15435.0,645.0,943.0,0.0233236151603506
20251113,RU2604,15465.0,18.0,159.0,0.0077594568380208
20251113,RU2605,15475.0,34947.0,54670.0,-0.0193861066235858
20251113,RU2606,15450.0,8.0,29.0,0.0388349514563115
20251113,RU2607,15500.0,58.0,155.0,0.0
20251113,RU2608,15500.0,8.0,30.0,0.0116129032258065
20251113,RU2609,15515.0,1954.0,5398.0,-0.0038672252658722
20251113,RU2610,15510.0,7.0,47.0,0.0
20251114,RU2511,14600.0,141.0,654.0,0.0056164383561643
20251114,RU2601,15215.0,176802.0,129983.0,0.0197173841603683
20251114,RU2603,15265.0,320.0,906.0,0.0196528005240734
20251114,RU2604,15290.0,10.0,160.0,0.0078482668410737
20251114,RU2605,15300.0,29961.0,55067.0,0.0862745098039212
20251114,RU2606,15410.0,1.0,28.0,-0.0389357560025951
20251114,RU2607,15360.0,46.0,149.0,-0.01171875
20251114,RU2608,15345.0,0.0,30.0,0.0039100684261983
20251114,RU2609,15350.0,1623.0,5513.0,0.019543973941368
20251114,RU2610,15375.0,8.0,42.0,0.0
20251117,RU2511,14600.0,0.0,654.0,0.0065296803652967
20251117,RU2601,15315.0,206331.0,126129.0,0.0137120470127332
20251117,RU2603,15350.0,310.0,883.0,-0.0351791530944622
20251117,RU2604,15305.0,79.0,145.0,0.0627245998039862
20251117,RU2605,15385.0,36239.0,56059.0,0.019499512512187
20251117,RU2606,15410.0,9.0,29.0,0.0
20251117,RU2607,15410.0,93.0,149.0,-0.0116807268007788
20251117,RU2608,15395.0,6.0,29.0,0.0428710620331278
20251117,RU2609,15450.0,1737.0,5642.0,-0.0776699029126217
20251117,RU2610,15350.0,2.0,41.0,0.0
20251118,RU2601,15295.0,172213.0,124031.0,0.0254985289310232
20251118,RU2603,15360.0,444.0,858.0,-0.01171875
20251118,RU2604,15345.0,12.0,143.0,0.0312805474095787
20251118,RU2605,15385.0,28139.0,56819.0,0.0116997075073133
20251118,RU2606,15400.0,3.0,30.0,0.0077922077922067
20251118,RU2607,15410.0,51.0,144.0,0.0661907852044114
20251118,RU2608,15495.0,3.0,30.0,-0.0464666021297195
20251118,RU2609,15435.0,1259.0,5761.0,-0.0427599611273086
20251118,RU2610,15380.0,2.0,40.0,0.1326397919375823
20251118,RU2611,15550.0,2.0,2.0,0.0
20251119,RU2601,15440.0,236458.0,126127.0,0.0194300518134715
20251119,RU2603,15490.0,673.0,897.0,0.0193673337637179
20251119,RU2604,15515.0,63.0,136.0,0.0077344505317444
20251119,RU2605,15525.0,45368.0,59762.0,-0.0425120772946856
20251119,RU2606,15470.0,80.0,72.0,0.0620555914673559
20251119,RU2607,15550.0,160.0,194.0,0.0038585209003212
20251119,RU2608,15555.0,4.0,31.0,0.0192864030858253
20251119,RU2609,15580.0,2113.0,6063.0,-0.0462130937098845
20251119,RU2610,15520.0,1.0,39.0,0.0347938144329909
20251119,RU2611,15565.0,9.0,7.0,0.0
20251120,RU2601,15250.0,213312.0,123127.0,0.0255737704918037
20251120,RU2603,15315.0,595.0,899.0,0.0195886385896173
20251120,RU2604,15340.0,50.0,143.0,0.0
20251120,RU2605,15340.0,40679.0,59659.0,-0.0039113428943933
20251120,RU2606,15335.0,18.0,71.0,0.0469514183240953
20251120,RU2607,15395.0,161.0,201.0,0.0974342318934731
20251120,RU2608,15520.0,2.0,31.0,-0.1005154639175254
20251120,RU2609,15390.0,2217.0,6251.0,0.1013645224171533
20251120,RU2610,15520.0,0.0,39.0,-0.0231958762886597
20251120,RU2611,15490.0,0.0,7.0,0.0
20251121,RU2601,15240.0,405214.0,113795.0,0.0196850393700782
20251121,RU2603,15290.0,1593.0,943.0,0.0392413342053634
20251121,RU2604,15340.0,60.0,135.0,-0.0156453715775746
20251121,RU2605,15320.0,87136.0,62695.0,0.0
20251121,RU2606,15320.0,83.0,35.0,0.0078328981723228
20251121,RU2607,15330.0,155.0,186.0,0.0
20251121,RU2608,15330.0,3.0,32.0,0.0234833659491187
20251121,RU2609,15360.0,3593.0,6767.0,0.0195312500000008
20251121,RU2610,15385.0,26.0,36.0,0.0545986350341243
20251121,RU2611,15455.0,5.0,8.0,0.0
20251124,RU2601,15320.0,269669.0,109679.0,0.0117493472584855
20251124,RU2603,15350.0,1650.0,1104.0,0.0703583061889245
20251124,RU2604,15440.0,40.0,132.0,-0.0349740932642488
20251124,RU2605,15395.0,65148.0,64710.0,0.0506658005846061
20251124,RU2606,15460.0,33.0,23.0,-0.03104786545925
20251124,RU2607,15420.0,234.0,144.0,0.027237354085603
20251124,RU2608,15455.0,11.0,30.0,-0.0155289550307347
20251124,RU2609,15435.0,4445.0,7626.0,-0.1282798833819245
20251124,RU2610,15270.0,2.0,36.0,0.1493123772102169
20251124,RU2611,15460.0,0.0,8.0,0.0
20251125,RU2601,15125.0,247957.0,106587.0,0.013884297520661
20251125,RU2603,15160.0,2503.0,1326.0,0.007915567282323
20251125,RU2604,15170.0,27.0,136.0,0.0237310481212933
20251125,RU2605,15200.0,61651.0,68998.0,0.0394736842105274
20251125,RU2606,15250.0,0.0,23.0,-0.0275409836065567
20251125,RU2607,15215.0,143.0,155.0,0.070982582977324
20251125,RU2608,15305.0,1.0,30.0,-0.0588043123162362
20251125,RU2609,15230.0,3702.0,8313.0,0.0472751149047923
20251125,RU2610,15290.0,0.0,36.0,-0.0196206671026817
20251125,RU2611,15265.0,0.0,8.0,0.0
20251126,RU2601,15195.0,254723.0,99431.0,0.0098716683119453
20251126,RU2603,15220.0,3590.0,1627.0,0.0118265440210239
20251126,RU2604,15235.0,21.0,133.0,0.0157531998687225
20251126,RU2605,15255.0,70471.0,76920.0,-0.0039331366764989
20251126,RU2606,15250.0,10.0,27.0,0.0275409836065581
20251126,RU2607,15285.0,45.0,158.0,-0.019627085377821
20251126,RU2608,15260.0,3.0,27.0,0.0235910878112717
20251126,RU2609,15290.0,5040.0,8742.0,0.0235448005232186
20251126,RU2610,15320.0,5.0,36.0,-0.0039164490861614
20251126,RU2611,15315.0,1.0,8.0,0.0
20251127,RU2601,15280.0,173395.0,89564.0,0.00392670157068
20251127,RU2603,15290.0,3012.0,1747.0,0.0196206671026804
20251127,RU2604,15315.0,14.0,133.0,0.0117531831537709
20251127,RU2605,15330.0,63310.0,82648.0,-0.0039138943248535
20251127,RU2606,15325.0,6.0,24.0,0.0117455138662325
20251127,RU2607,15340.0,59.0,168.0,-0.0312907431551505
20251127,RU2608,15300.0,1.0,27.0,0.0470588235294116
20251127,RU2609,15360.0,4399.0,9887.0,0.0234375
20251127,RU2610,15390.0,2.0,35.0,-0.058479532163743
20251127,RU2611,15315.0,0.0,8.0,0.0
20251128,RU2601,15410.0,291151.0,79595.0,-0.0097339390006487
20251128,RU2603,15385.0,2077.0,1694.0,0.0350991225219372
20251128,RU2604,15430.0,173.0,113.0,0.0116655865197659
20251128,RU2605,15445.0,109232.0,92047.0,-0.0310780187763026
20251128,RU2606,15405.0,5.0,25.0,0.0506329113924044
20251128,RU2607,15470.0,83.0,170.0,0.0193923723335487
20251128,RU2608,15495.0,4.0,28.0,-0.0232333010648591
20251128,RU2609,15465.0,7326.0,11315.0,-0.0038797284190104
20251128,RU2610,15460.0,0.0,35.0,0.0465717981888751
20251128,RU2611,15520.0,6.0,9.0,0.0
20251201,RU2601,15250.0,225606.0,66940.0,0.0039344262295086
20251201,RU2603,15260.0,2161.0,1859.0,0.0
20251201,RU2604,15260.0,177.0,138.0,0.0
20251201,RU2605,15260.0,126550.0,100860.0,0.0196592398427251
20251201,RU2606,15285.0,67.0,28.0,-0.0117762512266934
20251201,RU2607,15270.0,108.0,178.0,0.0982318271119844
20251201,RU2608,15395.0,1.0,28.0,-0.0935368626177326
20251201,RU2609,15275.0,6318.0,10787.0,-0.0157119476268414
20251201,RU2610,15255.0,2.0,35.0,0.0117994100294982
20251201,RU2611,15270.0,8.0,12.0,0.0
20251202,RU2601,15360.0,140290.0,62962.0,-0.0039062499999997
20251202,RU2603,15350.0,2240.0,1639.0,0.0273615635179158
20251202,RU2604,15385.0,98.0,149.0,-0.0116997075073119
20251202,RU2605,15370.0,96293.0,104533.0,-0.023422251138581
20251202,RU2606,15340.0,12.0,30.0,0.0391134289439385
20251202,RU2607,15390.0,174.0,164.0,0.0038986354775838
20251202,RU2608,15395.0,0.0,28.0,0.0
20251202,RU2609,15395.0,3510.0,11395.0,-0.0038973692757391
20251202,RU2610,15390.0,2.0,36.0,0.0116959064327488
20251202,RU2611,15405.0,7.0,10.0,0.0
20251203,RU2601,15210.0,101901.0,58055.0,-0.0059171597633136
20251203,RU2603,15195.0,1341.0,1728.0,-0.0039486673247783
20251203,RU2604,15190.0,34.0,139.0,0.0
20251203,RU2605,15190.0,109256.0,107670.0,0.0513495720868997
20251203,RU2606,15255.0,9.0,30.0,-0.035398230088496
20251203,RU2607,15210.0,102.0,168.0,0.1143984220907308
20251203,RU2608,15355.0,0.0,28.0,-0.1055030934549012
20251203,RU2609,15220.0,3305.0,11532.0,0.0078843626806843
20251203,RU2610,15230.0,1.0,35.0,0.0433355219960605
20251203,RU2611,15285.0,6.0,14.0,0.0
20251204,RU2601,15090.0,87724.0,48617.0,-0.0139165009940356
20251204,RU2603,15055.0,2052.0,2075.0,0.0
20251204,RU2604,15055.0,55.0,129.0,-0.0119561607439386
20251204,RU2605,15040.0,233647.0,123975.0,0.0119680851063828
20251204,RU2606,15055.0,14.0,31.0,0.0159415476585857
20251204,RU2607,15075.0,130.0,185.0,-0.0159203980099507
20251204,RU2608,15055.0,4.0,27.0,0.0119561607439386
20251204,RU2609,15070.0,6023.0,12457.0,-0.0199071001990711
20251204,RU2610,15045.0,1.0,36.0,0.0478564307078759
20251204,RU2611,15105.0,9.0,17.0,0.0
20251205,RU2601,15095.0,38722.0,45124.0,-0.0079496522027158
20251205,RU2603,15075.0,676.0,2064.0,-0.0119402985074623
20251205,RU2604,15060.0,17.0,126.0,0.0039840637450199
20251205,RU2605,15065.0,138085.0,122770.0,0.0159309658148032
20251205,RU2606,15085.0,9.0,30.0,-0.0079549221080545
20251205,RU2607,15075.0,62.0,182.0,0.0159203980099507
20251205,RU2608,15095.0,1.0,26.0,-0.0079496522027158
20251205,RU2609,15085.0,3157.0,12634.0,0.0278422273781897
20251205,RU2610,15120.0,1.0,37.0,0.0
20251205,RU2611,15120.0,3.0,18.0,0.0
20251208,RU2601,15090.0,37854.0,41535.0,-0.0119284294234593
20251208,RU2603,15060.0,1654.0,1819.0,0.0637450199203186
20251208,RU2604,15140.0,16.0,126.0,-0.0594451783355354
20251208,RU2605,15065.0,200106.0,123959.0,0.0238964487222048
20251208,RU2606,15095.0,0.0,30.0,0.0158993044054316
20251208,RU2607,15115.0,118.0,166.0,-0.0158782666225598
20251208,RU2608,15095.0,0.0,26.0,0.0158993044054316
20251208,RU2609,15115.0,4316.0,12653.0,0.0238173999338418
20251208,RU2610,15145.0,2.0,38.0,-0.0118851105975563
20251208,RU2611,15130.0,1.0,18.0,0.0
20251209,RU2601,15035.0,34296.0,38694.0,-0.001995344196874
20251209,RU2603,15030.0,1722.0,1894.0,-0.0678642714570862
20251209,RU2604,14945.0,43.0,132.0,0.0321177651388424
20251209,RU2605,14985.0,235164.0,127685.0,0.0520520520520522
20251209,RU2606,15050.0,0.0,30.0,-0.0318936877076416
20251209,RU2607,15010.0,117.0,187.0,-0.0079946702198538
20251209,RU2608,15000.0,4.0,30.0,0.0200000000000004
20251209,RU2609,15025.0,3906.0,12827.0,0.0638935108153067
20251209,RU2610,15105.0,1.0,37.0,-0.0158887785501495
20251209,RU2611,15085.0,14.0,22.0,0.0
20251210,RU2601,15220.0,39958.0,33783.0,-0.001971090670171
20251210,RU2603,15215.0,1887.0,1783.0,0.0433782451528088
20251210,RU2604,15270.0,27.0,131.0,-0.0432220039292725
20251210,RU2605,15215.0,294644.0,126049.0,0.0473217219848836
20251210,RU2606,15275.0,2.0,30.0,-0.0196399345335511
20251210,RU2607,15250.0,170.0,184.0,-0.0747540983606556
20251210,RU2608,15155.0,1.0,30.0,0.0633454305509735
20251210,RU2609,15235.0,8660.0,13771.0,0.0708893994092543
20251210,RU2610,15325.0,2.0,38.0,-0.043066884176182
20251210,RU2611,15270.0,25.0,29.0,0.0
20251211,RU2601,15205.0,24031.0,32323.0,0.0059191055573828
20251211,RU2603,15220.0,2532.0,1822.0,-0.0394218134034165
20251211,RU2604,15170.0,53.0,142.0,0.0118655240606466
20251211,RU2605,15185.0,210015.0,124546.0,0.0079025353967736
20251211,RU2606,15195.0,10.0,30.0,0.0078973346495567
20251211,RU2607,15205.0,1033.0,491.0,0.0355146333442943
20251211,RU2608,15250.0,2.0,31.0,-0.0511475409836061
20251211,RU2609,15185.0,6160.0,14601.0,-0.0039512676983868
20251211,RU2610,15180.0,1.0,38.0,-0.0079051383399213
20251211,RU2611,15170.0,16.0,29.0,0.0
20251212,RU2601,15245.0,19160.0,30874.0,0.0
20251212,RU2603,15245.0,1330.0,1599.0,0.0
20251212,RU2604,15245.0,145.0,208.0,-0.0118071498852079
20251212,RU2605,15230.0,202560.0,128402.0,0.0196979645436643
20251212,RU2606,15255.0,9.0,33.0,-0.0157325467059985
20251212,RU2607,15235.0,312.0,419.0,-0.051197899573351
20251212,RU2608,15170.0,1.0,31.0,0.0276862228081729
20251212,RU2609,15205.0,4611.0,15007.0,0.0236764222295287
20251212,RU2610,15235.0,4.0,38.0,0.0118148999015419
20251212,RU2611,15250.0,5.0,30.0,0.0
20251215,RU2601,15225.0,26652.0,29131.0,0.0019704433497538
20251215,RU2603,15230.0,992.0,1684.0,0.1024294156270508
20251215,RU2604,15360.0,8.0,203.0,-0.1249999999999995
20251215,RU2605,15200.0,319623.0,131752.0,0.0473684210526323
20251215,RU2606,15260.0,15.0,33.0,-0.0353866317169075
20251215,RU2607,15215.0,700.0,397.0,0.0236608609924404
20251215,RU2608,15245.0,3.0,32.0,-0.0511643161692361
20251215,RU2609,15180.0,6418.0,15206.0,0.0395256916996054
20251215,RU2610,15230.0,3.0,41.0,0.0709126723571884
20251215,RU2611,15320.0,9.0,35.0,0.0
20251216,RU2601,15195.0,14967.0,27930.0,0.0019743336623885
20251216,RU2603,15200.0,850.0,1935.0,-0.0394736842105261
20251216,RU2604,15150.0,3.0,205.0,0.0158415841584149
20251216,RU2605,15170.0,206027.0,132080.0,-0.0039551746868822
20251216,RU2606,15165.0,6.0,35.0,0.0039564787339259
20251216,RU2607,15170.0,370.0,501.0,0.0197758734344111
20251216,RU2608,15195.0,0.0,32.0,-0.0355380059230014
20251216,RU2609,15150.0,4250.0,15432.0,0.0
20251216,RU2610,15150.0,1.0,41.0,-0.0039603960396044
20251216,RU2611,15145.0,15.0,34.0,0.0
20251217,RU2601,15390.0,22381.0,25167.0,-0.0077972709551656
20251217,RU2603,15370.0,2291.0,1696.0,0.0078074170461936
20251217,RU2604,15380.0,38.0,204.0,0.0078023407022111
20251217,RU2605,15390.0,300240.0,146495.0,0.007797270955165
20251217,RU2606,15400.0,13.0,39.0,-0.0038961038961033
20251217,RU2607,15395.0,1195.0,317.0,0.0077947385514782
20251217,RU2608,15405.0,7.0,31.0,-0.0350535540408953
20251217,RU2609,15360.0,10289.0,16376.0,0.0
20251217,RU2610,15360.0,0.0,41.0,0.0
20251217,RU2611,15360.0,6.0,34.0,0.0
20251218,RU2601,15335.0,19213.0,23354.0,-0.0156504727746986
20251218,RU2603,15295.0,2639.0,1851.0,0.0117685518143177
20251218,RU2604,15310.0,145.0,230.0,0.0078380143696925
20251218,RU2605,15320.0,288728.0,146623.0,-0.0078328981723241
20251218,RU2606,15310.0,12.0,40.0,0.0039190071848462
20251218,RU2607,15315.0,229.0,323.0,0.0274240940254664
20251218,RU2608,15350.0,2.0,31.0,-0.0312703583061884
20251218,RU2609,15310.0,7889.0,17501.0,0.0666231221423894
20251218,RU2610,15395.0,2.0,42.0,-0.0428710620331278
20251218,RU2611,15340.0,14.0,37.0,0.0
20251219,RU2601,15225.0,15028.0,22353.0,-0.0137931034482761
20251219,RU2603,15190.0,1841.0,1896.0,-0.0039499670836082
20251219,RU2604,15185.0,75.0,217.0,0.0039512676983868
20251219,RU2605,15190.0,232441.0,145655.0,-0.0039499670836082
20251219,RU2606,15185.0,3.0,38.0,-0.0118538030951591
20251219,RU2607,15170.0,212.0,273.0,0.0395517468688195
20251219,RU2608,15220.0,0.0,31.0,-0.0394218134034165
20251219,RU2609,15170.0,8591.0,17785.0,-0.0039551746868822
20251219,RU2610,15165.0,2.0,41.0,-0.0079129574678531
20251219,RU2611,15155.0,34.0,45.0,0.0
20251222,RU2601,15225.0,14712.0,21217.0,-0.0019704433497538
20251222,RU2603,15220.0,862.0,1957.0,-0.0394218134034165
20251222,RU2604,15170.0,42.0,225.0,0.0276862228081729
20251222,RU2605,15205.0,229623.0,147758.0,-0.0394607037158829
20251222,RU2606,15155.0,33.0,41.0,0.0079181788188726
20251222,RU2607,15165.0,4736.0,517.0,0.0237388724035607
20251222,RU2608,15195.0,7.0,29.0,-0.0157946692991108
20251222,RU2609,15175.0,8119.0,18117.0,-0.0039538714991764
20251222,RU2610,15170.0,0.0,41.0,0.0
20251222,RU2611,15170.0,10.0,45.0,0.0
20251223,RU2601,15325.0,13218.0,19691.0,-0.0117455138662319
20251223,RU2603,15295.0,1566.0,1638.0,-0.0353056554429547
20251223,RU2604,15250.0,8.0,222.0,0.0314754098360667
20251223,RU2605,15290.0,221214.0,146529.0,-0.0274689339437541
20251223,RU2606,15255.0,18.0,39.0,-0.0078662733529992
20251223,RU2607,15245.0,262.0,510.0,0.0
20251223,RU2608,15245.0,1.0,29.0,0.0118071498852092
20251223,RU2609,15260.0,7483.0,18435.0,0.0078636959370905
20251223,RU2610,15270.0,2.0,42.0,-0.0275049115913552
20251223,RU2611,15235.0,12.0,49.0,0.0
20251224,RU2601,15620.0,22024.0,16541.0,-0.0096030729833547
20251224,RU2603,15595.0,2250.0,1887.0,0.0654055787111245
20251224,RU2604,15680.0,46.0,220.0,-0.0229591836734694
20251224,RU2605,15650.0,342515.0,167630.0,-0.1495207667731626
20251224,RU2606,15455.0,21.0,33.0,0.1397605952766083
20251224,RU2607,15635.0,706.0,353.0,0.0230252638311485
20251224,RU2608,15665.0,2.0,29.0,-0.0306415576125118
20251224,RU2609,15625.0,19585.0,21553.0,0.0307199999999987
20251224,RU2610,15665.0,10.0,42.0,-0.0114905841046919
20251224,RU2611,15650.0,20.0,56.0,0.0
20251225,RU2601,15675.0,26766.0,14330.0,0.0038277511961726
20251225,RU2603,15685.0,2679.0,2465.0,0.0076506216130072
20251225,RU2604,15695.0,86.0,280.0,0.0267601146862066
20251225,RU2605,15730.0,382797.0,182848.0,-0.0343293070565797
20251225,RU2606,15685.0,158.0,146.0,0.0267771756455212
20251225,RU2607,15720.0,446.0,451.0,-0.1106870229007639
20251225,RU2608,15575.0,3.0,29.0,0.0847512038523268
20251225,RU2609,15685.0,23906.0,25365.0,0.0076506216130072
20251225,RU2610,15695.0,11.0,41.0,0.0229372411596049
20251225,RU2611,15725.0,14.0,57.0,0.0
20251226,RU2601,15735.0,13727.0,10635.0,0.0038131553860814
20251226,RU2603,15745.0,1600.0,2369.0,0.0495395363607498
20251226,RU2604,15810.0,17.0,280.0,-0.022770398481974
20251226,RU2605,15780.0,340531.0,185943.0,-0.0456273764258559
20251226,RU2606,15720.0,8.0,144.0,0.0229007633587796
20251226,RU2607,15750.0,214.0,474.0,0.0380952380952379
20251226,RU2608,15800.0,17.0,27.0,-0.037974683544304
20251226,RU2609,15750.0,31134.0,26805.0,0.0152380952380957
20251226,RU2610,15770.0,11.0,42.0,-0.0266328471781864
20251226,RU2611,15735.0,40.0,63.0,0.0
20251229,RU2601,15640.0,7584.0,8262.0,-0.0076726342710995
20251229,RU2603,15620.0,1020.0,2357.0,0.0921895006402042
20251229,RU2604,15740.0,21.0,279.0,-0.0571791613722996
20251229,RU2605,15665.0,305522.0,179391.0,-0.0880944781359716
20251229,RU2606,15550.0,18.0,157.0,0.038585209003215
20251229,RU2607,15600.0,289.0,547.0,0.0076923076923076
20251229,RU2608,15610.0,17.0,25.0,0.0115310698270345
20251229,RU2609,15625.0,24940.0,27470.0,0.0575999999999989
20251229,RU2610,15700.0,5.0,45.0,-0.0573248407643318
20251229,RU2611,15625.0,21.0,64.0,0.0
20251230,RU2601,15630.0,4952.0,6333.0,-0.0019193857965451
20251230,RU2603,15625.0,1702.0,2355.0,0.0575999999999989
20251230,RU2604,15700.0,7.0,279.0,-0.0229299363057324
20251230,RU2605,15670.0,260240.0,175574.0,0.0153158902361205
20251230,RU2606,15690.0,95.0,146.0,-0.0229445506692158
20251230,RU2607,15660.0,266.0,581.0,0.007662835249043
20251230,RU2608,15670.0,11.0,31.0,-0.0344607530312699
20251230,RU2609,15625.0,24713.0,26755.0,0.0384000000000011
20251230,RU2610,15675.0,4.0,42.0,-0.0153110047846891
20251230,RU2611,15655.0,23.0,68.0,0.0
20251231,RU2601,15600.0,3386.0,4294.0,-0.0153846153846153
20251231,RU2603,15560.0,1383.0,2297.0,-0.0077120822622105
20251231,RU2604,15550.0,9.0,279.0,0.0424437299035362
20251231,RU2605,15605.0,217811.0,168775.0,-0.0038449214995197
20251231,RU2606,15600.0,188.0,26.0,-0.0307692307692306
20251231,RU2607,15560.0,424.0,669.0,0.0
20251231,RU2608,15560.0,4.0,30.0,-0.0115681233933164
20251231,RU2609,15545.0,17551.0,26403.0,0.0038597619813431
20251231,RU2610,15550.0,1.0,43.0,0.0540192926045026
20251231,RU2611,15620.0,14.0,67.0,0.0
20260105,RU2601,15760.0,965.0,3763.0,0.0
20260105,RU2603,15760.0,2351.0,2217.0,0.0494923857868032
20260105,RU2604,15825.0,30.0,288.0,-0.0265402843601894
20260105,RU2605,15790.0,229450.0,181920.0,-0.0417986067131095
20260105,RU2606,15735.0,48.0,31.0,0.022878932316491
20260105,RU2607,15765.0,353.0,681.0,0.060894386298762
20260105,RU2608,15845.0,2.0,30.0,-0.0719469864310506
20260105,RU2609,15750.0,19828.0,27831.0,0.0228571428571422
20260105,RU2610,15780.0,11.0,40.0,-0.0228136882129272
20260105,RU2611,15750.0,37.0,88.0,0.0
20260106,RU2601,16040.0,1132.0,3144.0,-0.0187032418952615
20260106,RU2603,15990.0,3909.0,2325.0,0.0375234521575977
20260106,RU2604,16040.0,15.0,288.0,0.0074812967581046
20260106,RU2605,16050.0,328277.0,199609.0,-0.0411214953271024
20260106,RU2606,15995.0,96.0,49.0,0.015004688965301
20260106,RU2607,16015.0,389.0,707.0,-0.071183265688417
20260106,RU2608,15920.0,15.0,20.0,0.0753768844221118
20260106,RU2609,16020.0,24902.0,30144.0,0.0299625468164794
20260106,RU2610,16060.0,29.0,52.0,-0.0336239103362392
20260106,RU2611,16015.0,95.0,100.0,0.0
20260107,RU2601,16240.0,1359.0,2801.0,-0.0314039408866995
20260107,RU2603,16155.0,5482.0,2456.0,0.0259981429897875
20260107,RU2604,16190.0,156.0,222.0,-0.0074119827053737
20260107,RU2605,16180.0,379261.0,200122.0,0.0148331273176767
20260107,RU2606,16200.0,42.0,56.0,-0.0074074074074079
20260107,RU2607,16190.0,468.0,716.0,0.0333539221741814
20260107,RU2608,16235.0,2.0,20.0,-0.0480443486295047
20260107,RU2609,16170.0,35376.0,31408.0,0.063079777365492
20260107,RU2610,16255.0,1.0,52.0,-0.0590587511534916
20260107,RU2611,16175.0,26.0,100.0,0.0
20260108,RU2601,16180.0,858.0,2436.0,-0.0370828182941904
20260108,RU2603,16080.0,7878.0,2102.0,0.0223880597014929
20260108,RU2604,16110.0,103.0,215.0,0.0074487895716952
20260108,RU2605,16120.0,356190.0,196468.0,0.0297766749379642
20260108,RU2606,16160.0,23.0,53.0,-0.0371287128712864
20260108,RU2607,16110.0,311.0,707.0,0.1042830540037256
20260108,RU2608,16250.0,1.0,19.0,-0.1033846153846149
20260108,RU2609,16110.0,32979.0,32697.0,-0.0297951582867783
20260108,RU2610,16070.0,3.0,51.0,0.0186683260734277
20260108,RU2611,16095.0,18.0,98.0,0.0
20260109,RU2601,16005.0,139.0,2396.0,-0.0168697282099341
20260109,RU2603,15960.0,4334.0,2332.0,0.041353383458647
20260109,RU2604,16015.0,11.0,219.0,0.0112394630034344
20260109,RU2605,16030.0,343450.0,197718.0,-0.0187149095446041
20260109,RU2606,16005.0,50.0,66.0,0.007497656982192
20260109,RU2607,16015.0,206.0,697.0,-0.0262254136746804
20260109,RU2608,15980.0,10.0,20.0,0.0187734668335419
20260109,RU2609,16005.0,30548.0,33749.0,-0.0149953139643854
20260109,RU2610,15985.0,8.0,54.0,0.0037535189239914
20260109,RU2611,15990.0,25.0,97.0,0.0
20260112,RU2601,16055.0,45.0,2384.0,0.0056057303020868
20260112,RU2603,16070.0,3520.0,2401.0,0.0485376477909147
20260112,RU2604,16135.0,19.0,220.0,-0.0037186241090791
20260112,RU2605,16130.0,349692.0,200506.0,0.0074395536267823
20260112,RU2606,16140.0,117.0,74.0,-0.0371747211895909
20260112,RU2607,16090.0,274.0,689.0,-0.2013673088875074
20260112,RU2608,15820.0,1.0,20.0,0.219974715549938
20260112,RU2609,16110.0,29510.0,36350.0,0.0111731843575428
20260112,RU2610,16125.0,1.0,54.0,-0.0372093023255817
20260112,RU2611,16075.0,9.0,97.0,0.0
20260113,RU2601,16000.0,85.0,2337.0,-0.0281249999999997
20260113,RU2603,15925.0,3558.0,2335.0,0.1205651491365769
20260113,RU2604,16085.0,8.0,220.0,-0.0820640348150454
20260113,RU2605,15975.0,380256.0,194674.0,0.0225352112676064
20260113,RU2606,16005.0,24.0,76.0,-0.0524835988753511
20260113,RU2607,15935.0,308.0,731.0,-0.0414182616881078
20260113,RU2608,15880.0,0.0,20.0,0.0491183879093197
20260113,RU2609,15945.0,36480.0,37888.0,0.0338664158043284
20260113,RU2610,15990.0,9.0,56.0,-0.0375234521575991
20260113,RU2611,15940.0,28.0,98.0,0.0
20260114,RU2601,16100.0,7.0,2336.0,0.0074534161490684
20260114,RU2603,16120.0,4985.0,2552.0,-0.0037220843672458
20260114,RU2604,16115.0,35.0,217.0,0.0335091529630791
20260114,RU2605,16160.0,481772.0,199739.0,-0.0074257425742567
20260114,RU2606,16150.0,81.0,84.0,0.0111455108359139
20260114,RU2607,16165.0,600.0,659.0,-0.0259820600061866
20260114,RU2608,16130.0,1.0,20.0,0.0074395536267823
20260114,RU2609,16140.0,47654.0,39094.0,-0.0297397769516725
20260114,RU2610,16100.0,3.0,53.0,0.0484472049689443
20260114,RU2611,16165.0,30.0,103.0,0.0
20260115,RU2601,16050.0,7.0,2332.0,-0.0336448598130838
20260115,RU2603,15960.0,5679.0,2206.0,-0.015037593984962
20260115,RU2604,15940.0,11.0,222.0,0.0414052697616051
20260115,RU2605,15995.0,365272.0,198380.0,0.015004688965301
20260115,RU2606,16015.0,24.0,77.0,-0.0449578520137365
20260115,RU2607,15955.0,588.0,626.0,0.052648072704482
20260115,RU2608,16025.0,4.0,19.0,-0.0449297971918882
20260115,RU2609,15965.0,44444.0,38795.0,0.018791105543376
20260115,RU2610,15990.0,10.0,55.0,-0.0337711069418382
20260115,RU2611,15945.0,12.0,107.0,0.0
20260116,RU2603,15855.0,3848.0,1903.0,-0.0113528855250706
20260116,RU2604,15840.0,8.0,219.0,-0.0037878787878788
20260116,RU2605,15835.0,348181.0,190939.0,-0.0189453741711402
20260116,RU2606,15810.0,17.0,81.0,0.0075901328273255
20260116,RU2607,15820.0,494.0,576.0,0.0417193426042983
20260116,RU2608,15875.0,3.0,21.0,-0.0529133858267711
20260116,RU2609,15805.0,30827.0,38793.0,-0.0037962670041125
20260116,RU2610,15800.0,9.0,63.0,0.0265822784810128
20260116,RU2611,15835.0,21.0,112.0,0.0052626039364277
20260116,RU2701,16460.0,645.0,370.0,0.0
20260119,RU2603,15745.0,1658.0,1858.0,0.0152429342648456
20260119,RU2604,15765.0,25.0,220.0,-0.0152235965746911
20260119,RU2605,15745.0,216355.0,186443.0,-0.0114322006986342
20260119,RU2606,15730.0,58.0,67.0,-0.0190718372536555
20260119,RU2607,15705.0,169.0,564.0,0.0
20260119,RU2608,15705.0,4.0,21.0,0.0
20260119,RU2609,15705.0,21947.0,38373.0,0.0343839541547277
20260119,RU2610,15750.0,16.0,66.0,-0.0228571428571422
20260119,RU2611,15720.0,100.0,127.0,0.0052586938083121
20260119,RU2701,16340.0,471.0,644.0,0.0
20260120,RU2603,15635.0,3148.0,1826.0,-0.0191877198592895
20260120,RU2604,15610.0,56.0,222.0,0.0076873798846897
20260120,RU2605,15620.0,251199.0,178976.0,0.0038412291933429
20260120,RU2606,15625.0,38.0,82.0,-0.0192000000000005
20260120,RU2607,15600.0,583.0,496.0,-0.0153846153846153
20260120,RU2608,15580.0,1.0,20.0,-0.0038510911424909
20260120,RU2609,15575.0,29511.0,38651.0,0.0269662921348325
20260120,RU2610,15610.0,9.0,66.0,-0.0576553491351701
20260120,RU2611,15535.0,65.0,131.0,0.0060937667632228
20260120,RU2701,16245.0,272.0,749.0,0.0
20260121,RU2603,15780.0,1607.0,1827.0,-0.0608365019011403
20260121,RU2604,15700.0,22.0,218.0,0.0343949044585993
20260121,RU2605,15745.0,206109.0,181112.0,-0.0342966020959041
20260121,RU2606,15700.0,22.0,85.0,0.0
20260121,RU2607,15700.0,306.0,474.0,0.0076433121019121
20260121,RU2608,15710.0,28.0,21.0,-0.0152768936982816
20260121,RU2609,15690.0,19676.0,39886.0,-0.0229445506692158
20260121,RU2610,15660.0,44.0,73.0,0.007662835249043
20260121,RU2611,15670.0,61.0,148.0,0.0063816209317166
20260121,RU2701,16420.0,604.0,942.0,0.0
20260122,RU2603,15900.0,1517.0,1937.0,-0.0264150943396233
20260122,RU2604,15865.0,55.0,201.0,-0.0113457295934447
20260122,RU2605,15850.0,182370.0,183011.0,0.0
20260122,RU2606,15850.0,46.0,85.0,-0.0227129337539433
20260122,RU2607,15820.0,356.0,461.0,-0.0075853350189629
20260122,RU2608,15810.0,3.0,24.0,-0.011385199240987
20260122,RU2609,15795.0,16607.0,40605.0,-0.0037986704653372
20260122,RU2610,15790.0,12.0,70.0,-0.030398986700443
20260122,RU2611,15750.0,5.0,147.0,0.0063915343915343
20260122,RU2701,16505.0,345.0,1070.0,0.0
20260123,RU2603,16375.0,5694.0,2067.0,-0.0256488549618318
20260123,RU2604,16340.0,538.0,246.0,-0.0183598531211752
20260123,RU2605,16315.0,445410.0,190135.0,0.0073551946061893
20260123,RU2606,16325.0,163.0,112.0,-0.0477794793261865
20260123,RU2607,16260.0,705.0,384.0,0.0184501845018454
20260123,RU2608,16285.0,29.0,41.0,-0.0478968375805957
20260123,RU2609,16220.0,44862.0,41104.0,-0.0036991368680636
20260123,RU2610,16215.0,16.0,75.0,-0.0037002775208145
20260123,RU2611,16210.0,63.0,135.0,0.0056755089450956
20260123,RU2701,16900.0,556.0,1248.0,0.0
20260126,RU2603,16280.0,3194.0,1865.0,-0.0552825552825546
20260126,RU2604,16205.0,43.0,235.0,0.0185128046899096
20260126,RU2605,16230.0,309950.0,181216.0,0.0147874306839197
20260126,RU2606,16250.0,100.0,140.0,-0.0516923076923081
20260126,RU2607,16180.0,540.0,348.0,0.0
20260126,RU2608,16180.0,12.0,37.0,-0.0148331273176767
20260126,RU2609,16160.0,34340.0,42966.0,0.0259900990099
20260126,RU2610,16195.0,292.0,283.0,-0.0111145415251621
20260126,RU2611,16180.0,30.0,142.0,0.0054800164812525
20260126,RU2701,16845.0,144.0,1266.0,0.0
20260127,RU2603,16260.0,3087.0,1869.0,-0.0369003690036895
20260127,RU2604,16210.0,66.0,244.0,-0.0037014188772359
20260127,RU2605,16205.0,275825.0,176097.0,0.0111076828139458
20260127,RU2606,16220.0,62.0,150.0,-0.0369913686806406
20260127,RU2607,16170.0,504.0,374.0,-0.0408163265306122
20260127,RU2608,16115.0,18.0,37.0,0.0186161960905986
20260127,RU2609,16140.0,29419.0,43984.0,0.022304832713754
20260127,RU2610,16170.0,166.0,286.0,-0.0408163265306122
20260127,RU2611,16115.0,22.0,142.0,0.0059158134243458
20260127,RU2701,16830.0,294.0,1290.0,0.0
20260128,RU2603,16395.0,3236.0,2128.0,-0.0512351326623976
20260128,RU2604,16325.0,21.0,243.0,0.0257274119448691
20260128,RU2605,16360.0,322789.0,184241.0,-0.0293398533007329
20260128,RU2606,16320.0,104.0,101.0,-0.018382352941177
20260128,RU2607,16295.0,312.0,386.0,0.0257747775391212
20260128,RU2608,16330.0,6.0,35.0,-0.0367421922841391
20260128,RU2609,16280.0,30753.0,45464.0,0.0110565110565117
20260128,RU2610,16295.0,23.0,281.0,-0.0073642221540346
20260128,RU2611,16285.0,41.0,142.0,0.0058540579265172
20260128,RU2701,17000.0,212.0,1333.0,0.0
20260129,RU2603,16660.0,4795.0,2252.0,-0.0072028811524611
20260129,RU2604,16650.0,141.0,265.0,0.0288288288288276
20260129,RU2605,16690.0,418885.0,195654.0,0.0179748352306763
20260129,RU2606,16715.0,171.0,88.0,-0.0646126233921631
20260129,RU2607,16625.0,593.0,383.0,-0.0144360902255638
20260129,RU2608,16605.0,113.0,34.0,-0.0216802168021676
20260129,RU2609,16575.0,40978.0,48848.0,0.050678733031674
20260129,RU2610,16645.0,31.0,279.0,-0.0360468609191944
20260129,RU2611,16595.0,88.0,137.0,0.0049010746208697
20260129,RU2701,17205.0,346.0,1417.0,0.0
20260130,RU2603,16355.0,4831.0,2073.0,0.0036686028737387
20260130,RU2604,16360.0,174.0,223.0,0.0
20260130,RU2605,16360.0,518534.0,172618.0,-0.0366748166259172
20260130,RU2606,16310.0,101.0,107.0,-0.0220723482526064
20260130,RU2607,16280.0,764.0,355.0,-0.0442260442260442
20260130,RU2608,16220.0,82.0,38.0,0.0036991368680636
20260130,RU2609,16225.0,59070.0,46832.0,0.0073959938366714
20260130,RU2610,16235.0,92.0,291.0,-0.0184785956267328
20260130,RU2611,16210.0,151.0,187.0,0.0060045239564055
20260130,RU2701,16940.0,558.0,1492.0,0.0
20260202,RU2603,16020.0,4024.0,1839.0,-0.052434456928839
20260202,RU2604,15950.0,292.0,212.0,0.0225705329153598
20260202,RU2605,15980.0,430526.0,155994.0,-0.0675844806007508
20260202,RU2606,15890.0,93.0,86.0,0.0264317180616728
20260202,RU2607,15925.0,502.0,351.0,-0.0489795918367352
20260202,RU2608,15860.0,23.0,33.0,-0.0075662042875159
20260202,RU2609,15850.0,57239.0,45523.0,0.0189274447949525
20260202,RU2610,15875.0,50.0,285.0,-0.0226771653543305
20260202,RU2611,15845.0,83.0,195.0,0.0060166193331229
20260202,RU2701,16560.0,528.0,1629.0,0.0
20260203,RU2603,16250.0,1453.0,1837.0,-0.014769230769231
20260203,RU2604,16230.0,10.0,209.0,-0.0369685767097967
20260203,RU2605,16180.0,254278.0,153505.0,0.007416563658837
20260203,RU2606,16190.0,32.0,84.0,-0.0555898702903028
20260203,RU2607,16115.0,115.0,342.0,-0.0297859137449583
20260203,RU2608,16075.0,46.0,31.0,-0.0186625194401242
20260203,RU2609,16050.0,26163.0,45774.0,0.0
20260203,RU2610,16050.0,14.0,286.0,-0.0074766355140192
20260203,RU2611,16040.0,60.0,214.0,0.0058187863674147
20260203,RU2701,16740.0,225.0,1646.0,0.0
20260204,RU2603,16440.0,1013.0,1991.0,-0.0218978102189777
20260204,RU2604,16410.0,14.0,208.0,-0.0182815356489944
20260204,RU2605,16385.0,245413.0,159917.0,-0.0732377174244742
20260204,RU2606,16285.0,28.0,84.0,0.0073687442431698
20260204,RU2607,16295.0,60.0,345.0,-0.0662779993863145
20260204,RU2608,16205.0,5.0,29.0,0.0444307312557858
20260204,RU2609,16265.0,24047.0,46628.0,-0.0516446357208724
20260204,RU2610,16195.0,30.0,280.0,0.033343624575485
20260204,RU2611,16240.0,27.0,205.0,0.0056650246305418
20260204,RU2701,16930.0,154.0,1678.0,0.0
20260205,RU2603,16200.0,1266.0,1807.0,-0.0333333333333332
20260205,RU2604,16155.0,24.0,206.0,0.0148560817084488
20260205,RU2605,16175.0,283333.0,150013.0,-0.0259659969088104
20260205,RU2606,16140.0,87.0,120.0,-0.0408921933085495
20260205,RU2607,16085.0,357.0,472.0,-0.1193658688218843
20260205,RU2608,15925.0,43.0,34.0,0.1054945054945051
20260205,RU2609,16065.0,33185.0,47136.0,0.0149393090569551
20260205,RU2610,16085.0,6.0,280.0,-0.0373018340068389
20260205,RU2611,16035.0,26.0,204.0,0.0056127221702525
20260205,RU2701,16710.0,226.0,1702.0,0.0
20260206,RU2603,16100.0,1020.0,1695.0,-0.0335403726708074
20260206,RU2604,16055.0,66.0,204.0,0.0186857676736211
20260206,RU2605,16080.0,229543.0,146030.0,-0.0186567164179107
20260206,RU2606,16055.0,111.0,108.0,-0.0597944565555899
20260206,RU2607,15975.0,320.0,442.0,0.1126760563380271
20260206,RU2608,16125.0,45.0,29.0,-0.1116279069767438
20260206,RU2609,15975.0,24635.0,46853.0,-0.0488262910798118
20260206,RU2610,15910.0,7.0,281.0,0.0490257699560023
20260206,RU2611,15975.0,19.0,201.0,0.0057589984350547
20260206,RU2701,16665.0,165.0,1681.0,0.0
20260209,RU2603,16270.0,842.0,1635.0,-0.0110633066994467
20260209,RU2604,16255.0,16.0,200.0,-0.0073823438941857
20260209,RU2605,16245.0,197424.0,150270.0,-0.0110803324099721
20260209,RU2606,16230.0,88.0,103.0,-0.0258780036968575
20260209,RU2607,16195.0,142.0,437.0,-0.048163013275702
20260209,RU2608,16130.0,0.0,29.0,0.0148791072535647
20260209,RU2609,16150.0,23148.0,49201.0,0.018575851393189
20260209,RU2610,16175.0,15.0,280.0,-0.0296754250386395
20260209,RU2611,16135.0,26.0,212.0,0.005536618117963
20260209,RU2701,16805.0,131.0,1713.0,0.0
20260210,RU2603,16365.0,787.0,1577.0,-0.0366636113657201
20260210,RU2604,16315.0,23.0,212.0,0.0147103892123814
20260210,RU2605,16335.0,177554.0,151944.0,-0.0330578512396697
20260210,RU2606,16290.0,31.0,107.0,-0.0036832412523026
20260210,RU2607,16285.0,156.0,390.0,-0.0147374884863369
20260210,RU2608,16265.0,18.0,35.0,-0.0258223178604368
20260210,RU2609,16230.0,17587.0,49741.0,-0.0110905730129391
20260210,RU2610,16215.0,5.0,278.0,0.0074005550416291
20260210,RU2611,16225.0,28.0,204.0,0.0056702619414483
20260210,RU2701,16915.0,80.0,1713.0,0.0
20260211,RU2603,16590.0,2088.0,1404.0,-0.0072332730560575
20260211,RU2604,16580.0,19.0,210.0,-0.0036188178528342
20260211,RU2605,16575.0,270154.0,162081.0,-0.0217194570135745
20260211,RU2606,16545.0,102.0,119.0,-0.0217588395285583
20260211,RU2607,16515.0,341.0,374.0,-0.090826521344232
20260211,RU2608,16390.0,1.0,35.0,0.0695546064673582
20260211,RU2609,16485.0,24742.0,51394.0,0.0109190172884447
20260211,RU2610,16500.0,10.0,279.0,0.0
20260211,RU2611,16500.0,114.0,155.0,0.0053333333333333
20260211,RU2701,17160.0,367.0,1758.0,0.0
20260212,RU2603,16415.0,1225.0,1256.0,0.0292415473652143
20260212,RU2604,16455.0,35.0,208.0,-0.0036463081130357
20260212,RU2605,16450.0,180678.0,152702.0,-0.0218844984802437
20260212,RU2606,16420.0,161.0,120.0,-0.0328867235079166
20260212,RU2607,16375.0,262.0,511.0,0.03297709923664
20260212,RU2608,16420.0,12.0,31.0,-0.0475030450669913
20260212,RU2609,16355.0,19671.0,50665.0,0.0880464689697344
20260212,RU2610,16475.0,8.0,280.0,-0.087405159332321
20260212,RU2611,16355.0,22.0,145.0,0.0055029043106083
20260212,RU2701,17030.0,194.0,1771.0,0.0
20260213,RU2603,16295.0,1706.0,1342.0,0.0810064436943838
20260213,RU2604,16405.0,147.0,202.0,-0.0658335873209385
20260213,RU2605,16315.0,165470.0,140235.0,-0.0772295433650018
20260213,RU2606,16210.0,40.0,119.0,0.0037014188772372
20260213,RU2607,16215.0,180.0,466.0,-0.0037002775208145
20260213,RU2608,16210.0,3.0,31.0,-0.0111042566317092
20260213,RU2609,16195.0,18875.0,49817.0,0.0037048471750535
20260213,RU2610,16200.0,23.0,280.0,-0.0148148148148146
20260213,RU2611,16180.0,23.0,138.0,0.0056036258755665
20260213,RU2701,16860.0,129.0,1759.0,0.0
20260224,RU2603,17015.0,1902.0,991.0,0.0035263003232435
20260224,RU2604,17020.0,536.0,248.0,0.0070505287896596
20260224,RU2605,17030.0,245962.0,162068.0,-0.0140927774515557
20260224,RU2606,17010.0,91.0,120.0,-0.0564373897707226
20260224,RU2607,16930.0,490.0,467.0,0.0177200236266994
20260224,RU2608,16955.0,49.0,33.0,-0.0884694780300794
20260224,RU2609,16830.0,37053.0,51667.0,0.0
20260224,RU2610,16830.0,113.0,277.0,-0.0071301247771833
20260224,RU2611,16820.0,55.0,160.0,0.0051129607609988
20260224,RU2701,17465.0,718.0,1909.0,0.0
20260225,RU2603,17200.0,953.0,808.0,0.0279069767441866
20260225,RU2604,17240.0,103.0,240.0,0.0
20260225,RU2605,17240.0,272777.0,175091.0,-0.0139211136890948
20260225,RU2606,17220.0,138.0,143.0,-0.045296167247387
20260225,RU2607,17155.0,256.0,397.0,-0.0174876129408336
20260225,RU2608,17130.0,12.0,32.0,-0.0140105078809105
20260225,RU2609,17110.0,32562.0,55531.0,0.0175336060783175
20260225,RU2610,17135.0,43.0,296.0,-0.0245112343157276
20260225,RU2611,17100.0,49.0,172.0,0.0046393762183235
20260225,RU2701,17695.0,790.0,2128.0,0.0
20260226,RU2603,17100.0,416.0,639.0,0.0070175438596482
20260226,RU2604,17110.0,70.0,250.0,0.0105201636469889
20260226,RU2605,17125.0,269900.0,172951.0,-0.0245255474452559
20260226,RU2606,17090.0,172.0,137.0,-0.042129900526624
20260226,RU2607,17030.0,305.0,424.0,0.0
20260226,RU2608,17030.0,132.0,38.0,-0.0281855549031115
20260226,RU2609,16990.0,33742.0,57069.0,0.0176574455562086
20260226,RU2610,17015.0,224.0,205.0,-0.0176315016162216
20260226,RU2611,16990.0,39.0,183.0,0.0047086521483225
20260226,RU2701,17590.0,670.0,2244.0,0.0
20260227,RU2603,17085.0,176.0,585.0,-0.0175592625109746
20260227,RU2604,17060.0,31.0,255.0,0.0668229777256748
20260227,RU2605,17155.0,218827.0,174215.0,-0.0209851355290009
20260227,RU2606,17125.0,45.0,133.0,-0.0385401459854017
20260227,RU2607,17070.0,290.0,383.0,-0.0281195079086113
20260227,RU2608,17030.0,13.0,37.0,0.0140927774515571
20260227,RU2609,17050.0,25875.0,59669.0,0.0140762463343113
20260227,RU2610,17070.0,115.0,195.0,-0.0808435852372584
20260227,RU2611,16955.0,49.0,186.0,0.0054654477538582
20260227,RU2701,17650.0,609.0,2377.0,0.0
20260302,RU2603,17205.0,107.0,536.0,0.017436791630339
20260302,RU2604,17230.0,50.0,265.0,0.0104468949506681
20260302,RU2605,17245.0,364042.0,170621.0,-0.0069585387068711
20260302,RU2606,17235.0,147.0,101.0,-0.0417754569190598
20260302,RU2607,17175.0,253.0,363.0,-0.0104803493449776
20260302,RU2608,17160.0,35.0,37.0,-0.0419580419580425
20260302,RU2609,17100.0,51697.0,63574.0,0.0350877192982466
20260302,RU2610,17150.0,27.0,190.0,-0.0349854227405246
20260302,RU2611,17100.0,88.0,207.0,0.0052631578947368
20260302,RU2701,17775.0,1354.0,2668.0,0.0
20260303,RU2603,16800.0,161.0,507.0,0.0571428571428569
20260303,RU2604,16880.0,122.0,260.0,-0.0319905213270139
20260303,RU2605,16835.0,458473.0,160346.0,-0.0427680427680425
20260303,RU2606,16775.0,302.0,182.0,-0.0250372578241431
20260303,RU2607,16740.0,371.0,403.0,0.0143369175627245
20260303,RU2608,16760.0,19.0,36.0,-0.0393794749403344
20260303,RU2609,16705.0,60030.0,62777.0,0.0287339120023943
20260303,RU2610,16745.0,29.0,196.0,-0.025082114063899
20260303,RU2611,16710.0,149.0,244.0,0.0051067225214442
20260303,RU2701,17350.0,1179.0,2815.0,0.0
20260304,RU2603,16635.0,18.0,499.0,0.0396753832281326
20260304,RU2604,16690.0,69.0,234.0,0.0359496704613553
20260304,RU2605,16740.0,370025.0,152591.0,-0.0537634408602145
20260304,RU2606,16665.0,118.0,158.0,-0.0072007200720065
20260304,RU2607,16655.0,347.0,402.0,-0.0396277394175919
20260304,RU2608,16600.0,9.0,39.0,0.0108433734939765
20260304,RU2609,16615.0,59171.0,64546.0,0.0036111947035823
20260304,RU2610,16620.0,238.0,306.0,-0.0216606498194948
20260304,RU2611,16590.0,245.0,304.0,0.0054651396423548
20260304,RU2701,17270.0,1088.0,2797.0,0.0
20260305,RU2603,16530.0,51.0,494.0,0.0145190562613439
20260305,RU2604,16550.0,59.0,238.0,0.0036253776435035
20260305,RU2605,16555.0,332143.0,147781.0,-0.0543642404107522
20260305,RU2606,16480.0,48.0,154.0,0.0036407766990302
20260305,RU2607,16485.0,387.0,471.0,-0.0618744313011823
20260305,RU2608,16400.0,29.0,40.0,0.0365853658536572
20260305,RU2609,16450.0,55905.0,66212.0,0.0474164133738614
20260305,RU2610,16515.0,209.0,339.0,-0.0835603996366942
20260305,RU2611,16400.0,158.0,340.0,0.0056097560975609
20260305,RU2701,17090.0,1023.0,2902.0,0.0
20260306,RU2603,16650.0,37.0,485.0,0.0648648648648642
20260306,RU2604,16740.0,62.0,223.0,0.0681003584229378
20260306,RU2605,16835.0,231410.0,149723.0,-0.0035640035640036
20260306,RU2606,16830.0,35.0,146.0,-0.035650623885918
20260306,RU2607,16780.0,204.0,411.0,-0.0429082240762812
20260306,RU2608,16720.0,23.0,45.0,0.0215311004784695
20260306,RU2609,16750.0,38330.0,69369.0,0.0214925373134322
20260306,RU2610,16780.0,54.0,314.0,-0.0357568533969017
20260306,RU2611,16730.0,36.0,346.0,0.0054194062562263
20260306,RU2701,17410.0,1700.0,3087.0,0.0
20260309,RU2603,17030.0,75.0,472.0,0.0246623605402236
20260309,RU2604,17065.0,479.0,313.0,-0.1195429241136829
20260309,RU2605,16895.0,607728.0,144455.0,0.0355134655223432
20260309,RU2606,16945.0,283.0,179.0,-0.0531130126881085
20260309,RU2607,16870.0,644.0,405.0,0.0284528749259038
20260309,RU2608,16910.0,53.0,51.0,-0.0958013010053222
20260309,RU2609,16775.0,119646.0,65382.0,0.0929955290611026
20260309,RU2610,16905.0,194.0,291.0,-0.0674356699201421
20260309,RU2611,16810.0,343.0,429.0,0.00523497917906
20260309,RU2701,17470.0,2097.0,3204.0,0.0
20260310,RU2603,17025.0,0.0,472.0,0.1233480176211463
20260310,RU2604,17200.0,253.0,277.0,-0.0593023255813949
20260310,RU2605,17115.0,404983.0,147583.0,-0.0560911481156876
20260310,RU2606,17035.0,215.0,128.0,-0.0070443205165839
20260310,RU2607,17025.0,461.0,386.0,0.0176211453744494
20260310,RU2608,17050.0,197.0,56.0,-0.0387096774193542
20260310,RU2609,16995.0,89613.0,70810.0,-0.0247131509267428
20260310,RU2610,16960.0,39.0,287.0,0.0212264150943388
20260310,RU2611,16990.0,233.0,403.0,0.0053757112026682
20260310,RU2701,17675.0,1530.0,3493.0,0.0
20260311,RU2603,17170.0,37.0,468.0,0.0663948747815963
20260311,RU2604,17265.0,99.0,241.0,-0.0590790616854906
20260311,RU2605,17180.0,321087.0,143610.0,-0.0244470314318969
20260311,RU2606,17145.0,160.0,115.0,-0.0209973753280845
20260311,RU2607,17115.0,349.0,381.0,0.0105170902716906
20260311,RU2608,17130.0,6.0,54.0,-0.0420315236427315
20260311,RU2609,17070.0,70921.0,73074.0,0.0070298769771541
20260311,RU2610,17080.0,23.0,288.0,-0.0281030444964871
20260311,RU2611,17040.0,91.0,409.0,0.0054381846635367
20260311,RU2701,17735.0,1428.0,3682.0,0.0
20260312,RU2603,17345.0,1.0,467.0,-0.121072355145575
20260312,RU2604,17170.0,54.0,237.0,-0.0663948747815963
20260312,RU2605,17075.0,421824.0,141956.0,-0.0316251830161049
20260312,RU2606,17030.0,133.0,98.0,-0.0105695830886665
20260312,RU2607,17015.0,521.0,384.0,0.0528945048486635
20260312,RU2608,17090.0,37.0,50.0,-0.0772381509654769
20260312,RU2609,16980.0,98622.0,76638.0,0.0
20260312,RU2610,16980.0,47.0,293.0,-0.0106007067137809
20260312,RU2611,16965.0,129.0,410.0,0.0056587091069849
20260312,RU2701,17685.0,2895.0,4332.0,0.0
20260313,RU2603,17130.0,8.0,467.0,-0.2136602451838873
20260313,RU2604,16825.0,34.0,223.0,-0.0427934621099552
20260313,RU2605,16765.0,340904.0,140305.0,0.0143155383238893
20260313,RU2606,16785.0,95.0,104.0,-0.0536193029490612
20260313,RU2607,16710.0,385.0,373.0,0.068222621184919
20260313,RU2608,16805.0,35.0,55.0,-0.0963998809878012
20260313,RU2609,16670.0,81071.0,73750.0,0.0143971205758859
20260313,RU2610,16690.0,27.0,291.0,0.0
20260313,RU2611,16690.0,110.0,422.0,0.005791891352107
20260313,RU2701,17415.0,1283.0,4512.0,0.0
20260316,RU2603,16950.0,0.0,467.0,-0.0141592920353978
20260316,RU2604,16930.0,39.0,224.0,-0.042528056704076
20260316,RU2605,16870.0,278101.0,134869.0,0.0
20260316,RU2606,16870.0,76.0,132.0,-0.0177830468286899
20260316,RU2607,16845.0,266.0,372.0,-0.010685663401603
20260316,RU2608,16830.0,29.0,43.0,-0.0320855614973263
20260316,RU2609,16785.0,63101.0,74940.0,-0.0178731009830208
20260316,RU2610,16760.0,13.0,291.0,0.021479713603818
20260316,RU2611,16790.0,275.0,472.0,0.0059162199722056
20260316,RU2701,17535.0,1851.0,4706.0,0.0
20260317,RU2604,16810.0,44.0,220.0,-0.007138607971445
20260317,RU2605,16800.0,258506.0,133055.0,0.0035714285714298
20260317,RU2606,16805.0,29.0,130.0,-0.0357036596251116
20260317,RU2607,16755.0,191.0,365.0,0.0035810205908672
20260317,RU2608,16760.0,29.0,50.0,-0.0393794749403344
20260317,RU2609,16705.0,59878.0,77058.0,0.1077521700089789
20260317,RU2610,16855.0,11.0,293.0,-0.1174725600711958
20260317,RU2611,16690.0,95.0,484.0,0.0058318354303974
20260317,RU2701,17420.0,2634.0,5211.0,0.0189437428243399
20260317,RU2703,17475.0,0.0,0.0,0.0
20260318,RU2604,16415.0,37.0,222.0,-0.010965580261955
20260318,RU2605,16400.0,298877.0,127172.0,-0.0073170731707317
20260318,RU2606,16390.0,113.0,139.0,-0.0439292251372793
20260318,RU2607,16330.0,329.0,393.0,0.0367421922841391
20260318,RU2608,16380.0,28.0,58.0,-0.0586080586080584
20260318,RU2609,16300.0,82083.0,78140.0,-0.014723926380368
20260318,RU2610,16280.0,47.0,288.0,-0.0036855036855034
20260318,RU2611,16275.0,266.0,496.0,0.0060624679979518
20260318,RU2701,17015.0,2166.0,5157.0,-0.0299735527475759
20260318,RU2703,16930.0,1.0,1.0,0.0
20260319,RU2604,16160.0,70.0,235.0,-0.0519801980198013
20260319,RU2605,16090.0,303515.0,117267.0,0.0074580484773161
20260319,RU2606,16100.0,161.0,163.0,-0.0260869565217389
20260319,RU2607,16065.0,371.0,407.0,-0.0074696545284775
20260319,RU2608,16055.0,10.0,56.0,-0.0186857676736225
20260319,RU2609,16030.0,94503.0,83437.0,-0.0074859638178419
20260319,RU2610,16020.0,82.0,305.0,0.0
20260319,RU2611,16020.0,188.0,482.0,0.0062421972534332
20260319,RU2701,16770.0,3485.0,4772.0,0.0107334525939171
20260319,RU2703,16800.0,2.0,2.0,0.0
20260320,RU2604,16055.0,188.0,317.0,-0.0411086888819687
20260320,RU2605,16000.0,251638.0,116500.0,0.0037499999999992
20260320,RU2606,16005.0,79.0,146.0,-0.0187441424554828
20260320,RU2607,15980.0,296.0,415.0,0.0413016270337918
20260320,RU2608,16035.0,18.0,60.0,-0.0636108512628625
20260320,RU2609,15950.0,80552.0,85714.0,-0.0150470219435732
20260320,RU2610,15930.0,140.0,333.0,0.0075329566854991
20260320,RU2611,15940.0,244.0,504.0,0.0065662902551233
20260320,RU2701,16725.0,2551.0,5083.0,0.0107623318385647
20260320,RU2703,16755.0,2.0,2.0,0.0
20260323,RU2604,16200.0,163.0,364.0,-0.0407407407407411
20260323,RU2605,16145.0,326382.0,116891.0,-0.0074326416847316
20260323,RU2606,16135.0,232.0,186.0,-0.0185931205453986
20260323,RU2607,16110.0,654.0,451.0,0.0558659217877091
20260323,RU2608,16185.0,15.0,58.0,-0.051899907321594
20260323,RU2609,16115.0,112733.0,88867.0,0.0186161960905986
20260323,RU2610,16140.0,200.0,292.0,-0.0408921933085495
20260323,RU2611,16085.0,280.0,510.0,0.0067557766034607
20260323,RU2701,16900.0,2497.0,5552.0,-0.003550295857988
20260323,RU2703,16890.0,0.0,2.0,0.0
20260324,RU2604,16230.0,30.0,360.0,-0.0036968576709792
20260324,RU2605,16225.0,299408.0,111774.0,0.0406779661016942
20260324,RU2606,16280.0,370.0,190.0,-0.0257985257985255
20260324,RU2607,16245.0,365.0,445.0,0.0332409972299165
20260324,RU2608,16290.0,20.0,60.0,-0.0405156537753228
20260324,RU2609,16235.0,92005.0,91760.0,-0.0147828765013859
20260324,RU2610,16215.0,24.0,285.0,0.0296022201665113
20260324,RU2611,16255.0,214.0,524.0,0.0063160053316928
20260324,RU2701,17025.0,1903.0,5695.0,0.0370044052863436
20260324,RU2703,17130.0,14.0,9.0,0.0
20260325,RU2604,16435.0,453.0,391.0,-0.0036507453605105
20260325,RU2605,16430.0,243858.0,107227.0,0.043822276323798
20260325,RU2606,16490.0,108.0,193.0,-0.0181928441479684
20260325,RU2607,16465.0,370.0,436.0,0.0072881870634669
20260325,RU2608,16475.0,24.0,68.0,0.0
20260325,RU2609,16475.0,92597.0,93058.0,-0.0291350531107741
20260325,RU2610,16435.0,49.0,276.0,0.0073014907210211
20260325,RU2611,16445.0,160.0,511.0,0.0064862673558325
20260325,RU2701,17245.0,2097.0,5794.0,0.0156567120904607
20260325,RU2703,17290.0,32.0,11.0,0.0
20260326,RU2604,16405.0,349.0,215.0,0.040231636696129
20260326,RU2605,16460.0,205890.0,102159.0,0.0291616038882134
20260326,RU2606,16500.0,107.0,205.0,-0.0036363636363629
20260326,RU2607,16495.0,230.0,428.0,0.0327371930888151
20260326,RU2608,16540.0,22.0,68.0,-0.0253929866989119
20260326,RU2609,16505.0,85699.0,96195.0,0.003635262041806
20260326,RU2610,16510.0,21.0,283.0,-0.0218049666868567
20260326,RU2611,16480.0,136.0,521.0,0.0065533980582524
20260326,RU2701,17290.0,3288.0,6173.0,0.0294968189705029
20260326,RU2703,17375.0,10.0,11.0,0.0
20260327,RU2604,16485.0,65.0,216.0,0.0181983621474071
20260327,RU2605,16510.0,233521.0,91950.0,0.0363416111447598
20260327,RU2606,16560.0,110.0,187.0,-0.0144927536231884
20260327,RU2607,16540.0,261.0,451.0,0.0253929866989119
20260327,RU2608,16575.0,30.0,68.0,-0.0144796380090497
20260327,RU2609,16555.0,82998.0,102743.0,0.0144971307762018
20260327,RU2610,16575.0,102.0,262.0,-0.025339366515837
20260327,RU2611,16540.0,1950.0,717.0,0.0062877871825876
20260327,RU2701,17320.0,1448.0,6186.0,0.0069284064665122
20260327,RU2703,17340.0,6.0,15.0,0.0
20260330,RU2604,16450.0,20.0,206.0,0.0656534954407286
20260330,RU2605,16540.0,183593.0,81467.0,0.0326481257557436
20260330,RU2606,16585.0,62.0,190.0,-0.0108531805848652
20260330,RU2607,16570.0,281.0,451.0,-0.0217260108630057
20260330,RU2608,16540.0,16.0,63.0,0.0181378476420803
20260330,RU2609,16565.0,88708.0,108804.0,0.0072441895562933
20260330,RU2610,16575.0,23.0,253.0,-0.0036199095022624
20260330,RU2611,16570.0,376.0,723.0,0.0059545363106014
20260330,RU2701,17310.0,1470.0,6489.0,0.0311958405545924
20260330,RU2703,17400.0,8.0,19.0,0.0
20260331,RU2604,16340.0,17.0,200.0,0.0036719706242358
20260331,RU2605,16345.0,181782.0,71598.0,0.029366778831446
20260331,RU2606,16385.0,179.0,233.0,-0.0036618858712231
20260331,RU2607,16380.0,278.0,503.0,0.0549450549450547
20260331,RU2608,16455.0,28.0,70.0,-0.040109389243391
20260331,RU2609,16400.0,90295.0,111032.0,0.0182926829268286
20260331,RU2610,16425.0,20.0,259.0,0.0036529680365298
20260331,RU2611,16430.0,507.0,765.0,0.0060864272671941
20260331,RU2701,17180.0,2597.0,7016.0,0.0314318975552962
20260331,RU2703,17270.0,12.0,20.0,0.0
20260401,RU2604,16360.0,24.0,196.0,0.0403422982885093
20260401,RU2605,16415.0,331751.0,63272.0,0.051172707889127
20260401,RU2606,16485.0,271.0,254.0,-0.0181983621474071
20260401,RU2607,16460.0,524.0,525.0,0.0291616038882134
20260401,RU2608,16500.0,69.0,72.0,0.0036363636363629
20260401,RU2609,16505.0,175871.0,115270.0,-0.0145410481672216
20260401,RU2610,16485.0,160.0,243.0,0.0036396724294824
20260401,RU2611,16490.0,578.0,660.0,0.0063068526379624
20260401,RU2701,17270.0,6032.0,7037.0,-0.0069484655471914
20260401,RU2703,17250.0,21.0,22.0,0.0
20260402,RU2604,16615.0,9.0,196.0,0.0613903099608794
20260402,RU2605,16700.0,185312.0,59785.0,0.0035928143712569
20260402,RU2606,16705.0,358.0,343.0,0.0323256510026936
20260402,RU2607,16750.0,712.0,488.0,-0.0179104477611935
20260402,RU2608,16725.0,60.0,81.0,0.0286995515695061
20260402,RU2609,16765.0,115145.0,119784.0,-0.0178944229048609
20260402,RU2610,16740.0,94.0,199.0,0.0071684587813622
20260402,RU2611,16750.0,186.0,645.0,0.0059701492537313
20260402,RU2701,17500.0,1878.0,7149.0,0.008571428571428
20260402,RU2703,17525.0,9.0,25.0,0.0
20260403,RU2604,16815.0,20.0,192.0,0.0214094558429982
20260403,RU2605,16845.0,199047.0,55553.0,0.0142475512021382
20260403,RU2606,16865.0,355.0,244.0,0.017788319003853
20260403,RU2607,16890.0,461.0,486.0,0.0
20260403,RU2608,16890.0,71.0,88.0,0.0248667850799302
20260403,RU2609,16925.0,137121.0,125605.0,-0.0141802067946823
20260403,RU2610,16905.0,84.0,211.0,-0.0070984915705412
20260403,RU2611,16895.0,182.0,653.0,0.0058794515142547
20260403,RU2701,17640.0,3447.0,7550.0,0.0170068027210885
20260403,RU2703,17690.0,19.0,26.0,0.0
20260407,RU2604,16930.0,25.0,192.0,-0.0035440047253398
20260407,RU2605,16925.0,118260.0,53347.0,0.0460856720827189
20260407,RU2606,16990.0,80.0,250.0,0.0035314891112427
20260407,RU2607,16995.0,237.0,533.0,0.0105913503971768
20260407,RU2608,17010.0,9.0,87.0,0.00352733686067
20260407,RU2609,17015.0,102625.0,129971.0,-0.0141052012929767
20260407,RU2610,16995.0,62.0,217.0,0.0176522506619605
20260407,RU2611,17020.0,115.0,665.0,0.0053662358010183
20260407,RU2701,17705.0,4311.0,8180.0,-0.0084721829991529
20260407,RU2703,17680.0,8.0,29.0,0.0
20260408,RU2604,16950.0,10.0,190.0,0.0247787610619463
20260408,RU2605,16985.0,188529.0,47746.0,0.0353252870179563
20260408,RU2606,17035.0,257.0,283.0,0.0281772820663332
20260408,RU2607,17075.0,1070.0,794.0,-0.0035139092240115
20260408,RU2608,17070.0,75.0,138.0,0.0386643233743413
20260408,RU2609,17125.0,208546.0,142116.0,-0.0350364963503646
20260408,RU2610,17075.0,135.0,205.0,0.014055636896046
20260408,RU2611,17095.0,466.0,631.0,0.0060056546748562
20260408,RU2701,17865.0,6146.0,8910.0,-0.0419815281276236
20260408,RU2703,17740.0,22.0,42.0,0.0
20260409,RU2604,16905.0,0.0,190.0,0.0709849157054121
20260409,RU2605,17005.0,75706.0,40827.0,0.0352837400764478
20260409,RU2606,17055.0,223.0,297.0,0.0316622691292867
20260409,RU2607,17100.0,451.0,837.0,0.0210526315789474
20260409,RU2608,17130.0,14.0,134.0,0.0070052539404565
20260409,RU2609,17140.0,265971.0,154416.0,0.0070011668611442
20260409,RU2610,17150.0,76.0,170.0,-0.0139941690962093
20260409,RU2611,17130.0,276.0,644.0,0.0054485308425763
20260409,RU2701,17830.0,5697.0,9845.0,0.0067302299495235
20260409,RU2703,17850.0,15.0,42.0,0.0
20260410,RU2604,16905.0,0.0,190.0,-0.1490683229813667
20260410,RU2605,16695.0,65821.0,34608.0,0.0395327942497747
20260410,RU2606,16750.0,329.0,345.0,0.0179104477611948
20260410,RU2607,16775.0,685.0,897.0,0.0071535022354698
20260410,RU2608,16785.0,171.0,210.0,0.0214477211796255
20260410,RU2609,16815.0,311929.0,156066.0,-0.0107047279214991
20260410,RU2610,16800.0,104.0,158.0,0.0035714285714298
20260410,RU2611,16805.0,439.0,697.0,0.0057919270058514
20260410,RU2701,17535.0,6186.0,10129.0,-0.0051325919589391
20260410,RU2703,17520.0,24.0,35.0,0.0
20260413,RU2604,16905.0,0.0,190.0,-0.1561668145519079
20260413,RU2605,16685.0,45670.0,30672.0,0.0359604435121374
20260413,RU2606,16735.0,201.0,275.0,0.0215118016133848
20260413,RU2607,16765.0,740.0,902.0,0.0035788845809729
20260413,RU2608,16770.0,193.0,180.0,0.0178890876565285
20260413,RU2609,16795.0,284602.0,153389.0,-0.0214349508782372
20260413,RU2610,16765.0,43.0,144.0,-0.0035788845809716
20260413,RU2611,16760.0,993.0,1034.0,0.0061256961018297
20260413,RU2701,17530.0,6077.0,10254.0,-0.0633200228180259
20260413,RU2703,17345.0,15.0,34.0,0.0
20260414,RU2604,16905.0,0.0,190.0,-0.2023070097604264
20260414,RU2605,16620.0,30016.0,28999.0,0.0397111913357397
20260414,RU2606,16675.0,167.0,301.0,0.0359820089955018
20260414,RU2607,16725.0,372.0,914.0,0.0
20260414,RU2608,16725.0,43.0,178.0,0.0107623318385661
20260414,RU2609,16740.0,245263.0,152384.0,-0.0215053763440855
20260414,RU2610,16710.0,38.0,148.0,0.0071813285457817
20260414,RU2611,16720.0,262.0,1032.0,0.0060207336523125
20260414,RU2701,17475.0,3926.0,10975.0,-0.0017167381974245
20260414,RU2703,17470.0,7.0,34.0,0.0
20260415,RU2604,16905.0,0.0,190.0,-0.1739130434782603
20260415,RU2605,16660.0,24220.0,27396.0,0.0288115246098445
20260415,RU2606,16700.0,155.0,296.0,0.0574850299401186
20260415,RU2607,16780.0,267.0,910.0,-0.0035756853396904
20260415,RU2608,16775.0,78.0,178.0,0.0178837555886746
20260415,RU2609,16800.0,227316.0,154163.0,0.0
20260415,RU2610,16800.0,33.0,149.0,-0.0071428571428571
20260415,RU2611,16790.0,232.0,1035.0,0.0059559261465157
20260415,RU2701,17540.0,2901.0,11033.0,-0.0068415051311285
20260415,RU2703,17520.0,12.0,32.0,0.0
20260416,RU2605,16680.0,24269.0,26326.0,0.0359712230215825
20260416,RU2606,16730.0,82.0,291.0,0.0358637178720853
20260416,RU2607,16780.0,292.0,924.0,-0.0035756853396904
20260416,RU2608,16775.0,25.0,181.0,0.0214605067064095
20260416,RU2609,16805.0,266468.0,159391.0,-0.0142814638500441
20260416,RU2610,16785.0,32.0,147.0,-0.007149240393208
20260416,RU2611,16775.0,165.0,1043.0,0.0059215101838052
20260416,RU2701,17520.0,2692.0,11268.0,0.0205479452054788
20260416,RU2703,17580.0,10.0,32.0,-0.020477815699659
20260416,RU2704,17550.0,17.0,10.0,0.0
20260417,RU2605,16535.0,26819.0,23862.0,0.0290293317205918
20260417,RU2606,16575.0,117.0,285.0,0.0036199095022624
20260417,RU2607,16580.0,230.0,910.0,-0.0832328106151996
20260417,RU2608,16465.0,49.0,176.0,0.1202550865472211
20260417,RU2609,16630.0,299313.0,159547.0,-0.0144317498496691
20260417,RU2610,16610.0,40.0,156.0,0.0
20260417,RU2611,16610.0,258.0,1044.0,0.005980333132651
20260417,RU2701,17355.0,4164.0,11552.0,-0.0103716508210891
20260417,RU2703,17325.0,15.0,31.0,-0.0207792207792203
20260417,RU2704,17295.0,4.0,11.0,0.0
20260420,RU2605,16945.0,32055.0,22051.0,0.0389495426379458
20260420,RU2606,17000.0,315.0,330.0,0.038823529411764
20260420,RU2607,17055.0,396.0,947.0,0.02462620932278
20260420,RU2608,17090.0,158.0,193.0,-0.0070216500877711
20260420,RU2609,17080.0,344937.0,174962.0,0.0035128805620612
20260420,RU2610,17085.0,96.0,164.0,-0.0140474100087799
20260420,RU2611,17065.0,403.0,1150.0,0.0058599472604746
20260420,RU2701,17815.0,7372.0,12375.0,0.0151557676115636
20260420,RU2703,17860.0,15.0,30.0,-0.0470324748040313
20260420,RU2704,17790.0,13.0,15.0,0.0
20260421,RU2605,16920.0,19348.0,20064.0,0.049645390070923
20260421,RU2606,16990.0,140.0,325.0,0.0247204237786942
20260421,RU2607,17025.0,172.0,956.0,0.0140969162995601
20260421,RU2608,17045.0,18.0,193.0,0.014080375476678
20260421,RU2609,17065.0,251739.0,182907.0,0.0
20260421,RU2610,17065.0,32.0,157.0,-0.0246117784939934
20260421,RU2611,17030.0,290.0,1089.0,0.0059894304169113
20260421,RU2701,17795.0,5266.0,12438.0,0.0016858668165209
20260421,RU2703,17800.0,14.0,31.0,-0.0674157303370788
20260421,RU2704,17700.0,3.0,18.0,0.0
20260422,RU2605,17070.0,25049.0,17304.0,0.0456942003514928
20260422,RU2606,17135.0,166.0,293.0,0.0280128392179737
20260422,RU2607,17175.0,388.0,978.0,0.0279475982532764
20260422,RU2608,17215.0,43.0,194.0,0.0034853325588146
20260422,RU2609,17220.0,296397.0,193347.0,0.0
20260422,RU2610,17220.0,44.0,159.0,-0.013937282229965
20260422,RU2611,17200.0,277.0,1133.0,0.0056976744186046
20260422,RU2701,17935.0,7558.0,13324.0,0.0016727069974904
20260422,RU2703,17940.0,21.0,41.0,-0.0267558528428097
20260422,RU2704,17900.0,14.0,26.0,0.0
20260423,RU2605,16955.0,36613.0,15573.0,0.031849012090829
20260423,RU2606,17000.0,349.0,366.0,0.0494117647058827
20260423,RU2607,17070.0,842.0,1206.0,0.0140597539543056
20260423,RU2608,17090.0,165.0,237.0,0.0210649502633106
20260423,RU2609,17120.0,503399.0,199237.0,0.0035046728971961
20260423,RU2610,17125.0,134.0,132.0,-0.0140145985401458
20260423,RU2611,17105.0,568.0,1143.0,0.0061970184156679
20260423,RU2701,17900.0,15196.0,14723.0,0.0083798882681564
20260423,RU2703,17925.0,40.0,43.0,-0.0200836820083685
20260423,RU2704,17895.0,44.0,34.0,0.0
20260424,RU2605,16895.0,24621.0,14233.0,0.0390648120745789
20260424,RU2606,16950.0,134.0,363.0,0.0460176991150431
20260424,RU2607,17015.0,349.0,1189.0,0.0352630032324432
20260424,RU2608,17065.0,121.0,229.0,-0.0035159683562842
20260424,RU2609,17060.0,305088.0,193257.0,-0.003516998827667
20260424,RU2610,17055.0,31.0,126.0,-0.0105540897097626
20260424,RU2611,17040.0,192.0,1108.0,0.0061815336463223
20260424,RU2701,17830.0,10777.0,14469.0,0.0100953449242853
20260424,RU2703,17860.0,7.0,43.0,-0.0134378499440095
20260424,RU2704,17840.0,17.0,35.0,0.0
20260427,RU2605,17070.0,16951.0,10241.0,0.052724077328647
20260427,RU2606,17145.0,156.0,377.0,0.0314960629921268
20260427,RU2607,17190.0,377.0,1237.0,0.0139616055846421
20260427,RU2608,17210.0,70.0,190.0,0.0104590354445077
20260427,RU2609,17225.0,295265.0,194078.0,0.017416545718432
20260427,RU2610,17250.0,65.0,118.0,-0.0104347826086961
20260427,RU2611,17235.0,881.0,1475.0,0.0058408277729426
20260427,RU2701,17990.0,10404.0,15516.0,0.0100055586436909
20260427,RU2703,18020.0,1.0,43.0,-0.0133185349611544
20260427,RU2704,18000.0,14.0,37.0,0.0
20260428,RU2605,17225.0,17882.0,7097.0,0.0557329462989848
20260428,RU2606,17305.0,208.0,383.0,0.0381392661080601
20260428,RU2607,17360.0,466.0,1235.0,-0.0069124423963131
20260428,RU2608,17350.0,85.0,167.0,0.0311239193083565
20260428,RU2609,17395.0,355892.0,192155.0,-0.0344926703075598
20260428,RU2610,17345.0,150.0,151.0,0.006918420294034
20260428,RU2611,17355.0,1024.0,1777.0,0.0059540958417362
20260428,RU2701,18130.0,11312.0,16266.0,-0.0016547159404303
20260428,RU2703,18125.0,16.0,44.0,-0.0198620689655171
20260428,RU2704,18095.0,23.0,43.0,0.0
20260429,RU2605,17470.0,13841.0,5014.0,0.0652547223812245
20260429,RU2606,17565.0,430.0,464.0,0.0102476515798475
20260429,RU2607,17580.0,721.0,1219.0,0.0102389078498301
20260429,RU2608,17595.0,37.0,168.0,0.0272804774083557
20260429,RU2609,17635.0,398376.0,199149.0,-0.0170116246101499
20260429,RU2610,17610.0,99.0,165.0,0.0204429301533206
20260429,RU2611,17640.0,851.0,1930.0,0.0058201058201058
20260429,RU2701,18410.0,14163.0,17147.0,-0.0097772949483974
20260429,RU2703,18380.0,46.0,52.0,-0.0457018498367793
20260429,RU2704,18310.0,27.0,54.0,0.0
20260430,RU2605,17410.0,4207.0,3352.0,0.0516944284893741
20260430,RU2606,17485.0,225.0,507.0,0.0240205890763505
20260430,RU2607,17520.0,320.0,1180.0,-0.003424657534246
20260430,RU2608,17515.0,76.0,183.0,0.0513845275478148
20260430,RU2609,17590.0,276267.0,191346.0,0.0068220579874918
20260430,RU2610,17600.0,59.0,158.0,-0.0068181818181822
20260430,RU2611,17590.0,607.0,1965.0,0.0056471480007579
20260430,RU2701,18335.0,17163.0,17499.0,-0.0032724297791106
20260430,RU2703,18325.0,16.0,49.0,-0.0425648021828104
20260430,RU2704,18260.0,14.0,52.0,0.0
20260506,RU2605,17655.0,1208.0,2850.0,0.0577740016992347
20260506,RU2606,17740.0,213.0,520.0,0.0
20260506,RU2607,17740.0,273.0,1205.0,0.0033821871476877
20260506,RU2608,17745.0,24.0,183.0,0.0169061707523239
20260506,RU2609,17770.0,246957.0,201756.0,0.0033764772087794
20260506,RU2610,17775.0,71.0,132.0,0.0168776371308023
20260506,RU2611,17800.0,312.0,1999.0,0.0053932584269662
20260506,RU2701,18520.0,17779.0,18465.0,0.006479481641469
20260506,RU2703,18540.0,34.0,62.0,-0.0420711974110035
20260506,RU2704,18475.0,33.0,60.0,0.0
20260507,RU2605,17835.0,1663.0,2295.0,0.0538267451640042
20260507,RU2606,17915.0,614.0,656.0,-0.0100474462740725
20260507,RU2607,17900.0,523.0,1143.0,-0.053631284916201
20260507,RU2608,17820.0,99.0,203.0,0.0841750841750847
20260507,RU2609,17945.0,432915.0,211502.0,0.0100306492059081
20260507,RU2610,17960.0,102.0,140.0,0.0033407572383072
20260507,RU2611,17965.0,415.0,1974.0,0.0053808331014008
20260507,RU2701,18690.0,25900.0,19256.0,-0.0064205457463881
20260507,RU2703,18670.0,67.0,80.0,-0.0642742367434388
20260507,RU2704,18570.0,38.0,63.0,0.0
20260508,RU2605,17730.0,1561.0,1798.0,0.0879864636209806
20260508,RU2606,17860.0,686.0,697.0,-0.0302351623740197
20260508,RU2607,17815.0,717.0,1150.0,0.0067358967162514
20260508,RU2608,17825.0,81.0,205.0,0.0033660589060309
20260508,RU2609,17830.0,452438.0,205462.0,0.0235558048233324
20260508,RU2610,17865.0,105.0,149.0,0.0033585222502088
20260508,RU2611,17870.0,1031.0,2153.0,0.0053348255922402
20260508,RU2701,18585.0,24183.0,19700.0,0.0016142050040355
20260508,RU2703,18590.0,48.0,77.0,-0.0290478752017211
20260508,RU2704,18545.0,43.0,66.0,0.0
20260511,RU2605,17785.0,188.0,1748.0,0.0
20260511,RU2606,17785.0,434.0,706.0,0.0404835535563679
20260511,RU2607,17845.0,566.0,1090.0,-0.030260577192490867
20260511,RU2608,17800.0,108.0,208.0,0.0438202247191013
20260511,RU2609,17865.0,338959.0,204956.0,-0.040302267002519265
20260511,RU2610,17805.0,63.0,162.0,0.07076663858466592
20260511,RU2611,17910.0,405.0,2176.0,0.005322910850549049
20260511,RU2701,18625.0,19708.0,20040.0,0.0016107382550329952
20260511,RU2703,18630.0,35.0,90.0,-0.02254428341384873
20260511,RU2704,18595.0,26.0,74.0,0.0
