date,symbol,close,volume,open_interest,roll_yield
20250526,SH2506,2605.0,2094,2434,-0.3410780510808056
20250526,SH2507,2532.0,48747,23293,-0.152625268893296
20250526,SH2508,2500.0,22688,14891,-0.0673888654276289
20250526,SH2509,2486.0,339170,140025,0.1009419130516424
20250526,SH2510,2507.0,1554,1981,-0.1105998612590874
20250526,SH2511,2484.0,209,422,0.0096579482074445
20250526,SH2512,2486.0,116,439,-0.1456917936434803
20250526,SH2601,2456.0,3127,7126,0.0146490353899131
20250526,SH2602,2459.0,52,656,0.0778275934391766
20250526,SH2603,2475.0,32,622,0.1061953833237911
20250526,SH2604,2497.0,21,201,0.0144086469182266
20250526,SH2605,2500.0,60,123,0.0
20250527,SH2506,2613.0,1682,2264,-0.4587141958412746
20250527,SH2507,2515.0,50325,19014,-0.2166558349418004
20250527,SH2508,2470.0,25621,16497,-0.1024604720382611
20250527,SH2509,2449.0,398138,146323,0.0830115212654631
20250527,SH2510,2466.0,1687,2035,-0.102627381783807
20250527,SH2511,2445.0,549,519,-0.0541095403379996
20250527,SH2512,2434.0,281,480,-0.1988446491546487
20250527,SH2601,2394.0,9293,8878,0.0500209144461575
20250527,SH2602,2404.0,142,677,0.0547832451788983
20250527,SH2603,2415.0,125,615,0.1432410504577547
20250527,SH2604,2444.0,57,223,-0.0147389987823098
20250527,SH2605,2441.0,39,128,0.0
20250528,SH2506,2623.0,960,2067,-0.400037043211102
20250528,SH2507,2537.0,29082,16909,-0.2485154528226326
20250528,SH2508,2485.0,18974,17724,-0.1408637911643526
20250528,SH2509,2456.0,286556,148094,0.0390244246365277
20250528,SH2510,2464.0,872,2067,-0.1519317824386527
20250528,SH2511,2433.0,304,582,-0.1090015752282184
20250528,SH2512,2411.0,205,596,-0.2413152119311583
20250528,SH2601,2363.0,3917,9152,0.0557315757924673
20250528,SH2602,2374.0,89,692,0.050441436187523
20250528,SH2603,2384.0,64,630,0.1798534915859005
20250528,SH2604,2420.0,35,243,-0.0596521526642446
20250528,SH2605,2408.0,33,136,0.0
20250529,SH2506,2637.0,858,1656,-0.4733792439360371
20250529,SH2507,2535.0,33938,14579,-0.1764387040771267
20250529,SH2508,2498.0,15505,18011,-0.0916219038039892
20250529,SH2509,2479.0,493147,145147,0.0290088779464634
20250529,SH2510,2485.0,1086,2241,-0.1898234674033365
20250529,SH2511,2446.0,284,584,-0.0836926469393421
20250529,SH2512,2429.0,177,592,-0.2445499480398256
20250529,SH2601,2380.0,5853,9014,0.0452925679234696
20250529,SH2602,2389.0,61,696,0.0451222591397994
20250529,SH2603,2398.0,53,633,0.1590744089656155
20250529,SH2604,2430.0,11,244,-0.0098806098624625
20250529,SH2605,2428.0,53,154,0.0
20250530,SH2506,2714.0,2255,268,-0.8566887960794429
20250530,SH2507,2527.0,43028,11858,-0.2349725423892781
20250530,SH2508,2478.0,24431,16578,-0.1070132750646558
20250530,SH2509,2456.0,557576,132592,0.0292802097283875
20250530,SH2510,2462.0,1211,2116,-0.1965645915763356
20250530,SH2511,2422.0,236,599,-0.0895155414952722
20250530,SH2512,2404.0,164,595,-0.2318425746933833
20250530,SH2601,2358.0,6237,9932,0.081149928867566
20250530,SH2602,2374.0,252,786,0.0403700969475848
20250530,SH2603,2382.0,306,676,0.1651057940571329
20250530,SH2604,2415.0,205,203,-0.0149160988751643
20250530,SH2605,2412.0,252,268,0.0
20250603,SH2506,2581.0,176,120,-0.4162813943406713
20250603,SH2507,2493.0,16822,11927,-0.3864201823929732
20250603,SH2508,2414.0,10516,16064,-0.215679787104856
20250603,SH2509,2371.0,319121,163398,0.0
20250603,SH2510,2371.0,4170,4848,-0.2196273265689242
20250603,SH2511,2328.0,3309,3471,-0.1087386081308969
20250603,SH2512,2307.0,281,637,-0.1887325928183418
20250603,SH2601,2271.0,6285,11356,0.1261509646690438
20250603,SH2602,2295.0,81,792,0.020896827222433
20250603,SH2603,2299.0,68,690,0.3447182373018076
20250603,SH2604,2366.0,13,200,-0.1839899757430302
20250603,SH2605,2330.0,112,338,0.0
20250604,SH2506,2691.0,95,12,-1.1014333259794178
20250604,SH2507,2455.0,29702,11328,-0.3119631018971827
20250604,SH2508,2392.0,15798,16683,-0.1260780666784613
20250604,SH2509,2367.0,526576,170307,0.0202617186170584
20250604,SH2510,2371.0,10071,8528,-0.1323168622203084
20250604,SH2511,2345.0,6512,8174,-0.0358744661803925
20250604,SH2512,2338.0,362,531,-0.1601746062991207
20250604,SH2601,2307.0,12004,12766,0.0777708490089977
20250604,SH2602,2322.0,119,773,0.061855807063973
20250604,SH2603,2334.0,53,695,0.193799367253377
20250604,SH2604,2372.0,30,204,-0.1271467711991104
20250604,SH2605,2347.0,194,375,0.0
20250605,SH2506,2730.0,12,0,-1.3378108021002646
20250605,SH2507,2442.0,32293,12776,-0.4098690798119307
20250605,SH2508,2360.0,21056,18148,-0.1432242065912735
20250605,SH2509,2332.0,493805,188998,0.04109593057637
20250605,SH2510,2340.0,11624,10234,-0.1600367879670204
20250605,SH2511,2309.0,8217,13256,-0.0364346408720089
20250605,SH2512,2302.0,319,590,-0.2262728737658963
20250605,SH2601,2259.0,13178,14116,0.1425759346410322
20250605,SH2602,2286.0,65,783,0.0419214400147215
20250605,SH2603,2294.0,58,714,0.1817036663402992
20250605,SH2604,2329.0,21,202,-0.072351640368078
20250605,SH2605,2315.0,239,471,0.0
20250606,SH2507,2441.0,28715,10225,-0.3592783948100953
20250606,SH2508,2369.0,31970,15977,-0.1734724086694531
20250606,SH2509,2335.0,504556,173894,0.0615123089763103
20250606,SH2510,2347.0,9926,10763,-0.1543760570237681
20250606,SH2511,2317.0,7070,14732,-0.0363086509984434
20250606,SH2512,2310.0,182,614,-0.2201896640183585
20250606,SH2601,2268.0,10107,14261,0.1210802112702341
20250606,SH2602,2291.0,95,809,0.0418301077162312
20250606,SH2603,2299.0,82,732,0.1658773712709071
20250606,SH2604,2331.0,26,206,-0.0206097088015849
20250606,SH2605,2327.0,251,576,0.0
20250609,SH2507,2404.0,26393,11133,-0.3958075509178612
20250609,SH2508,2326.0,34205,20214,-0.093224465407434
20250609,SH2509,2308.0,521026,194339,0.067401343757363
20250609,SH2510,2321.0,11449,11371,-0.1456454809983906
20250609,SH2511,2293.0,7936,15332,-0.0366892620377812
20250609,SH2512,2286.0,306,649,-0.2011516000940912
20250609,SH2601,2248.0,11240,16040,0.1590831959225495
20250609,SH2602,2278.0,76,815,0.0105309352963073
20250609,SH2603,2280.0,67,732,0.2138722119114057
20250609,SH2604,2321.0,11,207,-0.0726017772082008
20250609,SH2605,2307.0,142,649,0.0
20250610,SH2507,2404.0,11195,10356,-0.3597482836040184
20250610,SH2508,2333.0,20355,22146,-0.0463818485955371
20250610,SH2509,2324.0,375917,176587,0.0823330845593419
20250610,SH2510,2340.0,11604,11911,-0.1133542134246007
20250610,SH2511,2318.0,7797,17183,-0.0518807552604816
20250610,SH2512,2308.0,452,776,-0.1992182058305014
20250610,SH2601,2270.0,8040,15849,0.0790343142342798
20250610,SH2602,2285.0,61,822,0.0209881994911386
20250610,SH2603,2289.0,41,735,0.1820975762308216
20250610,SH2604,2324.0,48,207,0.0103225812816951
20250610,SH2605,2326.0,144,694,0.0
20250611,SH2507,2401.0,15513,10849,-0.3602045959380836
20250611,SH2508,2330.0,20978,24576,0.0102960109276417
20250611,SH2509,2332.0,315197,177519,0.1177735077616219
20250611,SH2510,2355.0,14398,12193,-0.0664255475142656
20250611,SH2511,2342.0,8507,18452,0.0153616406726042
20250611,SH2512,2345.0,692,919,-0.1700694130573392
20250611,SH2601,2312.0,17972,14446,0.0930638012097386
20250611,SH2602,2330.0,193,843,0.0257234825190164
20250611,SH2603,2335.0,149,764,0.1886590801754193
20250611,SH2604,2372.0,57,225,0.0
20250611,SH2605,2372.0,306,801,0.0
20250612,SH2507,2384.0,6025,9364,-0.4252312577984943
20250612,SH2508,2301.0,19764,24800,0.0
20250612,SH2509,2301.0,322081,199596,0.134832879203109
20250612,SH2510,2327.0,15361,12253,-0.0516796664389859
20250612,SH2511,2317.0,13052,18471,0.0206985821047302
20250612,SH2512,2321.0,382,1018,-0.1718406452969827
20250612,SH2601,2288.0,8252,15258,0.1459618343183688
20250612,SH2602,2316.0,36,845,0.0310478827794114
20250612,SH2603,2322.0,16,760,0.1642455067486214
20250612,SH2604,2354.0,12,220,-0.0255156379357103
20250612,SH2605,2349.0,119,837,0.0
20250613,SH2507,2358.0,5431,8753,-0.4881677012909118
20250613,SH2508,2264.0,25596,24532,-0.0053015242744341
20250613,SH2509,2263.0,571171,214574,0.1580356466924055
20250613,SH2510,2293.0,21994,13279,0.0
20250613,SH2511,2293.0,13488,19200,0.047007677087083
20250613,SH2512,2302.0,503,1002,-0.1626965661152344
20250613,SH2601,2271.0,15808,16562,0.1156888890281521
20250613,SH2602,2293.0,48,835,0.0365774287120389
20250613,SH2603,2300.0,53,744,0.1812332182290798
20250613,SH2604,2335.0,15,227,0.0154076631481925
20250613,SH2605,2338.0,245,949,0.0
20250616,SH2507,2389.0,6178,7248,-0.5236074396363405
20250616,SH2508,2287.0,21193,24871,-0.0578567853187152
20250616,SH2509,2276.0,410848,201021,0.1415172548935638
20250616,SH2510,2303.0,14306,13808,-0.0365297085747375
20250616,SH2511,2296.0,9242,20175,0.0104484116309266
20250616,SH2512,2298.0,305,969,-0.1471121751990314
20250616,SH2601,2270.0,9360,16214,0.1000225137254189
20250616,SH2602,2289.0,29,826,0.0104803500111451
20250616,SH2603,2291.0,37,731,0.2128543802026489
20250616,SH2604,2332.0,27,221,-0.0154473310325039
20250616,SH2605,2329.0,377,966,0.0
20250617,SH2507,2369.0,4902,6383,-0.4858544732848163
20250617,SH2508,2275.0,25550,25730,-0.0105540903900912
20250617,SH2509,2273.0,370228,200506,0.105125508064336
20250617,SH2510,2293.0,19473,14181,-0.0419397543551926
20250617,SH2511,2285.0,14348,21266,0.0157445900566
20250617,SH2512,2288.0,358,1071,-0.1477591228002828
20250617,SH2601,2260.0,9407,15399,0.1004632437522313
20250617,SH2602,2279.0,111,874,0.0420499773251619
20250617,SH2603,2287.0,83,767,0.2132233779425683
20250617,SH2604,2328.0,61,236,0.0
20250617,SH2605,2328.0,355,1091,0.234801195819418
20250617,SH2606,2374.0,7,5,0.0
20250618,SH2507,2402.0,4970,4193,-0.5050692338309235
20250618,SH2508,2303.0,33175,23589,-0.02608129694381
20250618,SH2509,2298.0,463983,188829,0.1246764461896304
20250618,SH2510,2322.0,23191,14268,-0.0362303488500289
20250618,SH2511,2315.0,13883,21226,0.0258899776802531
20250618,SH2512,2320.0,412,1049,-0.1719152476508941
20250618,SH2601,2287.0,12192,14591,0.099282081674679
20250618,SH2602,2306.0,62,882,0.0156013023058934
20250618,SH2603,2309.0,42,759,0.2214179959682656
20250618,SH2604,2352.0,10,237,-0.0460064461286628
20250618,SH2605,2343.0,185,1055,0.08675351414232
20250618,SH2606,2360.0,2,4,0.0
20250619,SH2507,2386.0,1535,3838,-0.4823222978787749
20250619,SH2508,2292.0,16865,23872,-0.0209607040192997
20250619,SH2509,2288.0,328416,189165,0.0784145678519589
20250619,SH2510,2303.0,16352,14854,-0.0417573279124764
20250619,SH2511,2295.0,11813,20672,0.031331610488644
20250619,SH2512,2301.0,241,1008,-0.1310915374697327
20250619,SH2601,2276.0,5760,15255,0.0997599269810881
20250619,SH2602,2295.0,15,874,0.031331610488644
20250619,SH2603,2301.0,40,762,0.2016854197965742
20250619,SH2604,2340.0,17,234,-0.0153944857546698
20250619,SH2605,2337.0,168,1053,0.1226064305598589
20250619,SH2606,2361.0,3,6,0.0
20250620,SH2507,2353.0,2686,3614,-0.4998553429179208
20250620,SH2508,2257.0,29623,25072,-0.0053179703950343
20250620,SH2509,2256.0,555007,211752,0.1217209995328178
20250620,SH2510,2279.0,31826,15295,-0.0263562592224351
20250620,SH2511,2274.0,20411,22004,0.0526547575850332
20250620,SH2512,2284.0,585,950,-0.1267617421148311
20250620,SH2601,2260.0,13306,16103,0.095196620889551
20250620,SH2602,2278.0,40,871,0.0525625019107317
20250620,SH2603,2288.0,34,761,0.1976637669470553
20250620,SH2604,2326.0,9,231,0.0051579626841839
20250620,SH2605,2327.0,181,1118,0.1282337485947088
20250620,SH2606,2352.0,8,10,0.0
20250623,SH2507,2358.0,3035,3046,-0.4616951558096944
20250623,SH2508,2269.0,23157,25599,0.0158555407344026
20250623,SH2509,2272.0,396965,203424,0.1313210741766747
20250623,SH2510,2297.0,44287,17431,-0.0366252736897556
20250623,SH2511,2290.0,32733,23370,0.0209424136923669
20250623,SH2512,2294.0,376,1120,-0.1473702732163727
20250623,SH2601,2266.0,7780,16267,0.0791733683572366
20250623,SH2602,2281.0,22,882,0.0472544911667663
20250623,SH2603,2290.0,15,764,0.2129465098496625
20250623,SH2604,2331.0,3,231,-0.010300429816993
20250623,SH2605,2329.0,89,1140,0.1484977345557029
20250623,SH2606,2358.0,2,10,0.0
20250624,SH2507,2342.0,1919,2604,-0.4223768625563133
20250624,SH2508,2261.0,24923,25486,0.068798424390138
20250624,SH2509,2274.0,421288,195529,0.1728910063592682
20250624,SH2510,2307.0,30416,17158,-0.0469055971806326
20250624,SH2511,2298.0,22335,23128,0.0312907608849692
20250624,SH2512,2304.0,337,1218,-0.1836904444312814
20250624,SH2601,2269.0,6316,16086,0.0843218225815589
20250624,SH2602,2285.0,28,892,0.0732986572185187
20250624,SH2603,2299.0,29,768,0.1658773712709071
20250624,SH2604,2331.0,11,230,0.0359820359550795
20250624,SH2605,2338.0,152,1164,0.0971251308494091
20250624,SH2606,2357.0,9,9,0.0
20250625,SH2507,2353.0,1037,2256,-0.4945397282130616
20250625,SH2508,2258.0,23489,25993,0.1110874144329223
20250625,SH2509,2279.0,369558,200121,0.2139652249760553
20250625,SH2510,2320.0,36888,18021,-0.057031863670323
20250625,SH2511,2309.0,24794,23096,0.0
20250625,SH2512,2309.0,341,1402,-0.1885678260234251
20250625,SH2601,2273.0,5648,16700,0.0946543032114268
20250625,SH2602,2291.0,39,900,0.0470486335649472
20250625,SH2603,2300.0,27,770,0.2376315275541567
20250625,SH2604,2346.0,16,229,-0.0358591515509013
20250625,SH2605,2339.0,186,1185,0.0919936362234259
20250625,SH2606,2357.0,5,13,0.0
20250626,SH2507,2388.0,1047,1632,-0.481910121878121
20250626,SH2508,2294.0,28989,24120,0.0885997510207769
20250626,SH2509,2311.0,430913,188594,0.211028384929642
20250626,SH2510,2352.0,30745,18735,-0.0716420038380455
20250626,SH2511,2338.0,23674,23450,0.0102607958368017
20250626,SH2512,2340.0,444,1518,-0.2069016772140732
20250626,SH2601,2300.0,8948,16022,0.0572545002856759
20250626,SH2602,2311.0,43,913,0.0155675697508934
20250626,SH2603,2314.0,42,767,0.2209439421901101
20250626,SH2604,2357.0,19,223,-0.0152833813909091
20250626,SH2605,2354.0,385,1145,0.0812873557074583
20250626,SH2606,2370.0,16,17,0.0
20250627,SH2507,2370.0,1520,1025,-0.364988512391944
20250627,SH2508,2299.0,45625,23415,0.1039417499082003
20250627,SH2509,2319.0,551784,184453,0.2103067291694885
20250627,SH2510,2360.0,43027,18129,-0.0611726048600246
20250627,SH2511,2348.0,26021,21820,0.0
20250627,SH2512,2348.0,534,1386,-0.1750352783323816
20250627,SH2601,2314.0,11621,16016,0.0929836766011331
20250627,SH2602,2332.0,114,871,0.046223040246333
20250627,SH2603,2341.0,62,768,0.1528034228939374
20250627,SH2604,2371.0,20,220,0.045464167201378
20250627,SH2605,2380.0,476,1110,0.1054179546687937
20250627,SH2606,2401.0,28,12,0.0
20250630,SH2507,2400.0,1044,237,-0.5577640065904975
20250630,SH2508,2291.0,33979,23948,0.1457718576244325
20250630,SH2509,2319.0,509404,185576,0.235703564046019
20250630,SH2510,2365.0,35709,17628,-0.0559441572697356
20250630,SH2511,2354.0,23652,21418,0.0152833813909082
20250630,SH2512,2357.0,309,1414,-0.1691974195719511
20250630,SH2601,2324.0,9758,16077,0.1028283927012164
20250630,SH2602,2344.0,94,837,0.0816329678730314
20250630,SH2603,2360.0,95,753,0.1816687345882116
20250630,SH2604,2396.0,42,214,-0.0652857856391738
20250630,SH2605,2383.0,253,1122,0.1002931036527221
20250630,SH2606,2403.0,6,13,0.0
20250701,SH2507,2409.0,76,181,-0.323115860813899
20250701,SH2508,2345.0,27669,19887,0.0663408026032388
20250701,SH2509,2358.0,575705,192999,0.2018550538817189
20250701,SH2510,2398.0,45852,18469,-0.060200795155177
20250701,SH2511,2386.0,29862,23153,0.0
20250701,SH2512,2386.0,2905,3536,-0.1620277780516722
20250701,SH2601,2354.0,12715,17698,0.0812873557074583
20250701,SH2602,2370.0,55,855,0.0303413562403042
20250701,SH2603,2376.0,24,751,0.1505665926250626
20250701,SH2604,2406.0,5,214,0.0199335594009184
20250701,SH2605,2410.0,265,1073,0.0794047562315368
20250701,SH2606,2426.0,7,13,0.0
20250702,SH2507,2303.0,55,129,0.4298967182177375
20250702,SH2508,2387.0,31636,13342,0.0200920934339367
20250702,SH2509,2391.0,610783,181512,0.1892155385261743
20250702,SH2510,2429.0,42929,18591,-0.0693643549859931
20250702,SH2511,2415.0,25875,25345,0.0198593342802507
20250702,SH2512,2419.0,5130,6576,-0.1748937890974421
20250702,SH2601,2384.0,11906,17664,0.0602511726011959
20250702,SH2602,2396.0,122,888,0.0400000370370986
20250702,SH2603,2404.0,38,739,0.1685281726334234
20250702,SH2604,2438.0,7,214,0.0098400989523689
20250702,SH2605,2440.0,310,1074,0.0441808639790417
20250702,SH2606,2449.0,23,24,0.0
20250703,SH2508,2372.0,16016,12534,0.0404040785748509
20250703,SH2509,2380.0,376476,173258,0.1751855930538315
20250703,SH2510,2415.0,34837,16549,-0.074766597007633
20250703,SH2511,2400.0,21921,26030,0.0349490573644196
20250703,SH2512,2407.0,4514,8119,-0.1505036450745359
20250703,SH2601,2377.0,7248,17472,0.1055504187271877
20250703,SH2602,2398.0,22,890,0.0150031276055235
20250703,SH2603,2401.0,30,745,0.2326325689315617
20250703,SH2604,2448.0,22,212,-0.0688244410169303
20250703,SH2605,2434.0,205,1069,0.0884162821035537
20250703,SH2606,2452.0,14,18,0.0
20250704,SH2507,2330.0,35,129,0.2446983682917698
20250704,SH2508,2378.0,33700,11338,0.0100882729775186
20250704,SH2509,2380.0,503908,167135,0.1253929904920936
20250704,SH2510,2405.0,41566,16931,-0.115313191495393
20250704,SH2511,2382.0,30459,26715,0.0653131191572413
20250704,SH2512,2395.0,8370,8118,-0.1157969967287948
20250704,SH2601,2372.0,10211,17713,0.1007562594348762
20250704,SH2602,2392.0,32,895,0.0100292525687538
20250704,SH2603,2394.0,14,744,0.252954189492647
20250704,SH2604,2445.0,5,210,-0.0886703541884517
20250704,SH2605,2427.0,199,1087,0.1131851737460554
20250704,SH2606,2450.0,3,19,0.0
20250707,SH2508,2433.0,28012,8791,-0.123942436257732
20250707,SH2509,2408.0,508361,181034,0.0248911103558405
20250707,SH2510,2413.0,53404,14568,-0.1300012714344202
20250707,SH2511,2387.0,27390,26763,0.0501672971466499
20250707,SH2512,2397.0,4116,8021,-0.1005452048902845
20250707,SH2601,2377.0,12124,17007,0.0905285098178595
20250707,SH2602,2395.0,140,856,0.0400167106974393
20250707,SH2603,2403.0,93,720,0.1439520881950657
20250707,SH2604,2432.0,46,209,-0.0742423485908948
20250707,SH2605,2417.0,584,1241,0.0544892577108699
20250707,SH2606,2428.0,7,14,0.0
20250708,SH2508,2428.0,19457,8768,-0.0992561490081263
20250708,SH2509,2408.0,548216,173174,0.0248911103558405
20250708,SH2510,2413.0,37745,14744,-0.1048914066541122
20250708,SH2511,2392.0,25160,26724,0.0400668151861755
20250708,SH2512,2400.0,4063,7821,-0.0853024708475383
20250708,SH2601,2383.0,12523,17137,0.1102764652934323
20250708,SH2602,2405.0,166,803,0.0199418409001177
20250708,SH2603,2409.0,89,708,0.1878127299336034
20250708,SH2604,2447.0,39,203,-0.0589923351117781
20250708,SH2605,2435.0,970,1331,0.0
20250709,SH2508,2470.0,19749,7336,-0.0779856522139935
20250709,SH2509,2454.0,546354,178647,0.1022525967832059
20250709,SH2510,2475.0,59991,14720,-0.0631964191007026
20250709,SH2511,2462.0,42745,25853,0.0243457174194949
20250709,SH2512,2467.0,3455,8252,-0.1418976778576779
20250709,SH2601,2438.0,14040,17528,0.0882717507097954
20250709,SH2602,2456.0,164,797,-0.0048869884609448
20250709,SH2603,2455.0,118,725,0.1360889433545473
20250709,SH2604,2483.0,44,193,0.0193158995428562
20250709,SH2605,2487.0,339,1363,0.0385387725865734
20250709,SH2606,2495.0,9,17,0.0
20250710,SH2508,2519.0,29681,10302,-0.0573021383318015
20250710,SH2509,2507.0,630247,170734,0.1143319486419668
20250710,SH2510,2531.0,53496,14520,-0.0570298103101662
20250710,SH2511,2519.0,33668,26307,0.0237953677019231
20250710,SH2512,2524.0,4766,8528,-0.1531121250451198
20250710,SH2601,2492.0,17168,17642,0.067227066584037
20250710,SH2602,2506.0,99,794,0.0382470443301497
20250710,SH2603,2514.0,81,728,0.1470664780131643
20250710,SH2604,2545.0,29,207,-0.0188753479735089
20250710,SH2605,2541.0,799,1400,0.0612366392678473
20250710,SH2606,2554.0,23,13,0.0
20250711,SH2508,2482.0,52924,16069,0.0674971646971894
20250711,SH2509,2496.0,446803,167028,0.0957706599721539
20250711,SH2510,2516.0,44524,15007,-0.1005793156165457
20250711,SH2511,2495.0,27861,25423,0.0384153989538616
20250711,SH2512,2503.0,3888,7841,-0.1301478915274504
20250711,SH2601,2476.0,13613,17964,0.0917324925735874
20250711,SH2602,2495.0,61,824,0.0144201899988481
20250711,SH2603,2498.0,81,736,0.1859024269651067
20250711,SH2604,2537.0,50,220,-0.0047309285059833
20250711,SH2605,2536.0,494,1389,0.0189125334655885
20250711,SH2606,2540.0,4,16,0.0
20250714,SH2508,2516.0,28108,7669,0.0760699853248281
20250714,SH2509,2532.0,720949,159147,0.0991156077290049
20250714,SH2510,2553.0,60906,15260,-0.1038558803563168
20250714,SH2511,2531.0,38121,26318,0.0094786734786128
20250714,SH2512,2533.0,5994,7673,-0.1142412436230346
20250714,SH2601,2509.0,19041,18544,0.0905305068039077
20250714,SH2602,2528.0,106,844,0.0237107368191256
20250714,SH2603,2533.0,100,747,0.1506492912383372
20250714,SH2604,2565.0,66,243,-0.0046792747717108
20250714,SH2605,2564.0,752,1518,0.0467108413861347
20250714,SH2606,2574.0,1,15,0.0
20250715,SH2508,2482.0,8281,8395,0.1441747418824419
20250715,SH2509,2512.0,418784,163571,0.1046379995159404
20250715,SH2510,2534.0,44494,16374,-0.0903153401669374
20250715,SH2511,2515.0,29717,27835,0.033353207892303
20250715,SH2512,2522.0,8237,8018,-0.1051380680228726
20250715,SH2601,2500.0,9365,18588,0.081323811348284
20250715,SH2602,2517.0,22,845,0.0095313746075327
20250715,SH2603,2519.0,35,742,0.170282715422335
20250715,SH2604,2555.0,14,241,0.0140817540117984
20250715,SH2605,2558.0,144,1530,0.0981122849106816
20250715,SH2606,2579.0,1,15,0.0
20250716,SH2508,2440.0,10879,6586,0.1271923852445057
20250716,SH2509,2466.0,624579,175178,0.082441221406525
20250716,SH2510,2483.0,49354,17522,-0.12631695584385
20250716,SH2511,2457.0,41396,30093,0.0536041500491907
20250716,SH2512,2468.0,14388,7892,-0.0829440179659905
20250716,SH2601,2451.0,20908,19132,0.1266245515349638
20250716,SH2602,2477.0,103,829,0.0241984353023165
20250716,SH2603,2482.0,102,737,0.1680363524491608
20250716,SH2604,2517.0,40,235,-0.0190854911006847
20250716,SH2605,2513.0,453,1586,0.052412233410138
20250716,SH2606,2524.0,8,15,0.0569171027521542
20250716,SH2607,2536.0,2,2,0.0
20250717,SH2508,2452.0,4607,5634,0.1555937519672074
20250717,SH2509,2484.0,373028,164490,0.0962314699994375
20250717,SH2510,2504.0,53574,18004,-0.0817474609990139
20250717,SH2511,2487.0,38146,28929,0.0192848575053081
20250717,SH2512,2491.0,6050,8074,-0.0967357112828442
20250717,SH2601,2471.0,13467,19303,0.1015520870248047
20250717,SH2602,2492.0,116,803,0.0336606111313041
20250717,SH2603,2499.0,108,737,0.1479438106393623
20250717,SH2604,2530.0,3,234,0.0094824185100105
20250717,SH2605,2532.0,139,1583,0.0755908011358458
20250717,SH2606,2548.0,6,17,0.0470035853608093
20250717,SH2607,2558.0,8,5,0.0
20250718,SH2508,2444.0,4104,4967,0.122126028644322
20250718,SH2509,2469.0,484257,160937,0.0533441977661808
20250718,SH2510,2480.0,50795,17952,-0.1215815871648834
20250718,SH2511,2455.0,36336,28719,0.0390402947030041
20250718,SH2512,2463.0,8729,8047,-0.0586081751091041
20250718,SH2601,2451.0,29152,21164,0.1604887143030817
20250718,SH2602,2484.0,141,813,0.0193081296684082
20250718,SH2603,2488.0,104,733,0.1723892376244041
20250718,SH2604,2524.0,8,235,-0.052412233410139
20250718,SH2605,2513.0,406,1619,0.0951253494969958
20250718,SH2606,2533.0,17,28,-0.0855788096140282
20250718,SH2607,2515.0,17,14,0.0
20250721,SH2508,2516.0,9111,4387,0.2501565514746287
20250721,SH2509,2569.0,917724,149158,0.0791467466630296
20250721,SH2510,2586.0,101375,16549,-0.0931681698746531
20250721,SH2511,2566.0,83895,23286,0.0420152150670569
20250721,SH2512,2575.0,19424,7497,-0.0888719712049331
20250721,SH2601,2556.0,53577,22227,0.0888719712049337
20250721,SH2602,2575.0,287,799,0.0511529548075948
20250721,SH2603,2586.0,211,729,0.1429961183801173
20250721,SH2604,2617.0,36,232,0.0274809280407334
20250721,SH2605,2623.0,1111,1572,0.0638784778369555
20250721,SH2606,2637.0,51,42,-0.0364603394808661
20250721,SH2607,2629.0,28,15,0.0
20250722,SH2508,2591.0,7694,3444,0.3063607045329685
20250722,SH2509,2658.0,826336,129740,0.2103354240886959
20250722,SH2510,2705.0,62712,17618,-0.0444444952498129
20250722,SH2511,2695.0,50640,23168,0.062176304903971
20250722,SH2512,2709.0,13597,7265,-0.044378748805086
20250722,SH2601,2699.0,65513,23723,0.1150451289520776
20250722,SH2602,2725.0,517,859,0.0219981729799309
20250722,SH2603,2730.0,322,706,0.1528683093291565
20250722,SH2604,2765.0,113,238,-0.0086830683962233
20250722,SH2605,2763.0,1873,1502,-0.0304403134784081
20250722,SH2606,2756.0,233,151,-0.0742495544456526
20250722,SH2607,2739.0,69,37,0.0
20250723,SH2508,2587.0,2580,2814,0.2615282254265743
20250723,SH2509,2644.0,593718,115591,0.1667632471725876
20250723,SH2510,2681.0,51138,15541,-0.1033907875532244
20250723,SH2511,2658.0,37180,21585,0.0405634189058842
20250723,SH2512,2667.0,10719,7035,-0.0541150860717004
20250723,SH2601,2655.0,55180,23010,0.0810813895545562
20250723,SH2602,2673.0,369,857,0.0313842883918015
20250723,SH2603,2680.0,244,687,0.1335820844261304
20250723,SH2604,2710.0,52,254,0.0574269456001567
20250723,SH2605,2723.0,1172,1522,-0.0132280006045996
20250723,SH2606,2720.0,57,143,-0.1152576278368041
20250723,SH2607,2694.0,24,38,0.0
20250724,SH2508,2624.0,1927,2214,0.2309941111935281
20250724,SH2509,2675.0,611647,113823,0.2046009534376722
20250724,SH2510,2721.0,42599,16154,-0.0840866431572262
20250724,SH2511,2702.0,29836,22115,0.0354767442432302
20250724,SH2512,2710.0,8657,7218,-0.0310364111675873
20250724,SH2601,2703.0,69423,23435,0.0619927577988014
20250724,SH2602,2717.0,332,890,0.0132425983643429
20250724,SH2603,2720.0,194,692,0.1534267475636631
20250724,SH2604,2755.0,124,313,0.0391375596065477
20250724,SH2605,2764.0,1393,1557,-0.0434940671875243
20250724,SH2606,2754.0,78,188,-0.0524018299960848
20250724,SH2607,2742.0,24,48,0.0
20250725,SH2508,2570.0,1535,1890,0.3088321015682533
20250725,SH2509,2637.0,666725,139376,0.283318387669604
20250725,SH2510,2700.0,48215,16200,-0.0445269527584272
20250725,SH2511,2690.0,32341,21350,0.0755978042209978
20250725,SH2512,2707.0,8966,7039,-0.0266272298602276
20250725,SH2601,2701.0,77790,23943,0.0929379530255509
20250725,SH2602,2722.0,285,896,0.044004449751232
20250725,SH2603,2732.0,128,689,0.0263254218925633
20250725,SH2604,2738.0,37,332,0.1220940765157128
20250725,SH2605,2766.0,1179,1601,-0.0521739952332407
20250725,SH2606,2754.0,16,192,-0.0830755731902233
20250725,SH2607,2735.0,39,71,0.0
20250728,SH2508,2535.0,1279,1196,0.271462434160571
20250728,SH2509,2593.0,964030,125869,0.2428027096348404
20250728,SH2510,2646.0,64887,15149,-0.0956180357901221
20250728,SH2511,2625.0,42437,21652,0.0592818990184305
20250728,SH2512,2638.0,8446,6874,-0.0410101025685448
20250728,SH2601,2629.0,116679,25000,0.0864131079242105
20250728,SH2602,2648.0,421,858,0.0135874707855209
20250728,SH2603,2651.0,285,680,0.1618608279175869
20250728,SH2604,2687.0,242,285,0.0089285718404826
20250728,SH2605,2689.0,2228,1591,0.0356480024503841
20250728,SH2606,2697.0,55,199,-0.0758789956179314
20250728,SH2607,2680.0,19,73,0.0
20250729,SH2508,2547.0,629,1011,0.4394401212337622
20250729,SH2509,2642.0,527604,118330,0.1892641561116215
20250729,SH2510,2684.0,40216,18308,-0.0987659896381857
20250729,SH2511,2662.0,26565,25671,0.0315138053936063
20250729,SH2512,2669.0,4079,7690,-0.0450450979380513
20250729,SH2601,2659.0,68898,28137,0.0630158987507893
20250729,SH2602,2673.0,204,937,0.022425721346387
20250729,SH2603,2678.0,72,692,0.1823270205762348
20250729,SH2604,2719.0,48,296,0.0176405764954676
20250729,SH2605,2723.0,1094,1809,-0.0264705989689419
20250729,SH2606,2717.0,5,199,0.0
20250730,SH2508,2493.0,662,835,0.5641461839646562
20250730,SH2509,2613.0,543339,123761,0.2679392296310868
20250730,SH2510,2672.0,31928,20835,-0.0675550667606747
20250730,SH2511,2657.0,23327,28762,0.0450789410664081
20250730,SH2512,2667.0,5002,8435,-0.0495961630282769
20250730,SH2601,2656.0,70549,29666,0.0765624665111346
20250730,SH2602,2673.0,217,960,0.022425721346387
20250730,SH2603,2678.0,125,710,0.1381117900077266
20250730,SH2604,2709.0,76,296,0.0353852080950314
20250730,SH2605,2717.0,785,1779,0.0088300224734755
20250730,SH2606,2719.0,14,202,0.0
20250731,SH2508,2488.0,391,497,0.3423370033744564
20250731,SH2509,2560.0,369461,113646,0.2963113510844569
20250731,SH2510,2624.0,32087,20196,-0.0595989763782103
20250731,SH2511,2611.0,26612,29223,0.0595989763782094
20250731,SH2512,2624.0,6208,9398,-0.0733947242092331
20250731,SH2601,2608.0,63949,28241,0.0733947242092326
20250731,SH2602,2624.0,206,965,0.0547529467010188
20250731,SH2603,2636.0,116,702,0.207602018630713
20250731,SH2604,2682.0,92,321,0.0178837588987079
20250731,SH2605,2686.0,1279,1776,0.0089318947182875
20250731,SH2606,2688.0,50,223,-0.058176507755199
20250731,SH2607,2675.0,15,74,0.0
20250801,SH2508,2470.0,29,413,0.3306258249918673
20250801,SH2509,2539.0,240567,107870,0.2895082049276781
20250801,SH2510,2601.0,47392,30108,-0.0554914283653668
20250801,SH2511,2589.0,43388,50265,0.0739316932311557
20250801,SH2512,2605.0,7967,13512,-0.0600347605836238
20250801,SH2601,2592.0,48280,27758,0.1014220405440244
20250801,SH2602,2614.0,75,937,0.0503913700986814
20250801,SH2603,2625.0,98,718,0.1949787841174826
20250801,SH2604,2668.0,67,354,0.0628038816733146
20250801,SH2605,2682.0,841,2027,-0.0044751072679749
20250801,SH2606,2681.0,31,225,-0.1214630801256783
20250801,SH2607,2654.0,3,74,0.0
20250804,SH2509,2529.0,200456,104475,0.3553044902100263
20250804,SH2510,2605.0,40681,30750,0.0092095169524124
20250804,SH2511,2607.0,36158,57265,0.064269472678854
20250804,SH2512,2621.0,11022,17328,-0.0688733476633913
20250804,SH2601,2606.0,51750,30729,0.0551302654206569
20250804,SH2602,2618.0,79,939,0.0822233898306311
20250804,SH2603,2636.0,53,724,0.1807263075086545
20250804,SH2604,2676.0,22,363,0.0536913647390532
20250804,SH2605,2688.0,558,2065,0.0223006940227052
20250804,SH2606,2693.0,29,242,-0.1524684188229494
20250804,SH2607,2659.0,6,77,0.0
20250805,SH2508,2408.0,65,140,0.4786959483276243
20250805,SH2509,2506.0,236619,101236,0.3678087533577469
20250805,SH2510,2584.0,43590,34097,0.0
20250805,SH2511,2584.0,42632,61207,0.106338588372111
20250805,SH2512,2607.0,8620,16887,-0.0692442775360364
20250805,SH2601,2592.0,60307,31487,0.1289344713957259
20250805,SH2602,2620.0,58,946,0.0548363482807832
20250805,SH2603,2632.0,70,744,0.2347704677563762
20250805,SH2604,2684.0,73,387,0.0267956940517486
20250805,SH2605,2690.0,1021,2214,0.0534125510911116
20250805,SH2606,2702.0,55,246,-0.0400371085025428
20250805,SH2607,2693.0,7,80,0.0
20250806,SH2509,2474.0,191400,108500,0.3771943714686074
20250806,SH2510,2553.0,41686,32376,0.0234787787676496
20250806,SH2511,2558.0,40555,61721,0.1306389263161761
20250806,SH2512,2586.0,9885,17518,-0.0464936652907022
20250806,SH2601,2576.0,56102,33700,0.1343384035586758
20250806,SH2602,2605.0,63,977,0.0505651006754652
20250806,SH2603,2616.0,91,774,0.2316937392591003
20250806,SH2604,2667.0,66,414,0.0538721443511346
20250806,SH2605,2679.0,667,2277,0.071455365581865
20250806,SH2606,2695.0,38,247,-0.0625001412856588
20250806,SH2607,2681.0,11,82,0.0
20250807,SH2509,2413.0,220608,117059,0.4777235223906395
20250807,SH2510,2511.0,50415,32279,0.047694816364017
20250807,SH2511,2521.0,54187,62115,0.1372525315746242
20250807,SH2512,2550.0,12979,17805,-0.03770623683687
20250807,SH2601,2542.0,61584,37192,0.1640971068355874
20250807,SH2602,2577.0,177,993,0.0696461618376032
20250807,SH2603,2592.0,123,801,0.2519657370592316
20250807,SH2604,2647.0,106,472,0.018120048743092
20250807,SH2605,2651.0,1116,2386,0.0856985412632365
20250807,SH2606,2670.0,37,248,0.0134755769354846
20250807,SH2607,2673.0,5,82,0.0
20250808,SH2509,2446.0,160790,96419,0.4051831856933798
20250808,SH2510,2530.0,31960,30489,-0.0047440206192092
20250808,SH2511,2529.0,39085,59601,0.0992326977900812
20250808,SH2512,2550.0,11119,17254,-0.0707966655262592
20250808,SH2601,2535.0,55694,37815,0.131817724065451
20250808,SH2602,2563.0,189,893,0.0793314186191031
20250808,SH2603,2580.0,113,762,0.2303333670737659
20250808,SH2604,2630.0,37,476,0.0409945359781654
20250808,SH2605,2639.0,867,2335,0.068014540665946
20250808,SH2606,2654.0,48,248,-0.0271595740230472
20250808,SH2607,2648.0,6,86,0.0
20250811,SH2509,2492.0,199224,84552,0.4860109883117429
20250811,SH2510,2595.0,41149,33276,0.0138648195666706
20250811,SH2511,2598.0,46343,60638,0.0598964576230069
20250811,SH2512,2611.0,11827,17648,-0.0737612771896774
20250811,SH2601,2595.0,76068,42096,0.0829496390474829
20250811,SH2602,2613.0,203,888,0.0504106145204055
20250811,SH2603,2624.0,95,753,0.186050238431583
20250811,SH2604,2665.0,65,461,0.0583942758140748
20250811,SH2605,2678.0,799,2397,0.0581114937094558
20250811,SH2606,2691.0,27,254,-0.0536313741875643
20250811,SH2607,2679.0,10,83,0.0
20250812,SH2509,2502.0,147925,74135,0.5575861475585987
20250812,SH2510,2621.0,53534,33750,0.054815474074838
20250812,SH2511,2633.0,69005,63747,0.0908063356971637
20250812,SH2512,2653.0,17550,17826,-0.0771415021841013
20250812,SH2601,2636.0,101762,45225,0.1087620738401629
20250812,SH2602,2660.0,80,895,0.0450281954226044
20250812,SH2603,2670.0,66,742,0.2093982963846316
20250812,SH2604,2717.0,45,432,0.0220628854207632
20250812,SH2605,2722.0,949,2472,0.0659463099512117
20250812,SH2606,2737.0,43,274,-0.0835933719550801
20250812,SH2607,2718.0,8,85,0.0
20250813,SH2509,2481.0,118054,71429,0.5806442356399052
20250813,SH2510,2604.0,42141,34360,0.0368098448143425
20250813,SH2511,2612.0,53605,65305,0.086973487727652
20250813,SH2512,2631.0,13345,17854,-0.0777886422735052
20250813,SH2601,2614.0,71351,46621,0.1414734012987901
20250813,SH2602,2645.0,72,901,0.01813373975604
20250813,SH2603,2649.0,59,753,0.2510364241021472
20250813,SH2604,2705.0,12,431,-0.008875740049611
20250813,SH2605,2703.0,634,2534,0.0575753088256685
20250813,SH2606,2716.0,15,275,-0.0531366181887842
20250813,SH2607,2704.0,7,85,0.0
20250814,SH2509,2530.0,321223,61036,0.5379571554400204
20250814,SH2510,2646.0,74093,34016,-0.0045360045900147
20250814,SH2511,2645.0,92700,67102,0.0543192176089644
20250814,SH2512,2657.0,23244,17739,-0.1180039766342486
20250814,SH2601,2631.0,159386,52745,0.0591470391754103
20250814,SH2602,2644.0,156,903,0.0588569374588397
20250814,SH2603,2657.0,160,769,0.2059752061996091
20250814,SH2604,2703.0,64,429,0.0664085812156977
20250814,SH2605,2718.0,1098,2729,0.0748214417399115
20250814,SH2606,2735.0,59,272,-0.0439560931048457
20250814,SH2607,2725.0,11,87,0.0
20250815,SH2509,2539.0,147017,49618,0.5586698408527948
20250815,SH2510,2660.0,55649,38572,0.0629922706337249
20250815,SH2511,2674.0,78370,74599,0.008971963034768
20250815,SH2512,2676.0,21965,19422,-0.1761748187379884
20250815,SH2601,2637.0,121885,53535,0.0816329678730314
20250815,SH2602,2655.0,190,930,0.0496148047513761
20250815,SH2603,2666.0,141,816,0.2052857798595875
20250815,SH2604,2712.0,45,443,0.0617875583543006
20250815,SH2605,2726.0,783,2768,0.035164860329004
20250815,SH2606,2734.0,39,277,0.0131603010814105
20250815,SH2607,2737.0,15,86,0.0
20250818,SH2509,2567.0,101040,42812,0.5705581187217361
20250818,SH2510,2692.0,51466,38947,0.0356083347336241
20250818,SH2511,2700.0,89134,84073,-0.0534522041925637
20250818,SH2512,2688.0,19783,20764,-0.238970888010929
20250818,SH2601,2635.0,130296,55854,0.0862170470002826
20250818,SH2602,2654.0,186,979,0.0496334604935043
20250818,SH2603,2665.0,169,845,0.2142117127078411
20250818,SH2604,2713.0,54,448,0.0441501601779343
20250818,SH2605,2723.0,1057,2883,0.0571534328241777
20250818,SH2606,2736.0,57,274,-0.0924605564928631
20250818,SH2607,2715.0,34,79,0.0
20250819,SH2509,2505.0,50762,32265,0.5752123930264311
20250819,SH2510,2628.0,69298,37612,0.0501234827858744
20250819,SH2511,2639.0,109236,87521,0.0181749372115811
20250819,SH2512,2643.0,19944,21229,-0.2060726084849319
20250819,SH2601,2598.0,210358,64074,0.1011887942951713
20250819,SH2602,2620.0,190,990,0.0548363482807832
20250819,SH2603,2632.0,189,879,0.225825256756993
20250819,SH2604,2682.0,79,491,0.0535715175442263
20250819,SH2605,2694.0,2841,3078,0.1152576278368042
20250819,SH2606,2720.0,36,281,-0.0796756892387857
20250819,SH2607,2702.0,4,81,0.0354767442432302
20250819,SH2608,2710.0,10,10,0.0
20250820,SH2509,2570.0,35151,23278,0.5386982850452968
20250820,SH2510,2688.0,72527,39124,0.0445600214959328
20250820,SH2511,2698.0,117949,90814,0.0133358042989717
20250820,SH2512,2701.0,17911,21979,-0.206129041398916
20250820,SH2601,2655.0,351729,78794,0.0765912117659659
20250820,SH2602,2672.0,351,972,0.0179506390989924
20250820,SH2603,2676.0,259,869,0.1957048565030869
20250820,SH2604,2720.0,88,463,0.0484315462039452
20250820,SH2605,2731.0,4791,3216,0.0526124335667786
20250820,SH2606,2743.0,52,279,-0.1541022828652519
20250820,SH2607,2708.0,6,81,-0.1875735995221392
20250820,SH2608,2666.0,1,10,0.0
20250821,SH2509,2594.0,25597,18697,0.6000122156303922
20250821,SH2510,2727.0,79366,40625,0.0307636132596772
20250821,SH2511,2734.0,124758,89674,-0.017569549258673
20250821,SH2512,2730.0,20417,23244,-0.1905153547621709
20250821,SH2601,2687.0,513145,97156,0.0623609421254932
20250821,SH2602,2701.0,540,970,0.0531955063957936
20250821,SH2603,2713.0,386,845,0.2017591387002514
20250821,SH2604,2759.0,100,445,0.0130411170234151
20250821,SH2605,2762.0,5651,3833,0.0433683160866764
20250821,SH2606,2772.0,68,305,-0.139333931132135
20250821,SH2607,2740.0,19,78,0.1089925748918307
20250821,SH2608,2765.0,42,42,0.0
20250822,SH2509,2610.0,16742,15262,0.6879442148498561
20250822,SH2510,2764.0,95725,40410,0.1037470439142483
20250822,SH2511,2788.0,151899,93882,-0.0215401242542851
20250822,SH2512,2783.0,32930,24599,-0.1824799826772596
20250822,SH2601,2741.0,575643,125542,0.0131267105158811
20250822,SH2602,2744.0,698,1127,0.0480087928948671
20250822,SH2603,2755.0,414,921,0.1514898387407569
20250822,SH2604,2790.0,218,541,0.0257787424594752
20250822,SH2605,2796.0,6787,4778,0.0
20250822,SH2606,2796.0,159,420,-0.1121100500678007
20250822,SH2607,2770.0,29,90,0.0949303764105456
20250822,SH2608,2792.0,31,62,0.0
20250825,SH2509,2581.0,9341,12677,0.6734962615246999
20250825,SH2510,2730.0,74498,39113,0.1180982741374954
20250825,SH2511,2757.0,134478,90851,0.0304292863651654
20250825,SH2512,2764.0,23780,24610,-0.1397395703625582
20250825,SH2601,2732.0,516749,126264,0.0307073828687706
20250825,SH2602,2739.0,719,1139,0.0393658089499428
20250825,SH2603,2748.0,497,970,0.1561844173448427
20250825,SH2604,2784.0,84,579,0.0473203696186704
20250825,SH2605,2795.0,5617,4937,-0.0645741468542018
20250825,SH2606,2780.0,80,459,-0.0345821564986671
20250825,SH2607,2772.0,27,92,0.0905664676245948
20250825,SH2608,2793.0,15,67,0.0
20250826,SH2509,2533.0,8154,9121,0.5960801874405801
20250826,SH2510,2662.0,64209,35642,0.0719103275527297
20250826,SH2511,2678.0,121641,83655,0.1381117900077266
20250826,SH2512,2709.0,21045,23817,-0.0266075497037706
20250826,SH2601,2703.0,507419,118465,0.0796463100815851
20250826,SH2602,2721.0,1344,1115,0.0396257927491083
20250826,SH2603,2730.0,991,984,0.2350455993036573
20250826,SH2604,2784.0,248,682,0.0387305338903987
20250826,SH2605,2793.0,8660,5420,0.0171735270813967
20250826,SH2606,2797.0,106,501,-0.1034117710341804
20250826,SH2607,2773.0,67,115,0.0259366095207092
20250826,SH2608,2779.0,70,105,0.0
20250827,SH2509,2548.0,3979,6821,0.5071826709736401
20250827,SH2510,2658.0,48194,32079,0.0765050406829956
20250827,SH2511,2675.0,95093,83719,0.1293933339929723
20250827,SH2512,2704.0,23330,23082,-0.0222098897382002
20250827,SH2601,2699.0,428788,120085,0.0665067285217172
20250827,SH2602,2714.0,990,1119,0.0397278273473421
20250827,SH2603,2723.0,532,908,0.222673298412207
20250827,SH2604,2774.0,120,722,0.0431810469543997
20250827,SH2605,2784.0,5416,5367,0.0215323940781429
20250827,SH2606,2789.0,49,506,-0.0906968506791453
20250827,SH2607,2768.0,10,113,0.0346320586696182
20250827,SH2608,2776.0,29,99,0.0
20250828,SH2509,2540.0,2498,4981,0.5404030289667754
20250828,SH2510,2657.0,42686,29065,0.0855057058596666
20250828,SH2511,2676.0,92518,83385,0.1071435689316167
20250828,SH2512,2700.0,22446,22201,-0.035608334733624
20250828,SH2601,2692.0,365740,112742,0.04893426614195
20250828,SH2602,2703.0,512,1150,0.0531562330990591
20250828,SH2603,2715.0,362,949,0.2059572192144186
20250828,SH2604,2762.0,77,746,0.0952042498208727
20250828,SH2605,2784.0,7030,5801,0.0172290051132503
20250828,SH2606,2788.0,43,511,-0.0560849483985551
20250828,SH2607,2775.0,29,123,-0.030308513315696
20250828,SH2608,2768.0,35,95,0.0
20250829,SH2509,2488.0,6027,571,0.7070505917310478
20250829,SH2510,2639.0,55100,20027,0.126650252144282
20250829,SH2511,2667.0,97261,84340,0.0896530132017243
20250829,SH2512,2687.0,23944,22602,-0.0761622866543524
20250829,SH2601,2670.0,373618,109063,0.0761622866543531
20250829,SH2602,2687.0,519,1158,0.0490251378265187
20250829,SH2603,2698.0,331,924,0.1853659513729779
20250829,SH2604,2740.0,55,740,0.0829244980220415
20250829,SH2605,2759.0,5528,5648,0.0304072560890095
20250829,SH2606,2766.0,52,486,-0.0652530156015479
20250829,SH2607,2751.0,17,130,0.0174355279492836
20250829,SH2608,2755.0,10,95,0.0
20250901,SH2509,2528.0,164,424,0.8924050632911387
20250901,SH2510,2716.0,44329,19997,0.1944035346097194
20250901,SH2511,2760.0,135848,95968,0.0347826086956528
20250901,SH2512,2768.0,36596,25129,-0.0016074559979216
20250901,SH2601,2735.0,672088,129563,0.026325411334553
20250901,SH2602,2741.0,9627,8079,0.0306457497263759
20250901,SH2603,2748.0,995,1066,0.1615720524017465
20250901,SH2604,2785.0,199,743,0.0387791741472174
20250901,SH2605,2794.0,8731,6477,0.0
20250901,SH2606,2794.0,67,485,-0.0816034359341442
20250901,SH2607,2775.0,22,124,0.0562162162162156
20250901,SH2608,2788.0,54,100,0.0
20250902,SH2509,2539.0,89,283,0.5529736116581327
20250902,SH2510,2656.0,36128,17321,0.1581325301204819
20250902,SH2511,2691.0,152167,94095,0.0222965440356741
20250902,SH2512,2696.0,53653,27417,-0.0015503617510752
20250902,SH2601,2665.0,646082,110334,0.0360225140712939
20250902,SH2602,2673.0,12726,11422,0.0718294051627381
20250902,SH2603,2689.0,640,1046,0.1740423949423588
20250902,SH2604,2728.0,233,679,0.0439882697947213
20250902,SH2605,2738.0,5247,6212,0.0131482834185545
20250902,SH2606,2741.0,39,465,-0.0262677854797517
20250902,SH2607,2735.0,6,122,0.0745886654478988
20250902,SH2608,2752.0,16,93,0.0
20250903,SH2509,2481.0,34,54,0.5997581620314376
20250903,SH2510,2605.0,16881,15955,0.1750479846449142
20250903,SH2511,2643.0,79255,92929,0.0090805902383657
20250903,SH2512,2645.0,33230,26376,-0.0016822072598288
20250903,SH2601,2612.0,432087,115647,0.0459418070444099
20250903,SH2602,2622.0,4137,12851,0.0594965675057199
20250903,SH2603,2635.0,329,1101,0.2140417457305501
20250903,SH2604,2682.0,171,739,0.0402684563758395
20250903,SH2605,2691.0,4640,6164,0.0535117056856195
20250903,SH2606,2703.0,62,449,-0.0887902330743619
20250903,SH2607,2683.0,15,125,0.0491986582184127
20250903,SH2608,2694.0,24,85,0.0
20250904,SH2509,2538.0,26,32,0.2364066193853418
20250904,SH2510,2588.0,19641,14388,0.1344667697063357
20250904,SH2511,2617.0,103009,91416,0.03668322506687
20250904,SH2512,2625.0,35144,25868,-0.0016436597110754
20250904,SH2601,2593.0,404605,111434,0.0416505977632093
20250904,SH2602,2602.0,6380,15084,0.0968485780169103
20250904,SH2603,2623.0,411,1118,0.2104460541364838
20250904,SH2604,2669.0,127,733,0.0314724615961026
20250904,SH2605,2676.0,3339,5863,0.0358744394618826
20250904,SH2606,2684.0,24,450,-0.0402384500745158
20250904,SH2607,2675.0,12,125,0.067289719626169
20250904,SH2608,2690.0,5,86,0.0
20250905,SH2509,0.0,0,7,0.0
20250905,SH2510,2600.0,14463,13362,0.1015384615384622
20250905,SH2511,2622.0,94177,88721,0.0686498855835244
20250905,SH2512,2637.0,33108,24637,-0.0013805269011005
20250905,SH2601,2610.0,436731,105962,0.0689655172413798
20250905,SH2602,2625.0,9233,16405,0.054857142857144
20250905,SH2603,2637.0,242,1125,0.2093287827076215
20250905,SH2604,2683.0,60,747,0.0805068952664935
20250905,SH2605,2701.0,3168,5275,0.0399851906701211
20250905,SH2606,2710.0,22,443,-0.0531365313653142
20250905,SH2607,2698.0,7,125,0.0533728687916967
20250905,SH2608,2710.0,3,85,0.0
20250908,SH2509,2660.0,7,3,-0.4060150375939853
20250908,SH2510,2570.0,14619,11962,0.0420233463035017
20250908,SH2511,2579.0,80111,87032,0.0977122915858856
20250908,SH2512,2600.0,27740,23958,-0.0008815903197925
20250908,SH2601,2583.0,388943,110615,0.0743321718931486
20250908,SH2602,2599.0,4165,16576,0.0877260484801851
20250908,SH2603,2618.0,551,983,0.1879297173414809
20250908,SH2604,2659.0,125,725,0.0541556976306889
20250908,SH2605,2671.0,3149,5111,0.0089853987270682
20250908,SH2606,2673.0,31,446,0.0134680134680147
20250908,SH2607,2676.0,15,130,0.0313901345291469
20250908,SH2608,2683.0,16,84,0.0
20250909,SH2509,0.0,0,3,0.0
20250909,SH2510,2558.0,10311,12689,0.0140734949179046
20250909,SH2511,2561.0,68176,88590,0.0983990628660667
20250909,SH2512,2582.0,30525,25499,-0.0006788570831774
20250909,SH2601,2569.0,261849,110018,0.0840794083300888
20250909,SH2602,2587.0,2828,17167,0.0881329725550825
20250909,SH2603,2606.0,213,983,0.2026093630084409
20250909,SH2604,2650.0,19,717,0.0498113207547161
20250909,SH2605,2661.0,1555,5111,0.0180383314543393
20250909,SH2606,2665.0,19,441,-0.0315196998123825
20250909,SH2607,2658.0,26,135,0.0
20250909,SH2608,0.0,0,84,0.0
20250910,SH2509,2842.0,4,0,-1.1822660098522166
20250910,SH2510,2562.0,8344,11675,0.0
20250910,SH2511,2562.0,71766,89059,0.1077283372365327
20250910,SH2512,2585.0,39126,25146,-0.0004694325516701
20250910,SH2601,2576.0,245799,110586,0.1071428571428567
20250910,SH2602,2599.0,2279,17459,0.083108888033859
20250910,SH2603,2617.0,101,972,0.1925869316010704
20250910,SH2604,2659.0,18,714,0.049642722828131
20250910,SH2605,2670.0,1893,5217,0.0494382022471908
20250910,SH2606,2681.0,17,432,-0.0402834763148081
20250910,SH2607,2672.0,9,131,0.044910179640718
20250910,SH2608,2682.0,5,83,0.0
20250911,SH2509,0.0,0,0,0.0
20250911,SH2510,2560.0,27494,10772,0.0890624999999989
20250911,SH2511,2579.0,83401,87372,0.102365257851881
20250911,SH2512,2601.0,39165,25019,-0.0005702214792063
20250911,SH2601,2590.0,299906,106639,0.0880308880308886
20250911,SH2602,2609.0,5420,18414,0.0643924875431203
20250911,SH2603,2623.0,399,843,0.201296225695768
20250911,SH2604,2667.0,52,705,0.0269966254218214
20250911,SH2605,2673.0,2178,4823,0.058361391694726
20250911,SH2606,2686.0,32,432,-0.075949367088608
20250911,SH2607,2669.0,8,130,0.1124016485575127
20250911,SH2608,2694.0,9,84,0.0
20250912,SH2509,0.0,0,0,0.0
20250912,SH2510,2519.0,9070,8236,0.1000396982929725
20250912,SH2511,2540.0,87186,88894,0.1181102362204722
20250912,SH2512,2565.0,32994,25694,-0.0002628293580393
20250912,SH2601,2560.0,339331,118856,0.075000000000001
20250912,SH2602,2576.0,3073,18867,0.0698757763975157
20250912,SH2603,2591.0,298,840,0.2130451563103061
20250912,SH2604,2637.0,77,705,0.0364050056882812
20250912,SH2605,2645.0,2570,4746,0.0453686200378076
20250912,SH2606,2655.0,22,433,-0.0225988700564974
20250912,SH2607,2650.0,9,129,0.0633962264150937
20250912,SH2608,2664.0,24,82,0.0
20250915,SH2510,2499.0,4530,7943,0.1152460984393757
20250915,SH2511,2523.0,90111,91401,0.1950059453032109
20250915,SH2512,2564.0,41354,25631,0.0003681046118249
20250915,SH2601,2571.0,279647,110751,0.0840140023337232
20250915,SH2602,2589.0,2396,19008,0.092699884125146
20250915,SH2603,2609.0,296,928,0.2023763894212349
20250915,SH2604,2653.0,19,697,0.0316622691292867
20250915,SH2605,2660.0,1523,4792,0.072180451127819
20250915,SH2606,2676.0,12,437,-0.0224215246636769
20250915,SH2607,2671.0,3,130,0.0269561961812048
20250915,SH2608,2677.0,9,82,0.0224131490474404
20250915,SH2609,2682.0,12,7,0.0
20250916,SH2510,2499.0,4738,7042,0.1248499399759914
20250916,SH2511,2525.0,79872,89592,0.2423762376237626
20250916,SH2512,2576.0,32598,26351,0.0001570242166236
20250916,SH2601,2579.0,342702,105935,0.0977122915858856
20250916,SH2602,2600.0,16055,19097,0.0969230769230771
20250916,SH2603,2621.0,558,1074,0.2060282334986656
20250916,SH2604,2666.0,42,706,0.0360090022505623
20250916,SH2605,2674.0,3062,4413,0.0807778608825717
20250916,SH2606,2692.0,14,434,-0.1114413075780085
20250916,SH2607,2667.0,11,130,0.1124859392575938
20250916,SH2608,2692.0,3,79,-0.0044576523031203
20250916,SH2609,2691.0,43,10,0.0
20250917,SH2510,2513.0,3710,6222,0.1193792280143259
20250917,SH2511,2538.0,72482,90940,0.2931442080378241
20250917,SH2512,2600.0,29254,26819,0.0004148660328435
20250917,SH2601,2608.0,309038,106433,0.0828220858895694
20250917,SH2602,2626.0,5923,19532,0.0822543792840813
20250917,SH2603,2644.0,410,1164,0.1996974281391823
20250917,SH2604,2688.0,40,711,0.0178571428571441
20250917,SH2605,2692.0,1402,4384,0.0490341753343237
20250917,SH2606,2703.0,2,436,-0.0266370699223088
20250917,SH2607,2697.0,9,135,-0.048943270300334
20250917,SH2608,2686.0,7,77,0.1206254653760225
20250917,SH2609,2713.0,34,18,0.0
20250918,SH2510,2501.0,7385,5469,0.1103558576569376
20250918,SH2511,2524.0,91130,90054,0.2519809825673542
20250918,SH2512,2577.0,36566,26875,0.0001569632836718
20250918,SH2601,2580.0,442460,101701,0.0930232558139536
20250918,SH2602,2600.0,12239,19542,0.0646153846153838
20250918,SH2603,2614.0,529,1042,0.2065799540933426
20250918,SH2604,2659.0,34,695,0.0406167732230153
20250918,SH2605,2668.0,2350,4433,0.0629685157421295
20250918,SH2606,2682.0,12,441,-0.0626398210290832
20250918,SH2607,2668.0,11,133,0.0584707646176898
20250918,SH2608,2681.0,2,77,0.0402834763148067
20250918,SH2609,2690.0,38,21,0.0
20250919,SH2510,2528.0,3480,5448,0.2373417721518986
20250919,SH2511,2578.0,90789,85589,0.2746314972847168
20250919,SH2512,2637.0,40580,25002,0.0002045225038667
20250919,SH2601,2641.0,477688,114144,0.0908746686861041
20250919,SH2602,2661.0,16939,20786,0.0541149943630205
20250919,SH2603,2673.0,272,1058,0.2379349046015715
20250919,SH2604,2726.0,24,691,-0.0132061628760093
20250919,SH2605,2723.0,3405,4963,0.0352552331986775
20250919,SH2606,2731.0,21,454,-0.0043939948736726
20250919,SH2607,2730.0,7,139,0.0219780219780219
20250919,SH2608,2735.0,10,81,-0.0043875685557588
20250919,SH2609,2734.0,26,40,0.0
20250922,SH2510,2511.0,2041,4824,0.1242532855436078
20250922,SH2511,2537.0,74140,85984,0.3027197477335424
20250922,SH2512,2601.0,42518,25665,0.0001555149488744
20250922,SH2601,2604.0,345760,104798,0.105990783410137
20250922,SH2602,2627.0,7076,20490,0.1004948610582401
20250922,SH2603,2649.0,117,1042,0.1404303510758771
20250922,SH2604,2680.0,11,689,0.0716417910447768
20250922,SH2605,2696.0,1820,4704,0.0578635014836796
20250922,SH2606,2709.0,11,450,-0.0310077519379841
20250922,SH2607,2702.0,2,137,-0.0133234641006656
20250922,SH2608,2699.0,7,79,0.0755835494627632
20250922,SH2609,2716.0,20,33,0.0
20250923,SH2510,2461.0,3177,3555,0.0975213327915485
20250923,SH2511,2481.0,95301,79296,0.2563482466747278
20250923,SH2512,2534.0,51803,23625,5.32089426496225e-05
20250923,SH2601,2535.0,420210,116041,0.1136094674556202
20250923,SH2602,2559.0,7518,19864,0.0797186400937857
20250923,SH2603,2576.0,250,985,0.2096273291925472
20250923,SH2604,2621.0,49,673,0.0183136207554381
20250923,SH2605,2625.0,3147,4453,0.1142857142857138
20250923,SH2606,2650.0,54,411,-0.0452830188679245
20250923,SH2607,2640.0,15,128,0.040909090909091
20250923,SH2608,2649.0,11,78,0.0679501698754245
20250923,SH2609,2664.0,72,28,0.0
20250924,SH2510,2481.0,1298,3090,0.1015719467956479
20250924,SH2511,2502.0,62333,75650,0.2254196642685846
20250924,SH2512,2549.0,27737,22647,-5.289582607852431e-05
20250924,SH2601,2548.0,346437,112252,0.0941915227629506
20250924,SH2602,2568.0,5168,19584,0.0934579439252329
20250924,SH2603,2588.0,178,983,0.1669242658423497
20250924,SH2604,2624.0,39,663,0.0731707317073171
20250924,SH2605,2640.0,2039,4471,0.0181818181818176
20250924,SH2606,2644.0,24,412,-0.0408472012102878
20250924,SH2607,2635.0,8,126,0.1047438330170784
20250924,SH2608,2658.0,16,81,0.0722347629796829
20250924,SH2609,2674.0,30,29,0.0
20250925,SH2510,2457.0,930,2654,0.1318681318681314
20250925,SH2511,2484.0,72720,69482,0.246376811594204
20250925,SH2512,2535.0,48738,24599,0.0001063759058573
20250925,SH2601,2537.0,227997,114542,0.1324398896334244
20250925,SH2602,2565.0,5058,19019,0.0654970760233926
20250925,SH2603,2579.0,141,982,0.2093834819697546
20250925,SH2604,2624.0,4,664,0.0365853658536572
20250925,SH2605,2632.0,1081,4472,0.0775075987841953
20250925,SH2606,2649.0,10,412,-0.0498301245753114
20250925,SH2607,2638.0,7,129,0.0363912054586821
20250925,SH2608,2646.0,2,82,0.099773242630385
20250925,SH2609,2668.0,19,34,0.0
20250926,SH2510,2451.0,818,2247,0.1566707466340258
20250926,SH2511,2483.0,76112,58104,0.2223117196939181
20250926,SH2512,2529.0,46139,27472,-5.331414024285073e-05
20250926,SH2601,2528.0,276316,108720,0.132911392405064
20250926,SH2602,2556.0,5079,18479,0.084507042253521
20250926,SH2603,2574.0,142,956,0.2051282051282044
20250926,SH2604,2618.0,14,658,0.0229182582123748
20250926,SH2605,2623.0,1510,4457,0.0777735417460929
20250926,SH2606,2640.0,9,409,-0.040909090909091
20250926,SH2607,2631.0,3,129,0.0912200684150503
20250926,SH2608,2651.0,20,80,0.04526593738212
20250926,SH2609,2661.0,12,37,0.0
20250929,SH2510,2454.0,922,1682,0.1222493887530564
20250929,SH2511,2479.0,80401,38480,0.1984671238402588
20250929,SH2512,2520.0,45528,31834,-0.0002675227394328
20250929,SH2601,2515.0,330114,99150,0.1288270377733607
20250929,SH2602,2542.0,6796,17691,0.0613690007867822
20250929,SH2603,2555.0,327,907,0.2864970645792573
20250929,SH2604,2616.0,46,639,-0.0458715596330274
20250929,SH2605,2606.0,2754,4261,0.0874904067536457
20250929,SH2606,2625.0,31,396,-0.027428571428572
20250929,SH2607,2619.0,41,106,0.0687285223367695
20250929,SH2608,2634.0,13,84,0.0683371298405459
20250929,SH2609,2649.0,67,46,0.0
20250930,SH2510,2510.0,1390,711,-0.0286852589641428
20250930,SH2511,2504.0,37807,27978,0.1773162939297119
20250930,SH2512,2541.0,18584,29458,-0.000530623615404
20250930,SH2601,2531.0,174268,83862,0.1280126432240216
20250930,SH2602,2558.0,5763,16896,0.0
20250930,SH2603,2558.0,450,734,0.2111024237685699
20250930,SH2604,2603.0,26,620,0.0461006530925862
20250930,SH2605,2613.0,1388,3926,0.0780711825487934
20250930,SH2606,2630.0,15,388,-0.0091254752851717
20250930,SH2607,2628.0,6,105,0.0136986301369868
20250930,SH2608,2631.0,10,86,0.063854047890536
20250930,SH2609,2645.0,5,45,0.0
20251009,SH2510,2422.0,187,81,-0.0743187448389761
20251009,SH2511,2407.0,47935,23649,0.2642293311175736
20251009,SH2512,2460.0,16950,27673,-0.0005480953685941
20251009,SH2601,2450.0,290860,102719,0.1812244897959178
20251009,SH2602,2487.0,18938,16256,0.033775633293124
20251009,SH2603,2494.0,14702,12541,0.226142742582196
20251009,SH2604,2541.0,39,622,0.0425029515938613
20251009,SH2605,2550.0,2239,3740,0.117647058823529
20251009,SH2606,2575.0,42,390,0.1398058252427194
20251009,SH2607,2605.0,20,100,0.110556621880999
20251009,SH2608,2629.0,22,79,-0.1460631418790412
20251009,SH2609,2597.0,19,52,0.0
20251010,SH2510,2435.0,1,0,-0.0739219712525671
20251010,SH2511,2420.0,35427,16726,0.2876033057851233
20251010,SH2512,2478.0,25146,23660,-0.0004352912370432
20251010,SH2601,2470.0,281421,108505,0.1700404858299604
20251010,SH2602,2505.0,29814,19687,0.0526946107784418
20251010,SH2603,2516.0,25390,26778,0.2384737678855337
20251010,SH2604,2566.0,16,626,0.0140296180826196
20251010,SH2605,2569.0,1595,3868,0.1074347995328928
20251010,SH2606,2592.0,8,389,-0.0185185185185186
20251010,SH2607,2588.0,5,98,0.0602782071097376
20251010,SH2608,2601.0,10,83,0.0230680507497114
20251010,SH2609,2606.0,14,51,0.0
20251013,SH2510,0.0,0,0,0.0
20251013,SH2511,2424.0,36388,16963,0.2524752475247513
20251013,SH2512,2475.0,15646,20411,-0.0005992509363295
20251013,SH2601,2464.0,289693,109226,0.1801948051948061
20251013,SH2602,2501.0,31170,20327,0.0527788884446209
20251013,SH2603,2512.0,30261,30969,0.2292993630573248
20251013,SH2604,2560.0,193,534,0.0140625000000005
20251013,SH2605,2563.0,2294,3736,0.1357783847054241
20251013,SH2606,2592.0,181,280,-0.0185185185185186
20251013,SH2607,2588.0,31,78,0.0046367851622877
20251013,SH2608,2589.0,18,72,0.1158748551564299
20251013,SH2609,2614.0,26,55,0.0
20251014,SH2510,0.0,0,0,0.0
20251014,SH2511,2399.0,22447,11204,0.2801167152980408
20251014,SH2512,2455.0,26665,20760,-0.0014828714615895
20251014,SH2601,2428.0,329012,111010,0.177924217462932
20251014,SH2602,2464.0,44756,18791,0.0535714285714297
20251014,SH2603,2475.0,42620,32045,0.2424242424242413
20251014,SH2604,2525.0,168,515,0.038019801980198
20251014,SH2605,2533.0,2410,3753,0.1279115673114885
20251014,SH2606,2560.0,110,259,0.051562500000001
20251014,SH2607,2571.0,67,95,0.0933488914819147
20251014,SH2608,2591.0,56,48,-0.0138942493245846
20251014,SH2609,2588.0,63,61,0.0
20251015,SH2510,0.0,0,0,0.0
20251015,SH2511,2415.0,10562,8380,0.2385093167701857
20251015,SH2512,2463.0,16177,19990,-0.0013685694343702
20251015,SH2601,2438.0,256622,111822,0.1624282198523383
20251015,SH2602,2471.0,33926,17398,0.0388506677458506
20251015,SH2603,2479.0,29953,32225,0.237192416296895
20251015,SH2604,2528.0,37,524,0.0522151898734186
20251015,SH2605,2539.0,1517,3677,0.160693186293817
20251015,SH2606,2573.0,29,242,0.0046638165565493
20251015,SH2607,2574.0,22,81,0.1258741258741249
20251015,SH2608,2601.0,22,43,-0.0415224913494816
20251015,SH2609,2592.0,27,64,0.0
20251016,SH2510,0.0,0,0,0.0
20251016,SH2511,2425.0,4867,7202,0.2474226804123702
20251016,SH2512,2475.0,15175,19600,-0.0011985018726591
20251016,SH2601,2453.0,264114,111302,0.1614349775784758
20251016,SH2602,2486.0,40042,16500,0.0241351568785184
20251016,SH2603,2491.0,33234,33129,0.2215977519068639
20251016,SH2604,2537.0,19,518,0.0472999605833655
20251016,SH2605,2547.0,1698,3842,0.1790341578327439
20251016,SH2606,2585.0,6,240,-0.0464216634429397
20251016,SH2607,2575.0,11,85,0.1631067961165042
20251016,SH2608,2610.0,3,43,0.0
20251016,SH2609,2610.0,19,70,0.0
20251017,SH2510,0.0,0,0,0.0
20251017,SH2511,2327.0,7370,5590,0.1701761925225611
20251017,SH2512,2360.0,18768,17845,-0.0009141115977908
20251017,SH2601,2344.0,417901,136238,0.1433447098976117
20251017,SH2602,2372.0,78942,16139,0.0404721753794259
20251017,SH2603,2380.0,64973,33852,0.2873949579831922
20251017,SH2604,2437.0,69,520,0.0443167829298323
20251017,SH2605,2446.0,3698,4572,0.2551103843008997
20251017,SH2606,2498.0,71,239,0.0912730184147312
20251017,SH2607,2517.0,51,86,0.0476758045292005
20251017,SH2608,2527.0,17,44,0.1377127028096563
20251017,SH2609,2556.0,91,109,0.0
20251020,SH2510,0.0,0,0,0.0
20251020,SH2511,2385.0,4460,4700,0.0402515723270431
20251020,SH2512,2393.0,11686,16568,-0.0007324734595754
20251020,SH2601,2380.0,298867,122212,0.1361344537815121
20251020,SH2602,2407.0,38892,15131,0.0249272953884513
20251020,SH2603,2412.0,30561,34008,0.3034825870646775
20251020,SH2604,2473.0,37,523,0.0436716538617059
20251020,SH2605,2482.0,2709,4427,0.1692183722804197
20251020,SH2606,2517.0,30,248,0.038140643623362
20251020,SH2607,2525.0,13,88,0.0998019801980198
20251020,SH2608,2546.0,7,46,0.1696779261586805
20251020,SH2609,2582.0,17,111,0.0
20251021,SH2510,0.0,0,0,0.0
20251021,SH2511,2414.0,4780,2756,-0.1043910521955258
20251021,SH2512,2393.0,11134,14946,-0.0010141940209506
20251021,SH2601,2375.0,223663,121558,0.1111578947368423
20251021,SH2602,2397.0,22245,15496,0.0400500625782225
20251021,SH2603,2405.0,14011,33726,0.3193347193347193
20251021,SH2604,2469.0,25,527,0.0194410692588089
20251021,SH2605,2473.0,2029,4396,0.2183582693085322
20251021,SH2606,2518.0,6,248,0.0714853057982534
20251021,SH2607,2533.0,8,90,0.1279115673114885
20251021,SH2608,2560.0,2,46,0.004687500000001
20251021,SH2609,2561.0,7,112,0.0
20251022,SH2510,0.0,0,0,0.0
20251022,SH2511,2421.0,1338,2122,-0.1437422552664187
20251022,SH2512,2392.0,17573,13103,-0.000676412010071
20251022,SH2601,2380.0,252513,120124,0.0806722689075627
20251022,SH2602,2396.0,38967,16154,0.0601001669449079
20251022,SH2603,2408.0,37821,32920,0.2691029900332227
20251022,SH2604,2462.0,76,558,0.0633631194151096
20251022,SH2605,2475.0,2120,4417,0.2036363636363649
20251022,SH2606,2517.0,18,244,0.0667461263408828
20251022,SH2607,2531.0,8,89,0.1517186882655083
20251022,SH2608,2563.0,6,46,-0.0234100663285214
20251022,SH2609,2558.0,18,110,0.0
20251023,SH2511,2426.0,1349,1653,-0.1038746908491341
20251023,SH2512,2405.0,10456,12137,-0.0011212595482258
20251023,SH2601,2385.0,307226,123574,0.0402515723270431
20251023,SH2602,2393.0,48502,16714,0.0300877559548675
20251023,SH2603,2399.0,39724,34331,0.2751146310962902
20251023,SH2604,2454.0,111,614,0.0782396088019563
20251023,SH2605,2470.0,2957,4994,0.150607287449394
20251023,SH2606,2501.0,11,242,0.0383846461415444
20251023,SH2607,2509.0,14,85,0.1339178955759257
20251023,SH2608,2537.0,6,45,0.0804099329917216
20251023,SH2609,2554.0,22,122,0.0
20251023,SH2610,0.0,0,0,0.0
20251024,SH2511,2422.0,758,1313,-0.118909991742361
20251024,SH2512,2398.0,9070,11307,-0.0014056657701642
20251024,SH2601,2373.0,250385,116484,0.0606826801517064
20251024,SH2602,2385.0,71896,16971,0.060377358490566
20251024,SH2603,2397.0,62652,34625,0.2853566958698375
20251024,SH2604,2454.0,67,598,0.0537897310513439
20251024,SH2605,2465.0,2820,5190,0.1703853955375258
20251024,SH2606,2500.0,10,238,0.0335999999999989
20251024,SH2607,2507.0,10,79,0.1244515357000404
20251024,SH2608,2533.0,11,48,0.0663245163837338
20251024,SH2609,2547.0,26,130,0.0612485276796226
20251024,SH2610,2560.0,2,1,0.0
20251027,SH2511,2403.0,687,912,-0.0499375780274662
20251027,SH2512,2393.0,13354,10714,-0.0015212910314259
20251027,SH2601,2366.0,359954,131411,0.0912933220625529
20251027,SH2602,2384.0,148463,17567,0.0553691275167773
20251027,SH2603,2395.0,135648,36299,0.2906054279749481
20251027,SH2604,2453.0,72,603,0.0538116591928252
20251027,SH2605,2464.0,3861,5477,0.1850649350649353
20251027,SH2606,2502.0,5,241,0.0623501199040754
20251027,SH2607,2515.0,5,81,0.1335984095427447
20251027,SH2608,2543.0,11,45,0.0188753440817928
20251027,SH2609,2547.0,19,137,0.0
20251027,SH2610,0.0,0,1,0.0
20251028,SH2511,2401.0,309,808,-0.1849229487713448
20251028,SH2512,2364.0,11692,10420,-0.0013118120116352
20251028,SH2601,2341.0,267933,132088,0.1076463049978642
20251028,SH2602,2362.0,54992,17743,0.0965283657917028
20251028,SH2603,2381.0,46083,35911,0.2872742545149105
20251028,SH2604,2438.0,130,641,0.0984413453650541
20251028,SH2605,2458.0,4096,6151,0.1562245728234348
20251028,SH2606,2490.0,29,242,0.1156626506024105
20251028,SH2607,2514.0,10,76,0.1622911694510733
20251028,SH2608,2548.0,5,44,0.0141287284144437
20251028,SH2609,2551.0,18,134,0.0
20251028,SH2610,0.0,0,1,0.0
20251029,SH2511,2401.0,233,704,-0.1199500208246564
20251029,SH2512,2377.0,10854,10535,-0.0009075739885513
20251029,SH2601,2361.0,301869,134040,0.1372299872935185
20251029,SH2602,2388.0,61520,20333,0.0753768844221118
20251029,SH2603,2403.0,48108,39533,0.3096129837702861
20251029,SH2604,2465.0,88,661,0.0876267748478705
20251029,SH2605,2483.0,3555,6516,0.1401530406766014
20251029,SH2606,2512.0,16,245,-0.0143312101910826
20251029,SH2607,2509.0,3,75,0.1865284974093271
20251029,SH2608,2548.0,2,45,0.0659340659340657
20251029,SH2609,2562.0,16,131,-0.0421545667447307
20251029,SH2610,2553.0,1,2,0.0
20251030,SH2511,2408.0,240,535,-0.3089700996677744
20251030,SH2512,2346.0,13095,9508,-0.0016667145607632
20251030,SH2601,2317.0,362389,165100,0.1812688821752264
20251030,SH2602,2352.0,57864,20032,0.1683673469387745
20251030,SH2603,2385.0,37957,43691,0.3371069182389945
20251030,SH2604,2452.0,325,860,0.137030995106036
20251030,SH2605,2480.0,6450,7059,0.2129032258064525
20251030,SH2606,2524.0,32,269,0.0855784469096674
20251030,SH2607,2542.0,5,79,0.1227380015735644
20251030,SH2608,2568.0,5,45,0.0140186915887845
20251030,SH2609,2571.0,86,161,0.0653442240373403
20251030,SH2610,2585.0,8,6,0.0
20251031,SH2511,2269.0,551,172,0.3543411194358752
20251031,SH2512,2336.0,21187,7797,-0.0015006926273664
20251031,SH2601,2310.0,303345,156822,0.2181818181818169
20251031,SH2602,2352.0,59333,17847,0.1734693877551025
20251031,SH2603,2386.0,37312,41532,0.3419949706621974
20251031,SH2604,2454.0,291,849,0.1418092909535442
20251031,SH2605,2483.0,5361,6285,0.1643173580346362
20251031,SH2606,2517.0,39,288,0.0572109654350416
20251031,SH2607,2529.0,11,85,0.1328588374851707
20251031,SH2608,2557.0,1,44,0.046929996089168
20251031,SH2609,2567.0,31,153,0.0186988702765864
20251031,SH2610,2571.0,6,5,0.0
20251103,SH2511,2269.0,21,26,0.497135301895109
20251103,SH2512,2363.0,12841,6871,-0.0007417727417537
20251103,SH2601,2350.0,472597,135247,0.2706382978723409
20251103,SH2602,2403.0,50575,18100,0.1697877652933828
20251103,SH2603,2437.0,43499,47469,0.2905211325400092
20251103,SH2604,2496.0,8206,4920,0.1009615384615374
20251103,SH2605,2517.0,6251,5837,0.1811680572109661
20251103,SH2606,2555.0,50,300,0.0375733855185904
20251103,SH2607,2563.0,15,85,0.1685524775653526
20251103,SH2608,2599.0,10,49,0.0646402462485573
20251103,SH2609,2613.0,156,213,0.0597014925373144
20251103,SH2610,2626.0,15,6,0.0
20251104,SH2511,0.0,0,26,0.0
20251104,SH2512,2357.0,3994,6365,-0.001201298546524
20251104,SH2601,2336.0,254103,128064,0.272260273972603
20251104,SH2602,2389.0,24172,16643,0.1657597321054842
20251104,SH2603,2422.0,20608,49092,0.2923203963666401
20251104,SH2604,2481.0,2610,5781,0.106408706166869
20251104,SH2605,2503.0,3087,5864,0.1534159009188966
20251104,SH2606,2535.0,18,306,0.1041420118343205
20251104,SH2607,2557.0,16,91,0.2017989831834175
20251104,SH2608,2600.0,28,63,0.1153846153846149
20251104,SH2609,2625.0,141,275,-0.0091428571428568
20251104,SH2610,2623.0,6,9,0.0
20251105,SH2511,0.0,14,9,0.0
20251105,SH2512,2329.0,6702,6409,-0.0015052030818068
20251105,SH2601,2303.0,451353,138392,0.2970039079461566
20251105,SH2602,2360.0,59507,19978,0.1677966101694918
20251105,SH2603,2393.0,52669,56388,0.3309653155035512
20251105,SH2604,2459.0,6746,8070,0.107360715738106
20251105,SH2605,2481.0,5693,5983,0.1837968561064089
20251105,SH2606,2519.0,23,309,0.1381500595474394
20251105,SH2607,2548.0,21,101,0.1742543171114601
20251105,SH2608,2585.0,24,67,0.0696324951644102
20251105,SH2609,2600.0,156,325,0.0553846153846162
20251105,SH2610,2612.0,79,64,0.0
20251106,SH2511,0.0,0,1,0.0
20251106,SH2512,2371.0,7559,6505,-0.0015922736815168
20251106,SH2601,2343.0,409974,134599,0.2919334186939819
20251106,SH2602,2400.0,44486,20712,0.1699999999999999
20251106,SH2603,2434.0,36848,60973,0.3105998356614616
20251106,SH2604,2497.0,7279,8693,0.0720865038045648
20251106,SH2605,2512.0,4435,5766,0.162420382165604
20251106,SH2606,2546.0,9,305,0.1319717203456392
20251106,SH2607,2574.0,9,99,0.1678321678321674
20251106,SH2608,2610.0,24,78,0.0735632183908041
20251106,SH2609,2626.0,96,358,0.0731150038080725
20251106,SH2610,2642.0,14,73,0.0
20251107,SH2511,0.0,0,1,0.0
20251107,SH2512,2361.0,5086,6299,-0.0017132332995445
20251107,SH2601,2331.0,268569,130918,0.2882882882882871
20251107,SH2602,2387.0,31101,19627,0.1809803100125675
20251107,SH2603,2423.0,45907,58358,0.3318200577796126
20251107,SH2604,2490.0,23682,8644,0.0722891566265069
20251107,SH2605,2505.0,2794,5854,0.1724550898203585
20251107,SH2606,2541.0,7,307,0.103896103896103
20251107,SH2607,2563.0,7,95,0.2200546234881004
20251107,SH2608,2610.0,11,77,0.036781609195402
20251107,SH2609,2618.0,51,367,0.0366692131398007
20251107,SH2610,2626.0,13,81,0.0
20251110,SH2511,2433.0,1,0,-0.2170160295930943
20251110,SH2512,2389.0,6031,5825,-0.0022575380606807
20251110,SH2601,2349.0,325398,132269,0.2809706257982114
20251110,SH2602,2404.0,27974,20217,0.1946755407653908
20251110,SH2603,2443.0,54704,60700,0.2947196070405233
20251110,SH2604,2503.0,17327,9255,0.0719137035557322
20251110,SH2605,2518.0,4535,5884,0.2430500397140589
20251110,SH2606,2569.0,26,297,0.0233553912028039
20251110,SH2607,2574.0,9,94,0.1958041958041958
20251110,SH2608,2616.0,33,72,0.055045871559634
20251110,SH2609,2628.0,113,368,0.0867579908675804
20251110,SH2610,2647.0,46,53,0.0
20251111,SH2511,0.0,0,0,0.0
20251111,SH2512,2390.0,7993,6201,-0.0018616896243712
20251111,SH2601,2357.0,358280,135947,0.280016970725498
20251111,SH2602,2412.0,34523,20429,0.1840796019900485
20251111,SH2603,2449.0,59176,63400,0.2939975500204177
20251111,SH2604,2509.0,9925,9480,0.062176165803109
20251111,SH2605,2522.0,4012,6056,0.166534496431403
20251111,SH2606,2557.0,16,298,0.0891669925694174
20251111,SH2607,2576.0,5,92,0.0
20251111,SH2608,0.0,0,72,0.0
20251111,SH2609,2644.0,54,370,0.0862329803328298
20251111,SH2610,2663.0,36,41,0.0
20251112,SH2511,0.0,0,0,0.0
20251112,SH2512,2361.0,24013,7029,-0.0009708322030752
20251112,SH2601,2344.0,363724,136691,0.2457337883959054
20251112,SH2602,2392.0,36828,18497,0.1655518394648831
20251112,SH2603,2425.0,76832,63236,0.3068041237113412
20251112,SH2604,2487.0,18755,9636,0.0868516284680325
20251112,SH2605,2505.0,5767,6300,0.2203592814371262
20251112,SH2606,2551.0,13,294,0.0658565268522144
20251112,SH2607,2565.0,10,89,0.2152046783625723
20251112,SH2608,2611.0,10,73,0.1332822673305251
20251112,SH2609,2640.0,100,368,0.1545454545454552
20251112,SH2610,2674.0,44,49,0.0
20251113,SH2511,0.0,0,0,0.0
20251113,SH2512,2338.0,6141,4334,-5.766957257235709e-05
20251113,SH2601,2337.0,288346,131494,0.2464698331193826
20251113,SH2602,2385.0,87955,19046,0.1861635220125794
20251113,SH2603,2422.0,117513,64957,0.3071841453344337
20251113,SH2604,2484.0,13749,9874,0.0917874396135269
20251113,SH2605,2503.0,4809,6671,0.1725928885337584
20251113,SH2606,2539.0,11,299,0.0850728633320212
20251113,SH2607,2557.0,11,90,0.2158779820101681
20251113,SH2608,2603.0,4,74,0.069150979638878
20251113,SH2609,2618.0,97,378,0.1375095492742541
20251113,SH2610,2648.0,17,45,0.0
20251114,SH2511,0.0,0,0,0.0
20251114,SH2512,2321.0,2810,3724,0.000348551815616
20251114,SH2601,2327.0,357491,126692,0.2217447357112156
20251114,SH2602,2370.0,29699,17493,0.1772151898734169
20251114,SH2603,2405.0,72585,64321,0.2893970893970881
20251114,SH2604,2463.0,17482,9492,0.0925700365408026
20251114,SH2605,2482.0,5826,6990,0.2175664786462539
20251114,SH2606,2527.0,12,296,0.0474871388998812
20251114,SH2607,2537.0,14,85,0.1844698462751273
20251114,SH2608,2576.0,13,70,0.0465838509316762
20251114,SH2609,2586.0,177,420,0.1531322505800476
20251114,SH2610,2619.0,13,44,0.0
20251117,SH2512,2312.0,3706,2618,-0.0012246802223863
20251117,SH2601,2291.0,391745,150653,0.1571366215626364
20251117,SH2602,2321.0,33432,15471,0.1499353726841885
20251117,SH2603,2350.0,84672,66793,0.3268085106382967
20251117,SH2604,2414.0,23292,9309,0.1193040596520287
20251117,SH2605,2438.0,7872,8412,0.2018047579983584
20251117,SH2606,2479.0,38,308,0.0484066155707951
20251117,SH2607,2489.0,45,78,0.1108879067898751
20251117,SH2608,2512.0,42,57,0.0621019108280256
20251117,SH2609,2525.0,422,320,0.1188118811881189
20251117,SH2610,2550.0,35,39,0.0799999999999991
20251117,SH2611,2567.0,1,1,0.0
20251118,SH2512,2319.0,1584,2145,-0.0019186883148974
20251118,SH2601,2286.0,273587,149936,0.0944881889763777
20251118,SH2602,2304.0,24600,15546,0.1354166666666678
20251118,SH2603,2330.0,63687,67939,0.3296137339055791
20251118,SH2604,2394.0,14919,9308,0.1353383458646613
20251118,SH2605,2421.0,6194,9021,0.1883519206939281
20251118,SH2606,2459.0,26,323,0.0390402602684014
20251118,SH2607,2467.0,17,80,0.1070125658694758
20251118,SH2608,2489.0,26,59,0.0626757734029732
20251118,SH2609,2502.0,126,282,0.14388489208633
20251118,SH2610,2532.0,13,33,0.0284360189573469
20251118,SH2611,2538.0,6,4,0.0
20251119,SH2512,2298.0,1028,1901,-0.0019362220201249
20251119,SH2601,2265.0,211799,153602,0.1218543046357627
20251119,SH2602,2288.0,19052,15792,0.1416083916083925
20251119,SH2603,2315.0,50039,68456,0.368034557235422
20251119,SH2604,2386.0,12464,9278,0.140821458507963
20251119,SH2605,2414.0,4877,9140,0.1938690969345486
20251119,SH2606,2453.0,10,326,0.0440277211577671
20251119,SH2607,2462.0,7,82,0.1267262388302192
20251119,SH2608,2488.0,9,59,0.0578778135048239
20251119,SH2609,2500.0,144,275,0.1487999999999996
20251119,SH2610,2531.0,5,32,0.0
20251119,SH2611,0.0,0,4,0.0
20251120,SH2512,2294.0,1175,1544,-0.0019395981701164
20251120,SH2601,2261.0,222748,148074,0.1220698805838127
20251120,SH2602,2284.0,32584,15489,0.1313485113835364
20251120,SH2603,2309.0,55744,68621,0.3533997401472497
20251120,SH2604,2377.0,10812,9853,0.1464030290281854
20251120,SH2605,2406.0,5042,9381,0.2394014962593527
20251120,SH2606,2454.0,26,333,0.0244498777506123
20251120,SH2607,2459.0,19,95,0.1512810085400566
20251120,SH2608,2490.0,12,61,0.0096385542168686
20251120,SH2609,2492.0,77,240,0.1492776886035312
20251120,SH2610,2523.0,3,32,0.0237812128418548
20251120,SH2611,2528.0,8,6,0.0
20251121,SH2512,2273.0,610,1440,-0.0021947928046387
20251121,SH2601,2236.0,190620,157564,0.1556350626118074
20251121,SH2602,2265.0,40125,16814,0.1536423841059599
20251121,SH2603,2294.0,66490,70982,0.3714036617262426
20251121,SH2604,2365.0,9946,10079,0.1522198731501047
20251121,SH2605,2395.0,6441,9741,0.2304801670146146
20251121,SH2606,2441.0,3,334,0.088488324457189
20251121,SH2607,2459.0,4,97,0.1268808458723054
20251121,SH2608,2485.0,7,57,-0.0048289738430589
20251121,SH2609,2484.0,63,255,0.1400966183574885
20251121,SH2610,2513.0,14,37,0.0334261838440106
20251121,SH2611,2520.0,4,5,0.0
20251124,SH2512,2273.0,787,1051,-0.0018981991823902
20251124,SH2601,2241.0,208016,150401,0.1178045515394909
20251124,SH2602,2263.0,25895,18714,0.1802916482545296
20251124,SH2603,2297.0,58677,73904,0.365694383979104
20251124,SH2604,2367.0,12611,10228,0.1571609632446131
20251124,SH2605,2398.0,7412,10646,0.2201834862385308
20251124,SH2606,2442.0,9,332,0.0835380835380839
20251124,SH2607,2459.0,18,92,0.1024806832045541
20251124,SH2608,2480.0,8,56,0.0725806451612909
20251124,SH2609,2495.0,83,251,0.0
20251124,SH2610,0.0,0,37,0.0
20251124,SH2611,0.0,0,5,0.0
20251125,SH2512,2266.0,460,818,-0.0010710354334222
20251125,SH2601,2248.0,162227,145091,0.0800711743772231
20251125,SH2602,2263.0,21941,19015,0.1802916482545296
20251125,SH2603,2297.0,46512,74259,0.3761427949499349
20251125,SH2604,2369.0,11903,10052,0.131701139721402
20251125,SH2605,2395.0,5074,11476,0.2254697286012534
20251125,SH2606,2440.0,6,334,0.0885245901639333
20251125,SH2607,2458.0,1,92,0.1171684296175747
20251125,SH2608,2482.0,5,58,0.0531829170024176
20251125,SH2609,2493.0,36,248,0.1155234657039718
20251125,SH2610,2517.0,3,35,0.0143027413587617
20251125,SH2611,2520.0,2,5,0.0
20251126,SH2512,2256.0,290,686,-0.0016136743963662
20251126,SH2601,2229.0,241509,150260,0.0699865410497979
20251126,SH2602,2242.0,45095,18017,0.1766280107047269
20251126,SH2603,2275.0,71407,77833,0.3903296703296695
20251126,SH2604,2349.0,24219,10272,0.1583652618135378
20251126,SH2605,2380.0,8272,12312,0.2319327731092428
20251126,SH2606,2426.0,10,337,0.0692497938994227
20251126,SH2607,2440.0,10,93,0.1672131147540989
20251126,SH2608,2474.0,5,58,0.0242522231204533
20251126,SH2609,2479.0,54,245,0.1016538926986685
20251126,SH2610,2500.0,7,36,0.014400000000001
20251126,SH2611,2503.0,5,4,0.0
20251127,SH2512,2269.0,326,479,-0.00184212220401
20251127,SH2601,2238.0,223141,144671,0.0536193029490625
20251127,SH2602,2248.0,40044,18659,0.2028469750889669
20251127,SH2603,2286.0,74543,78933,0.3832020997375336
20251127,SH2604,2359.0,21152,11015,0.1627808393387031
20251127,SH2605,2391.0,7824,13415,0.2258469259723963
20251127,SH2606,2436.0,41,362,0.0640394088669946
20251127,SH2607,2449.0,5,94,0.0
20251127,SH2608,0.0,0,58,0.0
20251127,SH2609,2488.0,14,244,0.1495176848874599
20251127,SH2610,2519.0,3,36,-0.0428741564112749
20251127,SH2611,2510.0,2,4,0.0
20251128,SH2512,2180.0,593,285,0.002721368931038
20251128,SH2601,2224.0,205326,156453,0.086330935251798
20251128,SH2602,2240.0,21845,18677,0.2089285714285713
20251128,SH2603,2279.0,47033,77846,0.3896445809565607
20251128,SH2604,2353.0,15141,11204,0.1784955376115595
20251128,SH2605,2388.0,7142,13710,0.2261306532663329
20251128,SH2606,2433.0,16,364,0.0838471023427862
20251128,SH2607,2450.0,7,93,0.1420408163265296
20251128,SH2608,2479.0,7,56,0.0532472771278733
20251128,SH2609,2490.0,32,243,0.1445783132530111
20251128,SH2610,2520.0,3,37,-0.0380952380952379
20251128,SH2611,2512.0,2,5,0.0
20251201,SH2512,2173.0,114,182,0.0024198927594533
20251201,SH2601,2212.0,275167,148447,0.1844484629294758
20251201,SH2602,2246.0,32668,19508,0.229741763134462
20251201,SH2603,2289.0,80438,79491,0.372214941022281
20251201,SH2604,2360.0,22090,11564,0.1525423728813555
20251201,SH2605,2390.0,9306,13726,0.2008368200836825
20251201,SH2606,2430.0,35,379,0.1185185185185195
20251201,SH2607,2454.0,22,101,0.1271393643031784
20251201,SH2608,2480.0,24,63,0.0580645161290327
20251201,SH2609,2492.0,155,262,0.1155698234349911
20251201,SH2610,2516.0,76,43,0.0333863275039743
20251201,SH2611,2523.0,9,9,0.0
20251202,SH2512,2156.0,79,32,0.0034395780784223
20251202,SH2601,2211.0,244171,151780,0.3039348710990515
20251202,SH2602,2267.0,44866,20553,0.2964269960299948
20251202,SH2603,2323.0,102796,85769,0.3409384416702528
20251202,SH2604,2389.0,31099,11942,0.1205525324403504
20251202,SH2605,2413.0,13980,14096,0.1989225031081636
20251202,SH2606,2453.0,59,356,0.0880554423155315
20251202,SH2607,2471.0,17,96,0.155402670983408
20251202,SH2608,2503.0,16,55,0.0623252097483026
20251202,SH2609,2516.0,107,245,0.0763116057233705
20251202,SH2610,2532.0,19,43,0.0
20251202,SH2611,2532.0,25,13,0.0
20251203,SH2512,2133.0,2,31,0.0020227879707327
20251203,SH2601,2165.0,290236,173417,0.2715935334872981
20251203,SH2602,2214.0,48760,26692,0.3956639566395674
20251203,SH2603,2287.0,135573,97354,0.3882815916047217
20251203,SH2604,2361.0,39895,12699,0.1473951715374832
20251203,SH2605,2390.0,16140,14252,0.2410041841004195
20251203,SH2606,2438.0,85,345,0.0885972108285484
20251203,SH2607,2456.0,6,95,0.0781758957654723
20251203,SH2608,2472.0,6,56,0.1310679611650478
20251203,SH2609,2499.0,120,269,0.0480192076830734
20251203,SH2610,2509.0,10,46,0.0095655639697103
20251203,SH2611,2511.0,4,15,0.0
20251204,SH2512,0.0,0,0,0.0
20251204,SH2601,2140.0,220065,169582,0.3252336448598143
20251204,SH2602,2198.0,47314,25060,0.3384895359417648
20251204,SH2603,2260.0,164098,100755,0.4088495575221236
20251204,SH2604,2337.0,79754,12641,0.1643132220795884
20251204,SH2605,2369.0,12077,15867,0.248205994090334
20251204,SH2606,2418.0,162,339,0.129032258064516
20251204,SH2607,2444.0,50,83,0.1963993453355144
20251204,SH2608,2484.0,45,41,0.0531400966183577
20251204,SH2609,2495.0,177,310,0.0769539078156302
20251204,SH2610,2511.0,15,53,0.0573476702508957
20251204,SH2611,2523.0,18,18,0.0
20251205,SH2512,0.0,0,0,0.0
20251205,SH2601,2100.0,248138,168289,0.2800000000000011
20251205,SH2602,2149.0,39876,25705,0.3071195905072139
20251205,SH2603,2204.0,143968,107530,0.4301270417422866
20251205,SH2604,2283.0,33774,13899,0.1839684625492781
20251205,SH2605,2318.0,19324,16742,0.2484900776531491
20251205,SH2606,2366.0,66,340,0.1521555367709206
20251205,SH2607,2396.0,15,83,0.1853088480801341
20251205,SH2608,2433.0,20,38,0.0443896424167693
20251205,SH2609,2442.0,334,385,0.0933660933660931
20251205,SH2610,2461.0,19,51,0.0195042665583091
20251205,SH2611,2465.0,23,21,0.0
20251208,SH2512,0.0,0,0,0.0
20251208,SH2601,2124.0,189681,144562,0.214689265536724
20251208,SH2602,2162.0,39582,25552,0.3052728954671595
20251208,SH2603,2217.0,224139,107974,0.4167794316644126
20251208,SH2604,2294.0,130393,14039,0.1621621621621631
20251208,SH2605,2325.0,16243,16929,0.2477419354838721
20251208,SH2606,2373.0,13,341,0.085967130214918
20251208,SH2607,2390.0,11,85,0.1656903765690369
20251208,SH2608,2423.0,4,39,0.0693355344614117
20251208,SH2609,2437.0,207,414,0.0640131308986466
20251208,SH2610,2450.0,18,57,0.0244897959183676
20251208,SH2611,2455.0,20,28,0.0
20251209,SH2512,0.0,0,0,0.0
20251209,SH2601,2092.0,245230,137014,0.1606118546845136
20251209,SH2602,2120.0,48294,24836,0.2603773584905653
20251209,SH2603,2166.0,292093,127156,0.45983379501385
20251209,SH2604,2249.0,82142,15850,0.1920853712761232
20251209,SH2605,2285.0,26523,20767,0.2678336980306337
20251209,SH2606,2336.0,78,383,0.1078767123287667
20251209,SH2607,2357.0,35,94,0.0763682647433183
20251209,SH2608,2372.0,24,43,0.1163575042158528
20251209,SH2609,2395.0,332,385,0.0851774530271392
20251209,SH2610,2412.0,9,59,0.0099502487562181
20251209,SH2611,2414.0,51,34,0.0
20251210,SH2512,0.0,0,0,0.0
20251210,SH2601,2110.0,200723,119340,0.0853080568720381
20251210,SH2602,2125.0,47872,25179,0.1694117647058828
20251210,SH2603,2155.0,213671,135389,0.4621809744779579
20251210,SH2604,2238.0,51316,17563,0.1769436997319022
20251210,SH2605,2271.0,20177,22256,0.2906208718626155
20251210,SH2606,2326.0,58,354,0.0619088564058465
20251210,SH2607,2338.0,28,96,0.2053036783575699
20251210,SH2608,2378.0,9,43,0.045416316232127
20251210,SH2609,2387.0,159,406,0.0703812316715541
20251210,SH2610,2401.0,22,51,0.044981257809245
20251210,SH2611,2410.0,10,34,0.0
20251211,SH2512,0.0,0,0,0.0
20251211,SH2601,2089.0,231418,86480,0.0516993776926746
20251211,SH2602,2098.0,53693,27345,0.0857959961868441
20251211,SH2603,2113.0,380634,178483,0.4372929484145755
20251211,SH2604,2190.0,61438,18940,0.2136986301369861
20251211,SH2605,2229.0,35355,26105,0.1991924629878863
20251211,SH2606,2266.0,94,360,0.121800529567519
20251211,SH2607,2289.0,37,104,0.2778505897771941
20251211,SH2608,2342.0,23,47,-0.0051238257899237
20251211,SH2609,2341.0,391,424,0.0973942759504495
20251211,SH2610,2360.0,15,53,-0.0203389830508471
20251211,SH2611,2356.0,34,34,0.0
20251212,SH2512,0.0,0,0,0.0
20251212,SH2601,2097.0,94612,69462,-0.0228898426323325
20251212,SH2602,2093.0,29739,26965,0.0974677496416633
20251212,SH2603,2110.0,342449,189135,0.472037914691942
20251212,SH2604,2193.0,48928,19451,0.2188782489740095
20251212,SH2605,2233.0,26725,29124,0.3116883116883118
20251212,SH2606,2291.0,290,533,0.0733304233958964
20251212,SH2607,2305.0,56,107,0.0989154013015172
20251212,SH2608,2324.0,43,57,0.0051635111876064
20251212,SH2609,2325.0,475,480,0.0670967741935486
20251212,SH2610,2338.0,23,71,0.0410607356715129
20251212,SH2611,2346.0,15,38,0.0
20251215,SH2601,2128.0,104250,49548,0.0563909774436091
20251215,SH2602,2138.0,36480,22353,0.1403180542563138
20251215,SH2603,2163.0,440668,174415,0.4049930651872406
20251215,SH2604,2236.0,59603,20591,0.2093023255813957
20251215,SH2605,2275.0,49484,30034,0.2637362637362628
20251215,SH2606,2325.0,160,522,0.0774193548387085
20251215,SH2607,2340.0,29,111,0.1076923076923073
20251215,SH2608,2361.0,15,59,0.1016518424396446
20251215,SH2609,2381.0,647,456,0.1007979840403203
20251215,SH2610,2401.0,12,69,-0.0149937526030825
20251215,SH2611,2398.0,34,38,0.1251042535446194
20251215,SH2612,2423.0,29,18,0.0
20251216,SH2601,2131.0,37409,41573,0.0506804317221956
20251216,SH2602,2140.0,22485,21239,0.112149532710279
20251216,SH2603,2160.0,289513,171705,0.4055555555555559
20251216,SH2604,2233.0,46593,21732,0.2310792655620233
20251216,SH2605,2276.0,25484,31388,0.2530755711775052
20251216,SH2606,2324.0,147,606,0.0981067125645447
20251216,SH2607,2343.0,12,113,0.0921895006402042
20251216,SH2608,2361.0,1,58,0.0914866581956799
20251216,SH2609,2379.0,172,456,0.0100882723833537
20251216,SH2610,2381.0,5,72,0.005039899202015
20251216,SH2611,2382.0,16,36,0.0503778337531484
20251216,SH2612,2392.0,27,19,0.0
20251217,SH2601,2119.0,18419,38085,0.0566304860783395
20251217,SH2602,2129.0,18440,20918,0.0789102865194921
20251217,SH2603,2143.0,252316,181107,0.4087727484834342
20251217,SH2604,2216.0,53428,23142,0.2545126353790623
20251217,SH2605,2263.0,19390,32529,0.254529385771101
20251217,SH2606,2311.0,114,669,0.1194288186932066
20251217,SH2607,2334.0,13,120,0.0
20251217,SH2608,0.0,0,58,0.0
20251217,SH2609,2370.0,160,432,0.0556962025316467
20251217,SH2610,2381.0,17,72,0.0403191936161286
20251217,SH2611,2389.0,19,42,0.0050230221850151
20251217,SH2612,2390.0,17,30,0.0
20251218,SH2601,2153.0,34809,29828,0.050162563864375
20251218,SH2602,2162.0,36185,22354,0.2053654024051816
20251218,SH2603,2199.0,463517,160618,0.3929058663028648
20251218,SH2604,2271.0,65800,22225,0.2219286657859971
20251218,SH2605,2313.0,33337,30229,0.2386511024643312
20251218,SH2606,2359.0,113,655,0.1729546417973724
20251218,SH2607,2393.0,17,117,0.0852486418721261
20251218,SH2608,2410.0,13,58,0.029875518672199
20251218,SH2609,2416.0,508,462,0.1539735099337758
20251218,SH2610,2447.0,24,67,-0.0147118921127908
20251218,SH2611,2444.0,24,43,0.0245499181669393
20251218,SH2612,2449.0,29,42,0.0
20251219,SH2601,2115.0,16199,28251,0.0567375886524823
20251219,SH2602,2125.0,34637,22178,0.2202352941176482
20251219,SH2603,2164.0,290411,162376,0.4103512014787442
20251219,SH2604,2238.0,53455,21784,0.2091152815013393
20251219,SH2605,2277.0,21534,29031,0.2793148880105409
20251219,SH2606,2330.0,64,646,0.108154506437768
20251219,SH2607,2351.0,13,116,0.2756273925988948
20251219,SH2608,2405.0,1,59,-0.0948024948024941
20251219,SH2609,2386.0,287,514,0.0704107292539815
20251219,SH2610,2400.0,15,76,-0.0249999999999999
20251219,SH2611,2395.0,17,55,0.0501043841336112
20251219,SH2612,2405.0,15,46,0.0
20251222,SH2601,2115.0,12720,25639,0.1021276595744682
20251222,SH2602,2133.0,34328,22433,0.2700421940928272
20251222,SH2603,2181.0,324272,166458,0.3961485557083897
20251222,SH2604,2253.0,59945,21889,0.1917443408788282
20251222,SH2605,2289.0,24880,30125,0.2568807339449543
20251222,SH2606,2338.0,84,638,-0.030795551753636
20251222,SH2607,2332.0,17,114,0.2881646655231558
20251222,SH2608,2388.0,7,62,0.0301507537688436
20251222,SH2609,2394.0,190,527,0.0601503759398509
20251222,SH2610,2406.0,5,78,0.0
20251222,SH2611,2406.0,5,55,0.0548628428927688
20251222,SH2612,2417.0,16,47,0.0
20251223,SH2601,2138.0,14566,22456,0.1290926099158085
20251223,SH2602,2161.0,32891,22060,0.3220731142989343
20251223,SH2603,2219.0,343667,164939,0.4001802613790008
20251223,SH2604,2293.0,56289,21927,0.1622328826864372
20251223,SH2605,2324.0,28458,30248,0.2375215146299494
20251223,SH2606,2370.0,135,667,0.075949367088608
20251223,SH2607,2385.0,25,117,0.150943396226415
20251223,SH2608,2415.0,43,73,0.0496894409937898
20251223,SH2609,2425.0,350,562,0.0049484536082484
20251223,SH2610,2426.0,12,83,-0.0098928276999177
20251223,SH2611,2424.0,18,61,0.0049504950495045
20251223,SH2612,2425.0,10,48,0.0
20251224,SH2601,2150.0,15382,18638,0.1674418604651171
20251224,SH2602,2180.0,60032,24869,0.3853211009174302
20251224,SH2603,2250.0,492973,159783,0.3733333333333331
20251224,SH2604,2320.0,60847,22518,0.1965517241379304
20251224,SH2605,2358.0,45958,29611,0.2442748091603048
20251224,SH2606,2406.0,227,680,0.1197007481296763
20251224,SH2607,2430.0,33,117,0.0839506172839517
20251224,SH2608,2447.0,28,85,0.0539436044135666
20251224,SH2609,2458.0,483,582,0.0829943043124492
20251224,SH2610,2475.0,29,99,-0.0048484848484848
20251224,SH2611,2474.0,15,66,0.0339531123686347
20251224,SH2612,2481.0,29,61,0.0
20251225,SH2601,2134.0,6550,16908,0.1518275538894107
20251225,SH2602,2161.0,35018,23974,0.3998149005090239
20251225,SH2603,2233.0,273905,163923,0.4191670398566938
20251225,SH2604,2311.0,26624,23700,0.2025097360450019
20251225,SH2605,2350.0,20079,29790,0.2553191489361692
20251225,SH2606,2400.0,103,694,0.0400000000000009
20251225,SH2607,2408.0,12,118,0.1146179401993361
20251225,SH2608,2431.0,4,84,0.0691073632250107
20251225,SH2609,2445.0,258,579,0.0539877300613502
20251225,SH2610,2456.0,9,99,0.0
20251225,SH2611,0.0,0,66,0.0
20251225,SH2612,2470.0,10,62,0.0
20251226,SH2601,2155.0,11828,12719,0.2004640371229689
20251226,SH2602,2191.0,71271,24137,0.4217252396166122
20251226,SH2603,2268.0,588377,155791,0.4021164021164027
20251226,SH2604,2344.0,53315,20887,0.1996587030716723
20251226,SH2605,2383.0,50995,29286,0.24171212757029
20251226,SH2606,2431.0,171,721,0.0888523241464405
20251226,SH2607,2449.0,38,116,0.1322988975091874
20251226,SH2608,2476.0,9,84,0.0484652665589653
20251226,SH2609,2486.0,552,580,0.0337892196299263
20251226,SH2610,2493.0,27,107,0.0433212996389897
20251226,SH2611,2502.0,18,74,0.0191846522781764
20251226,SH2612,2506.0,39,70,0.0
20251229,SH2601,2126.0,4755,10846,0.2144873000940741
20251229,SH2602,2164.0,47578,22085,0.3770794824399255
20251229,SH2603,2232.0,333945,158907,0.381720430107527
20251229,SH2604,2303.0,34701,19984,0.2084237950499341
20251229,SH2605,2343.0,29620,27248,0.235595390524967
20251229,SH2606,2389.0,382,618,0.160736709920469
20251229,SH2607,2421.0,23,111,0.1387856257744735
20251229,SH2608,2449.0,17,80,0.0195998366680285
20251229,SH2609,2453.0,268,594,0.0880554423155315
20251229,SH2610,2471.0,5,106,0.009712666936462
20251229,SH2611,2473.0,11,81,0.0194096239385359
20251229,SH2612,2477.0,16,74,0.0
20251230,SH2601,2139.0,5640,7650,0.2917251051893412
20251230,SH2602,2191.0,56563,24202,0.4491099954358741
20251230,SH2603,2273.0,311138,153459,0.4117905851297845
20251230,SH2604,2351.0,31782,18324,0.1684389621437674
20251230,SH2605,2384.0,30682,25019,0.2063758389261742
20251230,SH2606,2425.0,173,703,0.1336082474226794
20251230,SH2607,2452.0,18,105,0.137030995106036
20251230,SH2608,2480.0,7,80,0.0435483870967745
20251230,SH2609,2489.0,311,618,0.1108879067898751
20251230,SH2610,2512.0,12,107,-0.0668789808917194
20251230,SH2611,2498.0,16,83,0.0864691753402731
20251230,SH2612,2516.0,18,73,0.0
20251231,SH2601,2020.0,9395,612,0.8554455445544562
20251231,SH2602,2164.0,40070,20638,0.4325323475046199
20251231,SH2603,2242.0,288204,145563,0.4442462087421956
20251231,SH2604,2325.0,41857,16930,0.2270967741935496
20251231,SH2605,2369.0,21029,24737,0.2380751371886873
20251231,SH2606,2416.0,123,724,0.0745033112582786
20251231,SH2607,2431.0,18,103,0.192513368983958
20251231,SH2608,2470.0,28,63,0.0388663967611329
20251231,SH2609,2478.0,241,607,0.101694915254237
20251231,SH2610,2499.0,7,110,-0.0096038415366144
20251231,SH2611,2497.0,6,83,0.0624749699639579
20251231,SH2612,2510.0,6,72,0.0
20260105,SH2601,1963.0,196,120,0.7947019867549656
20260105,SH2602,2093.0,19837,19059,0.4070711896798862
20260105,SH2603,2164.0,313841,175556,0.5046210720887236
20260105,SH2604,2255.0,37097,24173,0.2554323725055427
20260105,SH2605,2303.0,34119,31322,0.2709509335649152
20260105,SH2606,2355.0,3715,3870,0.1630573248407643
20260105,SH2607,2387.0,34,112,0.2262253875157114
20260105,SH2608,2432.0,12,67,-0.0197368421052637
20260105,SH2609,2428.0,522,733,0.039538714991762
20260105,SH2610,2436.0,12,113,0.0246305418719208
20260105,SH2611,2441.0,14,89,0.0491601802539953
20260105,SH2612,2451.0,25,78,0.0
20260106,SH2601,1970.0,44,92,0.913705583756344
20260106,SH2602,2120.0,22054,17631,0.4188679245283024
20260106,SH2603,2194.0,344227,159963,0.4649042844120332
20260106,SH2604,2279.0,42032,24408,0.2685388328214122
20260106,SH2605,2330.0,29955,30945,0.2626609442060088
20260106,SH2606,2381.0,929,4425,0.1461570768584641
20260106,SH2607,2410.0,24,115,0.1742738589211612
20260106,SH2608,2445.0,7,71,0.044171779141104
20260106,SH2609,2454.0,505,773,0.0977995110024441
20260106,SH2610,2474.0,20,118,0.0
20260106,SH2611,2474.0,17,88,0.014551333872272
20260106,SH2612,2477.0,50,87,0.0
20260107,SH2601,1967.0,2,79,1.2323335027961368
20260107,SH2602,2169.0,29532,20830,0.5089903181189497
20260107,SH2603,2261.0,513710,162077,0.4723573639982321
20260107,SH2604,2350.0,63548,23297,0.280851063829787
20260107,SH2605,2405.0,67987,31683,0.2444906444906438
20260107,SH2606,2454.0,3093,6385,0.048899755501222
20260107,SH2607,2464.0,276,268,0.2240259740259746
20260107,SH2608,2510.0,46,81,0.0382470119521922
20260107,SH2609,2518.0,1596,1282,0.0381254964257351
20260107,SH2610,2526.0,29,119,0.0570071258907365
20260107,SH2611,2538.0,26,87,0.1040189125295496
20260107,SH2612,2560.0,430,487,0.0
20260108,SH2601,1920.0,8,79,1.3062500000000004
20260108,SH2602,2129.0,25450,20753,0.5016439643024899
20260108,SH2603,2218.0,449364,183748,0.5193868349864754
20260108,SH2604,2314.0,35574,25852,0.3059636992221266
20260108,SH2605,2373.0,61433,35910,0.2579013906447542
20260108,SH2606,2424.0,981,6919,0.0940594059405937
20260108,SH2607,2443.0,237,418,0.1620957838722878
20260108,SH2608,2476.0,27,83,0.0726978998384479
20260108,SH2609,2491.0,911,1511,0.0915295062224013
20260108,SH2610,2510.0,9,125,0.0095617529880467
20260108,SH2611,2512.0,3,87,0.047770700636943
20260108,SH2612,2522.0,24,483,0.0
20260109,SH2601,1934.0,2,81,1.2471561530506712
20260109,SH2602,2135.0,18672,19724,0.5002341920374702
20260109,SH2603,2224.0,409949,173603,0.5071942446043174
20260109,SH2604,2318.0,41872,28761,0.3157894736842115
20260109,SH2605,2379.0,46490,37350,0.2824716267339209
20260109,SH2606,2435.0,5848,9997,0.1429158110882955
20260109,SH2607,2464.0,96,422,0.146103896103896
20260109,SH2608,2494.0,41,90,0.038492381716118
20260109,SH2609,2502.0,1268,1699,0.0383693045563555
20260109,SH2610,2510.0,17,136,0.0
20260109,SH2611,2510.0,2,88,0.0764940239043818
20260109,SH2612,2526.0,16,485,0.0
20260112,SH2601,1964.0,2,79,0.8309572301425661
20260112,SH2602,2100.0,18595,18791,0.4571428571428582
20260112,SH2603,2180.0,443793,199578,0.6550458715596319
20260112,SH2604,2299.0,48195,32219,0.3653762505437141
20260112,SH2605,2369.0,56459,43238,0.2887294216969183
20260112,SH2606,2426.0,1050,10482,0.1038746908491354
20260112,SH2607,2447.0,230,440,0.1569268492031055
20260112,SH2608,2479.0,56,94,0.0919725695845095
20260112,SH2609,2498.0,725,1723,0.0432345876701365
20260112,SH2610,2507.0,15,138,0.0047865975269241
20260112,SH2611,2508.0,20,88,0.0813397129186599
20260112,SH2612,2525.0,23,482,0.0
20260113,SH2601,0.0,0,79,0.0
20260113,SH2602,2047.0,39525,20914,0.4924279433317062
20260113,SH2603,2131.0,485679,208787,0.6419521351478181
20260113,SH2604,2245.0,40535,34880,0.3634743875278401
20260113,SH2605,2313.0,62398,46826,0.2957198443579756
20260113,SH2606,2370.0,1448,11203,0.2025316455696204
20260113,SH2607,2410.0,282,529,0.1742738589211612
20260113,SH2608,2445.0,27,91,0.044171779141104
20260113,SH2609,2454.0,693,1727,0.0782396088019563
20260113,SH2610,2470.0,7,139,0.0145748987854261
20260113,SH2611,2473.0,7,88,0.0824909017387778
20260113,SH2612,2490.0,36,483,0.0
20260114,SH2601,0.0,0,79,0.0
20260114,SH2602,2020.0,18512,14909,0.433663366336634
20260114,SH2603,2093.0,485406,231988,0.6421404682274243
20260114,SH2604,2205.0,41128,34455,0.3809523809523822
20260114,SH2605,2275.0,67919,49363,0.3059340659340659
20260114,SH2606,2333.0,4710,13482,0.2160308615516504
20260114,SH2607,2375.0,104,580,0.1515789473684199
20260114,SH2608,2405.0,15,95,0.0548856548856555
20260114,SH2609,2416.0,775,1755,0.0794701986754971
20260114,SH2610,2432.0,13,135,0.0789473684210522
20260114,SH2611,2448.0,10,93,0.0147058823529411
20260114,SH2612,2451.0,20,485,0.0
20260115,SH2601,1900.0,5,0,0.5431578947368427
20260115,SH2602,1986.0,9256,12320,0.4290030211480351
20260115,SH2603,2057.0,405569,243544,0.6708799222168214
20260115,SH2604,2172.0,29233,35211,0.4033149171270711
20260115,SH2605,2245.0,59446,54328,0.3207126948775052
20260115,SH2606,2305.0,6455,14045,0.1926247288503262
20260115,SH2607,2342.0,135,622,0.1690862510674629
20260115,SH2608,2375.0,51,114,0.0707368421052621
20260115,SH2609,2389.0,590,1793,0.0954374215152773
20260115,SH2610,2408.0,14,133,0.0498338870431886
20260115,SH2611,2418.0,12,94,0.0744416873449118
20260115,SH2612,2433.0,36,488,0.0
20260116,SH2601,0.0,0,0,0.0
20260116,SH2602,1943.0,9389,8429,0.389089037570768
20260116,SH2603,2006.0,513843,269646,0.7776669990029905
20260116,SH2604,2136.0,50903,38628,0.4325842696629207
20260116,SH2605,2213.0,77896,64562,0.3524627202892008
20260116,SH2606,2278.0,5457,15667,0.2159789288849873
20260116,SH2607,2319.0,151,671,0.1862871927554978
20260116,SH2608,2355.0,24,122,0.0662420382165605
20260116,SH2609,2368.0,483,1871,0.0912162162162157
20260116,SH2610,2386.0,6,133,0.0653813914501251
20260116,SH2611,2399.0,11,97,0.0750312630262621
20260116,SH2612,2414.0,26,492,0.0
20260119,SH2602,1946.0,4731,7156,0.3638232271325785
20260119,SH2603,2005.0,447887,253220,0.8079800498753107
20260119,SH2604,2140.0,43698,37697,0.414953271028037
20260119,SH2605,2214.0,61410,67060,0.3523035230352294
20260119,SH2606,2279.0,16988,15797,0.2316805616498456
20260119,SH2607,2323.0,163,705,0.2066293585880325
20260119,SH2608,2363.0,39,130,0.060939483707151
20260119,SH2609,2375.0,581,1982,0.1061052631578958
20260119,SH2610,2396.0,9,133,0.0601001669449079
20260119,SH2611,2408.0,10,99,0.0847176079734213
20260119,SH2612,2425.0,26,498,0.0002224024093594
20260119,SH2701,2429.0,72,45,0.0
20260120,SH2602,1903.0,4758,5767,0.3594324750394113
20260120,SH2603,1960.0,550534,253627,0.8632653061224493
20260120,SH2604,2101.0,49876,38913,0.4112327463112812
20260120,SH2605,2173.0,79129,69091,0.3589507593189145
20260120,SH2606,2238.0,5870,16083,0.2252010723860591
20260120,SH2607,2280.0,199,740,0.2368421052631566
20260120,SH2608,2325.0,34,149,0.0825806451612898
20260120,SH2609,2341.0,746,2087,0.148654421187528
20260120,SH2610,2370.0,36,114,0.0810126582278476
20260120,SH2611,2386.0,23,96,0.0704107292539815
20260120,SH2612,2400.0,28,498,0.0001123595505617
20260120,SH2701,2402.0,47,57,0.0
20260121,SH2602,1883.0,2655,5310,0.3568773234200755
20260121,SH2603,1939.0,420709,260393,0.8416709644146465
20260121,SH2604,2075.0,30879,39306,0.3990361445783144
20260121,SH2605,2144.0,64769,73007,0.375
20260121,SH2606,2211.0,3828,16272,0.1953867028493885
20260121,SH2607,2247.0,180,762,0.3097463284379165
20260121,SH2608,2305.0,71,181,0.0624728850325384
20260121,SH2609,2317.0,580,2248,0.1709106603366432
20260121,SH2610,2350.0,32,104,0.0510638297872327
20260121,SH2611,2360.0,28,89,0.101694915254237
20260121,SH2612,2380.0,40,496,0.0006231706165612
20260121,SH2701,2391.0,50,61,0.0
20260122,SH2602,1889.0,2847,4652,0.3748014822657488
20260122,SH2603,1948.0,425328,257163,0.8254620123203278
20260122,SH2604,2082.0,40248,40655,0.4092219020172907
20260122,SH2605,2153.0,67043,75466,0.3901532745006966
20260122,SH2606,2223.0,6479,16343,0.1727395411605927
20260122,SH2607,2255.0,118,763,0.2873614190687359
20260122,SH2608,2309.0,30,183,0.0935469900389769
20260122,SH2609,2327.0,584,2391,0.1186076493339065
20260122,SH2610,2350.0,9,104,0.0765957446808505
20260122,SH2611,2365.0,12,88,0.1116279069767438
20260122,SH2612,2387.0,21,492,0.0001694572191128
20260122,SH2701,2390.0,41,76,0.0
20260123,SH2602,1884.0,2872,4359,0.388535031847133
20260123,SH2603,1945.0,683953,282473,1.005655526992288
20260123,SH2604,2108.0,57526,42992,0.4326375711574961
20260123,SH2605,2184.0,121604,80307,0.4505494505494516
20260123,SH2606,2266.0,4076,16935,0.1853486319505748
20260123,SH2607,2301.0,383,856,0.224250325945241
20260123,SH2608,2344.0,94,219,0.040955631399318
20260123,SH2609,2352.0,1318,2593,0.0459183673469389
20260123,SH2610,2361.0,49,93,0.1168996188055917
20260123,SH2611,2384.0,27,94,0.1057046979865781
20260123,SH2612,2405.0,38,497,0.0003363778644677
20260123,SH2701,2411.0,88,100,0.0
20260126,SH2602,1895.0,2400,3761,0.493931398416886
20260126,SH2603,1973.0,890541,262814,1.100861632032439
20260126,SH2604,2154.0,54122,46727,0.4568245125348182
20260126,SH2605,2236.0,160714,82941,0.4454382826475855
20260126,SH2606,2319.0,5414,17338,0.1448900388098319
20260126,SH2607,2347.0,421,994,0.1994034938218991
20260126,SH2608,2386.0,181,321,0.0553227158424149
20260126,SH2609,2397.0,1693,2758,0.1001251564455563
20260126,SH2610,2417.0,40,104,0.0099296648738116
20260126,SH2611,2419.0,38,104,0.1339396444811917
20260126,SH2612,2446.0,83,526,-0.0002756162319586
20260126,SH2701,2441.0,152,161,0.0
20260127,SH2602,1884.0,1740,3264,0.4267515923566884
20260127,SH2603,1951.0,621860,263142,1.0948231676063551
20260127,SH2604,2129.0,43081,44921,0.4734617191169556
20260127,SH2605,2213.0,117950,82526,0.466335291459556
20260127,SH2606,2299.0,3729,17480,0.1409308394954331
20260127,SH2607,2326.0,161,983,0.1702493551160779
20260127,SH2608,2359.0,36,327,0.0813904196693515
20260127,SH2609,2375.0,913,2797,0.1061052631578958
20260127,SH2610,2396.0,16,111,0.0350584307178643
20260127,SH2611,2403.0,16,107,0.0749063670411986
20260127,SH2612,2418.0,63,543,0.0004460925084339
20260127,SH2701,2426.0,78,170,0.0
20260128,SH2602,1897.0,701,3026,0.4554559831312605
20260128,SH2603,1969.0,431845,245977,1.0360589131538864
20260128,SH2604,2139.0,36660,44669,0.4207573632538572
20260128,SH2605,2214.0,101063,86564,0.4173441734417338
20260128,SH2606,2291.0,2922,17300,0.1571366215626364
20260128,SH2607,2321.0,151,929,0.2223179663937955
20260128,SH2608,2364.0,59,299,0.0862944162436551
20260128,SH2609,2381.0,666,2808,0.1058378832423354
20260128,SH2610,2402.0,18,115,0.034970857618652
20260128,SH2611,2409.0,17,109,0.1046077210460776
20260128,SH2612,2430.0,14,540,5.548619780829942e-05
20260128,SH2701,2431.0,47,169,0.0
20260129,SH2602,1898.0,1097,2554,0.4172813487881983
20260129,SH2603,1964.0,481379,234621,1.008146639511201
20260129,SH2604,2129.0,38933,44258,0.4227336777829977
20260129,SH2605,2204.0,112362,91144,0.4301270417422866
20260129,SH2606,2283.0,2845,17132,0.1892247043363983
20260129,SH2607,2319.0,113,909,0.232858990944373
20260129,SH2608,2364.0,39,282,0.0507614213197973
20260129,SH2609,2374.0,716,2830,0.1213142375737152
20260129,SH2610,2398.0,6,117,0.0350291909924926
20260129,SH2611,2405.0,20,109,0.0898128898128884
20260129,SH2612,2423.0,30,537,0.0002782324817873
20260129,SH2701,2428.0,49,169,0.0
20260130,SH2602,1947.0,2557,1183,0.1725731895223416
20260130,SH2603,1975.0,681622,202033,1.0025316455696205
20260130,SH2604,2140.0,55170,38117,0.3420560747663552
20260130,SH2605,2201.0,180628,88769,0.425261244888687
20260130,SH2606,2279.0,8763,19733,0.1684949539271611
20260130,SH2607,2311.0,293,870,0.2855906533967971
20260130,SH2608,2366.0,122,220,0.0557903634826724
20260130,SH2609,2377.0,1322,2835,0.1009676062263347
20260130,SH2610,2397.0,27,117,0.0600750938673337
20260130,SH2611,2409.0,35,108,0.094645080946452
20260130,SH2612,2428.0,64,513,0.0001110638061566
20260130,SH2701,2430.0,154,146,0.0
20260202,SH2602,1980.0,180,306,0.1454545454545464
20260202,SH2603,2004.0,955459,176540,0.9281437125748502
20260202,SH2604,2159.0,40702,38408,0.3334877257989816
20260202,SH2605,2219.0,231521,75271,0.3677332131590818
20260202,SH2606,2287.0,20783,24128,0.1574114560559678
20260202,SH2607,2317.0,16267,16040,0.2382391022874417
20260202,SH2608,2363.0,135,202,0.0457046127803639
20260202,SH2609,2372.0,2774,2793,0.1365935919055658
20260202,SH2610,2399.0,58,116,0.0500208420175063
20260202,SH2611,2409.0,58,103,0.1394769613947684
20260202,SH2612,2437.0,130,537,0.0002766341006855
20260202,SH2701,2442.0,191,171,0.0
20260203,SH2602,1953.0,130,61,0.0983102918586791
20260203,SH2603,1969.0,735729,204801,1.0543423057389525
20260203,SH2604,2142.0,25641,40701,0.3809523809523822
20260203,SH2605,2210.0,168148,83578,0.3638009049773743
20260203,SH2606,2277.0,20754,27778,0.1949934123847159
20260203,SH2607,2314.0,18075,26694,0.26447709593777
20260203,SH2608,2365.0,73,201,0.0202959830866804
20260203,SH2609,2369.0,1837,3073,0.1165048543689319
20260203,SH2610,2392.0,12,110,0.0752508361204009
20260203,SH2611,2407.0,23,104,0.1744910677191518
20260203,SH2612,2442.0,51,534,0.0002208541534384
20260203,SH2701,2446.0,125,205,0.0
20260204,SH2602,1942.0,2,9,0.2224510813594244
20260204,SH2603,1978.0,442972,188687,1.085945399393327
20260204,SH2604,2157.0,23880,41440,0.3783031988873446
20260204,SH2605,2225.0,113075,84744,0.3559550561797753
20260204,SH2606,2291.0,26064,25560,0.1885639458751642
20260204,SH2607,2327.0,24024,29704,0.2062741727546209
20260204,SH2608,2367.0,133,276,0.0861850443599481
20260204,SH2609,2384.0,929,3155,0.1459731543624149
20260204,SH2610,2413.0,12,104,0.0447575631993375
20260204,SH2611,2422.0,11,107,0.1288191577208914
20260204,SH2612,2448.0,53,540,0.0006058603216567
20260204,SH2701,2459.0,98,248,0.0
20260205,SH2602,2077.0,12,0,-0.9244102070293692
20260205,SH2603,1917.0,397730,212569,1.0579029733959322
20260205,SH2604,2086.0,27556,40470,0.3796740172579103
20260205,SH2605,2152.0,124552,103204,0.4014869888475836
20260205,SH2606,2224.0,14094,27417,0.2104316546762596
20260205,SH2607,2263.0,11822,33230,0.2386212991604077
20260205,SH2608,2308.0,119,255,0.0987868284228774
20260205,SH2609,2327.0,1165,3369,0.1598624838848312
20260205,SH2610,2358.0,21,101,0.1017811704834601
20260205,SH2611,2378.0,21,101,0.1362489486963838
20260205,SH2612,2405.0,24,539,0.0003363778644677
20260205,SH2701,2411.0,86,248,0.0
20260206,SH2602,0.0,0,0,0.0
20260206,SH2603,1862.0,562853,210477,1.0569280343716445
20260206,SH2604,2026.0,33707,39871,0.3613030602171765
20260206,SH2605,2087.0,213791,123814,0.4484906564446564
20260206,SH2606,2165.0,12365,27838,0.2327944572748261
20260206,SH2607,2207.0,9231,35631,0.2718622564567292
20260206,SH2608,2257.0,252,349,0.1222862206468766
20260206,SH2609,2280.0,1697,3690,0.2263157894736842
20260206,SH2610,2323.0,16,99,0.025828669823503
20260206,SH2611,2328.0,28,98,0.1391752577319582
20260206,SH2612,2355.0,49,527,0.0005725327417161
20260206,SH2701,2365.0,124,251,0.0
20260209,SH2602,0.0,0,0,0.0
20260209,SH2603,1937.0,586102,154106,0.8982963345379451
20260209,SH2604,2082.0,36671,36494,0.2708933717579249
20260209,SH2605,2129.0,246340,111073,0.4227336777829977
20260209,SH2606,2204.0,17449,26692,0.206896551724137
20260209,SH2607,2242.0,15992,37884,0.23550401427297
20260209,SH2608,2286.0,221,428,0.1364829396325468
20260209,SH2609,2312.0,2286,3786,0.1608996539792375
20260209,SH2610,2343.0,35,89,0.0256081946222792
20260209,SH2611,2348.0,50,103,0.1379897785349237
20260209,SH2612,2375.0,80,554,0.0004541691306919
20260209,SH2701,2383.0,168,301,0.0
20260210,SH2602,0.0,0,0,0.0
20260210,SH2603,1963.0,447987,132674,0.9475292919001524
20260210,SH2604,2118.0,30694,35423,0.2549575070821541
20260210,SH2605,2163.0,167371,107699,0.3994452149791954
20260210,SH2606,2235.0,13059,24965,0.166442953020133
20260210,SH2607,2266.0,13293,37670,0.238305383936451
20260210,SH2608,2311.0,66,419,0.155776720034618
20260210,SH2609,2341.0,1151,3697,0.0973942759504495
20260210,SH2610,2360.0,22,92,-0.0203389830508471
20260210,SH2611,2356.0,18,107,0.2292020373514436
20260210,SH2612,2401.0,23,566,0.0001684691303717
20260210,SH2701,2404.0,79,340,0.0
20260211,SH2602,0.0,0,0,0.0
20260211,SH2603,1954.0,287402,115342,0.9703172978505616
20260211,SH2604,2112.0,21294,30906,0.2272727272727284
20260211,SH2605,2152.0,123395,109348,0.3234200743494417
20260211,SH2606,2210.0,22302,21299,0.1791855203619903
20260211,SH2607,2243.0,18709,36025,0.2674988854213111
20260211,SH2608,2293.0,96,427,0.1517662450937624
20260211,SH2609,2322.0,859,3653,0.1602067183462523
20260211,SH2610,2353.0,31,101,0.0407989800254986
20260211,SH2611,2361.0,26,112,0.0711562897077504
20260211,SH2612,2375.0,50,555,0.0005677114133648
20260211,SH2701,2385.0,74,315,0.0
20260212,SH2602,0.0,0,0,0.0
20260212,SH2603,1958.0,170290,90829,1.0847803881511755
20260212,SH2604,2135.0,14918,28853,0.1854800936768157
20260212,SH2605,2168.0,88086,103773,0.3099630996309974
20260212,SH2606,2224.0,17670,20692,0.172661870503596
20260212,SH2607,2256.0,17316,34441,0.2712765957446796
20260212,SH2608,2307.0,127,442,0.1352405721716527
20260212,SH2609,2333.0,728,3586,0.1594513501928842
20260212,SH2610,2364.0,32,106,0.0304568527918789
20260212,SH2611,2370.0,28,112,0.1265822784810124
20260212,SH2612,2395.0,15,555,0.0002814853041214
20260212,SH2701,2400.0,39,307,0.0
20260213,SH2602,0.0,0,0,0.0
20260213,SH2603,2015.0,377847,56260,1.0719602977667488
20260213,SH2604,2195.0,27217,28033,0.2624145785877001
20260213,SH2605,2243.0,256570,91107,0.230049041462327
20260213,SH2606,2286.0,19788,19884,0.1207349081364821
20260213,SH2607,2309.0,20233,35067,0.1818969250757893
20260213,SH2608,2344.0,351,368,0.081911262798636
20260213,SH2609,2360.0,2095,3646,0.2084745762711861
20260213,SH2610,2401.0,37,114,0.0049979175343608
20260213,SH2611,2402.0,62,100,0.1398834304746055
20260213,SH2612,2430.0,106,565,0.0002774309890414
20260213,SH2701,2435.0,187,301,0.0
20260224,SH2603,1970.0,156860,51683,0.9685279187817272
20260224,SH2604,2129.0,24966,27643,0.135274776890558
20260224,SH2605,2153.0,175128,110994,0.2452392011147246
20260224,SH2606,2197.0,8828,19217,0.1092398725534815
20260224,SH2607,2217.0,8934,36167,0.2760487144790255
20260224,SH2608,2268.0,202,430,0.1481481481481488
20260224,SH2609,2296.0,1815,4031,0.2038327526132404
20260224,SH2610,2335.0,6,119,0.020556745182013
20260224,SH2611,2339.0,27,102,0.1487815305686179
20260224,SH2612,2368.0,34,566,0.0002277558457333
20260224,SH2701,2372.0,155,317,0.0657672849915691
20260224,SH2702,2385.0,19,11,0.0
20260225,SH2603,1953.0,70698,36106,1.075268817204302
20260225,SH2604,2128.0,19166,28281,0.2199248120300749
20260225,SH2605,2167.0,242102,140547,0.2824180895246897
20260225,SH2606,2218.0,8312,20166,0.0757439134355282
20260225,SH2607,2232.0,11132,37989,0.2956989247311821
20260225,SH2608,2287.0,245,481,0.1416703104503716
20260225,SH2609,2314.0,1978,4441,0.1607605877268811
20260225,SH2610,2345.0,69,152,0.0409381663112995
20260225,SH2611,2353.0,76,136,0.0866978325541856
20260225,SH2612,2370.0,145,645,0.0004551272934148
20260225,SH2701,2378.0,191,398,0.0605550883095027
20260225,SH2702,2390.0,22,29,0.0
20260226,SH2603,1886.0,51978,27124,1.2534464475079536
20260226,SH2604,2083.0,27624,27423,0.2361977916466644
20260226,SH2605,2124.0,283463,171810,0.3785310734463269
20260226,SH2606,2191.0,12499,20823,0.1643085349155635
20260226,SH2607,2221.0,16207,38511,0.3133723547951375
20260226,SH2608,2279.0,224,543,0.1316366827555946
20260226,SH2609,2304.0,1974,4842,0.1822916666666678
20260226,SH2610,2339.0,56,180,0.0205215904232582
20260226,SH2611,2343.0,37,127,0.0973111395646606
20260226,SH2612,2362.0,80,625,0.0008562539839595
20260226,SH2701,2377.0,133,397,0.0403870424905354
20260226,SH2702,2385.0,40,40,0.0
20260227,SH2603,1900.0,43370,1593,1.1431578947368433
20260227,SH2604,2081.0,35657,21990,0.2537241710715996
20260227,SH2605,2125.0,306861,176710,0.367058823529411
20260227,SH2606,2190.0,9224,21146,0.1753424657534257
20260227,SH2607,2222.0,11971,39964,0.2862286228622874
20260227,SH2608,2275.0,205,543,0.1476923076923082
20260227,SH2609,2303.0,2007,5037,0.125054277029962
20260227,SH2610,2327.0,44,198,0.1340782122905039
20260227,SH2611,2353.0,27,137,0.1019974500637479
20260227,SH2612,2373.0,79,626,0.0001136379778121
20260227,SH2701,2375.0,118,404,0.096
20260227,SH2702,2394.0,20,42,0.0
20260302,SH2603,1802.0,1324,240,1.465038845726971
20260302,SH2604,2022.0,46286,23276,0.3560830860534114
20260302,SH2605,2082.0,419245,204249,0.3804034582132551
20260302,SH2606,2148.0,18467,24723,0.240223463687152
20260302,SH2607,2191.0,36909,52982,0.3395709721588318
20260302,SH2608,2253.0,17839,13526,0.1917443408788282
20260302,SH2609,2289.0,3236,5529,0.1939711664482297
20260302,SH2610,2326.0,121,234,0.041272570937231
20260302,SH2611,2334.0,88,184,0.077120822622108
20260302,SH2612,2349.0,129,644,0.0002295980598963
20260302,SH2701,2353.0,278,486,0.1121971950701219
20260302,SH2702,2375.0,44,43,0.0
20260303,SH2603,1854.0,41,200,1.4563106796116498
20260303,SH2604,2079.0,66729,22565,0.4040404040404048
20260303,SH2605,2149.0,550462,177262,0.4076314564913907
20260303,SH2606,2222.0,18375,23193,0.2214221422142204
20260303,SH2607,2263.0,34323,53454,0.3287671232876725
20260303,SH2608,2325.0,10062,15979,0.1393548387096785
20260303,SH2609,2352.0,4551,5240,0.1530612244897957
20260303,SH2610,2382.0,205,336,0.0201511335012583
20260303,SH2611,2386.0,178,239,0.0603520536462687
20260303,SH2612,2398.0,337,567,0.0001686798924197
20260303,SH2701,2401.0,281,560,0.0699708454810492
20260303,SH2702,2415.0,36,56,0.0
20260304,SH2603,0.0,0,200,0.0
20260304,SH2604,2021.0,65656,22529,0.4453240969816923
20260304,SH2605,2096.0,563132,182316,0.4522900763358777
20260304,SH2606,2175.0,18542,23610,0.2593103448275853
20260304,SH2607,2222.0,42173,51171,0.3240324032403245
20260304,SH2608,2282.0,12251,16002,0.1524978089395254
20260304,SH2609,2311.0,4863,5556,0.145391605365643
20260304,SH2610,2339.0,89,357,0.0872167592988457
20260304,SH2611,2356.0,66,249,0.0254668930390504
20260304,SH2612,2361.0,112,563,0.0004568622132118
20260304,SH2701,2369.0,286,575,0.0861122836639944
20260304,SH2702,2386.0,20,51,0.0
20260305,SH2603,1880.0,7,200,2.02340425531915
20260305,SH2604,2197.0,81920,18860,0.4205735093309046
20260305,SH2605,2274.0,880468,171781,0.1952506596306076
20260305,SH2606,2311.0,28901,24049,0.0363479013414114
20260305,SH2607,2318.0,76572,58557,0.2743744607420186
20260305,SH2608,2371.0,17393,16865,0.0961619569801763
20260305,SH2609,2390.0,12956,6433,0.1456066945606684
20260305,SH2610,2419.0,369,454,0.2281934683753617
20260305,SH2611,2465.0,337,343,0.0146044624746455
20260305,SH2612,2468.0,414,721,-0.0037149673119297
20260305,SH2701,2400.0,981,842,0.0350000000000001
20260305,SH2702,2407.0,154,128,0.0
20260306,SH2603,2002.0,4,0,1.93006993006993
20260306,SH2604,2324.0,89493,17974,0.1239242685025825
20260306,SH2605,2348.0,867169,182108,0.4906303236797278
20260306,SH2606,2444.0,38615,26835,0.1374795417348622
20260306,SH2607,2472.0,80206,61160,0.0679611650485432
20260306,SH2608,2486.0,9817,17410,-0.0386162510056316
20260306,SH2609,2478.0,14011,6887,0.0484261501210658
20260306,SH2610,2488.0,527,532,-0.1012861736334405
20260306,SH2611,2467.0,506,545,-0.0048642075395219
20260306,SH2612,2466.0,329,764,-0.0002733809016102
20260306,SH2701,2461.0,966,1056,0.0
20260306,SH2702,2461.0,66,126,0.0
20260309,SH2603,0.0,0,0,0.0
20260309,SH2604,2386.0,94254,15728,0.281642917015926
20260309,SH2605,2442.0,1236540,134629,0.1867321867321862
20260309,SH2606,2480.0,32778,23226,-0.2274193548387093
20260309,SH2607,2433.0,54488,56719,0.1134401972873009
20260309,SH2608,2456.0,9514,16733,0.0439739413680788
20260309,SH2609,2465.0,26563,6883,0.1557809330628803
20260309,SH2610,2497.0,768,514,-0.0576692030436518
20260309,SH2611,2485.0,467,520,0.0144869215291754
20260309,SH2612,2488.0,477,736,-0.0008128906391126
20260309,SH2701,2473.0,1750,1083,-0.0679336837848771
20260309,SH2702,2459.0,220,154,0.0
20260310,SH2603,0.0,0,0,0.0
20260310,SH2604,2252.0,58639,14066,0.3996447602131425
20260310,SH2605,2327.0,753926,112635,0.376450365277182
20260310,SH2606,2400.0,16950,21163,-0.0100000000000002
20260310,SH2607,2398.0,53594,50918,0.15512927439533
20260310,SH2608,2429.0,6973,16314,0.0691642651296842
20260310,SH2609,2443.0,16469,6372,0.1473598035202616
20260310,SH2610,2473.0,953,401,0.0533764658309738
20260310,SH2611,2484.0,387,441,0.0724637681159423
20260310,SH2612,2499.0,384,600,0.0
20260310,SH2701,2499.0,1152,971,0.0480192076830734
20260310,SH2702,2509.0,130,106,0.0
20260311,SH2603,0.0,0,0,0.0
20260311,SH2604,2405.0,103911,14735,0.3891891891891879
20260311,SH2605,2483.0,853848,130630,0.2078131292790983
20260311,SH2606,2526.0,12357,20922,-0.161520190023753
20260311,SH2607,2492.0,32040,55336,0.0722311396468704
20260311,SH2608,2507.0,5084,16013,-0.0670123653769443
20260311,SH2609,2493.0,14876,7779,-0.0144404332129961
20260311,SH2610,2490.0,847,376,-0.0481927710843379
20260311,SH2611,2480.0,286,380,0.024193548387096
20260311,SH2612,2485.0,183,561,-0.0001085162661361
20260311,SH2701,2483.0,1444,1206,0.0531614981876771
20260311,SH2702,2494.0,171,90,0.0
20260312,SH2603,0.0,0,0,0.0
20260312,SH2604,2418.0,59610,7097,0.3523573200992569
20260312,SH2605,2489.0,1014037,115668,0.1880273202089197
20260312,SH2606,2528.0,16256,20174,-0.0617088607594933
20260312,SH2607,2515.0,47499,55440,0.0333996023856855
20260312,SH2608,2522.0,6641,14612,-0.0856463124504358
20260312,SH2609,2504.0,17202,8150,-0.0047923322683711
20260312,SH2610,2503.0,1471,534,-0.0623252097483026
20260312,SH2611,2490.0,350,450,-0.0144578313253016
20260312,SH2612,2487.0,299,615,-0.0003252869980076
20260312,SH2701,2481.0,1784,1311,0.0193470374848843
20260312,SH2702,2485.0,107,109,0.0
20260313,SH2603,0.0,0,0,0.0
20260313,SH2604,2528.0,23120,6758,0.3607594936708853
20260313,SH2605,2604.0,795488,121297,0.055299539170508
20260313,SH2606,2616.0,11198,19837,-0.1146788990825693
20260313,SH2607,2591.0,27324,55223,0.004631416441529
20260313,SH2608,2592.0,4315,14417,-0.1481481481481488
20260313,SH2609,2560.0,13787,7872,-0.0703125
20260313,SH2610,2545.0,934,661,-0.1320235756385068
20260313,SH2611,2517.0,189,495,-0.0095351609058398
20260313,SH2612,2515.0,133,596,-0.0002144436750284
20260313,SH2701,2511.0,1444,1507,0.0669056152927121
20260313,SH2702,2525.0,50,109,0.0
20260316,SH2604,2464.0,13917,6128,0.4042207792207781
20260316,SH2605,2547.0,862523,106914,0.1696113074204959
20260316,SH2606,2583.0,17407,19640,-0.1347270615563296
20260316,SH2607,2554.0,42367,54465,0.0281910728269387
20260316,SH2608,2560.0,4401,14083,-0.0375000000000005
20260316,SH2609,2552.0,17861,7851,0.0
20260316,SH2610,2552.0,1537,662,-0.0564263322884008
20260316,SH2611,2540.0,263,484,0.0
20260316,SH2612,2540.0,242,567,-0.0005308325223392
20260316,SH2701,2530.0,1591,1508,-0.0047430830039525
20260316,SH2702,2529.0,30,107,0.0094899169632274
20260316,SH2703,2531.0,2,0,0.0
20260317,SH2604,2431.0,6641,5415,0.4541341011929241
20260317,SH2605,2523.0,627898,101009,0.2092746730083243
20260317,SH2606,2567.0,23923,18980,-0.1075185040903781
20260317,SH2607,2544.0,51615,53684,0.0660377358490569
20260317,SH2608,2558.0,3868,14114,-0.0750586395621577
20260317,SH2609,2542.0,10427,7853,0.0472069236821397
20260317,SH2610,2552.0,857,647,-0.0658307210031341
20260317,SH2611,2538.0,127,538,-0.0141843971631199
20260317,SH2612,2535.0,111,560,-0.0004786915763579
20260317,SH2701,2526.0,1379,1619,0.0760095011876496
20260317,SH2702,2542.0,81,133,-0.042486231313926
20260317,SH2703,2533.0,2,0,0.0
20260318,SH2604,2327.0,5528,4963,0.5930382466695328
20260318,SH2605,2442.0,514054,102287,0.2506142506142517
20260318,SH2606,2493.0,21025,18429,-0.0240673886883269
20260318,SH2607,2488.0,44092,54416,0.0337620578778148
20260318,SH2608,2495.0,4898,13792,-0.028857715430862
20260318,SH2609,2489.0,10890,7514,0.081960626757735
20260318,SH2610,2506.0,1083,591,-0.0335195530726259
20260318,SH2611,2499.0,86,539,0.0048019207683065
20260318,SH2612,2500.0,103,559,-0.0007011235955056
20260318,SH2701,2487.0,1394,1693,0.0241254523522318
20260318,SH2702,2492.0,36,129,-0.0096308186195832
20260318,SH2703,2490.0,2,1,0.0
20260319,SH2604,2339.0,3941,4722,0.6464300983326217
20260319,SH2605,2465.0,461770,96324,0.3115618661257606
20260319,SH2606,2529.0,18370,18910,-0.0189798339264535
20260319,SH2607,2525.0,31289,54771,0.057029702970297
20260319,SH2608,2537.0,3049,13592,-0.0520299566417028
20260319,SH2609,2526.0,9360,8122,0.0380047505938234
20260319,SH2610,2534.0,962,614,-0.0662983425414363
20260319,SH2611,2520.0,31,540,0.0190476190476189
20260319,SH2612,2524.0,62,556,-0.0003205185277515
20260319,SH2701,2518.0,1476,1855,0.0190627482128675
20260319,SH2702,2522.0,15,123,-0.0095162569389373
20260319,SH2703,2520.0,2,3,0.0
20260320,SH2604,2425.0,3026,4269,0.5888659793814428
20260320,SH2605,2544.0,616478,101416,0.2783018867924536
20260320,SH2606,2603.0,21807,18870,-0.0461006530925849
20260320,SH2607,2593.0,44112,56874,-0.0231392209795608
20260320,SH2608,2588.0,6892,13803,-0.1298299845440493
20260320,SH2609,2560.0,15571,9669,-0.0046874999999997
20260320,SH2610,2559.0,1528,694,-0.0656506447831186
20260320,SH2611,2545.0,79,558,0.0141453831041244
20260320,SH2612,2548.0,129,565,-0.0007937487873282
20260320,SH2701,2533.0,1856,1990,-0.0189498618239243
20260320,SH2702,2529.0,27,124,0.0901542111506525
20260320,SH2703,2548.0,9,7,0.0
20260323,SH2604,2516.0,2816,3491,0.5627980922098574
20260323,SH2605,2634.0,455300,99215,0.3507972665148058
20260323,SH2606,2711.0,24782,20143,-0.0619697528587241
20260323,SH2607,2697.0,48661,56252,0.0133481646273629
20260323,SH2608,2700.0,9151,13759,-0.1555555555555554
20260323,SH2609,2665.0,17894,10693,-0.0540337711069423
20260323,SH2610,2653.0,1639,952,-0.0768940821711265
20260323,SH2611,2636.0,73,572,-0.0318664643399095
20260323,SH2612,2629.0,175,563,-0.0010257243109483
20260323,SH2701,2609.0,2002,2147,0.0091989267918739
20260323,SH2702,2611.0,27,126,0.0735350440444282
20260323,SH2703,2627.0,15,14,0.0
20260324,SH2604,2437.0,2573,2718,0.590890439064423
20260324,SH2605,2557.0,545075,82702,0.3191239734063362
20260324,SH2606,2625.0,21929,19183,-0.0731428571428565
20260324,SH2607,2609.0,45309,55080,0.0459946339593724
20260324,SH2608,2619.0,9024,12936,-0.0641466208476519
20260324,SH2609,2605.0,22944,9890,0.0230326295585419
20260324,SH2610,2610.0,2444,954,-0.0551724137931031
20260324,SH2611,2598.0,92,558,0.009237875288683
20260324,SH2612,2600.0,135,550,-0.0010890233362143
20260324,SH2701,2579.0,2908,2003,0.1395889879798382
20260324,SH2702,2609.0,40,117,-0.0275967803756231
20260324,SH2703,2603.0,19,13,0.0
20260325,SH2604,2379.0,818,2492,0.6204287515762914
20260325,SH2605,2502.0,435158,77901,0.2973621103117496
20260325,SH2606,2564.0,19071,18978,-0.088923556942277
20260325,SH2607,2545.0,39110,57194,0.0565815324165033
20260325,SH2608,2557.0,7371,13015,-0.0657019945248333
20260325,SH2609,2543.0,20408,10548,0.0566260322453784
20260325,SH2610,2555.0,2008,897,-0.0845401174168292
20260325,SH2611,2537.0,110,532,0.0898699251083963
20260325,SH2612,2556.0,179,609,-0.000791264440576
20260325,SH2701,2541.0,2357,2098,0.0425029515938613
20260325,SH2702,2550.0,28,117,0.0235294117647058
20260325,SH2703,2555.0,15,6,0.0
20260326,SH2604,2392.0,688,2218,0.5869565217391317
20260326,SH2605,2509.0,290628,79721,0.3204463929852528
20260326,SH2606,2576.0,13834,19675,-0.1118012422360243
20260326,SH2607,2552.0,28406,58133,0.0987460815047018
20260326,SH2608,2573.0,7437,12725,-0.0606296152351335
20260326,SH2609,2560.0,13982,11293,0.0703125
20260326,SH2610,2575.0,1670,931,-0.0652427184466022
20260326,SH2611,2561.0,37,535,0.0140570089808678
20260326,SH2612,2564.0,99,615,-0.0005784501042963
20260326,SH2701,2553.0,2140,2325,0.042303172737955
20260326,SH2702,2562.0,46,119,0.0187353629976581
20260326,SH2703,2566.0,19,16,0.0
20260327,SH2604,2318.0,912,1654,0.6419327006039692
20260327,SH2605,2442.0,293149,87167,0.4520884520884518
20260327,SH2606,2534.0,9805,19610,0.0142067876874518
20260327,SH2607,2537.0,31255,56353,0.108789909341743
20260327,SH2608,2560.0,5655,12257,-0.0093749999999994
20260327,SH2609,2558.0,15193,10950,0.0703674745895233
20260327,SH2610,2573.0,1549,916,-0.0279828993392921
20260327,SH2611,2567.0,74,554,0.028048305414881
20260327,SH2612,2573.0,91,625,-0.0004716218989768
20260327,SH2701,2564.0,2291,2491,0.0280811232449291
20260327,SH2702,2570.0,25,120,0.004669260700389
20260327,SH2703,2571.0,19,28,0.0
20260330,SH2604,2249.0,1326,738,0.5549132947976876
20260330,SH2605,2353.0,387437,90622,0.5813854653633657
20260330,SH2606,2467.0,20340,20499,0.0729631130928245
20260330,SH2607,2482.0,43469,55773,0.2224012892828373
20260330,SH2608,2528.0,5729,12283,0.056962025316456
20260330,SH2609,2540.0,17275,12161,0.1086614173228355
20260330,SH2610,2563.0,1759,922,-0.0140460397971131
20260330,SH2611,2560.0,73,570,0.0703125
20260330,SH2612,2575.0,176,623,-0.0004188938584051
20260330,SH2701,2567.0,2732,2901,0.0794701986754971
20260330,SH2702,2584.0,27,118,0.0278637770897836
20260330,SH2703,2590.0,20,37,0.0
20260331,SH2604,2201.0,772,408,0.7578373466606099
20260331,SH2605,2340.0,248665,82863,0.5897435897435903
20260331,SH2606,2455.0,13912,20842,0.0830957230142566
20260331,SH2607,2472.0,33725,55816,0.199029126213591
20260331,SH2608,2513.0,9099,12477,0.0191006764822914
20260331,SH2609,2517.0,11083,12117,0.0619785458879622
20260331,SH2610,2530.0,997,909,0.0189723320158101
20260331,SH2611,2534.0,41,568,0.0094711917916328
20260331,SH2612,2536.0,84,623,-0.0006380037571332
20260331,SH2701,2524.0,2988,3179,0.0998415213946115
20260331,SH2702,2545.0,92,137,0.0377210216110031
20260331,SH2703,2553.0,13,39,0.0
20260401,SH2604,2160.0,46,41,0.5000000000000009
20260401,SH2605,2250.0,317581,83741,0.5333333333333341
20260401,SH2606,2350.0,18478,22073,0.0612765957446814
20260401,SH2607,2362.0,60439,63638,0.2438611346316674
20260401,SH2608,2410.0,10031,14238,0.0398340248962654
20260401,SH2609,2418.0,15890,11936,0.1141439205955325
20260401,SH2610,2441.0,1742,883,-0.0344121261777954
20260401,SH2611,2434.0,77,568,0.0788824979457674
20260401,SH2612,2450.0,168,618,-0.0012657647328594
20260401,SH2701,2427.0,3384,3190,0.1334981458590851
20260401,SH2702,2454.0,95,151,0.1271393643031784
20260401,SH2703,2480.0,8,38,0.0
20260402,SH2604,2300.0,1,0,-0.057391304347826
20260402,SH2605,2289.0,269512,85359,0.435124508519003
20260402,SH2606,2372.0,27019,23844,0.0809443507588545
20260402,SH2607,2388.0,72772,67082,0.2060301507537696
20260402,SH2608,2429.0,15235,16223,0.0049403046521199
20260402,SH2609,2430.0,16912,12532,0.0691358024691357
20260402,SH2610,2444.0,1765,959,-0.014729950900163
20260402,SH2611,2441.0,82,588,0.0245800901269976
20260402,SH2612,2446.0,231,650,-0.0009370951886593
20260402,SH2701,2429.0,3360,3158,0.118567311650886
20260402,SH2702,2453.0,81,152,0.0
20260402,SH2703,2453.0,18,39,0.0
20260403,SH2604,0.0,0,0,0.0
20260403,SH2605,2242.0,215661,77059,0.5352363960749322
20260403,SH2606,2342.0,16880,23150,0.092228864218617
20260403,SH2607,2360.0,43724,68156,0.1983050847457619
20260403,SH2608,2399.0,8977,18377,0.0050020842017506
20260403,SH2609,2400.0,10382,13024,0.0849999999999999
20260403,SH2610,2417.0,1139,931,-0.0148944973107161
20260403,SH2611,2414.0,51,591,0.0646230323115162
20260403,SH2612,2427.0,111,651,-0.0014444243829946
20260403,SH2701,2401.0,1696,3360,0.1749271137026244
20260403,SH2702,2436.0,15,153,0.044334975369459
20260403,SH2703,2445.0,3,42,0.0
20260407,SH2604,0.0,0,0,0.0
20260407,SH2605,2212.0,236105,80042,0.4828209764918636
20260407,SH2606,2301.0,16281,24250,0.0469361147327251
20260407,SH2607,2310.0,45707,68948,0.2753246753246765
20260407,SH2608,2363.0,9467,17884,0.0457046127803639
20260407,SH2609,2372.0,10694,13204,0.1416526138279934
20260407,SH2610,2400.0,1230,958,0.0
20260407,SH2611,2400.0,61,590,0.0350000000000001
20260407,SH2612,2407.0,183,640,-0.0012323606708896
20260407,SH2701,2385.0,1932,3100,0.1257861635220134
20260407,SH2702,2410.0,36,156,0.1742738589211612
20260407,SH2703,2445.0,35,62,0.0
20260408,SH2604,0.0,0,0,0.0
20260408,SH2605,2156.0,241317,79625,0.3840445269016701
20260408,SH2606,2225.0,19765,24845,0.0755056179775275
20260408,SH2607,2239.0,65541,73186,0.3698079499776687
20260408,SH2608,2308.0,17701,18649,0.1091854419410749
20260408,SH2609,2329.0,17613,15872,0.1597252039501926
20260408,SH2610,2360.0,2066,1120,-0.0813559322033898
20260408,SH2611,2344.0,494,829,0.0921501706484635
20260408,SH2612,2362.0,467,667,-0.0014270899732658
20260408,SH2701,2337.0,4399,3729,0.1797175866495495
20260408,SH2702,2372.0,45,151,0.0303541315345707
20260408,SH2703,2378.0,18,63,0.0
20260409,SH2604,0.0,0,0,0.0
20260409,SH2605,2116.0,160721,78422,0.4026465028355392
20260409,SH2606,2187.0,16664,25144,0.0713305898491079
20260409,SH2607,2200.0,58876,79539,0.40909090909091
20260409,SH2608,2275.0,13482,19183,0.2373626373626365
20260409,SH2609,2320.0,11560,17870,0.2431034482758614
20260409,SH2610,2367.0,1542,1345,-0.0557667934093792
20260409,SH2611,2356.0,243,909,0.0662139219015269
20260409,SH2612,2369.0,234,685,-0.0011382985282748
20260409,SH2701,2349.0,2325,4446,0.086845466155812
20260409,SH2702,2366.0,7,150,0.0862214708368549
20260409,SH2703,2383.0,3,64,0.0
20260410,SH2604,0.0,0,0,0.0
20260410,SH2605,2063.0,155819,78655,0.4246243334949096
20260410,SH2606,2136.0,29374,26515,0.0449438202247192
20260410,SH2607,2144.0,87146,93139,0.5149253731343295
20260410,SH2608,2236.0,14431,21630,0.3005366726296952
20260410,SH2609,2292.0,14948,19560,0.3036649214659697
20260410,SH2610,2350.0,1661,1546,0.005106382978723
20260410,SH2611,2351.0,292,1026,0.0561463207145891
20260410,SH2612,2362.0,170,712,-0.0011416719786126
20260410,SH2701,2342.0,2674,4746,0.1332194705380018
20260410,SH2702,2368.0,77,154,0.0456081081081078
20260410,SH2703,2377.0,40,80,0.0
20260413,SH2604,0.0,0,0,0.0
20260413,SH2605,2013.0,178983,75170,0.5067064083457522
20260413,SH2606,2098.0,15735,27073,0.0457578646329848
20260413,SH2607,2106.0,76517,109457,0.6438746438746437
20260413,SH2608,2219.0,11412,24124,0.3623253717890931
20260413,SH2609,2286.0,19157,21911,0.362204724409449
20260413,SH2610,2355.0,1001,1592,-0.0305732484076433
20260413,SH2611,2349.0,140,1067,0.0919540229885065
20260413,SH2612,2367.0,75,717,-0.0009683712849432
20260413,SH2701,2350.0,1284,4922,0.1123404255319142
20260413,SH2702,2372.0,17,157,0.0758853288364242
20260413,SH2703,2387.0,21,86,0.0
20260414,SH2604,0.0,0,0,0.0
20260414,SH2605,2014.0,133101,62226,0.4885799404170807
20260414,SH2606,2096.0,34627,27252,0.062977099236642
20260414,SH2607,2107.0,108927,118793,0.6834361651637391
20260414,SH2608,2227.0,10095,24753,0.3286933093848239
20260414,SH2609,2288.0,18214,23002,0.3618881118881125
20260414,SH2610,2357.0,1080,1644,0.0101824352991091
20260414,SH2611,2359.0,279,1092,0.122085629504026
20260414,SH2612,2383.0,83,722,-0.001188191638337
20260414,SH2701,2362.0,1368,4952,0.121930567315835
20260414,SH2702,2386.0,21,151,0.0452640402347022
20260414,SH2703,2395.0,17,79,0.0
20260415,SH2604,0.0,0,0,0.0
20260415,SH2605,2022.0,105416,49429,0.3679525222551918
20260415,SH2606,2084.0,53113,28711,-0.0115163147792709
20260415,SH2607,2082.0,162139,137027,0.7146974063400577
20260415,SH2608,2206.0,14191,26128,0.3318223028105178
20260415,SH2609,2267.0,15692,23967,0.4022937803264215
20260415,SH2610,2343.0,1097,1667,-0.0153649167733678
20260415,SH2611,2340.0,287,1144,0.1179487179487175
20260415,SH2612,2363.0,91,747,-0.0011411888334672
20260415,SH2701,2343.0,1450,5010,0.1280409731113962
20260415,SH2702,2368.0,19,156,0.0760135135135131
20260415,SH2703,2383.0,12,82,0.0
20260416,SH2605,2026.0,49159,36629,0.3849950641658441
20260416,SH2606,2091.0,34588,29668,0.0459110473457684
20260416,SH2607,2099.0,238302,160308,0.7660790852787054
20260416,SH2608,2233.0,26727,24257,0.2955665024630551
20260416,SH2609,2288.0,17095,24355,0.3618881118881125
20260416,SH2610,2357.0,1063,1652,0.0
20260416,SH2611,2357.0,272,1176,0.091641917691982
20260416,SH2612,2375.0,139,764,-0.0011354228267297
20260416,SH2701,2355.0,1205,5083,0.1121019108280254
20260416,SH2702,2377.0,26,157,0.0454354228018507
20260416,SH2703,2386.0,33,81,0.1508801341156758
20260416,SH2704,2416.0,3,3,0.0
20260417,SH2605,2010.0,23725,30116,0.2388059701492526
20260417,SH2606,2050.0,32111,33339,0.1463414634146342
20260417,SH2607,2075.0,236828,179551,0.8096385542168685
20260417,SH2608,2215.0,28261,25132,0.3358916478555303
20260417,SH2609,2277.0,16528,26701,0.3636363636363633
20260417,SH2610,2346.0,1042,1801,-0.0051150895140663
20260417,SH2611,2345.0,327,1343,0.097228144989339
20260417,SH2612,2364.0,195,846,-0.0013688473164889
20260417,SH2701,2340.0,1390,5174,0.1384615384615379
20260417,SH2702,2367.0,46,150,0.0912547528517118
20260417,SH2703,2385.0,13,84,0.1257861635220134
20260417,SH2704,2410.0,8,6,0.0
20260420,SH2605,1984.0,23759,25805,0.2116935483870961
20260420,SH2606,2019.0,60294,32350,0.26151560178306
20260420,SH2607,2063.0,310491,186275,0.8317983519146868
20260420,SH2608,2206.0,25231,25042,0.3862194016319131
20260420,SH2609,2277.0,19032,28763,0.3952569169960487
20260420,SH2610,2352.0,1381,1921,0.0
20260420,SH2611,2352.0,382,1523,0.0816326530612245
20260420,SH2612,2368.0,286,979,-0.0011387792286668
20260420,SH2701,2348.0,1553,5395,0.1277683134582634
20260420,SH2702,2373.0,23,153,0.0556257901390635
20260420,SH2703,2384.0,7,82,0.1459731543624149
20260420,SH2704,2413.0,2,8,0.0
20260421,SH2605,2004.0,24531,21326,0.2874251497005984
20260421,SH2606,2052.0,47171,33805,0.2982456140350882
20260421,SH2607,2103.0,348114,193556,0.7874465049928672
20260421,SH2608,2241.0,43348,24811,0.358768406961178
20260421,SH2609,2308.0,26493,30970,0.3431542461005197
20260421,SH2610,2374.0,2517,2488,-0.0353833192923329
20260421,SH2611,2367.0,664,1797,0.1013941698352338
20260421,SH2612,2387.0,477,1214,-0.0018075436705375
20260421,SH2701,2355.0,3524,6632,0.173248407643312
20260421,SH2702,2389.0,98,211,0.045207199665131
20260421,SH2703,2398.0,26,85,0.1851542952460381
20260421,SH2704,2435.0,18,18,0.0
20260422,SH2605,1987.0,17418,19385,0.5254151987921496
20260422,SH2606,2074.0,47349,31441,0.347155255544842
20260422,SH2607,2134.0,399951,193465,0.7647610121836923
20260422,SH2608,2270.0,39580,26173,0.3383259911894267
20260422,SH2609,2334.0,29605,30143,0.3290488431876595
20260422,SH2610,2398.0,2085,2489,0.0
20260422,SH2611,2398.0,372,1836,0.0950792326939113
20260422,SH2612,2417.0,317,1273,-0.0013946158530632
20260422,SH2701,2392.0,3289,6850,0.1404682274247504
20260422,SH2702,2420.0,48,199,0.019834710743801
20260422,SH2703,2424.0,29,99,0.1732673267326738
20260422,SH2704,2459.0,30,34,0.0
20260423,SH2605,1917.0,16467,18128,0.7574334898278554
20260423,SH2606,2038.0,45974,30979,0.382728164867518
20260423,SH2607,2103.0,314014,201677,0.7931526390870198
20260423,SH2608,2242.0,31965,25956,0.3639607493309542
20260423,SH2609,2310.0,21610,31177,0.3896103896103904
20260423,SH2610,2385.0,1509,2452,-0.0201257861635215
20260423,SH2611,2381.0,281,1879,0.0806383872322547
20260423,SH2612,2397.0,157,1271,-0.001181251845706
20260423,SH2701,2376.0,2105,7113,0.1262626262626272
20260423,SH2702,2401.0,59,197,0.0249895876718042
20260423,SH2703,2406.0,16,106,0.2144638403990022
20260423,SH2704,2449.0,11,33,0.0
20260424,SH2605,1895.0,9830,15580,0.715567282321901
20260424,SH2606,2008.0,43729,29648,0.2928286852589652
20260424,SH2607,2057.0,334949,209157,0.8283908604764214
20260424,SH2608,2199.0,62894,25744,0.3819918144611192
20260424,SH2609,2269.0,24972,32801,0.4759806081974425
20260424,SH2610,2359.0,1866,2620,0.0
20260424,SH2611,2359.0,430,1963,0.1169987282746927
20260424,SH2612,2382.0,296,1200,-0.0012452947669317
20260424,SH2701,2360.0,2456,6997,0.1779661016949161
20260424,SH2702,2395.0,59,189,0.0501043841336112
20260424,SH2703,2405.0,25,108,0.2245322245322238
20260424,SH2704,2450.0,21,35,0.0
20260427,SH2605,1889.0,7757,13168,0.7368978295394388
20260427,SH2606,2005.0,52698,30937,0.4907730673316717
20260427,SH2607,2087.0,369339,206626,0.8164829899377093
20260427,SH2608,2229.0,53131,25460,0.3714670255720049
20260427,SH2609,2298.0,31353,34939,0.4177545691906008
20260427,SH2610,2378.0,2817,2805,0.045416316232127
20260427,SH2611,2387.0,1773,2626,0.1709258483452034
20260427,SH2612,2421.0,1630,1698,-0.0002227698648065
20260427,SH2701,2417.0,5987,7340,0.218452627223832
20260427,SH2702,2461.0,123,203,0.0487606663957729
20260427,SH2703,2471.0,79,162,0.169971671388101
20260427,SH2704,2506.0,65,63,0.0
20260428,SH2605,1865.0,9601,9553,0.8493297587131368
20260428,SH2606,1997.0,65372,26429,0.3365047571357022
20260428,SH2607,2053.0,551717,232262,0.865075499269361
20260428,SH2608,2201.0,62916,29542,0.3707405724670591
20260428,SH2609,2269.0,47478,39607,0.4601145879241946
20260428,SH2610,2356.0,2515,3011,0.0814940577249583
20260428,SH2611,2372.0,1663,2953,0.1770657672849918
20260428,SH2612,2407.0,1461,1997,0.0006161803354448
20260428,SH2701,2418.0,4317,7574,0.1588089330024802
20260428,SH2702,2450.0,133,239,0.0979591836734705
20260428,SH2703,2470.0,104,213,0.2040485829959504
20260428,SH2704,2512.0,150,179,0.0
20260429,SH2605,1844.0,4826,7403,0.806941431670281
20260429,SH2606,1968.0,47763,24341,0.3536585365853666
20260429,SH2607,2026.0,370396,232731,0.9002961500493578
20260429,SH2608,2178.0,40074,29776,0.4022038567493116
20260429,SH2609,2251.0,24964,39855,0.4957796534873386
20260429,SH2610,2344.0,826,2928,0.0767918088737209
20260429,SH2611,2359.0,357,2941,0.1933022467147083
20260429,SH2612,2397.0,338,2142,0.000225000351563
20260429,SH2701,2401.0,1617,7661,0.2149104539775086
20260429,SH2702,2444.0,73,255,0.1325695581014727
20260429,SH2703,2471.0,50,239,0.16511533791987
20260429,SH2704,2505.0,53,194,0.0
20260430,SH2605,1710.0,9905,670,1.8175438596491225
20260430,SH2606,1969.0,55114,20955,0.3473844591163031
20260430,SH2607,2026.0,360106,226601,0.8469891411648556
20260430,SH2608,2169.0,29309,30137,0.3872752420470275
20260430,SH2609,2239.0,23770,40988,0.4769986601161236
20260430,SH2610,2328.0,807,2902,0.0927835051546388
20260430,SH2611,2346.0,377,2899,0.1892583120204607
20260430,SH2612,2383.0,288,2139,-5.658055420653481e-05
20260430,SH2701,2382.0,2064,7289,0.2317380352644837
20260430,SH2702,2428.0,103,255,0.1235584843492585
20260430,SH2703,2453.0,58,254,0.1810028536485948
20260430,SH2704,2490.0,96,230,0.0
20260506,SH2605,1811.0,237,63,1.457758144671451
20260506,SH2606,2031.0,32286,17785,0.460856720827179
20260506,SH2607,2109.0,376045,211695,0.7283072546230454
20260506,SH2608,2237.0,36396,29093,0.3218596334376391
20260506,SH2609,2297.0,39735,38285,0.365694383979104
20260506,SH2610,2367.0,8116,7021,0.0659062103929013
20260506,SH2611,2380.0,1266,2967,0.1966386554621841
20260506,SH2612,2419.0,607,1894,0.0003901695844229
20260506,SH2701,2426.0,2325,7509,0.2126957955482264
20260506,SH2702,2469.0,48,279,0.0874848116646402
20260506,SH2703,2487.0,27,265,0.1688781664656202
20260506,SH2704,2522.0,90,243,0.0
20260507,SH2605,1870.0,28,63,1.2064171122994658
20260507,SH2606,2058.0,19981,15321,0.4548104956268215
20260507,SH2607,2136.0,497305,212910,0.6573033707865168
20260507,SH2608,2253.0,51788,28405,0.3035952063914777
20260507,SH2609,2310.0,53040,39037,0.3324675324675334
20260507,SH2610,2374.0,4851,10145,0.0505475989890467
20260507,SH2611,2384.0,658,2949,0.1912751677852338
20260507,SH2612,2422.0,426,1917,0.0002226778871579
20260507,SH2701,2426.0,1844,7842,0.2077493816982683
20260507,SH2702,2468.0,94,318,0.0826580226904365
20260507,SH2703,2485.0,52,293,0.169014084507042
20260507,SH2704,2520.0,81,286,0.0
20260508,SH2605,0.0,0,10,0.0
20260508,SH2606,2011.0,20832,13841,0.4654400795624056
20260508,SH2607,2089.0,550424,226555,0.7927237912876972
20260508,SH2608,2227.0,50271,29795,0.3664122137404586
20260508,SH2609,2295.0,66456,43036,0.413071895424836
20260508,SH2610,2374.0,6113,12009,0.0707666385846659
20260508,SH2611,2388.0,969,3248,0.1306532663316577
20260508,SH2612,2414.0,446,2113,5.585396051125688e-05
20260508,SH2701,2415.0,2518,8191,0.2037267080745328
20260508,SH2702,2456.0,97,315,0.0732899022801296
20260508,SH2703,2471.0,46,294,0.16511533791987
20260508,SH2704,2505.0,46,278,0.0
20260511,SH2605,0.0,0,10,0.0
20260511,SH2606,1999.0,10670,13165,0.3721860930465235
20260511,SH2607,2061.0,403907,241152,0.8384279475982526
20260511,SH2608,2205.0,37504,31606,0.40272108843537424
20260511,SH2609,2279.0,49990,46476,0.4580956559894682
20260511,SH2610,2366.0,5323,13834,0.07607776838546165
20260511,SH2611,2381.0,494,3397,0.14615707685846413
20260511,SH2612,2410.0,393,2213,0.00011189332836029613
20260511,SH2701,2412.0,1597,8350,0.29850746268656714
20260511,SH2702,2472.0,44,314,-0.03398058252427161
20260511,SH2703,2465.0,51,318,0.1411764705882348
20260511,SH2704,2494.0,42,280,0.0
