date,symbol,close,volume,open_interest,roll_yield
20250526,NI2506,122780.0,78747.0,40405.0,0.0214826324768064
20250526,NI2507,123000.0,67173.0,68605.0,0.0146252303295531
20250526,NI2508,123150.0,13904.0,38436.0,0.0214181462019161
20250526,NI2509,123370.0,5601.0,18062.0,0.015552857584189
20250526,NI2510,123530.0,250.0,1382.0,0.0232915560385026
20250526,NI2511,123770.0,56.0,702.0,0.0290510148341901
20250526,NI2512,124070.0,19.0,277.0,0.0309104252051162
20250526,NI2601,124390.0,50.0,624.0,0.0183154632495148
20250526,NI2602,124580.0,19.0,121.0,0.0576554600466722
20250526,NI2603,125180.0,5.0,111.0,-0.0067122140069611
20250526,NI2604,125110.0,4.0,23.0,0.0363926855148985
20250526,NI2605,125490.0,0.0,11.0,0.0
20250527,NI2506,122170.0,52308.0,29331.0,0.0137434569996376
20250527,NI2507,122310.0,83267.0,82390.0,0.0186266938261182
20250527,NI2508,122500.0,15385.0,42234.0,0.0215316916099738
20250527,NI2509,122720.0,5353.0,18615.0,0.0244210267849173
20250527,NI2510,122970.0,284.0,1424.0,0.0253452571881095
20250527,NI2511,123230.0,161.0,740.0,0.0272351579986938
20250527,NI2512,123510.0,339.0,533.0,0.01844585938223
20250527,NI2601,123700.0,59.0,631.0,0.0290674344791366
20250527,NI2602,124000.0,11.0,126.0,0.028997194939543
20250527,NI2603,124300.0,7.0,117.0,0.0462502579916989
20250527,NI2604,124780.0,6.0,24.0,-0.0076960079597945
20250527,NI2605,124700.0,5.0,13.0,0.0
20250528,NI2506,119800.0,40210.0,19756.0,0.0150156432522565
20250528,NI2507,119950.0,158844.0,106713.0,0.0189928816357411
20250528,NI2508,120140.0,25227.0,45868.0,0.020957217684788
20250528,NI2509,120350.0,12185.0,19354.0,0.0268913255251167
20250528,NI2510,120620.0,423.0,1569.0,-0.0119442611055717
20250528,NI2511,120500.0,138.0,785.0,0.0447298095039187
20250528,NI2512,120950.0,180.0,622.0,0.0425866002200752
20250528,NI2601,121380.0,133.0,665.0,0.0306084832919942
20250528,NI2602,121690.0,47.0,148.0,0.0560771670224477
20250528,NI2603,122260.0,34.0,129.0,-0.0294816297663034
20250528,NI2604,121960.0,11.0,25.0,0.0539944462323025
20250528,NI2605,122510.0,26.0,27.0,0.0
20250529,NI2506,120460.0,23544.0,11471.0,0.0019921972321001
20250529,NI2507,120480.0,181192.0,102540.0,0.0179149075323881
20250529,NI2508,120660.0,34544.0,49425.0,0.0238450152975766
20250529,NI2509,120900.0,15595.0,20619.0,0.0208255909465469
20250529,NI2510,121110.0,694.0,1685.0,0.016832380333229
20250529,NI2511,121280.0,58.0,796.0,0.0138442536987181
20250529,NI2512,121420.0,129.0,687.0,0.056201573500298
20250529,NI2601,121990.0,165.0,680.0,0.0294743884875877
20250529,NI2602,122290.0,50.0,178.0,0.0
20250529,NI2603,122290.0,34.0,151.0,0.0879912692712506
20250529,NI2604,123190.0,0.0,25.0,-0.0478263270842042
20250529,NI2605,122700.0,92.0,50.0,0.0
20250530,NI2506,120090.0,11398.0,6982.0,0.1005022666374553
20250530,NI2507,121100.0,145554.0,94854.0,0.0247473793627658
20250530,NI2508,121350.0,22597.0,48647.0,0.0158115809749199
20250530,NI2509,121510.0,8945.0,20461.0,0.0128315866637225
20250530,NI2510,121640.0,521.0,1704.0,0.0216837841342118
20250530,NI2511,121860.0,122.0,791.0,-0.0039395929441165
20250530,NI2512,121820.0,59.0,666.0,0.0540563590708596
20250530,NI2601,122370.0,86.0,677.0,0.0195966402659639
20250530,NI2602,122570.0,30.0,177.0,0.0224966443196203
20250530,NI2603,122800.0,14.0,153.0,0.0253803071916256
20250530,NI2604,123060.0,6.0,23.0,-0.0019504266601246
20250530,NI2605,123040.0,13.0,49.0,0.0
20250603,NI2506,121150.0,1990.0,6090.0,0.0099009906606944
20250603,NI2507,121250.0,73462.0,91891.0,0.0217534667350427
20250603,NI2508,121470.0,17862.0,50194.0,0.0167825291638145
20250603,NI2509,121640.0,5035.0,20651.0,0.0167590908324437
20250603,NI2510,121810.0,312.0,1712.0,0.0354127644492116
20250603,NI2511,122170.0,40.0,784.0,0.0421620730337098
20250603,NI2512,122600.0,19.0,662.0,-0.019591841086624
20250603,NI2601,122400.0,88.0,675.0,0.032309406374294
20250603,NI2602,122730.0,17.0,178.0,0.0185629998344029
20250603,NI2603,122920.0,17.0,152.0,0.0477408984336993
20250603,NI2604,123410.0,2.0,24.0,0.0087481272352772
20250603,NI2605,123500.0,6.0,51.0,0.0
20250604,NI2506,122300.0,1422.0,5868.0,0.0284209369653134
20250604,NI2507,122590.0,117416.0,83546.0,0.0156517508127239
20250604,NI2508,122750.0,23830.0,48961.0,0.014654998768309
20250604,NI2509,122900.0,7336.0,20022.0,0.0204869770504138
20250604,NI2510,123110.0,453.0,1743.0,0.0204520603011113
20250604,NI2511,123320.0,86.0,778.0,0.0175026366009876
20250604,NI2512,123500.0,34.0,657.0,0.0291144501895655
20250604,NI2601,123800.0,43.0,675.0,0.0009692661852521
20250604,NI2602,123810.0,7.0,177.0,0.0676548183806528
20250604,NI2603,124510.0,9.0,156.0,0.0182978246600361
20250604,NI2604,124700.0,4.0,25.0,0.0086576620052672
20250604,NI2605,124790.0,22.0,48.0,0.0
20250605,NI2506,121370.0,1308.0,5418.0,0.0197579693931883
20250605,NI2507,121570.0,102375.0,85713.0,0.0207109153527051
20250605,NI2508,121780.0,16147.0,49489.0,0.0206752317626189
20250605,NI2509,121990.0,6527.0,20222.0,0.0137637242682107
20250605,NI2510,122130.0,386.0,1778.0,-0.0049138037622035
20250605,NI2511,122080.0,48.0,775.0,0.0480687338031228
20250605,NI2512,122570.0,55.0,688.0,0.0166320192945258
20250605,NI2601,122740.0,52.0,691.0,0.0341699779350421
20250605,NI2602,123090.0,4.0,177.0,-0.0019499512555087
20250605,NI2603,123070.0,14.0,153.0,0.0214320563545923
20250605,NI2604,123290.0,3.0,24.0,0.0398397062157705
20250605,NI2605,123700.0,15.0,51.0,0.0
20250606,NI2506,121990.0,1194.0,4794.0,0.0206396709221852
20250606,NI2507,122200.0,98620.0,80736.0,0.016682343120983
20250606,NI2508,122370.0,17965.0,48815.0,0.0147004796039724
20250606,NI2509,122520.0,6661.0,20239.0,0.0137042187991586
20250606,NI2510,122660.0,405.0,1818.0,0.0195503464553238
20250606,NI2511,122860.0,38.0,775.0,-0.0127041015163733
20250606,NI2512,122730.0,13.0,689.0,0.0643590036123068
20250606,NI2601,123390.0,65.0,697.0,-0.0097292043597727
20250606,NI2602,123290.0,3.0,179.0,0.0204222262508469
20250606,NI2603,123500.0,3.0,153.0,0.0397720747244353
20250606,NI2604,123910.0,7.0,28.0,0.0280520864517221
20250606,NI2605,124200.0,5.0,55.0,0.0
20250609,NI2506,122420.0,1560.0,4578.0,0.0283931107863929
20250609,NI2507,122710.0,115890.0,76246.0,0.0156364546922821
20250609,NI2508,122870.0,24362.0,50140.0,0.0185418651943728
20250609,NI2509,123060.0,8721.0,19559.0,0.0204603630130049
20250609,NI2510,123270.0,635.0,1840.0,0.0311107684585912
20250609,NI2511,123590.0,114.0,805.0,0.0378075200655512
20250609,NI2512,123980.0,23.0,697.0,-0.0029040455108853
20250609,NI2601,123950.0,82.0,709.0,0.0290088779464634
20250609,NI2602,124250.0,6.0,179.0,0.0135135149416214
20250609,NI2603,124390.0,8.0,157.0,0.0442947060469071
20250609,NI2604,124850.0,4.0,27.0,-0.0115393870579739
20250609,NI2605,124730.0,8.0,57.0,0.0
20250610,NI2506,121500.0,522.0,4824.0,-0.010869118450691
20250610,NI2507,121390.0,107520.0,78763.0,0.0207415994682519
20250610,NI2508,121600.0,27011.0,51976.0,0.016764599842194
20250610,NI2509,121770.0,8980.0,20461.0,0.01477286903304
20250610,NI2510,121920.0,608.0,1970.0,0.0285094141388751
20250610,NI2511,122210.0,49.0,819.0,0.0382337646264229
20250610,NI2512,122600.0,23.0,704.0,0.0234680648461263
20250610,NI2601,122840.0,53.0,718.0,0.0253720514134339
20250610,NI2602,123100.0,2.0,180.0,0.0048730965136697
20250610,NI2603,123150.0,9.0,156.0,0.0262805799164861
20250610,NI2604,123420.0,2.0,27.0,0.0378595144761507
20250610,NI2605,123810.0,15.0,60.0,0.0
20250611,NI2506,121570.0,726.0,5094.0,0.0216962583757988
20250611,NI2507,121790.0,89964.0,76472.0,0.0216571018586842
20250611,NI2508,122010.0,23834.0,53213.0,0.0117965111490514
20250611,NI2509,122130.0,8125.0,21768.0,0.0215968644682026
20250611,NI2510,122350.0,607.0,2039.0,0.0176412968720935
20250611,NI2511,122530.0,56.0,815.0,0.0303215713351981
20250611,NI2512,122840.0,49.0,726.0,0.0068362158512142
20250611,NI2601,122910.0,44.0,715.0,0.0380163593209104
20250611,NI2602,123300.0,14.0,187.0,0.0398364804533006
20250611,NI2603,123710.0,12.0,162.0,-0.0135878371036934
20250611,NI2604,123570.0,12.0,30.0,0.0561925780569182
20250611,NI2605,124150.0,15.0,69.0,0.0
20250612,NI2506,118000.0,330.0,5226.0,0.2016854197965742
20250612,NI2507,120000.0,109748.0,85673.0,0.0199833518287349
20250612,NI2508,120200.0,32026.0,55568.0,0.0119740572050693
20250612,NI2509,120320.0,12441.0,23717.0,0.0179387127501609
20250612,NI2510,120500.0,1094.0,2385.0,0.0288449722377268
20250612,NI2511,120790.0,373.0,1013.0,0.0089378081675656
20250612,NI2512,120880.0,227.0,806.0,0.0317250680487584
20250612,NI2601,121200.0,361.0,944.0,0.0227506971661615
20250612,NI2602,121430.0,36.0,195.0,0.0374938637536788
20250612,NI2603,121810.0,39.0,170.0,0.1098316076085841
20250612,NI2604,122930.0,2.0,30.0,-0.0714724913010568
20250612,NI2605,122200.0,41.0,80.0,0.0
20250613,NI2506,120100.0,6.0,5232.0,-0.017998503499147
20250613,NI2507,119920.0,86947.0,82485.0,0.0199966718494471
20250613,NI2508,120120.0,28531.0,55192.0,0.0139778699555172
20250613,NI2509,120260.0,12459.0,25813.0,0.0219323812819296
20250613,NI2510,120480.0,4282.0,2731.0,0.0139361276550885
20250613,NI2511,120620.0,167.0,1080.0,0.0308010932921207
20250613,NI2512,120930.0,66.0,838.0,0.0247821326359069
20250613,NI2601,121180.0,102.0,975.0,0.003960396075552
20250613,NI2602,121220.0,28.0,204.0,0.0434783084330439
20250613,NI2603,121660.0,12.0,172.0,0.052163297230459
20250613,NI2604,122190.0,2.0,28.0,0.0333442515950917
20250613,NI2605,122530.0,14.0,84.0,0.0
20250616,NI2506,119410.0,162.0,5262.0,0.0281054080798293
20250616,NI2507,119690.0,98243.0,79723.0,0.019034106758201
20250616,NI2508,119880.0,28667.0,56426.0,0.0190039631299712
20250616,NI2509,120070.0,10431.0,26672.0,0.0079926736782167
20250616,NI2510,120150.0,1698.0,2870.0,0.023946129173485
20250616,NI2511,120390.0,139.0,1151.0,0.0398043320430236
20250616,NI2512,120790.0,82.0,889.0,0.0267934781562508
20250616,NI2601,121060.0,148.0,1037.0,0.0128792582022589
20250616,NI2602,121190.0,15.0,208.0,0.029668714635058
20250616,NI2603,121490.0,16.0,171.0,0.0689430655413614
20250616,NI2604,122190.0,0.0,28.0,-0.0620309073580634
20250616,NI2605,121560.0,32.0,86.0,0.0
20250617,NI2507,118570.0,100455.0,83823.0,0.0182032733372569
20250617,NI2508,118750.0,35769.0,61191.0,0.0191846563643648
20250617,NI2509,118940.0,14146.0,28302.0,0.0141164624295371
20250617,NI2510,119080.0,3720.0,4068.0,0.0161127919475413
20250617,NI2511,119240.0,448.0,1154.0,0.0311571011335561
20250617,NI2512,119550.0,589.0,1352.0,0.0220625166609788
20250617,NI2601,119770.0,311.0,1164.0,0.018021027915459
20250617,NI2602,119950.0,46.0,216.0,0.020990384761452
20250617,NI2603,120160.0,32.0,165.0,0.0069886436519166
20250617,NI2604,120230.0,9.0,32.0,0.0249262687771878
20250617,NI2605,120480.0,32.0,97.0,0.0615946380895587
20250617,NI2606,121100.0,3.0,2.0,0.0
20250618,NI2507,118480.0,76829.0,84114.0,0.0202395055569331
20250618,NI2508,118680.0,27018.0,64719.0,0.019195962838944
20250618,NI2509,118870.0,9355.0,28934.0,0.0151330466900751
20250618,NI2510,119020.0,1916.0,4318.0,0.0292032200520358
20250618,NI2511,119310.0,199.0,1240.0,0.0050278628129001
20250618,NI2512,119360.0,120.0,1406.0,0.0351361776939329
20250618,NI2601,119710.0,133.0,1218.0,0.0280350565562289
20250618,NI2602,119990.0,9.0,216.0,0.0279697121547336
20250618,NI2603,120270.0,12.0,170.0,0.0009977135736359
20250618,NI2604,120280.0,4.0,36.0,0.047792960619717
20250618,NI2605,120760.0,16.0,105.0,0.0248169836558762
20250618,NI2606,121010.0,0.0,2.0,0.0
20250619,NI2507,118890.0,88477.0,75358.0,0.0241996552897963
20250619,NI2508,119130.0,37346.0,66298.0,0.0181177689172707
20250619,NI2509,119310.0,14744.0,31712.0,0.0180904556874436
20250619,NI2510,119490.0,1870.0,4529.0,0.007027818648896
20250619,NI2511,119560.0,71.0,1234.0,0.0200568323476297
20250619,NI2512,119760.0,88.0,1423.0,0.0290229906706713
20250619,NI2601,120050.0,156.0,1246.0,0.0339378033560739
20250619,NI2602,120390.0,19.0,218.0,0.0099634678590008
20250619,NI2603,120490.0,13.0,173.0,0.0149297078935294
20250619,NI2604,120640.0,0.0,36.0,0.0436869587264627
20250619,NI2605,121080.0,12.0,105.0,0.028706963577027
20250619,NI2606,121370.0,5.0,5.0,0.0
20250620,NI2507,118280.0,82593.0,73598.0,0.0141951854322429
20250620,NI2508,118420.0,42075.0,69353.0,0.0263180198278913
20250620,NI2509,118680.0,15982.0,35191.0,0.0161670620614312
20250620,NI2510,118840.0,2348.0,5270.0,0.0262251092021691
20250620,NI2511,119100.0,59.0,1254.0,0.0151038408863532
20250620,NI2512,119250.0,151.0,1428.0,0.0301507696305976
20250620,NI2601,119550.0,129.0,1270.0,0.0260695289696875
20250620,NI2602,119810.0,11.0,221.0,0.0549611653204416
20250620,NI2603,120360.0,6.0,176.0,-0.001994183635666
20250620,NI2604,120340.0,4.0,38.0,0.0239083592286449
20250620,NI2605,120580.0,9.0,108.0,0.0694618659936255
20250620,NI2606,121280.0,3.0,6.0,0.0
20250623,NI2507,117440.0,117071.0,68780.0,0.0102136358195881
20250623,NI2508,117540.0,68637.0,80319.0,0.0244773159830447
20250623,NI2509,117780.0,22130.0,38759.0,0.0213767711448366
20250623,NI2510,117990.0,3945.0,6029.0,0.0284432538143705
20250623,NI2511,118270.0,309.0,1324.0,0.0141963849580778
20250623,NI2512,118410.0,629.0,1772.0,0.0354176586323226
20250623,NI2601,118760.0,687.0,1700.0,0.0060611163844352
20250623,NI2602,118820.0,83.0,223.0,0.0373093868042621
20250623,NI2603,119190.0,73.0,188.0,-0.001006838109413
20250623,NI2604,119180.0,29.0,48.0,0.0542487319879848
20250623,NI2605,119720.0,54.0,149.0,-0.0361385583485692
20250623,NI2606,119360.0,4.0,6.0,0.0
20250624,NI2507,117450.0,96087.0,52007.0,0.0183767264091391
20250624,NI2508,117630.0,75890.0,90594.0,0.0244586071935361
20250624,NI2509,117870.0,18447.0,40728.0,0.0213604633642106
20250624,NI2510,118080.0,5452.0,7350.0,0.013204114921478
20250624,NI2511,118210.0,258.0,1400.0,0.0263647224525857
20250624,NI2512,118470.0,111.0,1743.0,0.0202412125245601
20250624,NI2601,118670.0,299.0,1762.0,0.0222259703208679
20250624,NI2602,118890.0,105.0,215.0,0.0241996552897963
20250624,NI2603,119130.0,65.0,192.0,0.0331950419146813
20250624,NI2604,119460.0,22.0,48.0,-0.0342023871408771
20250624,NI2605,119120.0,25.0,157.0,0.0151013065778888
20250624,NI2606,119270.0,8.0,8.0,0.0
20250625,NI2507,118600.0,76394.0,36302.0,0.007080541361071
20250625,NI2508,118670.0,82515.0,92419.0,0.0161684234986464
20250625,NI2509,118830.0,19668.0,43022.0,0.013120822199576
20250625,NI2510,118960.0,4562.0,8434.0,0.0272051839936913
20250625,NI2511,119230.0,547.0,1417.0,0.0140821474668764
20250625,NI2512,119370.0,62.0,1766.0,0.0200887298944996
20250625,NI2601,119570.0,137.0,1743.0,0.0230605409983233
20250625,NI2602,119800.0,55.0,199.0,0.0120140173559189
20250625,NI2603,119920.0,34.0,185.0,-0.026045589989478
20250625,NI2604,119660.0,2.0,49.0,0.0849401889289782
20250625,NI2605,120510.0,14.0,161.0,-0.0598953077755041
20250625,NI2606,119910.0,5.0,10.0,0.0
20250626,NI2507,120700.0,52039.0,18848.0,0.0129176512287731
20250626,NI2508,120830.0,150555.0,80909.0,0.010919469670201
20250626,NI2509,120940.0,37811.0,47572.0,0.009918175620403
20250626,NI2510,121040.0,8087.0,9291.0,0.0247596340882645
20250626,NI2511,121290.0,411.0,1390.0,0.0207586855177682
20250626,NI2512,121500.0,259.0,1812.0,0.0118460029363266
20250626,NI2601,121620.0,534.0,1833.0,0.0295639469564699
20250626,NI2602,121920.0,46.0,190.0,-0.0098465583599713
20250626,NI2603,121820.0,33.0,175.0,0.0137829205405863
20250626,NI2604,121960.0,9.0,45.0,0.0353692740090342
20250626,NI2605,122320.0,32.0,156.0,-0.0147245304580611
20250626,NI2606,122170.0,3.0,10.0,0.0
20250627,NI2507,120320.0,16596.0,13466.0,0.0159468462006448
20250627,NI2508,120480.0,94188.0,78738.0,0.0069700869071586
20250627,NI2509,120550.0,22831.0,50367.0,0.0149222817156682
20250627,NI2510,120700.0,7133.0,11112.0,0.0218525016932584
20250627,NI2511,120920.0,253.0,1412.0,0.0257744832670283
20250627,NI2512,121180.0,649.0,1853.0,0.0118772691979383
20250627,NI2601,121300.0,115.0,1820.0,0.0276679964468643
20250627,NI2602,121580.0,7.0,187.0,0.0009869638530065
20250627,NI2603,121590.0,12.0,177.0,0.0737918940731021
20250627,NI2604,122340.0,4.0,45.0,-0.0078495505660736
20250627,NI2605,122260.0,16.0,151.0,0.0
20250627,NI2606,122260.0,9.0,14.0,0.0
20250630,NI2507,120620.0,11406.0,7671.0,0.020873892196512
20250630,NI2508,120830.0,86158.0,76791.0,0.007942417763262
20250630,NI2509,120910.0,21845.0,50584.0,0.0138865943749446
20250630,NI2510,121050.0,5575.0,12135.0,0.0118900183123647
20250630,NI2511,121170.0,231.0,1396.0,0.0207792259713347
20250630,NI2512,121380.0,118.0,1868.0,0.0177821716905997
20250630,NI2601,121560.0,199.0,1825.0,0.0246538279593022
20250630,NI2602,121810.0,23.0,178.0,0.0196866585045039
20250630,NI2603,122010.0,13.0,174.0,0.0618027117157903
20250630,NI2604,122640.0,1.0,46.0,-0.0284093360985362
20250630,NI2605,122350.0,31.0,162.0,0.0225370580268598
20250630,NI2606,122580.0,7.0,15.0,0.0
20250701,NI2507,120530.0,2265.0,6654.0,0.018901558312096
20250701,NI2508,120720.0,69295.0,74939.0,0.0149012809412642
20250701,NI2509,120870.0,16657.0,50116.0,0.0158743305497631
20250701,NI2510,121030.0,3029.0,12230.0,0.0168434986164191
20250701,NI2511,121200.0,473.0,1486.0,0.0158311368607519
20250701,NI2512,121360.0,140.0,1891.0,0.0187723886622657
20250701,NI2601,121550.0,167.0,1841.0,-0.0009872886590779
20250701,NI2602,121540.0,2.0,177.0,0.0620410885051127
20250701,NI2603,122170.0,0.0,174.0,0.0460766057710837
20250701,NI2604,122640.0,0.0,46.0,-0.0657374605009413
20250701,NI2605,121970.0,17.0,166.0,0.0696507166908463
20250701,NI2606,122680.0,0.0,15.0,0.0
20250702,NI2507,121120.0,1152.0,5934.0,0.009903442008005
20250702,NI2508,121220.0,69206.0,74763.0,0.0089061151162692
20250702,NI2509,121310.0,18928.0,52262.0,0.015816791152217
20250702,NI2510,121470.0,6056.0,13093.0,0.010861963300765
20250702,NI2511,121580.0,530.0,1581.0,0.0266195730076643
20250702,NI2512,121850.0,142.0,1895.0,0.0127958015651395
20250702,NI2601,121980.0,187.0,1903.0,-0.0059040591596899
20250702,NI2602,121920.0,3.0,177.0,0.0667431787652993
20250702,NI2603,122600.0,6.0,174.0,-0.0323437121521477
20250702,NI2604,122270.0,1.0,46.0,0.0597186629191599
20250702,NI2605,122880.0,25.0,180.0,-0.0019532839629677
20250702,NI2606,122860.0,0.0,15.0,0.0
20250703,NI2507,121640.0,492.0,5640.0,0.0147886474782624
20250703,NI2508,121790.0,78989.0,71229.0,0.0088644482218697
20250703,NI2509,121880.0,19768.0,52096.0,0.0147595443148782
20250703,NI2510,122030.0,5085.0,13480.0,0.0167055671249626
20250703,NI2511,122200.0,289.0,1607.0,0.0264846635484112
20250703,NI2512,122470.0,179.0,1878.0,0.0166455903643529
20250703,NI2601,122640.0,277.0,1898.0,0.016622532704809
20250703,NI2602,122810.0,12.0,173.0,0.0205019778951544
20250703,NI2603,123020.0,5.0,171.0,-0.0244110910496845
20250703,NI2604,122770.0,3.0,45.0,0.0253865025519493
20250703,NI2605,123030.0,22.0,181.0,0.0574093939085972
20250703,NI2606,123620.0,2.0,16.0,0.0
20250704,NI2507,122150.0,1020.0,5496.0,0.0117829974281917
20250704,NI2508,122270.0,111042.0,69807.0,0.0088296615192473
20250704,NI2509,122360.0,28333.0,52685.0,0.0107829930059193
20250704,NI2510,122470.0,5760.0,13816.0,0.0166455903643529
20250704,NI2511,122640.0,584.0,1629.0,0.0195535321087555
20250704,NI2512,122840.0,208.0,1852.0,0.015619917597551
20250704,NI2601,123000.0,413.0,1879.0,0.0175481386377565
20250704,NI2602,123180.0,37.0,154.0,0.0126577154825029
20250704,NI2603,123310.0,27.0,161.0,0.018475754227114
20250704,NI2604,123500.0,8.0,46.0,0.0135955343506049
20250704,NI2605,123640.0,41.0,177.0,0.0097016740671261
20250704,NI2606,123740.0,0.0,16.0,0.0
20250707,NI2507,120240.0,714.0,5562.0,0.0299028313221467
20250707,NI2508,120540.0,99191.0,69366.0,0.0139291948315474
20250707,NI2509,120680.0,26302.0,53430.0,0.0158993067313311
20250707,NI2510,120840.0,5941.0,14239.0,0.0148864924189829
20250707,NI2511,120990.0,566.0,1602.0,0.0257595871704737
20250707,NI2512,121250.0,440.0,1974.0,0.0197775075670659
20250707,NI2601,121450.0,396.0,1817.0,0.0148117690066206
20250707,NI2602,121600.0,23.0,154.0,-0.0088848673385548
20250707,NI2603,121510.0,20.0,158.0,0.0226927097430958
20250707,NI2604,121740.0,4.0,46.0,0.0511476184176112
20250707,NI2605,122260.0,37.0,184.0,0.0088303834572154
20250707,NI2606,122350.0,4.0,17.0,0.0
20250708,NI2507,120150.0,1764.0,5136.0,0.0219524425099855
20250708,NI2508,120370.0,88116.0,67223.0,0.0119571545224986
20250708,NI2509,120490.0,26076.0,54979.0,0.0119452519195976
20250708,NI2510,120610.0,6006.0,14144.0,0.0228618830798363
20250708,NI2511,120840.0,463.0,1648.0,0.0129026934394268
20250708,NI2512,120970.0,328.0,2090.0,0.0287330360619341
20250708,NI2601,121260.0,264.0,1887.0,0.0385328230313624
20250708,NI2602,121650.0,20.0,153.0,0.010845898606128
20250708,NI2603,121760.0,26.0,155.0,-0.0029570003024492
20250708,NI2604,121730.0,3.0,47.0,0.0599829167149665
20250708,NI2605,122340.0,49.0,204.0,0.0254756362523059
20250708,NI2606,122600.0,7.0,22.0,0.0
20250709,NI2507,119000.0,528.0,4662.0,0.0141093490681444
20250709,NI2508,119140.0,111063.0,72919.0,0.0090615434099911
20250709,NI2509,119230.0,35531.0,59027.0,0.0201122983475388
20250709,NI2510,119430.0,8407.0,14683.0,0.0170689900343509
20250709,NI2511,119600.0,713.0,1755.0,0.0190484187204985
20250709,NI2512,119790.0,526.0,2232.0,0.0230182298175261
20250709,NI2601,120020.0,887.0,2347.0,0.0149881363421
20250709,NI2602,120170.0,30.0,163.0,0.0189581380636341
20250709,NI2603,120360.0,19.0,163.0,0.0298730550092548
20250709,NI2604,120660.0,9.0,52.0,0.0238450152975766
20250709,NI2605,120900.0,128.0,283.0,-0.009929665440389
20250709,NI2606,120800.0,12.0,30.0,0.0
20250710,NI2507,120200.0,408.0,4680.0,0.0934785534203259
20250710,NI2508,121140.0,102155.0,65815.0,0.0128707573907916
20250710,NI2509,121270.0,32877.0,59202.0,0.0108798688681031
20250710,NI2510,121380.0,8857.0,14430.0,0.0197563429544085
20250710,NI2511,121580.0,585.0,1809.0,0.0157816889424244
20250710,NI2512,121740.0,419.0,2305.0,0.0108378840652425
20250710,NI2601,121850.0,927.0,2447.0,0.0255779732845838
20250710,NI2602,122110.0,44.0,185.0,0.0304257309359201
20250710,NI2603,122420.0,13.0,164.0,0.0146944791617995
20250710,NI2604,122570.0,5.0,54.0,0.0234738032306278
20250710,NI2605,122810.0,80.0,314.0,0.0263532579785791
20250710,NI2606,123080.0,15.0,35.0,0.0
20250711,NI2507,121300.0,54.0,4692.0,0.0089002435164934
20250711,NI2508,121390.0,101921.0,61527.0,0.0108691184506896
20250711,NI2509,121500.0,34539.0,58064.0,0.0177646220452104
20250711,NI2510,121680.0,8643.0,14238.0,0.0177383624317315
20250711,NI2511,121860.0,926.0,1779.0,0.0049226730804796
20250711,NI2512,121910.0,592.0,2250.0,0.0363651533469467
20250711,NI2601,122280.0,1345.0,2490.0,0.0078482671208278
20250711,NI2602,122360.0,34.0,184.0,0.0225352178904013
20250711,NI2603,122590.0,19.0,158.0,0.0146741142485781
20250711,NI2604,122740.0,7.0,52.0,0.0234413227724715
20250711,NI2605,122980.0,111.0,297.0,0.0224217133350402
20250711,NI2606,123210.0,24.0,45.0,0.0
20250714,NI2507,121700.0,114.0,4692.0,-0.059308193213219
20250714,NI2508,121100.0,80732.0,59940.0,0.0118851115691086
20250714,NI2509,121220.0,32662.0,61306.0,0.0138511022056527
20250714,NI2510,121360.0,8237.0,15332.0,0.0217337673635953
20250714,NI2511,121580.0,553.0,1881.0,0.0207092133413116
20250714,NI2512,121790.0,391.0,2299.0,0.0196898887395245
20250714,NI2601,121990.0,1137.0,2693.0,-0.0334920591733755
20250714,NI2602,121650.0,25.0,186.0,0.0659099086953035
20250714,NI2603,122320.0,15.0,160.0,0.0009809932562168
20250714,NI2604,122330.0,9.0,57.0,0.0440618992863042
20250714,NI2605,122780.0,65.0,322.0,0.0175795587718813
20250714,NI2606,122960.0,8.0,49.0,0.0
20250715,NI2507,118710.0,54.0,4698.0,0.0675376641007348
20250715,NI2508,119380.0,94219.0,62803.0,0.0140644637280393
20250715,NI2509,119520.0,52164.0,69857.0,0.0230701788782082
20250715,NI2510,119750.0,11132.0,17333.0,0.0160227012038076
20250715,NI2511,119910.0,1115.0,2221.0,0.0090033766884487
20250715,NI2512,120000.0,840.0,2524.0,0.0269696704857524
20250715,NI2601,120270.0,2241.0,3150.0,0.019938527474833
20250715,NI2602,120470.0,90.0,219.0,0.0089615404737448
20250715,NI2603,120560.0,52.0,167.0,0.0119383196714434
20250715,NI2604,120680.0,10.0,55.0,0.0268178731821121
20250715,NI2605,120950.0,190.0,338.0,0.0109086408900598
20250715,NI2606,121060.0,11.0,51.0,0.0
20250716,NI2508,120550.0,131554.0,54128.0,0.0159164410302675
20250716,NI2509,120710.0,70382.0,71801.0,0.0109303199707125
20250716,NI2510,120820.0,10774.0,16865.0,0.0148889551339402
20250716,NI2511,120970.0,1083.0,2254.0,0.0227939119614856
20250716,NI2512,121200.0,568.0,2422.0,0.0187971512939788
20250716,NI2601,121390.0,1947.0,3032.0,0.0049417288512891
20250716,NI2602,121440.0,35.0,214.0,0.0187600317963039
20250716,NI2603,121630.0,15.0,165.0,0.0059181326203631
20250716,NI2604,121690.0,5.0,55.0,0.0019720624530835
20250716,NI2605,121710.0,55.0,330.0,0.1099214359744484
20250716,NI2606,122830.0,4.0,51.0,0.0204986424759714
20250716,NI2607,123040.0,1.0,1.0,0.0
20250717,NI2508,119880.0,85829.0,53426.0,0.0090056289404901
20250717,NI2509,119970.0,56494.0,74948.0,0.0119970017490638
20250717,NI2510,120090.0,9611.0,18106.0,0.0239580813297498
20250717,NI2511,120330.0,1843.0,2816.0,0.0149495472181461
20250717,NI2512,120480.0,581.0,2592.0,0.0159256824967499
20250717,NI2601,120640.0,1675.0,3194.0,0.0178911654113897
20250717,NI2602,120820.0,25.0,224.0,0.0248046721086452
20250717,NI2603,121070.0,12.0,169.0,0.005945499708743
20250717,NI2604,121130.0,1.0,54.0,0.0326476972886204
20250717,NI2605,121460.0,105.0,373.0,-0.0455333384722587
20250717,NI2606,121000.0,12.0,42.0,0.0356494733224286
20250717,NI2607,121360.0,1.0,1.0,0.0
20250718,NI2508,120500.0,94302.0,50028.0,0.0079641615665983
20250718,NI2509,120580.0,68495.0,76227.0,0.0089533682909999
20250718,NI2510,120670.0,13219.0,19197.0,0.0119274423801307
20250718,NI2511,120790.0,3932.0,4454.0,0.016876941768429
20250718,NI2512,120960.0,1090.0,2559.0,0.0168532391698551
20250718,NI2601,121130.0,1873.0,3612.0,-0.0059454997087428
20250718,NI2602,121070.0,16.0,226.0,0.0148582296418815
20250718,NI2603,121220.0,13.0,173.0,0.0138511022056527
20250718,NI2604,121360.0,4.0,54.0,0.0631165163157578
20250718,NI2605,122000.0,149.0,438.0,0.0294719755184409
20250718,NI2606,122300.0,19.0,52.0,-0.1272462705979866
20250718,NI2607,121010.0,2.0,2.0,0.0
20250721,NI2508,122550.0,134799.0,41520.0,0.0146789009129307
20250721,NI2509,122700.0,116130.0,82046.0,0.0107531268651231
20250721,NI2510,122810.0,29383.0,25591.0,0.0185509170014966
20250721,NI2511,123000.0,5343.0,5162.0,0.0214442425680848
20250721,NI2512,123220.0,2104.0,2696.0,0.0155717783408147
20250721,NI2601,123380.0,6377.0,6435.0,0.0204073418418173
20250721,NI2602,123590.0,83.0,255.0,-0.0136010377254667
20250721,NI2603,123450.0,16.0,175.0,-0.0282227128186672
20250721,NI2604,123160.0,5.0,54.0,0.1086331376225636
20250721,NI2605,124280.0,259.0,513.0,0.011581149362789
20250721,NI2606,124400.0,31.0,64.0,0.009642427196198
20250721,NI2607,124500.0,16.0,10.0,0.0
20250722,NI2508,123530.0,109036.0,35618.0,0.0184428752177585
20250722,NI2509,123720.0,131577.0,91828.0,0.008726215388775
20250722,NI2510,123810.0,25839.0,29581.0,0.0232389324625178
20250722,NI2511,124050.0,2727.0,5475.0,0.0202972139728546
20250722,NI2512,124260.0,2702.0,3575.0,0.019298814066287
20250722,NI2601,124460.0,6522.0,8865.0,0.0192678268755934
20250722,NI2602,124660.0,298.0,379.0,0.0317244326571104
20250722,NI2603,124990.0,264.0,262.0,0.0067186564442569
20250722,NI2604,125060.0,116.0,130.0,0.0191754594973781
20250722,NI2605,125260.0,475.0,684.0,0.0468507825909803
20250722,NI2606,125750.0,50.0,105.0,0.0238331756595518
20250722,NI2607,126000.0,27.0,30.0,0.0
20250723,NI2508,123220.0,50882.0,26462.0,0.0145991339633832
20250723,NI2509,123370.0,133758.0,95734.0,0.0165242422125585
20250723,NI2510,123540.0,21007.0,31180.0,0.0223201714101344
20250723,NI2511,123770.0,2273.0,5541.0,0.017439047151222
20250723,NI2512,123950.0,1462.0,3753.0,0.0154801279227639
20250723,NI2601,124110.0,6058.0,9369.0,0.0077325818221365
20250723,NI2602,124190.0,48.0,373.0,0.0222034575231915
20250723,NI2603,124420.0,53.0,273.0,-0.0038585209335654
20250723,NI2604,124380.0,8.0,131.0,0.027946208173684
20250723,NI2605,124670.0,200.0,716.0,0.0432363652814085
20250723,NI2606,125120.0,10.0,109.0,-0.0297683503996629
20250723,NI2607,124810.0,30.0,31.0,0.0
20250724,NI2508,124160.0,36607.0,22999.0,0.0193143450677345
20250724,NI2509,124360.0,162621.0,98904.0,0.0154291245942524
20250724,NI2510,124520.0,26148.0,34159.0,0.0182963563109807
20250724,NI2511,124710.0,2429.0,5662.0,0.0221109615932158
20250724,NI2512,124940.0,1833.0,4030.0,0.0163167391666168
20250724,NI2601,125110.0,4935.0,10639.0,-0.0124755099404765
20250724,NI2602,124980.0,26.0,373.0,0.0153526328313803
20250724,NI2603,125140.0,27.0,267.0,0.0430742695178153
20250724,NI2604,125590.0,14.0,129.0,0.0372063739649709
20250724,NI2605,125980.0,178.0,766.0,0.0190355369865644
20250724,NI2606,126180.0,18.0,108.0,0.0133069320566786
20250724,NI2607,126320.0,2.0,31.0,0.0
20250725,NI2508,124210.0,31742.0,20227.0,0.0144828436134072
20250725,NI2509,124360.0,165710.0,99007.0,0.0125376744376973
20250725,NI2510,124490.0,30808.0,39643.0,0.0163756798441189
20250725,NI2511,124660.0,3261.0,5967.0,0.0240413591653606
20250725,NI2512,124910.0,1686.0,4341.0,0.027827768258163
20250725,NI2601,125200.0,6173.0,11177.0,0.0143683912596499
20250725,NI2602,125350.0,28.0,370.0,0.0248645291383116
20250725,NI2603,125610.0,57.0,262.0,0.017183773819431
20250725,NI2604,125790.0,25.0,133.0,0.0219212959575424
20250725,NI2605,126020.0,327.0,829.0,-0.0019046107491775
20250725,NI2606,126000.0,49.0,126.0,-0.0019049130923402
20250725,NI2607,125980.0,19.0,47.0,0.0
20250728,NI2508,121500.0,34157.0,13652.0,0.0118460029363266
20250728,NI2509,121620.0,297904.0,96124.0,0.0157765018615723
20250728,NI2510,121780.0,57559.0,42705.0,0.0118187796815742
20250728,NI2511,121900.0,6574.0,6969.0,0.0324417516233457
20250728,NI2512,122230.0,3267.0,4348.0,0.0225591631276444
20250728,NI2601,122460.0,11493.0,12580.0,0.0274062109337091
20250728,NI2602,122740.0,148.0,404.0,0.0166089991912626
20250728,NI2603,122910.0,156.0,294.0,0.0
20250728,NI2604,122910.0,20.0,142.0,0.0195106131916104
20250728,NI2605,123110.0,526.0,864.0,0.0136385791593101
20250728,NI2606,123250.0,55.0,149.0,0.0029205370687299
20250728,NI2607,123280.0,31.0,59.0,0.0
20250729,NI2508,121620.0,11380.0,9677.0,0.0177471070059959
20250729,NI2509,121800.0,119935.0,91177.0,0.0128010515565196
20250729,NI2510,121930.0,31637.0,46529.0,0.017702019273086
20250729,NI2511,122110.0,3060.0,7821.0,0.0255235698317558
20250729,NI2512,122370.0,851.0,4398.0,0.0225333780544117
20250729,NI2601,122600.0,4937.0,13076.0,0.0078277889272777
20250729,NI2602,122680.0,29.0,400.0,0.0195471618397341
20250729,NI2603,122880.0,26.0,292.0,0.0204903086741084
20250729,NI2604,123090.0,4.0,142.0,0.0204553805771316
20250729,NI2605,123300.0,199.0,856.0,0.031103208729944
20250729,NI2606,123620.0,31.0,156.0,0.0019412763934602
20250729,NI2607,123640.0,7.0,61.0,0.0
20250730,NI2508,121520.0,8877.0,7309.0,0.0197336008950355
20250730,NI2509,121720.0,153323.0,92635.0,0.0128094605093378
20250730,NI2510,121850.0,37933.0,49656.0,0.0206633645416047
20250730,NI2511,122060.0,5642.0,9725.0,0.0245529405950739
20250730,NI2512,122310.0,1344.0,4333.0,0.0264608706997677
20250730,NI2601,122580.0,6897.0,13519.0,0.0088073398448979
20250730,NI2602,122670.0,105.0,385.0,0.0195487540178302
20250730,NI2603,122870.0,49.0,291.0,0.0224417677311351
20250730,NI2604,123100.0,5.0,144.0,0.0292089393705563
20250730,NI2605,123400.0,168.0,875.0,0.0145778515599791
20250730,NI2606,123550.0,16.0,154.0,0.0009712273891419
20250730,NI2607,123560.0,21.0,69.0,0.0
20250731,NI2508,119000.0,6174.0,5803.0,0.083406942994751
20250731,NI2509,119830.0,143818.0,97451.0,0.017012053051449
20250731,NI2510,120000.0,41818.0,55692.0,0.0219798579476401
20250731,NI2511,120220.0,4523.0,10811.0,0.0199468131034301
20250731,NI2512,120420.0,1474.0,4520.0,0.0268757111220559
20250731,NI2601,120690.0,7529.0,14100.0,-0.0029832194062902
20250731,NI2602,120660.0,72.0,381.0,0.0516044460507279
20250731,NI2603,121180.0,69.0,276.0,0.0009902215626371
20250731,NI2604,121190.0,33.0,145.0,0.0592642574234771
20250731,NI2605,121790.0,248.0,898.0,-0.0019707669612368
20250731,NI2606,121770.0,25.0,159.0,0.0226443025720873
20250731,NI2607,122000.0,35.0,93.0,0.0
20250801,NI2508,119470.0,1237.0,5844.0,0.0300953175633958
20250801,NI2509,119770.0,106856.0,96880.0,0.0130179008886382
20250801,NI2510,119900.0,34709.0,58626.0,0.0259935117882718
20250801,NI2511,120160.0,3917.0,11345.0,0.0239441383067515
20250801,NI2512,120400.0,853.0,4648.0,0.0258856816547401
20250801,NI2601,120660.0,5095.0,14626.0,0.0139153498571876
20250801,NI2602,120800.0,24.0,384.0,0.0337273926250393
20250801,NI2603,121140.0,20.0,279.0,0.0306690467445643
20250801,NI2604,121450.0,10.0,145.0,0.0148117690066206
20250801,NI2605,121600.0,180.0,929.0,0.0256305034593798
20250801,NI2606,121860.0,2.0,160.0,0.0059069654158552
20250801,NI2607,121920.0,14.0,101.0,0.0
20250804,NI2508,120490.0,516.0,5622.0,0.0139349717052865
20250804,NI2509,120630.0,120522.0,95467.0,0.009943653204044
20250804,NI2510,120730.0,36832.0,61105.0,0.0139072863248344
20250804,NI2511,120870.0,5089.0,11803.0,0.026775764177227
20250804,NI2512,121140.0,2413.0,5712.0,0.0306690467445643
20250804,NI2601,121450.0,6718.0,15229.0,0.0296052781742129
20250804,NI2602,121750.0,27.0,392.0,0.0029565146127457
20250804,NI2603,121780.0,18.0,271.0,-0.000985423938144
20250804,NI2604,121770.0,10.0,149.0,0.0668251665511292
20250804,NI2605,122450.0,107.0,950.0,0.0225186701744888
20250804,NI2606,122680.0,8.0,163.0,-0.044097881482552
20250804,NI2607,122230.0,3.0,100.0,0.0
20250805,NI2508,120800.0,858.0,5040.0,0.0109221802252903
20250805,NI2509,120910.0,84818.0,90543.0,0.0148778793286286
20250805,NI2510,121060.0,23801.0,60753.0,0.0168393275394096
20250805,NI2511,121230.0,2880.0,12076.0,0.0237330114442492
20250805,NI2512,121470.0,462.0,5679.0,0.0276293190062363
20250805,NI2601,121750.0,3670.0,15271.0,-0.0009856667630489
20250805,NI2602,121740.0,6.0,391.0,0.0226498774724217
20250805,NI2603,121970.0,10.0,268.0,0.0304606100098411
20250805,NI2604,122280.0,2.0,150.0,0.0548303825998545
20250805,NI2605,122840.0,61.0,943.0,-0.0058627148792561
20250805,NI2606,122780.0,15.0,161.0,0.0439007034081783
20250805,NI2607,123230.0,8.0,100.0,0.0
20250806,NI2508,120790.0,1452.0,5130.0,0.027784681229543
20250806,NI2509,121070.0,87840.0,86052.0,0.009907530285386
20250806,NI2510,121170.0,30710.0,62578.0,0.0158350538442066
20250806,NI2511,121330.0,5020.0,12560.0,0.0217391363802098
20250806,NI2512,121550.0,972.0,5899.0,0.0364726941144459
20250806,NI2601,121920.0,5037.0,15717.0,0.0245811057315877
20250806,NI2602,122170.0,9.0,389.0,0.0166864367814041
20250806,NI2603,122340.0,12.0,264.0,0.0333034251795831
20250806,NI2604,122680.0,4.0,150.0,0.0312601935163997
20250806,NI2605,123000.0,132.0,987.0,0.0272860276733129
20250806,NI2606,123280.0,7.0,164.0,-0.0097378890355578
20250806,NI2607,123180.0,6.0,99.0,0.0
20250807,NI2508,121650.0,426.0,5190.0,0.0197125301002044
20250807,NI2509,121850.0,96611.0,81103.0,0.0098441350885688
20250807,NI2510,121950.0,41197.0,64197.0,0.015733838196014
20250807,NI2511,122110.0,6928.0,13562.0,0.0235621445250019
20250807,NI2512,122350.0,1004.0,5886.0,0.0264522293503339
20250807,NI2601,122620.0,5901.0,15979.0,0.0156479239777018
20250807,NI2602,122780.0,13.0,388.0,0.0156275457541581
20250807,NI2603,122940.0,7.0,262.0,-0.0263833012104329
20250807,NI2604,122670.0,4.0,151.0,0.0848060066771082
20250807,NI2605,123540.0,88.0,979.0,0.0087389250129923
20250807,NI2606,123630.0,2.0,164.0,0.0358599790344142
20250807,NI2607,124000.0,17.0,97.0,0.0
20250808,NI2508,120950.0,510.0,5064.0,0.0227976775296821
20250808,NI2509,121180.0,74864.0,78955.0,0.0158337479677066
20250808,NI2510,121340.0,30818.0,66578.0,0.0177880292803868
20250808,NI2511,121520.0,5145.0,14257.0,0.02761796385935
20250808,NI2512,121800.0,682.0,5891.0,0.0246052987580687
20250808,NI2601,122050.0,4324.0,16749.0,0.0216110078055554
20250808,NI2602,122270.0,9.0,386.0,0.0274487498162753
20250808,NI2603,122550.0,8.0,261.0,0.0449585148788639
20250808,NI2604,123010.0,1.0,150.0,0.0039014874764544
20250808,NI2605,123050.0,123.0,1002.0,0.0272749528899811
20250808,NI2606,123330.0,23.0,166.0,-0.0321520104657512
20250808,NI2607,123000.0,11.0,104.0,0.0
20250811,NI2508,121900.0,72.0,5022.0,0.0226201763492571
20250811,NI2509,122130.0,112549.0,77193.0,0.0147293500756385
20250811,NI2510,122280.0,50613.0,70237.0,0.0166714365065157
20250811,NI2511,122450.0,9071.0,15486.0,0.0225186701744888
20250811,NI2512,122680.0,1304.0,6125.0,0.0351619981353968
20250811,NI2601,123040.0,8252.0,17355.0,0.0224107896731303
20250811,NI2602,123270.0,32.0,390.0,0.0379055108039356
20250811,NI2603,123660.0,31.0,251.0,0.0339161206110997
20250811,NI2604,124010.0,8.0,149.0,0.0
20250811,NI2605,124010.0,334.0,1184.0,0.0559936655530916
20250811,NI2606,124590.0,19.0,164.0,0.01251454126499
20250811,NI2607,124720.0,23.0,99.0,0.0
20250812,NI2508,122360.0,90.0,4992.0,0.0078431375341081
20250812,NI2509,122440.0,96355.0,73889.0,0.0127341753103432
20250812,NI2510,122570.0,41223.0,71370.0,0.0166320192945258
20250812,NI2511,122740.0,8940.0,16949.0,0.0273437618312551
20250812,NI2512,123020.0,1439.0,6225.0,0.0272815966809172
20250812,NI2601,123300.0,6447.0,17934.0,0.0252774945609887
20250812,NI2602,123560.0,12.0,390.0,0.05039580981483
20250812,NI2603,124080.0,19.0,246.0,0.0135320191544815
20250812,NI2604,124220.0,7.0,151.0,0.0057947687242758
20250812,NI2605,124280.0,203.0,1195.0,0.0750784513716616
20250812,NI2606,125060.0,40.0,168.0,0.0115089522888435
20250812,NI2607,125180.0,11.0,101.0,0.0
20250813,NI2508,122480.0,258.0,5094.0,-0.0137243704201146
20250813,NI2509,122340.0,89510.0,70930.0,0.0127445786253257
20250813,NI2510,122470.0,39156.0,69795.0,0.0195806521375764
20250813,NI2511,122670.0,7475.0,17707.0,0.0283353142281562
20250813,NI2512,122960.0,1193.0,6367.0,0.0224253569225088
20250813,NI2601,123190.0,6579.0,18395.0,0.0301593251297908
20250813,NI2602,123500.0,26.0,387.0,0.0300837163748187
20250813,NI2603,123810.0,24.0,247.0,0.0184011980692409
20250813,NI2604,124000.0,4.0,149.0,0.0338232557325228
20250813,NI2605,124350.0,70.0,1183.0,0.0260272423999473
20250813,NI2606,124620.0,13.0,163.0,0.0077009468389772
20250813,NI2607,124700.0,4.0,101.0,0.0
20250814,NI2508,121000.0,120.0,5190.0,0.0198183364616752
20250814,NI2509,121200.0,102257.0,66437.0,0.0138533865472533
20250814,NI2510,121340.0,50708.0,69356.0,0.0187754804226851
20250814,NI2511,121530.0,9439.0,18863.0,0.0286007943075561
20250814,NI2512,121820.0,1337.0,6567.0,0.0275500284998439
20250814,NI2601,122100.0,7150.0,18561.0,0.0157145218070437
20250814,NI2602,122260.0,47.0,402.0,0.0303884490299344
20250814,NI2603,122570.0,23.0,245.0,0.0663902108367083
20250814,NI2604,123250.0,7.0,150.0,-0.0468255207606115
20250814,NI2605,122770.0,221.0,1181.0,0.0711416385034005
20250814,NI2606,123500.0,10.0,168.0,0.0765166642726599
20250814,NI2607,124290.0,12.0,107.0,0.0
20250815,NI2508,120400.0,138.0,5304.0,0.0199170170203736
20250815,NI2509,120600.0,87649.0,66327.0,0.0169035119303864
20250815,NI2510,120770.0,56909.0,78889.0,0.0198560482136762
20250815,NI2511,120970.0,7707.0,20687.0,0.0237839701279643
20250815,NI2512,121210.0,2597.0,7588.0,0.0257128827571049
20250815,NI2601,121470.0,6409.0,19814.0,0.0157959710179868
20250815,NI2602,121630.0,33.0,396.0,0.0443150148696217
20250815,NI2603,122080.0,23.0,252.0,0.0274914209586691
20250815,NI2604,122360.0,10.0,154.0,0.0225352178904013
20250815,NI2605,122590.0,88.0,1195.0,0.0342117284635273
20250815,NI2606,122940.0,14.0,165.0,0.0156072205385341
20250815,NI2607,123100.0,10.0,113.0,0.0
20250818,NI2509,120340.0,78139.0,62507.0,0.0119601338804327
20250818,NI2510,120460.0,65609.0,83896.0,0.0258728021282217
20250818,NI2511,120720.0,10332.0,21234.0,0.0228410711573137
20250818,NI2512,120950.0,1207.0,7893.0,0.0247780389501343
20250818,NI2601,121200.0,7144.0,21370.0,0.0306538834236762
20250818,NI2602,121510.0,95.0,443.0,0.0315607973495488
20250818,NI2603,121830.0,45.0,259.0,0.082454312140133
20250818,NI2604,122670.0,38.0,172.0,-0.020560523938227
20250818,NI2605,122460.0,361.0,1385.0,0.0068574229385599
20250818,NI2606,122530.0,32.0,175.0,0.0342284572560834
20250818,NI2607,122880.0,21.0,124.0,0.0380256259687924
20250818,NI2608,123270.0,5.0,3.0,0.0
20250819,NI2509,120330.0,63677.0,55967.0,0.0119611273297088
20250819,NI2510,120450.0,63118.0,86630.0,0.026869024784556
20250819,NI2511,120720.0,10157.0,23930.0,0.0278007736457712
20250819,NI2512,121000.0,3505.0,9640.0,0.0277365155678449
20250819,NI2601,121280.0,7283.0,23447.0,0.0316205716560603
20250819,NI2602,121600.0,46.0,451.0,0.0246457264697838
20250819,NI2603,121850.0,9.0,258.0,0.0383465441639415
20250819,NI2604,122240.0,2.0,173.0,0.0166768880305275
20250819,NI2605,122410.0,165.0,1434.0,0.0235044554049266
20250819,NI2606,122650.0,19.0,177.0,0.0507689309867344
20250819,NI2607,123170.0,4.0,123.0,0.0340508558768771
20250819,NI2608,123520.0,20.0,5.0,0.0
20250820,NI2509,119930.0,63676.0,50856.0,0.0130005429608091
20250820,NI2510,120060.0,77982.0,93301.0,0.0239640618832335
20250820,NI2511,120300.0,11605.0,24257.0,0.020929368704007
20250820,NI2512,120510.0,1746.0,9808.0,0.023874665920579
20250820,NI2601,120750.0,7544.0,23376.0,0.018867147748617
20250820,NI2602,120940.0,95.0,457.0,0.0406125279305213
20250820,NI2603,121350.0,28.0,258.0,-0.0178129671501502
20250820,NI2604,121170.0,6.0,175.0,0.0819183178779039
20250820,NI2605,122000.0,257.0,1406.0,0.0019670518853968
20250820,NI2606,122020.0,25.0,194.0,0.0490717948904181
20250820,NI2607,122520.0,7.0,124.0,0.0469208808941164
20250820,NI2608,123000.0,10.0,12.0,0.0
20250821,NI2509,119700.0,35754.0,42375.0,0.0130255095659728
20250821,NI2510,119830.0,90715.0,102385.0,0.0200116781139376
20250821,NI2511,120030.0,14041.0,26809.0,0.0259653896247346
20250821,NI2512,120290.0,2094.0,10080.0,0.026904723747106
20250821,NI2601,120560.0,5534.0,23681.0,0.0198906062447765
20250821,NI2602,120760.0,67.0,467.0,0.0456236602140112
20250821,NI2603,121220.0,26.0,263.0,0.0316362022088424
20250821,NI2604,121540.0,3.0,178.0,0.0226871137404821
20250821,NI2605,121770.0,139.0,1428.0,0.0255947594979846
20250821,NI2606,122030.0,40.0,223.0,0.0529845505119067
20250821,NI2607,122570.0,5.0,125.0,0.0264048026345734
20250821,NI2608,122840.0,3.0,13.0,0.0
20250822,NI2509,119460.0,25736.0,39059.0,0.0150583530865619
20250822,NI2510,119610.0,111254.0,111421.0,0.0190468274397075
20250822,NI2511,119800.0,16361.0,30143.0,0.0250156438309602
20250822,NI2512,120050.0,1477.0,10170.0,0.0249636037604524
20250822,NI2601,120300.0,7053.0,25473.0,0.0288928696184166
20250822,NI2602,120590.0,61.0,484.0,0.0208790806225599
20250822,NI2603,120800.0,27.0,271.0,0.0357084078998638
20250822,NI2604,121160.0,2.0,180.0,0.0336273194587997
20250822,NI2605,121500.0,264.0,1510.0,0.0266370808597537
20250822,NI2606,121770.0,20.0,231.0,0.0118197497859489
20250822,NI2607,121890.0,38.0,144.0,0.0265519469115826
20250822,NI2608,122160.0,20.0,28.0,0.0
20250825,NI2509,120070.0,33198.0,30548.0,0.0239620680336791
20250825,NI2510,120310.0,119179.0,110337.0,0.0139558081853657
20250825,NI2511,120450.0,17204.0,33507.0,0.0328317578264981
20250825,NI2512,120780.0,2634.0,10632.0,0.0267956940517486
20250825,NI2601,121050.0,8519.0,26799.0,0.0168407176688565
20250825,NI2602,121220.0,181.0,545.0,0.0671275195690427
20250825,NI2603,121900.0,56.0,296.0,0.013773880334916
20250825,NI2604,122040.0,7.0,183.0,0.0088462960143402
20250825,NI2605,122130.0,486.0,1686.0,0.0382587693789274
20250825,NI2606,122520.0,121.0,341.0,0.0088116513566543
20250825,NI2607,122610.0,6.0,147.0,0.0556573681752188
20250825,NI2608,123180.0,19.0,37.0,0.0
20250826,NI2509,120180.0,16990.0,23410.0,0.0189565618303388
20250826,NI2510,120370.0,88775.0,109267.0,0.0109611799192789
20250826,NI2511,120480.0,20085.0,40941.0,0.0218923686228297
20250826,NI2512,120700.0,6451.0,13041.0,0.0238371208989709
20250826,NI2601,120940.0,7754.0,27021.0,0.0356671332592517
20250826,NI2602,121300.0,117.0,565.0,0.0286549602998689
20250826,NI2603,121590.0,38.0,298.0,0.0276020823250105
20250826,NI2604,121870.0,4.0,186.0,0.0196769741555684
20250826,NI2605,122070.0,239.0,1784.0,0.0157183812895562
20250826,NI2606,122230.0,18.0,338.0,0.0577842373449802
20250826,NI2607,122820.0,10.0,144.0,0.0302500668423242
20250826,NI2608,123130.0,13.0,45.0,0.0
20250827,NI2509,121550.0,23587.0,14856.0,0.0207143202149204
20250827,NI2510,121760.0,196852.0,98903.0,0.0128052546524314
20250827,NI2511,121890.0,41215.0,48196.0,0.0147583341686868
20250827,NI2512,122040.0,10374.0,15978.0,0.028481414524273
20250827,NI2601,122330.0,13295.0,25427.0,0.0196030428303631
20250827,NI2602,122530.0,100.0,560.0,0.0264134130202435
20250827,NI2603,122800.0,53.0,293.0,0.0399984110824168
20250827,NI2604,123210.0,20.0,178.0,0.0087623224046602
20250827,NI2605,123300.0,362.0,1796.0,0.0175054735639184
20250827,NI2606,123480.0,72.0,349.0,0.0871463525014163
20250827,NI2607,124380.0,34.0,121.0,-0.0493052053156165
20250827,NI2608,123870.0,19.0,48.0,0.0
20250828,NI2509,120770.0,7820.0,11219.0,0.0218398471932305
20250828,NI2510,120990.0,129831.0,92205.0,0.011895911754872
20250828,NI2511,121110.0,28766.0,50279.0,0.0188111090045445
20250828,NI2512,121300.0,8506.0,19199.0,0.0197693619671847
20250828,NI2601,121500.0,12028.0,27317.0,0.0197368465545389
20250828,NI2602,121700.0,145.0,575.0,0.030528103125136
20250828,NI2603,122010.0,191.0,385.0,0.0216180864231421
20250828,NI2604,122230.0,11.0,177.0,0.0333333547668284
20250828,NI2605,122570.0,377.0,1835.0,0.0293350863168743
20250828,NI2606,122870.0,67.0,373.0,0.0107382557501244
20250828,NI2607,122980.0,13.0,120.0,0.029237405838439
20250828,NI2608,123280.0,11.0,51.0,0.0
20250829,NI2509,121450.0,13590.0,7710.0,0.024676134543601
20250829,NI2510,121700.0,136812.0,89621.0,0.0157661379224012
20250829,NI2511,121860.0,34180.0,55532.0,0.0177121803374481
20250829,NI2512,122040.0,8377.0,21666.0,0.0235756460899777
20250829,NI2601,122280.0,8583.0,27260.0,0.0176513883260949
20250829,NI2602,122460.0,116.0,598.0,0.0274062109337091
20250829,NI2603,122740.0,39.0,392.0,-0.0411328240817288
20250829,NI2604,122320.0,8.0,182.0,0.1132636561578197
20250829,NI2605,123480.0,354.0,1916.0,0.0048581029771649
20250829,NI2606,123530.0,103.0,446.0,0.0223219765930611
20250829,NI2607,123760.0,13.0,124.0,-0.0592929803791649
20250829,NI2608,123150.0,8.0,47.0,0.0
20250901,NI2509,123220.0,2292.0,7008.0,0.0223780824571663
20250901,NI2510,123450.0,171897.0,91963.0,0.0126300460997404
20250901,NI2511,123580.0,46367.0,58103.0,0.0145566311166099
20250901,NI2512,123730.0,10037.0,23268.0,0.0126014794083652
20250901,NI2601,123860.0,15990.0,26210.0,0.0280633973311289
20250901,NI2602,124150.0,159.0,610.0,0.0057980352231206
20250901,NI2603,124210.0,115.0,396.0,0.038582140784085
20250901,NI2604,124610.0,25.0,185.0,0.0230898812520709
20250901,NI2605,124850.0,640.0,1941.0,0.0201672649604348
20250901,NI2606,125060.0,71.0,447.0,0.041189423796778
20250901,NI2607,125490.0,19.0,120.0,0.0038243964948045
20250901,NI2608,125530.0,6.0,50.0,0.0
20250902,NI2509,122220.0,810.0,6816.0,0.0303983819350284
20250902,NI2510,122530.0,128782.0,90762.0,0.019571071776742
20250902,NI2511,122730.0,39308.0,59946.0,0.0146573854793411
20250902,NI2512,122880.0,8579.0,24435.0,0.0146395040725864
20250902,NI2601,123030.0,10502.0,26240.0,0.0282524993504637
20250902,NI2602,123320.0,135.0,637.0,0.0272153040676896
20250902,NI2603,123600.0,72.0,426.0,0.0581114937094558
20250902,NI2604,124200.0,12.0,185.0,-0.0048318905424333
20250902,NI2605,124150.0,150.0,1952.0,0.0222106046588106
20250902,NI2606,124380.0,25.0,460.0,0.0385294920827636
20250902,NI2607,124780.0,6.0,121.0,0.02113860743593
20250902,NI2608,125000.0,18.0,55.0,0.0
20250903,NI2509,121450.0,330.0,6726.0,0.0335471358100506
20250903,NI2510,121790.0,125550.0,84729.0,0.0108334366584802
20250903,NI2511,121900.0,39927.0,59971.0,0.0226201763492571
20250903,NI2512,122130.0,7077.0,25535.0,0.0137479556772181
20250903,NI2601,122270.0,9983.0,26219.0,0.0274487498162753
20250903,NI2602,122550.0,200.0,673.0,0.0127227512631491
20250903,NI2603,122680.0,66.0,437.0,0.0449109628441591
20250903,NI2604,123140.0,45.0,210.0,0.0136352583455559
20250903,NI2605,123280.0,234.0,1992.0,0.025281591070713
20250903,NI2606,123540.0,32.0,467.0,0.0165015192838466
20250903,NI2607,123710.0,8.0,121.0,0.0387378272002764
20250903,NI2608,124110.0,22.0,63.0,0.0
20250904,NI2509,120650.0,282.0,6690.0,0.019875780941415
20250904,NI2510,120850.0,104598.0,82558.0,0.0138934848467339
20250904,NI2511,120990.0,34780.0,61118.0,0.0218001711484097
20250904,NI2512,121210.0,6316.0,25939.0,0.0187956017157281
20250904,NI2601,121400.0,9501.0,26332.0,0.0315893568404682
20250904,NI2602,121720.0,306.0,829.0,0.0285562027016712
20250904,NI2603,122010.0,50.0,446.0,0.0451571213514367
20250904,NI2604,122470.0,40.0,194.0,-0.016668712080832
20250904,NI2605,122300.0,277.0,2057.0,0.0411395391098313
20250904,NI2606,122720.0,90.0,513.0,0.0205170007236429
20250904,NI2607,122930.0,12.0,120.0,0.0165833461338976
20250904,NI2608,123100.0,22.0,62.0,0.0
20250905,NI2509,121000.0,768.0,6636.0,0.0307044862330432
20250905,NI2510,121310.0,84018.0,82639.0,0.0148288522392163
20250905,NI2511,121460.0,25946.0,61624.0,0.0187569451212283
20250905,NI2512,121650.0,4893.0,26378.0,0.0275884841117006
20250905,NI2601,121930.0,7595.0,26920.0,0.0255612090750892
20250905,NI2602,122190.0,109.0,854.0,0.0206059169975373
20250905,NI2603,122400.0,40.0,458.0,0.032309406374294
20250905,NI2604,122730.0,14.0,195.0,0.0039103869999792
20250905,NI2605,122770.0,337.0,2137.0,0.0439042727241121
20250905,NI2606,123220.0,37.0,528.0,0.0116807277230649
20250905,NI2607,123340.0,15.0,126.0,0.0262401400366208
20250905,NI2608,123610.0,11.0,65.0,0.0
20250908,NI2509,121820.0,894.0,6636.0,0.031480588639802
20250908,NI2510,122140.0,92780.0,77473.0,0.0108024067199131
20250908,NI2511,122250.0,29626.0,60193.0,0.0225554759333629
20250908,NI2512,122480.0,5744.0,26304.0,0.0254465473382727
20250908,NI2601,122740.0,8354.0,27184.0,0.0185614886195847
20250908,NI2602,122930.0,245.0,932.0,0.0292492832493844
20250908,NI2603,123230.0,127.0,509.0,0.0194599896696653
20250908,NI2604,123430.0,29.0,193.0,0.0271910774268359
20250908,NI2605,123710.0,320.0,2137.0,0.0155101402964193
20250908,NI2606,123870.0,56.0,540.0,-0.0514543080331417
20250908,NI2607,123340.0,5.0,126.0,0.1123313560969866
20250908,NI2608,124500.0,15.0,70.0,0.0
20250909,NI2509,120520.0,360.0,6594.0,0.0179089660966247
20250909,NI2510,120700.0,100281.0,80837.0,0.0178822783319787
20250909,NI2511,120880.0,31466.0,62426.0,0.0228108668216991
20250909,NI2512,121110.0,6358.0,27328.0,0.0247453380878117
20250909,NI2601,121360.0,8144.0,28341.0,0.0256811358202424
20250909,NI2602,121620.0,158.0,953.0,0.0187322882388468
20250909,NI2603,121810.0,106.0,543.0,0.0324656889974534
20250909,NI2604,122140.0,20.0,200.0,-0.0029477994006988
20250909,NI2605,122110.0,438.0,2217.0,0.0539282682348865
20250909,NI2606,122660.0,47.0,546.0,0.0136885861824527
20250909,NI2607,122800.0,11.0,127.0,0.0224545483084257
20250909,NI2608,123030.0,12.0,67.0,0.0
20250910,NI2509,120600.0,348.0,6444.0,0.0248498742768829
20250910,NI2510,120850.0,75006.0,81612.0,0.0138934848467339
20250910,NI2511,120990.0,28058.0,66233.0,0.0168490632678007
20250910,NI2512,121160.0,5768.0,28222.0,0.0276999298593984
20250910,NI2601,121440.0,6556.0,28828.0,0.0296077130215034
20250910,NI2602,121740.0,214.0,1049.0,0.0078830681107234
20250910,NI2603,121820.0,30.0,547.0,0.0196850437844144
20250910,NI2604,122020.0,36.0,214.0,0.0245609811887082
20250910,NI2605,122270.0,405.0,2336.0,0.0225517899441953
20250910,NI2606,122500.0,27.0,550.0,0.0205538160440979
20250910,NI2607,122710.0,7.0,122.0,0.0263747104424065
20250910,NI2608,122980.0,7.0,72.0,0.0
20250911,NI2509,120050.0,228.0,6330.0,0.0568414242669406
20250911,NI2510,120620.0,87538.0,81691.0,0.0169007111321555
20250911,NI2511,120790.0,28373.0,69074.0,0.0158848372661905
20250911,NI2512,120950.0,7556.0,29832.0,0.0208169892360029
20250911,NI2601,121160.0,7445.0,29714.0,0.01682543885694
20250911,NI2602,121330.0,120.0,1038.0,0.0247005150815365
20250911,NI2603,121580.0,27.0,558.0,0.0197238703182197
20250911,NI2604,121780.0,8.0,219.0,0.0196915042545858
20250911,NI2605,121980.0,323.0,2428.0,0.0245690270503334
20250911,NI2606,122230.0,45.0,561.0,0.032354282437316
20250911,NI2607,122560.0,20.0,122.0,0.0029369773754606
20250911,NI2608,122590.0,12.0,74.0,0.0
20250912,NI2509,121800.0,132.0,6330.0,0.0177208991101632
20250912,NI2510,121980.0,145101.0,72640.0,0.0176947685047995
20250912,NI2511,122160.0,57664.0,67728.0,0.0137445813929952
20250912,NI2512,122300.0,14320.0,30987.0,0.0225462632187412
20250912,NI2601,122530.0,13327.0,28950.0,0.02739057193125
20250912,NI2602,122810.0,301.0,1073.0,0.0146478432965719
20250912,NI2603,122960.0,77.0,532.0,0.0126803507023672
20250912,NI2604,123090.0,20.0,221.0,0.0155882136071411
20250912,NI2605,123250.0,512.0,2383.0,0.0330578721461362
20250912,NI2606,123590.0,46.0,561.0,-0.0058271286350611
20250912,NI2607,123530.0,14.0,127.0,0.0378258547186891
20250912,NI2608,123920.0,35.0,91.0,0.0
20250915,NI2509,122500.0,294.0,6342.0,0.0078341768736472
20250915,NI2510,122580.0,102679.0,70610.0,0.0234718901240089
20250915,NI2511,122820.0,41334.0,69751.0,0.0156224594888449
20250915,NI2512,122980.0,9214.0,31961.0,0.020473661382708
20250915,NI2601,123190.0,9329.0,28682.0,0.0126566885288026
20250915,NI2602,123320.0,273.0,1039.0,0.0194457991021969
20250915,NI2603,123520.0,62.0,535.0,0.0320168359068297
20250915,NI2604,123850.0,7.0,217.0,0.0077488096969711
20250915,NI2605,123930.0,575.0,2397.0,0.0261153530711453
20250915,NI2606,124200.0,32.0,557.0,0.0289505568646071
20250915,NI2607,124500.0,12.0,125.0,0.0384924147212356
20250915,NI2608,124900.0,30.0,97.0,0.0
20250916,NI2510,122610.0,104592.0,66538.0,0.0195583125359655
20250916,NI2511,122810.0,49784.0,70871.0,0.0146478432965719
20250916,NI2512,122960.0,10807.0,33073.0,0.0185283040344778
20250916,NI2601,123150.0,13603.0,29573.0,0.0116873639625731
20250916,NI2602,123270.0,324.0,1146.0,0.0223690140552466
20250916,NI2603,123500.0,190.0,596.0,0.0145660547927209
20250916,NI2604,123650.0,22.0,211.0,0.0445593020880553
20250916,NI2605,124110.0,601.0,2364.0,0.0048334475217449
20250916,NI2606,124160.0,124.0,527.0,-0.0145061870427312
20250916,NI2607,124010.0,8.0,123.0,0.0502133186205119
20250916,NI2608,124530.0,21.0,97.0,-0.0192879572185303
20250916,NI2609,124330.0,3.0,2.0,0.0
20250917,NI2510,121790.0,90734.0,58829.0,0.0196898887395245
20250917,NI2511,121990.0,52643.0,72022.0,0.0186755167316951
20250917,NI2512,122180.0,10004.0,33927.0,0.0186464973114712
20250917,NI2601,122370.0,9469.0,30077.0,0.0293829725650058
20250917,NI2602,122670.0,143.0,1174.0,0.0224783223279429
20250917,NI2603,122900.0,52.0,610.0,-0.0126999645508869
20250917,NI2604,122770.0,12.0,205.0,0.0555850004471777
20250917,NI2605,123340.0,294.0,2379.0,0.0174998005574318
20250917,NI2606,123520.0,78.0,532.0,-0.0379485416602306
20250917,NI2607,123130.0,11.0,123.0,0.0670582834356707
20250917,NI2608,123820.0,18.0,98.0,0.0406353689921466
20250917,NI2609,124240.0,7.0,7.0,0.0
20250918,NI2510,120940.0,81612.0,55044.0,0.0168560242547078
20250918,NI2511,121110.0,55541.0,72646.0,0.0227675877743109
20250918,NI2512,121340.0,13289.0,35724.0,0.0138374119607539
20250918,NI2601,121480.0,9287.0,30412.0,0.0345238822652167
20250918,NI2602,121830.0,129.0,1179.0,0.0059084196171483
20250918,NI2603,121890.0,153.0,676.0,0.0402965283045798
20250918,NI2604,122300.0,23.0,206.0,0.0147088884606004
20250918,NI2605,122450.0,269.0,2396.0,0.0117541434587655
20250918,NI2606,122570.0,45.0,541.0,0.0224966443196203
20250918,NI2607,122800.0,14.0,120.0,0.0302549873577786
20250918,NI2608,123110.0,26.0,93.0,0.0185057461293006
20250918,NI2609,123300.0,9.0,14.0,0.0
20250919,NI2510,121500.0,62653.0,50421.0,0.0226945756908214
20250919,NI2511,121730.0,46629.0,72964.0,0.0187153742019728
20250919,NI2512,121920.0,12268.0,37398.0,0.0235988276644901
20250919,NI2601,122160.0,8454.0,30255.0,0.0235525100141842
20250919,NI2602,122400.0,83.0,1168.0,0.0029408160911795
20250919,NI2603,122430.0,83.0,665.0,0.0274129188315896
20250919,NI2604,122710.0,6.0,207.0,0.0195423868611958
20250919,NI2605,122910.0,259.0,2474.0,0.0399626734927223
20250919,NI2606,123320.0,28.0,544.0,0.0272153040676896
20250919,NI2607,123600.0,16.0,126.0,0.0261850025102177
20250919,NI2608,123870.0,6.0,97.0,-0.0310403535778734
20250919,NI2609,123550.0,7.0,14.0,0.0
20251027,NI2511,122060.0,31801.0,25153.0,0.0334261838440106
20251027,NI2512,122400.0,129533.0,108989.0,0.000176250275391
20251027,NI2601,122560.0,32800.0,58535.0,0.0166449086161879
20251027,NI2602,122730.0,5325.0,9254.0,0.0205328770471764
20251027,NI2603,122940.0,758.0,1939.0,0.0253782332845284
20251027,NI2604,123200.0,242.0,594.0,0.0272727272727264
20251027,NI2605,123480.0,1373.0,4581.0,0.0233236151603506
20251027,NI2606,123720.0,97.0,1048.0,0.0155189136760416
20251027,NI2607,123880.0,12.0,279.0,0.0329350984824028
20251027,NI2608,124220.0,13.0,260.0,0.0231846723554971
20251027,NI2609,124460.0,54.0,390.0,0.0057849911618177
20251027,NI2610,124520.0,0.0,20.0,0.0
20251028,NI2511,120300.0,20570.0,18392.0,0.0259351620947629
20251028,NI2512,120560.0,156296.0,115046.0,0.000201307754822
20251028,NI2601,120740.0,47198.0,65723.0,0.0218651648169627
20251028,NI2602,120960.0,12361.0,15269.0,0.0297619047619059
20251028,NI2603,121260.0,1986.0,2143.0,0.0286986640277087
20251028,NI2604,121550.0,399.0,645.0,0.0118469765528583
20251028,NI2605,121670.0,2783.0,5070.0,0.0286019561107915
20251028,NI2606,121960.0,210.0,1148.0,0.0029517874713009
20251028,NI2607,121990.0,62.0,285.0,0.0275432412492815
20251028,NI2608,122270.0,64.0,270.0,0.0264987323137324
20251028,NI2609,122540.0,100.0,432.0,0.0450465154235359
20251028,NI2610,123000.0,6.0,23.0,0.0
20251029,NI2511,121250.0,8313.0,15547.0,0.0287010309278352
20251029,NI2512,121540.0,109262.0,109686.0,0.0001664038102774
20251029,NI2601,121690.0,32232.0,66881.0,0.0226805818062292
20251029,NI2602,121920.0,9428.0,19012.0,0.0246062992125981
20251029,NI2603,122170.0,674.0,2240.0,0.0225914709012036
20251029,NI2604,122400.0,351.0,747.0,0.026470588235294
20251029,NI2605,122670.0,1864.0,5985.0,0.0078258742968948
20251029,NI2606,122750.0,126.0,1151.0,0.0371486761710784
20251029,NI2607,123130.0,23.0,284.0,0.020466173962478
20251029,NI2608,123340.0,21.0,274.0,0.0301605318631432
20251029,NI2609,123650.0,109.0,464.0,0.0339668418924379
20251029,NI2610,124000.0,22.0,31.0,0.0
20251030,NI2511,120660.0,4271.0,13952.0,0.0318249627051221
20251030,NI2512,120980.0,99113.0,107897.0,0.0001448841948061
20251030,NI2601,121110.0,27303.0,69646.0,0.0267525390141196
20251030,NI2602,121380.0,11064.0,23165.0,0.022738507167574
20251030,NI2603,121610.0,316.0,2219.0,0.019735219143163
20251030,NI2604,121810.0,311.0,756.0,0.0275839422050738
20251030,NI2605,122090.0,1441.0,5624.0,0.0147432222131209
20251030,NI2606,122240.0,58.0,1163.0,0.0274869109947646
20251030,NI2607,122520.0,19.0,282.0,0.0411361410381969
20251030,NI2608,122940.0,10.0,275.0,0.0009760858955578
20251030,NI2609,122950.0,48.0,471.0,0.0204961366409097
20251030,NI2610,123160.0,15.0,37.0,0.0
20251031,NI2511,120290.0,6050.0,12275.0,0.0299276747859336
20251031,NI2512,120590.0,98491.0,112517.0,0.0002124386560087
20251031,NI2601,120780.0,28695.0,73830.0,0.0139095876800796
20251031,NI2602,120920.0,9929.0,25397.0,0.0277869665894794
20251031,NI2603,121200.0,434.0,2293.0,0.0316831683168326
20251031,NI2604,121520.0,245.0,835.0,0.0227123107307436
20251031,NI2605,121750.0,1463.0,6075.0,0.0275975359342908
20251031,NI2606,122030.0,61.0,1179.0,0.0255674834057186
20251031,NI2607,122290.0,11.0,286.0,-0.0284569466023385
20251031,NI2608,122000.0,8.0,278.0,0.0747540983606569
20251031,NI2609,122760.0,95.0,499.0,0.0058651026392961
20251031,NI2610,122820.0,10.0,42.0,0.0
20251103,NI2511,120590.0,2207.0,12150.0,0.0358238659922038
20251103,NI2512,120950.0,97352.0,108671.0,0.0002563971554779
20251103,NI2601,121180.0,29509.0,74100.0,0.0178247235517412
20251103,NI2602,121360.0,9807.0,26727.0,0.0217534607778508
20251103,NI2603,121580.0,534.0,2352.0,0.02368810659648
20251103,NI2604,121820.0,336.0,854.0,0.0295517977343617
20251103,NI2605,122120.0,1424.0,6551.0,0.0127743203406476
20251103,NI2606,122250.0,149.0,1167.0,0.014723926380368
20251103,NI2607,122400.0,2.0,286.0,0.0245098039215685
20251103,NI2608,122650.0,14.0,277.0,0.03815735833673
20251103,NI2609,123040.0,35.0,501.0,0.0185305591677495
20251103,NI2610,123230.0,2.0,43.0,0.0
20251104,NI2511,119390.0,618.0,11946.0,0.031158388474747
20251104,NI2512,119700.0,122871.0,118460.0,0.0002703387682689
20251104,NI2601,119940.0,43033.0,80667.0,0.0230115057528772
20251104,NI2602,120170.0,12715.0,29601.0,0.0199717067487732
20251104,NI2603,120370.0,854.0,2584.0,0.024923153609702
20251104,NI2604,120620.0,322.0,901.0,0.0228817774830041
20251104,NI2605,120850.0,1595.0,7088.0,0.0198593297476206
20251104,NI2606,121050.0,112.0,1212.0,0.0148698884758369
20251104,NI2607,121200.0,16.0,294.0,0.0495049504950504
20251104,NI2608,121700.0,26.0,283.0,0.0157764995891529
20251104,NI2609,121860.0,142.0,572.0,0.0256031511570657
20251104,NI2610,122120.0,26.0,46.0,0.0
20251105,NI2511,119720.0,666.0,11820.0,0.0310725025058475
20251105,NI2512,120030.0,123448.0,115164.0,0.0002246629353897
20251105,NI2601,120230.0,48628.0,81953.0,0.0179655659985025
20251105,NI2602,120410.0,13172.0,31264.0,0.0289012540486677
20251105,NI2603,120700.0,1107.0,2956.0,0.0238608119304046
20251105,NI2604,120940.0,614.0,1076.0,0.0248056887712913
20251105,NI2605,121190.0,2335.0,7393.0,0.0138625299117096
20251105,NI2606,121330.0,234.0,1323.0,0.0276930684908922
20251105,NI2607,121610.0,15.0,300.0,0.0266425458432681
20251105,NI2608,121880.0,31.0,287.0,0.014768624876928
20251105,NI2609,122030.0,81.0,600.0,0.0609686142751781
20251105,NI2610,122650.0,1.0,47.0,0.0
20251106,NI2511,119480.0,1074.0,11802.0,0.0271175092065609
20251106,NI2512,119750.0,110740.0,118664.0,0.0002477070676268
20251106,NI2601,119970.0,37428.0,84262.0,0.0220055013753448
20251106,NI2602,120190.0,15200.0,32552.0,0.0259588984108489
20251106,NI2603,120450.0,1135.0,3094.0,0.0189290161892898
20251106,NI2604,120640.0,497.0,1232.0,0.0348143236074269
20251106,NI2605,120990.0,2067.0,7796.0,0.0168608975948423
20251106,NI2606,121160.0,120.0,1380.0,0.0198085176625957
20251106,NI2607,121360.0,25.0,303.0,0.0346077785102174
20251106,NI2608,121710.0,11.0,285.0,0.0226768548188305
20251106,NI2609,121940.0,73.0,630.0,0.0019681810726588
20251106,NI2610,121960.0,7.0,52.0,0.0
20251107,NI2511,119140.0,612.0,11838.0,0.0302165519556814
20251107,NI2512,119440.0,92050.0,121879.0,0.0001919068010264
20251107,NI2601,119610.0,37758.0,89924.0,0.019061951341861
20251107,NI2602,119800.0,11143.0,33616.0,0.0260434056761278
20251107,NI2603,120060.0,514.0,3255.0,0.0279860069965023
20251107,NI2604,120340.0,283.0,1271.0,0.0219378427787928
20251107,NI2605,120560.0,1223.0,8113.0,0.0159256801592579
20251107,NI2606,120720.0,82.0,1416.0,0.031809145129225
20251107,NI2607,121040.0,17.0,290.0,0.0128883013879708
20251107,NI2608,121170.0,27.0,282.0,0.015845506313445
20251107,NI2609,121330.0,167.0,673.0,0.0415396027363383
20251107,NI2610,121750.0,9.0,53.0,0.0
20251110,NI2511,119160.0,990.0,11172.0,0.0523665659617309
20251110,NI2512,119680.0,82864.0,117784.0,0.0001915219611848
20251110,NI2601,119850.0,34892.0,93638.0,0.0210262828535672
20251110,NI2602,120060.0,10062.0,34862.0,0.0269865067466277
20251110,NI2603,120330.0,301.0,3284.0,0.0189478932934417
20251110,NI2604,120520.0,172.0,1244.0,0.0308662462661786
20251110,NI2605,120830.0,1026.0,8216.0,0.0178763552097995
20251110,NI2606,121010.0,39.0,1423.0,0.017849764482273
20251110,NI2607,121190.0,17.0,287.0,0.0217839755755422
20251110,NI2608,121410.0,10.0,273.0,0.0227328885594273
20251110,NI2609,121640.0,110.0,643.0,0.0315685629727058
20251110,NI2610,121960.0,10.0,57.0,0.0
20251111,NI2511,119050.0,654.0,10782.0,0.0332633347333048
20251111,NI2512,119380.0,69912.0,114900.0,0.000169414634789
20251111,NI2601,119530.0,34007.0,96023.0,0.0210825734125332
20251111,NI2602,119740.0,8650.0,35481.0,0.0220477701686983
20251111,NI2603,119960.0,338.0,3323.0,0.0300100033344454
20251111,NI2604,120260.0,130.0,1254.0,0.0229502744054554
20251111,NI2605,120490.0,1587.0,8262.0,0.0258942650842382
20251111,NI2606,120750.0,45.0,1422.0,-0.0049689440993789
20251111,NI2607,120700.0,37.0,287.0,0.0507042253521126
20251111,NI2608,121210.0,17.0,266.0,0.0168302945301546
20251111,NI2609,121380.0,47.0,648.0,0.0425111220958962
20251111,NI2610,121810.0,3.0,60.0,0.0
20251112,NI2511,118300.0,96.0,10776.0,0.0415891800507175
20251112,NI2512,118710.0,98248.0,116829.0,0.0002044449744869
20251112,NI2601,118890.0,56242.0,102539.0,0.018168054504164
20251112,NI2602,119070.0,14498.0,38306.0,0.0262030738221206
20251112,NI2603,119330.0,853.0,3585.0,0.0291628257772567
20251112,NI2604,119620.0,285.0,1299.0,0.0230730647048984
20251112,NI2605,119850.0,2199.0,8755.0,0.0360450563204013
20251112,NI2606,120210.0,70.0,1465.0,0.0169703019715496
20251112,NI2607,120380.0,28.0,304.0,0.0169463366007631
20251112,NI2608,120550.0,5.0,266.0,0.02687681459975
20251112,NI2609,120820.0,72.0,679.0,0.0188710478397613
20251112,NI2610,121010.0,15.0,69.0,0.0
20251113,NI2511,118500.0,30.0,10764.0,0.0435443037974678
20251113,NI2512,118930.0,80848.0,112711.0,0.0001927297428286
20251113,NI2601,119100.0,46429.0,103608.0,0.0241813602015126
20251113,NI2602,119340.0,10837.0,40153.0,0.0180995475113121
20251113,NI2603,119520.0,715.0,3721.0,0.0240963855421689
20251113,NI2604,119760.0,233.0,1307.0,0.0260521042084169
20251113,NI2605,120020.0,1319.0,8922.0,0.0209965005832373
20251113,NI2606,120230.0,61.0,1472.0,0.032936870997255
20251113,NI2607,120560.0,18.0,292.0,0.0228931652289317
20251113,NI2608,120790.0,10.0,267.0,0.0089411375113837
20251113,NI2609,120880.0,42.0,681.0,0.0367306419589681
20251113,NI2610,121250.0,25.0,85.0,0.0
20251114,NI2511,117240.0,186.0,10752.0,-0.0163766632548618
20251114,NI2512,117080.0,118721.0,112249.0,0.0002303236431058
20251114,NI2601,117280.0,76488.0,111504.0,0.0235334242837641
20251114,NI2602,117510.0,18751.0,42212.0,0.0255297421496036
20251114,NI2603,117760.0,1366.0,3941.0,0.0336277173913037
20251114,NI2604,118090.0,533.0,1468.0,0.0274367008214069
20251114,NI2605,118360.0,3392.0,10066.0,0.0182494085839808
20251114,NI2606,118540.0,89.0,1487.0,0.0728867892694458
20251114,NI2607,119260.0,19.0,298.0,0.0261613281905077
20251114,NI2608,119520.0,10.0,265.0,-0.0281124497991971
20251114,NI2609,119240.0,206.0,754.0,0.0301912110030198
20251114,NI2610,119540.0,32.0,99.0,0.0
20251117,NI2511,116650.0,822.0,10650.0,0.0102871838834115
20251117,NI2512,116750.0,102915.0,107341.0,0.0002309746649664
20251117,NI2601,116950.0,68375.0,115990.0,0.0235998289867458
20251117,NI2602,117180.0,19012.0,43054.0,0.0256016385048649
20251117,NI2603,117430.0,967.0,4200.0,0.030656561355701
20251117,NI2604,117730.0,306.0,1528.0,0.0173277839123429
20251117,NI2605,117900.0,4965.0,11069.0,0.0315521628498727
20251117,NI2606,118210.0,140.0,1534.0,0.0334997039167577
20251117,NI2607,118540.0,79.0,311.0,0.0253079129407804
20251117,NI2608,118790.0,41.0,281.0,0.0212139068945189
20251117,NI2609,119000.0,383.0,1056.0,0.030252100840336
20251117,NI2610,119300.0,18.0,103.0,0.0
20251118,NI2512,114840.0,117416.0,99682.0,0.000187852958097
20251118,NI2601,115000.0,98924.0,133269.0,0.0229565217391298
20251118,NI2602,115220.0,29251.0,48744.0,0.0249956604756107
20251118,NI2603,115460.0,1871.0,4747.0,0.0301403083318909
20251118,NI2604,115750.0,725.0,1722.0,0.0279913606911446
20251118,NI2605,116020.0,5725.0,12495.0,0.0196517841751431
20251118,NI2606,116210.0,162.0,1596.0,0.0320110145426371
20251118,NI2607,116520.0,98.0,344.0,0.0267765190525226
20251118,NI2608,116780.0,23.0,277.0,0.0256893303647878
20251118,NI2609,117030.0,384.0,1320.0,0.0235836964880808
20251118,NI2610,117260.0,28.0,115.0,0.0521917107282972
20251118,NI2611,117770.0,11.0,10.0,0.0
20251119,NI2512,115650.0,82563.0,85012.0,0.0002098544135006
20251119,NI2601,115830.0,83609.0,140084.0,0.0155400155400151
20251119,NI2602,115980.0,19859.0,50195.0,0.0289705121572678
20251119,NI2603,116260.0,1119.0,4926.0,0.0278685704455519
20251119,NI2604,116530.0,514.0,1758.0,0.0205955547927567
20251119,NI2605,116730.0,3129.0,12737.0,0.0133641737342591
20251119,NI2606,116860.0,107.0,1618.0,0.0246448742084544
20251119,NI2607,117100.0,27.0,351.0,0.0348420153714768
20251119,NI2608,117440.0,12.0,279.0,0.033719346049045
20251119,NI2609,117770.0,125.0,1304.0,0.0132461577651366
20251119,NI2610,117900.0,21.0,119.0,0.0386768447837146
20251119,NI2611,118280.0,6.0,11.0,0.0
20251120,NI2512,115250.0,67909.0,71243.0,0.000152087547832
20251120,NI2601,115380.0,124692.0,152848.0,0.0208008320332826
20251120,NI2602,115580.0,25302.0,52430.0,0.0373767087731433
20251120,NI2603,115940.0,1975.0,5571.0,0.0289805071588755
20251120,NI2604,116220.0,253.0,1742.0,0.0134228187919465
20251120,NI2605,116350.0,3829.0,13176.0,0.0268156424581018
20251120,NI2606,116610.0,280.0,1746.0,0.0442500643169552
20251120,NI2607,117040.0,23.0,348.0,0.01332877648667
20251120,NI2608,117170.0,26.0,267.0,0.0204830588034488
20251120,NI2609,117370.0,90.0,1297.0,0.0439635341228585
20251120,NI2610,117800.0,28.0,123.0,0.084550084889643
20251120,NI2611,118630.0,24.0,21.0,0.0
20251121,NI2512,113890.0,49358.0,61112.0,0.0001894199113869
20251121,NI2601,114050.0,138203.0,160660.0,0.0189390618149944
20251121,NI2602,114230.0,26046.0,55610.0,0.0304648516151626
20251121,NI2603,114520.0,3219.0,7057.0,0.0293398533007342
20251121,NI2604,114800.0,1020.0,2263.0,0.0240418118466889
20251121,NI2605,115030.0,4788.0,13902.0,0.0219073285229933
20251121,NI2606,115240.0,188.0,1853.0,0.0270739326622706
20251121,NI2607,115500.0,140.0,431.0,0.0249350649350654
20251121,NI2608,115740.0,51.0,271.0,0.0269569725246237
20251121,NI2609,116000.0,214.0,1404.0,0.0320689655172401
20251121,NI2610,116310.0,37.0,132.0,0.1031725561000787
20251121,NI2611,117310.0,9.0,26.0,0.0
20251124,NI2512,115320.0,46750.0,50515.0,0.0002455307556501
20251124,NI2601,115530.0,148534.0,147554.0,0.0186964424824713
20251124,NI2602,115710.0,30979.0,59941.0,0.0280010370754464
20251124,NI2603,115980.0,3635.0,7545.0,0.0237972064148994
20251124,NI2604,116210.0,503.0,2271.0,0.0330436279149823
20251124,NI2605,116530.0,4081.0,14304.0,0.0113275551360176
20251124,NI2606,116640.0,116.0,1840.0,0.0370370370370372
20251124,NI2607,117000.0,24.0,438.0,0.0246153846153855
20251124,NI2608,117240.0,16.0,269.0,0.0163766632548618
20251124,NI2609,117400.0,80.0,1391.0,0.0408858603066439
20251124,NI2610,117800.0,20.0,139.0,0.0458404074702887
20251124,NI2611,118250.0,22.0,43.0,0.0
20251125,NI2512,115940.0,35380.0,38299.0,0.0002558471739547
20251125,NI2601,116160.0,116438.0,141215.0,0.0175619834710731
20251125,NI2602,116330.0,25315.0,62991.0,0.0237256081836143
20251125,NI2603,116560.0,3517.0,8770.0,0.0298558682223744
20251125,NI2604,116850.0,375.0,2378.0,0.0215661103979449
20251125,NI2605,117060.0,2954.0,14632.0,0.0297283444387481
20251125,NI2606,117350.0,99.0,1886.0,0.0245419684703875
20251125,NI2607,117590.0,122.0,521.0,0.0214303937409656
20251125,NI2608,117800.0,11.0,268.0,0.0193548387096784
20251125,NI2609,117990.0,111.0,1444.0,0.0315280956013213
20251125,NI2610,118300.0,31.0,150.0,0.0334742180896023
20251125,NI2611,118630.0,23.0,51.0,0.0
20251126,NI2512,117030.0,33161.0,28329.0,0.0002649853537986
20251126,NI2601,117260.0,176566.0,128268.0,0.0173972369094324
20251126,NI2602,117430.0,46927.0,59041.0,0.0183939368134211
20251126,NI2603,117610.0,8117.0,11129.0,0.0255080350310343
20251126,NI2604,117860.0,1950.0,3090.0,0.0264720855251994
20251126,NI2605,118120.0,4181.0,14391.0,0.027429732475448
20251126,NI2606,118390.0,350.0,2084.0,0.0212855815524957
20251126,NI2607,118600.0,71.0,534.0,0.0607082630691389
20251126,NI2608,119200.0,26.0,255.0,-0.0130872483221482
20251126,NI2609,119070.0,265.0,1584.0,0.0262030738221206
20251126,NI2610,119330.0,44.0,136.0,0.0291628257772567
20251126,NI2611,119620.0,13.0,58.0,0.0
20251127,NI2512,116710.0,17240.0,21827.0,0.0002195011355332
20251127,NI2601,116900.0,97221.0,127765.0,0.0215568862275441
20251127,NI2602,117110.0,26336.0,59916.0,0.0215182307232506
20251127,NI2603,117320.0,6613.0,13820.0,0.028639618138424
20251127,NI2604,117600.0,1983.0,4147.0,0.0132653061224496
20251127,NI2605,117730.0,2259.0,14624.0,0.0356748492312917
20251127,NI2606,118080.0,133.0,2133.0,0.0284552845528445
20251127,NI2607,118360.0,37.0,538.0,0.0253464008110846
20251127,NI2608,118610.0,28.0,260.0,-0.002023438158671
20251127,NI2609,118590.0,239.0,1786.0,0.0283329117126234
20251127,NI2610,118870.0,18.0,145.0,0.038361234962565
20251127,NI2611,119250.0,4.0,59.0,0.0
20251128,NI2512,116730.0,14936.0,13704.0,0.0004042749184952
20251128,NI2601,117080.0,85929.0,127335.0,0.0174239836009553
20251128,NI2602,117250.0,23480.0,60250.0,0.0276332622601271
20251128,NI2603,117520.0,7221.0,16831.0,0.0234853641933288
20251128,NI2604,117750.0,2416.0,5401.0,0.0285350318471326
20251128,NI2605,118030.0,2112.0,14928.0,0.0315174108277567
20251128,NI2606,118340.0,67.0,2124.0,0.0172384654385657
20251128,NI2607,118510.0,27.0,545.0,0.0374651928107336
20251128,NI2608,118880.0,11.0,259.0,0.0141318977119775
20251128,NI2609,119020.0,150.0,1891.0,0.0383128885901529
20251128,NI2610,119400.0,15.0,154.0,0.024120603015076
20251128,NI2611,119640.0,6.0,62.0,0.0
20251201,NI2512,117460.0,5652.0,11754.0,0.0004476781003143
20251201,NI2601,117850.0,145829.0,122891.0,0.0213831141281302
20251201,NI2602,118060.0,45039.0,60295.0,0.018295781805862
20251201,NI2603,118240.0,11723.0,19972.0,0.0294316644113656
20251201,NI2604,118530.0,4295.0,7310.0,0.0283472538597813
20251201,NI2605,118810.0,4661.0,15259.0,0.0292904637656752
20251201,NI2606,119100.0,193.0,2201.0,0.0272040302267013
20251201,NI2607,119370.0,64.0,560.0,0.0412163860266403
20251201,NI2608,119780.0,27.0,254.0,0.0040073468024699
20251201,NI2609,119820.0,301.0,1978.0,0.035052578868302
20251201,NI2610,120170.0,21.0,156.0,0.0089872680369484
20251201,NI2611,120260.0,49.0,88.0,0.0
20251202,NI2512,117700.0,2268.0,11202.0,0.0004009431710786
20251202,NI2601,118050.0,88522.0,121924.0,0.0233799237611194
20251202,NI2602,118280.0,30350.0,61455.0,0.0192762935407495
20251202,NI2603,118470.0,8483.0,21453.0,0.0263357812104336
20251202,NI2604,118730.0,1421.0,7736.0,0.0232460203823796
20251202,NI2605,118960.0,2875.0,15343.0,0.0302622730329522
20251202,NI2606,119260.0,122.0,2243.0,0.0301861479121239
20251202,NI2607,119560.0,45.0,561.0,-0.0291067246570753
20251202,NI2608,119270.0,13.0,255.0,0.0764651630753752
20251202,NI2609,120030.0,266.0,2174.0,0.0079980004998763
20251202,NI2610,120110.0,25.0,155.0,0.0249771043210378
20251202,NI2611,120360.0,24.0,94.0,0.0
20251203,NI2512,117600.0,1962.0,10212.0,0.000309562027058
20251203,NI2601,117870.0,112448.0,118618.0,0.0203614151183506
20251203,NI2602,118070.0,35320.0,63614.0,0.0264250021173868
20251203,NI2603,118330.0,8872.0,22327.0,0.0212963745457628
20251203,NI2604,118540.0,834.0,7991.0,0.0263202294584115
20251203,NI2605,118800.0,3697.0,15231.0,0.0202020202020207
20251203,NI2606,119000.0,132.0,2291.0,0.0252100840336133
20251203,NI2607,119250.0,43.0,572.0,0.0110691823899369
20251203,NI2608,119360.0,4.0,255.0,0.0361930294906169
20251203,NI2609,119720.0,236.0,2337.0,0.0340795188773803
20251203,NI2610,120060.0,5.0,153.0,0.0249875062468758
20251203,NI2611,120310.0,18.0,99.0,0.0
20251204,NI2512,117340.0,612.0,9996.0,0.0004826079212812
20251204,NI2601,117760.0,103322.0,118041.0,0.0183423913043467
20251204,NI2602,117940.0,29238.0,66016.0,0.0284890622350344
20251204,NI2603,118220.0,9857.0,22873.0,0.0233463035019454
20251204,NI2604,118450.0,703.0,8166.0,0.0263402279442814
20251204,NI2605,118710.0,4021.0,16109.0,0.0232499368208225
20251204,NI2606,118940.0,107.0,2307.0,0.025222801412478
20251204,NI2607,119190.0,38.0,579.0,-0.0090611628492323
20251204,NI2608,119100.0,16.0,255.0,0.0755667506297239
20251204,NI2609,119850.0,388.0,2633.0,0.0150187734668341
20251204,NI2610,120000.0,8.0,156.0,0.0149999999999996
20251204,NI2611,120150.0,23.0,116.0,0.0
20251205,NI2512,117450.0,702.0,9612.0,0.0003903167018238
20251205,NI2601,117790.0,107217.0,117636.0,0.0163001952627555
20251205,NI2602,117950.0,32193.0,67734.0,0.0254345061466718
20251205,NI2603,118200.0,7830.0,23157.0,0.0243654822335015
20251205,NI2604,118440.0,866.0,8510.0,0.0263424518743669
20251205,NI2605,118700.0,2788.0,16230.0,0.0202190395956192
20251205,NI2606,118900.0,75.0,2329.0,0.0383515559293528
20251205,NI2607,119280.0,21.0,579.0,0.0281690140845061
20251205,NI2608,119560.0,5.0,256.0,0.0230846436935436
20251205,NI2609,119790.0,273.0,2856.0,-0.0020035061357375
20251205,NI2610,119770.0,6.0,158.0,0.033063371461969
20251205,NI2611,120100.0,10.0,123.0,0.0
20251208,NI2512,117730.0,2616.0,9030.0,0.0003435780022275
20251208,NI2601,118030.0,124513.0,111585.0,0.0172837414216724
20251208,NI2602,118200.0,34477.0,67622.0,0.0192893401015226
20251208,NI2603,118390.0,12152.0,24373.0,0.0283807754033276
20251208,NI2604,118670.0,1785.0,9361.0,0.0252801887587423
20251208,NI2605,118920.0,5073.0,16902.0,0.0262361251261342
20251208,NI2606,119180.0,104.0,2322.0,0.0171169659338819
20251208,NI2607,119350.0,37.0,571.0,0.0502723083368232
20251208,NI2608,119850.0,1.0,255.0,0.007008760951189
20251208,NI2609,119920.0,166.0,2913.0,0.0250166777851914
20251208,NI2610,120170.0,17.0,155.0,0.0299575601231598
20251208,NI2611,120470.0,30.0,122.0,0.0
20251209,NI2512,116900.0,378.0,8916.0,0.0005190261531511
20251209,NI2601,117350.0,102410.0,107986.0,0.027609714529186
20251209,NI2602,117620.0,30853.0,68157.0,0.0132630505016155
20251209,NI2603,117750.0,8484.0,24856.0,0.0244585987261141
20251209,NI2604,117990.0,1300.0,9782.0,0.024408848207476
20251209,NI2605,118230.0,4007.0,16901.0,0.0324790662268448
20251209,NI2606,118550.0,100.0,2333.0,0.020244622522143
20251209,NI2607,118750.0,46.0,572.0,0.0414315789473684
20251209,NI2608,119160.0,32.0,270.0,-0.0060422960725077
20251209,NI2609,119100.0,314.0,3112.0,0.0161209068010066
20251209,NI2610,119260.0,8.0,152.0,0.0160992788864673
20251209,NI2611,119420.0,5.0,120.0,0.0
20251210,NI2512,116150.0,606.0,8550.0,0.0010911887475997
20251210,NI2601,117090.0,120019.0,102583.0,0.0153727901614146
20251210,NI2602,117240.0,40710.0,69176.0,0.0194472876151481
20251210,NI2603,117430.0,10835.0,25356.0,0.0286127905986557
20251210,NI2604,117710.0,971.0,9992.0,0.0295641831620079
20251210,NI2605,118000.0,4804.0,17115.0,0.0427118644067796
20251210,NI2606,118420.0,150.0,2411.0,0.0121601080898487
20251210,NI2607,118540.0,31.0,578.0,0.0323941285641975
20251210,NI2608,118860.0,55.0,287.0,0.0222110045431609
20251210,NI2609,119080.0,263.0,3229.0,0.0120927107826682
20251210,NI2610,119200.0,24.0,158.0,0.0
20251210,NI2611,119200.0,13.0,121.0,0.0
20251211,NI2512,115400.0,18.0,8550.0,0.0005491402644441
20251211,NI2601,115870.0,106815.0,106302.0,0.0196772244757053
20251211,NI2602,116060.0,36163.0,72905.0,0.0237808030329134
20251211,NI2603,116290.0,14680.0,28274.0,0.0216699630234762
20251211,NI2604,116500.0,1539.0,10654.0,0.0247210300429197
20251211,NI2605,116740.0,4611.0,17760.0,0.0308377591228383
20251211,NI2606,117040.0,122.0,2426.0,0.0256322624743665
20251211,NI2607,117290.0,57.0,563.0,0.0286469434734426
20251211,NI2608,117570.0,16.0,288.0,0.0255167134473079
20251211,NI2609,117820.0,143.0,3272.0,0.0183330504158893
20251211,NI2610,118000.0,13.0,162.0,0.0162711864406777
20251211,NI2611,118160.0,29.0,134.0,0.0
20251212,NI2512,115550.0,198.0,8364.0,4.667467266954489e-05
20251212,NI2601,115590.0,100436.0,104958.0,0.0155722813392156
20251212,NI2602,115740.0,35504.0,74503.0,0.0279937791601856
20251212,NI2603,116010.0,12757.0,29846.0,0.021722265321955
20251212,NI2604,116220.0,1098.0,11058.0,0.0247805885389773
20251212,NI2605,116460.0,3680.0,18016.0,0.0360638845955696
20251212,NI2606,116810.0,212.0,2402.0,0.017464258197072
20251212,NI2607,116980.0,68.0,575.0,0.0379552060181227
20251212,NI2608,117350.0,24.0,286.0,0.0071580741371963
20251212,NI2609,117420.0,141.0,3342.0,0.0419008686765467
20251212,NI2610,117830.0,16.0,168.0,0.0173130781634549
20251212,NI2611,118000.0,8.0,133.0,0.0
20251215,NI2512,114350.0,342.0,8316.0,0.0004008980903298
20251215,NI2601,114690.0,129996.0,105210.0,0.0219722730839651
20251215,NI2602,114900.0,61196.0,83035.0,0.0261096605744128
20251215,NI2603,115150.0,18826.0,32380.0,0.0250108554059913
20251215,NI2604,115390.0,1945.0,11610.0,0.0332784470058076
20251215,NI2605,115710.0,8528.0,19991.0,0.0134819808141051
20251215,NI2606,115840.0,226.0,2478.0,0.0186464088397784
20251215,NI2607,116020.0,106.0,612.0,0.0382692639200126
20251215,NI2608,116390.0,62.0,299.0,0.010310164103445
20251215,NI2609,116490.0,349.0,3465.0,0.0360545969611134
20251215,NI2610,116840.0,56.0,198.0,0.0267031838411497
20251215,NI2611,117100.0,52.0,143.0,0.0
20251216,NI2601,112290.0,157287.0,105568.0,0.0170985840235093
20251216,NI2602,112450.0,73933.0,91440.0,0.0213428190306794
20251216,NI2603,112650.0,24390.0,37173.0,0.0351531291611193
20251216,NI2604,112980.0,2728.0,12138.0,0.0244291024960157
20251216,NI2605,113210.0,13229.0,22548.0,0.0317993110149288
20251216,NI2606,113510.0,220.0,2537.0,0.0200863360056384
20251216,NI2607,113700.0,89.0,642.0,0.0232189973614787
20251216,NI2608,113920.0,241.0,472.0,0.0189606741573022
20251216,NI2609,114100.0,1018.0,3711.0,0.03680981595092
20251216,NI2610,114450.0,103.0,274.0,0.0136304062909555
20251216,NI2611,114580.0,48.0,168.0,-0.020946063885495
20251216,NI2612,114380.0,34.0,22.0,0.0
20251217,NI2601,113800.0,139596.0,94065.0,0.0210896309314598
20251217,NI2602,114000.0,78935.0,91206.0,0.0221052631578944
20251217,NI2603,114210.0,26566.0,38962.0,0.0304701864985563
20251217,NI2604,114500.0,2317.0,12546.0,0.0303930131004364
20251217,NI2605,114790.0,11353.0,22550.0,0.0135900339750838
20251217,NI2606,114920.0,385.0,2716.0,0.0334145492516544
20251217,NI2607,115240.0,120.0,700.0,0.0385282887886146
20251217,NI2608,115610.0,27.0,479.0,-0.0072658074561022
20251217,NI2609,115540.0,312.0,3743.0,0.0467370607581791
20251217,NI2610,115990.0,28.0,270.0,0.0289680144840076
20251217,NI2611,116270.0,46.0,177.0,0.0278661735615379
20251217,NI2612,116540.0,66.0,28.0,0.0
20251218,NI2601,113940.0,97677.0,85352.0,0.0189573459715646
20251218,NI2602,114120.0,62974.0,92435.0,0.0241850683491069
20251218,NI2603,114350.0,19817.0,41046.0,0.019938784433755
20251218,NI2604,114540.0,1593.0,12917.0,0.033525405971714
20251218,NI2605,114860.0,8806.0,23856.0,0.0229845028730624
20251218,NI2606,115080.0,272.0,2705.0,0.0031282586027101
20251218,NI2607,115110.0,103.0,725.0,0.0135522543653898
20251218,NI2608,115240.0,24.0,474.0,0.0489413398125657
20251218,NI2609,115710.0,300.0,3808.0,0.0103707544723885
20251218,NI2610,115810.0,14.0,272.0,0.0455919177963899
20251218,NI2611,116250.0,34.0,170.0,0.0289032258064514
20251218,NI2612,116530.0,35.0,49.0,0.0
20251219,NI2601,117180.0,210637.0,69083.0,0.0286738351254491
20251219,NI2602,117460.0,165775.0,94148.0,0.0143027413587617
20251219,NI2603,117600.0,43921.0,46271.0,0.0244897959183676
20251219,NI2604,117840.0,3269.0,13284.0,0.0315682281059075
20251219,NI2605,118150.0,18470.0,24836.0,0.0192975031739326
20251219,NI2606,118340.0,668.0,2731.0,0.0365049856346111
20251219,NI2607,118700.0,350.0,698.0,0.0283066554338669
20251219,NI2608,118980.0,90.0,488.0,0.0443772062531531
20251219,NI2609,119420.0,694.0,3884.0,0.010048568079048
20251219,NI2610,119520.0,99.0,234.0,0.0281124497991971
20251219,NI2611,119800.0,98.0,206.0,0.0200333889816359
20251219,NI2612,120000.0,167.0,162.0,0.0
20251222,NI2601,121260.0,196376.0,57011.0,0.043542800593765
20251222,NI2602,121700.0,214564.0,112632.0,0.0098603122432212
20251222,NI2603,121800.0,65430.0,58850.0,0.029556650246306
20251222,NI2604,122100.0,12649.0,16845.0,0.026535626535626
20251222,NI2605,122370.0,41364.0,29733.0,0.0137288551115473
20251222,NI2606,122510.0,2170.0,3632.0,0.0097951187658154
20251222,NI2607,122610.0,621.0,787.0,0.0283826767800343
20251222,NI2608,122900.0,220.0,602.0,0.0283157038242478
20251222,NI2609,123190.0,1569.0,4490.0,0.0370159915577552
20251222,NI2610,123570.0,148.0,270.0,0.0417577081815974
20251222,NI2611,124000.0,337.0,300.0,0.0048387096774202
20251222,NI2612,124050.0,507.0,546.0,0.0
20251223,NI2601,123040.0,136554.0,41116.0,0.0390117035110533
20251223,NI2602,123440.0,386986.0,134454.0,0.0194426441996107
20251223,NI2603,123640.0,76869.0,71637.0,0.0232934325461027
20251223,NI2604,123880.0,12774.0,20279.0,0.0213109460768485
20251223,NI2605,124100.0,40491.0,35121.0,0.0377115229653517
20251223,NI2606,124490.0,2216.0,4006.0,0.0375933809944575
20251223,NI2607,124880.0,655.0,843.0,0.0557335041639976
20251223,NI2608,125460.0,250.0,639.0,-0.0286944045911052
20251223,NI2609,125160.0,2003.0,5071.0,0.0709491850431458
20251223,NI2610,125900.0,188.0,341.0,0.0095313741064337
20251223,NI2611,126000.0,138.0,360.0,0.0038095238095232
20251223,NI2612,126040.0,309.0,666.0,0.0
20251224,NI2601,127650.0,185642.0,29232.0,0.0329024676850773
20251224,NI2602,128000.0,1095331.0,152222.0,0.0234375
20251224,NI2603,128250.0,147417.0,79135.0,0.0149707602339193
20251224,NI2604,128410.0,26819.0,24575.0,0.0327077330425966
20251224,NI2605,128760.0,92936.0,41225.0,0.0177073625349484
20251224,NI2606,128950.0,11034.0,5701.0,0.0195424583171766
20251224,NI2607,129160.0,4200.0,1630.0,0.0297305667389293
20251224,NI2608,129480.0,604.0,758.0,0.000926784059315
20251224,NI2609,129490.0,5401.0,6159.0,0.0333616495482287
20251224,NI2610,129850.0,580.0,480.0,0.0221794378128619
20251224,NI2611,130090.0,410.0,427.0,0.0396648474133281
20251224,NI2612,130520.0,701.0,823.0,0.0
20251225,NI2601,124980.0,90683.0,28605.0,0.0412866058569374
20251225,NI2602,125410.0,650804.0,144402.0,0.0296627063232586
20251225,NI2603,125720.0,84623.0,77216.0,0.0229080496341067
20251225,NI2604,125960.0,18482.0,26057.0,0.039060019053668
20251225,NI2605,126370.0,60410.0,46280.0,0.0104455171322301
20251225,NI2606,126480.0,5352.0,5616.0,0.032258064516129
20251225,NI2607,126820.0,1723.0,1765.0,0.0331178047626545
20251225,NI2608,127170.0,1662.0,715.0,0.0217032318943157
20251225,NI2609,127400.0,4595.0,6805.0,0.0216640502354783
20251225,NI2610,127630.0,437.0,515.0,-0.0056413069027656
20251225,NI2611,127570.0,175.0,419.0,0.0075252802383012
20251225,NI2612,127650.0,361.0,924.0,0.0
20251226,NI2601,126440.0,37582.0,18869.0,0.0294210692818719
20251226,NI2602,126750.0,616999.0,136645.0,0.026508875739645
20251226,NI2603,127030.0,86470.0,74780.0,0.0340077147130593
20251226,NI2604,127390.0,13663.0,26979.0,0.0423895125206064
20251226,NI2605,127840.0,55431.0,49871.0,0.0168961201501867
20251226,NI2606,128020.0,3121.0,5705.0,0.0168723636931718
20251226,NI2607,128200.0,1016.0,1748.0,0.027145085803431
20251226,NI2608,128490.0,843.0,783.0,0.0270838197525105
20251226,NI2609,128780.0,5171.0,7048.0,0.0130455039602424
20251226,NI2610,128920.0,337.0,517.0,0.0288551039404287
20251226,NI2611,129230.0,206.0,432.0,0.0297144625860861
20251226,NI2612,129550.0,368.0,990.0,0.0
20251229,NI2601,125310.0,31956.0,14569.0,0.0383050035910939
20251229,NI2602,125710.0,785240.0,131413.0,0.0305464959032688
20251229,NI2603,126030.0,140043.0,79941.0,0.0257081647226851
20251229,NI2604,126300.0,17353.0,28175.0,0.0323040380047503
20251229,NI2605,126640.0,91204.0,54150.0,0.042640555906507
20251229,NI2606,127090.0,6827.0,6210.0,-0.0009442127626089
20251229,NI2607,127080.0,1390.0,1870.0,0.0481586402266298
20251229,NI2608,127590.0,1595.0,1039.0,0.0103456383729136
20251229,NI2609,127700.0,10232.0,8582.0,0.0263116679718091
20251229,NI2610,127980.0,399.0,585.0,0.038443506797936
20251229,NI2611,128390.0,276.0,452.0,0.0373860892592885
20251229,NI2612,128790.0,795.0,1157.0,0.0
20251230,NI2601,132080.0,23724.0,11531.0,0.0281647486371907
20251230,NI2602,132390.0,1000602.0,149624.0,0.0253795603897568
20251230,NI2603,132670.0,174550.0,83597.0,0.0244214969473128
20251230,NI2604,132940.0,27992.0,30200.0,0.0216639085301642
20251230,NI2605,133180.0,122706.0,51371.0,0.017119687640787
20251230,NI2606,133370.0,9955.0,6179.0,0.0305915873134878
20251230,NI2607,133710.0,2386.0,2318.0,0.0323087278438407
20251230,NI2608,134070.0,1365.0,1020.0,0.0116357126874033
20251230,NI2609,134200.0,12235.0,8540.0,0.0232488822652756
20251230,NI2610,134460.0,621.0,631.0,0.0410531012940653
20251230,NI2611,134920.0,425.0,486.0,0.0080047435517345
20251230,NI2612,135010.0,960.0,1123.0,0.0
20251231,NI2601,130400.0,11991.0,9406.0,0.2254601226993875
20251231,NI2602,132850.0,1141527.0,132795.0,0.0180654873917953
20251231,NI2603,133050.0,177087.0,89657.0,0.025253664036076
20251231,NI2604,133330.0,32650.0,31534.0,0.0261006525163134
20251231,NI2605,133620.0,118806.0,52759.0,0.0386169735069596
20251231,NI2606,134050.0,12111.0,6866.0,-0.0044759418127564
20251231,NI2607,134000.0,2940.0,2291.0,0.0268656716417909
20251231,NI2608,134300.0,2443.0,1256.0,0.0169769173492193
20251231,NI2609,134490.0,13528.0,9456.0,0.0160606736560335
20251231,NI2610,134670.0,1077.0,785.0,0.076631766540431
20251231,NI2611,135530.0,705.0,582.0,0.0079687154135603
20251231,NI2612,135620.0,1237.0,1302.0,0.0
20260105,NI2601,133750.0,3004.0,9732.0,0.0314018691588788
20260105,NI2602,134100.0,366893.0,134729.0,0.0295302013422817
20260105,NI2603,134430.0,79540.0,95263.0,0.0267797366659223
20260105,NI2604,134730.0,14379.0,32102.0,0.0311734580271663
20260105,NI2605,135080.0,49067.0,60067.0,0.0106603494225634
20260105,NI2606,135200.0,7409.0,8470.0,0.0310650887573977
20260105,NI2607,135550.0,812.0,2353.0,0.0300995942456658
20260105,NI2608,135890.0,734.0,1284.0,0.0335565530944137
20260105,NI2609,136270.0,6183.0,10102.0,0.0202539076832763
20260105,NI2610,136500.0,451.0,924.0,0.0307692307692306
20260105,NI2611,136850.0,220.0,639.0,0.0377055169894031
20260105,NI2612,137280.0,610.0,1437.0,0.0
20260106,NI2601,139410.0,1704.0,9390.0,0.0335700451904461
20260106,NI2602,139800.0,738334.0,131481.0,0.0188841201716742
20260106,NI2603,140020.0,147653.0,97204.0,0.0239965719182961
20260106,NI2604,140300.0,25138.0,32896.0,0.0282252316464717
20260106,NI2605,140630.0,83892.0,62392.0,0.0127995449050688
20260106,NI2606,140780.0,11057.0,10149.0,0.0289813894019035
20260106,NI2607,141120.0,1089.0,2312.0,0.0297619047619059
20260106,NI2608,141470.0,808.0,1305.0,0.0229023821304883
20260106,NI2609,141740.0,8630.0,10354.0,0.0101594468745584
20260106,NI2610,141860.0,678.0,1052.0,0.0414493162272666
20260106,NI2611,142350.0,578.0,718.0,0.0362486828240253
20260106,NI2612,142780.0,1057.0,1738.0,0.0
20260107,NI2601,147400.0,864.0,9174.0,0.0260515603799174
20260107,NI2602,147720.0,1132256.0,132955.0,0.0430544272948809
20260107,NI2603,148250.0,242036.0,101832.0,0.0153794266441833
20260107,NI2604,148440.0,39782.0,34393.0,0.0339531123686347
20260107,NI2605,148860.0,146384.0,64298.0,0.0233776702942369
20260107,NI2606,149150.0,17227.0,10458.0,0.0048273550117325
20260107,NI2607,149210.0,2643.0,2327.0,-0.0016084712820862
20260107,NI2608,149190.0,2381.0,1329.0,0.0756082847375836
20260107,NI2609,150130.0,21850.0,11404.0,0.0087923799373887
20260107,NI2610,150240.0,1182.0,1046.0,-0.0079872204472843
20260107,NI2611,150140.0,896.0,822.0,0.0295723990941798
20260107,NI2612,150510.0,2170.0,1938.0,0.0
20260108,NI2601,136000.0,924.0,8994.0,0.038823529411764
20260108,NI2602,136440.0,1520564.0,128055.0,0.0131926121372023
20260108,NI2603,136590.0,409993.0,109188.0,0.0263562486272777
20260108,NI2604,136890.0,70627.0,35392.0,0.0315581854043385
20260108,NI2605,137250.0,292854.0,76031.0,0.0139890710382521
20260108,NI2606,137410.0,36439.0,12424.0,0.0130994832981592
20260108,NI2607,137560.0,8170.0,2663.0,0.021808665309682
20260108,NI2608,137810.0,8121.0,1759.0,0.0269936869603073
20260108,NI2609,138120.0,50575.0,16340.0,0.0008688097306679
20260108,NI2610,138130.0,2705.0,1116.0,0.0104249619923253
20260108,NI2611,138250.0,1941.0,1084.0,0.0373236889692574
20260108,NI2612,138680.0,3924.0,2266.0,0.0
20260109,NI2601,138000.0,108.0,8970.0,0.0947826086956515
20260109,NI2602,139090.0,1121426.0,120595.0,0.0112157595801276
20260109,NI2603,139220.0,256795.0,110245.0,0.0310300244217787
20260109,NI2604,139580.0,44398.0,29797.0,0.0275111047427989
20260109,NI2605,139900.0,172046.0,82510.0,-0.0094353109363831
20260109,NI2606,139790.0,21579.0,13394.0,-0.0017168610057947
20260109,NI2607,139770.0,8665.0,3858.0,0.0343421335050431
20260109,NI2608,140170.0,9330.0,4541.0,0.0034244132125271
20260109,NI2609,140210.0,22939.0,16222.0,0.0068468725483192
20260109,NI2610,140290.0,5450.0,2565.0,-0.0111198232233236
20260109,NI2611,140160.0,1842.0,1041.0,0.0171232876712341
20260109,NI2612,140360.0,2807.0,2580.0,0.0
20260112,NI2601,141800.0,486.0,9108.0,0.2031029619181943
20260112,NI2602,144200.0,1083202.0,124148.0,0.0158113730929256
20260112,NI2603,144390.0,255929.0,112330.0,0.0241013920631614
20260112,NI2604,144680.0,37284.0,32035.0,0.0124412496544108
20260112,NI2605,144830.0,166732.0,83018.0,0.0066284609542233
20260112,NI2606,144910.0,24793.0,16849.0,-0.0082810020012416
20260112,NI2607,144810.0,5785.0,4649.0,0.0157447690076653
20260112,NI2608,145000.0,3754.0,4395.0,0.0140689655172421
20260112,NI2609,145170.0,26149.0,15713.0,-0.0223186608803471
20260112,NI2610,144900.0,8135.0,5325.0,0.0149068322981369
20260112,NI2611,145080.0,2302.0,1135.0,0.0066170388751034
20260112,NI2612,145160.0,3515.0,2940.0,0.0
20260113,NI2601,140200.0,174.0,9108.0,-0.1497860199714686
20260113,NI2602,138450.0,1277690.0,119485.0,0.016468039003251
20260113,NI2603,138640.0,322068.0,108985.0,0.0294287362954426
20260113,NI2604,138980.0,40410.0,30621.0,0.0250395740394306
20260113,NI2605,139270.0,197034.0,80504.0,0.0060314497020179
20260113,NI2606,139340.0,15867.0,17099.0,0.0129180421989367
20260113,NI2607,139490.0,3216.0,4629.0,0.0249480249480242
20260113,NI2608,139780.0,2638.0,4424.0,0.0137358706538837
20260113,NI2609,139940.0,27486.0,15652.0,0.0008575103615822
20260113,NI2610,139950.0,2805.0,5336.0,0.0248660235798512
20260113,NI2611,140240.0,2137.0,1233.0,0.0265259555048498
20260113,NI2612,140550.0,2767.0,3131.0,0.0
20260114,NI2601,141800.0,216.0,8988.0,-0.0727785613540201
20260114,NI2602,140940.0,1070694.0,109975.0,0.0170285227756501
20260114,NI2603,141140.0,269769.0,109261.0,0.0289074677625045
20260114,NI2604,141480.0,27847.0,30407.0,0.026293469041561
20260114,NI2605,141790.0,150145.0,85283.0,0.0050779321531848
20260114,NI2606,141850.0,14504.0,17456.0,0.0008459640465288
20260114,NI2607,141860.0,1974.0,4550.0,0.009304948540814
20260114,NI2608,141970.0,1310.0,4449.0,0.0278932168768051
20260114,NI2609,142300.0,22002.0,15680.0,0.0016865776528467
20260114,NI2610,142320.0,1482.0,5303.0,0.0092748735244514
20260114,NI2611,142430.0,1439.0,1220.0,0.0160078635119012
20260114,NI2612,142620.0,1562.0,3203.0,0.0
20260115,NI2601,145400.0,468.0,8796.0,0.1114167812929842
20260115,NI2602,146750.0,1738133.0,101617.0,0.0220783645655888
20260115,NI2603,147020.0,517017.0,122368.0,0.0244864644266078
20260115,NI2604,147320.0,87247.0,37517.0,0.0252511539505846
20260115,NI2605,147630.0,291836.0,92030.0,0.0024385287543173
20260115,NI2606,147660.0,27611.0,18410.0,-0.0276310442909388
20260115,NI2607,147320.0,3651.0,4431.0,0.0260657073038297
20260115,NI2608,147640.0,2275.0,4414.0,0.0138173936602559
20260115,NI2609,147810.0,41286.0,14937.0,-0.0129896488735532
20260115,NI2610,147650.0,3170.0,5290.0,0.0008127328140883
20260115,NI2611,147660.0,1488.0,1151.0,0.0349451442503054
20260115,NI2612,148090.0,2605.0,3261.0,0.0
20260116,NI2602,141350.0,1325220.0,97725.0,0.0203749557835157
20260116,NI2603,141590.0,402205.0,123588.0,0.0144077971608167
20260116,NI2604,141760.0,43124.0,37992.0,0.033860045146727
20260116,NI2605,142160.0,223267.0,94762.0,0.015194147439506
20260116,NI2606,142340.0,16359.0,18687.0,-0.0278207109737249
20260116,NI2607,142010.0,2358.0,4567.0,0.0169002182944852
20260116,NI2608,142210.0,1487.0,4434.0,0.0244708529639252
20260116,NI2609,142500.0,27779.0,15656.0,-0.0311578947368418
20260116,NI2610,142130.0,1957.0,5284.0,0.0143530570604388
20260116,NI2611,142300.0,1472.0,1164.0,0.0446943078004213
20260116,NI2612,142830.0,1843.0,3344.0,0.0002548798878528
20260116,NI2701,143100.0,189.0,61.0,0.0
20260119,NI2602,142320.0,949372.0,83210.0,0.0177065767284991
20260119,NI2603,142530.0,295442.0,118495.0,0.0227320564091773
20260119,NI2604,142800.0,34732.0,38839.0,0.0184873949579831
20260119,NI2605,143020.0,154568.0,95777.0,-0.0016780869808412
20260119,NI2606,143000.0,13671.0,18851.0,-0.0109090909090903
20260119,NI2607,142870.0,1451.0,4544.0,0.0092391684748385
20260119,NI2608,142980.0,832.0,4417.0,0.0285354595048259
20260119,NI2609,143320.0,17177.0,15188.0,-0.0401897850962886
20260119,NI2610,142840.0,1379.0,5253.0,0.0546065527863355
20260119,NI2611,143490.0,650.0,1245.0,0.0091992473343092
20260119,NI2612,143600.0,1440.0,3355.0,0.0001220619072955
20260119,NI2701,143730.0,83.0,71.0,0.0
20260120,NI2602,141360.0,695146.0,79005.0,0.0169779286927003
20260120,NI2603,141560.0,266870.0,120726.0,0.0228878214184788
20260120,NI2604,141830.0,33350.0,38787.0,0.0211520834802216
20260120,NI2605,142080.0,119474.0,98586.0,-0.0016891891891885
20260120,NI2606,142060.0,12019.0,18975.0,0.0059129945093632
20260120,NI2607,142130.0,829.0,4640.0,0.0
20260120,NI2608,142130.0,529.0,4433.0,0.0244846267501595
20260120,NI2609,142420.0,9530.0,15499.0,-0.0185367223704537
20260120,NI2610,142200.0,830.0,5260.0,0.0160337552742619
20260120,NI2611,142390.0,348.0,1252.0,0.0429805463866843
20260120,NI2612,142900.0,801.0,3360.0,-1.887074327140489e-05
20260120,NI2701,142880.0,197.0,123.0,0.0
20260121,NI2602,143060.0,745668.0,75892.0,0.0092268978051155
20260121,NI2603,143170.0,323391.0,124790.0,0.0192777816581681
20260121,NI2604,143400.0,38899.0,38656.0,0.0142259414225938
20260121,NI2605,143570.0,139691.0,99535.0,-0.0066866336978481
20260121,NI2606,143490.0,14507.0,19124.0,-0.0008362952122102
20260121,NI2607,143480.0,1269.0,4742.0,0.0050181209924726
20260121,NI2608,143540.0,691.0,4426.0,0.0351121638567653
20260121,NI2609,143960.0,10890.0,15642.0,-0.0091692136704639
20260121,NI2610,143850.0,850.0,5289.0,0.0
20260121,NI2611,143850.0,685.0,1273.0,0.0425443169968708
20260121,NI2612,144360.0,853.0,3344.0,3.7359784060454114e-05
20260121,NI2701,144400.0,226.0,101.0,0.0
20260122,NI2602,142500.0,588698.0,69610.0,0.0202105263157887
20260122,NI2603,142740.0,281018.0,122185.0,0.0151324085750319
20260122,NI2604,142920.0,26765.0,39767.0,0.0201511335012583
20260122,NI2605,143160.0,107290.0,100769.0,0.0033528918692367
20260122,NI2606,143200.0,9142.0,18932.0,-0.0175977653631278
20260122,NI2607,142990.0,870.0,4796.0,0.0176236100426603
20260122,NI2608,143200.0,421.0,4463.0,0.0284916201117315
20260122,NI2609,143540.0,7337.0,15615.0,-0.030932144350007
20260122,NI2610,143170.0,544.0,5348.0,0.0234686037577693
20260122,NI2611,143450.0,410.0,1241.0,0.0426629487626337
20260122,NI2612,143960.0,533.0,3346.0,-6.556128262844923e-05
20260122,NI2701,143890.0,65.0,97.0,0.0
20260123,NI2602,148010.0,752840.0,68596.0,0.0283764610499277
20260123,NI2603,148360.0,438057.0,139282.0,0.0113238069560539
20260123,NI2604,148500.0,51930.0,45129.0,0.0185858585858582
20260123,NI2605,148730.0,177687.0,109797.0,-0.0040341558528882
20260123,NI2606,148680.0,16879.0,19168.0,-0.0080710250201776
20260123,NI2607,148580.0,2550.0,4865.0,0.0
20260123,NI2608,148580.0,978.0,4498.0,0.0193834971059372
20260123,NI2609,148820.0,15772.0,14378.0,-0.0088697755677999
20260123,NI2610,148710.0,1488.0,5303.0,-0.0169457333064353
20260123,NI2611,148500.0,910.0,1201.0,0.04929292929293
20260123,NI2612,149110.0,1230.0,3251.0,0.0001175514042494
20260123,NI2701,149240.0,83.0,113.0,0.0
20260126,NI2602,145380.0,730480.0,59283.0,0.0288898060255888
20260126,NI2603,145730.0,546905.0,140308.0,0.0197625746243046
20260126,NI2604,145970.0,61534.0,48348.0,0.0271288620949503
20260126,NI2605,146300.0,224086.0,119007.0,-0.0073820915926181
20260126,NI2606,146210.0,20976.0,19390.0,0.0106695848437192
20260126,NI2607,146340.0,2323.0,4913.0,0.0016400164001639
20260126,NI2608,146360.0,1620.0,4561.0,0.0016397922929751
20260126,NI2609,146380.0,24242.0,14278.0,-0.0040989206175701
20260126,NI2610,146330.0,1351.0,5300.0,0.0213216701974987
20260126,NI2611,146590.0,769.0,1238.0,0.0294699502012427
20260126,NI2612,146950.0,1544.0,3224.0,0.0003670131627741
20260126,NI2701,147350.0,271.0,177.0,0.0
20260127,NI2602,146110.0,523396.0,40119.0,0.0213537745534191
20260127,NI2603,146370.0,462311.0,136579.0,0.0098380815740943
20260127,NI2604,146490.0,49524.0,50565.0,0.0294900675814044
20260127,NI2605,146850.0,176716.0,121331.0,-0.0106230847803887
20260127,NI2606,146720.0,14844.0,19120.0,0.0
20260127,NI2607,146720.0,1001.0,4910.0,0.0008178844056709
20260127,NI2608,146730.0,1011.0,4528.0,0.0130852586383145
20260127,NI2609,146890.0,15740.0,13874.0,-0.0089863162911023
20260127,NI2610,146780.0,841.0,5280.0,0.0089930508243627
20260127,NI2611,146890.0,540.0,1241.0,-0.0016338756892908
20260127,NI2612,146870.0,1150.0,3199.0,0.000615081899991
20260127,NI2701,147540.0,329.0,287.0,0.0
20260128,NI2602,144370.0,404592.0,27881.0,0.0299231142204057
20260128,NI2603,144730.0,609806.0,134300.0,0.0082913010433207
20260128,NI2604,144830.0,67120.0,52240.0,0.028170959055445
20260128,NI2605,145170.0,208631.0,124313.0,0.0066129365571407
20260128,NI2606,145250.0,22531.0,20602.0,-0.015697074010327
20260128,NI2607,145060.0,1598.0,4910.0,0.0256445608713633
20260128,NI2608,145370.0,938.0,4537.0,0.0049528788608368
20260128,NI2609,145430.0,18158.0,14299.0,0.0231038987829199
20260128,NI2610,145710.0,1038.0,5287.0,0.0172946263125384
20260128,NI2611,145920.0,564.0,1241.0,-0.0041118421052632
20260128,NI2612,145870.0,876.0,3255.0,0.000397460259751
20260128,NI2701,146300.0,306.0,346.0,0.0
20260129,NI2602,146990.0,180688.0,15767.0,0.0391863392067497
20260129,NI2603,147470.0,783275.0,136553.0,0.0113921475554361
20260129,NI2604,147610.0,64832.0,54100.0,0.0203238262990321
20260129,NI2605,147860.0,206363.0,126311.0,-0.0073042066819959
20260129,NI2606,147770.0,20953.0,20576.0,0.0
20260129,NI2607,147770.0,1732.0,4861.0,-0.0251742572917375
20260129,NI2608,147460.0,1171.0,4519.0,0.0439441204394404
20260129,NI2609,148000.0,18246.0,14294.0,-0.0145945945945951
20260129,NI2610,147820.0,1233.0,5403.0,0.008929779461507
20260129,NI2611,147930.0,600.0,1160.0,0.0194686676130615
20260129,NI2612,148170.0,938.0,3307.0,0.0004094901619988
20260129,NI2701,148620.0,297.0,334.0,0.0
20260130,NI2602,139910.0,77212.0,8269.0,0.0077192480880565
20260130,NI2603,140000.0,1012443.0,132448.0,0.0342857142857147
20260130,NI2604,140400.0,89921.0,52336.0,0.0282051282051281
20260130,NI2605,140730.0,335411.0,129575.0,0.0230228096354725
20260130,NI2606,141000.0,34269.0,23380.0,-0.0221276595744677
20260130,NI2607,140740.0,3952.0,5031.0,0.0136421770640904
20260130,NI2608,140900.0,2254.0,4574.0,0.0545067423704752
20260130,NI2609,141540.0,34759.0,15113.0,-0.0178041543026705
20260130,NI2610,141330.0,2238.0,5328.0,0.0271704521333049
20260130,NI2611,141650.0,1426.0,1147.0,0.0177903282739153
20260130,NI2612,141860.0,2645.0,3724.0,0.0004181999344186
20260130,NI2701,142300.0,638.0,458.0,0.0
20260202,NI2602,129500.0,5377.0,7608.0,0.0138996138996141
20260202,NI2603,129650.0,808140.0,110945.0,-0.0231392209795608
20260202,NI2604,129400.0,79030.0,49145.0,0.0296754250386408
20260202,NI2605,129720.0,283900.0,121626.0,0.0046253469010189
20260202,NI2606,129770.0,24119.0,21901.0,-0.055482777221238
20260202,NI2607,129170.0,3862.0,5023.0,0.1114809940388648
20260202,NI2608,130370.0,2296.0,4511.0,-0.0211705146889622
20260202,NI2609,130140.0,24657.0,14161.0,-0.010142923005993
20260202,NI2610,130030.0,2036.0,5279.0,0.0212258709528576
20260202,NI2611,130260.0,1006.0,1127.0,-0.0175034546292027
20260202,NI2612,130070.0,2679.0,3340.0,0.000466473109121
20260202,NI2701,130520.0,832.0,464.0,0.0
20260203,NI2602,134120.0,1512.0,7008.0,0.0635252013122587
20260203,NI2603,134830.0,663364.0,101500.0,0.0267002892531325
20260203,NI2604,135130.0,62445.0,45777.0,0.0266410123584703
20260203,NI2605,135430.0,220877.0,123898.0,0.0044303330133645
20260203,NI2606,135480.0,13361.0,22024.0,0.0637732506643038
20260203,NI2607,136200.0,1887.0,4995.0,-0.0810572687224673
20260203,NI2608,135280.0,688.0,4474.0,0.0372560615020685
20260203,NI2609,135700.0,12576.0,14216.0,-0.0256448047162862
20260203,NI2610,135410.0,756.0,5253.0,0.1409053984196138
20260203,NI2611,137000.0,374.0,1114.0,-0.1077372262773721
20260203,NI2612,135770.0,955.0,3284.0,0.0002582026940802
20260203,NI2701,136030.0,229.0,470.0,0.0
20260204,NI2602,136880.0,1062.0,6486.0,0.0701344243132675
20260204,NI2603,137680.0,481566.0,99453.0,0.0244044160371865
20260204,NI2604,137960.0,39330.0,47579.0,0.0269643374891259
20260204,NI2605,138270.0,154988.0,125793.0,0.0
20260204,NI2606,138270.0,9110.0,22156.0,0.001735734432632
20260204,NI2607,138290.0,696.0,4971.0,-0.0260322510665997
20260204,NI2608,137990.0,300.0,4484.0,0.0339155011232685
20260204,NI2609,138380.0,5862.0,14094.0,-0.02341378811967
20260204,NI2610,138110.0,392.0,5256.0,0.0104264716530311
20260204,NI2611,138230.0,251.0,1106.0,0.0190986037763138
20260204,NI2612,138450.0,478.0,3325.0,0.0005356251597745
20260204,NI2701,139000.0,103.0,470.0,0.0
20260205,NI2602,134140.0,444.0,6318.0,0.0259430445802886
20260205,NI2603,134430.0,582524.0,93478.0,0.0267797366659223
20260205,NI2604,134730.0,49168.0,47485.0,0.0329547984858606
20260205,NI2605,135100.0,193374.0,125895.0,-0.0124352331606223
20260205,NI2606,134960.0,15095.0,22435.0,-0.0097806757557794
20260205,NI2607,134850.0,771.0,4900.0,0.0177975528364848
20260205,NI2608,135050.0,928.0,4546.0,0.0062199185486857
20260205,NI2609,135120.0,7914.0,13881.0,-0.0026642984014215
20260205,NI2610,135090.0,502.0,5251.0,-0.002664890073285
20260205,NI2611,135060.0,321.0,1098.0,0.058640604175923
20260205,NI2612,135720.0,692.0,3310.0,0.0005960718862694
20260205,NI2701,136320.0,95.0,453.0,0.0
20260206,NI2602,131230.0,372.0,6228.0,0.055779928370037
20260206,NI2603,131840.0,554444.0,85476.0,0.0218446601941737
20260206,NI2604,132080.0,45506.0,46513.0,0.0227135069654762
20260206,NI2605,132330.0,193496.0,123852.0,0.0063477669462717
20260206,NI2606,132400.0,11287.0,22561.0,-0.0317220543806642
20260206,NI2607,132050.0,594.0,4856.0,0.0190836804240825
20260206,NI2608,132260.0,771.0,4552.0,0.011794949342204
20260206,NI2609,132390.0,7734.0,13759.0,-0.0217539089055058
20260206,NI2610,132150.0,534.0,5244.0,0.0163450624290577
20260206,NI2611,132330.0,256.0,1087.0,0.0145091815914755
20260206,NI2612,132490.0,714.0,3293.0,0.0006004269137123
20260206,NI2701,133080.0,168.0,463.0,0.0
20260209,NI2602,134710.0,660.0,6102.0,-0.0169252468265161
20260209,NI2603,134520.0,417105.0,83976.0,0.0214094558429982
20260209,NI2604,134760.0,31799.0,47193.0,0.0231522707034717
20260209,NI2605,135020.0,141872.0,123204.0,-0.0017775144423053
20260209,NI2606,135000.0,8007.0,22682.0,-0.0097777777777778
20260209,NI2607,134890.0,361.0,4847.0,0.0231299577433468
20260209,NI2608,135150.0,446.0,4534.0,0.0159822419533863
20260209,NI2609,135330.0,4374.0,13894.0,-0.0141875415650627
20260209,NI2610,135170.0,261.0,5250.0,0.0106532514611235
20260209,NI2611,135290.0,138.0,1078.0,0.0221745879222421
20260209,NI2612,135540.0,366.0,3305.0,0.0003680658141466
20260209,NI2701,135910.0,75.0,471.0,0.0
20260210,NI2602,133090.0,48.0,6102.0,0.0234427830791181
20260210,NI2603,133350.0,281436.0,80242.0,0.0206974128233961
20260210,NI2604,133580.0,22145.0,47553.0,0.0287468183859855
20260210,NI2605,133900.0,102678.0,122907.0,0.0098581030619859
20260210,NI2606,134010.0,5815.0,22863.0,-0.0232818446384599
20260210,NI2607,133750.0,208.0,4844.0,-0.0044859813084112
20260210,NI2608,133700.0,204.0,4503.0,0.0287210172026917
20260210,NI2609,134020.0,3060.0,13703.0,-0.0214893299507541
20260210,NI2610,133780.0,235.0,5269.0,0.0592016743907901
20260210,NI2611,134440.0,61.0,1083.0,0.0267777447188324
20260210,NI2612,134740.0,168.0,3299.0,-0.0002101425466941
20260210,NI2701,134530.0,40.0,469.0,0.0
20260211,NI2602,138590.0,84.0,6138.0,0.0666714770185432
20260211,NI2603,139360.0,518625.0,76440.0,0.0258323765786459
20260211,NI2604,139660.0,59558.0,46195.0,0.0292138049548906
20260211,NI2605,140000.0,215313.0,129046.0,0.0042857142857153
20260211,NI2606,140050.0,14010.0,23622.0,0.001713673687969
20260211,NI2607,140070.0,665.0,4850.0,-0.0351252944956095
20260211,NI2608,139660.0,346.0,4496.0,0.0274953458398963
20260211,NI2609,139980.0,6552.0,13836.0,-0.0205743677668244
20260211,NI2610,139740.0,404.0,5246.0,0.0240446543580938
20260211,NI2611,140020.0,117.0,1081.0,0.0299957148978728
20260211,NI2612,140370.0,427.0,3274.0,0.000201714089489
20260211,NI2701,140580.0,118.0,463.0,0.0
20260212,NI2602,139810.0,126.0,6114.0,-0.0171661540662331
20260212,NI2603,139610.0,433838.0,70629.0,0.0189098202134516
20260212,NI2604,139830.0,52529.0,49334.0,0.0283201029821924
20260212,NI2605,140160.0,199864.0,134120.0,0.0017123287671223
20260212,NI2606,140180.0,12575.0,24250.0,-0.0171208446283355
20260212,NI2607,139980.0,815.0,4829.0,0.0077153879125599
20260212,NI2608,140070.0,670.0,4505.0,0.0137074319982852
20260212,NI2609,140230.0,7440.0,13814.0,-0.0128360550524142
20260212,NI2610,140080.0,381.0,5259.0,0.0728155339805818
20260212,NI2611,140930.0,91.0,1088.0,-0.0315050024835019
20260212,NI2612,140560.0,319.0,3259.0,0.0003453281576742
20260212,NI2701,140920.0,111.0,476.0,0.0
20260213,NI2602,134130.0,66.0,6090.0,0.0948333706106003
20260213,NI2603,135190.0,379528.0,58158.0,0.0346179451142827
20260213,NI2604,135580.0,57342.0,43988.0,0.0327481929488113
20260213,NI2605,135950.0,208824.0,126320.0,0.0044133872747336
20260213,NI2606,136000.0,12184.0,25301.0,-0.0176470588235293
20260213,NI2607,135800.0,778.0,4839.0,-0.0061855670103092
20260213,NI2608,135730.0,595.0,4484.0,0.0397848670153981
20260213,NI2609,136180.0,5986.0,14424.0,-0.0290791599353794
20260213,NI2610,135850.0,452.0,5293.0,0.0150165623849831
20260213,NI2611,136020.0,152.0,1088.0,0.0247022496691675
20260213,NI2612,136300.0,473.0,3226.0,0.0004847205849621
20260213,NI2701,136790.0,166.0,459.0,0.0
20260224,NI2602,137500.0,330.0,6180.0,0.0392727272727277
20260224,NI2603,137950.0,133057.0,52788.0,0.046103660746648
20260224,NI2604,138480.0,52861.0,53493.0,0.0424610051993061
20260224,NI2605,138970.0,127922.0,151002.0,-0.0034539828740012
20260224,NI2606,138930.0,12200.0,29217.0,0.0138199093068456
20260224,NI2607,139090.0,585.0,4862.0,-0.0103530088431944
20260224,NI2608,138970.0,588.0,4480.0,0.0302223501475147
20260224,NI2609,139320.0,5665.0,15624.0,0.0
20260224,NI2610,139320.0,280.0,5297.0,0.0396210163652011
20260224,NI2611,139780.0,167.0,1105.0,0.0154528544856198
20260224,NI2612,139960.0,304.0,3286.0,0.0006261821194498
20260224,NI2701,140610.0,70.0,475.0,0.0
20260225,NI2603,141250.0,221614.0,38264.0,0.0407787610619472
20260225,NI2604,141730.0,69717.0,61866.0,0.0381006138432233
20260225,NI2605,142180.0,317653.0,188430.0,0.0118160078773383
20260225,NI2606,142320.0,16894.0,31503.0,-0.0101180438448564
20260225,NI2607,142200.0,6203.0,7521.0,0.0050632911392396
20260225,NI2608,142260.0,869.0,4578.0,0.0227752003374099
20260225,NI2609,142530.0,10405.0,17538.0,-0.0033677120606188
20260225,NI2610,142490.0,234.0,5297.0,0.0160011228858172
20260225,NI2611,142680.0,113.0,1117.0,0.0168208578637516
20260225,NI2612,142880.0,422.0,3341.0,0.0003208475407979
20260225,NI2701,143220.0,112.0,483.0,0.0536237955592797
20260225,NI2702,143860.0,28.0,8.0,0.0
20260226,NI2603,140080.0,89525.0,25240.0,0.03940605368361
20260226,NI2604,140540.0,61803.0,61288.0,0.0426924718941226
20260226,NI2605,141040.0,368199.0,205915.0,-0.0008508224617136
20260226,NI2606,141030.0,18913.0,34312.0,-0.0025526483726872
20260226,NI2607,141000.0,3810.0,8720.0,0.0161702127659575
20260226,NI2608,141190.0,640.0,4537.0,0.012748778242086
20260226,NI2609,141340.0,10327.0,19166.0,-0.0016980331116456
20260226,NI2610,141320.0,244.0,5299.0,0.0297197848853674
20260226,NI2611,141670.0,68.0,1123.0,0.011858544504836
20260226,NI2612,141810.0,315.0,3319.0,0.000513426336394
20260226,NI2701,142350.0,95.0,495.0,0.0025289778714441
20260226,NI2702,142380.0,16.0,15.0,0.0
20260227,NI2603,140320.0,52942.0,11867.0,0.0564424173318141
20260227,NI2604,140980.0,67356.0,65020.0,0.0493687047808197
20260227,NI2605,141560.0,498687.0,218744.0,0.0033907883582928
20260227,NI2606,141600.0,22726.0,35632.0,-0.0076271186440681
20260227,NI2607,141510.0,2265.0,9105.0,0.004239983040069
20260227,NI2608,141560.0,640.0,4533.0,0.019497033060186
20260227,NI2609,141790.0,10123.0,19772.0,0.0016926440510625
20260227,NI2610,141810.0,562.0,5299.0,0.0220012693039981
20260227,NI2611,142070.0,179.0,1188.0,0.0320968536636856
20260227,NI2612,142450.0,410.0,3414.0,0.0003975374761891
20260227,NI2701,142870.0,197.0,547.0,-0.0251977322041021
20260227,NI2702,142570.0,13.0,21.0,0.0
20260302,NI2603,139930.0,3251.0,10974.0,0.0403058672193239
20260302,NI2604,140400.0,80236.0,62743.0,0.0418803418803426
20260302,NI2605,140890.0,554437.0,219113.0,0.0076655546880557
20260302,NI2606,140980.0,32590.0,37260.0,0.0161725067385454
20260302,NI2607,141170.0,3353.0,9306.0,-0.0110505064815464
20260302,NI2608,141040.0,1172.0,4532.0,0.0289279636982424
20260302,NI2609,141380.0,13456.0,19927.0,0.0271608431178389
20260302,NI2610,141700.0,837.0,5406.0,0.0059280169371902
20260302,NI2611,141770.0,366.0,1166.0,0.0389363052832054
20260302,NI2612,142230.0,958.0,3646.0,0.0001801165543703
20260302,NI2701,142420.0,307.0,622.0,-0.0134812526330576
20260302,NI2702,142260.0,121.0,114.0,0.0
20260303,NI2603,134610.0,2112.0,9966.0,0.039224426119901
20260303,NI2604,135050.0,101856.0,58794.0,0.0355423917067749
20260303,NI2605,135450.0,730033.0,218764.0,0.0132890365448501
20260303,NI2606,135600.0,49477.0,38191.0,0.0141592920353978
20260303,NI2607,135760.0,5486.0,9456.0,0.0300530347672358
20260303,NI2608,136100.0,1606.0,4656.0,0.0105804555473918
20260303,NI2609,136220.0,21672.0,21696.0,0.031713404786374
20260303,NI2610,136580.0,856.0,5511.0,0.0175721189046722
20260303,NI2611,136780.0,460.0,1168.0,0.0096505337037591
20260303,NI2612,136890.0,1104.0,3714.0,0.0006303757384137
20260303,NI2701,137530.0,219.0,655.0,0.0401366974478287
20260303,NI2702,137990.0,37.0,118.0,0.0
20260304,NI2603,136730.0,1500.0,9234.0,0.0131646310246473
20260304,NI2604,136880.0,62369.0,56775.0,0.0464640561075384
20260304,NI2605,137410.0,520078.0,218571.0,0.0183392766174224
20260304,NI2606,137620.0,36166.0,38791.0,0.0209271908152883
20260304,NI2607,137860.0,4231.0,9415.0,0.024372551864209
20260304,NI2608,138140.0,1921.0,4581.0,0.0199797307079769
20260304,NI2609,138370.0,17130.0,22751.0,0.0078051600780506
20260304,NI2610,138460.0,408.0,5484.0,0.0138668207424537
20260304,NI2611,138620.0,173.0,1159.0,0.017313518972732
20260304,NI2612,138820.0,369.0,3664.0,0.0003205185277515
20260304,NI2701,139150.0,175.0,636.0,0.0448436938555527
20260304,NI2702,139670.0,42.0,125.0,0.0
20260305,NI2603,134850.0,1062.0,8634.0,0.0818687430478304
20260305,NI2604,135770.0,45424.0,55978.0,0.0441923841791265
20260305,NI2605,136270.0,464447.0,217527.0,0.0158508842738687
20260305,NI2606,136450.0,27100.0,40095.0,0.0167094173689994
20260305,NI2607,136640.0,3969.0,9749.0,0.0272248243559731
20260305,NI2608,136950.0,2189.0,4672.0,0.0376779846659367
20260305,NI2609,137380.0,15641.0,23395.0,0.0
20260305,NI2610,137380.0,384.0,5479.0,0.050662396273112
20260305,NI2611,137960.0,115.0,1140.0,0.0330530588576412
20260305,NI2612,138340.0,301.0,3658.0,0.000282645103336
20260305,NI2701,138630.0,143.0,642.0,-0.0337589266392557
20260305,NI2702,138240.0,16.0,131.0,0.0
20260306,NI2603,136300.0,528.0,8556.0,0.0281731474688182
20260306,NI2604,136620.0,35313.0,53802.0,0.0456741326306531
20260306,NI2605,137140.0,381533.0,213479.0,0.0113752369841035
20260306,NI2606,137270.0,20427.0,40873.0,0.0279740657099134
20260306,NI2607,137590.0,2526.0,9866.0,0.0156988153208814
20260306,NI2608,137770.0,1253.0,4682.0,0.0365827103142928
20260306,NI2609,138190.0,9116.0,23446.0,0.0112888052681086
20260306,NI2610,138320.0,291.0,5452.0,0.0069404279930598
20260306,NI2611,138400.0,90.0,1156.0,0.0372832369942184
20260306,NI2612,138830.0,243.0,3601.0,0.0002427995762338
20260306,NI2701,139080.0,83.0,631.0,0.0276100086281285
20260306,NI2702,139400.0,30.0,137.0,0.0
20260309,NI2603,135430.0,1974.0,7548.0,0.0505057963523585
20260309,NI2604,136000.0,73407.0,51724.0,0.0458823529411773
20260309,NI2605,136520.0,630657.0,208527.0,0.0158218576032815
20260309,NI2606,136700.0,48262.0,42477.0,0.0316020482809067
20260309,NI2607,137060.0,7480.0,10316.0,0.0122574055158315
20260309,NI2608,137200.0,3504.0,4553.0,0.0446064139941695
20260309,NI2609,137710.0,20016.0,25114.0,0.013070946191271
20260309,NI2610,137860.0,903.0,5438.0,0.0226316553024794
20260309,NI2611,138120.0,321.0,1182.0,0.0356211989574282
20260309,NI2612,138530.0,660.0,3675.0,0.0004769177487211
20260309,NI2701,139020.0,248.0,669.0,0.0069054812257238
20260309,NI2702,139100.0,69.0,177.0,0.0
20260310,NI2603,136600.0,468.0,7446.0,-0.0035139092240115
20260310,NI2604,136560.0,50818.0,50795.0,0.0430579964850617
20260310,NI2605,137050.0,501905.0,211524.0,0.0245165997811023
20260310,NI2606,137330.0,39451.0,43356.0,0.0166023447171053
20260310,NI2607,137520.0,3836.0,11203.0,0.0375218150087253
20260310,NI2608,137950.0,1718.0,4607.0,0.0260964117433859
20260310,NI2609,138250.0,15716.0,25800.0,-0.0026039783001809
20260310,NI2610,138220.0,598.0,5411.0,0.034727246418754
20260310,NI2611,138620.0,253.0,1206.0,0.0328956860481906
20260310,NI2612,139000.0,521.0,3591.0,0.0004656050440546
20260310,NI2701,139480.0,161.0,668.0,0.0283911671924288
20260310,NI2702,139810.0,32.0,180.0,0.0
20260311,NI2603,136500.0,276.0,7398.0,0.0175824175824175
20260311,NI2604,136700.0,23993.0,49851.0,0.0403803950256023
20260311,NI2605,137160.0,309179.0,210843.0,0.0131233595800521
20260311,NI2606,137310.0,18538.0,43701.0,0.020974437404412
20260311,NI2607,137550.0,2931.0,12067.0,0.0383860414394776
20260311,NI2608,137990.0,575.0,4561.0,0.024349590550039
20260311,NI2609,138270.0,7556.0,26202.0,0.0
20260311,NI2610,138270.0,190.0,5399.0,0.0425254935994781
20260311,NI2611,138760.0,67.0,1206.0,0.0354569040069172
20260311,NI2612,139170.0,184.0,3584.0,0.0002615829157291
20260311,NI2701,139440.0,47.0,656.0,0.0060240963855422
20260311,NI2702,139510.0,27.0,181.0,0.0
20260312,NI2603,137110.0,276.0,7398.0,0.0446356939683454
20260312,NI2604,137620.0,38272.0,49085.0,0.0418543816305767
20260312,NI2605,138100.0,491504.0,212958.0,0.0225923244026065
20260312,NI2606,138360.0,40432.0,45438.0,0.0182133564614055
20260312,NI2607,138570.0,3248.0,12477.0,0.011257848019051
20260312,NI2608,138700.0,831.0,4565.0,0.0415284787310747
20260312,NI2609,139180.0,12233.0,26086.0,0.0043109642189982
20260312,NI2610,139230.0,526.0,5398.0,0.0275802628743804
20260312,NI2611,139550.0,131.0,1202.0,0.0257972053027595
20260312,NI2612,139850.0,422.0,3592.0,0.0004627751242302
20260312,NI2701,140330.0,160.0,700.0,-0.0564383952112881
20260312,NI2702,139670.0,70.0,184.0,0.0
20260313,NI2603,137000.0,66.0,7350.0,-0.0446715328467157
20260313,NI2604,136490.0,26557.0,46985.0,0.0386841526851773
20260313,NI2605,136930.0,402936.0,211607.0,0.0289198860731749
20260313,NI2606,137260.0,34585.0,47364.0,0.0087425324202241
20260313,NI2607,137360.0,3824.0,13190.0,0.0148514851485135
20260313,NI2608,137530.0,661.0,4558.0,0.0331564022395118
20260313,NI2609,137910.0,10751.0,26393.0,0.0191429192951924
20260313,NI2610,138130.0,565.0,5343.0,0.03648736697314
20260313,NI2611,138550.0,90.0,1197.0,0.003464453265968
20260313,NI2612,138590.0,406.0,3496.0,0.0006907449100126
20260313,NI2701,139300.0,78.0,705.0,0.0
20260313,NI2702,139300.0,23.0,189.0,0.0
20260316,NI2603,136400.0,198.0,7452.0,-0.0466275659824049
20260316,NI2604,135870.0,26471.0,44818.0,0.0468094502097589
20260316,NI2605,136400.0,350916.0,208187.0,0.0246334310850429
20260316,NI2606,136680.0,32019.0,47135.0,0.0193151887620732
20260316,NI2607,136900.0,4211.0,14470.0,0.0131482834185545
20260316,NI2608,137050.0,542.0,4572.0,0.0306457497263759
20260316,NI2609,137400.0,11517.0,27486.0,0.0200873362445408
20260316,NI2610,137630.0,514.0,5309.0,0.0235413790597966
20260316,NI2611,137900.0,205.0,1216.0,0.0348078317621469
20260316,NI2612,138300.0,348.0,3535.0,0.0004289648785005
20260316,NI2701,138740.0,87.0,739.0,0.0596799769352758
20260316,NI2702,139430.0,17.0,190.0,0.0
20260317,NI2604,135560.0,19087.0,44266.0,0.0336382413691342
20260317,NI2605,135940.0,342807.0,207749.0,0.0282477563631022
20260317,NI2606,136260.0,32832.0,48849.0,0.0132100396301177
20260317,NI2607,136410.0,3187.0,15027.0,0.0149549153287873
20260317,NI2608,136580.0,699.0,4569.0,0.0316298140284079
20260317,NI2609,136940.0,10713.0,28016.0,0.0157733313860077
20260317,NI2610,137120.0,270.0,5274.0,0.0376312718786451
20260317,NI2611,137550.0,176.0,1230.0,0.0305343511450377
20260317,NI2612,137900.0,324.0,3555.0,0.0001466622124809
20260317,NI2701,138050.0,37.0,741.0,0.0130387540746106
20260317,NI2702,138200.0,17.0,188.0,0.1137481910274953
20260317,NI2703,139510.0,4.0,3.0,0.0
20260318,NI2604,134780.0,19022.0,39986.0,0.0373942721472024
20260318,NI2605,135200.0,260586.0,198227.0,0.0275147928994083
20260318,NI2606,135510.0,28597.0,49507.0,0.0088554350232454
20260318,NI2607,135610.0,2140.0,15152.0,0.0212373718752294
20260318,NI2608,135850.0,597.0,4595.0,0.0273831431726163
20260318,NI2609,136160.0,7576.0,28346.0,-0.002643948296122
20260318,NI2610,136130.0,1192.0,5308.0,0.0317343715566007
20260318,NI2611,136490.0,429.0,1457.0,0.0193420763425899
20260318,NI2612,136710.0,1528.0,3660.0,0.0004832668841367
20260318,NI2701,137200.0,67.0,768.0,0.0104956268221583
20260318,NI2702,137320.0,36.0,194.0,0.1048645499563072
20260318,NI2703,138520.0,3.0,5.0,0.0
20260319,NI2604,131220.0,39398.0,34068.0,0.0301783264746235
20260319,NI2605,131550.0,398352.0,186757.0,0.0255416191562138
20260319,NI2606,131830.0,58478.0,49973.0,0.0182052643556094
20260319,NI2607,132030.0,5536.0,14717.0,0.0109066121336054
20260319,NI2608,132150.0,1110.0,4690.0,0.0272417707150971
20260319,NI2609,132450.0,14355.0,28692.0,0.01902604756512
20260319,NI2610,132660.0,593.0,5311.0,-0.0099502487562195
20260319,NI2611,132550.0,231.0,1463.0,0.0579403998491123
20260319,NI2612,133190.0,780.0,3545.0,0.0002935740190367
20260319,NI2701,133480.0,307.0,886.0,-0.0197782439316749
20260319,NI2702,133260.0,31.0,185.0,0.0702386312471867
20260319,NI2703,134040.0,8.0,9.0,0.0
20260320,NI2604,132750.0,31274.0,30948.0,0.0370621468926559
20260320,NI2605,133160.0,537401.0,173136.0,0.0153199158906582
20260320,NI2606,133330.0,67789.0,55498.0,0.0234005850146248
20260320,NI2607,133590.0,6875.0,14940.0,0.0314394790029206
20260320,NI2608,133940.0,1271.0,4779.0,0.010751082574286
20260320,NI2609,134060.0,19516.0,28891.0,0.0017902431746987
20260320,NI2610,134080.0,665.0,5297.0,0.0304295942720775
20260320,NI2611,134420.0,349.0,1459.0,0.0339235232852246
20260320,NI2612,134800.0,899.0,3444.0,0.0002000466775581
20260320,NI2701,135000.0,169.0,901.0,0.1004444444444443
20260320,NI2702,136130.0,33.0,179.0,0.084624990817602
20260320,NI2703,137090.0,7.0,13.0,0.0
20260323,NI2604,132570.0,25231.0,30013.0,0.0371124688843629
20260323,NI2605,132980.0,463882.0,179706.0,0.0171454354038207
20260323,NI2606,133170.0,67186.0,59430.0,0.0180220770443799
20260323,NI2607,133370.0,5613.0,15285.0,0.0161955462247869
20260323,NI2608,133550.0,1283.0,4948.0,0.0386372145263935
20260323,NI2609,133980.0,23099.0,30555.0,-0.0053739364084197
20260323,NI2610,133920.0,804.0,5321.0,0.0224014336917575
20260323,NI2611,134170.0,470.0,1507.0,0.0286204069464108
20260323,NI2612,134490.0,1027.0,3570.0,0.0003007616789519
20260323,NI2701,134790.0,194.0,920.0,-0.0178054751836191
20260323,NI2702,134590.0,79.0,230.0,0.2220075785719588
20260323,NI2703,137080.0,65.0,37.0,0.0
20260324,NI2604,133200.0,17648.0,28847.0,0.0252252252252258
20260324,NI2605,133480.0,442345.0,181146.0,0.0206772550194793
20260324,NI2606,133710.0,65216.0,62883.0,0.0161543639219203
20260324,NI2607,133890.0,8811.0,16875.0,0.0143401299574268
20260324,NI2608,134050.0,1613.0,5486.0,0.0384930995897052
20260324,NI2609,134480.0,18944.0,31971.0,-0.0044616299821531
20260324,NI2610,134430.0,681.0,5354.0,0.0178531577772806
20260324,NI2611,134630.0,221.0,1516.0,0.041001262720048
20260324,NI2612,135090.0,494.0,3548.0,0.000489062223187
20260324,NI2701,135580.0,158.0,957.0,-0.0371736244283811
20260324,NI2702,135160.0,27.0,232.0,0.0639242379402178
20260324,NI2703,135880.0,18.0,53.0,0.0
20260325,NI2604,135790.0,28616.0,25610.0,0.0300463951690099
20260325,NI2605,136130.0,460381.0,188824.0,0.0167486960993157
20260325,NI2606,136320.0,75711.0,63845.0,0.0202464788732399
20260325,NI2607,136550.0,11405.0,19284.0,0.0123031856462834
20260325,NI2608,136690.0,2558.0,6023.0,0.0263369668593167
20260325,NI2609,136990.0,23538.0,32656.0,0.0175195269727721
20260325,NI2610,137190.0,491.0,5298.0,0.0122457905095121
20260325,NI2611,137330.0,204.0,1516.0,0.0122333066336564
20260325,NI2612,137470.0,588.0,3525.0,0.0005198274107609
20260325,NI2701,138000.0,149.0,924.0,0.057391304347826
20260325,NI2702,138660.0,44.0,259.0,0.0380787537862401
20260325,NI2703,139100.0,35.0,74.0,0.0
20260326,NI2604,135380.0,17687.0,20158.0,0.0425469050081241
20260326,NI2605,135860.0,412306.0,179895.0,0.0203150301781258
20260326,NI2606,136090.0,60166.0,64822.0,0.0114630024248665
20260326,NI2607,136220.0,10599.0,21661.0,0.0246659815005125
20260326,NI2608,136500.0,2160.0,6761.0,0.0219780219780219
20260326,NI2609,136750.0,18258.0,33872.0,0.0131627056672751
20260326,NI2610,136900.0,569.0,5381.0,-0.0026296566837111
20260326,NI2611,136870.0,101.0,1515.0,0.0526046613574928
20260326,NI2612,137470.0,439.0,3534.0,8.827257918582511e-05
20260326,NI2701,137560.0,182.0,927.0,0.0017446932247748
20260326,NI2702,137580.0,33.0,263.0,0.0174443959877894
20260326,NI2703,137780.0,23.0,80.0,0.0
20260327,NI2604,136620.0,8833.0,17736.0,0.0421607378129111
20260327,NI2605,137100.0,316027.0,182492.0,0.0192560175054694
20260327,NI2606,137320.0,50708.0,68615.0,0.0183512962423524
20260327,NI2607,137530.0,11462.0,26025.0,0.0174507380207948
20260327,NI2608,137730.0,3013.0,8109.0,0.0261380962753214
20260327,NI2609,138030.0,17220.0,34658.0,-0.0052162573353613
20260327,NI2610,137970.0,177.0,5367.0,0.0321809088932383
20260327,NI2611,138340.0,51.0,1509.0,0.0104091369090655
20260327,NI2612,138460.0,203.0,3513.0,0.0004284691802443
20260327,NI2701,138900.0,41.0,928.0,-0.0259179265658748
20260327,NI2702,138600.0,1.0,263.0,0.0242424242424244
20260327,NI2703,138880.0,11.0,81.0,0.0
20260330,NI2604,136540.0,6394.0,15479.0,0.0509740735315649
20260330,NI2605,137120.0,336342.0,176244.0,0.0157526254375719
20260330,NI2606,137300.0,62685.0,73512.0,0.0209759650400593
20260330,NI2607,137540.0,15158.0,30003.0,0.0148320488585147
20260330,NI2608,137710.0,7374.0,12329.0,0.0357272529228085
20260330,NI2609,138120.0,25860.0,38900.0,0.0130321459600351
20260330,NI2610,138270.0,534.0,5452.0,0.0199609459752663
20260330,NI2611,138500.0,144.0,1499.0,0.0190613718411549
20260330,NI2612,138720.0,431.0,3506.0,0.0001166362116558
20260330,NI2701,138840.0,118.0,896.0,-0.0207433016421783
20260330,NI2702,138600.0,54.0,234.0,0.0363636363636352
20260330,NI2703,139020.0,24.0,78.0,0.0
20260331,NI2604,137480.0,7806.0,12259.0,-0.2356706430026189
20260331,NI2605,134780.0,290411.0,164700.0,0.0267101943908585
20260331,NI2606,135080.0,65930.0,80664.0,0.0257625111045305
20260331,NI2607,135370.0,17469.0,35050.0,0.0310260766787315
20260331,NI2608,135720.0,6546.0,13607.0,0.0282935455349244
20260331,NI2609,136040.0,20689.0,41625.0,0.0061746545133791
20260331,NI2610,136110.0,424.0,5554.0,0.0423187128058195
20260331,NI2611,136590.0,185.0,1518.0,0.0245991653854611
20260331,NI2612,136870.0,330.0,3585.0,0.0001379148425102
20260331,NI2701,137010.0,109.0,889.0,0.025399605868186
20260331,NI2702,137300.0,16.0,228.0,0.0384559359067742
20260331,NI2703,137740.0,24.0,76.0,0.0
20260401,NI2604,133950.0,1273.0,11904.0,0.052855543113103
20260401,NI2605,134540.0,241171.0,159367.0,0.0258659134829795
20260401,NI2606,134830.0,45449.0,80596.0,0.0267002892531325
20260401,NI2607,135130.0,10652.0,35901.0,0.023976911122622
20260401,NI2608,135400.0,3018.0,13964.0,0.0327917282127039
20260401,NI2609,135770.0,16303.0,42261.0,0.0106061722029915
20260401,NI2610,135890.0,287.0,5595.0,0.0353226874678052
20260401,NI2611,136290.0,130.0,1524.0,0.0316971164428787
20260401,NI2612,136650.0,249.0,3594.0,9.866919917611946e-05
20260401,NI2701,136750.0,92.0,869.0,0.0184277879341863
20260401,NI2702,136960.0,4.0,227.0,0.0236565420560745
20260401,NI2703,137230.0,35.0,80.0,0.0
20260402,NI2604,133480.0,1026.0,11664.0,0.0224752771950855
20260402,NI2605,133730.0,247416.0,156414.0,0.0305092350257973
20260402,NI2606,134070.0,54509.0,81495.0,0.0187961512642651
20260402,NI2607,134280.0,8764.0,36407.0,0.0116175156389646
20260402,NI2608,134410.0,3558.0,14839.0,0.0491034893237118
20260402,NI2609,134960.0,15502.0,42922.0,0.0231179608772968
20260402,NI2610,135220.0,379.0,5573.0,0.0248483952078091
20260402,NI2611,135500.0,224.0,1554.0,0.0230258302583017
20260402,NI2612,135760.0,380.0,3606.0,0.0004667854045142
20260402,NI2701,136230.0,46.0,883.0,0.0052851794758854
20260402,NI2702,136290.0,3.0,228.0,0.0220118864186655
20260402,NI2703,136540.0,7.0,81.0,0.0
20260403,NI2604,133440.0,738.0,11484.0,0.0494604316546762
20260403,NI2605,133990.0,209959.0,150027.0,0.0268676766922899
20260403,NI2606,134290.0,40908.0,81384.0,0.0223397125623661
20260403,NI2607,134540.0,5804.0,36136.0,0.0276497695852526
20260403,NI2608,134850.0,1604.0,14982.0,0.0311457174638478
20260403,NI2609,135200.0,12687.0,43187.0,0.0213017751479283
20260403,NI2610,135440.0,113.0,5559.0,0.0363260484347325
20260403,NI2611,135850.0,66.0,1557.0,0.0203165255796831
20260403,NI2612,136080.0,166.0,3608.0,0.0002477062402156
20260403,NI2701,136330.0,17.0,878.0,0.0035208684808916
20260403,NI2702,136370.0,2.0,228.0,0.1003153186184633
20260403,NI2703,137510.0,2.0,82.0,0.0
20260407,NI2604,133000.0,1068.0,11262.0,0.0207518796992483
20260407,NI2605,133230.0,136101.0,153839.0,0.0243188471065067
20260407,NI2606,133500.0,34826.0,83885.0,0.0242696629213474
20260407,NI2607,133770.0,5651.0,36700.0,0.0322942363758684
20260407,NI2608,134130.0,2012.0,15184.0,0.029523596510848
20260407,NI2609,134460.0,10568.0,43588.0,0.0223114680946014
20260407,NI2610,134710.0,171.0,5564.0,0.0124712345037476
20260407,NI2611,134850.0,79.0,1562.0,0.0222469410456067
20260407,NI2612,135100.0,200.0,3621.0,0.0003592844251865
20260407,NI2701,135460.0,23.0,876.0,0.0752989812490767
20260407,NI2702,136310.0,7.0,229.0,-0.0052820776171955
20260407,NI2703,136250.0,7.0,86.0,0.0
20260408,NI2604,133940.0,1386.0,10698.0,0.0394206361057198
20260408,NI2605,134380.0,229986.0,147479.0,0.0232177407352276
20260408,NI2606,134640.0,58415.0,86338.0,0.0178253119429596
20260408,NI2607,134840.0,9502.0,37502.0,0.0249184218332834
20260408,NI2608,135120.0,2882.0,15370.0,0.0346358792184737
20260408,NI2609,135510.0,17638.0,44203.0,0.0150542395395181
20260408,NI2610,135680.0,510.0,5566.0,0.0283018867924518
20260408,NI2611,136000.0,170.0,1580.0,0.018529411764705
20260408,NI2612,136210.0,339.0,3671.0,0.0001583806894344
20260408,NI2701,136370.0,64.0,871.0,0.0422380288919841
20260408,NI2702,136850.0,17.0,232.0,0.0017537449762512
20260408,NI2703,136870.0,18.0,90.0,0.0
20260409,NI2604,133000.0,102.0,10680.0,0.0270676691729327
20260409,NI2605,133300.0,182166.0,143681.0,0.0288072018004488
20260409,NI2606,133620.0,47569.0,87726.0,0.0251459362370907
20260409,NI2607,133900.0,8115.0,38005.0,0.02419716206124
20260409,NI2608,134170.0,2494.0,15714.0,0.0223596929268836
20260409,NI2609,134420.0,15344.0,44680.0,0.0035708971879193
20260409,NI2610,134460.0,1334.0,5440.0,0.0142793395805451
20260409,NI2611,134620.0,1170.0,2005.0,0.0329817263408118
20260409,NI2612,134990.0,2236.0,3899.0,0.000299647664288
20260409,NI2701,135290.0,765.0,1119.0,0.0381402912262558
20260409,NI2702,135720.0,599.0,486.0,0.0229885057471266
20260409,NI2703,135980.0,476.0,414.0,0.0
20260410,NI2604,133500.0,294.0,10464.0,-0.0440449438202246
20260410,NI2605,133010.0,185130.0,142947.0,0.0279678219682724
20260410,NI2606,133320.0,51891.0,92567.0,0.0252025202520256
20260410,NI2607,133600.0,6772.0,38347.0,0.0278443113772457
20260410,NI2608,133910.0,2507.0,16146.0,0.0241953550892386
20260410,NI2609,134180.0,13677.0,45002.0,0.0035772842450452
20260410,NI2610,134220.0,1636.0,5452.0,0.0178810907465356
20260410,NI2611,134420.0,1302.0,2219.0,0.0142835887516747
20260410,NI2612,134580.0,1863.0,4403.0,0.0003005605454172
20260410,NI2701,134880.0,84.0,1147.0,0.0409252669039146
20260410,NI2702,135340.0,38.0,485.0,0.0301462982119096
20260410,NI2703,135680.0,171.0,437.0,0.0
20260413,NI2604,134700.0,96.0,10446.0,0.1959910913140321
20260413,NI2605,136900.0,293438.0,141416.0,0.0298027757487222
20260413,NI2606,137240.0,107044.0,103867.0,0.0192363742349179
20260413,NI2607,137460.0,17651.0,39988.0,0.0209515495416843
20260413,NI2608,137700.0,5789.0,16558.0,0.0156862745098038
20260413,NI2609,137880.0,24011.0,45893.0,0.0008703220191463
20260413,NI2610,137890.0,1589.0,5598.0,0.0069620712161855
20260413,NI2611,137970.0,1463.0,2206.0,0.0017395085888249
20260413,NI2612,137990.0,2457.0,4769.0,0.0003029042163127
20260413,NI2701,138300.0,130.0,1165.0,0.0086767895878514
20260413,NI2702,138400.0,82.0,486.0,0.0320809248554905
20260413,NI2703,138770.0,149.0,436.0,0.0
20260414,NI2604,136660.0,612.0,9846.0,0.2476218352114729
20260414,NI2605,139480.0,336743.0,134115.0,0.0352738743905929
20260414,NI2606,139890.0,142192.0,120516.0,0.0171563371220235
20260414,NI2607,140090.0,22750.0,41730.0,0.0205582125776286
20260414,NI2608,140330.0,5631.0,17115.0,0.0290743248058147
20260414,NI2609,140670.0,36474.0,46123.0,0.0068244828321608
20260414,NI2610,140750.0,1239.0,5555.0,-0.0076731793960926
20260414,NI2611,140660.0,586.0,2150.0,0.0136499360159261
20260414,NI2612,140820.0,989.0,4661.0,0.0001819200222133
20260414,NI2701,141010.0,118.0,1131.0,-0.0161690660236857
20260414,NI2702,140820.0,38.0,484.0,0.0681721346399664
20260414,NI2703,141620.0,55.0,443.0,0.0
20260415,NI2604,140900.0,126.0,9960.0,0.0425833924769332
20260415,NI2605,141400.0,395093.0,124013.0,0.0330975954738335
20260415,NI2606,141790.0,175976.0,123784.0,0.0203117286127367
20260415,NI2607,142030.0,36913.0,45666.0,0.0261916496514817
20260415,NI2608,142340.0,11602.0,17741.0,0.0311929183644785
20260415,NI2609,142710.0,49791.0,48186.0,-0.0016817321841497
20260415,NI2610,142690.0,1456.0,5715.0,0.0016819679024466
20260415,NI2611,142710.0,635.0,2001.0,0.0210216523018704
20260415,NI2612,142960.0,1080.0,4591.0,0.0001886282326163
20260415,NI2701,143160.0,200.0,1117.0,0.0041911148365452
20260415,NI2702,143210.0,91.0,471.0,0.0452482368549693
20260415,NI2703,143750.0,57.0,440.0,0.0
20260416,NI2605,141900.0,245907.0,115850.0,0.0312896405919671
20260416,NI2606,142270.0,109057.0,125291.0,0.0269909327335353
20260416,NI2607,142590.0,19023.0,47871.0,0.0193561960866812
20260416,NI2608,142820.0,6709.0,18706.0,0.0378098305559451
20260416,NI2609,143270.0,28527.0,50299.0,-0.0050254763732811
20260416,NI2610,143210.0,986.0,5978.0,0.0075413728091611
20260416,NI2611,143300.0,409.0,2068.0,0.0284717376133984
20260416,NI2612,143640.0,495.0,4510.0,0.0001126411534454
20260416,NI2701,143760.0,177.0,1126.0,0.0058430717863116
20260416,NI2702,143830.0,25.0,469.0,0.0250295487728564
20260416,NI2703,144130.0,60.0,443.0,-0.0141538888503438
20260416,NI2704,143960.0,2.0,1.0,0.0
20260417,NI2605,143730.0,328664.0,109860.0,0.0425798371947392
20260417,NI2606,144240.0,192968.0,146132.0,0.017470881863562
20260417,NI2607,144450.0,26969.0,51593.0,0.0207684319833862
20260417,NI2608,144700.0,7462.0,19555.0,0.0323427781617127
20260417,NI2609,145090.0,34209.0,53518.0,0.0124060927700044
20260417,NI2610,145240.0,691.0,6014.0,-0.0074359680528779
20260417,NI2611,145150.0,290.0,2106.0,0.0223217361350327
20260417,NI2612,145420.0,728.0,4433.0,0.0001298061098499
20260417,NI2701,145560.0,115.0,1124.0,0.0148392415498772
20260417,NI2702,145740.0,40.0,461.0,0.0337587484561554
20260417,NI2703,146150.0,66.0,438.0,0.0246322271638721
20260417,NI2704,146450.0,13.0,7.0,0.0
20260420,NI2605,141490.0,351660.0,89489.0,0.0373171248851518
20260420,NI2606,141930.0,259425.0,135540.0,0.0253646163601777
20260420,NI2607,142230.0,40091.0,51414.0,0.0286859312381366
20260420,NI2608,142570.0,15538.0,18414.0,0.0235673704145344
20260420,NI2609,142850.0,54295.0,54041.0,0.0193209660483013
20260420,NI2610,143080.0,1886.0,5885.0,0.017612524461839
20260420,NI2611,143290.0,810.0,2224.0,0.0192616372391665
20260420,NI2612,143520.0,2188.0,4748.0,0.0002160760587726
20260420,NI2701,143750.0,198.0,1116.0,0.042573913043479
20260420,NI2702,144260.0,93.0,456.0,0.0108138084014983
20260420,NI2703,144390.0,89.0,419.0,0.0
20260420,NI2704,144390.0,52.0,28.0,0.0
20260421,NI2605,140010.0,170507.0,78441.0,0.0385686736661661
20260421,NI2606,140460.0,137442.0,135670.0,0.0239214011106376
20260421,NI2607,140740.0,20230.0,52235.0,0.0272843541281808
20260421,NI2608,141060.0,5116.0,18399.0,0.0280731603572945
20260421,NI2609,141390.0,30985.0,50643.0,0.0144281773817089
20260421,NI2610,141560.0,818.0,5822.0,0.019497033060186
20260421,NI2611,141790.0,460.0,2297.0,0.0143874744340219
20260421,NI2612,141960.0,1035.0,5031.0,0.0004369010419139
20260421,NI2701,142420.0,61.0,1116.0,-0.003370313158264
20260421,NI2702,142380.0,9.0,456.0,0.0126422250316045
20260421,NI2703,142530.0,14.0,417.0,0.0614607451062942
20260421,NI2704,143260.0,15.0,40.0,0.0
20260422,NI2605,141540.0,142814.0,67672.0,0.0398473929631189
20260422,NI2606,142010.0,170465.0,143451.0,0.0261953383564526
20260422,NI2607,142320.0,21576.0,52782.0,0.0168634064080954
20260422,NI2608,142520.0,6452.0,20383.0,0.0378894190289091
20260422,NI2609,142970.0,26662.0,50378.0,0.0201440861719248
20260422,NI2610,143210.0,4070.0,5338.0,0.020110327491098
20260422,NI2611,143450.0,318.0,2313.0,0.0250958522133144
20260422,NI2612,143750.0,1063.0,5431.0,0.0002720078163165
20260422,NI2701,144040.0,62.0,1119.0,0.0274923632324366
20260422,NI2702,144370.0,16.0,455.0,0.0149615571102028
20260422,NI2703,144550.0,49.0,428.0,0.0182635766170875
20260422,NI2704,144770.0,28.0,38.0,0.0
20260423,NI2605,141630.0,121725.0,52359.0,0.0415166278330865
20260423,NI2606,142120.0,294559.0,153207.0,0.0244863495637499
20260423,NI2607,142410.0,29961.0,54078.0,0.0235938487465761
20260423,NI2608,142690.0,7407.0,21564.0,0.0361623099025862
20260423,NI2609,143120.0,34149.0,51412.0,0.0243152599217442
20260423,NI2610,143410.0,838.0,5324.0,0.0200822815703229
20260423,NI2611,143650.0,335.0,2357.0,0.023390184476157
20260423,NI2612,143930.0,846.0,5411.0,-9.367849695977572e-06
20260423,NI2701,143920.0,58.0,1116.0,-0.0333518621456363
20260423,NI2702,143520.0,27.0,453.0,0.0903010033444822
20260423,NI2703,144600.0,45.0,445.0,-0.0049792531120331
20260423,NI2704,144540.0,32.0,53.0,0.0
20260424,NI2605,144180.0,139362.0,47836.0,0.047440699126092
20260424,NI2606,144750.0,455968.0,175990.0,0.0281865284974101
20260424,NI2607,145090.0,39203.0,55519.0,0.0264663312426769
20260424,NI2608,145410.0,9474.0,23290.0,0.0297090984113896
20260424,NI2609,145770.0,44905.0,52436.0,0.0205803663305195
20260424,NI2610,146020.0,2082.0,5566.0,0.0180797151075182
20260424,NI2611,146240.0,654.0,2406.0,0.0188730853391678
20260424,NI2612,146470.0,1411.0,5389.0,0.0002577511366748
20260424,NI2701,146750.0,247.0,1106.0,0.0106303236797273
20260424,NI2702,146880.0,38.0,451.0,0.0236928104575167
20260424,NI2703,147170.0,44.0,449.0,0.0008153835700204
20260424,NI2704,147180.0,31.0,59.0,0.0
20260427,NI2605,148780.0,95118.0,32690.0,0.0427476811399376
20260427,NI2606,149310.0,524003.0,191745.0,0.0281293952180039
20260427,NI2607,149660.0,41731.0,59740.0,0.0264599759454764
20260427,NI2608,149990.0,11926.0,25255.0,0.0312020801386765
20260427,NI2609,150380.0,61212.0,56568.0,0.033515095092433
20260427,NI2610,150800.0,11735.0,4937.0,0.0238726790450929
20260427,NI2611,151100.0,7588.0,2110.0,0.0262078093977509
20260427,NI2612,151430.0,8089.0,4483.0,0.0001869814880906
20260427,NI2701,151640.0,481.0,1226.0,0.0276971775257193
20260427,NI2702,151990.0,71.0,452.0,0.017369563787092
20260427,NI2703,152210.0,109.0,485.0,0.0141909204388674
20260427,NI2704,152390.0,94.0,83.0,0.0
20260428,NI2605,148780.0,57815.0,23231.0,0.045167361204462
20260428,NI2606,149340.0,554031.0,180432.0,0.0393732422659711
20260428,NI2607,149830.0,61074.0,66840.0,0.0272308616431953
20260428,NI2608,150170.0,17433.0,29230.0,0.0263701138709455
20260428,NI2609,150500.0,56719.0,57118.0,0.0191362126245842
20260428,NI2610,150740.0,4301.0,4888.0,0.0302507629030124
20260428,NI2611,151120.0,587.0,1988.0,0.0230280571731062
20260428,NI2612,151410.0,1374.0,4505.0,0.0001068606781645
20260428,NI2701,151530.0,178.0,1207.0,0.0293011284894086
20260428,NI2702,151900.0,25.0,449.0,0.023699802501647
20260428,NI2703,152200.0,111.0,502.0,0.0141918528252302
20260428,NI2704,152380.0,112.0,81.0,0.0
20260429,NI2605,149970.0,22610.0,20422.0,0.0464092818563717
20260429,NI2606,150550.0,477929.0,176516.0,0.0334772500830293
20260429,NI2607,150970.0,53901.0,71319.0,0.0262303768960716
20260429,NI2608,151300.0,9459.0,29319.0,0.0325181758096491
20260429,NI2609,151710.0,43588.0,58719.0,0.0253114494759731
20260429,NI2610,152030.0,1535.0,4791.0,0.0276261264224171
20260429,NI2611,152380.0,363.0,1962.0,0.0220501378133626
20260429,NI2612,152660.0,609.0,4476.0,0.0002649642224698
20260429,NI2701,152960.0,220.0,1208.0,0.022751046025105
20260429,NI2702,153250.0,26.0,452.0,-0.0054812398042418
20260429,NI2703,153180.0,56.0,503.0,0.0470035252643938
20260429,NI2704,153780.0,28.0,91.0,0.0
20260430,NI2605,148100.0,16280.0,15493.0,0.062390276839972
20260430,NI2606,148870.0,403885.0,160841.0,0.0346611137233834
20260430,NI2607,149300.0,52829.0,72273.0,0.0337575351640992
20260430,NI2608,149720.0,7156.0,29273.0,0.0232433876569606
20260430,NI2609,150010.0,40441.0,58439.0,0.0159989334044396
20260430,NI2610,150210.0,2855.0,5124.0,0.0119832234871184
20260430,NI2611,150360.0,534.0,1945.0,0.0223463687150831
20260430,NI2612,150640.0,1306.0,4757.0,0.0003938252967115
20260430,NI2701,151080.0,139.0,1220.0,0.021445591739476
20260430,NI2702,151350.0,57.0,453.0,0.030128840436074
20260430,NI2703,151730.0,88.0,500.0,0.0166084492190066
20260430,NI2704,151940.0,53.0,82.0,0.0
20260506,NI2605,154180.0,1663.0,15048.0,0.0396938643144366
20260506,NI2606,154690.0,243189.0,177312.0,0.0201693710000654
20260506,NI2607,154950.0,44935.0,76137.0,0.0271055179090033
20260506,NI2608,155300.0,11001.0,31297.0,0.0200901481004516
20260506,NI2609,155560.0,28954.0,60300.0,0.0293134481871959
20260506,NI2610,155940.0,1906.0,5041.0,0.0076952674105434
20260506,NI2611,156040.0,350.0,1885.0,0.0076903358113291
20260506,NI2612,156140.0,826.0,4775.0,0.0002590587818768
20260506,NI2701,156440.0,313.0,1219.0,0.0176425466632572
20260506,NI2702,156670.0,64.0,453.0,0.0321695283079082
20260506,NI2703,157090.0,50.0,500.0,0.0236806925966019
20260506,NI2704,157400.0,93.0,140.0,0.0
20260507,NI2605,149060.0,2478.0,14172.0,0.0515228766939488
20260507,NI2606,149700.0,427375.0,161941.0,0.0344689378757507
20260507,NI2607,150130.0,73424.0,78921.0,0.0223806034769857
20260507,NI2608,150410.0,15326.0,31877.0,0.0366996875207767
20260507,NI2609,150870.0,60716.0,64939.0,0.023861602704315
20260507,NI2610,151170.0,2985.0,5210.0,0.0277832903353836
20260507,NI2611,151520.0,678.0,1945.0,0.0182154171066519
20260507,NI2612,151750.0,1402.0,4655.0,0.0001332765673879
20260507,NI2701,151900.0,334.0,1258.0,0.013429888084266
20260507,NI2702,152070.0,106.0,455.0,0.0244624186230035
20260507,NI2703,152380.0,154.0,506.0,0.0385877411733819
20260507,NI2704,152870.0,141.0,160.0,0.0
20260508,NI2605,145600.0,2286.0,13170.0,0.0700549450549461
20260508,NI2606,146450.0,344055.0,153570.0,0.0360532604984635
20260508,NI2607,146890.0,54435.0,81450.0,0.023691197494724
20260508,NI2608,147180.0,15368.0,33314.0,0.0309824704443535
20260508,NI2609,147560.0,47816.0,65933.0,0.0235836269991862
20260508,NI2610,147850.0,2188.0,5186.0,0.0259722691917474
20260508,NI2611,148170.0,393.0,1944.0,0.0234865357359783
20260508,NI2612,148460.0,887.0,4840.0,0.0002997061971067
20260508,NI2701,148790.0,255.0,1334.0,0.0
20260508,NI2702,148790.0,35.0,461.0,0.0338732441696363
20260508,NI2703,149210.0,78.0,495.0,0.0136720058977282
20260508,NI2704,149380.0,115.0,172.0,0.0
20260511,NI2605,147290.0,390.0,13248.0,0.026885735623600304
20260511,NI2606,147620.0,290918.0,150353.0,0.04227069502777514
20260511,NI2607,148140.0,52458.0,83848.0,0.027541514783314014
20260511,NI2608,148480.0,6943.0,33298.0,0.029903017241378116
20260511,NI2609,148850.0,32236.0,67262.0,0.03385959019146689
20260511,NI2610,149270.0,1885.0,5158.0,0.024117371206537896
20260511,NI2611,149570.0,578.0,1878.0,0.020057498161395237
20260511,NI2612,149820.0,831.0,5065.0,0.00019799039746572447
20260511,NI2701,150040.0,136.0,1339.0,0.0255931751532934
20260511,NI2702,150360.0,51.0,460.0,0.07023144453312025
20260511,NI2703,151240.0,46.0,489.0,0.003967204443267924
20260511,NI2704,151290.0,84.0,211.0,0.0
