date,symbol,close,volume,open_interest,roll_yield
20250526,BU2506,3539.0,24608.0,37984.0,-0.0441614086517738
20250526,BU2507,3526.0,255407.0,145481.0,-0.0648373538116494
20250526,BU2508,3507.0,12684.0,18317.0,-0.0996426627113969
20250526,BU2509,3478.0,83552.0,144137.0,-0.1632678246693431
20250526,BU2510,3431.0,6706.0,8718.0,-0.1974772746218345
20250526,BU2511,3375.0,3654.0,5350.0,-0.2805883228187893
20250526,BU2512,3297.0,5598.0,26422.0,-0.1427934469168879
20250526,BU2601,3258.0,24.0,679.0,-0.0331950419146822
20250526,BU2602,3249.0,0.0,9.0,0.0331950419146813
20250526,BU2603,3258.0,6.0,102.0,-0.0331950419146822
20250526,BU2604,3249.0,2.0,31.0,-0.0555299463845772
20250526,BU2605,3234.0,0.0,0.0,0.0960892106844144
20250526,BU2606,3260.0,13.0,165.0,-0.0172149051448671
20250526,BU2609,3246.0,4.0,37.0,-0.0259620753786545
20250526,BU2612,3225.0,6.0,90.0,0.0197958956466984
20250526,BU2703,3241.0,4.0,18.0,0.0
20250527,BU2506,3523.0,25910.0,32675.0,-0.0238670344340396
20250527,BU2507,3516.0,290517.0,129546.0,-0.0650222609003007
20250527,BU2508,3497.0,14376.0,18516.0,-0.1103139052724665
20250527,BU2509,3465.0,102413.0,143664.0,-0.1709082805865172
20250527,BU2510,3416.0,14303.0,17087.0,-0.2126458478563644
20250527,BU2511,3356.0,4683.0,9655.0,-0.2821956993998621
20250527,BU2512,3278.0,6326.0,28164.0,-0.1399218062087993
20250527,BU2601,3240.0,126.0,708.0,0.0258979597976499
20250527,BU2602,3247.0,4.0,13.0,-0.0481407835895262
20250527,BU2603,3234.0,2.0,102.0,-0.0483346896702401
20250527,BU2604,3221.0,3.0,34.0,0.0483346896702394
20250527,BU2605,3234.0,0.0,0.0,0.0407470680136572
20250527,BU2606,3245.0,5.0,167.0,-0.0086379796024397
20250527,BU2609,3238.0,3.0,38.0,-0.0322482366837126
20250527,BU2612,3212.0,2.0,89.0,0.0211147827664913
20250527,BU2703,3229.0,1.0,18.0,0.0
20250528,BU2506,3489.0,15663.0,26977.0,-0.0275466405040228
20250528,BU2507,3481.0,243540.0,121765.0,-0.0345224633958319
20250528,BU2508,3471.0,15705.0,22388.0,-0.0971946302791494
20250528,BU2509,3443.0,101720.0,160844.0,-0.1578739332797575
20250528,BU2510,3398.0,23034.0,30878.0,-0.195820989741344
20250528,BU2511,3343.0,4246.0,13498.0,-0.2796313546762586
20250528,BU2512,3266.0,3882.0,28982.0,-0.1107359442243371
20250528,BU2601,3236.0,141.0,699.0,-0.0259860890412854
20250528,BU2602,3229.0,2.0,13.0,-0.0074349444757602
20250528,BU2603,3227.0,3.0,104.0,-0.0148837228382872
20250528,BU2604,3223.0,3.0,34.0,0.0408858998593722
20250528,BU2605,3234.0,0.0,0.0,-0.0520608191831775
20250528,BU2606,3220.0,15.0,172.0,-0.008705117690382
20250528,BU2609,3213.0,3.0,38.0,-0.0199688402240681
20250528,BU2612,3197.0,17.0,82.0,0.0361204385012511
20250528,BU2703,3226.0,11.0,26.0,0.0
20250529,BU2506,3507.0,16952.0,22115.0,0.0239282232823733
20250529,BU2507,3514.0,298546.0,113112.0,-0.0307736313402249
20250529,BU2508,3505.0,13833.0,23061.0,-0.0755583492322712
20250529,BU2509,3483.0,132458.0,161038.0,-0.1630318471422618
20250529,BU2510,3436.0,34782.0,49343.0,-0.1936377647551199
20250529,BU2511,3381.0,6413.0,18797.0,-0.2619329587716489
20250529,BU2512,3308.0,7285.0,30709.0,-0.1056633515872037
20250529,BU2601,3279.0,95.0,700.0,-0.1843920730364762
20250529,BU2602,3229.0,0.0,13.0,0.1367220332656223
20250529,BU2603,3266.0,3.0,103.0,-0.1553180388466975
20250529,BU2604,3224.0,0.0,34.0,0.0371632381263982
20250529,BU2605,3234.0,0.0,0.0,0.0666051663677885
20250529,BU2606,3252.0,24.0,172.0,0.002459268445128
20250529,BU2609,3254.0,8.0,37.0,-0.0382896238541808
20250529,BU2612,3223.0,9.0,82.0,0.0481116054620853
20250529,BU2703,3262.0,3.0,27.0,0.0
20250530,BU2506,3452.0,18125.0,13727.0,0.0173686526196705
20250530,BU2507,3457.0,295344.0,100590.0,-0.0661350477459597
20250530,BU2508,3438.0,32968.0,24181.0,-0.0840633910609042
20250530,BU2509,3414.0,175602.0,165891.0,-0.1699143432436153
20250530,BU2510,3366.0,37778.0,58918.0,-0.2122039412275025
20250530,BU2511,3307.0,6631.0,23290.0,-0.2567335086665806
20250530,BU2512,3237.0,13336.0,32674.0,-0.119218614857687
20250530,BU2601,3205.0,82.0,711.0,0.0037435657767335
20250530,BU2602,3206.0,2.0,13.0,-0.0187295183956227
20250530,BU2603,3201.0,12.0,100.0,0.0486360759311369
20250530,BU2604,3214.0,4.0,34.0,-0.0636407668513978
20250530,BU2605,3197.0,3.0,3.0,0.0412178391187636
20250530,BU2606,3208.0,26.0,184.0,0.0074743092442109
20250530,BU2609,3214.0,4.0,39.0,-0.0249688700900005
20250530,BU2612,3194.0,4.0,83.0,0.0324292390539846
20250530,BU2703,3220.0,5.0,26.0,0.0
20250603,BU2506,3479.0,6333.0,12177.0,0.0103433421143065
20250603,BU2507,3482.0,196526.0,95984.0,-0.0310568110087246
20250603,BU2508,3473.0,20176.0,23757.0,-0.0588830738415337
20250603,BU2509,3456.0,138898.0,167709.0,-0.1643142934325183
20250603,BU2510,3409.0,29307.0,62965.0,-0.1630267247716014
20250603,BU2511,3363.0,6248.0,26259.0,-0.2597035535631564
20250603,BU2512,3291.0,8493.0,32992.0,-0.07681782062449
20250603,BU2601,3270.0,170.0,794.0,0.0329821554401891
20250603,BU2602,3279.0,2.0,15.0,-0.0697356298067391
20250603,BU2603,3260.0,5.0,100.0,0.0183908081973385
20250603,BU2604,3265.0,2.0,35.0,-0.2525627118082792
20250603,BU2605,3197.0,0.0,3.0,0.1232312058823282
20250603,BU2606,3230.0,7.0,185.0,0.0283820410265965
20250603,BU2609,3253.0,7.0,42.0,-0.003690604598273
20250603,BU2612,3250.0,5.0,82.0,-0.0284083330872854
20250603,BU2703,3227.0,0.0,26.0,0.0
20250604,BU2506,3503.0,5527.0,9633.0,0.0102725074043161
20250604,BU2507,3506.0,164532.0,89446.0,-0.0480137822602439
20250604,BU2508,3492.0,13787.0,23947.0,-0.079299239876917
20250604,BU2509,3469.0,134047.0,173831.0,-0.1636943102113311
20250604,BU2510,3422.0,28222.0,66381.0,-0.1766296239647123
20250604,BU2511,3372.0,6537.0,28452.0,-0.2517323357000729
20250604,BU2512,3302.0,11370.0,35060.0,-0.1131911633002722
20250604,BU2601,3271.0,29.0,802.0,0.0073349635535587
20250604,BU2602,3273.0,0.0,15.0,-0.0367197348943192
20250604,BU2603,3263.0,1.0,100.0,-0.0663800094615625
20250604,BU2604,3245.0,2.0,35.0,-0.0036985668346417
20250604,BU2605,3244.0,2.0,4.0,0.0406216728883933
20250604,BU2606,3255.0,8.0,187.0,0.0122699482714475
20250604,BU2609,3265.0,7.0,41.0,-0.0233451745439796
20250604,BU2612,3246.0,12.0,79.0,0.0098461588177861
20250604,BU2703,3254.0,2.0,25.0,0.0
20250605,BU2506,3493.0,5158.0,7173.0,0.0137339070785268
20250605,BU2507,3497.0,133237.0,85190.0,-0.0446927890917892
20250605,BU2508,3484.0,12019.0,24465.0,-0.0829496390474814
20250605,BU2509,3460.0,112872.0,175837.0,-0.1570931525625534
20250605,BU2510,3415.0,23418.0,69370.0,-0.1805610109446216
20250605,BU2511,3364.0,5758.0,30825.0,-0.2669181280010528
20250605,BU2512,3290.0,4626.0,36883.0,-0.1504836970838074
20250605,BU2601,3249.0,46.0,819.0,-0.0481110898886154
20250605,BU2602,3236.0,2.0,16.0,-0.0185557482466086
20250605,BU2603,3231.0,14.0,100.0,0.0
20250605,BU2604,3231.0,9.0,36.0,0.0
20250605,BU2605,3231.0,13.0,13.0,-0.0037145952935529
20250605,BU2606,3230.0,25.0,196.0,0.0185328516859527
20250605,BU2609,3245.0,8.0,39.0,-0.0371519698658824
20250605,BU2612,3215.0,31.0,83.0,0.0272784690180983
20250605,BU2703,3237.0,5.0,23.0,0.0
20250606,BU2506,3509.0,3065.0,5441.0,0.0
20250606,BU2507,3509.0,106560.0,81277.0,-0.0342465985863253
20250606,BU2508,3499.0,10726.0,25579.0,-0.0722375694415157
20250606,BU2509,3478.0,117772.0,181092.0,-0.1527798414816899
20250606,BU2510,3434.0,21257.0,72917.0,-0.1831021439867431
20250606,BU2511,3382.0,6787.0,33596.0,-0.250980167440503
20250606,BU2512,3312.0,2885.0,37063.0,-0.1348124092295761
20250606,BU2601,3275.0,20.0,825.0,-0.0440502177123807
20250606,BU2602,3263.0,1.0,15.0,-0.0589862938856954
20250606,BU2603,3247.0,4.0,99.0,-0.0110922824105086
20250606,BU2604,3244.0,5.0,37.0,-0.0222153719726771
20250606,BU2605,3238.0,6.0,17.0,-0.0111231276309535
20250606,BU2606,3235.0,18.0,206.0,0.0185042735551289
20250606,BU2609,3250.0,10.0,37.0,-0.0271689837357749
20250606,BU2612,3228.0,5.0,83.0,0.0234749708520258
20250606,BU2703,3247.0,2.0,24.0,0.0
20250609,BU2506,3516.0,4267.0,2765.0,0.0102345421982112
20250609,BU2507,3519.0,106127.0,72899.0,-0.0478360542347367
20250609,BU2508,3505.0,27765.0,27587.0,-0.0583441732778421
20250609,BU2509,3488.0,263548.0,204621.0,-0.1488552189733358
20250609,BU2510,3445.0,39224.0,78497.0,-0.1825130239623455
20250609,BU2511,3393.0,12932.0,38012.0,-0.2609964344843513
20250609,BU2512,3320.0,9130.0,38906.0,-0.1125745886577268
20250609,BU2601,3289.0,253.0,911.0,-0.0731932735781564
20250609,BU2602,3269.0,4.0,14.0,-0.0073439414776858
20250609,BU2603,3267.0,10.0,101.0,0.0146833912477639
20250609,BU2604,3271.0,4.0,35.0,-0.0994633476369642
20250609,BU2605,3244.0,1.0,17.0,0.0184814452055615
20250609,BU2606,3249.0,30.0,201.0,0.0428597396128737
20250609,BU2609,3284.0,6.0,35.0,-0.0379381763958695
20250609,BU2612,3253.0,19.0,77.0,0.0110514268304304
20250609,BU2703,3262.0,8.0,22.0,0.0
20250610,BU2506,3522.0,969.0,1994.0,-0.0512164669916795
20250610,BU2507,3507.0,65269.0,65953.0,-0.0239760319520773
20250610,BU2508,3500.0,24266.0,29723.0,-0.0584277253380467
20250610,BU2509,3483.0,220645.0,215950.0,-0.1560490130784788
20250610,BU2510,3438.0,30857.0,81129.0,-0.1687198268195831
20250610,BU2511,3390.0,14699.0,42275.0,-0.2612299371293229
20250610,BU2512,3317.0,8405.0,41742.0,-0.1163292963400986
20250610,BU2601,3285.0,337.0,1171.0,-0.0402500758515682
20250610,BU2602,3274.0,2.0,15.0,-0.0698424394609273
20250610,BU2603,3255.0,2.0,103.0,-0.025834240333213
20250610,BU2604,3248.0,1.0,36.0,-0.0147874325551806
20250610,BU2605,3244.0,0.0,17.0,0.0590407095053982
20250610,BU2606,3260.0,15.0,200.0,0.0036792889302696
20250610,BU2609,3263.0,5.0,35.0,-0.0282947512277823
20250610,BU2612,3240.0,11.0,75.0,0.0147874475253048
20250610,BU2703,3252.0,5.0,19.0,0.0
20250611,BU2506,3530.0,58.0,2006.0,-0.1436323787816671
20250611,BU2507,3488.0,40556.0,60928.0,-0.024106766609176
20250611,BU2508,3481.0,12192.0,27815.0,-0.0691445301131351
20250611,BU2509,3461.0,199501.0,221869.0,-0.1500237595176965
20250611,BU2510,3418.0,28344.0,80648.0,-0.162594534645482
20250611,BU2511,3372.0,12084.0,44932.0,-0.262639774717976
20250611,BU2512,3299.0,8793.0,42392.0,-0.1132945829842554
20250611,BU2601,3268.0,211.0,1203.0,-0.0146968787507498
20250611,BU2602,3264.0,3.0,15.0,-0.0478895493611079
20250611,BU2603,3251.0,5.0,101.0,-0.0036917397614657
20250611,BU2604,3250.0,14.0,43.0,-0.0036928758561948
20250611,BU2605,3249.0,12.0,12.0,0.0036928758561943
20250611,BU2606,3250.0,16.0,197.0,-0.006158584742371
20250611,BU2609,3245.0,3.0,35.0,-0.0309359623989453
20250611,BU2612,3220.0,4.0,78.0,0.0444723543359077
20250611,BU2703,3256.0,0.0,19.0,0.0
20250612,BU2506,3580.0,47.0,2001.0,-0.0874688481617924
20250612,BU2507,3554.0,52667.0,60412.0,-0.0371988461894955
20250612,BU2508,3543.0,12642.0,29057.0,-0.0543140955530398
20250612,BU2509,3527.0,302600.0,256556.0,-0.1334297424861804
20250612,BU2510,3488.0,37562.0,85775.0,-0.1837389644690469
20250612,BU2511,3435.0,18181.0,48040.0,-0.2506342027633325
20250612,BU2512,3364.0,23752.0,45243.0,-0.1291106298208739
20250612,BU2601,3328.0,107.0,1209.0,-0.0614551727262358
20250612,BU2602,3311.0,12.0,11.0,-0.0508475337061832
20250612,BU2603,3297.0,24.0,99.0,0.007277137882204
20250612,BU2604,3299.0,18.0,51.0,-0.0218446662266059
20250612,BU2605,3293.0,4.0,11.0,-0.0364963784972593
20250612,BU2606,3283.0,58.0,208.0,0.0073037147498568
20250612,BU2609,3289.0,36.0,36.0,-0.0256215608366538
20250612,BU2612,3268.0,13.0,75.0,0.0097799559722657
20250612,BU2703,3276.0,8.0,14.0,0.0
20250613,BU2506,3600.0,6.0,1999.0,0.1950724869000641
20250613,BU2507,3659.0,93031.0,53840.0,-0.0328407429931103
20250613,BU2508,3649.0,27945.0,27352.0,-0.0692595024170451
20250613,BU2509,3628.0,531679.0,262191.0,-0.1196685817552433
20250613,BU2510,3592.0,58827.0,88752.0,-0.1851628825993146
20250613,BU2511,3537.0,12737.0,48682.0,-0.2329505068287702
20250613,BU2512,3469.0,32299.0,48025.0,-0.1356732817171688
20250613,BU2601,3430.0,1600.0,1629.0,0.0697676383850378
20250613,BU2602,3450.0,10.0,14.0,-0.1963807707748062
20250613,BU2603,3394.0,38.0,101.0,0.0317787444808094
20250613,BU2604,3403.0,30.0,63.0,-0.2602210983169949
20250613,BU2605,3330.0,11.0,14.0,0.1040520796536395
20250613,BU2606,3359.0,125.0,203.0,0.007138609866142
20250613,BU2609,3365.0,39.0,47.0,-0.0394209551683793
20250613,BU2612,3332.0,27.0,68.0,0.0131835325334612
20250613,BU2703,3343.0,30.0,10.0,0.0
20250616,BU2506,3650.0,5.0,1999.0,0.1210314198912875
20250616,BU2507,3687.0,53267.0,49164.0,-0.0228044048540144
20250616,BU2508,3680.0,16428.0,28652.0,-0.0424663570998074
20250616,BU2509,3667.0,295966.0,266576.0,-0.1382352093906109
20250616,BU2510,3625.0,43445.0,90944.0,-0.1733845111843845
20250616,BU2511,3573.0,10795.0,50013.0,-0.2511403878686613
20250616,BU2512,3499.0,22545.0,51660.0,-0.1657580312362154
20250616,BU2601,3451.0,244.0,1634.0,-0.1434210338452906
20250616,BU2602,3410.0,3.0,14.0,0.0456608190314753
20250616,BU2603,3423.0,6.0,100.0,-0.0738463868925386
20250616,BU2604,3402.0,4.0,63.0,-0.0211827062948303
20250616,BU2605,3396.0,4.0,14.0,0.028235307144322
20250616,BU2606,3404.0,30.0,211.0,0.0058711297785532
20250616,BU2609,3409.0,2.0,45.0,-0.0412800361279578
20250616,BU2612,3374.0,24.0,77.0,0.0059232944335053
20250616,BU2703,3379.0,5.0,10.0,0.0
20250617,BU2507,3672.0,41545.0,44265.0,-0.0392799041396296
20250617,BU2508,3660.0,12201.0,28262.0,-0.0525740161867557
20250617,BU2509,3644.0,297949.0,259759.0,-0.1357817715810691
20250617,BU2510,3603.0,36006.0,91483.0,-0.1778307393435807
20250617,BU2511,3550.0,7868.0,50532.0,-0.2320891456959254
20250617,BU2512,3482.0,26131.0,51797.0,-0.1805589620177846
20250617,BU2601,3430.0,142.0,1640.0,-0.2295875769738887
20250617,BU2602,3365.0,2.0,14.0,0.049822135625541
20250617,BU2603,3379.0,7.0,100.0,0.010649312930829
20250617,BU2604,3382.0,4.0,63.0,-0.0177541088754954
20250617,BU2605,3377.0,2.0,15.0,0.01420538786782
20250617,BU2606,3381.0,41.0,215.0,0.0047295305539574
20250617,BU2609,3385.0,33.0,49.0,-0.0619244281545428
20250617,BU2612,3333.0,23.0,82.0,0.0143755770183561
20250617,BU2703,3345.0,2.0,10.0,-0.0023923445689208
20250617,BU2706,3343.0,1.0,1.0,0.0
20250618,BU2507,3719.0,31238.0,41563.0,-0.0323101972257502
20250618,BU2508,3709.0,9974.0,29643.0,-0.0453809292874642
20250618,BU2509,3695.0,260367.0,274368.0,-0.1371816790442361
20250618,BU2510,3653.0,30463.0,92004.0,-0.1787126245950219
20250618,BU2511,3599.0,6534.0,51312.0,-0.242500534115745
20250618,BU2512,3527.0,20154.0,53786.0,-0.1644330610093192
20250618,BU2601,3479.0,279.0,1629.0,-0.1317932322535393
20250618,BU2602,3441.0,6.0,12.0,-0.0244363720807147
20250618,BU2603,3434.0,20.0,99.0,-0.0525318218174342
20250618,BU2604,3419.0,110.0,159.0,0.0175361714679782
20250618,BU2605,3424.0,4.0,17.0,-0.0280701882380671
20250618,BU2606,3416.0,175.0,327.0,-0.002342606216298
20250618,BU2609,3414.0,11.0,54.0,-0.0649652549683729
20250618,BU2612,3359.0,7.0,80.0,0.0130777349364585
20250618,BU2703,3370.0,2.0,11.0,-0.0321765477052352
20250618,BU2706,3343.0,0.0,1.0,0.0
20250619,BU2507,3762.0,28012.0,37706.0,-0.03513911734906
20250619,BU2508,3751.0,12120.0,28952.0,-0.0416611447965504
20250619,BU2509,3738.0,298748.0,279495.0,-0.1420899270758738
20250619,BU2510,3694.0,44819.0,94098.0,-0.1734181510050216
20250619,BU2511,3641.0,7306.0,51994.0,-0.2128069069969891
20250619,BU2512,3577.0,21502.0,54972.0,-0.1893530412475827
20250619,BU2601,3521.0,133.0,1612.0,-0.1750853545697711
20250619,BU2602,3470.0,3.0,12.0,0.031083626532445
20250619,BU2603,3479.0,15.0,103.0,-0.0934934753834822
20250619,BU2604,3452.0,0.0,159.0,-0.0034767492637824
20250619,BU2605,3451.0,1.0,16.0,-0.0104362957730359
20250619,BU2606,3448.0,32.0,330.0,-0.0011602610668732
20250619,BU2609,3447.0,10.0,53.0,-0.0631592069305407
20250619,BU2612,3393.0,19.0,79.0,0.0141218151975306
20250619,BU2703,3405.0,11.0,13.0,-0.0011749155613917
20250619,BU2706,3404.0,6.0,5.0,0.0
20250620,BU2507,3765.0,21741.0,33326.0,-0.015946846200645
20250620,BU2508,3760.0,9934.0,29788.0,-0.0415612510830344
20250620,BU2509,3747.0,253286.0,284513.0,-0.1255544652952992
20250620,BU2510,3708.0,44464.0,94766.0,-0.1826122196506402
20250620,BU2511,3652.0,6823.0,52563.0,-0.2322439091304244
20250620,BU2512,3582.0,12931.0,54992.0,-0.1584960514798076
20250620,BU2601,3535.0,412.0,1641.0,-0.0954279382859404
20250620,BU2602,3507.0,2.0,14.0,-0.0927441284598969
20250620,BU2603,3480.0,13.0,104.0,-0.086518038800997
20250620,BU2604,3455.0,7.0,161.0,-0.0382664478497866
20250620,BU2605,3444.0,6.0,13.0,-0.0139453821621284
20250620,BU2606,3440.0,9.0,328.0,0.0220322342788988
20250620,BU2609,3459.0,3.0,53.0,-0.0629383614142238
20250620,BU2612,3405.0,20.0,81.0,0.0035226774623748
20250620,BU2703,3408.0,2.0,13.0,0.0011735367547871
20250620,BU2706,3409.0,2.0,4.0,0.0
20250623,BU2507,3789.0,19559.0,29875.0,0.0031666446944553
20250623,BU2508,3790.0,11821.0,30530.0,-0.0285299302264706
20250623,BU2509,3781.0,317501.0,311332.0,-0.1115990506427882
20250623,BU2510,3746.0,47503.0,98580.0,-0.1774941596884224
20250623,BU2511,3691.0,9914.0,53802.0,-0.233080778522182
20250623,BU2512,3620.0,14412.0,57654.0,-0.1266326663899153
20250623,BU2601,3582.0,760.0,1618.0,-0.1856838286152606
20250623,BU2602,3527.0,2.0,14.0,0.0136015883080121
20250623,BU2603,3531.0,23.0,109.0,-0.157356872805146
20250623,BU2604,3485.0,15.0,162.0,-0.0137812245982237
20250623,BU2605,3481.0,2.0,12.0,-0.0310657443743776
20250623,BU2606,3472.0,18.0,331.0,0.0034547288746067
20250623,BU2609,3475.0,3.0,52.0,-0.0743559023209868
20250623,BU2612,3411.0,14.0,80.0,-0.0011728485643331
20250623,BU2703,3410.0,14.0,13.0,0.0140515366983048
20250623,BU2706,3422.0,47.0,6.0,0.0
20250624,BU2507,3592.0,31802.0,21364.0,0.003340292297142
20250624,BU2508,3593.0,19850.0,29124.0,-0.0434964926252724
20250624,BU2509,3580.0,460577.0,269578.0,-0.1348328792031101
20250624,BU2510,3540.0,66813.0,96617.0,-0.1947928291418276
20250624,BU2511,3483.0,10632.0,54781.0,-0.2295722190085116
20250624,BU2512,3417.0,32893.0,57366.0,-0.1341979848120224
20250624,BU2601,3379.0,787.0,1722.0,-0.0891137319736291
20250624,BU2602,3354.0,11.0,18.0,-0.0466020003167716
20250624,BU2603,3341.0,39.0,101.0,-0.0684378262021959
20250624,BU2604,3322.0,37.0,147.0,-0.0760986998405666
20250624,BU2605,3301.0,9.0,11.0,0.0
20250624,BU2606,3301.0,124.0,334.0,-0.0072771396663414
20250624,BU2609,3295.0,43.0,65.0,-0.041489084589154
20250624,BU2612,3261.0,27.0,84.0,0.0329823215470052
20250624,BU2703,3288.0,7.0,11.0,0.0157839027084897
20250624,BU2706,3301.0,7.0,6.0,0.0
20250625,BU2507,3584.0,15072.0,15465.0,0.0033477472667949
20250625,BU2508,3585.0,13029.0,27849.0,-0.0368766877721682
20250625,BU2509,3574.0,282213.0,251579.0,-0.1418536079462725
20250625,BU2510,3532.0,39615.0,97330.0,-0.1814326388629027
20250625,BU2511,3479.0,8875.0,57273.0,-0.2579994788199518
20250625,BU2512,3405.0,21707.0,58383.0,-0.1311101186567446
20250625,BU2601,3368.0,350.0,1793.0,-0.0464079114772226
20250625,BU2602,3355.0,9.0,14.0,-0.1222299363484272
20250625,BU2603,3321.0,71.0,104.0,-0.0216998250814039
20250625,BU2604,3315.0,87.0,96.0,-0.0435177267500785
20250625,BU2605,3303.0,4.0,13.0,-0.0838526881512032
20250625,BU2606,3280.0,84.0,363.0,0.0121765695249122
20250625,BU2609,3290.0,33.0,71.0,-0.0317365107016797
20250625,BU2612,3264.0,7.0,85.0,0.0158997304592675
20250625,BU2703,3277.0,4.0,12.0,-0.0171254084219757
20250625,BU2706,3263.0,7.0,9.0,0.0
20250626,BU2507,3573.0,8782.0,10884.0,-0.0067189251475367
20250626,BU2508,3571.0,14045.0,25213.0,-0.0269133838633493
20250626,BU2509,3563.0,230736.0,243021.0,-0.1286694043136044
20250626,BU2510,3525.0,39350.0,99983.0,-0.1887101076655701
20250626,BU2511,3470.0,7725.0,59274.0,-0.2586759061160038
20250626,BU2512,3396.0,17789.0,56366.0,-0.1136103160607906
20250626,BU2601,3364.0,168.0,1810.0,-0.0751456160728806
20250626,BU2602,3343.0,5.0,13.0,-0.0792319805202249
20250626,BU2603,3321.0,13.0,101.0,-0.0543233159493248
20250626,BU2604,3306.0,9.0,98.0,-0.0072617248812101
20250626,BU2605,3304.0,2.0,12.0,-0.1094565205174621
20250626,BU2606,3274.0,206.0,420.0,-0.0024442408337701
20250626,BU2609,3272.0,341.0,134.0,-0.0331442743377891
20250626,BU2612,3245.0,9.0,88.0,-0.0024660913234894
20250626,BU2703,3243.0,1.0,12.0,0.0478166613708726
20250626,BU2706,3282.0,2.0,9.0,0.0
20250627,BU2507,3577.0,4694.0,8744.0,-0.0134265748272957
20250627,BU2508,3573.0,11451.0,22795.0,-0.0403700969475851
20250627,BU2509,3561.0,154144.0,237277.0,-0.1321487306595154
20250627,BU2510,3522.0,32285.0,102924.0,-0.2061906398399628
20250627,BU2511,3462.0,9647.0,62946.0,-0.2770028034653525
20250627,BU2512,3383.0,16350.0,57092.0,-0.1319674468072705
20250627,BU2601,3346.0,196.0,1924.0,-0.0179452702801525
20250627,BU2602,3341.0,0.0,13.0,-0.0539973912466024
20250627,BU2603,3326.0,2.0,100.0,-0.0905391347961603
20250627,BU2604,3301.0,2.0,98.0,-0.0218314189990244
20250627,BU2605,3295.0,1.0,12.0,-0.076724268066329
20250627,BU2606,3274.0,51.0,385.0,0.0024427481675189
20250627,BU2609,3276.0,4.0,135.0,-0.0343349747655657
20250627,BU2612,3248.0,5.0,87.0,0.0
20250627,BU2703,3248.0,2.0,11.0,0.0036928760893471
20250627,BU2706,3251.0,3.0,10.0,0.0
20250630,BU2507,3586.0,8757.0,4779.0,-0.0368663884436416
20250630,BU2508,3575.0,11484.0,20509.0,-0.0369799984488973
20250630,BU2509,3564.0,165052.0,235183.0,-0.135441618415557
20250630,BU2510,3524.0,30212.0,105849.0,-0.2442394759929341
20250630,BU2511,3453.0,11597.0,66261.0,-0.2777332114089443
20250630,BU2512,3374.0,15875.0,58733.0,-0.143114397542091
20250630,BU2601,3334.0,620.0,2031.0,-0.0577271107241945
20250630,BU2602,3318.0,3.0,13.0,-0.0580061552437982
20250630,BU2603,3302.0,25.0,97.0,-0.050986419648034
20250630,BU2604,3288.0,45.0,78.0,-0.0365519624675467
20250630,BU2605,3278.0,3.0,12.0,-0.0844944559332643
20250630,BU2606,3255.0,69.0,393.0,-0.0061491172755459
20250630,BU2609,3250.0,45.0,136.0,-0.0333695740333814
20250630,BU2612,3223.0,27.0,108.0,-0.0174129628223238
20250630,BU2703,3209.0,3.0,11.0,0.0273292988585651
20250630,BU2706,3231.0,6.0,10.0,0.0
20250701,BU2507,3603.0,3560.0,3887.0,-0.0802007997848085
20250701,BU2508,3579.0,6510.0,19173.0,-0.0571349629970267
20250701,BU2509,3562.0,155844.0,226856.0,-0.1662217390053594
20250701,BU2510,3513.0,35908.0,108319.0,-0.2275930289875392
20250701,BU2511,3447.0,9655.0,67206.0,-0.2782222938557767
20250701,BU2512,3368.0,15203.0,57185.0,-0.1397656534463089
20250701,BU2601,3329.0,197.0,2047.0,-0.0940897462108233
20250701,BU2602,3303.0,1.0,13.0,-0.0327421758384487
20250701,BU2603,3294.0,23.0,92.0,-0.0218778547381816
20250701,BU2604,3288.0,2.0,78.0,-0.0622047436522395
20250701,BU2605,3271.0,2.0,12.0,-0.0809819024314027
20250701,BU2606,3249.0,15.0,390.0,-0.0061604817351869
20250701,BU2609,3244.0,4.0,137.0,-0.039653360674605
20250701,BU2612,3212.0,15.0,118.0,0.0124339546810696
20250701,BU2703,3222.0,3.0,12.0,-0.0037261297524459
20250701,BU2706,3219.0,7.0,15.0,0.0
20250702,BU2507,3606.0,2195.0,3144.0,-0.06005016701491
20250702,BU2508,3588.0,3502.0,18983.0,-0.0569913070108592
20250702,BU2509,3571.0,152378.0,227295.0,-0.169207541272751
20250702,BU2510,3521.0,25015.0,107168.0,-0.2374952034208077
20250702,BU2511,3452.0,12889.0,69103.0,-0.2635923818130098
20250702,BU2512,3377.0,10661.0,56279.0,-0.1465830828831635
20250702,BU2601,3336.0,364.0,2059.0,-0.050465679664766
20250702,BU2602,3322.0,11.0,15.0,-0.0253126506393273
20250702,BU2603,3315.0,14.0,92.0,-0.0144883808725992
20250702,BU2604,3311.0,4.0,76.0,-0.0690597090034303
20250702,BU2605,3292.0,2.0,11.0,-0.0804635748679357
20250702,BU2606,3270.0,82.0,368.0,-0.0134783402149501
20250702,BU2609,3259.0,3.0,137.0,-0.0369916323171454
20250702,BU2612,3229.0,8.0,117.0,0.0148377295330886
20250702,BU2703,3241.0,2.0,12.0,-0.016076695006832
20250702,BU2706,3228.0,0.0,15.0,0.0
20250703,BU2507,3622.0,1426.0,2544.0,-0.0464730871301335
20250703,BU2508,3608.0,3514.0,18131.0,-0.0667038960459299
20250703,BU2509,3588.0,141409.0,222124.0,-0.1616186046103991
20250703,BU2510,3540.0,23810.0,104046.0,-0.229295440604954
20250703,BU2511,3473.0,10076.0,69885.0,-0.2655130150018809
20250703,BU2512,3397.0,8087.0,55009.0,-0.1349925425794939
20250703,BU2601,3359.0,169.0,2033.0,-0.136528418826554
20250703,BU2602,3321.0,5.0,18.0,0.0252669667722311
20250703,BU2603,3328.0,6.0,87.0,-0.0469667918536359
20250703,BU2604,3315.0,0.0,76.0,-0.0362538040101145
20250703,BU2605,3305.0,0.0,11.0,-0.0181680579745808
20250703,BU2606,3300.0,15.0,367.0,-0.0243161843055289
20250703,BU2609,3280.0,7.0,135.0,-0.0490803703672574
20250703,BU2612,3240.0,10.0,112.0,0.0037019900837718
20250703,BU2703,3243.0,1.0,12.0,-0.0098795974892681
20250703,BU2706,3235.0,3.0,17.0,0.0
20250704,BU2507,3619.0,1177.0,1983.0,-0.0698353086391685
20250704,BU2508,3598.0,1776.0,18072.0,-0.0735993386048835
20250704,BU2509,3576.0,122951.0,220057.0,-0.1723730525644287
20250704,BU2510,3525.0,28607.0,105207.0,-0.2268108757104037
20250704,BU2511,3459.0,13040.0,70032.0,-0.2665996818775223
20250704,BU2512,3383.0,5412.0,54514.0,-0.1535049937195479
20250704,BU2601,3340.0,46.0,2033.0,-0.0648455495700714
20250704,BU2602,3322.0,0.0,18.0,0.0396694576139929
20250704,BU2603,3333.0,1.0,86.0,-0.0976055991212417
20250704,BU2604,3306.0,2.0,78.0,-0.0036303131421941
20250704,BU2605,3305.0,0.0,11.0,-0.0911166108911664
20250704,BU2606,3280.0,32.0,345.0,-0.0134371786159149
20250704,BU2609,3269.0,10.0,132.0,-0.0480079620300337
20250704,BU2612,3230.0,19.0,121.0,0.0061871628731949
20250704,BU2703,3235.0,0.0,12.0,-0.013624413233928
20250704,BU2706,3224.0,14.0,24.0,0.0
20250707,BU2507,3625.0,1113.0,1509.0,-0.093049483117814
20250707,BU2508,3597.0,3346.0,17653.0,-0.1038677432704581
20250707,BU2509,3566.0,127222.0,217676.0,-0.176274356112519
20250707,BU2510,3514.0,26716.0,105179.0,-0.2414568383930527
20250707,BU2511,3444.0,14001.0,70276.0,-0.2642114656928224
20250707,BU2512,3369.0,8387.0,53217.0,-0.1325188814378353
20250707,BU2601,3332.0,75.0,2049.0,-0.0469102988011047
20250707,BU2602,3319.0,1.0,19.0,-0.0398370669167126
20250707,BU2603,3308.0,4.0,86.0,-0.029055704268124
20250707,BU2604,3300.0,2.0,76.0,-0.0218380406038317
20250707,BU2605,3294.0,5.0,12.0,-0.0364852819832018
20250707,BU2606,3284.0,17.0,354.0,-0.017088826724079
20250707,BU2609,3270.0,0.0,132.0,-0.0504699725320952
20250707,BU2612,3229.0,5.0,124.0,0.0037145955308429
20250707,BU2703,3232.0,2.0,13.0,-0.0061929103560965
20250707,BU2706,3227.0,0.0,24.0,0.0
20250708,BU2507,3662.0,690.0,1132.0,-0.1384250449756717
20250708,BU2508,3620.0,2968.0,16845.0,-0.1032049640665135
20250708,BU2509,3589.0,135454.0,218152.0,-0.1751364233055199
20250708,BU2510,3537.0,29851.0,104330.0,-0.2433326271591508
20250708,BU2511,3466.0,13993.0,70207.0,-0.269595584022
20250708,BU2512,3389.0,7980.0,53228.0,-0.1317325200609324
20250708,BU2601,3352.0,96.0,2024.0,0.0035794183710598
20250708,BU2602,3353.0,4.0,19.0,-0.1730279301653031
20250708,BU2603,3305.0,0.0,86.0,0.0543397154969713
20250708,BU2604,3320.0,0.0,76.0,-0.0072310939217326
20250708,BU2605,3318.0,4.0,14.0,-0.0944029074411528
20250708,BU2606,3292.0,17.0,349.0,-0.0085145235129983
20250708,BU2609,3285.0,8.0,128.0,-0.0551732885293434
20250708,BU2612,3240.0,4.0,120.0,0.0086326532658833
20250708,BU2703,3247.0,1.0,13.0,0.0
20250708,BU2706,3247.0,3.0,22.0,0.0
20250709,BU2507,3620.0,42.0,1119.0,0.0891706318663626
20250709,BU2508,3647.0,3974.0,15024.0,-0.0792299989632363
20250709,BU2509,3623.0,156937.0,222983.0,-0.1634039421084464
20250709,BU2510,3574.0,33056.0,103039.0,-0.2099968915723928
20250709,BU2511,3512.0,17684.0,70877.0,-0.2485704526507586
20250709,BU2512,3440.0,11110.0,53237.0,-0.1686210414678036
20250709,BU2601,3392.0,276.0,1973.0,-0.0070775584475727
20250709,BU2602,3390.0,8.0,15.0,-0.024804379125449
20250709,BU2603,3383.0,10.0,82.0,-0.0818629898815022
20250709,BU2604,3360.0,7.0,71.0,0.0178438694589403
20250709,BU2605,3365.0,10.0,15.0,-0.039291596348088
20250709,BU2606,3354.0,56.0,317.0,-0.0516136193436313
20250709,BU2609,3311.0,21.0,127.0,-0.0473953592984344
20250709,BU2612,3272.0,24.0,108.0,0.0
20250709,BU2703,3272.0,8.0,13.0,-0.0012226807370151
20250709,BU2706,3271.0,11.0,21.0,0.0
20250710,BU2507,3650.0,34.0,1119.0,0.0328317578264981
20250710,BU2508,3660.0,1868.0,14639.0,-0.1020722301880997
20250710,BU2509,3629.0,125635.0,226788.0,-0.1664843573645341
20250710,BU2510,3579.0,26310.0,102805.0,-0.1994693060865969
20250710,BU2511,3520.0,14205.0,70454.0,-0.2514804249033289
20250710,BU2512,3447.0,8567.0,53436.0,-0.1330235325475477
20250710,BU2601,3409.0,82.0,1978.0,-0.0812365133378694
20250710,BU2602,3386.0,2.0,16.0,-0.0070901036036012
20250710,BU2603,3384.0,1.0,82.0,0.0106335850998935
20250710,BU2604,3387.0,2.0,71.0,-0.0781993288673222
20250710,BU2605,3365.0,12.0,11.0,0.0178173752109506
20250710,BU2606,3370.0,54.0,300.0,-0.0321765477052352
20250710,BU2609,3343.0,38.0,127.0,-0.0748814138359879
20250710,BU2612,3281.0,12.0,106.0,-0.0097650338396843
20250710,BU2703,3273.0,17.0,13.0,0.0182899266995601
20250710,BU2706,3288.0,13.0,27.0,0.0
20250711,BU2507,3700.0,1.0,1118.0,-0.2060838437439219
20250711,BU2508,3637.0,2317.0,14091.0,-0.1027204946847174
20250711,BU2509,3606.0,159073.0,217364.0,-0.184438449842096
20250711,BU2510,3551.0,37562.0,103172.0,-0.1873175540119422
20250711,BU2511,3496.0,20267.0,70465.0,-0.2287103593852853
20250711,BU2512,3430.0,10948.0,52437.0,-0.1407640774258752
20250711,BU2601,3390.0,281.0,1968.0,-0.007081735230611
20250711,BU2602,3388.0,20.0,29.0,-0.0106304451068352
20250711,BU2603,3385.0,98.0,72.0,-0.0390590668855408
20250711,BU2604,3374.0,4.0,71.0,-0.060615193510544
20250711,BU2605,3357.0,1.0,11.0,0.003574087889415
20250711,BU2606,3358.0,4.0,298.0,-0.0383007115384525
20250711,BU2609,3326.0,3.0,128.0,-0.0508327567222166
20250711,BU2612,3284.0,10.0,108.0,-0.0183122553924329
20250711,BU2703,3269.0,2.0,13.0,0.0134371786159155
20250711,BU2706,3280.0,9.0,27.0,0.0
20250714,BU2507,3660.0,4.0,1122.0,0.0686556838033094
20250714,BU2508,3681.0,3977.0,12525.0,-0.1146453376849527
20250714,BU2509,3646.0,151549.0,231231.0,-0.1857416850754057
20250714,BU2510,3590.0,28716.0,103494.0,-0.1784795073221269
20250714,BU2511,3537.0,14868.0,71143.0,-0.2467953309777236
20250714,BU2512,3465.0,7963.0,53345.0,-0.1358307928792611
20250714,BU2601,3426.0,132.0,2005.0,-0.084358871139098
20250714,BU2602,3402.0,4.0,30.0,0.0211453799207906
20250714,BU2603,3408.0,0.0,72.0,-0.0670885961058599
20250714,BU2604,3389.0,5.0,69.0,0.0141551181261448
20250714,BU2605,3393.0,6.0,12.0,-0.0389668239084542
20250714,BU2606,3382.0,20.0,299.0,-0.011844841347118
20250714,BU2609,3372.0,13.0,118.0,-0.0718152144663832
20250714,BU2612,3312.0,13.0,107.0,-0.0096735234571265
20250714,BU2703,3304.0,7.0,14.0,0.0108810706361084
20250714,BU2706,3313.0,31.0,30.0,0.0
20250715,BU2507,3600.0,100.0,1023.0,0.1589427210002486
20250715,BU2508,3648.0,5924.0,10293.0,-0.1024094309054889
20250715,BU2509,3617.0,174308.0,226837.0,-0.17377078924442
20250715,BU2510,3565.0,28974.0,103937.0,-0.1934157522758716
20250715,BU2511,3508.0,18173.0,71821.0,-0.2383841167176894
20250715,BU2512,3439.0,12954.0,53663.0,-0.1192295021838419
20250715,BU2601,3405.0,184.0,2024.0,-0.0176340957523199
20250715,BU2602,3400.0,10.0,35.0,-0.0247313498402715
20250715,BU2603,3393.0,6.0,68.0,-0.0567209327839499
20250715,BU2604,3377.0,3.0,68.0,-0.0142222238870099
20250715,BU2605,3373.0,7.0,11.0,-0.0106777405829133
20250715,BU2606,3370.0,23.0,285.0,-0.0142687428356852
20250715,BU2609,3358.0,3.0,119.0,-0.070904665635619
20250715,BU2612,3299.0,3.0,105.0,0.0012123049039604
20250715,BU2703,3300.0,4.0,12.0,-0.0036380175313619
20250715,BU2706,3297.0,10.0,30.0,0.0
20250716,BU2508,3656.0,1737.0,9579.0,-0.1088069001475604
20250716,BU2509,3623.0,108223.0,225480.0,-0.1768417934567098
20250716,BU2510,3570.0,20385.0,103282.0,-0.1726648494251946
20250716,BU2511,3519.0,16286.0,73115.0,-0.237631527554157
20250716,BU2512,3450.0,4209.0,54138.0,-0.136424731281116
20250716,BU2601,3411.0,110.0,2077.0,-0.0317041135540643
20250716,BU2602,3402.0,8.0,35.0,0.0105773475336677
20250716,BU2603,3405.0,4.0,69.0,-0.0742379742899861
20250716,BU2604,3384.0,2.0,68.0,0.0177174105712481
20250716,BU2605,3389.0,5.0,12.0,-0.0035413900212763
20250716,BU2606,3388.0,23.0,292.0,-0.060364086454612
20250716,BU2607,3371.0,0.0,0.0,0.0230940329523185
20250716,BU2609,3384.0,7.0,119.0,-0.0583430495055591
20250716,BU2612,3335.0,12.0,101.0,-0.0192365865189979
20250716,BU2703,3319.0,2.0,12.0,0.0168370663510601
20250716,BU2706,3333.0,6.0,29.0,0.0
20250717,BU2508,3649.0,2723.0,8114.0,-0.0692595024170451
20250717,BU2509,3628.0,185709.0,226709.0,-0.18667043086365
20250717,BU2510,3572.0,38674.0,105600.0,-0.1657531638618244
20250717,BU2511,3523.0,20742.0,75275.0,-0.251264019789986
20250717,BU2512,3450.0,7057.0,55515.0,-0.1083134446332498
20250717,BU2601,3419.0,148.0,2093.0,0.0035092850081953
20250717,BU2602,3420.0,1.0,35.0,-0.0386586950249734
20250717,BU2603,3409.0,7.0,69.0,-0.0423156477278302
20250717,BU2604,3397.0,3.0,66.0,0.0035320088555203
20250717,BU2605,3398.0,34.0,7.0,-0.0495429780691616
20250717,BU2606,3384.0,33.0,302.0,-0.0461880659046382
20250717,BU2607,3371.0,0.0,0.0,-0.0142560209627464
20250717,BU2609,3363.0,0.0,119.0,-0.0418476391966814
20250717,BU2612,3328.0,3.0,102.0,0.0120012091227247
20250717,BU2703,3338.0,1.0,13.0,0.0035933525399044
20250717,BU2706,3341.0,3.0,29.0,0.0
20250718,BU2508,3674.0,2371.0,7368.0,-0.0622187230943043
20250718,BU2509,3655.0,156586.0,228073.0,-0.1619636210473954
20250718,BU2510,3606.0,41233.0,109612.0,-0.1743047405839911
20250718,BU2511,3554.0,20346.0,77121.0,-0.2524972313529188
20250718,BU2512,3480.0,9022.0,56985.0,-0.1317551519644235
20250718,BU2601,3442.0,200.0,2116.0,-0.076945760578006
20250718,BU2602,3420.0,43.0,48.0,0.0245363018154955
20250718,BU2603,3427.0,16.0,75.0,0.01050021942452
20250718,BU2604,3430.0,7.0,64.0,-0.0701756385890771
20250718,BU2605,3410.0,12.0,13.0,-0.021132967011572
20250718,BU2606,3404.0,23.0,295.0,0.0105711356124209
20250718,BU2607,3407.0,2.0,2.0,-0.056620886126018
20250718,BU2609,3375.0,3.0,120.0,-0.0369105164081518
20250718,BU2612,3344.0,5.0,101.0,-0.0227920844585511
20250718,BU2703,3325.0,1.0,12.0,-0.0084299293582587
20250718,BU2706,3318.0,4.0,28.0,0.0
20250721,BU2508,3678.0,2750.0,6308.0,-0.0687118441786222
20250721,BU2509,3657.0,141580.0,223360.0,-0.1585489620791119
20250721,BU2510,3609.0,39239.0,111884.0,-0.1674134295911507
20250721,BU2511,3559.0,19757.0,77827.0,-0.2521387477868205
20250721,BU2512,3485.0,6468.0,57348.0,-0.1489841570776742
20250721,BU2601,3442.0,165.0,2164.0,-0.0664240588955933
20250721,BU2602,3423.0,5.0,50.0,0.0175156942498222
20250721,BU2603,3428.0,4.0,78.0,-0.0455940925533591
20250721,BU2604,3415.0,7.0,63.0,0.0105371000477485
20250721,BU2605,3418.0,6.0,13.0,-0.0422040294348315
20250721,BU2606,3406.0,16.0,295.0,0.2026249015163054
20250721,BU2607,3464.0,1.0,2.0,-0.1277947653401231
20250721,BU2609,3391.0,6.0,120.0,-0.0606162246195701
20250721,BU2612,3340.0,11.0,98.0,-0.0131953935828847
20250721,BU2703,3329.0,0.0,12.0,0.0024024024746188
20250721,BU2706,3331.0,14.0,31.0,0.0
20250722,BU2508,3641.0,3490.0,4593.0,-0.1059317223917388
20250722,BU2509,3609.0,238574.0,203931.0,-0.1371061313146634
20250722,BU2510,3568.0,52706.0,114299.0,-0.1523077843039489
20250722,BU2511,3523.0,25281.0,76751.0,-0.2408337714149439
20250722,BU2512,3453.0,23662.0,57631.0,-0.1398209817994232
20250722,BU2601,3413.0,1215.0,2417.0,-0.0669900373504244
20250722,BU2602,3394.0,103.0,137.0,-0.0141509450361076
20250722,BU2603,3390.0,11.0,86.0,0.0212201646809033
20250722,BU2604,3396.0,12.0,57.0,-0.1243166364735868
20250722,BU2605,3361.0,13.0,18.0,0.0853842914552362
20250722,BU2606,3385.0,101.0,343.0,0.0389323450183519
20250722,BU2607,3396.0,24.0,11.0,-0.0407742742175264
20250722,BU2609,3373.0,10.0,123.0,-0.0597382668282237
20250722,BU2612,3323.0,39.0,116.0,0.0024067389414409
20250722,BU2703,3325.0,12.0,19.0,-0.0072245654799195
20250722,BU2706,3319.0,7.0,31.0,0.0
20250723,BU2508,3618.0,1238.0,4041.0,-0.0798671833408327
20250723,BU2509,3594.0,201956.0,198184.0,-0.1208063894126862
20250723,BU2510,3558.0,49696.0,115899.0,-0.1220349500355485
20250723,BU2511,3522.0,22735.0,76588.0,-0.2131250520525782
20250723,BU2512,3460.0,23318.0,60855.0,-0.1220054082653317
20250723,BU2601,3425.0,1105.0,2722.0,-0.0526701650251584
20250723,BU2602,3410.0,266.0,269.0,-0.0140845086591471
20250723,BU2603,3406.0,9.0,89.0,-0.0458891572608407
20250723,BU2604,3393.0,0.0,57.0,0.0634922116129881
20250723,BU2605,3411.0,16.0,21.0,-0.0705676835160859
20250723,BU2606,3391.0,104.0,395.0,0.0035382574338615
20250723,BU2607,3392.0,0.0,11.0,0.0106038319205014
20250723,BU2609,3398.0,10.0,120.0,-0.0712607920403877
20250723,BU2612,3338.0,22.0,113.0,-0.0095980849891635
20250723,BU2703,3330.0,2.0,18.0,0.0
20250723,BU2706,3330.0,9.0,29.0,0.0
20250724,BU2508,3635.0,1124.0,3657.0,-0.1094383707806205
20250724,BU2509,3602.0,166978.0,186410.0,-0.0936459601983363
20250724,BU2510,3574.0,54456.0,120505.0,-0.1724702085376279
20250724,BU2511,3523.0,15907.0,79023.0,-0.2200004328488273
20250724,BU2512,3459.0,17879.0,59815.0,-0.1255460448838009
20250724,BU2601,3423.0,1547.0,3131.0,-0.0351082754817394
20250724,BU2602,3413.0,156.0,363.0,-0.0740634239389598
20250724,BU2603,3392.0,1.0,90.0,-0.0425281012167505
20250724,BU2604,3380.0,15.0,50.0,0.0602037562022328
20250724,BU2605,3397.0,15.0,22.0,-0.0460109692136404
20250724,BU2606,3384.0,70.0,391.0,-0.0319574090338039
20250724,BU2607,3375.0,1.0,11.0,0.0035545024736256
20250724,BU2609,3377.0,20.0,119.0,-0.0476621665367746
20250724,BU2612,3337.0,20.0,116.0,-0.0096009647053964
20250724,BU2703,3329.0,18.0,21.0,0.0119976094745181
20250724,BU2706,3339.0,12.0,34.0,0.0
20250725,BU2508,3641.0,391.0,3570.0,-0.0859981629908203
20250725,BU2509,3615.0,205894.0,171367.0,-0.0799336844013863
20250725,BU2510,3591.0,64996.0,129116.0,-0.137797341079457
20250725,BU2511,3550.0,22864.0,82860.0,-0.225198533964817
20250725,BU2512,3484.0,26556.0,59292.0,-0.0933587766092271
20250725,BU2601,3457.0,1180.0,3156.0,-0.0975898495044499
20250725,BU2602,3429.0,79.0,409.0,0.003499052364784
20250725,BU2603,3430.0,79.0,131.0,-0.0280210284941618
20250725,BU2604,3422.0,11.0,46.0,0.0315190608757304
20250725,BU2605,3431.0,5.0,21.0,-0.0350262945701406
20250725,BU2606,3421.0,31.0,394.0,-0.1624509800516943
20250725,BU2607,3375.0,0.0,11.0,0.0566208861260178
20250725,BU2609,3407.0,7.0,119.0,-0.0579463200939219
20250725,BU2612,3358.0,16.0,110.0,-0.0083469996007027
20250725,BU2703,3351.0,5.0,19.0,0.0059639193991455
20250725,BU2706,3356.0,20.0,31.0,0.0
20250728,BU2508,3601.0,1787.0,2626.0,-0.1071136819045782
20250728,BU2509,3569.0,224891.0,162463.0,-0.0911268617685779
20250728,BU2510,3542.0,68303.0,132886.0,-0.1465719117010896
20250728,BU2511,3499.0,23434.0,83480.0,-0.2005810388424921
20250728,BU2512,3441.0,23368.0,58538.0,-0.1403114494834195
20250728,BU2601,3401.0,1071.0,3322.0,-0.088535151496172
20250728,BU2602,3376.0,826.0,719.0,0.0319479555663313
20250728,BU2603,3385.0,134.0,219.0,-0.0070921987880026
20250728,BU2604,3383.0,11.0,40.0,-0.0426414425597729
20250728,BU2605,3371.0,26.0,35.0,0.0248925856042154
20250728,BU2606,3378.0,64.0,404.0,0.0602393115006131
20250728,BU2607,3395.0,1.0,12.0,-0.0496897249903319
20250728,BU2609,3367.0,23.0,124.0,-0.0490070376328059
20250728,BU2612,3326.0,21.0,113.0,-0.0060177535045057
20250728,BU2703,3321.0,5.0,21.0,0.0144274277239722
20250728,BU2706,3333.0,14.0,39.0,0.0
20250729,BU2508,3644.0,482.0,2504.0,-0.0826108177932774
20250729,BU2509,3619.0,208854.0,141786.0,-0.0698353086391685
20250729,BU2510,3598.0,72967.0,149236.0,-0.1409018145201981
20250729,BU2511,3556.0,21494.0,87053.0,-0.2420192812700514
20250729,BU2512,3485.0,19492.0,58692.0,-0.1106955096555828
20250729,BU2601,3453.0,1555.0,3582.0,-0.0592249714301558
20250729,BU2602,3436.0,2020.0,1023.0,0.0279069893217052
20250729,BU2603,3444.0,194.0,381.0,-0.0523789570164131
20250729,BU2604,3429.0,7.0,37.0,-0.0210157671928207
20250729,BU2605,3423.0,3.0,35.0,-0.0245650034606975
20250729,BU2606,3416.0,26.0,408.0,-0.0739981789879681
20250729,BU2607,3395.0,0.0,12.0,0.007065058219917
20250729,BU2609,3399.0,9.0,125.0,-0.0485428482345193
20250729,BU2612,3358.0,11.0,112.0,-0.0071535041420499
20250729,BU2703,3352.0,1.0,21.0,0.0166716525951102
20250729,BU2706,3366.0,14.0,42.0,0.0
20250730,BU2508,3672.0,1571.0,1895.0,-0.0721116619661273
20250730,BU2509,3650.0,191539.0,131496.0,-0.0461158953500129
20250730,BU2510,3636.0,100076.0,183291.0,-0.1060780388296914
20250730,BU2511,3604.0,24061.0,92834.0,-0.2659668417823144
20250730,BU2512,3525.0,29329.0,64509.0,-0.1128695794425138
20250730,BU2601,3492.0,2355.0,4067.0,-0.0551091668905218
20250730,BU2602,3476.0,825.0,1167.0,-0.0241900729863948
20250730,BU2603,3469.0,257.0,509.0,-0.0346420563909722
20250730,BU2604,3459.0,10.0,35.0,-0.0347423520039338
20250730,BU2605,3449.0,11.0,37.0,-0.0383331239285564
20250730,BU2606,3438.0,51.0,403.0,-0.0244577170121379
20250730,BU2607,3431.0,1.0,12.0,-0.0157595304378653
20250730,BU2609,3422.0,11.0,123.0,-0.0529497362662844
20250730,BU2612,3377.0,11.0,111.0,0.009464659843231
20250730,BU2703,3385.0,11.0,20.0,0.003543481702279
20250730,BU2706,3388.0,11.0,47.0,0.0
20250731,BU2508,3683.0,1025.0,1533.0,-0.0784530171103018
20250731,BU2509,3659.0,145613.0,125992.0,-0.0328407429931103
20250731,BU2510,3649.0,83989.0,204258.0,-0.142248392078221
20250731,BU2511,3606.0,15335.0,94954.0,-0.2556150460310413
20250731,BU2512,3530.0,20848.0,66231.0,-0.1092779321855409
20250731,BU2601,3498.0,1419.0,4011.0,-0.0791627709558578
20250731,BU2602,3475.0,211.0,1178.0,-0.0207373323497137
20250731,BU2603,3469.0,74.0,562.0,-0.0103821203303802
20250731,BU2604,3466.0,52.0,77.0,-0.0346720842192621
20250731,BU2605,3456.0,13.0,38.0,-0.0312907608849699
20250731,BU2606,3447.0,27.0,406.0,-0.1259854091786363
20250731,BU2607,3411.0,3.0,13.0,0.0298289837941482
20250731,BU2609,3428.0,4.0,121.0,-0.048129707599595
20250731,BU2612,3387.0,32.0,113.0,-0.0035445283666311
20250731,BU2703,3384.0,4.0,22.0,-0.0106524696779346
20250731,BU2706,3375.0,16.0,47.0,0.0
20250801,BU2508,3671.0,776.0,1242.0,-0.0425706545522797
20250801,BU2509,3658.0,117794.0,116780.0,-0.0229853675420897
20250801,BU2510,3651.0,70979.0,217708.0,-0.1155919217228373
20250801,BU2511,3616.0,17446.0,96832.0,-0.248122838031459
20250801,BU2512,3542.0,19241.0,68799.0,-0.1123253131147643
20250801,BU2601,3509.0,1232.0,4149.0,-0.0858004513298605
20250801,BU2602,3484.0,57.0,1210.0,0.0
20250801,BU2603,3484.0,5.0,562.0,-0.0586967074484403
20250801,BU2604,3467.0,1.0,77.0,0.0069204154167152
20250801,BU2605,3469.0,3.0,36.0,-0.045054204549641
20250801,BU2606,3456.0,30.0,412.0,-0.0173736819113144
20250801,BU2607,3451.0,1.0,13.0,-0.0383722238104984
20250801,BU2609,3429.0,2.0,120.0,-0.0457550083536974
20250801,BU2612,3390.0,15.0,118.0,-0.0141844120270023
20250801,BU2703,3378.0,1.0,22.0,0.009461861301341
20250801,BU2706,3386.0,6.0,45.0,0.0
20250804,BU2508,3586.0,350.0,1064.0,-0.0435815537000204
20250804,BU2509,3573.0,169138.0,93052.0,-0.0572311366753754
20250804,BU2510,3556.0,140311.0,211967.0,-0.0880613604774329
20250804,BU2511,3530.0,28632.0,97837.0,-0.2195601558214928
20250804,BU2512,3466.0,38079.0,64220.0,-0.128790213751573
20250804,BU2601,3429.0,2886.0,4390.0,-0.0631580405312957
20250804,BU2602,3411.0,527.0,1258.0,-0.0564209091101906
20250804,BU2603,3395.0,225.0,534.0,-0.0176860754196066
20250804,BU2604,3390.0,7.0,78.0,-0.0141676521769834
20250804,BU2605,3386.0,16.0,42.0,0.0070859169463731
20250804,BU2606,3388.0,180.0,478.0,-0.0212703157610331
20250804,BU2607,3382.0,6.0,15.0,0.0035471476055303
20250804,BU2609,3384.0,16.0,123.0,-0.048759337224061
20250804,BU2612,3343.0,37.0,127.0,0.008366953596054
20250804,BU2703,3350.0,4.0,23.0,0.0
20250804,BU2706,3350.0,18.0,46.0,0.0
20250805,BU2508,3560.0,32.0,1048.0,-0.0540541454532544
20250805,BU2509,3544.0,102923.0,80454.0,-0.0815405175939456
20250805,BU2510,3520.0,128452.0,208129.0,-0.0958362195917992
20250805,BU2511,3492.0,22065.0,100079.0,-0.2114744892125178
20250805,BU2512,3431.0,26378.0,65512.0,-0.1265760343878385
20250805,BU2601,3395.0,4104.0,5566.0,-0.0283102461002974
20250805,BU2602,3387.0,1957.0,1574.0,-0.0425909941336975
20250805,BU2603,3375.0,79.0,497.0,-0.017790959522674
20250805,BU2604,3370.0,6.0,82.0,0.0
20250805,BU2605,3370.0,14.0,46.0,-0.021384027042825
20250805,BU2606,3364.0,109.0,551.0,0.0285035763468897
20250805,BU2607,3372.0,3.0,14.0,-0.0124684622575075
20250805,BU2609,3365.0,2.0,124.0,-0.062295359115729
20250805,BU2612,3313.0,12.0,128.0,0.0012071827464498
20250805,BU2703,3314.0,2.0,23.0,0.0252670414528638
20250805,BU2706,3335.0,0.0,46.0,0.0
20250806,BU2508,3554.0,144.0,988.0,0.0033760022729358
20250806,BU2509,3555.0,49205.0,67838.0,-0.0880862227448548
20250806,BU2510,3529.0,134426.0,210844.0,-0.1058780171606726
20250806,BU2511,3498.0,17395.0,101442.0,-0.197150997372804
20250806,BU2512,3441.0,15337.0,65423.0,-0.1226825348981615
20250806,BU2601,3406.0,2590.0,5784.0,-0.0352837654967478
20250806,BU2602,3396.0,303.0,1537.0,-0.0531209366802236
20250806,BU2603,3381.0,51.0,463.0,-0.0319858030336794
20250806,BU2604,3372.0,0.0,82.0,-0.0071195493040646
20250806,BU2605,3370.0,13.0,37.0,0.0
20250806,BU2606,3370.0,51.0,593.0,0.0355555815678845
20250806,BU2607,3380.0,1.0,15.0,-0.0284698043053544
20250806,BU2609,3364.0,1.0,124.0,-0.0804711120844305
20250806,BU2612,3297.0,1.0,127.0,0.0145322593995245
20250806,BU2703,3309.0,3.0,24.0,0.0313066017124477
20250806,BU2706,3335.0,0.0,46.0,0.0
20250807,BU2508,3567.0,20.0,976.0,-0.0505689749619705
20250807,BU2509,3552.0,35708.0,60579.0,-0.0813562438245456
20250807,BU2510,3528.0,155921.0,211556.0,-0.1196420678381989
20250807,BU2511,3493.0,24732.0,101107.0,-0.1904527063684482
20250807,BU2512,3438.0,13782.0,66023.0,-0.1333737040625017
20250807,BU2601,3400.0,2969.0,6283.0,-0.0282685643095084
20250807,BU2602,3392.0,434.0,1444.0,-0.0496307945285792
20250807,BU2603,3378.0,7.0,465.0,-0.0142180111419814
20250807,BU2604,3374.0,5.0,79.0,-0.0391866163877279
20250807,BU2605,3363.0,5.0,35.0,-0.0214285771228157
20250807,BU2606,3357.0,147.0,628.0,0.0819358979643548
20250807,BU2607,3380.0,0.0,15.0,-0.0320380470510215
20250807,BU2609,3362.0,17.0,125.0,-0.0490803703672574
20250807,BU2612,3321.0,18.0,132.0,-0.0012046378648492
20250807,BU2703,3320.0,0.0,24.0,0.0192308062724123
20250807,BU2706,3336.0,4.0,48.0,0.0
20250808,BU2508,3510.0,102.0,926.0,0.0034183165022498
20250808,BU2509,3511.0,36284.0,54003.0,-0.1133217750504465
20250808,BU2510,3478.0,157320.0,221612.0,-0.128343469400975
20250808,BU2511,3441.0,26837.0,101984.0,-0.175647164062101
20250808,BU2512,3391.0,17634.0,66256.0,-0.1316543969098128
20250808,BU2601,3354.0,2843.0,6967.0,-0.0322436378499035
20250808,BU2602,3345.0,495.0,1299.0,-0.0467276313071464
20250808,BU2603,3332.0,84.0,410.0,-0.0036019811166432
20250808,BU2604,3331.0,3.0,81.0,0.0359712499569229
20250808,BU2605,3341.0,6.0,35.0,-0.0684378262021959
20250808,BU2606,3322.0,102.0,664.0,0.0684378262021959
20250808,BU2607,3341.0,3.0,16.0,-0.0378322826773337
20250808,BU2609,3320.0,15.0,132.0,-0.0472661157977301
20250808,BU2612,3281.0,8.0,137.0,0.0218845530699195
20250808,BU2703,3299.0,0.0,24.0,0.0060578536491494
20250808,BU2706,3304.0,0.0,48.0,0.0
20250811,BU2508,3493.0,4.0,926.0,0.0650965193781035
20250811,BU2509,3512.0,24791.0,49631.0,-0.1063928033228205
20250811,BU2510,3481.0,162843.0,221001.0,-0.1456665285500725
20250811,BU2511,3439.0,27390.0,102034.0,-0.1899219010306894
20250811,BU2512,3385.0,19569.0,65507.0,-0.1318890448441138
20250811,BU2601,3348.0,4299.0,7917.0,-0.0538842396195145
20250811,BU2602,3333.0,262.0,1325.0,-0.0252290226584008
20250811,BU2603,3326.0,44.0,410.0,-0.0072180453304106
20250811,BU2604,3324.0,4.0,80.0,-0.0433996856422626
20250811,BU2605,3312.0,18.0,37.0,-0.0036237354948478
20250811,BU2606,3311.0,97.0,671.0,0.0578488616547653
20250811,BU2607,3327.0,3.0,16.0,-0.0452559092304203
20250811,BU2609,3302.0,19.0,139.0,-0.0243014113201483
20250811,BU2612,3282.0,24.0,152.0,0.0097382884375258
20250811,BU2703,3290.0,2.0,26.0,0.0121396147806164
20250811,BU2706,3300.0,8.0,55.0,0.0
20250812,BU2508,3406.0,0.0,926.0,0.4596674294739564
20250812,BU2509,3539.0,17235.0,44354.0,-0.1124209783714033
20250812,BU2510,3506.0,120282.0,223130.0,-0.1376951424675415
20250812,BU2511,3466.0,21380.0,102046.0,-0.2095513086350132
20250812,BU2512,3406.0,7998.0,65214.0,-0.1239497518628742
20250812,BU2601,3371.0,1390.0,7934.0,-0.0427935074612162
20250812,BU2602,3359.0,243.0,1371.0,-0.0214541177527701
20250812,BU2603,3353.0,14.0,406.0,-0.0466159259457894
20250812,BU2604,3340.0,3.0,80.0,0.0035922766321246
20250812,BU2605,3341.0,10.0,36.0,-0.0035922766321251
20250812,BU2606,3340.0,40.0,679.0,-0.0179775314522639
20250812,BU2607,3335.0,1.0,17.0,-0.0017993702339084
20250812,BU2609,3334.0,12.0,141.0,-0.0543568684867295
20250812,BU2612,3289.0,27.0,165.0,0.0060762581941148
20250812,BU2703,3294.0,10.0,19.0,0.0109140586128156
20250812,BU2706,3303.0,4.0,56.0,0.0
20250813,BU2508,3406.0,13.0,926.0,0.4427014998840963
20250813,BU2509,3534.0,12434.0,41183.0,-0.105727556185859
20250813,BU2510,3503.0,123189.0,224999.0,-0.1482138617486024
20250813,BU2511,3460.0,28715.0,102073.0,-0.1887600819496357
20250813,BU2512,3406.0,9744.0,64001.0,-0.1275100545147142
20250813,BU2601,3370.0,2193.0,8350.0,-0.0499554691117269
20250813,BU2602,3356.0,363.0,1319.0,-0.0573477793962083
20250813,BU2603,3340.0,9.0,407.0,0.0035922766321246
20250813,BU2604,3341.0,0.0,80.0,-0.0071856289572241
20250813,BU2605,3339.0,2.0,35.0,-0.0035944286624896
20250813,BU2606,3338.0,44.0,711.0,-0.010789750464675
20250813,BU2607,3335.0,0.0,17.0,-0.0234340090589037
20250813,BU2609,3322.0,1.0,141.0,-0.0338575177426183
20250813,BU2612,3294.0,9.0,163.0,0.0036413293365815
20250813,BU2703,3297.0,1.0,20.0,0.0
20250813,BU2706,3297.0,4.0,55.0,0.0
20250814,BU2508,3406.0,0.0,926.0,0.3609294628473354
20250814,BU2509,3510.0,13139.0,37544.0,-0.1306228881560484
20250814,BU2510,3472.0,153819.0,224823.0,-0.1460464274430621
20250814,BU2511,3430.0,35632.0,100430.0,-0.1655684565513251
20250814,BU2512,3383.0,16054.0,62719.0,-0.1176305275391564
20250814,BU2601,3350.0,3088.0,8598.0,-0.0251008607881627
20250814,BU2602,3343.0,429.0,1388.0,0.0035890534139236
20250814,BU2603,3344.0,62.0,402.0,-0.0287425287114578
20250814,BU2604,3336.0,8.0,83.0,-0.0107962220507722
20250814,BU2605,3333.0,14.0,30.0,-0.0288375026134221
20250814,BU2606,3325.0,133.0,720.0,0.0576058712016238
20250814,BU2607,3341.0,3.0,16.0,-0.0215892286903894
20250814,BU2609,3329.0,30.0,163.0,-0.0349979604818132
20250814,BU2612,3300.0,106.0,223.0,0.0169338021277461
20250814,BU2703,3314.0,3.0,18.0,0.0012068185338186
20250814,BU2706,3315.0,6.0,57.0,0.0
20250815,BU2508,3406.0,0.0,926.0,0.3164025100889082
20250815,BU2509,3497.0,15753.0,32928.0,-0.1241747211363784
20250815,BU2510,3461.0,146232.0,226829.0,-0.1430041629443213
20250815,BU2511,3420.0,36720.0,100353.0,-0.1767336805229207
20250815,BU2512,3370.0,11547.0,62993.0,-0.1324793404640128
20250815,BU2601,3333.0,3274.0,9144.0,-0.0072028813687197
20250815,BU2602,3331.0,454.0,1426.0,-0.0324665762452734
20250815,BU2603,3322.0,78.0,387.0,0.0108319550005726
20250815,BU2604,3325.0,5.0,83.0,0.0036084799550229
20250815,BU2605,3326.0,9.0,31.0,-0.0288982680297978
20250815,BU2606,3318.0,43.0,725.0,-0.0072354539424502
20250815,BU2607,3316.0,1.0,17.0,-0.001809681811336
20250815,BU2609,3315.0,7.0,166.0,-0.0205655980016746
20250815,BU2612,3298.0,26.0,229.0,0.0121102120961508
20250815,BU2703,3308.0,4.0,19.0,0.0096618404464142
20250815,BU2706,3316.0,10.0,63.0,0.0
20250818,BU2509,3499.0,15100.0,29236.0,-0.0895012754833684
20250818,BU2510,3473.0,175487.0,225280.0,-0.1530012033738439
20250818,BU2511,3429.0,46713.0,100440.0,-0.1833711849282321
20250818,BU2512,3377.0,15944.0,63896.0,-0.1357965653029588
20250818,BU2601,3339.0,5988.0,9532.0,-0.0143841791271654
20250818,BU2602,3335.0,683.0,1497.0,0.0251610096673804
20250818,BU2603,3342.0,525.0,667.0,-0.0756418533431087
20250818,BU2604,3321.0,70.0,29.0,0.0252669667722311
20250818,BU2605,3328.0,8.0,33.0,-0.0108221862137361
20250818,BU2606,3325.0,59.0,760.0,-0.0578837420201077
20250818,BU2607,3309.0,1.0,17.0,0.0253585000028813
20250818,BU2608,3316.0,0.0,0.0,-0.0144840090004227
20250818,BU2609,3312.0,15.0,176.0,-0.0363969754204565
20250818,BU2612,3282.0,20.0,243.0,0.0170264775173045
20250818,BU2703,3296.0,9.0,22.0,0.0060633632953229
20250818,BU2706,3301.0,4.0,65.0,0.0
20250819,BU2509,3490.0,12509.0,25585.0,-0.1278998136777656
20250819,BU2510,3453.0,141976.0,219752.0,-0.1538931030250712
20250819,BU2511,3409.0,44302.0,104500.0,-0.1844553018944183
20250819,BU2512,3357.0,13937.0,64942.0,-0.118546092056353
20250819,BU2601,3324.0,3630.0,10001.0,-0.007222389625184
20250819,BU2602,3322.0,820.0,1587.0,-0.0036128255579231
20250819,BU2603,3321.0,129.0,650.0,-0.0216998250814039
20250819,BU2604,3315.0,5.0,29.0,-0.0181132109862515
20250819,BU2605,3310.0,5.0,32.0,0.0144927553847944
20250819,BU2606,3314.0,10.0,759.0,-0.0181186807787529
20250819,BU2607,3309.0,1.0,18.0,0.0253585000028813
20250819,BU2608,3316.0,0.0,0.0,-0.0580412256073679
20250819,BU2609,3300.0,3.0,177.0,-0.0353068796647507
20250819,BU2612,3271.0,9.0,240.0,0.0170836135213078
20250819,BU2703,3285.0,7.0,23.0,-0.0060929181620861
20250819,BU2706,3280.0,4.0,64.0,0.0
20250820,BU2509,3493.0,8273.0,23762.0,-0.1347358332024972
20250820,BU2510,3454.0,146021.0,217538.0,-0.1749812281603104
20250820,BU2511,3404.0,43205.0,107260.0,-0.1775705677213276
20250820,BU2512,3354.0,18808.0,66462.0,-0.1331148412332215
20250820,BU2601,3317.0,5618.0,11310.0,0.0036171816400474
20250820,BU2602,3318.0,495.0,1640.0,0.0072310939217341
20250820,BU2603,3320.0,53.0,653.0,-0.0289505568646065
20250820,BU2604,3312.0,16.0,27.0,0.0217194629428726
20250820,BU2605,3318.0,12.0,33.0,-0.0108548175651232
20250820,BU2606,3315.0,16.0,760.0,-0.0544218619846951
20250820,BU2607,3300.0,1.0,18.0,0.0580412256073682
20250820,BU2608,3316.0,0.0,0.0,-0.0908132077421474
20250820,BU2609,3291.0,2.0,176.0,-0.0182732158815194
20250820,BU2612,3276.0,13.0,240.0,-0.0036646818871181
20250820,BU2703,3273.0,1.0,24.0,0.0170731966521556
20250820,BU2706,3287.0,3.0,64.0,0.0
20250821,BU2509,3496.0,7439.0,20537.0,-0.1068819018170691
20250821,BU2510,3465.0,123366.0,211461.0,-0.1463432771258189
20250821,BU2511,3423.0,40259.0,107601.0,-0.1765776416224206
20250821,BU2512,3373.0,16995.0,68513.0,-0.1036183302846962
20250821,BU2601,3344.0,5886.0,12226.0,-0.0143626588061541
20250821,BU2602,3340.0,639.0,1687.0,0.0
20250821,BU2603,3340.0,261.0,643.0,-0.0684583751279941
20250821,BU2604,3321.0,3.0,27.0,0.0864090142269857
20250821,BU2605,3345.0,5.0,33.0,-0.0107671608838773
20250821,BU2606,3342.0,33.0,757.0,-0.0503748865708781
20250821,BU2607,3328.0,7.0,19.0,-0.0397291559285611
20250821,BU2608,3317.0,0.0,0.0,0.0325154496698477
20250821,BU2609,3326.0,7.0,177.0,-0.0338166265333151
20250821,BU2612,3298.0,11.0,244.0,0.0036369149345951
20250821,BU2703,3301.0,3.0,23.0,0.0084732971615552
20250821,BU2706,3308.0,3.0,65.0,0.0
20250822,BU2509,3520.0,6165.0,17883.0,-0.1268039787136989
20250822,BU2510,3483.0,139452.0,208416.0,-0.12119566298901
20250822,BU2511,3448.0,43397.0,110446.0,-0.1682270541519711
20250822,BU2512,3400.0,17638.0,68325.0,-0.1313039863677976
20250822,BU2601,3363.0,3396.0,12393.0,0.0071343640627041
20250822,BU2602,3365.0,533.0,1641.0,-0.0107031373232071
20250822,BU2603,3362.0,65.0,674.0,-0.0178598038623119
20250822,BU2604,3357.0,1.0,27.0,0.003574087889415
20250822,BU2605,3358.0,5.0,34.0,0.0071449838371642
20250822,BU2606,3360.0,45.0,762.0,-0.0142942244418374
20250822,BU2607,3356.0,2.0,20.0,-0.140268343680532
20250822,BU2608,3317.0,0.0,0.0,0.057744472328246
20250822,BU2609,3333.0,2.0,176.0,-0.0192481574427491
20250822,BU2612,3317.0,16.0,237.0,0.0108384832232825
20250822,BU2703,3326.0,7.0,19.0,0.0120084149030576
20250822,BU2706,3336.0,4.0,63.0,0.0
20250825,BU2509,3545.0,5925.0,15517.0,-0.1122298105346467
20250825,BU2510,3512.0,169612.0,191301.0,-0.0995002126680734
20250825,BU2511,3483.0,51619.0,119279.0,-0.177009717097779
20250825,BU2512,3432.0,24931.0,69359.0,-0.1194739005117071
20250825,BU2601,3398.0,4464.0,12266.0,-0.014134277252468
20250825,BU2602,3394.0,680.0,1630.0,0.0
20250825,BU2603,3394.0,27.0,681.0,-0.1315373857696409
20250825,BU2604,3357.0,0.0,27.0,0.07838507681106
20250825,BU2605,3379.0,15.0,30.0,-0.024885211110526
20250825,BU2606,3372.0,181.0,853.0,-0.0892994149250329
20250825,BU2607,3347.0,0.0,20.0,0.0322243965092431
20250825,BU2608,3356.0,0.0,0.0,0.0142942244418387
20250825,BU2609,3360.0,12.0,172.0,-0.0479047641868626
20250825,BU2612,3320.0,72.0,270.0,0.0144317655047963
20250825,BU2703,3332.0,5.0,18.0,0.0107897562800924
20250825,BU2706,3341.0,12.0,64.0,0.0
20250826,BU2509,3548.0,6335.0,12658.0,-0.08485398105879
20250826,BU2510,3523.0,160436.0,160127.0,-0.0888892953343416
20250826,BU2511,3497.0,65975.0,129532.0,-0.1658534895184188
20250826,BU2512,3449.0,26120.0,70615.0,-0.1399840895872532
20250826,BU2601,3409.0,9018.0,18179.0,-0.0070422537232377
20250826,BU2602,3407.0,251.0,1650.0,-0.0105711356124218
20250826,BU2603,3404.0,16.0,682.0,-0.0494554718252257
20250826,BU2604,3390.0,0.0,27.0,-0.0141676521769834
20250826,BU2605,3386.0,1.0,30.0,0.0318537275965901
20250826,BU2606,3395.0,81.0,856.0,-0.1458011713157075
20250826,BU2607,3354.0,0.0,20.0,0.0071535024473112
20250826,BU2608,3356.0,0.0,0.0,0.0499554691117266
20250826,BU2609,3370.0,2.0,172.0,-0.0393621783801337
20250826,BU2612,3337.0,61.0,217.0,0.0047918544215302
20250826,BU2703,3341.0,4.0,21.0,0.0
20250826,BU2706,3341.0,5.0,64.0,0.0
20250827,BU2509,3495.0,4584.0,11370.0,-0.0826876656734929
20250827,BU2510,3471.0,167989.0,136248.0,-0.0971946302791494
20250827,BU2511,3443.0,76942.0,132107.0,-0.1543429637088937
20250827,BU2512,3399.0,32985.0,70306.0,-0.1242063432393278
20250827,BU2601,3364.0,16123.0,26519.0,0.0285035763468897
20250827,BU2602,3372.0,1296.0,1819.0,0.0
20250827,BU2603,3372.0,20.0,677.0,-0.0035592466522238
20250827,BU2604,3371.0,1.0,28.0,-0.0463665311588956
20250827,BU2605,3358.0,7.0,30.0,-0.0178810940550906
20250827,BU2606,3353.0,68.0,842.0,0.0035783510031081
20250827,BU2607,3354.0,0.0,20.0,0.0071535024473112
20250827,BU2608,3356.0,0.0,0.0,-0.0573477793962083
20250827,BU2609,3340.0,7.0,175.0,-0.0725095383702268
20250827,BU2612,3280.0,60.0,200.0,0.0158223239926992
20250827,BU2703,3293.0,6.0,24.0,-0.0012148823176152
20250827,BU2706,3292.0,18.0,64.0,0.0
20250828,BU2509,3529.0,3575.0,9714.0,-0.0408742944154519
20250828,BU2510,3517.0,172555.0,138975.0,-0.1165723452957749
20250828,BU2511,3483.0,68089.0,145768.0,-0.1945049818967086
20250828,BU2512,3427.0,25868.0,73877.0,-0.1196490850845444
20250828,BU2601,3393.0,17915.0,34423.0,0.0212014189426307
20250828,BU2602,3399.0,625.0,1802.0,-0.0176652468233323
20250828,BU2603,3394.0,70.0,677.0,-0.0567041811171155
20250828,BU2604,3378.0,2.0,28.0,0.024841055743561
20250828,BU2605,3385.0,12.0,32.0,-0.0426162034167012
20250828,BU2606,3373.0,282.0,1043.0,-0.0570580569793842
20250828,BU2607,3357.0,4.0,20.0,0.0356930661724753
20250828,BU2608,3367.0,2.0,2.0,-0.0894325200688252
20250828,BU2609,3342.0,1.0,175.0,-0.0457422980578812
20250828,BU2612,3304.0,8.0,200.0,-0.0048455487451883
20250828,BU2703,3300.0,0.0,24.0,0.010894241868162
20250828,BU2706,3309.0,0.0,64.0,0.0
20250829,BU2509,3519.0,3507.0,7509.0,-0.0409906461768848
20250829,BU2510,3507.0,156742.0,119719.0,-0.0617497074408473
20250829,BU2511,3489.0,96360.0,176549.0,-0.1941677727489852
20250829,BU2512,3433.0,27726.0,78670.0,-0.1194389251389121
20250829,BU2601,3399.0,15701.0,41981.0,0.0141134976574764
20250829,BU2602,3403.0,629.0,1658.0,0.0176185613796067
20250829,BU2603,3408.0,33.0,704.0,-0.0282021281394435
20250829,BU2604,3400.0,0.0,28.0,-0.017660047337475
20250829,BU2605,3395.0,5.0,33.0,0.014130116439834
20250829,BU2606,3399.0,90.0,1021.0,-0.0708175557819132
20250829,BU2607,3379.0,1.0,20.0,-0.042692010638586
20250829,BU2608,3367.0,0.0,2.0,0.0249221273380688
20250829,BU2609,3374.0,8.0,173.0,-0.0561119483497473
20250829,BU2612,3327.0,17.0,194.0,-0.0060159433809459
20250829,BU2703,3322.0,0.0,24.0,-0.0144752872085263
20250829,BU2706,3310.0,1.0,64.0,0.0
20250901,BU2509,3547.0,2646.0,6296.0,-0.0237053837496203
20250901,BU2510,3540.0,164623.0,109607.0,-0.0611726048600246
20250901,BU2511,3522.0,111255.0,200306.0,-0.1923338253672009
20250901,BU2512,3466.0,36073.0,84405.0,-0.128790213751573
20250901,BU2601,3429.0,21074.0,51453.0,0.003499052364784
20250901,BU2602,3430.0,863.0,1754.0,0.0
20250901,BU2603,3430.0,216.0,798.0,-0.0455674565363246
20250901,BU2604,3417.0,7.0,28.0,-0.0105401851308714
20250901,BU2605,3414.0,20.0,38.0,0.0561076416671957
20250901,BU2606,3430.0,322.0,1200.0,-0.0455674565363246
20250901,BU2607,3417.0,21.0,11.0,-0.1768899954506075
20250901,BU2608,3367.0,0.0,2.0,0.1558003590908538
20250901,BU2609,3411.0,20.0,159.0,-0.0805475839941885
20250901,BU2612,3343.0,17.0,190.0,0.0023923445689208
20250901,BU2703,3345.0,7.0,26.0,-0.010776836334766
20250901,BU2706,3336.0,10.0,65.0,0.0
20250902,BU2509,3543.0,2668.0,5401.0,0.0270651369313907
20250902,BU2510,3551.0,152509.0,105860.0,-0.0270651369313904
20250902,BU2511,3543.0,122715.0,229884.0,-0.17399025487175
20250902,BU2512,3492.0,45554.0,87584.0,-0.1070048798897824
20250902,BU2601,3461.0,23718.0,58643.0,-0.0069364163781059
20250902,BU2602,3459.0,1678.0,1604.0,0.0311823475591647
20250902,BU2603,3468.0,124.0,867.0,-0.0103851153171458
20250902,BU2604,3465.0,108.0,127.0,-0.0207972322420182
20250902,BU2605,3459.0,17.0,41.0,-0.0069404281865296
20250902,BU2606,3457.0,715.0,1457.0,-0.0417270776863869
20250902,BU2607,3445.0,8.0,9.0,-0.0418726798808032
20250902,BU2608,3433.0,13.0,6.0,-0.0104910395724775
20250902,BU2609,3430.0,19.0,156.0,-0.0705900672543129
20250902,BU2612,3370.0,32.0,173.0,0.0
20250902,BU2703,3370.0,5.0,21.0,0.0165827895188262
20250902,BU2706,3384.0,9.0,61.0,0.0
20250903,BU2509,3535.0,717.0,4833.0,0.0508116496654606
20250903,BU2510,3550.0,101178.0,93085.0,-0.033850516099696
20250903,BU2511,3540.0,97989.0,242094.0,-0.1844613605742466
20250903,BU2512,3486.0,24887.0,88606.0,-0.1037171538722396
20250903,BU2601,3456.0,18357.0,60067.0,0.01041214815867
20250903,BU2602,3459.0,855.0,1586.0,-0.0034697123271952
20250903,BU2603,3458.0,96.0,865.0,0.0311913533014526
20250903,BU2604,3467.0,0.0,127.0,-0.0346620691607865
20250903,BU2605,3457.0,9.0,40.0,-0.0104181745800077
20250903,BU2606,3454.0,153.0,1505.0,-0.0313089031063798
20250903,BU2607,3445.0,1.0,9.0,-0.0209180761859131
20250903,BU2608,3439.0,0.0,6.0,-0.0699914495155793
20250903,BU2609,3419.0,4.0,154.0,-0.0696285467282055
20250903,BU2612,3360.0,34.0,152.0,0.0130738491072436
20250903,BU2703,3371.0,0.0,21.0,-0.0178385905878558
20250903,BU2706,3356.0,17.0,50.0,0.0
20250904,BU2509,3482.0,2091.0,3629.0,-0.0483453891324219
20250904,BU2510,3468.0,128082.0,70861.0,-0.0903043335473725
20250904,BU2511,3442.0,189510.0,237670.0,-0.1755957583162927
20250904,BU2512,3392.0,51298.0,87302.0,-0.1066041953187935
20250904,BU2601,3362.0,23871.0,60561.0,0.0071364854913325
20250904,BU2602,3364.0,1075.0,1502.0,0.0071322438949519
20250904,BU2603,3366.0,182.0,845.0,0.2155217654862913
20250904,BU2604,3427.0,1.0,126.0,-0.1977096796865768
20250904,BU2605,3371.0,24.0,39.0,-0.0499406190483099
20250904,BU2606,3357.0,630.0,1666.0,-0.0214669109126938
20250904,BU2607,3351.0,0.0,9.0,0.0963001155652192
20250904,BU2608,3378.0,0.0,6.0,-0.0035529237861325
20250904,BU2609,3377.0,20.0,139.0,-0.1092668871534174
20250904,BU2612,3286.0,35.0,141.0,0.0170057954294326
20250904,BU2703,3300.0,0.0,21.0,0.0
20250904,BU2706,3300.0,23.0,52.0,0.0
20250905,BU2509,3487.0,769.0,3036.0,-0.0690252118875327
20250905,BU2510,3467.0,86667.0,54826.0,-0.1042880260222739
20250905,BU2511,3437.0,248029.0,241397.0,-0.1546141447872446
20250905,BU2512,3393.0,41900.0,84065.0,-0.0994382724648236
20250905,BU2601,3365.0,21091.0,60936.0,-0.003566651831874
20250905,BU2602,3364.0,1417.0,1612.0,-0.0071364854913333
20250905,BU2603,3362.0,75.0,839.0,0.0178332623101615
20250905,BU2604,3367.0,1.0,127.0,-0.0966159982839405
20250905,BU2605,3340.0,30.0,44.0,0.0644970200008807
20250905,BU2606,3358.0,337.0,1790.0,-0.0573135417857646
20250905,BU2607,3342.0,6.0,12.0,0.0286909879652777
20250905,BU2608,3350.0,4.0,6.0,0.0143198107685041
20250905,BU2609,3354.0,13.0,141.0,-0.0528218960481825
20250905,BU2612,3310.0,27.0,149.0,-0.0230268777110747
20250905,BU2703,3291.0,3.0,21.0,0.0447202119910369
20250905,BU2706,3328.0,5.0,51.0,0.0
20250908,BU2509,3449.0,1634.0,1598.0,0.0555395842459516
20250908,BU2510,3465.0,60865.0,45780.0,-0.086893935078715
20250908,BU2511,3440.0,189467.0,242529.0,-0.1650838269985664
20250908,BU2512,3393.0,38013.0,86347.0,-0.0958726804017463
20250908,BU2601,3366.0,19787.0,62184.0,-0.0071322438949514
20250908,BU2602,3364.0,1425.0,1534.0,0.0071322438949519
20250908,BU2603,3366.0,53.0,816.0,-0.0142687293862842
20250908,BU2604,3362.0,3.0,127.0,-0.0035698349214627
20250908,BU2605,3361.0,11.0,45.0,-0.0107158810514346
20250908,BU2606,3358.0,378.0,1976.0,-0.0537234146086502
20250908,BU2607,3343.0,2.0,11.0,-0.1009318056016293
20250908,BU2608,3315.0,2.0,7.0,0.0901582002093983
20250908,BU2609,3340.0,12.0,147.0,-0.0518313715960599
20250908,BU2612,3297.0,14.0,150.0,-0.0012134081694748
20250908,BU2703,3296.0,2.0,21.0,0.0048514257008369
20250908,BU2706,3300.0,5.0,54.0,0.0
20250909,BU2509,3455.0,186.0,1467.0,-0.0487239648514783
20250909,BU2510,3441.0,29113.0,39333.0,-0.073458908889954
20250909,BU2511,3420.0,112448.0,241910.0,-0.1660559399400067
20250909,BU2512,3373.0,20301.0,85627.0,-0.0928576062038831
20250909,BU2601,3347.0,17606.0,63557.0,0.0107510832934272
20250909,BU2602,3350.0,1386.0,1485.0,0.0143198107685041
20250909,BU2603,3354.0,281.0,933.0,-0.0214861292854587
20250909,BU2604,3348.0,5.0,126.0,0.0
20250909,BU2605,3348.0,2.0,46.0,-0.0215246694483225
20250909,BU2606,3342.0,303.0,2128.0,-0.0035912015829902
20250909,BU2607,3341.0,0.0,11.0,-0.0035922766321251
20250909,BU2608,3340.0,7.0,3.0,-0.0504051146144773
20250909,BU2609,3326.0,4.0,146.0,-0.0398855095060349
20250909,BU2612,3293.0,1.0,151.0,0.0012145134448856
20250909,BU2703,3294.0,2.0,21.0,0.0048543695278347
20250909,BU2706,3298.0,2.0,53.0,0.0
20250910,BU2509,3420.0,9.0,1465.0,0.1499365721492535
20250910,BU2510,3463.0,31559.0,35992.0,-0.0451324125241979
20250910,BU2511,3450.0,150423.0,244770.0,-0.1787155239514732
20250910,BU2512,3399.0,23413.0,84199.0,-0.0814763277632196
20250910,BU2601,3376.0,15771.0,64552.0,-0.0035550289106105
20250910,BU2602,3375.0,1408.0,1411.0,0.0071090049472512
20250910,BU2603,3377.0,82.0,972.0,-0.1034950653144206
20250910,BU2604,3348.0,0.0,126.0,0.1034950653144213
20250910,BU2605,3377.0,7.0,44.0,-0.0248999644699229
20250910,BU2606,3370.0,128.0,2140.0,-0.0035613592782546
20250910,BU2607,3369.0,2.0,12.0,-0.1037418892296808
20250910,BU2608,3340.0,0.0,3.0,0.0537715612204322
20250910,BU2609,3355.0,6.0,145.0,-0.0419479499809918
20250910,BU2612,3320.0,5.0,153.0,-0.0326631181366795
20250910,BU2703,3293.0,0.0,21.0,0.0386826828543605
20250910,BU2706,3325.0,4.0,52.0,0.0
20250911,BU2509,3450.0,585.0,930.0,0.0659056433321306
20250911,BU2510,3469.0,33101.0,35087.0,-0.0207732308079323
20250911,BU2511,3463.0,186437.0,252780.0,-0.1745231459485791
20250911,BU2512,3413.0,28403.0,85158.0,-0.0811409823865329
20250911,BU2601,3390.0,17979.0,64757.0,-0.0035403452093352
20250911,BU2602,3389.0,1361.0,1373.0,-0.014171835128112
20250911,BU2603,3385.0,94.0,986.0,-0.010639870654197
20250911,BU2604,3382.0,1.0,126.0,-0.0213080849121343
20250911,BU2605,3376.0,4.0,44.0,0.0248557567783284
20250911,BU2606,3383.0,487.0,2217.0,-0.0070963928738704
20250911,BU2607,3381.0,2.0,11.0,-0.0783385571471184
20250911,BU2608,3359.0,0.0,3.0,0.0285459545853812
20250911,BU2609,3367.0,2.0,144.0,-0.0610516116235554
20250911,BU2612,3316.0,23.0,141.0,0.0192539481261908
20250911,BU2703,3332.0,4.0,22.0,-0.0024016812489752
20250911,BU2706,3330.0,5.0,52.0,0.0
20250912,BU2509,3423.0,0.0,930.0,-0.1056344849514619
20250912,BU2510,3393.0,43199.0,25946.0,-0.0887446730641534
20250912,BU2511,3368.0,238778.0,252640.0,-0.1325584460224517
20250912,BU2512,3331.0,50951.0,84495.0,-0.065021230725405
20250912,BU2601,3313.0,22643.0,65604.0,0.0072420038408042
20250912,BU2602,3315.0,1468.0,1494.0,0.018085911486856
20250912,BU2603,3320.0,153.0,1050.0,-0.0434520692034275
20250912,BU2604,3308.0,6.0,120.0,0.0362209752816955
20250912,BU2605,3318.0,47.0,85.0,-0.0180968214059272
20250912,BU2606,3313.0,456.0,2185.0,0.0938068517251034
20250912,BU2607,3339.0,1.0,11.0,-0.0720939386841588
20250912,BU2608,3319.0,8.0,4.0,-0.0180913648015966
20250912,BU2609,3314.0,11.0,145.0,-0.0473521996686234
20250912,BU2612,3275.0,25.0,148.0,0.0158464324268727
20250912,BU2703,3288.0,15.0,31.0,-0.0036513010294387
20250912,BU2706,3285.0,12.0,57.0,0.0
20250915,BU2509,3380.0,32.0,907.0,0.1095575272989756
20250915,BU2510,3411.0,16222.0,22858.0,-0.0634922116129865
20250915,BU2511,3393.0,204310.0,240677.0,-0.1351525845413759
20250915,BU2512,3355.0,47243.0,80990.0,-0.0537715612204331
20250915,BU2601,3340.0,18596.0,64466.0,-0.0107832866324647
20250915,BU2602,3337.0,809.0,1463.0,0.0323208335447426
20250915,BU2603,3346.0,104.0,1022.0,-0.0431138188323589
20250915,BU2604,3334.0,12.0,120.0,0.0431138188323603
20250915,BU2605,3346.0,48.0,74.0,-0.0287253278998672
20250915,BU2606,3338.0,141.0,2199.0,0.0035944286624894
20250915,BU2607,3339.0,0.0,11.0,-0.0648650228028952
20250915,BU2608,3321.0,0.0,4.0,0.0396813829198418
20250915,BU2609,3332.0,4.0,146.0,-0.0507406381092627
20250915,BU2612,3290.0,13.0,149.0,0.0145631228826233
20250915,BU2703,3302.0,16.0,27.0,0.0072617266540341
20250915,BU2706,3308.0,6.0,55.0,0.0
20250916,BU2510,3426.0,12611.0,21222.0,-0.0526547575850338
20250916,BU2511,3411.0,162489.0,234581.0,-0.130878231752785
20250916,BU2512,3374.0,34054.0,81159.0,-0.0641903462258015
20250916,BU2601,3356.0,20907.0,65746.0,0.0
20250916,BU2602,3356.0,1457.0,1508.0,0.0107222643023523
20250916,BU2603,3359.0,308.0,1118.0,-0.0680700436985597
20250916,BU2604,3340.0,0.0,120.0,0.0215375469122774
20250916,BU2605,3346.0,47.0,63.0,0.0214989606624515
20250916,BU2606,3352.0,359.0,2247.0,0.0143112718214772
20250916,BU2607,3356.0,8.0,13.0,-0.0573477793962083
20250916,BU2608,3340.0,6.0,4.0,-0.0107832866324647
20250916,BU2609,3337.0,11.0,145.0,-0.0385429058623493
20250916,BU2612,3305.0,16.0,148.0,0.0060468643412877
20250916,BU2703,3310.0,2.0,26.0,0.0084502823037757
20250916,BU2706,3317.0,2.0,55.0,-0.0108679312138818
20250916,BU2709,3308.0,0.0,0.0,0.0
20250917,BU2510,3451.0,8840.0,19347.0,-0.0208816758029341
20250917,BU2511,3445.0,141270.0,233590.0,-0.1436723250539303
20250917,BU2512,3404.0,39034.0,81251.0,-0.063623124002209
20250917,BU2601,3386.0,19320.0,67850.0,0.0
20250917,BU2602,3386.0,681.0,1542.0,-0.0283855839040222
20250917,BU2603,3378.0,76.0,1154.0,-0.010661928733382
20250917,BU2604,3375.0,0.0,120.0,-0.0035560824085997
20250917,BU2605,3374.0,1.0,63.0,-0.0142348771140743
20250917,BU2606,3370.0,152.0,2246.0,-0.0106872502239945
20250917,BU2607,3367.0,4.0,13.0,0.0
20250917,BU2608,3367.0,0.0,4.0,-0.0178332623101632
20250917,BU2609,3362.0,7.0,144.0,-0.0442654435144255
20250917,BU2612,3325.0,34.0,153.0,-0.0036106516668573
20250917,BU2703,3322.0,5.0,26.0,0.0060159433809462
20250917,BU2706,3327.0,6.0,50.0,-0.015660312127874
20250917,BU2709,3314.0,0.0,0.0,0.0
20250918,BU2510,3436.0,6101.0,18879.0,-0.0314731347544453
20250918,BU2511,3427.0,151997.0,233261.0,-0.137345593231966
20250918,BU2512,3388.0,32365.0,82034.0,-0.0639243891064508
20250918,BU2601,3370.0,19381.0,68955.0,-0.0071237758102812
20250918,BU2602,3368.0,562.0,1605.0,0.0320237402802033
20250918,BU2603,3377.0,10.0,1150.0,-0.0355872146939184
20250918,BU2604,3367.0,8.0,120.0,0.0142475528758352
20250918,BU2605,3371.0,4.0,61.0,-0.0463665311588956
20250918,BU2606,3358.0,151.0,2303.0,-0.0357888723374427
20250918,BU2607,3348.0,2.0,11.0,0.0857146501485624
20250918,BU2608,3372.0,4.0,0.0,-0.0821309559304979
20250918,BU2609,3349.0,3.0,145.0,-0.0529012820336716
20250918,BU2612,3305.0,12.0,154.0,0.0169082377367519
20250918,BU2703,3319.0,2.0,27.0,0.0024096386270881
20250918,BU2706,3321.0,6.0,51.0,-0.0084400935609531
20250918,BU2709,3314.0,0.0,0.0,0.0
20250919,BU2510,3420.0,6753.0,18362.0,0.0035082590514456
20250919,BU2511,3421.0,179842.0,232100.0,-0.1660070624602931
20250919,BU2512,3374.0,35706.0,83148.0,-0.0749221996762205
20250919,BU2601,3353.0,23269.0,70203.0,0.0107318534504186
20250919,BU2602,3356.0,851.0,1588.0,0.0357036859638548
20250919,BU2603,3366.0,78.0,1151.0,-0.0071322438949514
20250919,BU2604,3364.0,3.0,120.0,-0.0607958385781441
20250919,BU2605,3347.0,1.0,62.0,0.0071684589945365
20250919,BU2606,3349.0,91.0,2313.0,-0.0035836942180642
20250919,BU2607,3348.0,0.0,11.0,0.0750337415662422
20250919,BU2608,3369.0,0.0,0.0,-0.100149612597556
20250919,BU2609,3341.0,4.0,145.0,-0.0336641602274425
20250919,BU2612,3313.0,11.0,152.0,0.0012071827464498
20250919,BU2703,3314.0,5.0,25.0,0.0048250910555263
20250919,BU2706,3318.0,1.0,50.0,0.0288289536197966
20250919,BU2709,3342.0,1.0,1.0,0.0
20251027,BU2511,3364.0,6674.0,12565.0,-0.2068965517241383
20251027,BU2512,3306.0,39828.0,52090.0,-0.0004486225249291
20251027,BU2601,3295.0,235291.0,193506.0,0.0254931714719282
20251027,BU2602,3302.0,22881.0,69163.0,0.0472440944881888
20251027,BU2603,3315.0,1405.0,6226.0,0.0036199095022624
20251027,BU2604,3316.0,443.0,1228.0,0.0
20251027,BU2605,3316.0,2427.0,445.0,-0.0036188178528342
20251027,BU2606,3315.0,760.0,6445.0,-0.0108597285067872
20251027,BU2607,3312.0,1.0,17.0,0.0362318840579698
20251027,BU2608,3322.0,2.0,26.0,-0.0939193257074046
20251027,BU2609,3296.0,119.0,578.0,-0.0327669902912619
20251027,BU2610,3287.0,36.0,10.0,-0.0565865530879219
20251027,BU2612,3256.0,48.0,252.0,0.0005265005265005
20251027,BU2703,3269.0,3.0,25.0,0.0146833894157234
20251027,BU2706,3281.0,10.0,127.0,0.0316976531545263
20251027,BU2709,3307.0,4.0,23.0,0.0
20251028,BU2511,3343.0,6227.0,10199.0,-0.193837870176488
20251028,BU2512,3289.0,26050.0,47352.0,-0.0004099466727703
20251028,BU2601,3279.0,166622.0,197268.0,0.0256175663311974
20251028,BU2602,3286.0,21760.0,73555.0,0.0547778454047476
20251028,BU2603,3301.0,1808.0,6830.0,0.0145410481672216
20251028,BU2604,3305.0,544.0,1285.0,0.0145234493192134
20251028,BU2605,3309.0,1314.0,476.0,-0.0253853127833183
20251028,BU2606,3302.0,1339.0,6404.0,-0.0036341611144754
20251028,BU2607,3301.0,4.0,17.0,-0.0072705240836108
20251028,BU2608,3299.0,12.0,23.0,-0.0436495907850869
20251028,BU2609,3287.0,26.0,580.0,-0.0547611804076666
20251028,BU2610,3272.0,0.0,10.0,-0.0623471882640587
20251028,BU2612,3238.0,28.0,236.0,0.0008145035939971
20251028,BU2703,3258.0,2.0,25.0,0.0122774708410071
20251028,BU2706,3268.0,4.0,128.0,0.0146878824969398
20251028,BU2709,3280.0,7.0,21.0,0.0
20251029,BU2511,3340.0,4877.0,9318.0,-0.1760479041916167
20251029,BU2512,3291.0,26436.0,40139.0,-0.0006964858193438
20251029,BU2601,3274.0,173766.0,196026.0,0.0146609651802078
20251029,BU2602,3278.0,22774.0,77166.0,0.043929225137278
20251029,BU2603,3290.0,2726.0,7360.0,0.0364741641337396
20251029,BU2604,3300.0,1416.0,1673.0,0.0109090909090916
20251029,BU2605,3303.0,799.0,794.0,-0.0145322434150769
20251029,BU2606,3299.0,966.0,6547.0,0.0036374658987563
20251029,BU2607,3300.0,6.0,20.0,-0.0109090909090903
20251029,BU2608,3297.0,1.0,22.0,-0.0109190172884434
20251029,BU2609,3294.0,35.0,587.0,-0.0765027322404368
20251029,BU2610,3273.0,7.0,9.0,-0.0678276810265814
20251029,BU2612,3236.0,25.0,225.0,0.000489004197286
20251029,BU2703,3248.0,3.0,24.0,0.0110837438423647
20251029,BU2706,3257.0,13.0,135.0,0.038071845256371
20251029,BU2709,3288.0,5.0,18.0,0.0
20251030,BU2511,3316.0,5115.0,7194.0,-0.1700844390832334
20251030,BU2512,3269.0,21018.0,37478.0,-0.0006186821383029
20251030,BU2601,3254.0,160811.0,196796.0,0.0184388444990792
20251030,BU2602,3259.0,21448.0,79685.0,0.0589137772322798
20251030,BU2603,3275.0,1569.0,7280.0,0.0146564885496189
20251030,BU2604,3279.0,460.0,1749.0,0.0256175663311974
20251030,BU2605,3286.0,775.0,843.0,-0.0073037127206334
20251030,BU2606,3284.0,999.0,6602.0,0.0255785627283806
20251030,BU2607,3291.0,0.0,20.0,0.0145852324521431
20251030,BU2608,3295.0,0.0,22.0,-0.0728376327769346
20251030,BU2609,3275.0,9.0,586.0,-0.0549618320610685
20251030,BU2610,3260.0,4.0,8.0,-0.0644171779141107
20251030,BU2612,3225.0,4.0,228.0,0.0011857909532328
20251030,BU2703,3254.0,0.0,24.0,-0.0073755377996311
20251030,BU2706,3248.0,6.0,138.0,0.014778325123153
20251030,BU2709,3260.0,1.0,18.0,0.0
20251031,BU2511,3265.0,4969.0,5121.0,-0.0404287901990816
20251031,BU2512,3254.0,14091.0,36247.0,-0.000414356056159
20251031,BU2601,3244.0,181089.0,199947.0,0.0443896424167693
20251031,BU2602,3256.0,27599.0,80749.0,0.0515970515970511
20251031,BU2603,3270.0,2461.0,7353.0,0.0146788990825683
20251031,BU2604,3274.0,1143.0,2063.0,0.0109957238851565
20251031,BU2605,3277.0,347.0,836.0,-0.0292950869697894
20251031,BU2606,3269.0,1485.0,6846.0,0.0587335576628946
20251031,BU2607,3285.0,0.0,20.0,-0.0255707762557073
20251031,BU2608,3278.0,2.0,22.0,-0.1025015253203167
20251031,BU2609,3250.0,124.0,659.0,-0.0553846153846149
20251031,BU2610,3235.0,51.0,8.0,-0.0630602782071094
20251031,BU2612,3201.0,5.0,230.0,0.0017714244518368
20251031,BU2703,3244.0,0.0,24.0,-0.0197287299630084
20251031,BU2706,3228.0,3.0,139.0,0.0061957868649322
20251031,BU2709,3233.0,1.0,18.0,0.0
20251103,BU2511,3225.0,3524.0,5102.0,0.0297674418604643
20251103,BU2512,3233.0,23804.0,34961.0,0.0
20251103,BU2601,3233.0,263304.0,207852.0,0.0482523971543447
20251103,BU2602,3246.0,41536.0,83245.0,0.0702402957486141
20251103,BU2603,3265.0,2509.0,7514.0,0.022052067381316
20251103,BU2604,3271.0,343.0,2089.0,0.0073372057474774
20251103,BU2605,3273.0,414.0,929.0,0.0109990834097164
20251103,BU2606,3276.0,2394.0,6936.0,-0.0036630036630036
20251103,BU2607,3275.0,7.0,24.0,-0.0183206106870224
20251103,BU2608,3270.0,2.0,23.0,-0.0366972477064222
20251103,BU2609,3260.0,26.0,663.0,-0.040490797546012
20251103,BU2610,3249.0,0.0,8.0,-0.0997229916897504
20251103,BU2612,3195.0,15.0,235.0,0.001650931228396
20251103,BU2703,3235.0,2.0,26.0,0.0148377125193199
20251103,BU2706,3247.0,3.0,140.0,-0.0061595318755776
20251103,BU2709,3242.0,0.0,18.0,0.0
20251104,BU2511,3171.0,413.0,5017.0,0.0681173131504264
20251104,BU2512,3189.0,16445.0,29725.0,0.0001691206781739
20251104,BU2601,3193.0,174057.0,206960.0,0.0563733166301281
20251104,BU2602,3208.0,32599.0,86510.0,0.0598503740648368
20251104,BU2603,3224.0,1440.0,7628.0,0.0148883374689834
20251104,BU2604,3228.0,360.0,2106.0,0.0037174721189598
20251104,BU2605,3229.0,543.0,875.0,0.0037163208423658
20251104,BU2606,3230.0,2854.0,6920.0,-0.007430340557275
20251104,BU2607,3228.0,12.0,24.0,0.0408921933085508
20251104,BU2608,3239.0,6.0,23.0,-0.0555727076258105
20251104,BU2609,3224.0,118.0,743.0,0.0707196029776673
20251104,BU2610,3243.0,0.0,8.0,-0.1165587419056428
20251104,BU2612,3180.0,6.0,235.0,0.0018245905038357
20251104,BU2703,3224.0,1.0,26.0,-0.0223325062034738
20251104,BU2706,3206.0,10.0,144.0,0.0137242669993762
20251104,BU2709,3217.0,2.0,19.0,0.0
20251105,BU2511,3149.0,497.0,4962.0,0.0571610034931726
20251105,BU2512,3164.0,20806.0,26685.0,8.522848335914945e-05
20251105,BU2601,3166.0,178534.0,203527.0,0.0720151610865436
20251105,BU2602,3185.0,34163.0,86610.0,0.0715855572998442
20251105,BU2603,3204.0,1701.0,7581.0,0.0299625468164794
20251105,BU2604,3212.0,429.0,2176.0,0.0074719800747198
20251105,BU2605,3214.0,215.0,841.0,0.007467330429371
20251105,BU2606,3216.0,1625.0,6982.0,0.0111940298507464
20251105,BU2607,3219.0,3.0,23.0,-0.0521901211556383
20251105,BU2608,3205.0,4.0,23.0,-0.0187207488299527
20251105,BU2609,3200.0,176.0,858.0,0.1162500000000008
20251105,BU2610,3231.0,0.0,8.0,-0.1448467966573818
20251105,BU2612,3153.0,8.0,237.0,0.0012965150928994
20251105,BU2703,3184.0,2.0,27.0,0.0251256281407039
20251105,BU2706,3204.0,15.0,157.0,0.0149812734082397
20251105,BU2709,3216.0,4.0,20.0,0.0
20251106,BU2511,3106.0,1389.0,3964.0,0.0463618802318102
20251106,BU2512,3118.0,16158.0,23543.0,-0.0003891863842422
20251106,BU2601,3109.0,232766.0,201642.0,0.0424573817947884
20251106,BU2602,3120.0,37594.0,87600.0,0.0807692307692304
20251106,BU2603,3141.0,2135.0,7882.0,0.0152817574021
20251106,BU2604,3145.0,472.0,2291.0,0.0305246422893477
20251106,BU2605,3153.0,582.0,911.0,-0.0076117982873449
20251106,BU2606,3151.0,3680.0,7425.0,0.0761662964138363
20251106,BU2607,3171.0,1.0,24.0,-0.0378429517502363
20251106,BU2608,3161.0,2.0,22.0,-0.0531477380575764
20251106,BU2609,3147.0,223.0,1020.0,0.0991420400381324
20251106,BU2610,3173.0,0.0,8.0,-0.109675386069965
20251106,BU2612,3115.0,6.0,238.0,0.0019896636269027
20251106,BU2703,3162.0,1.0,28.0,-0.0303605313092978
20251106,BU2706,3138.0,19.0,169.0,0.0344168260038237
20251106,BU2709,3165.0,5.0,25.0,0.0
20251107,BU2511,3034.0,1374.0,2960.0,0.0711931443638773
20251107,BU2512,3052.0,15086.0,21504.0,-0.0001767122682492
20251107,BU2601,3048.0,309447.0,214266.0,0.0629921259842509
20251107,BU2602,3064.0,46503.0,90209.0,0.1018276762402097
20251107,BU2603,3090.0,4641.0,9223.0,0.0504854368932026
20251107,BU2604,3103.0,699.0,2471.0,0.0193361263293585
20251107,BU2605,3108.0,720.0,1042.0,0.0193050193050181
20251107,BU2606,3113.0,5498.0,8249.0,0.0115644073241254
20251107,BU2607,3116.0,0.0,24.0,0.0
20251107,BU2608,3116.0,29.0,26.0,-0.0115532734274714
20251107,BU2609,3113.0,206.0,1135.0,0.0269836170896233
20251107,BU2610,3120.0,12.0,12.0,-0.0788461538461535
20251107,BU2612,3079.0,48.0,267.0,0.0021414116899664
20251107,BU2703,3129.0,2.0,29.0,-0.0153403643336527
20251107,BU2706,3117.0,29.0,179.0,0.0192492781520696
20251107,BU2709,3132.0,18.0,33.0,0.0
20251110,BU2511,3012.0,853.0,2560.0,0.0876494023904381
20251110,BU2512,3034.0,12970.0,21452.0,8.888033004229715e-05
20251110,BU2601,3036.0,259714.0,208668.0,0.0671936758893281
20251110,BU2602,3053.0,37909.0,92327.0,0.1061251228300026
20251110,BU2603,3080.0,4128.0,10561.0,0.0389610389610393
20251110,BU2604,3090.0,1503.0,2877.0,0.0233009708737874
20251110,BU2605,3096.0,1111.0,1094.0,0.0426356589147296
20251110,BU2606,3107.0,4364.0,9758.0,-0.0347602188606375
20251110,BU2607,3098.0,1.0,25.0,0.027114267269205
20251110,BU2608,3105.0,10.0,23.0,0.050241545893721
20251110,BU2609,3118.0,105.0,1179.0,-0.0153944836433614
20251110,BU2610,3114.0,4.0,14.0,-0.0366088631984584
20251110,BU2612,3095.0,16.0,279.0,0.0009373502103712
20251110,BU2703,3117.0,5.0,30.0,0.0384985563041384
20251110,BU2706,3147.0,18.0,178.0,0.0
20251110,BU2709,3147.0,7.0,36.0,0.0
20251111,BU2511,3040.0,13.0,2559.0,0.0434210526315785
20251111,BU2512,3051.0,10113.0,20360.0,-4.4192546926954734e-05
20251111,BU2601,3050.0,252208.0,193828.0,0.0550819672131135
20251111,BU2602,3064.0,36373.0,94512.0,0.1018276762402097
20251111,BU2603,3090.0,6883.0,11725.0,0.0427184466019419
20251111,BU2604,3101.0,1284.0,3035.0,0.0348274750080621
20251111,BU2605,3110.0,1051.0,1159.0,0.038585209003215
20251111,BU2606,3120.0,6106.0,10692.0,0.0846153846153843
20251111,BU2607,3142.0,11.0,30.0,-0.0038192234245704
20251111,BU2608,3141.0,5.0,24.0,-0.0191021967526263
20251111,BU2609,3136.0,78.0,1208.0,0.0191326530612254
20251111,BU2610,3141.0,7.0,18.0,-0.0725883476599811
20251111,BU2612,3103.0,8.0,279.0,0.0017423762186894
20251111,BU2703,3144.0,4.0,31.0,0.0076335877862598
20251111,BU2706,3150.0,10.0,174.0,-0.0038095238095237
20251111,BU2709,3147.0,8.0,37.0,0.0
20251112,BU2511,2980.0,5.0,2559.0,0.3342281879194644
20251112,BU2512,3063.0,5643.0,20326.0,0.0
20251112,BU2601,3063.0,183695.0,198272.0,0.0744368266405475
20251112,BU2602,3082.0,37281.0,95844.0,0.1090201168072679
20251112,BU2603,3110.0,6709.0,11972.0,0.038585209003215
20251112,BU2604,3120.0,625.0,3124.0,0.0384615384615383
20251112,BU2605,3130.0,573.0,1189.0,0.0230031948881794
20251112,BU2606,3136.0,3275.0,10639.0,0.0229591836734694
20251112,BU2607,3142.0,9.0,34.0,0.0076384468491408
20251112,BU2608,3144.0,2.0,23.0,-0.0114503816793898
20251112,BU2609,3141.0,22.0,1207.0,-0.0229226361031513
20251112,BU2610,3135.0,1.0,18.0,-0.0344497607655502
20251112,BU2612,3117.0,12.0,284.0,0.0004653671641159
20251112,BU2703,3128.0,1.0,30.0,0.038363171355499
20251112,BU2706,3158.0,2.0,174.0,-0.0037998733375554
20251112,BU2709,3155.0,1.0,36.0,0.0
20251113,BU2511,3020.0,12.0,2559.0,0.0317880794701999
20251113,BU2512,3028.0,6422.0,19538.0,4.452822347231616e-05
20251113,BU2601,3029.0,269855.0,193772.0,0.0633872565203041
20251113,BU2602,3045.0,49563.0,99242.0,0.1064039408866985
20251113,BU2603,3072.0,11279.0,11690.0,0.046875
20251113,BU2604,3084.0,472.0,3120.0,0.0505836575875484
20251113,BU2605,3097.0,524.0,1200.0,0.0464966096222143
20251113,BU2606,3109.0,5339.0,11403.0,0.0385976198134452
20251113,BU2607,3119.0,10.0,37.0,-0.0346264828470661
20251113,BU2608,3110.0,5.0,24.0,0.0038585209003212
20251113,BU2609,3111.0,147.0,1323.0,0.0617164898746382
20251113,BU2610,3127.0,1.0,19.0,-0.0729133354653019
20251113,BU2612,3089.0,6.0,287.0,0.0008111021383925
20251113,BU2703,3108.0,1.0,30.0,0.0283140283140284
20251113,BU2706,3130.0,5.0,175.0,0.0255591054313102
20251113,BU2709,3150.0,3.0,36.0,0.0
20251114,BU2511,3020.0,20.0,2559.0,0.1152317880794706
20251114,BU2512,3049.0,6726.0,18902.0,-0.0005306584218071
20251114,BU2601,3037.0,267916.0,192751.0,0.0750740862693444
20251114,BU2602,3056.0,50346.0,100993.0,0.1020942408376957
20251114,BU2603,3082.0,12998.0,12840.0,0.0467229072031152
20251114,BU2604,3094.0,564.0,3124.0,0.0504201680672267
20251114,BU2605,3107.0,1055.0,1205.0,0.04248471194078
20251114,BU2606,3118.0,5641.0,12634.0,0.0269403463758832
20251114,BU2607,3125.0,2.0,38.0,-0.0115199999999995
20251114,BU2608,3122.0,3.0,24.0,0.0115310698270345
20251114,BU2609,3125.0,181.0,1447.0,0.0422399999999996
20251114,BU2610,3136.0,2.0,19.0,-0.0918367346938773
20251114,BU2612,3088.0,7.0,289.0,0.0009821784433183
20251114,BU2703,3111.0,1.0,29.0,0.0475731276117006
20251114,BU2706,3148.0,3.0,175.0,-0.0063532401524777
20251114,BU2709,3143.0,4.0,37.0,0.0
20251117,BU2511,2988.0,4.0,2559.0,0.2570281124497997
20251117,BU2512,3052.0,4604.0,18017.0,-0.0008835613412461
20251117,BU2601,3032.0,156039.0,194477.0,0.0751978891820579
20251117,BU2602,3051.0,27791.0,102094.0,0.1179941002949851
20251117,BU2603,3081.0,6825.0,13193.0,0.0545277507302817
20251117,BU2604,3095.0,388.0,3166.0,0.0465266558966082
20251117,BU2605,3107.0,574.0,1193.0,0.0386224654007074
20251117,BU2606,3117.0,2527.0,12867.0,0.0654475457170349
20251117,BU2607,3134.0,1.0,38.0,-0.0191448627951493
20251117,BU2608,3129.0,1.0,24.0,-0.0345158197507196
20251117,BU2609,3120.0,40.0,1472.0,0.0
20251117,BU2610,3120.0,2.0,20.0,-0.0326923076923075
20251117,BU2612,3103.0,6.0,289.0,0.0016148852758585
20251117,BU2703,3141.0,5.0,28.0,0.0140082776185925
20251117,BU2706,3152.0,19.0,184.0,0.0139593908629445
20251117,BU2709,3163.0,5.0,36.0,0.0
20251118,BU2512,3033.0,6623.0,16282.0,-4.445481723513751e-05
20251118,BU2601,3032.0,157143.0,191962.0,0.0791556728232194
20251118,BU2602,3052.0,30139.0,103555.0,0.114023591087812
20251118,BU2603,3081.0,15656.0,17365.0,0.074001947419668
20251118,BU2604,3100.0,540.0,3248.0,0.0348387096774196
20251118,BU2605,3109.0,2398.0,1539.0,0.0424573817947884
20251118,BU2606,3120.0,6504.0,13592.0,0.0269230769230768
20251118,BU2607,3127.0,11.0,43.0,0.0
20251118,BU2608,3127.0,6.0,24.0,0.0191877198592909
20251118,BU2609,3132.0,43.0,1479.0,0.0114942528735619
20251118,BU2610,3135.0,7.0,23.0,-0.0076555023923439
20251118,BU2611,3133.0,0.0,0.0,-0.1263964251516114
20251118,BU2612,3100.0,29.0,298.0,0.000723147819922
20251118,BU2703,3117.0,6.0,28.0,0.0384985563041384
20251118,BU2706,3147.0,19.0,172.0,0.0254210359072128
20251118,BU2709,3167.0,7.0,34.0,0.0
20251119,BU2512,3049.0,5644.0,15446.0,-0.0001768861406023
20251119,BU2601,3045.0,182054.0,181181.0,0.0906403940886706
20251119,BU2602,3068.0,37437.0,103130.0,0.1056062581486303
20251119,BU2603,3095.0,12458.0,18558.0,0.0581583198707589
20251119,BU2604,3110.0,254.0,3262.0,0.0308681672025725
20251119,BU2605,3118.0,539.0,1523.0,0.0577293136626035
20251119,BU2606,3133.0,4114.0,13568.0,0.0421321417172038
20251119,BU2607,3144.0,5.0,45.0,-0.0114503816793898
20251119,BU2608,3141.0,5.0,27.0,-0.0152817574021013
20251119,BU2609,3137.0,62.0,1482.0,-0.0191265540325153
20251119,BU2610,3132.0,8.0,22.0,-0.0804597701149418
20251119,BU2611,3111.0,1.0,1.0,-0.0154291224686602
20251119,BU2612,3107.0,24.0,312.0,0.001188383550791
20251119,BU2703,3135.0,0.0,28.0,0.0255183413078148
20251119,BU2706,3155.0,0.0,172.0,0.0228209191759116
20251119,BU2709,3173.0,0.0,34.0,0.0
20251120,BU2512,3051.0,10447.0,14370.0,0.0003093478284887
20251120,BU2601,3058.0,317665.0,172183.0,0.0588620013080438
20251120,BU2602,3073.0,71605.0,99962.0,0.1054344288968431
20251120,BU2603,3100.0,27191.0,22717.0,0.0464516129032261
20251120,BU2604,3112.0,1026.0,3336.0,0.0539845758354751
20251120,BU2605,3126.0,1861.0,1718.0,0.0191938579654502
20251120,BU2606,3131.0,9217.0,13744.0,-0.0038326413286489
20251120,BU2607,3130.0,8.0,49.0,-0.0498402555910537
20251120,BU2608,3117.0,6.0,28.0,0.080846968238692
20251120,BU2609,3138.0,103.0,1462.0,-0.0497131931166343
20251120,BU2610,3125.0,2.0,22.0,-0.0345599999999999
20251120,BU2611,3116.0,4.0,2.0,-0.0962772785622587
20251120,BU2612,3091.0,36.0,331.0,0.0017918025035462
20251120,BU2703,3133.0,7.0,29.0,0.0204277050750079
20251120,BU2706,3149.0,16.0,170.0,-0.0076214671324228
20251120,BU2709,3143.0,7.0,34.0,0.0
20251121,BU2512,3013.0,5865.0,12968.0,-0.0001789996158966
20251121,BU2601,3009.0,219256.0,166038.0,0.0598205383848462
20251121,BU2602,3024.0,55231.0,101454.0,0.1031746031746019
20251121,BU2603,3050.0,19518.0,24743.0,0.0629508196721309
20251121,BU2604,3066.0,887.0,3324.0,0.0587084148727994
20251121,BU2605,3081.0,1494.0,1645.0,0.0428432327166499
20251121,BU2606,3092.0,5812.0,15588.0,0.0194049159120313
20251121,BU2607,3097.0,8.0,53.0,0.0038747174685171
20251121,BU2608,3098.0,12.0,32.0,0.042608134280182
20251121,BU2609,3109.0,129.0,1531.0,-0.0733354776455446
20251121,BU2610,3090.0,5.0,22.0,-0.0388349514563102
20251121,BU2611,3080.0,3.0,2.0,0.0
20251121,BU2612,3080.0,11.0,330.0,0.0006422149279292
20251121,BU2703,3095.0,1.0,28.0,0.025848142164782
20251121,BU2706,3115.0,3.0,171.0,0.0552166934189406
20251121,BU2709,3158.0,1.0,33.0,0.0
20251124,BU2512,3050.0,11387.0,12443.0,0.000442070362866
20251124,BU2601,3060.0,225825.0,161041.0,0.0078431372549019
20251124,BU2602,3062.0,78959.0,115333.0,0.0783801436969309
20251124,BU2603,3082.0,20725.0,26245.0,0.0272550292018163
20251124,BU2604,3089.0,1591.0,3507.0,0.0466170281644533
20251124,BU2605,3101.0,2905.0,2643.0,0.0503063527894216
20251124,BU2606,3114.0,7280.0,16319.0,-0.0616570327552983
20251124,BU2607,3098.0,3.0,53.0,-0.0038734667527435
20251124,BU2608,3097.0,6.0,36.0,0.1007426541814657
20251124,BU2609,3123.0,43.0,1527.0,-0.0883765609990394
20251124,BU2610,3100.0,3.0,21.0,0.0541935483870954
20251124,BU2611,3114.0,2.0,3.0,-0.1233140655105966
20251124,BU2612,3082.0,13.0,332.0,0.0005562250857513
20251124,BU2703,3095.0,0.0,28.0,0.0465266558966073
20251124,BU2706,3131.0,3.0,171.0,0.0178856595336949
20251124,BU2709,3145.0,2.0,33.0,0.0
20251125,BU2512,3064.0,2941.0,11026.0,0.0001760201836477
20251125,BU2601,3068.0,160056.0,153792.0,-0.0312907431551505
20251125,BU2602,3060.0,58364.0,126094.0,0.0901960784313722
20251125,BU2603,3083.0,13676.0,27605.0,0.0350308141420701
20251125,BU2604,3092.0,2047.0,3637.0,0.0582147477360939
20251125,BU2605,3107.0,802.0,2740.0,0.04634695848085
20251125,BU2606,3119.0,4638.0,16650.0,0.0538634177621037
20251125,BU2607,3133.0,2.0,53.0,-0.0497925311203317
20251125,BU2608,3120.0,3.0,37.0,0.0307692307692306
20251125,BU2609,3128.0,21.0,1531.0,-0.0920716112531971
20251125,BU2610,3104.0,0.0,21.0,0.0347938144329909
20251125,BU2611,3113.0,0.0,3.0,-0.0809508512688728
20251125,BU2612,3092.0,11.0,330.0,0.0011515005046699
20251125,BU2703,3119.0,4.0,28.0,0.0205193972427055
20251125,BU2706,3135.0,9.0,169.0,0.0191387559808609
20251125,BU2709,3150.0,3.0,33.0,0.0
20251126,BU2512,3036.0,3455.0,9520.0,0.0003108762268508
20251126,BU2601,3043.0,187910.0,152279.0,-0.0236608609924418
20251126,BU2602,3037.0,85483.0,141065.0,0.0711228185709575
20251126,BU2603,3055.0,41353.0,46275.0,0.0432078559738133
20251126,BU2604,3066.0,9803.0,8374.0,0.04696673189824
20251126,BU2605,3078.0,2108.0,3177.0,0.0857699805068232
20251126,BU2606,3100.0,12433.0,19368.0,0.0541935483870954
20251126,BU2607,3114.0,2.0,55.0,0.0231213872832372
20251126,BU2608,3120.0,3.0,38.0,-0.0346153846153844
20251126,BU2609,3111.0,37.0,1536.0,-0.0192864030858239
20251126,BU2610,3106.0,1.0,21.0,-0.1004507405022541
20251126,BU2611,3080.0,1.0,3.0,0.0779220779220786
20251126,BU2612,3100.0,14.0,329.0,0.0008507621410847
20251126,BU2703,3120.0,0.0,28.0,0.014102564102564
20251126,BU2706,3131.0,6.0,169.0,0.0242733950814439
20251126,BU2709,3150.0,2.0,33.0,0.0
20251127,BU2512,2985.0,3144.0,8203.0,0.0009937327084862
20251127,BU2601,3007.0,222866.0,154449.0,0.0199534419687408
20251127,BU2602,3012.0,80530.0,148731.0,0.095617529880478
20251127,BU2603,3036.0,47339.0,62258.0,0.0395256916996054
20251127,BU2604,3046.0,8339.0,13252.0,0.0630334865397248
20251127,BU2605,3062.0,1087.0,3194.0,0.0744611365120846
20251127,BU2606,3081.0,12777.0,21726.0,0.0467380720545271
20251127,BU2607,3093.0,16.0,60.0,0.0232783705140651
20251127,BU2608,3099.0,13.0,35.0,0.0271055179090033
20251127,BU2609,3106.0,288.0,1741.0,0.0309079201545401
20251127,BU2610,3114.0,4.0,24.0,-0.1233140655105966
20251127,BU2611,3082.0,2.0,3.0,-0.0389357560025951
20251127,BU2612,3072.0,16.0,336.0,0.0013736263736263
20251127,BU2703,3104.0,0.0,28.0,0.0180412371134019
20251127,BU2706,3118.0,5.0,169.0,0.0115458627325208
20251127,BU2709,3127.0,2.0,33.0,0.0
20251128,BU2512,2978.0,5170.0,5491.0,0.0008149651753307
20251128,BU2601,2996.0,364819.0,133952.0,0.028037383177569
20251128,BU2602,3003.0,123974.0,150543.0,0.0919080919080927
20251128,BU2603,3026.0,64122.0,68788.0,0.0555188367481811
20251128,BU2604,3040.0,9728.0,18398.0,0.0710526315789472
20251128,BU2605,3058.0,2088.0,3150.0,0.086330935251798
20251128,BU2606,3080.0,17095.0,24536.0,0.0194805194805196
20251128,BU2607,3085.0,15.0,63.0,0.0233387358184762
20251128,BU2608,3091.0,6.0,36.0,0.0349401488191514
20251128,BU2609,3100.0,433.0,2027.0,-0.0116129032258065
20251128,BU2610,3097.0,6.0,23.0,-0.0891185017759115
20251128,BU2611,3074.0,0.0,3.0,-0.0351333767078729
20251128,BU2612,3065.0,54.0,357.0,0.0010325726475807
20251128,BU2703,3089.0,2.0,28.0,0.0284881838782773
20251128,BU2706,3111.0,18.0,172.0,0.0154291224686593
20251128,BU2709,3123.0,16.0,31.0,0.0
20251201,BU2512,2971.0,887.0,5400.0,0.0008622678400568
20251201,BU2601,2990.0,164574.0,122004.0,0.02809364548495
20251201,BU2602,2997.0,86670.0,164781.0,0.0960960960960966
20251201,BU2603,3021.0,39941.0,74668.0,0.0714995034756711
20251201,BU2604,3039.0,11199.0,24535.0,0.0592300098716691
20251201,BU2605,3054.0,625.0,3215.0,0.0589390962671911
20251201,BU2606,3069.0,6110.0,24402.0,0.0508308895405678
20251201,BU2607,3082.0,3.0,62.0,0.0350421804023364
20251201,BU2608,3091.0,2.0,38.0,0.019411193788418
20251201,BU2609,3096.0,59.0,2045.0,-0.0387596899224811
20251201,BU2610,3086.0,0.0,23.0,-0.0466623460790662
20251201,BU2611,3074.0,1.0,3.0,-0.0780741704619383
20251201,BU2612,3054.0,5.0,359.0,0.0013817224033334
20251201,BU2703,3086.0,0.0,28.0,0.022034996759559
20251201,BU2706,3103.0,2.0,172.0,0.0141798259748631
20251201,BU2709,3114.0,0.0,31.0,0.0
20251202,BU2512,2891.0,1207.0,5369.0,0.0011659586706516
20251202,BU2601,2916.0,222484.0,136104.0,0.0205761316872434
20251202,BU2602,2921.0,135106.0,184914.0,0.0944881889763777
20251202,BU2603,2944.0,54935.0,84161.0,0.0978260869565215
20251202,BU2604,2968.0,10890.0,28420.0,0.072776280323449
20251202,BU2605,2986.0,3676.0,3396.0,0.0723375753516402
20251202,BU2606,3004.0,14259.0,28976.0,0.0359520639147801
20251202,BU2607,3013.0,3.0,62.0,0.1911715897776309
20251202,BU2608,3061.0,3.0,37.0,-0.1136883371447239
20251202,BU2609,3032.0,654.0,2502.0,0.0593667546174145
20251202,BU2610,3047.0,9.0,28.0,-0.0551361995405317
20251202,BU2611,3033.0,3.0,5.0,-0.1186943620178038
20251202,BU2612,3003.0,84.0,416.0,0.0019760459320898
20251202,BU2703,3048.0,1.0,28.0,0.0209973753280836
20251202,BU2706,3064.0,18.0,178.0,0.0221932114882505
20251202,BU2709,3081.0,13.0,37.0,0.0
20251203,BU2512,2927.0,1131.0,5247.0,0.0011516182155291
20251203,BU2601,2952.0,251063.0,112712.0,0.0365853658536572
20251203,BU2602,2961.0,161307.0,175618.0,0.0729483282674765
20251203,BU2603,2979.0,62690.0,83210.0,0.0644511581067464
20251203,BU2604,2995.0,12967.0,31309.0,0.064106844741234
20251203,BU2605,3011.0,2779.0,3222.0,0.0518100298904018
20251203,BU2606,3024.0,18456.0,27768.0,0.0119047619047618
20251203,BU2607,3027.0,6.0,61.0,0.0673934588701694
20251203,BU2608,3044.0,23.0,39.0,0.0197109067017082
20251203,BU2609,3049.0,434.0,2644.0,-0.0393571662840281
20251203,BU2610,3039.0,11.0,27.0,0.003948667324777
20251203,BU2611,3040.0,5.0,6.0,-0.0907894736842109
20251203,BU2612,3017.0,28.0,423.0,0.0009615839910834
20251203,BU2703,3039.0,2.0,29.0,0.0565975649884826
20251203,BU2706,3082.0,14.0,180.0,0.00259571706684
20251203,BU2709,3084.0,7.0,37.0,0.0
20251204,BU2512,2933.0,342.0,5246.0,0.00087343939748
20251204,BU2601,2952.0,129735.0,104372.0,0.0447154471544726
20251204,BU2602,2963.0,107393.0,173081.0,0.0688491393857582
20251204,BU2603,2980.0,37128.0,80959.0,0.0402684563758395
20251204,BU2604,2990.0,6635.0,32298.0,0.0722408026755863
20251204,BU2605,3008.0,1388.0,3221.0,0.0359042553191484
20251204,BU2606,3017.0,7356.0,26740.0,0.0318196884322183
20251204,BU2607,3025.0,6.0,63.0,0.0
20251204,BU2608,3025.0,20.0,29.0,0.0357024793388429
20251204,BU2609,3034.0,114.0,2642.0,0.0316413974950551
20251204,BU2610,3042.0,4.0,28.0,-0.055226824457593
20251204,BU2611,3028.0,3.0,3.0,-0.1149273447820347
20251204,BU2612,2999.0,14.0,424.0,0.0022864764445291
20251204,BU2703,3051.0,2.0,28.0,0.017043592264831
20251204,BU2706,3064.0,14.0,178.0,0.0156657963446473
20251204,BU2709,3076.0,3.0,36.0,0.0
20251205,BU2512,2922.0,770.0,5181.0,0.0011997323673949
20251205,BU2601,2948.0,104501.0,90743.0,0.0447761194029858
20251205,BU2602,2959.0,104946.0,180668.0,0.0567759378168304
20251205,BU2603,2973.0,32100.0,83445.0,0.0565085771947515
20251205,BU2604,2987.0,4957.0,33706.0,0.0642785403414807
20251205,BU2605,3003.0,1437.0,3124.0,0.0439560439560438
20251205,BU2606,3014.0,4573.0,27853.0,0.0637027206370266
20251205,BU2607,3030.0,0.0,63.0,0.0514851485148506
20251205,BU2608,3043.0,0.0,29.0,-0.0197173841603683
20251205,BU2609,3038.0,40.0,2639.0,-0.0355497037524692
20251205,BU2610,3029.0,1.0,27.0,0.0039617035325196
20251205,BU2611,3030.0,0.0,3.0,-0.1188118811881189
20251205,BU2612,3000.0,4.0,424.0,-0.0005274725274725
20251205,BU2703,2988.0,1.0,29.0,0.0870147255689426
20251205,BU2706,3053.0,2.0,179.0,0.0196528005240743
20251205,BU2709,3068.0,5.0,33.0,0.0
20251208,BU2512,2919.0,628.0,5174.0,0.0010162014850399
20251208,BU2601,2941.0,98438.0,71328.0,0.0734444066644002
20251208,BU2602,2959.0,171875.0,195139.0,0.0892193308550188
20251208,BU2603,2981.0,43067.0,85148.0,0.0603824220060369
20251208,BU2604,2996.0,7719.0,35130.0,0.0761014686248326
20251208,BU2605,3015.0,1469.0,2932.0,0.0517412935323378
20251208,BU2606,3028.0,5061.0,28155.0,0.0158520475561418
20251208,BU2607,3032.0,3.0,63.0,0.0514511873350915
20251208,BU2608,3045.0,2.0,28.0,-0.0039408866995076
20251208,BU2609,3044.0,18.0,2640.0,-0.0591327201051248
20251208,BU2610,3029.0,0.0,27.0,0.0515021459227478
20251208,BU2611,3042.0,5.0,7.0,-0.1183431952662728
20251208,BU2612,3012.0,10.0,425.0,0.0007880565649489
20251208,BU2703,3030.0,6.0,24.0,0.0343234323432346
20251208,BU2706,3056.0,6.0,173.0,0.0353403141361257
20251208,BU2709,3083.0,4.0,35.0,0.0
20251209,BU2512,2907.0,191.0,5011.0,0.0009740146797926
20251209,BU2601,2928.0,53754.0,60585.0,0.0614754098360661
20251209,BU2602,2943.0,167841.0,201816.0,0.0815494393476035
20251209,BU2603,2963.0,40575.0,87184.0,0.0526493418832254
20251209,BU2604,2976.0,9419.0,37020.0,0.064516129032258
20251209,BU2605,2992.0,1543.0,3036.0,0.0521390374331556
20251209,BU2606,3005.0,7227.0,28607.0,0.0559068219633953
20251209,BU2607,3019.0,0.0,63.0,0.0993706525339517
20251209,BU2608,3044.0,0.0,28.0,-0.0946123521681991
20251209,BU2609,3020.0,44.0,2644.0,0.0357615894039735
20251209,BU2610,3029.0,0.0,27.0,-0.015846814130076
20251209,BU2611,3025.0,1.0,7.0,-0.1626446280991729
20251209,BU2612,2984.0,9.0,429.0,0.0020328197271896
20251209,BU2703,3030.0,1.0,23.0,0.0290429042904287
20251209,BU2706,3052.0,20.0,175.0,0.0327653997378769
20251209,BU2709,3077.0,2.0,35.0,0.0
20251210,BU2512,2927.0,217.0,5025.0,-0.0002303236431058
20251210,BU2601,2922.0,33223.0,53196.0,0.0739219712525658
20251210,BU2602,2940.0,141233.0,205972.0,0.0734693877551029
20251210,BU2603,2958.0,36126.0,91553.0,0.0527383367139968
20251210,BU2604,2971.0,7402.0,38548.0,0.0727027936721649
20251210,BU2605,2989.0,904.0,3020.0,0.0441619270659083
20251210,BU2606,3000.0,6969.0,29584.0,0.0200000000000004
20251210,BU2607,3005.0,2.0,63.0,0.1557404326123137
20251210,BU2608,3044.0,0.0,28.0,-0.0788436268068331
20251210,BU2609,3024.0,96.0,2705.0,0.0198412698412688
20251210,BU2610,3029.0,0.0,27.0,-0.015846814130076
20251210,BU2611,3025.0,0.0,7.0,-0.0991735537190079
20251210,BU2612,3000.0,21.0,436.0,0.0012747252747252
20251210,BU2703,3029.0,1.0,23.0,0.02641135688346
20251210,BU2706,3049.0,4.0,177.0,0.0406690718268283
20251210,BU2709,3080.0,5.0,36.0,0.0
20251211,BU2512,2948.0,334.0,5009.0,-0.0001372097632369
20251211,BU2601,2945.0,42006.0,44751.0,0.0611205432937174
20251211,BU2602,2960.0,256002.0,208301.0,0.0527027027027031
20251211,BU2603,2973.0,71413.0,93858.0,0.0363269424823418
20251211,BU2604,2982.0,10346.0,40388.0,0.0724346076458744
20251211,BU2605,3000.0,2305.0,2951.0,0.048
20251211,BU2606,3012.0,11444.0,28362.0,0.1155378486055775
20251211,BU2607,3041.0,5.0,61.0,0.0039460703715885
20251211,BU2608,3042.0,1.0,29.0,-0.0355029585798818
20251211,BU2609,3033.0,281.0,2673.0,0.0672601384767563
20251211,BU2610,3050.0,4.0,29.0,0.0629508196721309
20251211,BU2611,3066.0,13.0,19.0,-0.2270058708414879
20251211,BU2612,3008.0,12.0,440.0,0.0009206219312602
20251211,BU2703,3029.0,1.0,23.0,0.0462198745460549
20251211,BU2706,3064.0,8.0,174.0,0.0248041775456915
20251211,BU2709,3083.0,4.0,38.0,0.0
20251212,BU2512,2930.0,11.0,5009.0,0.0005061931970702
20251212,BU2601,2941.0,41417.0,39717.0,0.085685141108466
20251212,BU2602,2962.0,311581.0,214417.0,0.0729237002025664
20251212,BU2603,2980.0,89676.0,95747.0,0.0483221476510058
20251212,BU2604,2992.0,11852.0,41854.0,0.0601604278074878
20251212,BU2605,3007.0,2871.0,2978.0,0.0518789491187234
20251212,BU2606,3020.0,22219.0,31020.0,0.0039735099337736
20251212,BU2607,3021.0,10.0,64.0,0.0595829195630592
20251212,BU2608,3036.0,2.0,29.0,-0.0118577075098813
20251212,BU2609,3033.0,399.0,2843.0,0.039564787339267
20251212,BU2610,3043.0,8.0,33.0,-0.0552086756490304
20251212,BU2611,3029.0,8.0,16.0,-0.110927698910531
20251212,BU2612,3001.0,35.0,451.0,0.0012303591110655
20251212,BU2703,3029.0,0.0,23.0,0.0594255529877845
20251212,BU2706,3074.0,3.0,172.0,0.0078074170461936
20251212,BU2709,3080.0,8.0,42.0,0.0
20251215,BU2512,2937.0,118.0,5009.0,0.0006886182874063
20251215,BU2601,2952.0,23719.0,34589.0,0.0447154471544726
20251215,BU2602,2963.0,210957.0,207121.0,0.0769490381370232
20251215,BU2603,2982.0,67308.0,98148.0,0.0523138832997993
20251215,BU2604,2995.0,9343.0,43907.0,0.0480801335559268
20251215,BU2605,3007.0,3183.0,3540.0,0.0359161955437308
20251215,BU2606,3016.0,13052.0,30237.0,0.0358090185676394
20251215,BU2607,3025.0,2.0,64.0,-0.0238016528925615
20251215,BU2608,3019.0,0.0,29.0,0.0437230871149383
20251215,BU2609,3030.0,100.0,2823.0,0.003960396039603
20251215,BU2610,3031.0,2.0,32.0,-0.0395908940943581
20251215,BU2611,3021.0,1.0,16.0,-0.0834160873882816
20251215,BU2612,3000.0,7.0,452.0,0.0015824175824175
20251215,BU2703,3036.0,5.0,20.0,0.0303030303030302
20251215,BU2706,3059.0,7.0,169.0,0.024844720496894
20251215,BU2709,3078.0,1.0,41.0,0.0
20251216,BU2601,2891.0,43073.0,29736.0,0.0124524386025601
20251216,BU2602,2894.0,372360.0,237057.0,0.0912232204561158
20251216,BU2603,2916.0,109819.0,115229.0,0.0329218106995874
20251216,BU2604,2924.0,12816.0,45681.0,0.098495212038304
20251216,BU2605,2948.0,3720.0,4153.0,0.0488466757123484
20251216,BU2606,2960.0,25276.0,36438.0,0.0810810810810815
20251216,BU2607,2980.0,6.0,63.0,-0.0161073825503352
20251216,BU2608,2976.0,9.0,26.0,0.0282258064516138
20251216,BU2609,2983.0,265.0,2971.0,0.0683875293328855
20251216,BU2610,3000.0,1.0,32.0,-0.1200000000000001
20251216,BU2611,2970.0,1.0,15.0,-0.0727272727272732
20251216,BU2612,2952.0,40.0,475.0,0.0015188063968551
20251216,BU2703,2986.0,12.0,19.0,0.0482250502344276
20251216,BU2706,3022.0,7.0,169.0,0.0105890138980804
20251216,BU2709,3030.0,6.0,40.0,0.001320132013201
20251216,BU2712,3031.0,1.0,1.0,0.0
20251217,BU2601,2997.0,45770.0,24623.0,0.06006006006006
20251217,BU2602,3012.0,504034.0,235465.0,0.0079681274900398
20251217,BU2603,3014.0,171022.0,117175.0,-0.0039814200398144
20251217,BU2604,3013.0,21781.0,50486.0,0.019913707268504
20251217,BU2605,3018.0,8109.0,4183.0,0.0238568588469174
20251217,BU2606,3024.0,50247.0,37628.0,-0.0238095238095237
20251217,BU2607,3018.0,5.0,63.0,0.0079522862823049
20251217,BU2608,3020.0,2.0,26.0,0.0357615894039735
20251217,BU2609,3029.0,511.0,3171.0,-0.0713106635853422
20251217,BU2610,3011.0,11.0,31.0,0.0039853869146471
20251217,BU2611,3012.0,4.0,18.0,-0.091633466135458
20251217,BU2612,2989.0,149.0,562.0,0.001897065798036
20251217,BU2703,3032.0,12.0,21.0,0.0316622691292876
20251217,BU2706,3056.0,26.0,176.0,-0.0719895287958114
20251217,BU2709,3001.0,11.0,42.0,0.0639786737754084
20251217,BU2712,3049.0,3.0,3.0,0.0
20251218,BU2601,2940.0,29385.0,24137.0,0.0489795918367352
20251218,BU2602,2952.0,410415.0,224692.0,0.0691056910569107
20251218,BU2603,2969.0,124192.0,123488.0,0.0202088245200391
20251218,BU2604,2974.0,13361.0,50818.0,0.0363147276395432
20251218,BU2605,2983.0,4391.0,3957.0,0.0241367750586656
20251218,BU2606,2989.0,30729.0,41043.0,0.0200736032117765
20251218,BU2607,2994.0,3.0,64.0,0.0400801603206408
20251218,BU2608,3004.0,1.0,26.0,-0.0039946737683091
20251218,BU2609,3003.0,268.0,3241.0,-0.0439560439560438
20251218,BU2610,2992.0,4.0,29.0,0.0842245989304819
20251218,BU2611,3013.0,17.0,18.0,-0.238964487222038
20251218,BU2612,2953.0,72.0,595.0,0.0023220937545353
20251218,BU2703,3005.0,3.0,22.0,0.0625623960066557
20251218,BU2706,3052.0,9.0,175.0,0.0340760157273916
20251218,BU2709,3078.0,6.0,42.0,0.0038986354775829
20251218,BU2712,3081.0,9.0,8.0,0.0
20251219,BU2601,2897.0,17982.0,22839.0,0.0497065930272686
20251219,BU2602,2909.0,327221.0,217948.0,0.0618769336541777
20251219,BU2603,2924.0,85332.0,128904.0,0.0410396716826264
20251219,BU2604,2934.0,9224.0,51583.0,0.0286298568507152
20251219,BU2605,2941.0,2716.0,4098.0,0.0285617137028229
20251219,BU2606,2948.0,24072.0,45256.0,0.0610583446404335
20251219,BU2607,2963.0,2.0,65.0,-0.0121498481268988
20251219,BU2608,2960.0,0.0,26.0,0.012162162162161
20251219,BU2609,2963.0,286.0,3317.0,-0.0364495443806953
20251219,BU2610,2954.0,1.0,29.0,0.0284360189573469
20251219,BU2611,2961.0,4.0,19.0,-0.1742654508611956
20251219,BU2612,2918.0,100.0,662.0,0.0018076508823595
20251219,BU2703,2958.0,3.0,23.0,0.0770791075050709
20251219,BU2706,3015.0,5.0,178.0,0.0490878938640131
20251219,BU2709,3052.0,0.0,42.0,-0.0144167758846656
20251219,BU2712,3041.0,4.0,9.0,0.0
20251222,BU2601,2977.0,21149.0,21089.0,0.0725562646960016
20251222,BU2602,2995.0,366642.0,217171.0,0.0480801335559268
20251222,BU2603,3007.0,123581.0,139186.0,0.0438975723312271
20251222,BU2604,3018.0,17112.0,53011.0,0.0238568588469174
20251222,BU2605,3024.0,4267.0,4120.0,0.0238095238095237
20251222,BU2606,3030.0,39244.0,47968.0,0.0
20251222,BU2607,3030.0,6.0,65.0,-0.1188118811881189
20251222,BU2608,3000.0,2.0,28.0,0.1319999999999987
20251222,BU2609,3033.0,387.0,3371.0,-0.1068249258160234
20251222,BU2610,3006.0,2.0,29.0,-0.1037924151696607
20251222,BU2611,2980.0,1.0,20.0,-0.0483221476510071
20251222,BU2612,2968.0,76.0,644.0,0.0010218891620508
20251222,BU2703,2991.0,9.0,28.0,0.0628552323637583
20251222,BU2706,3038.0,15.0,179.0,0.0342330480579331
20251222,BU2709,3064.0,2.0,42.0,0.0117493472584859
20251222,BU2712,3073.0,2.0,10.0,0.0
20251223,BU2601,2964.0,12327.0,18772.0,0.0526315789473672
20251223,BU2602,2977.0,242206.0,204742.0,0.0524017467248896
20251223,BU2603,2990.0,72217.0,145519.0,0.0521739130434779
20251223,BU2604,3003.0,10969.0,52586.0,0.0319680319680308
20251223,BU2605,3011.0,1997.0,4005.0,0.0239123214878773
20251223,BU2606,3017.0,22459.0,51626.0,0.0278422273781897
20251223,BU2607,3024.0,5.0,67.0,-0.1031746031746032
20251223,BU2608,2998.0,0.0,28.0,0.0960640426951311
20251223,BU2609,3022.0,195.0,3372.0,-0.0714758438120455
20251223,BU2610,3004.0,0.0,29.0,-0.1238348868175771
20251223,BU2611,2973.0,2.0,18.0,-0.0403632694248234
20251223,BU2612,2963.0,29.0,650.0,0.0019137123423319
20251223,BU2703,3006.0,4.0,31.0,0.0385894876912837
20251223,BU2706,3035.0,7.0,182.0,0.0237232289950579
20251223,BU2709,3053.0,1.0,43.0,0.0209629872256797
20251223,BU2712,3069.0,3.0,9.0,0.0
20251224,BU2601,2972.0,7123.0,18665.0,0.0969044414535655
20251224,BU2602,2996.0,187941.0,190035.0,0.0400534045393863
20251224,BU2603,3006.0,63926.0,148146.0,0.0279441117764465
20251224,BU2604,3013.0,12164.0,53607.0,0.0438101559907062
20251224,BU2605,3024.0,2255.0,3853.0,0.0396825396825404
20251224,BU2606,3034.0,21054.0,53338.0,0.0079103493737644
20251224,BU2607,3036.0,30.0,73.0,-0.1422924901185775
20251224,BU2608,3000.0,0.0,28.0,0.1519999999999992
20251224,BU2609,3038.0,128.0,3416.0,-0.1145490454246216
20251224,BU2610,3009.0,1.0,30.0,-0.0797607178464612
20251224,BU2611,2989.0,0.0,18.0,-0.0160588825694212
20251224,BU2612,2985.0,11.0,652.0,0.0005743000717874
20251224,BU2703,2998.0,3.0,30.0,0.0400266844563041
20251224,BU2706,3028.0,4.0,179.0,0.0673712021136063
20251224,BU2709,3079.0,2.0,42.0,-0.0194868463786943
20251224,BU2712,3064.0,1.0,8.0,0.0
20251225,BU2601,2970.0,10992.0,16338.0,0.1010101010101012
20251225,BU2602,2995.0,162574.0,181112.0,0.0280467445742909
20251225,BU2603,3002.0,52146.0,147945.0,0.043970686209195
20251225,BU2604,3013.0,9272.0,54279.0,0.0238964487222048
20251225,BU2605,3019.0,1798.0,3984.0,0.0516727393176541
20251225,BU2606,3032.0,14894.0,52951.0,-0.0079155672823216
20251225,BU2607,3030.0,8.0,79.0,-0.1188118811881189
20251225,BU2608,3000.0,0.0,28.0,0.1200000000000001
20251225,BU2609,3030.0,218.0,3544.0,-0.0752475247524757
20251225,BU2610,3011.0,7.0,30.0,-0.0557954168050476
20251225,BU2611,2997.0,0.0,18.0,-0.0680680680680678
20251225,BU2612,2980.0,25.0,666.0,0.0007965189173242
20251225,BU2703,2998.0,0.0,30.0,0.0480320213475646
20251225,BU2706,3034.0,0.0,179.0,0.0435069215557017
20251225,BU2709,3067.0,0.0,42.0,0.0091294424519077
20251225,BU2712,3074.0,1.0,9.0,0.0
20251226,BU2601,2969.0,5577.0,13760.0,0.1050858875042104
20251226,BU2602,2995.0,181818.0,157219.0,0.0280467445742909
20251226,BU2603,3002.0,62576.0,151903.0,0.0399733510992668
20251226,BU2604,3012.0,11164.0,56522.0,0.043824701195219
20251226,BU2605,3023.0,6191.0,6869.0,0.0317565332451197
20251226,BU2606,3031.0,17651.0,52173.0,0.019795447047179
20251226,BU2607,3036.0,2.0,79.0,-0.1383399209486162
20251226,BU2608,3001.0,0.0,28.0,0.1119626791069636
20251226,BU2609,3029.0,263.0,3650.0,0.0237702211951127
20251226,BU2610,3035.0,12.0,34.0,-0.0593080724876444
20251226,BU2611,3020.0,15.0,29.0,-0.1748344370860928
20251226,BU2612,2976.0,78.0,700.0,0.0014179369018078
20251226,BU2703,3008.0,2.0,30.0,0.045212765957447
20251226,BU2706,3042.0,6.0,178.0,0.0328731097961867
20251226,BU2709,3067.0,0.0,42.0,0.0260841212911637
20251226,BU2712,3087.0,2.0,9.0,0.0
20251229,BU2601,2977.0,5127.0,11267.0,0.1249580114208939
20251229,BU2602,3008.0,237579.0,141333.0,0.0159574468085104
20251229,BU2603,3012.0,94344.0,160680.0,-0.0079681274900398
20251229,BU2604,3010.0,16677.0,60398.0,0.0598006644518269
20251229,BU2605,3025.0,8070.0,10315.0,0.047603305785123
20251229,BU2606,3037.0,23913.0,53828.0,-0.0553177477774116
20251229,BU2607,3023.0,11.0,77.0,0.03572609990076
20251229,BU2608,3032.0,3.0,28.0,0.0118733509234818
20251229,BU2609,3035.0,299.0,3698.0,-0.0316309719934104
20251229,BU2610,3027.0,7.0,37.0,-0.0475718533201185
20251229,BU2611,3015.0,10.0,32.0,-0.1154228855721393
20251229,BU2612,2986.0,120.0,752.0,0.0011040533478577
20251229,BU2703,3011.0,4.0,29.0,0.0584523414148119
20251229,BU2706,3055.0,6.0,176.0,0.0340425531914894
20251229,BU2709,3081.0,3.0,44.0,-0.0064913988964621
20251229,BU2712,3076.0,0.0,9.0,0.0
20251230,BU2601,3002.0,7210.0,7558.0,0.1439040639573621
20251230,BU2602,3038.0,243652.0,118184.0,0.0276497695852526
20251230,BU2603,3045.0,137502.0,175777.0,0.0197044334975382
20251230,BU2604,3050.0,27928.0,66030.0,0.0314754098360667
20251230,BU2605,3058.0,10205.0,14464.0,0.043165467625899
20251230,BU2606,3069.0,38779.0,53363.0,-0.035190615835777
20251230,BU2607,3060.0,1.0,77.0,-0.0392156862745096
20251230,BU2608,3050.0,0.0,28.0,0.0747540983606569
20251230,BU2609,3069.0,146.0,3693.0,-0.0117302052785923
20251230,BU2610,3066.0,10.0,40.0,-0.1135029354207439
20251230,BU2611,3037.0,7.0,28.0,-0.1066842278564377
20251230,BU2612,3010.0,28.0,753.0,0.0011390602752728
20251230,BU2703,3036.0,9.0,33.0,0.0606060606060605
20251230,BU2706,3082.0,13.0,171.0,0.0337443218689159
20251230,BU2709,3108.0,3.0,47.0,0.0038610038610036
20251230,BU2712,3111.0,1.0,9.0,0.0
20251231,BU2601,2979.0,3209.0,6780.0,0.1732124874118827
20251231,BU2602,3022.0,164147.0,95576.0,0.0555923229649248
20251231,BU2603,3036.0,98250.0,183470.0,0.0118577075098826
20251231,BU2604,3039.0,14681.0,66127.0,0.0355380059230014
20251231,BU2605,3048.0,7913.0,17376.0,0.043307086614174
20251231,BU2606,3059.0,22835.0,51768.0,-0.0078457012095451
20251231,BU2607,3057.0,1.0,77.0,-0.0588812561334646
20251231,BU2608,3042.0,2.0,28.0,0.0473372781065091
20251231,BU2609,3054.0,183.0,3700.0,0.0078585461689586
20251231,BU2610,3056.0,7.0,37.0,-0.090314136125654
20251231,BU2611,3033.0,1.0,28.0,-0.0751730959446095
20251231,BU2612,3014.0,43.0,778.0,0.0007437817656795
20251231,BU2703,3031.0,1.0,32.0,0.0461893764434178
20251231,BU2706,3066.0,1.0,171.0,0.049575994781474
20251231,BU2709,3104.0,0.0,47.0,-0.0012886597938144
20251231,BU2712,3103.0,3.0,11.0,0.0
20260105,BU2601,3095.0,5547.0,5050.0,0.1473344103392557
20260105,BU2602,3133.0,297779.0,95437.0,0.0191509735078199
20260105,BU2603,3138.0,250314.0,202729.0,-0.0152963671128105
20260105,BU2604,3134.0,33796.0,71937.0,-0.0268028079132096
20260105,BU2605,3127.0,21647.0,22886.0,-0.0191877198592895
20260105,BU2606,3122.0,75930.0,60923.0,0.0038436899423448
20260105,BU2607,3123.0,48.0,79.0,-0.0192122958693565
20260105,BU2608,3118.0,109.0,67.0,-0.0307889672867216
20260105,BU2609,3110.0,2567.0,4716.0,0.0771704180064301
20260105,BU2610,3130.0,11.0,39.0,-0.1035143769968049
20260105,BU2611,3103.0,13.0,35.0,-0.1662906864324851
20260105,BU2612,3060.0,150.0,790.0,0.002758026287438
20260105,BU2703,3124.0,2.0,33.0,-0.0102432778489114
20260105,BU2706,3116.0,14.0,171.0,0.0718870346598201
20260105,BU2709,3172.0,3.0,44.0,-0.0025220680958386
20260105,BU2712,3170.0,12.0,16.0,0.0
20260106,BU2601,3105.0,1713.0,4591.0,0.1507246376811606
20260106,BU2602,3144.0,187258.0,80682.0,0.0458015267175566
20260106,BU2603,3156.0,224437.0,209414.0,-0.0190114068441058
20260106,BU2604,3151.0,35260.0,77906.0,-0.007616629641383
20260106,BU2605,3149.0,16254.0,27340.0,-0.0114322006986342
20260106,BU2606,3146.0,39253.0,60549.0,-0.0343293070565797
20260106,BU2607,3137.0,58.0,100.0,-0.042078418871533
20260106,BU2608,3126.0,24.0,68.0,0.0191938579654502
20260106,BU2609,3131.0,1171.0,5170.0,0.0229958479718934
20260106,BU2610,3137.0,21.0,42.0,-0.1606630538731277
20260106,BU2611,3095.0,14.0,26.0,-0.065912762520194
20260106,BU2612,3078.0,99.0,840.0,0.0013709487393697
20260106,BU2703,3110.0,4.0,33.0,0.0282958199356917
20260106,BU2706,3132.0,44.0,159.0,0.019157088122605
20260106,BU2709,3147.0,7.0,44.0,0.021607880521131
20260106,BU2712,3164.0,12.0,19.0,0.0
20260107,BU2601,3133.0,2051.0,4243.0,0.0689435046281516
20260107,BU2602,3151.0,110487.0,62548.0,0.0342748333862266
20260107,BU2603,3160.0,309749.0,222253.0,-0.0607594936708864
20260107,BU2604,3144.0,34322.0,83900.0,-0.0152671755725188
20260107,BU2605,3140.0,17196.0,31083.0,-0.0114649681528669
20260107,BU2606,3137.0,60507.0,61232.0,0.0344277972585285
20260107,BU2607,3146.0,11.0,101.0,-0.0839160839160837
20260107,BU2608,3124.0,46.0,45.0,-0.0460947503201021
20260107,BU2609,3112.0,1508.0,5609.0,0.0578406169665797
20260107,BU2610,3127.0,6.0,42.0,-0.1496642149024629
20260107,BU2611,3088.0,2.0,25.0,-0.0738341968911919
20260107,BU2612,3069.0,223.0,848.0,0.0011171624074849
20260107,BU2703,3095.0,10.0,41.0,0.0581583198707589
20260107,BU2706,3140.0,18.0,166.0,0.0445859872611462
20260107,BU2709,3175.0,10.0,44.0,0.0
20260107,BU2712,3175.0,15.0,19.0,0.0
20260108,BU2601,3091.0,824.0,3716.0,0.1009382076997722
20260108,BU2602,3117.0,62720.0,50404.0,0.057747834456209
20260108,BU2603,3132.0,244582.0,224334.0,-0.0268199233716468
20260108,BU2604,3125.0,19155.0,84188.0,-0.0038399999999998
20260108,BU2605,3124.0,11984.0,32972.0,0.0
20260108,BU2606,3124.0,44060.0,62867.0,-0.0153649167733678
20260108,BU2607,3120.0,28.0,112.0,0.1115384615384611
20260108,BU2608,3149.0,6.0,45.0,-0.1600508097808823
20260108,BU2609,3107.0,1023.0,5793.0,0.0656581911812024
20260108,BU2610,3124.0,5.0,42.0,-0.1498079385403325
20260108,BU2611,3085.0,2.0,24.0,-0.0972447325769851
20260108,BU2612,3060.0,126.0,903.0,0.0023270846800258
20260108,BU2703,3114.0,6.0,45.0,0.0166987797045603
20260108,BU2706,3127.0,9.0,166.0,0.0486088903102013
20260108,BU2709,3165.0,7.0,45.0,-0.0189573459715641
20260108,BU2712,3150.0,22.0,18.0,0.0
20260109,BU2601,3100.0,3.0,3716.0,0.2012903225806459
20260109,BU2602,3152.0,40281.0,45753.0,0.0723350253807098
20260109,BU2603,3171.0,233978.0,225660.0,-0.0113528855250706
20260109,BU2604,3168.0,19248.0,84576.0,-0.0037878787878788
20260109,BU2605,3167.0,12649.0,34973.0,0.0037890748342288
20260109,BU2606,3168.0,45542.0,64085.0,-0.0075757575757577
20260109,BU2607,3166.0,20.0,115.0,-0.1288692356285534
20260109,BU2608,3132.0,1.0,45.0,0.0689655172413798
20260109,BU2609,3150.0,666.0,5779.0,-0.0038095238095232
20260109,BU2610,3149.0,13.0,42.0,-0.129564941251191
20260109,BU2611,3115.0,5.0,27.0,-0.1271268057784915
20260109,BU2612,3082.0,155.0,909.0,0.0015831021671385
20260109,BU2703,3119.0,3.0,47.0,0.0269317088810518
20260109,BU2706,3140.0,51.0,151.0,0.0445859872611462
20260109,BU2709,3175.0,9.0,45.0,0.0037795275590548
20260109,BU2712,3178.0,1.0,18.0,0.0
20260112,BU2601,3100.0,1.0,3716.0,0.162580645161289
20260112,BU2602,3142.0,31286.0,40312.0,0.0572883513685562
20260112,BU2603,3157.0,220926.0,222525.0,0.0114032309154259
20260112,BU2604,3160.0,16938.0,86145.0,0.0037974683544304
20260112,BU2605,3161.0,11340.0,37496.0,0.0037962670041125
20260112,BU2606,3162.0,54388.0,63138.0,0.022770398481974
20260112,BU2607,3168.0,13.0,118.0,-0.0606060606060609
20260112,BU2608,3152.0,12.0,47.0,-0.026649746192894
20260112,BU2609,3145.0,816.0,5934.0,-0.0228934817170114
20260112,BU2610,3139.0,0.0,42.0,-0.118509079324625
20260112,BU2611,3108.0,1.0,28.0,-0.0772200772200766
20260112,BU2612,3088.0,98.0,923.0,0.0006832545692649
20260112,BU2703,3104.0,6.0,47.0,0.0270618556701034
20260112,BU2706,3125.0,12.0,143.0,0.0294400000000001
20260112,BU2709,3148.0,9.0,44.0,0.0190597204574336
20260112,BU2712,3163.0,11.0,23.0,0.0
20260113,BU2601,3081.0,337.0,4051.0,0.1752677702044796
20260113,BU2602,3126.0,34142.0,33971.0,0.0537428023032617
20260113,BU2603,3140.0,280447.0,207908.0,0.0152866242038216
20260113,BU2604,3144.0,20727.0,84024.0,0.0152671755725188
20260113,BU2605,3148.0,12591.0,38872.0,0.0266836086404067
20260113,BU2606,3155.0,59882.0,58639.0,-0.0646592709984155
20260113,BU2607,3138.0,11.0,112.0,0.0305927342256211
20260113,BU2608,3146.0,0.0,47.0,-0.0190718372536555
20260113,BU2609,3141.0,1066.0,5866.0,-0.0725883476599804
20260113,BU2610,3122.0,3.0,43.0,-0.0884048686739276
20260113,BU2611,3099.0,2.0,28.0,-0.0813165537270088
20260113,BU2612,3078.0,188.0,1032.0,0.000985369406422
20260113,BU2703,3101.0,2.0,47.0,0.0399871009351819
20260113,BU2706,3132.0,16.0,140.0,0.0268199233716472
20260113,BU2709,3153.0,17.0,49.0,0.0063431652394543
20260113,BU2712,3158.0,12.0,23.0,0.0
20260114,BU2601,3099.0,0.0,4051.0,0.2090997095837359
20260114,BU2602,3153.0,19011.0,32509.0,0.0570884871550916
20260114,BU2603,3168.0,199146.0,203327.0,0.0151515151515155
20260114,BU2604,3172.0,23146.0,84329.0,0.0113493064312732
20260114,BU2605,3175.0,9573.0,39824.0,-0.0037795275590557
20260114,BU2606,3174.0,47371.0,59600.0,-0.0340264650283557
20260114,BU2607,3165.0,121.0,138.0,0.0644549763033186
20260114,BU2608,3182.0,2.0,47.0,-0.064110622250157
20260114,BU2609,3165.0,1216.0,5914.0,-0.0872037914691943
20260114,BU2610,3142.0,6.0,39.0,-0.0267345639719929
20260114,BU2611,3135.0,23.0,27.0,-0.1339712918660285
20260114,BU2612,3100.0,189.0,1044.0,0.0010634526763559
20260114,BU2703,3125.0,6.0,44.0,0.0396799999999997
20260114,BU2706,3156.0,19.0,141.0,0.0291508238276296
20260114,BU2709,3179.0,5.0,45.0,-0.0113243158225855
20260114,BU2712,3170.0,1.0,23.0,0.0
20260115,BU2601,3099.0,0.0,4051.0,0.1819941916747325
20260115,BU2602,3146.0,11656.0,30540.0,0.0801017164653536
20260115,BU2603,3167.0,159746.0,199517.0,0.0265235238395966
20260115,BU2604,3174.0,21234.0,85716.0,-0.0037807183364844
20260115,BU2605,3173.0,9748.0,40955.0,0.0037819098644806
20260115,BU2606,3174.0,37142.0,58889.0,-0.0453686200378076
20260115,BU2607,3162.0,6.0,132.0,0.0303605313092969
20260115,BU2608,3170.0,0.0,47.0,-0.0454258675078866
20260115,BU2609,3158.0,658.0,5918.0,-0.030398986700443
20260115,BU2610,3150.0,3.0,40.0,-0.1409523809523807
20260115,BU2611,3113.0,3.0,28.0,-0.0501124317378729
20260115,BU2612,3100.0,90.0,1048.0,0.0007656859269762
20260115,BU2703,3118.0,0.0,44.0,0.0256574727389349
20260115,BU2706,3138.0,5.0,142.0,0.062460165710644
20260115,BU2709,3187.0,4.0,42.0,-0.0213366802635706
20260115,BU2712,3170.0,0.0,23.0,0.0
20260116,BU2602,3111.0,13569.0,26560.0,0.0732883317261334
20260116,BU2603,3130.0,131850.0,193865.0,0.0498402555910537
20260116,BU2604,3143.0,17381.0,85876.0,0.0114540248170547
20260116,BU2605,3146.0,7232.0,42100.0,0.0038143674507313
20260116,BU2606,3147.0,33885.0,60648.0,-0.0076263107721641
20260116,BU2607,3145.0,58.0,149.0,-0.0534181240063591
20260116,BU2608,3131.0,4.0,49.0,0.0306611306291912
20260116,BU2609,3139.0,817.0,5870.0,-0.0229372411596049
20260116,BU2610,3133.0,0.0,40.0,-0.1263964251516114
20260116,BU2611,3100.0,2.0,28.0,-0.0735483870967739
20260116,BU2612,3081.0,38.0,1056.0,-0.0003938601577628
20260116,BU2701,3072.0,2.0,1.0,0.046875
20260116,BU2703,3096.0,2.0,44.0,0.040051679586563
20260116,BU2706,3127.0,1.0,142.0,0.0179085385353374
20260116,BU2709,3141.0,3.0,44.0,0.0
20260116,BU2712,3141.0,8.0,19.0,0.0
20260119,BU2602,3124.0,10655.0,24027.0,0.0691421254801545
20260119,BU2603,3142.0,124762.0,191534.0,0.0343730108211337
20260119,BU2604,3151.0,12286.0,86657.0,0.0114249444620746
20260119,BU2605,3154.0,5526.0,42825.0,0.0152187698161077
20260119,BU2606,3158.0,31007.0,62418.0,-0.0341988600379981
20260119,BU2607,3149.0,50.0,147.0,-0.0762146713242297
20260119,BU2608,3129.0,8.0,54.0,0.0383509108341328
20260119,BU2609,3139.0,558.0,5751.0,-0.007645747053202
20260119,BU2610,3137.0,2.0,40.0,-0.0382531080650307
20260119,BU2611,3127.0,7.0,34.0,-0.134314039015031
20260119,BU2612,3092.0,32.0,1054.0,-0.000436065526113
20260119,BU2701,3082.0,0.0,1.0,0.0272550292018176
20260119,BU2703,3096.0,0.0,44.0,0.0503875968992248
20260119,BU2706,3135.0,3.0,142.0,0.0191387559808609
20260119,BU2709,3150.0,3.0,42.0,0.0
20260119,BU2712,3150.0,0.0,19.0,0.0
20260120,BU2602,3122.0,7552.0,22291.0,0.0653427290198598
20260120,BU2603,3139.0,118917.0,190549.0,0.0496973558458115
20260120,BU2604,3152.0,11277.0,86479.0,0.0038071065989848
20260120,BU2605,3153.0,4729.0,43835.0,0.0076117982873462
20260120,BU2606,3155.0,23708.0,63417.0,-0.0076069730586376
20260120,BU2607,3153.0,26.0,149.0,-0.0038058991436731
20260120,BU2608,3152.0,2.0,53.0,-0.0342639593908624
20260120,BU2609,3143.0,418.0,5761.0,-0.0343620744511614
20260120,BU2610,3134.0,2.0,41.0,-0.0038289725590301
20260120,BU2611,3133.0,3.0,33.0,-0.1800191509735071
20260120,BU2612,3086.0,54.0,1050.0,-0.00017476534112
20260120,BU2701,3082.0,0.0,1.0,0.0428293316028551
20260120,BU2703,3104.0,2.0,44.0,0.0335051546391751
20260120,BU2706,3130.0,1.0,141.0,0.0306709265175717
20260120,BU2709,3154.0,1.0,41.0,-0.0050729232720354
20260120,BU2712,3150.0,0.0,19.0,0.0
20260121,BU2602,3141.0,9238.0,18817.0,0.0611270296084054
20260121,BU2603,3157.0,148540.0,187438.0,0.0494140006335124
20260121,BU2604,3170.0,16904.0,88654.0,-0.0037854889589907
20260121,BU2605,3169.0,6387.0,45005.0,0.0037866834963704
20260121,BU2606,3170.0,29504.0,62063.0,-0.0189274447949525
20260121,BU2607,3165.0,40.0,165.0,-0.0492890995260664
20260121,BU2608,3152.0,13.0,53.0,0.0
20260121,BU2609,3152.0,589.0,5819.0,-0.0532994923857867
20260121,BU2610,3138.0,0.0,41.0,-0.0267686424474185
20260121,BU2611,3131.0,4.0,32.0,-0.11497923985947
20260121,BU2612,3101.0,38.0,1046.0,-0.0003478399501429
20260121,BU2701,3093.0,0.0,1.0,0.0407371483996126
20260121,BU2703,3114.0,0.0,44.0,0.0359666024405909
20260121,BU2706,3142.0,3.0,141.0,0.019096117122852
20260121,BU2709,3157.0,4.0,41.0,0.0114032309154259
20260121,BU2712,3166.0,2.0,20.0,0.0
20260122,BU2602,3228.0,18253.0,17028.0,0.0520446096654279
20260122,BU2603,3242.0,299851.0,203357.0,0.0148056755089438
20260122,BU2604,3246.0,35809.0,91252.0,0.0036968576709792
20260122,BU2605,3247.0,10770.0,46964.0,0.0110871573760391
20260122,BU2606,3250.0,56336.0,66982.0,-0.059076923076923
20260122,BU2607,3234.0,56.0,184.0,-0.0371057513914663
20260122,BU2608,3224.0,49.0,67.0,-0.0186104218362279
20260122,BU2609,3219.0,1336.0,5762.0,-0.1081081081081083
20260122,BU2610,3190.0,8.0,40.0,-0.1166144200626964
20260122,BU2611,3159.0,9.0,31.0,0.0037986704653372
20260122,BU2612,3160.0,137.0,1056.0,-4.266818375764494e-05
20260122,BU2701,3159.0,3.0,1.0,0.0056980056980058
20260122,BU2703,3162.0,9.0,44.0,0.032890575585073
20260122,BU2706,3188.0,26.0,131.0,0.0363864491844418
20260122,BU2709,3217.0,11.0,34.0,-0.0111905502020515
20260122,BU2712,3208.0,3.0,21.0,0.0
20260123,BU2602,3222.0,9174.0,15352.0,0.0521415270018614
20260123,BU2603,3236.0,211970.0,186664.0,0.0111248454882568
20260123,BU2604,3239.0,21300.0,92575.0,-0.0074096943501085
20260123,BU2605,3237.0,8779.0,48968.0,0.0222428174235416
20260123,BU2606,3243.0,42597.0,71222.0,-0.0333024976873259
20260123,BU2607,3234.0,7.0,186.0,-0.0371057513914663
20260123,BU2608,3224.0,41.0,55.0,-0.0148883374689821
20260123,BU2609,3220.0,1928.0,6810.0,-0.0819875776397518
20260123,BU2610,3198.0,0.0,40.0,-0.0787992495309564
20260123,BU2611,3177.0,4.0,34.0,-0.0755429650613783
20260123,BU2612,3157.0,49.0,1058.0,-0.0003843785701828
20260123,BU2701,3148.0,0.0,1.0,0.0324015247776365
20260123,BU2703,3165.0,5.0,41.0,0.0189573459715637
20260123,BU2706,3180.0,11.0,129.0,0.0377358490566042
20260123,BU2709,3210.0,4.0,34.0,-0.0024922118380064
20260123,BU2712,3208.0,1.0,21.0,0.0
20260126,BU2602,3262.0,16485.0,14894.0,0.0625383200490503
20260126,BU2603,3279.0,221863.0,173774.0,0.0
20260126,BU2604,3279.0,40707.0,95469.0,0.0182982616651425
20260126,BU2605,3284.0,16539.0,53515.0,0.0073081607795373
20260126,BU2606,3286.0,56325.0,73884.0,-0.0292148508825325
20260126,BU2607,3278.0,49.0,183.0,-0.1061622940817565
20260126,BU2608,3249.0,29.0,64.0,0.0554016620498609
20260126,BU2609,3264.0,1657.0,7059.0,-0.1213235294117649
20260126,BU2610,3231.0,2.0,39.0,-0.0519962859795724
20260126,BU2611,3217.0,7.0,38.0,-0.0895244016164129
20260126,BU2612,3193.0,87.0,1069.0,0.0007178624589604
20260126,BU2701,3210.0,2.0,2.0,-0.0242990654205608
20260126,BU2703,3197.0,0.0,41.0,0.0187675946199563
20260126,BU2706,3212.0,36.0,104.0,0.0161892901618925
20260126,BU2709,3225.0,5.0,32.0,-0.0086821705426358
20260126,BU2712,3218.0,4.0,21.0,0.0
20260127,BU2602,3271.0,10413.0,10346.0,0.0293488229899123
20260127,BU2603,3279.0,189561.0,163341.0,-0.0182982616651412
20260127,BU2604,3274.0,42847.0,101547.0,-0.0256566890653631
20260127,BU2605,3267.0,21739.0,60755.0,0.0036730945821865
20260127,BU2606,3268.0,50469.0,71899.0,-0.0293757649938801
20260127,BU2607,3260.0,37.0,192.0,-0.011042944785276
20260127,BU2608,3257.0,23.0,62.0,-0.0442124654590108
20260127,BU2609,3245.0,1224.0,7186.0,-0.0554699537750384
20260127,BU2610,3230.0,5.0,39.0,-0.0631578947368423
20260127,BU2611,3213.0,2.0,36.0,-0.1307189542483664
20260127,BU2612,3178.0,96.0,1039.0,0.0003394121099412
20260127,BU2701,3186.0,1.0,2.0,0.0357815442561202
20260127,BU2703,3205.0,2.0,39.0,0.0237129485179403
20260127,BU2706,3224.0,24.0,115.0,-0.0024813895781639
20260127,BU2709,3222.0,5.0,31.0,0.0062073246430784
20260127,BU2712,3227.0,3.0,21.0,0.0
20260128,BU2602,3409.0,9505.0,7223.0,0.0035200938691701
20260128,BU2603,3410.0,454575.0,175279.0,-0.0070381231671556
20260128,BU2604,3408.0,92924.0,113715.0,-0.0387323943661965
20260128,BU2605,3397.0,34880.0,66044.0,-0.0282602296143661
20260128,BU2606,3389.0,122856.0,73510.0,-0.0389495426379458
20260128,BU2607,3378.0,106.0,190.0,-0.1278863232682061
20260128,BU2608,3342.0,14.0,62.0,0.0754039497307008
20260128,BU2609,3363.0,3829.0,6485.0,-0.1284567350579841
20260128,BU2610,3327.0,9.0,39.0,-0.0577096483318304
20260128,BU2611,3311.0,5.0,38.0,-0.1268498942917548
20260128,BU2612,3276.0,202.0,995.0,0.0004938881343375
20260128,BU2701,3288.0,5.0,5.0,-0.0565693430656932
20260128,BU2703,3257.0,5.0,39.0,0.0847405587964384
20260128,BU2706,3326.0,46.0,92.0,-0.0108238123872519
20260128,BU2709,3317.0,16.0,33.0,-0.0349713596623453
20260128,BU2712,3288.0,10.0,25.0,0.0
20260129,BU2602,3476.0,4126.0,6194.0,0.0069044879171471
20260129,BU2603,3478.0,402578.0,170058.0,-0.0138010350776314
20260129,BU2604,3474.0,80206.0,123750.0,-0.0138169257340248
20260129,BU2605,3470.0,30631.0,68787.0,-0.017291066282421
20260129,BU2606,3465.0,94617.0,80716.0,-0.0103896103896108
20260129,BU2607,3462.0,186.0,93.0,-0.0554592720970537
20260129,BU2608,3446.0,93.0,45.0,-0.0139291932675571
20260129,BU2609,3442.0,8874.0,6074.0,-0.1429401510749564
20260129,BU2610,3401.0,76.0,40.0,-0.0141134960305788
20260129,BU2611,3397.0,9.0,39.0,-0.1836914924933759
20260129,BU2612,3345.0,152.0,1016.0,0.0003627752305134
20260129,BU2701,3354.0,5.0,5.0,0.0035778175313057
20260129,BU2703,3356.0,7.0,36.0,0.0417163289630515
20260129,BU2706,3391.0,34.0,82.0,-0.0153347095252138
20260129,BU2709,3378.0,16.0,34.0,-0.0106571936056836
20260129,BU2712,3369.0,21.0,35.0,0.0
20260130,BU2602,3408.0,5438.0,4805.0,0.0563380281690149
20260130,BU2603,3424.0,362833.0,145873.0,-0.0035046728971961
20260130,BU2604,3423.0,100514.0,121469.0,-0.0175284837861524
20260130,BU2605,3418.0,37261.0,65729.0,-0.0105324751316553
20260130,BU2606,3415.0,101511.0,77412.0,-0.0105417276720345
20260130,BU2607,3412.0,65.0,90.0,-0.0422039859320051
20260130,BU2608,3400.0,17.0,40.0,-0.0423529411764707
20260130,BU2609,3388.0,4551.0,5827.0,0.0070838252656439
20260130,BU2610,3390.0,40.0,40.0,-0.2548672566371688
20260130,BU2611,3318.0,20.0,30.0,-0.0578661844484633
20260130,BU2612,3302.0,329.0,1041.0,0.0006941656061358
20260130,BU2701,3319.0,7.0,5.0,0.0054233202771913
20260130,BU2703,3322.0,1.0,35.0,0.0854906682721248
20260130,BU2706,3393.0,17.0,74.0,-0.01886236368995
20260130,BU2709,3377.0,8.0,34.0,-0.0450103642286054
20260130,BU2712,3339.0,17.0,34.0,0.0
20260202,BU2602,3283.0,1573.0,4311.0,0.0584830947304286
20260202,BU2603,3299.0,297354.0,127490.0,-0.0545619884813586
20260202,BU2604,3284.0,114101.0,116254.0,-0.0292326431181479
20260202,BU2605,3276.0,40983.0,63837.0,0.0293040293040292
20260202,BU2606,3284.0,87215.0,78439.0,-0.0548112058465286
20260202,BU2607,3269.0,65.0,70.0,0.0477210156011
20260202,BU2608,3282.0,25.0,39.0,-0.0840950639853743
20260202,BU2609,3259.0,4305.0,5941.0,-0.0589137772322798
20260202,BU2610,3243.0,19.0,55.0,-0.2109158186864008
20260202,BU2611,3186.0,7.0,26.0,-0.0489642184557443
20260202,BU2612,3173.0,253.0,1041.0,0.0022946419402472
20260202,BU2701,3227.0,4.0,5.0,-0.0111558723272389
20260202,BU2703,3221.0,0.0,35.0,0.019869605712512
20260202,BU2706,3237.0,38.0,67.0,0.0420142106889098
20260202,BU2709,3271.0,7.0,33.0,-0.0048914704983187
20260202,BU2712,3267.0,18.0,37.0,0.0
20260203,BU2602,3310.0,659.0,4057.0,-0.0036253776435049
20260203,BU2603,3309.0,167414.0,110778.0,0.0108794197642785
20260203,BU2604,3312.0,80519.0,121133.0,-0.0217391304347827
20260203,BU2605,3306.0,16556.0,62440.0,-0.0072595281306719
20260203,BU2606,3304.0,36910.0,75577.0,-0.058111380145279
20260203,BU2607,3288.0,12.0,74.0,0.0437956204379554
20260203,BU2608,3300.0,6.0,39.0,-0.0545454545454542
20260203,BU2609,3285.0,1459.0,6104.0,-0.0694063926940637
20260203,BU2610,3266.0,7.0,55.0,-0.084507042253521
20260203,BU2611,3243.0,4.0,22.0,-0.170212765957447
20260203,BU2612,3197.0,58.0,1043.0,0.0008013130287172
20260203,BU2701,3216.0,0.0,5.0,0.0093283582089553
20260203,BU2703,3221.0,0.0,35.0,0.0322881092828311
20260203,BU2706,3247.0,3.0,66.0,0.0320295657530032
20260203,BU2709,3273.0,0.0,33.0,0.0109990834097155
20260203,BU2712,3282.0,2.0,37.0,0.0
20260204,BU2602,3356.0,514.0,3757.0,0.0178784266984495
20260204,BU2603,3361.0,148496.0,98945.0,0.0214221957750675
20260204,BU2604,3367.0,79176.0,134264.0,-0.0285120285120279
20260204,BU2605,3359.0,17631.0,63807.0,0.0
20260204,BU2606,3359.0,35398.0,78870.0,0.0035724918130393
20260204,BU2607,3360.0,10.0,70.0,-0.0392857142857141
20260204,BU2608,3349.0,14.0,45.0,-0.0465810689758132
20260204,BU2609,3336.0,1585.0,6123.0,-0.1223021582733818
20260204,BU2610,3302.0,18.0,49.0,-0.1635372501514234
20260204,BU2611,3257.0,0.0,22.0,-0.0073687442431684
20260204,BU2612,3255.0,68.0,1026.0,-0.0005799202609641
20260204,BU2701,3241.0,0.0,5.0,0.0074051218759638
20260204,BU2703,3245.0,0.0,35.0,0.0677966101694913
20260204,BU2706,3300.0,7.0,64.0,0.0145454545454546
20260204,BU2709,3312.0,2.0,32.0,-0.0181159420289853
20260204,BU2712,3297.0,1.0,36.0,0.0
20260205,BU2602,3341.0,161.0,3658.0,-0.0071834780005985
20260205,BU2603,3339.0,135269.0,85907.0,0.0467205750224613
20260205,BU2604,3352.0,88798.0,139963.0,-0.025059665871121
20260205,BU2605,3345.0,13929.0,65409.0,-0.0107623318385647
20260205,BU2606,3342.0,36084.0,81215.0,-0.0538599640933568
20260205,BU2607,3327.0,36.0,60.0,-0.0108205590622181
20260205,BU2608,3324.0,5.0,44.0,-0.0144404332129961
20260205,BU2609,3320.0,1748.0,6356.0,0.0759036144578306
20260205,BU2610,3341.0,2.0,48.0,-0.168811733014067
20260205,BU2611,3294.0,1.0,21.0,-0.2331511839708566
20260205,BU2612,3230.0,39.0,1024.0,0.0004591783490451
20260205,BU2701,3241.0,0.0,5.0,0.0074051218759638
20260205,BU2703,3245.0,0.0,35.0,0.0332819722650228
20260205,BU2706,3272.0,1.0,64.0,0.0403422982885084
20260205,BU2709,3305.0,1.0,32.0,0.0012102874432677
20260205,BU2712,3306.0,1.0,36.0,0.0
20260206,BU2602,3395.0,104.0,3615.0,-0.0318114874815904
20260206,BU2603,3386.0,162097.0,83176.0,0.0531600708800956
20260206,BU2604,3401.0,107954.0,151320.0,-0.0423404880917379
20260206,BU2605,3389.0,15395.0,65904.0,0.0
20260206,BU2606,3389.0,40303.0,81959.0,-0.0460312776630278
20260206,BU2607,3376.0,12.0,52.0,0.0213270142180102
20260206,BU2608,3382.0,24.0,54.0,-0.0638675340035477
20260206,BU2609,3364.0,1807.0,6302.0,-0.2318668252080855
20260206,BU2610,3299.0,1.0,47.0,-0.1382237041527734
20260206,BU2611,3261.0,1.0,20.0,0.0662373505059807
20260206,BU2612,3279.0,85.0,1031.0,-0.0015625481871357
20260206,BU2701,3241.0,0.0,5.0,-0.0351743289108297
20260206,BU2703,3222.0,3.0,36.0,0.0980757293606453
20260206,BU2706,3301.0,5.0,62.0,-0.0109057861254164
20260206,BU2709,3292.0,1.0,33.0,0.0449574726609967
20260206,BU2712,3329.0,2.0,37.0,0.0
20260209,BU2602,3343.0,475.0,3351.0,-0.0323063116960815
20260209,BU2603,3334.0,122832.0,67415.0,0.0467906418716266
20260209,BU2604,3347.0,101393.0,153923.0,-0.0215118016133848
20260209,BU2605,3341.0,15633.0,65445.0,-0.0035917390002992
20260209,BU2606,3340.0,30823.0,82012.0,0.0179640718562872
20260209,BU2607,3345.0,10.0,59.0,-0.06457399103139
20260209,BU2608,3327.0,20.0,54.0,-0.0685302073940485
20260209,BU2609,3308.0,1877.0,6441.0,-0.0326481257557436
20260209,BU2610,3299.0,0.0,47.0,-0.1382237041527734
20260209,BU2611,3261.0,0.0,20.0,-0.0883164673413068
20260209,BU2612,3237.0,30.0,1026.0,0.0001666128645958
20260209,BU2701,3241.0,0.0,5.0,-0.0111076828139464
20260209,BU2703,3235.0,4.0,34.0,0.0506955177743435
20260209,BU2706,3276.0,0.0,62.0,0.0195360195360194
20260209,BU2709,3292.0,0.0,33.0,-0.0085054678007292
20260209,BU2712,3285.0,2.0,38.0,0.0
20260210,BU2602,3319.0,557.0,2810.0,0.0867731244350702
20260210,BU2603,3343.0,82908.0,57736.0,0.0251271313191745
20260210,BU2604,3350.0,104744.0,156425.0,0.0071641791044774
20260210,BU2605,3352.0,12397.0,65443.0,-0.003579952267303
20260210,BU2606,3351.0,29888.0,84234.0,0.0179051029543417
20260210,BU2607,3356.0,4.0,60.0,-0.0750893921334925
20260210,BU2608,3335.0,17.0,47.0,-0.0539730134932527
20260210,BU2609,3320.0,1044.0,6372.0,0.0144578313253003
20260210,BU2610,3324.0,2.0,46.0,-0.2274368231046937
20260210,BU2611,3261.0,0.0,20.0,-0.0772769089236424
20260210,BU2612,3240.0,40.0,1035.0,4.161464835622457e-05
20260210,BU2701,3241.0,0.0,5.0,-0.0037025609379819
20260210,BU2703,3239.0,0.0,34.0,0.0456931151589996
20260210,BU2706,3276.0,0.0,62.0,0.0317460317460316
20260210,BU2709,3302.0,7.0,32.0,-0.0072683222289522
20260210,BU2712,3296.0,7.0,38.0,0.0
20260211,BU2602,3301.0,3.0,2809.0,0.2072099363829149
20260211,BU2603,3358.0,58932.0,41191.0,0.053603335318642
20260211,BU2604,3373.0,132003.0,160540.0,-0.0106729914023118
20260211,BU2605,3370.0,11556.0,65420.0,0.0
20260211,BU2606,3370.0,30342.0,87802.0,-0.0462908011869442
20260211,BU2607,3357.0,7.0,60.0,-0.096514745308311
20260211,BU2608,3330.0,1.0,48.0,0.0324324324324321
20260211,BU2609,3339.0,1135.0,6313.0,-0.0287511230907462
20260211,BU2610,3331.0,4.0,48.0,-0.1909336535574897
20260211,BU2611,3278.0,2.0,20.0,-0.0841976815131175
20260211,BU2612,3255.0,50.0,1038.0,-0.0004556516336146
20260211,BU2701,3244.0,1.0,5.0,0.0314426633785451
20260211,BU2703,3261.0,3.0,32.0,0.0196258816314012
20260211,BU2706,3277.0,3.0,62.0,0.0378394873359777
20260211,BU2709,3308.0,0.0,32.0,-0.0157194679564689
20260211,BU2712,3295.0,0.0,38.0,0.0
20260212,BU2602,3400.0,7.0,2806.0,-0.2576470588235295
20260212,BU2603,3327.0,45617.0,30915.0,0.0577096483318317
20260212,BU2604,3343.0,175093.0,154728.0,0.007179180376907
20260212,BU2605,3345.0,13464.0,64153.0,0.0107623318385661
20260212,BU2606,3348.0,35370.0,87414.0,-0.0071684587813622
20260212,BU2607,3346.0,18.0,61.0,-0.0609683203825466
20260212,BU2608,3329.0,7.0,47.0,-0.025232802643436
20260212,BU2609,3322.0,1998.0,6384.0,-0.0397350993377485
20260212,BU2610,3311.0,9.0,46.0,-0.1449713077620051
20260212,BU2611,3271.0,15.0,19.0,-0.0660348517273008
20260212,BU2612,3253.0,31.0,1031.0,-0.0003730350894766
20260212,BU2701,3244.0,2.0,4.0,0.0314426633785451
20260212,BU2703,3261.0,0.0,32.0,0.0110395584176634
20260212,BU2706,3270.0,3.0,62.0,0.0207951070336394
20260212,BU2709,3287.0,3.0,31.0,-0.0060845756008518
20260212,BU2712,3282.0,6.0,36.0,0.0
20260213,BU2602,3250.0,1.0,2805.0,0.0516923076923081
20260213,BU2603,3264.0,34862.0,24497.0,0.0588235294117645
20260213,BU2604,3280.0,168925.0,143472.0,0.0146341463414634
20260213,BU2605,3284.0,15274.0,63923.0,0.0146163215590746
20260213,BU2606,3288.0,44971.0,88739.0,-0.0036496350364965
20260213,BU2607,3287.0,26.0,62.0,-0.0584119257681772
20260213,BU2608,3271.0,11.0,51.0,-0.0476918373586059
20260213,BU2609,3258.0,1817.0,6810.0,0.0073664825046053
20260213,BU2610,3260.0,6.0,46.0,-0.1509202453987734
20260213,BU2611,3219.0,5.0,20.0,-0.1752096924510717
20260213,BU2612,3172.0,90.0,1017.0,0.0034430480184762
20260213,BU2701,3253.0,0.0,4.0,-0.0645557946510915
20260213,BU2703,3218.0,0.0,32.0,0.0087010565568679
20260213,BU2706,3225.0,6.0,62.0,0.0285271317829458
20260213,BU2709,3248.0,5.0,33.0,-0.0357142857142855
20260213,BU2712,3219.0,13.0,37.0,0.0
20260224,BU2602,3270.0,14.0,2805.0,0.2348623853211018
20260224,BU2603,3334.0,20250.0,17119.0,0.0503899220155981
20260224,BU2604,3348.0,154415.0,145993.0,0.0573476702508957
20260224,BU2605,3364.0,14480.0,64973.0,0.0285374554102268
20260224,BU2606,3372.0,65834.0,93363.0,-0.0391459074733098
20260224,BU2607,3361.0,119.0,98.0,-0.0107110978875337
20260224,BU2608,3358.0,12.0,46.0,-0.0571768910065508
20260224,BU2609,3342.0,2151.0,6502.0,0.0861759425493708
20260224,BU2610,3366.0,1.0,46.0,-0.2459893048128343
20260224,BU2611,3297.0,0.0,20.0,-0.1273885350318471
20260224,BU2612,3262.0,48.0,1022.0,0.0004960078259012
20260224,BU2701,3274.0,2.0,3.0,0.0238240684178374
20260224,BU2703,3287.0,7.0,34.0,0.0060845756008518
20260224,BU2706,3292.0,6.0,57.0,0.0157958687727823
20260224,BU2709,3305.0,2.0,35.0,0.01089258698941
20260224,BU2712,3314.0,40.0,40.0,0.0
20260225,BU2603,3335.0,11862.0,12489.0,0.0827586206896553
20260225,BU2604,3358.0,121084.0,141450.0,0.053603335318642
20260225,BU2605,3373.0,12338.0,67899.0,0.0249036466053969
20260225,BU2606,3380.0,42480.0,98149.0,-0.0248520710059176
20260225,BU2607,3373.0,47.0,104.0,-0.0711532760154161
20260225,BU2608,3353.0,11.0,44.0,-0.0322099612287503
20260225,BU2609,3344.0,1522.0,6557.0,-0.0107655502392347
20260225,BU2610,3341.0,16.0,58.0,-0.1580365160131691
20260225,BU2611,3297.0,0.0,20.0,-0.10919017288444
20260225,BU2612,3267.0,36.0,1030.0,0.0003301658051402
20260225,BU2701,3275.0,2.0,4.0,0.0366412213740448
20260225,BU2702,3285.0,1.0,1.0,0.043835616438355
20260225,BU2703,3297.0,0.0,34.0,0.0036396724294815
20260225,BU2706,3300.0,0.0,57.0,0.0096969696969697
20260225,BU2709,3308.0,1.0,35.0,0.0036275695284162
20260225,BU2712,3311.0,1.0,41.0,0.0
20260226,BU2603,3339.0,12643.0,8695.0,0.064690026954179
20260226,BU2604,3357.0,163182.0,116226.0,0.0607685433422693
20260226,BU2605,3374.0,24454.0,75617.0,0.0177830468286899
20260226,BU2606,3379.0,57779.0,104842.0,-0.0106540396567029
20260226,BU2607,3376.0,6066.0,4645.0,-0.0604265402843595
20260226,BU2608,3359.0,2403.0,461.0,-0.057159869008633
20260226,BU2609,3343.0,3830.0,6878.0,-0.0538438528268025
20260226,BU2610,3328.0,5.0,59.0,-0.0685096153846149
20260226,BU2611,3309.0,1.0,20.0,-0.1631912964641886
20260226,BU2612,3264.0,18.0,1034.0,0.0009500991407799
20260226,BU2701,3287.0,0.0,4.0,-0.0073014907210224
20260226,BU2702,3285.0,0.0,1.0,0.0
20260226,BU2703,3285.0,1.0,34.0,0.0292237442922376
20260226,BU2706,3309.0,4.0,58.0,0.0060441220912661
20260226,BU2709,3314.0,5.0,32.0,-0.016898008449004
20260226,BU2712,3300.0,8.0,47.0,0.0
20260227,BU2603,3312.0,4990.0,7337.0,0.1231884057971006
20260227,BU2604,3346.0,126879.0,103840.0,0.0717274357441732
20260227,BU2605,3366.0,25474.0,78493.0,0.02139037433155
20260227,BU2606,3372.0,54538.0,105647.0,0.0
20260227,BU2607,3372.0,9827.0,10886.0,-0.0427046263345194
20260227,BU2608,3360.0,274.0,541.0,-0.0714285714285711
20260227,BU2609,3340.0,2599.0,6949.0,-0.0646706586826351
20260227,BU2610,3322.0,8.0,62.0,-0.1155930162552674
20260227,BU2611,3290.0,2.0,19.0,-0.1240121580547106
20260227,BU2612,3256.0,22.0,1035.0,0.0004969218452364
20260227,BU2701,3268.0,3.0,4.0,-0.0073439412484703
20260227,BU2702,3266.0,27.0,18.0,0.0367421922841391
20260227,BU2703,3276.0,8.0,38.0,0.0097680097680097
20260227,BU2706,3284.0,1.0,58.0,0.0280146163215588
20260227,BU2709,3307.0,3.0,34.0,0.0060477774417897
20260227,BU2712,3312.0,7.0,45.0,0.0
20260302,BU2603,3481.0,6493.0,7255.0,0.1654696926170631
20260302,BU2604,3529.0,349820.0,113058.0,0.0646075375460482
20260302,BU2605,3548.0,66437.0,85024.0,0.0236753100338225
20260302,BU2606,3555.0,199461.0,132609.0,-0.0337552742616034
20260302,BU2607,3545.0,19140.0,18414.0,-0.0236953455571229
20260302,BU2608,3538.0,312.0,592.0,-0.0610514414923684
20260302,BU2609,3520.0,8028.0,6758.0,-0.0238636363636359
20260302,BU2610,3513.0,61.0,63.0,-0.2083689154568748
20260302,BU2611,3452.0,38.0,22.0,-0.2224797219003473
20260302,BU2612,3388.0,756.0,1125.0,0.000278577398087
20260302,BU2701,3395.0,19.0,10.0,0.024742268041237
20260302,BU2702,3402.0,22.0,27.0,0.0705467372134043
20260302,BU2703,3422.0,16.0,37.0,0.0268848626534188
20260302,BU2706,3445.0,30.0,58.0,0.0220609579100141
20260302,BU2709,3464.0,46.0,53.0,0.0103926096997692
20260302,BU2712,3473.0,23.0,54.0,0.0
20260303,BU2603,3589.0,2251.0,7003.0,0.1671774867651159
20260303,BU2604,3639.0,436424.0,110860.0,0.0560593569662
20260303,BU2605,3656.0,83229.0,88874.0,-0.009846827133479
20260303,BU2606,3653.0,266309.0,147840.0,-0.0558445113605259
20260303,BU2607,3636.0,16837.0,22088.0,-0.0891089108910891
20260303,BU2608,3609.0,559.0,764.0,-0.0665004156275976
20260303,BU2609,3589.0,8799.0,6351.0,-0.1270548899414874
20260303,BU2610,3551.0,55.0,54.0,-0.3277949873275134
20260303,BU2611,3454.0,4.0,21.0,-0.0625361899247254
20260303,BU2612,3436.0,658.0,1149.0,-0.0007848164183594
20260303,BU2701,3416.0,99.0,61.0,-0.0737704918032791
20260303,BU2702,3395.0,71.0,50.0,0.1696612665684824
20260303,BU2703,3443.0,33.0,45.0,0.0441475457449902
20260303,BU2706,3481.0,16.0,58.0,0.0264291870152257
20260303,BU2709,3504.0,42.0,61.0,-0.0296803652968038
20260303,BU2712,3478.0,26.0,62.0,0.0
20260304,BU2603,3632.0,3433.0,5885.0,0.0925110132158577
20260304,BU2604,3660.0,423643.0,96595.0,0.0393442622950814
20260304,BU2605,3672.0,76860.0,87068.0,0.00326797385621
20260304,BU2606,3673.0,300943.0,147209.0,-0.0457391777838274
20260304,BU2607,3659.0,24977.0,27506.0,-0.1180650450942883
20260304,BU2608,3623.0,346.0,793.0,-0.0496825834943415
20260304,BU2609,3608.0,12017.0,7196.0,0.0066518847006644
20260304,BU2610,3610.0,64.0,58.0,-0.3357340720221606
20260304,BU2611,3509.0,14.0,22.0,-0.1709888857224282
20260304,BU2612,3459.0,946.0,1159.0,-0.0031573715856047
20260304,BU2701,3378.0,234.0,164.0,-0.0461811722912961
20260304,BU2702,3365.0,32.0,67.0,0.0748885586924217
20260304,BU2703,3386.0,15.0,56.0,0.0519787359716481
20260304,BU2706,3430.0,22.0,57.0,0.0221574344023327
20260304,BU2709,3449.0,17.0,57.0,-0.0150768338648883
20260304,BU2712,3436.0,16.0,61.0,0.0
20260305,BU2603,3624.0,1770.0,5433.0,0.1158940397350996
20260305,BU2604,3659.0,349593.0,83498.0,0.0524733533752401
20260305,BU2605,3675.0,79012.0,91697.0,-0.0489795918367352
20260305,BU2606,3660.0,245503.0,149335.0,-0.0885245901639346
20260305,BU2607,3633.0,20370.0,30663.0,-0.1519405450041286
20260305,BU2608,3587.0,674.0,786.0,0.0200724839698906
20260305,BU2609,3593.0,8850.0,7290.0,-0.0768160311717229
20260305,BU2610,3570.0,87.0,64.0,-0.2319327731092442
20260305,BU2611,3501.0,0.0,22.0,-0.2536418166238223
20260305,BU2612,3427.0,322.0,1147.0,-0.0024786641442871
20260305,BU2701,3364.0,57.0,139.0,0.1640903686087993
20260305,BU2702,3410.0,22.0,73.0,0.126686217008797
20260305,BU2703,3446.0,11.0,59.0,0.0139291932675567
20260305,BU2706,3458.0,12.0,56.0,0.0578368999421634
20260305,BU2709,3508.0,15.0,60.0,-0.0786773090079817
20260305,BU2712,3439.0,23.0,63.0,0.0
20260306,BU2603,3733.0,2485.0,4962.0,0.122153763728904
20260306,BU2604,3771.0,415222.0,85886.0,0.0063643595863176
20260306,BU2605,3773.0,86310.0,95110.0,-0.0445269016697582
20260306,BU2606,3759.0,270022.0,161492.0,-0.1819632881085398
20260306,BU2607,3702.0,22336.0,35533.0,-0.1523500810372771
20260306,BU2608,3655.0,774.0,836.0,-0.0590971272229818
20260306,BU2609,3637.0,10225.0,7997.0,-0.0857849876271656
20260306,BU2610,3611.0,63.0,102.0,-0.3123788424259208
20260306,BU2611,3517.0,34.0,30.0,-0.2115439294853573
20260306,BU2612,3455.0,234.0,1145.0,-0.0014829509422917
20260306,BU2701,3417.0,212.0,169.0,-0.0386303775241438
20260306,BU2702,3406.0,17.0,82.0,0.1197886083382275
20260306,BU2703,3440.0,16.0,63.0,0.0976744186046509
20260306,BU2706,3524.0,26.0,67.0,-0.0340522133938705
20260306,BU2709,3494.0,16.0,68.0,-0.0343445907269606
20260306,BU2712,3464.0,21.0,74.0,0.0
20260309,BU2603,4050.0,2187.0,4492.0,0.0740740740740744
20260309,BU2604,4075.0,191496.0,79418.0,-0.0029447852760733
20260309,BU2605,4074.0,48157.0,96064.0,-0.0589101620029453
20260309,BU2606,4054.0,151121.0,151161.0,-0.174642328564381
20260309,BU2607,3995.0,10042.0,37702.0,-0.1081351689612013
20260309,BU2608,3959.0,555.0,929.0,-0.0454660267744375
20260309,BU2609,3944.0,11213.0,10340.0,-0.1217038539553754
20260309,BU2610,3904.0,116.0,116.0,-0.341188524590164
20260309,BU2611,3793.0,24.0,43.0,-0.1360400738201952
20260309,BU2612,3750.0,1140.0,1151.0,-0.0020853932584269
20260309,BU2701,3692.0,834.0,403.0,-0.5492957746478879
20260309,BU2702,3523.0,47.0,107.0,0.6063014476298605
20260309,BU2703,3701.0,30.0,63.0,0.0259389354228583
20260309,BU2706,3725.0,102.0,59.0,0.0633557046979866
20260309,BU2709,3784.0,140.0,110.0,-0.050739957716702
20260309,BU2712,3736.0,138.0,126.0,0.0
20260310,BU2603,3633.0,233.0,4418.0,0.373245251857969
20260310,BU2604,3746.0,377119.0,54677.0,-0.0256273358248795
20260310,BU2605,3738.0,105635.0,92579.0,-0.025682182985554
20260310,BU2606,3730.0,348312.0,150962.0,-0.1930294906166221
20260310,BU2607,3670.0,13505.0,35862.0,-0.0490463215258856
20260310,BU2608,3655.0,520.0,846.0,-0.0656634746922031
20260310,BU2609,3635.0,25412.0,10001.0,-0.1584594222833564
20260310,BU2610,3587.0,146.0,85.0,-0.2676331195985502
20260310,BU2611,3507.0,36.0,31.0,-0.2189905902480755
20260310,BU2612,3443.0,1238.0,1165.0,-0.0012139922395872
20260310,BU2701,3412.0,522.0,302.0,-0.0668229777256734
20260310,BU2702,3393.0,174.0,193.0,-0.0424403183023867
20260310,BU2703,3381.0,130.0,92.0,0.0579710144927538
20260310,BU2706,3430.0,141.0,79.0,0.053644314868805
20260310,BU2709,3476.0,136.0,113.0,-0.0529344073647872
20260310,BU2712,3430.0,132.0,100.0,0.0
20260311,BU2603,3748.0,130.0,4288.0,0.4034151547491991
20260311,BU2604,3874.0,216863.0,52914.0,-0.0247805885389773
20260311,BU2605,3866.0,55909.0,81432.0,-0.0775995861355407
20260311,BU2606,3841.0,229568.0,158972.0,-0.2124446758656595
20260311,BU2607,3773.0,11052.0,32186.0,-0.143122183938511
20260311,BU2608,3728.0,209.0,815.0,-0.0515021459227464
20260311,BU2609,3712.0,12150.0,12093.0,-0.4008620689655178
20260311,BU2610,3588.0,31.0,86.0,-0.1839464882943144
20260311,BU2611,3533.0,14.0,31.0,-0.2683272006793094
20260311,BU2612,3454.0,159.0,1140.0,-0.0019518161649414
20260311,BU2701,3404.0,87.0,284.0,0.0810810810810815
20260311,BU2702,3427.0,36.0,169.0,-0.0525240735337027
20260311,BU2703,3412.0,5.0,92.0,0.0175849941383354
20260311,BU2706,3427.0,15.0,75.0,0.0280128392179745
20260311,BU2709,3451.0,30.0,110.0,-0.0475224572587653
20260311,BU2712,3410.0,20.0,90.0,0.0
20260312,BU2603,3738.0,61.0,4288.0,0.8475120385232735
20260312,BU2604,4002.0,196335.0,46813.0,-0.0179910044977509
20260312,BU2605,3996.0,59647.0,78262.0,-0.0480480480480483
20260312,BU2606,3980.0,395105.0,175438.0,-0.2291457286432154
20260312,BU2607,3904.0,10208.0,30170.0,-0.0952868852459021
20260312,BU2608,3873.0,342.0,847.0,-0.1022463206816417
20260312,BU2609,3840.0,30736.0,15787.0,-0.234375
20260312,BU2610,3765.0,246.0,103.0,-0.2039840637450205
20260312,BU2611,3701.0,23.0,35.0,-0.518778708457174
20260312,BU2612,3541.0,660.0,1240.0,-0.0017134752133117
20260312,BU2701,3496.0,128.0,274.0,0.0274599542334108
20260312,BU2702,3504.0,58.0,161.0,0.0650684931506839
20260312,BU2703,3523.0,30.0,87.0,-0.0136247516321317
20260312,BU2706,3511.0,39.0,62.0,-0.0011392765593849
20260312,BU2709,3510.0,52.0,109.0,-0.0307692307692306
20260312,BU2712,3483.0,16.0,84.0,0.0
20260313,BU2603,3738.0,0.0,4288.0,1.229534510433388
20260313,BU2604,4121.0,112543.0,40988.0,-0.032031060422228
20260313,BU2605,4110.0,40883.0,74358.0,-0.0613138686131384
20260313,BU2606,4089.0,365611.0,186318.0,-0.2171680117388108
20260313,BU2607,4015.0,6830.0,28481.0,-0.1912826899128266
20260313,BU2608,3951.0,198.0,803.0,-0.0941533788914199
20260313,BU2609,3920.0,28022.0,17640.0,-0.3214285714285716
20260313,BU2610,3815.0,112.0,124.0,-0.3648754914809955
20260313,BU2611,3699.0,19.0,48.0,-0.3438767234387669
20260313,BU2612,3593.0,217.0,1253.0,-0.0021765167601172
20260313,BU2701,3535.0,37.0,267.0,-0.0169731258840175
20260313,BU2702,3530.0,13.0,159.0,-0.0033994334277624
20260313,BU2703,3529.0,15.0,87.0,0.0272031737035991
20260313,BU2706,3553.0,9.0,62.0,-0.0225161835068954
20260313,BU2709,3533.0,17.0,120.0,-0.0350976507217661
20260313,BU2712,3502.0,9.0,87.0,0.0
20260316,BU2603,4186.0,21.0,4288.0,0.8456760630673674
20260316,BU2604,4481.0,186170.0,37136.0,-0.0187458156661461
20260316,BU2605,4474.0,80385.0,74978.0,-0.0268216361198034
20260316,BU2606,4464.0,1127569.0,258609.0,-0.28494623655914
20260316,BU2607,4358.0,18055.0,28504.0,-0.2588343276732447
20260316,BU2608,4264.0,801.0,836.0,-0.2926829268292685
20260316,BU2609,4160.0,66196.0,21611.0,-0.351923076923077
20260316,BU2610,4038.0,326.0,243.0,-0.5438335809806829
20260316,BU2611,3855.0,88.0,76.0,-0.4015564202334629
20260316,BU2612,3726.0,1394.0,1330.0,-0.0040167182326439
20260316,BU2701,3615.0,306.0,269.0,-0.1161825726141074
20260316,BU2702,3580.0,74.0,163.0,0.0502793296089389
20260316,BU2703,3595.0,17.0,92.0,-0.0233657858136302
20260316,BU2706,3574.0,21.0,64.0,0.0033575825405707
20260316,BU2709,3577.0,33.0,123.0,-0.0324294101202125
20260316,BU2712,3548.0,23.0,95.0,0.0
20260317,BU2604,4426.0,183464.0,31607.0,-0.0027112516945324
20260317,BU2605,4425.0,82885.0,72865.0,-0.0433898305084743
20260317,BU2606,4409.0,1419479.0,252993.0,-0.2721705602177366
20260317,BU2607,4309.0,14194.0,27481.0,-0.2951961011835697
20260317,BU2608,4203.0,1001.0,1417.0,-0.2084225553176306
20260317,BU2609,4130.0,29607.0,22543.0,-0.4474576271186437
20260317,BU2610,3976.0,70.0,242.0,-0.3742454728370226
20260317,BU2611,3852.0,31.0,78.0,-0.4454828660436138
20260317,BU2612,3709.0,434.0,1405.0,-0.0032353734160151
20260317,BU2701,3620.0,129.0,281.0,-0.1591160220994476
20260317,BU2702,3572.0,42.0,151.0,-0.067189249720045
20260317,BU2703,3552.0,13.0,94.0,-0.0304054054054052
20260317,BU2706,3525.0,2.0,64.0,0.0510638297872336
20260317,BU2709,3570.0,8.0,124.0,-0.060504201680672
20260317,BU2712,3516.0,49.0,100.0,-0.0011626598657315
20260317,BU2803,3485.0,32.0,0.0,0.0
20260318,BU2604,4416.0,136711.0,28682.0,-0.0108695652173906
20260318,BU2605,4412.0,71912.0,63713.0,-0.0326382592928382
20260318,BU2606,4400.0,1132604.0,261472.0,-0.3081818181818176
20260318,BU2607,4287.0,13180.0,26149.0,-0.3358992302309311
20260318,BU2608,4167.0,381.0,1404.0,-0.2044636429085673
20260318,BU2609,4096.0,21778.0,22559.0,-0.3662109375
20260318,BU2610,3971.0,104.0,267.0,-0.4019138755980855
20260318,BU2611,3838.0,28.0,78.0,-0.397081813444502
20260318,BU2612,3711.0,661.0,1550.0,-0.0037786235273813
20260318,BU2701,3607.0,75.0,281.0,-0.1131133906293322
20260318,BU2702,3573.0,28.0,144.0,0.0873215785054588
20260318,BU2703,3599.0,16.0,90.0,-0.0300083356487914
20260318,BU2706,3572.0,12.0,60.0,-0.0425531914893615
20260318,BU2709,3534.0,6.0,123.0,-0.0396151669496323
20260318,BU2712,3499.0,35.0,108.0,-0.0004522485231259
20260318,BU2803,3487.0,7.0,1.0,0.0
20260319,BU2604,4635.0,129991.0,26565.0,0.0025889967637535
20260319,BU2605,4636.0,73883.0,61815.0,-0.0284728213977567
20260319,BU2606,4625.0,1210752.0,260425.0,-0.290594594594594
20260319,BU2607,4513.0,12525.0,24967.0,-0.3536450254819412
20260319,BU2608,4380.0,677.0,1403.0,-0.172602739726027
20260319,BU2609,4317.0,22696.0,22698.0,-0.3224461431549681
20260319,BU2610,4201.0,90.0,272.0,-0.4084741728159962
20260319,BU2611,4058.0,41.0,83.0,-0.431739773287334
20260319,BU2612,3912.0,1476.0,1811.0,-0.0055835114082856
20260319,BU2701,3750.0,361.0,411.0,-0.0383999999999997
20260319,BU2702,3738.0,77.0,129.0,-0.0642054574638844
20260319,BU2703,3718.0,29.0,86.0,-0.0430338891877353
20260319,BU2706,3678.0,17.0,59.0,-0.0402392604676453
20260319,BU2709,3641.0,39.0,127.0,-0.0395495742927765
20260319,BU2712,3605.0,45.0,109.0,0.0002194753928457
20260319,BU2803,3611.0,4.0,3.0,0.0
20260320,BU2604,4452.0,101761.0,21624.0,0.0269541778975739
20260320,BU2605,4462.0,56366.0,57417.0,-0.0134468848050195
20260320,BU2606,4457.0,981168.0,246628.0,-0.2153915189589414
20260320,BU2607,4377.0,18814.0,19486.0,-0.3536668951336534
20260320,BU2608,4248.0,1397.0,1468.0,-0.1920903954802253
20260320,BU2609,4180.0,30984.0,21471.0,-0.3961722488038273
20260320,BU2610,4042.0,83.0,257.0,-0.2701632855022269
20260320,BU2611,3951.0,23.0,87.0,-0.3705391040242971
20260320,BU2612,3829.0,726.0,1656.0,-0.0053524110792561
20260320,BU2701,3677.0,93.0,398.0,-0.1794941528419911
20260320,BU2702,3622.0,29.0,108.0,-0.0927664273881831
20260320,BU2703,3594.0,7.0,85.0,-0.0690038953811909
20260320,BU2706,3532.0,4.0,61.0,0.0430351075877686
20260320,BU2709,3570.0,15.0,119.0,-0.0156862745098038
20260320,BU2712,3556.0,19.0,109.0,-0.0016316641738463
20260320,BU2803,3512.0,2.0,3.0,0.0
20260323,BU2604,4640.0,76905.0,19824.0,0.0517241379310355
20260323,BU2605,4660.0,53058.0,53827.0,0.0025751072961375
20260323,BU2606,4661.0,869133.0,257404.0,-0.2214117142244154
20260323,BU2607,4575.0,13803.0,18237.0,-0.3042622950819673
20260323,BU2608,4459.0,271.0,1458.0,-0.220677281901771
20260323,BU2609,4377.0,42360.0,24017.0,-0.3893077450308424
20260323,BU2610,4235.0,81.0,278.0,-0.4505312868949231
20260323,BU2611,4076.0,38.0,107.0,-0.2826300294406283
20260323,BU2612,3980.0,342.0,1677.0,-0.0054203602281068
20260323,BU2701,3820.0,106.0,429.0,-0.1947643979057591
20260323,BU2702,3758.0,10.0,110.0,-0.0542841937200644
20260323,BU2703,3741.0,12.0,88.0,-0.0331462175888801
20260323,BU2706,3710.0,2.0,61.0,-0.0506738544474392
20260323,BU2709,3663.0,6.0,121.0,-0.0207480207480208
20260323,BU2712,3644.0,35.0,122.0,-0.0003618774200552
20260323,BU2803,3634.0,7.0,6.0,0.0
20260324,BU2604,4409.0,84038.0,16697.0,-0.0081651168065319
20260324,BU2605,4406.0,67383.0,44098.0,-0.013617793917386
20260324,BU2606,4401.0,1047662.0,240464.0,-0.1908657123381045
20260324,BU2607,4331.0,18242.0,16539.0,-0.2826137150773493
20260324,BU2608,4229.0,617.0,1352.0,-0.2071411681248522
20260324,BU2609,4156.0,56744.0,26940.0,-0.3262752646775744
20260324,BU2610,4043.0,71.0,279.0,-0.2255750680187982
20260324,BU2611,3967.0,51.0,99.0,-0.1784723972775399
20260324,BU2612,3908.0,1310.0,1464.0,-0.0051752095959886
20260324,BU2701,3758.0,251.0,447.0,-0.0447046301224052
20260324,BU2702,3744.0,28.0,117.0,-0.2147435897435903
20260324,BU2703,3677.0,21.0,88.0,-0.0184933369594779
20260324,BU2706,3660.0,28.0,61.0,-0.0579234972677595
20260324,BU2709,3607.0,51.0,106.0,-0.0876074299972278
20260324,BU2712,3528.0,47.0,104.0,0.0013082155939298
20260324,BU2803,3563.0,20.0,11.0,0.0
20260325,BU2604,4425.0,68002.0,17176.0,-0.0352542372881354
20260325,BU2605,4412.0,42716.0,43009.0,-0.0054397098821392
20260325,BU2606,4410.0,903232.0,241074.0,-0.2421768707482994
20260325,BU2607,4321.0,10206.0,16369.0,-0.2693820874797499
20260325,BU2608,4224.0,597.0,1267.0,-0.1903409090909091
20260325,BU2609,4157.0,47985.0,29172.0,-0.3175366851094545
20260325,BU2610,4047.0,80.0,246.0,-0.2994810971089698
20260325,BU2611,3946.0,57.0,95.0,-0.3253928028383175
20260325,BU2612,3839.0,772.0,1264.0,-0.0046009172566591
20260325,BU2701,3708.0,95.0,434.0,-0.2038834951456309
20260325,BU2702,3645.0,22.0,126.0,-0.0131687242798355
20260325,BU2703,3641.0,8.0,84.0,-0.040648173578687
20260325,BU2706,3604.0,15.0,59.0,-0.0399556048834628
20260325,BU2709,3568.0,13.0,104.0,-0.0482062780269059
20260325,BU2712,3525.0,36.0,112.0,0.0002992751928922
20260325,BU2803,3533.0,11.0,15.0,0.0
20260326,BU2604,4550.0,45930.0,9463.0,-0.0290109890109886
20260326,BU2605,4539.0,42141.0,41182.0,0.0105750165234645
20260326,BU2606,4543.0,1016787.0,275580.0,-0.2509355051727935
20260326,BU2607,4448.0,10471.0,16746.0,-0.3291366906474819
20260326,BU2608,4326.0,649.0,1278.0,-0.1553398058252422
20260326,BU2609,4270.0,55845.0,32801.0,-0.4131147540983608
20260326,BU2610,4123.0,182.0,363.0,-0.1455251030802817
20260326,BU2611,4073.0,52.0,91.0,-0.338816597102872
20260326,BU2612,3958.0,817.0,1617.0,-0.0050757674685319
20260326,BU2701,3809.0,120.0,451.0,-0.2740876870569706
20260326,BU2702,3722.0,9.0,129.0,-0.0999462654486831
20260326,BU2703,3691.0,6.0,85.0,0.0119208886480626
20260326,BU2706,3702.0,14.0,63.0,-0.0475418692598594
20260326,BU2709,3658.0,8.0,104.0,-0.0820120284308365
20260326,BU2712,3583.0,23.0,114.0,0.0011409188076784
20260326,BU2803,3614.0,13.0,20.0,0.0
20260327,BU2604,4528.0,25381.0,5801.0,0.0106007067137809
20260327,BU2605,4532.0,42223.0,37337.0,0.0
20260327,BU2606,4532.0,1037274.0,280023.0,-0.2277140335392768
20260327,BU2607,4446.0,11875.0,16721.0,-0.3724696356275299
20260327,BU2608,4308.0,294.0,1242.0,-0.1197771587743732
20260327,BU2609,4265.0,47496.0,34809.0,-0.3573270808909736
20260327,BU2610,4138.0,59.0,352.0,-0.3015949734171101
20260327,BU2611,4034.0,12.0,91.0,-0.1933564700049581
20260327,BU2612,3969.0,417.0,1641.0,-0.0047219886706243
20260327,BU2701,3830.0,54.0,459.0,-0.2475195822454305
20260327,BU2702,3751.0,10.0,131.0,-0.1055718475073312
20260327,BU2703,3718.0,6.0,82.0,-0.0462614308768154
20260327,BU2706,3675.0,4.0,64.0,-0.0587755102040814
20260327,BU2709,3621.0,8.0,103.0,-0.0651753659210161
20260327,BU2712,3562.0,7.0,113.0,0.0020731654645186
20260327,BU2803,3618.0,6.0,20.0,0.0
20260330,BU2604,4519.0,10978.0,4971.0,0.0079663642398752
20260330,BU2605,4522.0,36090.0,35237.0,-0.0238832375055282
20260330,BU2606,4513.0,961444.0,273869.0,-0.2074008420119653
20260330,BU2607,4435.0,11844.0,17050.0,-0.2624577226606543
20260330,BU2608,4338.0,1057.0,1294.0,-0.1189488243430147
20260330,BU2609,4295.0,50660.0,36492.0,-0.2961583236321305
20260330,BU2610,4189.0,168.0,342.0,-0.2320362855096687
20260330,BU2611,4108.0,47.0,90.0,-0.2395326192794544
20260330,BU2612,4026.0,768.0,1880.0,-0.0044541938076658
20260330,BU2701,3893.0,97.0,480.0,-0.2928332905214486
20260330,BU2702,3798.0,26.0,137.0,-0.1042654028436014
20260330,BU2703,3765.0,10.0,83.0,-0.0276228419654716
20260330,BU2706,3739.0,25.0,79.0,-0.0813051618079701
20260330,BU2709,3663.0,25.0,91.0,-0.0666120666120666
20260330,BU2712,3602.0,24.0,111.0,0.0016108267079949
20260330,BU2803,3646.0,9.0,24.0,0.0
20260331,BU2604,4517.0,11334.0,3919.0,0.0
20260331,BU2605,4517.0,39731.0,30151.0,-0.0132831525348682
20260331,BU2606,4512.0,1044757.0,274080.0,-0.2393617021276601
20260331,BU2607,4422.0,9635.0,16770.0,-0.2469470827679778
20260331,BU2608,4331.0,537.0,1334.0,-0.1440775802355118
20260331,BU2609,4279.0,67381.0,41008.0,-0.2636129936901148
20260331,BU2610,4185.0,70.0,348.0,-0.298207885304659
20260331,BU2611,4081.0,80.0,128.0,-0.2793432982112223
20260331,BU2612,3986.0,1274.0,2235.0,-0.0035855832492374
20260331,BU2701,3880.0,139.0,484.0,-0.3154639175257734
20260331,BU2702,3778.0,18.0,139.0,-0.0476442562202219
20260331,BU2703,3763.0,36.0,89.0,-0.038267339888387
20260331,BU2706,3727.0,12.0,78.0,-0.0826401931848672
20260331,BU2709,3650.0,26.0,87.0,-0.047123287671233
20260331,BU2712,3607.0,34.0,117.0,0.0025225675350432
20260331,BU2803,3676.0,3.0,24.0,0.0
20260401,BU2604,4300.0,7392.0,3530.0,-0.0195348837209303
20260401,BU2605,4293.0,34925.0,28214.0,-0.0251572327044029
20260401,BU2606,4284.0,1136775.0,266123.0,-0.2296918767507008
20260401,BU2607,4202.0,8471.0,16868.0,-0.2770109471680149
20260401,BU2608,4105.0,341.0,1293.0,-0.2133982947624852
20260401,BU2609,4032.0,71565.0,38554.0,-0.3095238095238097
20260401,BU2610,3928.0,113.0,346.0,-0.2535641547861509
20260401,BU2611,3845.0,165.0,141.0,-0.2340702210663199
20260401,BU2612,3770.0,1525.0,2436.0,-0.0038625458230262
20260401,BU2701,3662.0,112.0,466.0,-0.1605679956308034
20260401,BU2702,3613.0,43.0,129.0,-0.0896761693883201
20260401,BU2703,3586.0,31.0,87.0,-0.0423870607919689
20260401,BU2706,3548.0,32.0,75.0,0.0022547914317927
20260401,BU2709,3550.0,16.0,97.0,-0.0721126760563382
20260401,BU2712,3486.0,29.0,119.0,0.0016266005938983
20260401,BU2803,3529.0,5.0,25.0,0.0
20260402,BU2604,4404.0,6891.0,3364.0,0.00817438692098
20260402,BU2605,4407.0,36691.0,26932.0,-0.0108917631041527
20260402,BU2606,4403.0,1161561.0,255632.0,-0.2207585736997508
20260402,BU2607,4322.0,10705.0,17343.0,-0.2609902822767238
20260402,BU2608,4228.0,445.0,1245.0,-0.1788079470198678
20260402,BU2609,4165.0,72591.0,37639.0,-0.3054021608643458
20260402,BU2610,4059.0,236.0,308.0,-0.2690317812269032
20260402,BU2611,3968.0,153.0,94.0,-0.3568548387096779
20260402,BU2612,3850.0,5525.0,4169.0,-0.0041324967167663
20260402,BU2701,3732.0,275.0,509.0,-0.1543408360128615
20260402,BU2702,3684.0,34.0,131.0,-0.1400651465798046
20260402,BU2703,3641.0,8.0,91.0,-0.0428453721505079
20260402,BU2706,3602.0,26.0,73.0,0.0
20260402,BU2709,3602.0,10.0,96.0,-0.0433092726263186
20260402,BU2712,3563.0,52.0,118.0,0.0015174272822322
20260402,BU2803,3604.0,5.0,27.0,0.0
20260403,BU2604,4413.0,5190.0,3552.0,-0.0054384772263764
20260403,BU2605,4411.0,34663.0,26078.0,-0.0217637723872132
20260403,BU2606,4403.0,1177119.0,245635.0,-0.2616397910515555
20260403,BU2607,4307.0,9671.0,16920.0,-0.2841885302995126
20260403,BU2608,4205.0,786.0,1241.0,-0.2083234244946497
20260403,BU2609,4132.0,70211.0,37149.0,-0.3775411423039694
20260403,BU2610,4002.0,91.0,299.0,-0.2758620689655169
20260403,BU2611,3910.0,52.0,107.0,-0.3038363171355493
20260403,BU2612,3811.0,2217.0,4934.0,-0.0037502321782893
20260403,BU2701,3705.0,116.0,515.0,-0.2461538461538466
20260403,BU2702,3629.0,15.0,129.0,0.1124276660236969
20260403,BU2703,3663.0,10.0,93.0,-0.0196560196560198
20260403,BU2706,3645.0,18.0,75.0,-0.0713305898491083
20260403,BU2709,3580.0,34.0,105.0,-0.0223463687150839
20260403,BU2712,3560.0,32.0,111.0,0.001518706013088
20260403,BU2803,3601.0,8.0,26.0,0.0
20260407,BU2604,4444.0,2079.0,3654.0,-0.0135013501350136
20260407,BU2605,4439.0,19506.0,25972.0,-0.0297364271232258
20260407,BU2606,4428.0,671562.0,250813.0,-0.2737127371273713
20260407,BU2607,4327.0,6336.0,16841.0,-0.2690085509590938
20260407,BU2608,4230.0,455.0,1303.0,-0.1531914893617023
20260407,BU2609,4176.0,38668.0,38654.0,-0.3333333333333335
20260407,BU2610,4060.0,205.0,409.0,-0.3133004926108369
20260407,BU2611,3954.0,24.0,87.0,-0.303490136570562
20260407,BU2612,3854.0,1466.0,5391.0,-0.003638420319178
20260407,BU2701,3750.0,122.0,523.0,-0.2272000000000003
20260407,BU2702,3679.0,24.0,134.0,0.1337319923892357
20260407,BU2703,3720.0,8.0,92.0,-0.1387096774193548
20260407,BU2706,3591.0,30.0,96.0,-0.0233918128654972
20260407,BU2709,3570.0,9.0,108.0,-0.022408963585434
20260407,BU2712,3550.0,6.0,112.0,0.0010029407212505
20260407,BU2803,3577.0,1.0,27.0,0.0
20260408,BU2604,4150.0,3857.0,3327.0,-0.2515662650602412
20260408,BU2605,4063.0,39277.0,19704.0,-0.0738370662072354
20260408,BU2606,4038.0,1053675.0,224628.0,-0.2585438335809811
20260408,BU2607,3951.0,16880.0,15411.0,-0.1336370539104026
20260408,BU2608,3907.0,2516.0,896.0,-0.2057844893780398
20260408,BU2609,3840.0,79111.0,40202.0,-0.3156249999999994
20260408,BU2610,3739.0,517.0,277.0,-0.1893554426317201
20260408,BU2611,3680.0,59.0,88.0,-0.2380434782608693
20260408,BU2612,3607.0,4106.0,4508.0,-0.0038501914193064
20260408,BU2701,3504.0,289.0,525.0,-0.0547945205479458
20260408,BU2702,3488.0,66.0,111.0,-0.1995412844036703
20260408,BU2703,3430.0,28.0,97.0,0.0408163265306118
20260408,BU2706,3465.0,68.0,78.0,-0.0057720057720058
20260408,BU2709,3460.0,42.0,111.0,-0.0231213872832372
20260408,BU2712,3440.0,59.0,111.0,0.0012266802964477
20260408,BU2803,3472.0,11.0,25.0,0.0
20260409,BU2604,4061.0,54.0,3325.0,0.3664122137404586
20260409,BU2605,4185.0,24443.0,17946.0,-0.0573476702508957
20260409,BU2606,4165.0,733408.0,225078.0,-0.2650660264105644
20260409,BU2607,4073.0,7892.0,15683.0,-0.1266879450036828
20260409,BU2608,4030.0,420.0,881.0,-0.2382133995037216
20260409,BU2609,3950.0,47049.0,40222.0,-0.2764556962025315
20260409,BU2610,3859.0,43.0,281.0,-0.3140710028504792
20260409,BU2611,3758.0,16.0,90.0,-0.2075572112825972
20260409,BU2612,3693.0,1943.0,4511.0,-0.004125630938581
20260409,BU2701,3580.0,78.0,525.0,-0.0972067039106145
20260409,BU2702,3551.0,8.0,111.0,-0.0304139678963668
20260409,BU2703,3542.0,8.0,95.0,-0.0033879164313947
20260409,BU2706,3539.0,25.0,77.0,-0.0248657812941508
20260409,BU2709,3517.0,16.0,110.0,0.0011373329542223
20260409,BU2712,3518.0,32.0,107.0,0.0007121928668261
20260409,BU2803,3537.0,2.0,25.0,0.0
20260410,BU2604,4100.0,0.0,3325.0,0.0848780487804878
20260410,BU2605,4129.0,18950.0,16515.0,-0.0813756357471544
20260410,BU2606,4101.0,620645.0,220478.0,-0.2340892465252375
20260410,BU2607,4021.0,7063.0,15573.0,-0.1134046257149958
20260410,BU2608,3983.0,324.0,872.0,-0.2229475269897065
20260410,BU2609,3909.0,38539.0,39628.0,-0.2425172678434384
20260410,BU2610,3830.0,30.0,267.0,-0.219321148825065
20260410,BU2611,3760.0,8.0,89.0,-0.2329787234042557
20260410,BU2612,3687.0,433.0,4523.0,-0.0042054835849004
20260410,BU2701,3572.0,49.0,532.0,-0.067189249720045
20260410,BU2702,3552.0,9.0,116.0,-0.0878378378378372
20260410,BU2703,3526.0,5.0,95.0,0.0158820192853088
20260410,BU2706,3540.0,13.0,83.0,0.0011299435028249
20260410,BU2709,3541.0,12.0,114.0,-0.0361479807963851
20260410,BU2712,3509.0,9.0,102.0,0.0001127399246521
20260410,BU2803,3512.0,11.0,25.0,0.0
20260413,BU2604,4100.0,0.0,3325.0,0.0965853658536586
20260413,BU2605,4133.0,16194.0,15569.0,-0.0987176385192349
20260413,BU2606,4099.0,538568.0,219241.0,-0.2049280312271282
20260413,BU2607,4029.0,7867.0,15404.0,-0.0893521965748318
20260413,BU2608,3999.0,550.0,905.0,-0.1680420105026261
20260413,BU2609,3943.0,39935.0,38917.0,-0.2373827035252347
20260413,BU2610,3865.0,144.0,313.0,-0.2018111254851229
20260413,BU2611,3800.0,8.0,91.0,-0.2684210526315791
20260413,BU2612,3715.0,738.0,4518.0,-0.0037382612246132
20260413,BU2701,3612.0,172.0,539.0,-0.1328903654485054
20260413,BU2702,3572.0,12.0,123.0,-0.0167973124300115
20260413,BU2703,3567.0,2.0,95.0,-0.0235492010092515
20260413,BU2706,3546.0,27.0,87.0,-0.0101522842639592
20260413,BU2709,3537.0,22.0,112.0,-0.0565450947130337
20260413,BU2712,3487.0,27.0,105.0,-3.781707251738508e-05
20260413,BU2803,3486.0,28.0,28.0,0.0
20260414,BU2604,4180.0,91.0,3325.0,-0.2813397129186605
20260414,BU2605,4082.0,16145.0,14140.0,-0.1146496815286624
20260414,BU2606,4043.0,594372.0,217860.0,-0.1929260450160765
20260414,BU2607,3978.0,8149.0,15557.0,-0.1025641025641022
20260414,BU2608,3944.0,405.0,922.0,-0.1308316430020282
20260414,BU2609,3901.0,44863.0,40233.0,-0.187644193796463
20260414,BU2610,3840.0,93.0,288.0,-0.1499999999999994
20260414,BU2611,3792.0,35.0,86.0,-0.2594936708860764
20260414,BU2612,3710.0,1592.0,4488.0,-0.0042520972773251
20260414,BU2701,3593.0,88.0,537.0,-0.0667965488449762
20260414,BU2702,3573.0,12.0,125.0,0.0033585222502088
20260414,BU2703,3574.0,12.0,92.0,-0.0145495243424735
20260414,BU2706,3561.0,48.0,79.0,-0.0089862398202753
20260414,BU2709,3553.0,18.0,108.0,-0.055164649591894
20260414,BU2712,3504.0,35.0,99.0,0.0004892367906066
20260414,BU2803,3517.0,34.0,36.0,0.0
20260415,BU2604,4180.0,3.0,3322.0,-0.2755980861244023
20260415,BU2605,4084.0,13353.0,13306.0,-0.117531831537708
20260415,BU2606,4044.0,566414.0,220124.0,-0.1780415430267057
20260415,BU2607,3984.0,9385.0,15793.0,-0.1024096385542168
20260415,BU2608,3950.0,267.0,886.0,-0.133670886075949
20260415,BU2609,3906.0,44335.0,46767.0,-0.2273425499231951
20260415,BU2610,3832.0,95.0,299.0,-0.1910229645093943
20260415,BU2611,3771.0,8.0,86.0,-0.2036595067621314
20260415,BU2612,3707.0,893.0,4685.0,-0.0036372123192381
20260415,BU2701,3607.0,176.0,572.0,-0.1463820349320759
20260415,BU2702,3563.0,3.0,126.0,-0.0841987089531293
20260415,BU2703,3538.0,2.0,90.0,0.0
20260415,BU2706,3538.0,5.0,76.0,0.0022611644997176
20260415,BU2709,3540.0,4.0,108.0,-0.0327683615819207
20260415,BU2712,3511.0,17.0,97.0,0.0
20260415,BU2803,3511.0,15.0,36.0,0.0
20260416,BU2605,4129.0,8277.0,13062.0,-0.1307822717364977
20260416,BU2606,4084.0,441098.0,221356.0,-0.1616062683643484
20260416,BU2607,4029.0,7298.0,15887.0,-0.1161578555472822
20260416,BU2608,3990.0,151.0,870.0,-0.1503759398496247
20260416,BU2609,3940.0,29030.0,48829.0,-0.2680203045685276
20260416,BU2610,3852.0,46.0,306.0,-0.1869158878504673
20260416,BU2611,3792.0,7.0,87.0,-0.2183544303797466
20260416,BU2612,3723.0,475.0,4756.0,-0.003621581001186
20260416,BU2701,3623.0,33.0,571.0,-0.1093016836875513
20260416,BU2702,3590.0,2.0,125.0,-0.0300835654596101
20260416,BU2703,3581.0,1.0,90.0,-0.1273387321977104
20260416,BU2704,3543.0,0.0,0.0,0.0372565622353939
20260416,BU2706,3565.0,27.0,81.0,-0.023562412342216
20260416,BU2709,3544.0,2.0,108.0,-0.0383747178329572
20260416,BU2712,3510.0,7.0,95.0,-0.0003381234150464
20260416,BU2803,3501.0,5.0,31.0,0.0
20260417,BU2605,4141.0,8922.0,11812.0,-0.1217097319488047
20260417,BU2606,4099.0,380926.0,216415.0,-0.1902903147109049
20260417,BU2607,4034.0,5256.0,15735.0,-0.1100644521566689
20260417,BU2608,3997.0,280.0,892.0,-0.1741305979484617
20260417,BU2609,3939.0,25129.0,49417.0,-0.2467631378522465
20260417,BU2610,3858.0,144.0,306.0,-0.1897356143079318
20260417,BU2611,3797.0,9.0,87.0,-0.1991045562286011
20260417,BU2612,3734.0,258.0,4781.0,-0.0038997851507254
20260417,BU2701,3626.0,33.0,577.0,-0.1125206839492549
20260417,BU2702,3592.0,2.0,123.0,0.0200445434298437
20260417,BU2703,3598.0,1.0,90.0,-0.1067259588660363
20260417,BU2704,3566.0,0.0,0.0,-0.0134604598990464
20260417,BU2706,3558.0,41.0,82.0,-0.0044969083754917
20260417,BU2709,3554.0,4.0,106.0,-0.056274620146314
20260417,BU2712,3504.0,24.0,96.0,-0.0001881679963871
20260417,BU2803,3499.0,4.0,28.0,0.0
20260420,BU2605,4137.0,17670.0,10453.0,-0.1653372008701961
20260420,BU2606,4080.0,729277.0,208738.0,-0.1970588235294124
20260420,BU2607,4013.0,16193.0,17125.0,-0.1315723897333671
20260420,BU2608,3969.0,853.0,874.0,-0.1844293272864696
20260420,BU2609,3908.0,67878.0,53928.0,-0.2671443193449332
20260420,BU2610,3821.0,186.0,305.0,-0.1507458780423971
20260420,BU2611,3773.0,47.0,103.0,-0.2321759872780275
20260420,BU2612,3700.0,2536.0,4861.0,-0.0033525660491952
20260420,BU2701,3608.0,107.0,557.0,-0.0498891352549888
20260420,BU2702,3593.0,13.0,117.0,-0.0434177567492342
20260420,BU2703,3580.0,5.0,91.0,-0.0469273743016755
20260420,BU2704,3566.0,0.0,0.0,-0.043746494671901
20260420,BU2706,3540.0,26.0,75.0,-0.0022598870056498
20260420,BU2709,3538.0,9.0,108.0,-0.0644431882419445
20260420,BU2712,3481.0,21.0,94.0,0.0005303515789008
20260420,BU2803,3495.0,57.0,36.0,0.0
20260421,BU2605,4093.0,10663.0,9183.0,-0.2198876129978004
20260421,BU2606,4018.0,475644.0,208538.0,-0.1373817819810847
20260421,BU2607,3972.0,14359.0,18948.0,-0.1570996978851968
20260421,BU2608,3920.0,431.0,927.0,-0.1622448979591833
20260421,BU2609,3867.0,48771.0,55610.0,-0.2389449185415046
20260421,BU2610,3790.0,69.0,303.0,-0.1931398416886542
20260421,BU2611,3729.0,26.0,108.0,-0.199517296862429
20260421,BU2612,3667.0,584.0,4792.0,-0.0032724297791109
20260421,BU2701,3578.0,54.0,562.0,-0.0838457238680825
20260421,BU2702,3553.0,13.0,121.0,-0.0911905432029271
20260421,BU2703,3526.0,9.0,92.0,0.1361315938740785
20260421,BU2704,3566.0,0.0,0.0,-0.0555243970835672
20260421,BU2706,3533.0,12.0,78.0,-0.0249080101896406
20260421,BU2709,3511.0,7.0,110.0,-0.0467103389347762
20260421,BU2712,3470.0,9.0,96.0,0.0009120562434683
20260421,BU2803,3494.0,25.0,26.0,0.0
20260422,BU2605,4122.0,7170.0,7754.0,-0.2096069868995638
20260422,BU2606,4050.0,418167.0,204622.0,-0.1540740740740735
20260422,BU2607,3998.0,13484.0,21088.0,-0.1440720360180094
20260422,BU2608,3950.0,283.0,927.0,-0.1731645569620257
20260422,BU2609,3893.0,40604.0,57914.0,-0.2342666324171594
20260422,BU2610,3817.0,44.0,305.0,-0.1226093790935283
20260422,BU2611,3778.0,9.0,106.0,-0.2731604023292742
20260422,BU2612,3692.0,753.0,4789.0,-0.0036885096229929
20260422,BU2701,3591.0,66.0,573.0,-0.0367585630743532
20260422,BU2702,3580.0,5.0,120.0,-0.070391061452514
20260422,BU2703,3559.0,6.0,94.0,0.1146389435234613
20260422,BU2704,3593.0,4.0,1.0,-0.0851655997773448
20260422,BU2706,3542.0,53.0,104.0,-0.044042913608131
20260422,BU2709,3503.0,8.0,109.0,-0.0376819868683986
20260422,BU2712,3470.0,12.0,97.0,0.0010260632739018
20260422,BU2803,3497.0,12.0,26.0,0.0
20260423,BU2605,4193.0,5502.0,7275.0,-0.2404006677796331
20260423,BU2606,4109.0,439922.0,209900.0,-0.1518617668532487
20260423,BU2607,4057.0,13240.0,22624.0,-0.1271875770273607
20260423,BU2608,4014.0,683.0,1200.0,-0.1823617339312409
20260423,BU2609,3953.0,47670.0,64037.0,-0.2367821907412088
20260423,BU2610,3875.0,47.0,302.0,-0.1672258064516132
20260423,BU2611,3821.0,24.0,107.0,-0.2512431300706619
20260423,BU2612,3741.0,561.0,4878.0,-0.0038204049268806
20260423,BU2701,3635.0,161.0,656.0,-0.1452544704264093
20260423,BU2702,3591.0,7.0,121.0,-0.0100250626566422
20260423,BU2703,3588.0,5.0,97.0,-0.0836120401337794
20260423,BU2704,3563.0,3.0,2.0,-0.0252596126859387
20260423,BU2706,3548.0,42.0,114.0,-0.0124013528748592
20260423,BU2709,3537.0,6.0,107.0,-0.0599378003958155
20260423,BU2712,3484.0,9.0,96.0,0.0009462409003166
20260423,BU2803,3509.0,4.0,27.0,0.0
20260424,BU2605,4254.0,19030.0,6584.0,-0.2397743300423127
20260424,BU2606,4169.0,690323.0,219225.0,-0.1381626289277999
20260424,BU2607,4121.0,26288.0,28676.0,-0.1281242416889108
20260424,BU2608,4077.0,704.0,1184.0,-0.1736571008094189
20260424,BU2609,4018.0,66765.0,68211.0,-0.2777501244400193
20260424,BU2610,3925.0,100.0,344.0,-0.1834394904458598
20260424,BU2611,3865.0,35.0,112.0,-0.2763260025873215
20260424,BU2612,3776.0,1977.0,5458.0,-0.0042848981146448
20260424,BU2701,3656.0,77.0,685.0,-0.1247264770240694
20260424,BU2702,3618.0,6.0,122.0,-0.1160862354892207
20260424,BU2703,3583.0,19.0,93.0,-0.0100474462740725
20260424,BU2704,3580.0,3.0,2.0,-0.0502793296089383
20260424,BU2706,3550.0,23.0,124.0,-0.0292957746478874
20260424,BU2709,3524.0,30.0,109.0,-0.0419977298524405
20260424,BU2712,3487.0,26.0,92.0,0.0008319755953825
20260424,BU2803,3509.0,26.0,27.0,0.0
20260427,BU2605,4362.0,5192.0,4982.0,-0.2173314993122419
20260427,BU2606,4283.0,484736.0,230610.0,-0.154097595143591
20260427,BU2607,4228.0,37115.0,42230.0,-0.1192052980132456
20260427,BU2608,4186.0,6542.0,4745.0,-0.2035355948399431
20260427,BU2609,4115.0,55024.0,76759.0,-0.3353584447144597
20260427,BU2610,4000.0,743.0,587.0,-0.2880000000000002
20260427,BU2611,3904.0,2359.0,455.0,-0.1997950819672129
20260427,BU2612,3839.0,1397.0,5809.0,-0.004390188222003
20260427,BU2701,3714.0,93.0,712.0,-0.2197092084006464
20260427,BU2702,3646.0,5.0,120.0,-0.0658255622600108
20260427,BU2703,3626.0,13.0,105.0,0.0066188637617212
20260427,BU2704,3628.0,0.0,2.0,-0.046306504961411
20260427,BU2706,3600.0,7.0,129.0,-0.0422222222222221
20260427,BU2709,3562.0,19.0,118.0,-0.0381807973048848
20260427,BU2712,3528.0,8.0,90.0,-0.0003737758839799
20260427,BU2803,3518.0,6.0,31.0,0.0
20260428,BU2605,4483.0,4272.0,2909.0,-0.25429399955387
20260428,BU2606,4388.0,642152.0,230550.0,-0.1367365542388334
20260428,BU2607,4338.0,55258.0,64584.0,-0.1078838174273855
20260428,BU2608,4299.0,14779.0,13103.0,-0.1702721563154225
20260428,BU2609,4238.0,75780.0,85497.0,-0.3822557810287872
20260428,BU2610,4103.0,338.0,726.0,-0.2515232756519614
20260428,BU2611,4017.0,450.0,482.0,-0.2330097087378639
20260428,BU2612,3939.0,2736.0,6747.0,-0.0045525728026562
20260428,BU2701,3806.0,296.0,772.0,-0.2396216500262746
20260428,BU2702,3730.0,60.0,126.0,-0.1351206434316352
20260428,BU2703,3688.0,23.0,101.0,0.0650759219088925
20260428,BU2704,3708.0,0.0,2.0,-0.0679611650485438
20260428,BU2706,3666.0,41.0,149.0,-0.0621931260229131
20260428,BU2709,3609.0,32.0,107.0,-0.0720421169298974
20260428,BU2712,3544.0,36.0,93.0,-0.0002232530449234
20260428,BU2803,3538.0,11.0,36.0,0.0
20260429,BU2605,4503.0,1823.0,2127.0,-0.2504996668887411
20260429,BU2606,4409.0,463010.0,218582.0,-0.1170333408936263
20260429,BU2607,4366.0,47896.0,79616.0,-0.1044434264773253
20260429,BU2608,4328.0,15124.0,19614.0,-0.1829944547134938
20260429,BU2609,4262.0,67371.0,95818.0,-0.3322383857343971
20260429,BU2610,4144.0,267.0,794.0,-0.2779922779922774
20260429,BU2611,4048.0,331.0,596.0,-0.2164031620553363
20260429,BU2612,3975.0,1890.0,7269.0,-0.0043417426330294
20260429,BU2701,3847.0,112.0,772.0,-0.2651416688328569
20260429,BU2702,3762.0,43.0,130.0,-0.054226475279107
20260429,BU2703,3745.0,59.0,107.0,-0.0929238985313749
20260429,BU2704,3716.0,0.0,2.0,-0.0629709364908504
20260429,BU2706,3677.0,70.0,128.0,-0.0685341310851237
20260429,BU2709,3614.0,20.0,96.0,-0.0619811842833426
20260429,BU2712,3558.0,12.0,98.0,-0.0004818116116598
20260429,BU2803,3545.0,8.0,40.0,0.0
20260430,BU2605,4618.0,1238.0,1922.0,-0.5041143352100481
20260430,BU2606,4424.0,459912.0,196280.0,-0.1627486437613017
20260430,BU2607,4364.0,56728.0,92427.0,-0.1237396883593033
20260430,BU2608,4319.0,22429.0,29141.0,-0.1361426256077798
20260430,BU2609,4270.0,77866.0,101874.0,-0.3400468384074937
20260430,BU2610,4149.0,240.0,803.0,-0.3094721619667386
20260430,BU2611,4042.0,214.0,634.0,-0.151410192973775
20260430,BU2612,3991.0,1952.0,7544.0,-0.004324336498695
20260430,BU2701,3863.0,146.0,809.0,-0.1397877297437229
20260430,BU2702,3818.0,14.0,134.0,-0.0502881089575697
20260430,BU2703,3802.0,66.0,139.0,-0.0441872698579692
20260430,BU2704,3788.0,6.0,4.0,-0.1077085533262933
20260430,BU2706,3720.0,28.0,139.0,-0.1010752688172043
20260430,BU2709,3626.0,15.0,99.0,-0.0617760617760616
20260430,BU2712,3570.0,29.0,102.0,-7.387570412780471e-05
20260430,BU2803,3568.0,16.0,44.0,0.0
20260506,BU2605,4595.0,509.0,1815.0,-0.3708378672470078
20260506,BU2606,4453.0,224732.0,204021.0,-0.1670783741297996
20260506,BU2607,4391.0,31179.0,95811.0,-0.1257116829879292
20260506,BU2608,4345.0,11711.0,33478.0,-0.1325661680092058
20260506,BU2609,4297.0,44031.0,106994.0,-0.3518734000465446
20260506,BU2610,4171.0,147.0,836.0,-0.3481179573243831
20260506,BU2611,4050.0,183.0,710.0,-0.1896296296296302
20260506,BU2612,3986.0,830.0,7676.0,-0.0045665447042175
20260506,BU2701,3851.0,87.0,818.0,-0.1589197611010133
20260506,BU2702,3800.0,6.0,131.0,-0.0221052631578944
20260506,BU2703,3793.0,12.0,135.0,-0.0885842341154763
20260506,BU2704,3765.0,12.0,6.0,-0.095617529880478
20260506,BU2706,3705.0,7.0,141.0,-0.0507422402159245
20260506,BU2709,3658.0,15.0,105.0,-0.0513942044833242
20260506,BU2712,3611.0,67.0,140.0,-3.651845246971314e-05
20260506,BU2803,3610.0,12.0,42.0,0.0
20260507,BU2605,4496.0,128.0,1789.0,-0.5017793594306044
20260507,BU2606,4308.0,465775.0,187146.0,-0.2479108635097491
20260507,BU2607,4219.0,65601.0,97477.0,-0.184877933159516
20260507,BU2608,4154.0,19472.0,38431.0,-0.150216658642273
20260507,BU2609,4102.0,108765.0,106390.0,-0.3481228668941978
20260507,BU2610,3983.0,657.0,941.0,-0.3434597037408986
20260507,BU2611,3869.0,850.0,650.0,-0.2202119410700445
20260507,BU2612,3798.0,2527.0,7735.0,-0.0041535758027584
20260507,BU2701,3681.0,150.0,816.0,-0.019559902200489
20260507,BU2702,3675.0,78.0,125.0,-0.0881632653061221
20260507,BU2703,3648.0,43.0,148.0,-0.0921052631578946
20260507,BU2704,3620.0,1.0,5.0,0.0397790055248612
20260507,BU2706,3644.0,106.0,83.0,-0.0175631174533479
20260507,BU2709,3628.0,45.0,127.0,-0.0308710033076073
20260507,BU2712,3600.0,235.0,279.0,-0.0003663003663003
20260507,BU2803,3590.0,23.0,39.0,0.0
20260508,BU2605,4523.0,781.0,1551.0,-0.6075613530842361
20260508,BU2606,4294.0,318792.0,172889.0,-0.1956217978574761
20260508,BU2607,4224.0,49708.0,103021.0,-0.1619318181818188
20260508,BU2608,4167.0,15329.0,42777.0,-0.1555075593952479
20260508,BU2609,4113.0,79556.0,108641.0,-0.3501094091903716
20260508,BU2610,3993.0,354.0,955.0,-0.3005259203606307
20260508,BU2611,3893.0,322.0,718.0,-0.268173645003853
20260508,BU2612,3806.0,1254.0,7832.0,-0.0036843068602502
20260508,BU2701,3702.0,230.0,771.0,-0.0842787682333878
20260508,BU2702,3676.0,141.0,112.0,0.0261153427638731
20260508,BU2703,3684.0,20.0,155.0,-0.0586319218241042
20260508,BU2704,3666.0,13.0,11.0,-0.0196399345335518
20260508,BU2706,3654.0,32.0,87.0,-0.0426929392446635
20260508,BU2709,3615.0,49.0,139.0,-0.0331950207468878
20260508,BU2712,3585.0,51.0,280.0,0.0007724493080141
20260508,BU2803,3606.0,13.0,43.0,0.0
20260511,BU2605,4597.0,11.0,1540.0,-0.6395475309984766
20260511,BU2606,4352.0,353894.0,171321.0,-0.1737132352941182
20260511,BU2607,4289.0,49049.0,110403.0,-0.1650734436931689
20260511,BU2608,4230.0,15752.0,48726.0,-0.15035460992907757
20260511,BU2609,4177.0,84209.0,117246.0,-0.3361264065118501
20260511,BU2610,4060.0,491.0,1049.0,-0.31034482758620685
20260511,BU2611,3955.0,394.0,695.0,-0.2487989886219979
20260511,BU2612,3873.0,1250.0,7936.0,-0.0037598238452902074
20260511,BU2701,3765.0,164.0,802.0,-0.12430278884462087
20260511,BU2702,3726.0,17.0,110.0,0.038647342995169254
20260511,BU2703,3738.0,23.0,154.0,-0.11235955056179803
20260511,BU2704,3703.0,4.0,12.0,-0.02106400216041049
20260511,BU2706,3690.0,14.0,81.0,-0.0260162601626015
20260511,BU2709,3666.0,18.0,149.0,-0.0512820512820511
20260511,BU2712,3619.0,28.0,284.0,3.643772640732163e-05
20260511,BU2803,3620.0,7.0,42.0,0.0
