date,symbol,close,volume,open_interest,roll_yield
20250526,SM2506,5616.0,4587.0,15649.0,0.0341394255867761
20250526,SM2507,5632.0,65127.0,88900.0,0.0382911156312993
20250526,SM2508,5650.0,27378.0,37003.0,0.0381693200410127
20250526,SM2509,5668.0,418077.0,435576.0,-0.0042350450413099
20250526,SM2510,5666.0,420.0,1100.0,0.2099423736946272
20250526,SM2511,5766.0,34.0,219.0,-0.0751568218747475
20250526,SM2512,5730.0,16.0,54.0,-0.0041892128196438
20250526,SM2601,5728.0,10123.0,34913.0,0.046001101810974
20250526,SM2602,5750.0,102.0,532.0,0.0
20250526,SM2603,5750.0,46.0,228.0,0.0208514387824905
20250526,SM2604,5760.0,16.0,82.0,0.0083304411537107
20250526,SM2605,5764.0,117.0,173.0,0.0
20250527,SM2506,5560.0,2920.0,15188.0,0.0559843111259283
20250527,SM2507,5586.0,55107.0,84096.0,0.0386059314213065
20250527,SM2508,5604.0,18766.0,39726.0,0.0256684589849933
20250527,SM2509,5616.0,293076.0,440811.0,0.0
20250527,SM2510,5616.0,326.0,1099.0,0.0439175653090782
20250527,SM2601,5678.0,7313.0,35457.0,0.0126738262088972
20250527,SM2602,5684.0,44.0,538.0,0.0210933434518993
20250527,SM2603,5694.0,39.0,230.0,0.0210563310737877
20250527,SM2604,5704.0,44.0,87.0,0.0294169294575042
20250527,SM2605,5718.0,49.0,177.0,0.0
20250528,SM2506,5556.0,3867.0,14186.0,0.0345075723055443
20250528,SM2507,5572.0,47783.0,78538.0,0.0387027749933835
20250528,SM2508,5590.0,21060.0,43266.0,0.0342979869070646
20250528,SM2509,5606.0,215126.0,442809.0,0.00428036387631
20250528,SM2510,5608.0,300.0,1087.0,0.1741931808714075
20250528,SM2511,5690.0,7.0,220.0,-0.0042186676475981
20250528,SM2512,5688.0,9.0,57.0,-0.084686307719985
20250528,SM2601,5648.0,4348.0,35702.0,0.0169851408399691
20250528,SM2602,5656.0,14.0,549.0,0.033898327626658
20250528,SM2603,5672.0,20.0,240.0,0.0338028392533604
20250528,SM2604,5688.0,18.0,95.0,0.0252897880747775
20250528,SM2605,5700.0,37.0,193.0,0.0
20250529,SM2506,5492.0,1920.0,14178.0,0.021830095159899
20250529,SM2507,5502.0,70070.0,64514.0,0.0304955691440705
20250529,SM2508,5516.0,33560.0,41357.0,0.0304182672382573
20250529,SM2509,5530.0,375707.0,466577.0,0.0043391792192213
20250529,SM2510,5532.0,663.0,1177.0,0.2064567053955691
20250529,SM2511,5628.0,18.0,225.0,-0.0598504981324686
20250529,SM2512,5600.0,9.0,58.0,-0.05153909139457
20250529,SM2601,5576.0,8885.0,36944.0,-0.0129194342283615
20250529,SM2602,5570.0,44.0,572.0,0.0815891495171555
20250529,SM2603,5608.0,18.0,249.0,-0.0085622550903402
20250529,SM2604,5604.0,6.0,96.0,0.0427503124032397
20250529,SM2605,5624.0,91.0,233.0,0.0
20250530,SM2506,5436.0,2128.0,13319.0,0.0440690910271654
20250530,SM2507,5456.0,61488.0,52008.0,0.0263639798465057
20250530,SM2508,5468.0,34918.0,37299.0,0.0219258237501987
20250530,SM2509,5478.0,256958.0,482756.0,0.0087591244764909
20250530,SM2510,5482.0,433.0,1266.0,0.1176266452172925
20250530,SM2511,5536.0,56.0,238.0,-0.0434311006117568
20250530,SM2512,5516.0,13.0,62.0,0.0043501903684672
20250530,SM2601,5518.0,6833.0,37373.0,0.0173850084735667
20250530,SM2602,5526.0,42.0,582.0,0.0260303789705437
20250530,SM2603,5538.0,25.0,260.0,0.0086642603041997
20250530,SM2604,5542.0,10.0,96.0,0.0302757414157288
20250530,SM2605,5556.0,198.0,283.0,0.0
20250603,SM2506,5384.0,1439.0,13180.0,0.0133655109417492
20250603,SM2507,5390.0,37104.0,48972.0,0.0311284221245583
20250603,SM2508,5404.0,26421.0,33198.0,0.039903971742256
20250603,SM2509,5422.0,369543.0,494866.0,-0.0177187186123726
20250603,SM2510,5414.0,11248.0,9316.0,0.1672807719519577
20250603,SM2511,5490.0,7375.0,6089.0,-0.0613587896391119
20250603,SM2512,5462.0,31.0,66.0,-0.0175888635373977
20250603,SM2601,5454.0,11081.0,39923.0,0.0
20250603,SM2602,5454.0,70.0,601.0,0.0175888635373965
20250603,SM2603,5462.0,28.0,248.0,0.0175631205885188
20250603,SM2604,5470.0,13.0,98.0,0.0569032618339011
20250603,SM2605,5496.0,214.0,392.0,0.0
20250604,SM2506,5460.0,1252.0,13118.0,0.0570072331031735
20250604,SM2507,5486.0,21928.0,43783.0,0.02185394885564
20250604,SM2508,5496.0,26998.0,32948.0,0.0130932909880146
20250604,SM2509,5502.0,314831.0,487679.0,-0.026200883771322
20250604,SM2510,5490.0,13734.0,18047.0,0.1692920101281507
20250604,SM2511,5568.0,13970.0,17544.0,-0.0280828595479912
20250604,SM2601,5542.0,9539.0,41471.0,0.0259553093258543
20250604,SM2602,5554.0,56.0,629.0,-0.0172973002922579
20250604,SM2603,5546.0,6.0,250.0,0.0518172809472758
20250604,SM2604,5570.0,4.0,96.0,0.0129194342283622
20250604,SM2605,5576.0,167.0,430.0,0.0
20250605,SM2506,5448.0,444.0,13160.0,0.0439722001739016
20250605,SM2507,5468.0,12449.0,39792.0,0.0087751375025536
20250605,SM2508,5472.0,16635.0,34946.0,0.0219098107241371
20250605,SM2509,5482.0,222232.0,476759.0,-0.0394665073452616
20250605,SM2510,5464.0,18104.0,21453.0,0.1614276297633727
20250605,SM2511,5538.0,20783.0,33452.0,-0.0695402163402539
20250605,SM2512,5506.0,2.0,66.0,0.0174228705742737
20250605,SM2601,5514.0,5559.0,41312.0,0.0260869667954369
20250605,SM2602,5526.0,7.0,632.0,-0.0565936111535947
20250605,SM2603,5500.0,5.0,248.0,0.0739534695157084
20250605,SM2604,5534.0,3.0,96.0,0.0086705206084319
20250605,SM2605,5538.0,107.0,495.0,0.0
20250606,SM2506,5534.0,355.0,12901.0,-0.0303962529087623
20250606,SM2507,5520.0,11152.0,35738.0,0.0043470386275046
20250606,SM2508,5522.0,24471.0,32921.0,0.0347197348896889
20250606,SM2509,5538.0,285546.0,452001.0,-0.0347197348896888
20250606,SM2510,5522.0,17700.0,21667.0,0.1554537752616634
20250606,SM2511,5594.0,31810.0,48689.0,-0.0645278486228581
20250606,SM2512,5564.0,15.0,67.0,-0.0043142189930799
20250606,SM2601,5562.0,8575.0,40757.0,0.0215556012694344
20250606,SM2602,5572.0,5.0,628.0,0.0129147994528566
20250606,SM2603,5578.0,5.0,248.0,0.0086021509059983
20250606,SM2604,5582.0,7.0,96.0,0.0514838115415946
20250606,SM2605,5606.0,117.0,487.0,0.0
20250609,SM2506,5550.0,464.0,12729.0,-0.0173097758106774
20250609,SM2507,5542.0,8170.0,33535.0,0.0043297853617853
20250609,SM2508,5544.0,21141.0,33324.0,0.0173035358028142
20250609,SM2509,5552.0,200978.0,441323.0,-0.0650173163584884
20250609,SM2510,5522.0,15291.0,23021.0,0.1468700839085411
20250609,SM2511,5590.0,27288.0,57897.0,-0.0085898357282738
20250609,SM2512,5586.0,7.0,65.0,-0.0042972247549643
20250609,SM2601,5584.0,6154.0,40443.0,0.0343347873723863
20250609,SM2602,5600.0,8.0,621.0,0.0085653119471119
20250609,SM2604,5608.0,1.0,96.0,0.042719874238244
20250609,SM2605,5628.0,41.0,492.0,0.0
20250610,SM2506,5528.0,673.0,12786.0,0.0043407488264947
20250610,SM2507,5530.0,9389.0,31398.0,0.0043391792192213
20250610,SM2508,5532.0,17105.0,35887.0,0.0216723916592974
20250610,SM2509,5542.0,184800.0,436151.0,-0.0825641497169294
20250610,SM2510,5504.0,17630.0,24680.0,0.1301060811618468
20250610,SM2511,5564.0,28776.0,65641.0,0.1030786581482161
20250610,SM2512,5612.0,17.0,67.0,-0.0901452996122622
20250610,SM2601,5570.0,6172.0,40690.0,0.017222823193255
20250610,SM2602,5578.0,10.0,619.0,0.1070862005621445
20250610,SM2603,5628.0,2.0,249.0,-0.0641369779065698
20250610,SM2604,5598.0,7.0,93.0,0.0299732537634327
20250610,SM2605,5612.0,111.0,498.0,0.0
20250611,SM2506,5488.0,326.0,12754.0,-0.035036521240017
20250611,SM2507,5472.0,44991.0,27893.0,0.0087687252714376
20250611,SM2508,5476.0,19754.0,36049.0,0.0218938210705089
20250611,SM2509,5486.0,245672.0,448864.0,-0.0702012971041763
20250611,SM2510,5454.0,10828.0,23923.0,0.1051485369478325
20250611,SM2511,5502.0,23924.0,68769.0,0.0435414120669581
20250611,SM2512,5522.0,17.0,68.0,-0.0130458429228876
20250611,SM2601,5516.0,4955.0,41811.0,0.0347574464574772
20250611,SM2602,5532.0,12.0,621.0,0.0346570638008817
20250611,SM2603,5548.0,11.0,256.0,0.0388699278133675
20250611,SM2604,5566.0,2.0,92.0,-0.030221278790348
20250611,SM2605,5552.0,161.0,541.0,0.0
20250612,SM2506,5416.0,490.0,12455.0,0.0044304966351549
20250612,SM2507,5418.0,7773.0,24246.0,-0.0044304966351543
20250612,SM2508,5416.0,23146.0,33548.0,0.0221361435211931
20250612,SM2509,5426.0,203695.0,460268.0,-0.0487535296654512
20250612,SM2510,5404.0,13367.0,22157.0,0.128107235442729
20250612,SM2511,5462.0,24741.0,68862.0,0.0394809349009308
20250612,SM2512,5480.0,17.0,65.0,-0.0394809349009309
20250612,SM2601,5462.0,6305.0,42472.0,0.0394809349009308
20250612,SM2602,5480.0,21.0,618.0,0.0
20250612,SM2603,5480.0,24.0,262.0,0.0655142664587876
20250612,SM2604,5510.0,8.0,92.0,-0.0217983711167747
20250612,SM2605,5500.0,80.0,571.0,0.0
20250613,SM2506,5450.0,525.0,12428.0,0.0263929725163269
20250613,SM2507,5462.0,3649.0,22876.0,0.0175631205885188
20250613,SM2508,5470.0,20477.0,31633.0,0.0131554919077505
20250613,SM2509,5476.0,204835.0,442247.0,-0.0659221580956155
20250613,SM2510,5446.0,16095.0,25026.0,0.1401987469590641
20250613,SM2511,5510.0,29888.0,69135.0,0.0174102315632558
20250613,SM2512,5518.0,7.0,67.0,-0.0217667391442308
20250613,SM2601,5508.0,7916.0,42292.0,-0.0043580897519134
20250613,SM2602,5506.0,9.0,616.0,0.069540216340254
20250613,SM2603,5538.0,5.0,262.0,-0.0260303789705439
20250613,SM2604,5526.0,1.0,91.0,0.0216959017697237
20250613,SM2605,5536.0,297.0,610.0,0.0
20250616,SM2506,5494.0,213.0,0.0,0.1734760966400915
20250616,SM2507,5574.0,4614.0,21515.0,0.0086083217464898
20250616,SM2508,5578.0,22906.0,29841.0,0.0129009150572892
20250616,SM2509,5584.0,255787.0,427041.0,-0.0776143560898348
20250616,SM2510,5548.0,17100.0,24931.0,0.103374652207795
20250616,SM2511,5596.0,29945.0,69878.0,-0.0990495485386998
20250616,SM2512,5550.0,20.0,67.0,0.081882163636466
20250616,SM2601,5588.0,8017.0,42237.0,0.0257418761566584
20250616,SM2602,5600.0,11.0,612.0,0.0128502600179163
20250616,SM2603,5606.0,5.0,259.0,0.017100118450461
20250616,SM2605,5622.0,68.0,621.0,0.0
20250617,SM2507,5520.0,2630.0,20489.0,0.0260586421620951
20250617,SM2508,5532.0,13915.0,27827.0,0.0086736541542789
20250617,SM2509,5536.0,161792.0,421834.0,-0.0652057391394345
20250617,SM2510,5506.0,12144.0,25219.0,0.1257464080893704
20250617,SM2511,5564.0,19627.0,69383.0,0.0645278486228576
20250617,SM2512,5594.0,4.0,68.0,-0.0731578382073242
20250617,SM2601,5560.0,4951.0,42300.0,0.0043157705913861
20250617,SM2602,5562.0,6.0,610.0,0.0215556012694344
20250617,SM2603,5572.0,1.0,259.0,0.0344086257258724
20250617,SM2604,5588.0,2.0,91.0,-0.008592911215729
20250617,SM2605,5584.0,100.0,652.0,0.030048307598286
20250617,SM2606,5598.0,3.0,3.0,0.0
20250618,SM2507,5544.0,4888.0,17848.0,0.0173035358028142
20250618,SM2508,5552.0,19264.0,26030.0,0.0086424202511269
20250618,SM2509,5556.0,214091.0,417890.0,-0.0736597366096163
20250618,SM2510,5522.0,15807.0,25601.0,0.1554537752616634
20250618,SM2511,5594.0,25833.0,70676.0,0.0257142955539426
20250618,SM2512,5606.0,10.0,68.0,-0.0385921361745734
20250618,SM2601,5588.0,12010.0,45194.0,0.0042941492675098
20250618,SM2602,5590.0,52.0,624.0,0.0428571884111661
20250618,SM2603,5610.0,42.0,250.0,0.0299092196851054
20250618,SM2604,5624.0,32.0,94.0,-0.0213561188240763
20250618,SM2605,5614.0,166.0,645.0,0.0213561188240756
20250618,SM2606,5624.0,3.0,6.0,0.0
20250619,SM2507,5568.0,1737.0,17740.0,0.0258342403332131
20250619,SM2508,5580.0,15725.0,25653.0,0.0085990688022206
20250619,SM2509,5584.0,132532.0,414112.0,-0.0603232868156887
20250619,SM2510,5556.0,9913.0,26191.0,0.1630343275637278
20250619,SM2511,5632.0,15212.0,70412.0,-0.008525755243184
20250619,SM2512,5628.0,3.0,67.0,-0.0341637241431378
20250619,SM2601,5612.0,4809.0,45489.0,0.0
20250619,SM2602,5612.0,17.0,622.0,0.051209181554632
20250619,SM2603,5636.0,1.0,251.0,-0.0512091815546309
20250619,SM2604,5612.0,2.0,95.0,0.0384273589366146
20250619,SM2605,5630.0,25.0,646.0,0.0
20250620,SM2507,5606.0,1691.0,17549.0,0.0171123023651312
20250620,SM2508,5614.0,35441.0,25581.0,0.0042742654058297
20250620,SM2509,5616.0,445810.0,394983.0,-0.0513919415040101
20250620,SM2510,5592.0,23877.0,25010.0,0.1535202175189145
20250620,SM2511,5664.0,29753.0,69811.0,0.1012664237503752
20250620,SM2512,5712.0,8.0,62.0,-0.1394627424718276
20250620,SM2601,5646.0,19887.0,48575.0,-0.0340546521563833
20250620,SM2602,5630.0,12.0,621.0,0.0425532360810058
20250620,SM2603,5650.0,10.0,247.0,0.1477591228002826
20250620,SM2604,5720.0,9.0,96.0,-0.0968936280605633
20250620,SM2605,5674.0,356.0,703.0,-0.0169312197400173
20250620,SM2606,5666.0,43.0,9.0,0.0
20250623,SM2507,5596.0,1693.0,16432.0,0.0128594404161852
20250623,SM2508,5602.0,20276.0,25712.0,0.0171245123602572
20250623,SM2509,5610.0,204130.0,398237.0,-0.0557442488944032
20250623,SM2510,5584.0,11615.0,24110.0,0.1664618547556387
20250623,SM2511,5662.0,18935.0,70262.0,0.0169431725994338
20250623,SM2512,5670.0,4.0,63.0,-0.0466514105846371
20250623,SM2601,5648.0,7599.0,50914.0,0.0381828146086057
20250623,SM2602,5666.0,4.0,620.0,0.0253878797094548
20250623,SM2603,5678.0,1.0,246.0,-0.0126939398547279
20250623,SM2605,5666.0,19.0,696.0,0.0
20250624,SM2507,5544.0,1703.0,15540.0,0.0129799904488916
20250624,SM2508,5550.0,27811.0,24513.0,0.0129659656050501
20250624,SM2509,5556.0,364607.0,405076.0,-0.0562873122942469
20250624,SM2510,5530.0,14804.0,25152.0,0.20653073440106
20250624,SM2511,5626.0,25668.0,71958.0,-0.0598718276928403
20250624,SM2512,5598.0,8.0,64.0,0.0214171036683266
20250624,SM2601,5608.0,14328.0,53246.0,-0.0171306238942253
20250624,SM2602,5600.0,16.0,621.0,0.055457202487065
20250624,SM2604,5652.0,3.0,94.0,-0.0553290570553912
20250624,SM2605,5626.0,146.0,686.0,0.0553290570553896
20250624,SM2606,5652.0,1.0,9.0,0.0
20250625,SM2507,5646.0,2381.0,13862.0,0.0127456198918004
20250625,SM2508,5652.0,28610.0,24163.0,0.0042455333894115
20250625,SM2509,5654.0,327757.0,401426.0,-0.0681094414447009
20250625,SM2510,5622.0,15593.0,25747.0,0.1905810306353182
20250625,SM2511,5712.0,25394.0,71699.0,-0.021026814561636
20250625,SM2512,5702.0,13.0,68.0,-0.0379413630675123
20250625,SM2601,5684.0,9395.0,53231.0,0.0253075664978442
20250625,SM2602,5696.0,19.0,613.0,-0.0422089777425412
20250625,SM2603,5676.0,16.0,239.0,-0.0169252496323473
20250625,SM2604,5668.0,22.0,93.0,0.0675582361448455
20250625,SM2605,5700.0,91.0,670.0,-0.0084240087699573
20250625,SM2606,5696.0,5.0,7.0,0.0
20250626,SM2507,5660.0,1353.0,13386.0,0.0254147641768189
20250626,SM2508,5672.0,23926.0,22884.0,0.0084596408156395
20250626,SM2509,5676.0,266707.0,398460.0,-0.0550945696733595
20250626,SM2510,5650.0,11416.0,25955.0,0.1770938676339422
20250626,SM2511,5734.0,19060.0,71420.0,-0.0377292887226858
20250626,SM2512,5716.0,18.0,70.0,-0.0126028367964256
20250626,SM2601,5710.0,10504.0,54586.0,0.0
20250626,SM2602,5710.0,37.0,617.0,0.0419580847047516
20250626,SM2603,5730.0,9.0,238.0,-0.0377556682723793
20250626,SM2604,5712.0,16.0,90.0,0.0335664554527346
20250626,SM2605,5728.0,57.0,676.0,-0.0293655101971582
20250626,SM2606,5714.0,7.0,7.0,0.0
20250627,SM2507,5642.0,2114.0,12812.0,0.0509374659422421
20250627,SM2508,5666.0,23906.0,21552.0,0.0084685959760313
20250627,SM2509,5670.0,207897.0,396428.0,-0.0551530049891179
20250627,SM2510,5644.0,15063.0,26386.0,0.1688979324436432
20250627,SM2511,5724.0,18937.0,71067.0,-0.0041936047954317
20250627,SM2512,5722.0,22.0,70.0,-0.0378085381910843
20250627,SM2601,5704.0,12375.0,52972.0,-0.0168421080278423
20250627,SM2602,5696.0,75.0,600.0,0.0504555753843824
20250627,SM2603,5720.0,51.0,234.0,0.0167714911996552
20250627,SM2604,5728.0,55.0,99.0,0.0209314548099415
20250627,SM2605,5738.0,234.0,716.0,-0.0377029460095977
20250627,SM2606,5720.0,7.0,9.0,0.0
20250630,SM2507,5610.0,3505.0,11981.0,0.0597440778877891
20250630,SM2508,5638.0,21547.0,16403.0,0.0085106386546039
20250630,SM2509,5642.0,188431.0,391277.0,-0.0725335541701872
20250630,SM2510,5608.0,12276.0,27463.0,0.1826260694826822
20250630,SM2511,5694.0,16996.0,70362.0,-0.0126515562588725
20250630,SM2512,5688.0,2.0,69.0,-0.0295722733713616
20250630,SM2601,5674.0,12263.0,53288.0,0.0211304861783362
20250630,SM2602,5684.0,41.0,600.0,0.0253075664978442
20250630,SM2603,5696.0,27.0,236.0,0.0126337965696665
20250630,SM2604,5702.0,40.0,102.0,0.0
20250630,SM2605,5702.0,274.0,859.0,-0.0042097877997087
20250630,SM2606,5700.0,4.0,12.0,0.0
20250701,SM2507,5604.0,196.0,11793.0,0.0256684589849933
20250701,SM2508,5616.0,11254.0,14126.0,0.0170818534182444
20250701,SM2509,5624.0,201673.0,383561.0,-0.068473794922256
20250701,SM2510,5592.0,12499.0,27813.0,0.1915953420058452
20250701,SM2511,5682.0,26342.0,71588.0,-0.0338385842840571
20250701,SM2512,5666.0,10341.0,8833.0,-0.008474576623404
20250701,SM2601,5662.0,7511.0,53213.0,0.0211752304814218
20250701,SM2602,5672.0,43.0,603.0,0.0295826879877805
20250701,SM2603,5686.0,22.0,239.0,-0.0592384841931917
20250701,SM2604,5658.0,13.0,95.0,0.0634586354587725
20250701,SM2605,5688.0,60.0,857.0,-0.0084417871930269
20250701,SM2606,5684.0,2.0,12.0,0.0
20250702,SM2507,5710.0,511.0,11788.0,0.0042024164323742
20250702,SM2508,5712.0,6962.0,13908.0,0.0293757796636804
20250702,SM2509,5726.0,305351.0,382828.0,-0.0588236472024813
20250702,SM2510,5698.0,20352.0,27069.0,0.179762985368964
20250702,SM2511,5784.0,35618.0,73671.0,-0.0332410184857872
20250702,SM2512,5768.0,11570.0,15985.0,-0.0124891598437345
20250702,SM2601,5762.0,15944.0,53063.0,0.0249653349408786
20250702,SM2602,5774.0,99.0,631.0,0.0580512535016281
20250702,SM2603,5802.0,92.0,250.0,0.0247933972496629
20250702,SM2604,5814.0,60.0,89.0,-0.0413508334743069
20250702,SM2605,5794.0,349.0,837.0,0.0206932280973922
20250702,SM2606,5804.0,13.0,17.0,0.0
20250703,SM2507,5670.0,245.0,11544.0,0.0633246852101258
20250703,SM2508,5700.0,4426.0,14806.0,0.0252366023613466
20250703,SM2509,5712.0,185856.0,384663.0,-0.0674159076506791
20250703,SM2510,5680.0,20114.0,27862.0,0.1844900069950554
20250703,SM2511,5768.0,29015.0,72842.0,-0.0291616182395013
20250703,SM2512,5754.0,5086.0,19094.0,-0.0041717365273272
20250703,SM2601,5752.0,12570.0,56428.0,0.0333333547668284
20250703,SM2602,5768.0,93.0,702.0,0.0207864247367479
20250703,SM2603,5778.0,3.0,248.0,-0.0041544054422201
20250703,SM2604,5776.0,5.0,89.0,0.0249048861445482
20250703,SM2605,5788.0,147.0,845.0,0.0
20250704,SM2507,5630.0,124.0,11471.0,0.0127818226180164
20250704,SM2508,5636.0,5339.0,14461.0,0.0255228738540871
20250704,SM2509,5648.0,205637.0,381313.0,-0.0297819688411215
20250704,SM2510,5634.0,15280.0,27248.0,0.1607922505648547
20250704,SM2511,5710.0,26492.0,72351.0,-0.0126160866710882
20250704,SM2512,5704.0,5433.0,21621.0,-0.025272034612667
20250704,SM2601,5692.0,14578.0,59119.0,0.0252720346126655
20250704,SM2602,5704.0,58.0,735.0,0.025218923467513
20250704,SM2603,5716.0,25.0,251.0,0.1128338454286457
20250704,SM2604,5770.0,8.0,90.0,-0.0709197266722679
20250704,SM2605,5736.0,163.0,950.0,0.1331497710606533
20250704,SM2606,5800.0,1.0,18.0,0.0
20250707,SM2507,5622.0,90.0,11471.0,0.0298454586251226
20250707,SM2508,5636.0,3278.0,13651.0,0.0212728295383652
20250707,SM2509,5646.0,152406.0,380864.0,-0.0042515500887603
20250707,SM2510,5644.0,14219.0,26247.0,0.1688979324436432
20250707,SM2511,5724.0,24690.0,71134.0,-0.0293860563154269
20250707,SM2512,5710.0,3104.0,21878.0,-0.0252454511064272
20250707,SM2601,5698.0,6238.0,59936.0,0.0084210529771638
20250707,SM2602,5702.0,79.0,725.0,0.0
20250707,SM2603,5702.0,65.0,268.0,0.0294272349256883
20250707,SM2604,5716.0,12.0,97.0,0.0460974898986247
20250707,SM2605,5738.0,150.0,1021.0,0.0208950078912664
20250707,SM2606,5748.0,1.0,18.0,0.0
20250708,SM2507,5640.0,335.0,11471.0,0.0170092161716797
20250708,SM2508,5648.0,5285.0,13458.0,0.0042485396089037
20250708,SM2509,5650.0,161085.0,377868.0,-0.021257755780584
20250708,SM2510,5640.0,12930.0,27428.0,0.1606223346918422
20250708,SM2511,5716.0,26950.0,72429.0,-0.0126028367964256
20250708,SM2512,5710.0,3105.0,22153.0,-0.0126160866710882
20250708,SM2601,5704.0,7414.0,60843.0,0.025218923467513
20250708,SM2602,5716.0,8.0,718.0,0.0083945438890259
20250708,SM2603,5720.0,3.0,269.0,0.0335195748673518
20250708,SM2604,5736.0,1.0,97.0,0.0167247413832465
20250708,SM2605,5744.0,92.0,1040.0,0.0375456589969649
20250708,SM2606,5762.0,2.0,20.0,0.0
20250709,SM2507,5680.0,407.0,11471.0,0.0590096025783612
20250709,SM2508,5708.0,5678.0,14445.0,0.0210047314263613
20250709,SM2509,5718.0,195288.0,370576.0,-0.0336252409156773
20250709,SM2510,5702.0,13942.0,26988.0,0.1630403063256714
20250709,SM2511,5780.0,25817.0,73106.0,-0.0291010016169083
20250709,SM2512,5766.0,3327.0,22068.0,-0.016660884314716
20250709,SM2601,5758.0,13995.0,61479.0,0.0
20250709,SM2602,5758.0,54.0,737.0,0.0166608843147145
20250709,SM2603,5766.0,30.0,284.0,-0.0083275506464838
20250709,SM2604,5762.0,22.0,108.0,0.0581718590708067
20250709,SM2605,5790.0,311.0,1094.0,-0.0498443084243208
20250709,SM2606,5766.0,15.0,30.0,0.0
20250710,SM2508,5798.0,9676.0,15792.0,0.0206789642763744
20250710,SM2509,5808.0,343446.0,371465.0,-0.0372478312510932
20250710,SM2510,5790.0,20297.0,26500.0,0.1360138208892797
20250710,SM2511,5856.0,43040.0,76577.0,-0.0123013849829435
20250710,SM2512,5850.0,3717.0,22015.0,-0.0123140082637454
20250710,SM2601,5844.0,26030.0,63058.0,0.0205163325748937
20250710,SM2602,5854.0,94.0,731.0,-0.0041004613417947
20250710,SM2603,5852.0,37.0,290.0,0.0
20250710,SM2604,5852.0,7.0,104.0,0.0327645254742879
20250710,SM2605,5868.0,498.0,1097.0,0.0571235352756014
20250710,SM2606,5896.0,19.0,43.0,0.0
20250711,SM2507,5756.0,111.0,11472.0,-0.0627069881903769
20250711,SM2508,5726.0,33649.0,19522.0,0.0418410465740928
20250711,SM2509,5746.0,224248.0,363356.0,-0.029273407094069
20250711,SM2510,5732.0,13639.0,25402.0,0.1456581087994422
20250711,SM2511,5802.0,33232.0,75409.0,-0.0124159348893159
20250711,SM2512,5796.0,9083.0,21045.0,-0.0207218148539106
20250711,SM2601,5786.0,17649.0,66783.0,0.0165803135185823
20250711,SM2602,5794.0,16.0,728.0,0.012420218462581
20250711,SM2603,5800.0,9.0,291.0,0.0
20250711,SM2604,5800.0,4.0,103.0,0.0371837102476347
20250711,SM2605,5818.0,265.0,1183.0,0.0863165221909356
20250711,SM2606,5860.0,9.0,43.0,0.0
20250714,SM2507,5730.0,122.0,0.0,0.0793184310719968
20250714,SM2508,5768.0,9768.0,16095.0,0.0290909233380777
20250714,SM2509,5782.0,211846.0,358988.0,-0.0290909233380766
20250714,SM2510,5768.0,18712.0,24779.0,0.1324151366845088
20250714,SM2511,5832.0,32608.0,73930.0,-0.0082332764807832
20250714,SM2512,5828.0,4038.0,20977.0,-0.0123605161143236
20250714,SM2601,5822.0,13188.0,67546.0,0.0247083134651784
20250714,SM2602,5834.0,27.0,725.0,0.0082248118367204
20250714,SM2603,5838.0,11.0,299.0,0.0184710253625242
20250714,SM2605,5856.0,421.0,1202.0,-0.020509319639475
20250714,SM2606,5846.0,1.0,42.0,0.0
20250715,SM2508,5774.0,4990.0,13874.0,0.0207648433886425
20250715,SM2509,5784.0,245726.0,354528.0,-0.0415656806302547
20250715,SM2510,5764.0,31230.0,26692.0,0.1283877647996072
20250715,SM2511,5826.0,36489.0,76614.0,0.0041187575485851
20250715,SM2512,5828.0,7332.0,21605.0,-0.0123605161143236
20250715,SM2601,5822.0,19505.0,68260.0,0.0164778604676352
20250715,SM2602,5830.0,40.0,724.0,-0.024725283472693
20250715,SM2603,5818.0,28.0,307.0,0.0452908412055091
20250715,SM2604,5840.0,23.0,95.0,-0.0041102928985522
20250715,SM2605,5838.0,485.0,1182.0,0.0123266574783611
20250715,SM2606,5844.0,6.0,47.0,0.0
20250716,SM2508,5742.0,3467.0,12178.0,0.0167072773246427
20250716,SM2509,5750.0,143776.0,354473.0,-0.0334378481769716
20250716,SM2510,5734.0,12882.0,27083.0,0.1414718188564107
20250716,SM2511,5802.0,19739.0,76682.0,0.0041357918727487
20250716,SM2512,5804.0,3708.0,22159.0,-0.0206932280973933
20250716,SM2601,5794.0,8578.0,68786.0,0.0165574362246422
20250716,SM2602,5802.0,2.0,725.0,-0.0165574362246438
20250716,SM2603,5794.0,6.0,307.0,0.0186110781652672
20250716,SM2605,5812.0,118.0,1176.0,0.0123817723796807
20250716,SM2606,5818.0,9.0,54.0,0.0452908412055091
20250716,SM2607,5840.0,3.0,3.0,0.0
20250717,SM2508,5792.0,1553.0,12184.0,0.0041429311649205
20250717,SM2509,5794.0,146872.0,353847.0,-0.033183567637382
20250717,SM2510,5778.0,10180.0,27551.0,0.1404007757401294
20250717,SM2511,5846.0,20339.0,78018.0,-0.0164327310855742
20250717,SM2512,5838.0,4000.0,22426.0,-0.0123393327067911
20250717,SM2601,5832.0,9986.0,68951.0,-0.0329670537016656
20250717,SM2602,5816.0,4.0,725.0,-0.0165175525046788
20250717,SM2603,5808.0,1.0,307.0,0.0370752981957487
20250717,SM2605,5844.0,146.0,1196.0,0.0
20250718,SM2508,5796.0,1824.0,11293.0,0.0165517267620668
20250718,SM2509,5804.0,273992.0,348403.0,-0.0621870453743762
20250718,SM2510,5774.0,19018.0,27153.0,0.1363885871927075
20250718,SM2511,5840.0,36091.0,80762.0,-0.0123351047352726
20250718,SM2512,5834.0,6615.0,22606.0,-0.0164665548994412
20250718,SM2601,5826.0,31391.0,71615.0,0.0164665548994418
20250718,SM2602,5834.0,19.0,719.0,0.0451668625617686
20250718,SM2603,5856.0,48.0,316.0,0.0040976609583751
20250718,SM2604,5858.0,14.0,98.0,-0.008196721630171
20250718,SM2605,5854.0,287.0,1271.0,0.0245733874267823
20250718,SM2606,5866.0,7.0,53.0,-0.0081855391987028
20250718,SM2607,5862.0,2.0,1.0,0.0
20250721,SM2508,5906.0,1330.0,11185.0,0.0162436573026552
20250721,SM2509,5914.0,390134.0,360025.0,-0.0325093324464118
20250721,SM2510,5898.0,20317.0,27466.0,0.141582630100504
20250721,SM2511,5968.0,48882.0,84013.0,0.0080402013058113
20250721,SM2512,5972.0,11477.0,23365.0,-0.0160857932934234
20250721,SM2601,5964.0,49284.0,82837.0,-0.0040248197593476
20250721,SM2602,5962.0,77.0,715.0,-0.0080536915774695
20250721,SM2603,5958.0,68.0,334.0,0.0642786940352084
20250721,SM2604,5990.0,31.0,108.0,-0.0040073468397129
20250721,SM2605,5988.0,815.0,1440.0,-0.012030076195507
20250721,SM2606,5982.0,10.0,54.0,0.0
20250722,SM2508,6006.0,1259.0,11074.0,0.0119820279550752
20250722,SM2509,6012.0,410587.0,346266.0,-0.0199766984706327
20250722,SM2510,6002.0,29032.0,27873.0,0.1272799469785675
20250722,SM2511,6066.0,52479.0,86076.0,0.0237154227385435
20250722,SM2512,6078.0,10976.0,23767.0,0.0118401588293412
20250722,SM2601,6084.0,77706.0,94410.0,0.0039441249327945
20250722,SM2602,6086.0,126.0,746.0,0.0197012029147901
20250722,SM2603,6096.0,90.0,377.0,0.0275274575899047
20250722,SM2604,6110.0,79.0,147.0,0.0392157211753921
20250722,SM2605,6130.0,1038.0,1667.0,0.0351849087387528
20250722,SM2606,6148.0,71.0,93.0,-0.1019280875040515
20250722,SM2607,6096.0,20.0,9.0,0.0
20250723,SM2508,5924.0,1044.0,10763.0,0.0283257592321883
20250723,SM2509,5938.0,410438.0,333953.0,-0.0323777599460224
20250723,SM2510,5922.0,26941.0,26338.0,0.149020206731422
20250723,SM2511,5996.0,45500.0,84241.0,0.0040020010375918
20250723,SM2512,5998.0,13378.0,23418.0,-0.0200233652332255
20250723,SM2601,5988.0,79515.0,95929.0,0.0040073468397129
20250723,SM2602,5990.0,214.0,811.0,0.0
20250723,SM2603,5990.0,190.0,435.0,0.0080106812053623
20250723,SM2604,5994.0,56.0,163.0,0.0996849061922591
20250723,SM2605,6044.0,1610.0,2075.0,-0.0437593722114126
20250723,SM2606,6022.0,295.0,123.0,-0.0719522475484188
20250723,SM2607,5986.0,21.0,24.0,0.0
20250724,SM2508,5938.0,982.0,10568.0,0.0201918270760856
20250724,SM2509,5948.0,329748.0,325554.0,0.0
20250724,SM2510,5948.0,33069.0,26210.0,0.1284293195138319
20250724,SM2511,6012.0,53224.0,85642.0,0.0
20250724,SM2512,6012.0,10296.0,22707.0,0.0159574491600197
20250724,SM2601,6020.0,60356.0,99564.0,-0.0119660970527078
20250724,SM2602,6014.0,64.0,801.0,0.0159521459184581
20250724,SM2603,6022.0,31.0,429.0,0.0278653301527249
20250724,SM2604,6036.0,57.0,166.0,0.0594944203294428
20250724,SM2605,6066.0,1215.0,2389.0,0.0827997370799594
20250724,SM2606,6108.0,11.0,131.0,0.0157068085251582
20250724,SM2607,6116.0,8.0,27.0,0.0
20250725,SM2508,6386.0,1040.0,10685.0,0.052500083740474
20250725,SM2509,6414.0,877130.0,387032.0,-0.0299719169236425
20250725,SM2510,6398.0,47681.0,24472.0,0.141704567720717
20250725,SM2511,6474.0,93832.0,94722.0,0.0074119829410206
20250725,SM2512,6478.0,21259.0,22644.0,0.0
20250725,SM2601,6478.0,166978.0,123315.0,0.0
20250725,SM2602,6478.0,733.0,832.0,0.0074074076426161
20250725,SM2603,6482.0,262.0,420.0,0.0074028379892467
20250725,SM2604,6486.0,153.0,143.0,0.0147919895463352
20250725,SM2605,6494.0,2579.0,2535.0,0.0405842047097337
20250725,SM2606,6516.0,76.0,118.0,0.0184020891759614
20250725,SM2607,6526.0,48.0,31.0,0.0
20250728,SM2508,5998.0,553.0,10635.0,0.0598704052491814
20250728,SM2509,6028.0,1247227.0,353406.0,0.0079601992968716
20250728,SM2510,6032.0,57825.0,22912.0,0.1384554670658751
20250728,SM2511,6102.0,94244.0,88657.0,0.0157222426683131
20250728,SM2512,6110.0,27925.0,22853.0,-0.0157222426683128
20250728,SM2601,6102.0,250186.0,127574.0,0.0117936127428969
20250728,SM2602,6108.0,682.0,832.0,0.0157068085251582
20250728,SM2603,6116.0,1080.0,594.0,0.0
20250728,SM2604,6116.0,377.0,226.0,0.02743754257565
20250728,SM2605,6130.0,3934.0,2891.0,0.0
20250728,SM2606,6130.0,142.0,139.0,-0.0117512658321921
20250728,SM2607,6124.0,83.0,48.0,0.0
20250729,SM2508,6208.0,1254.0,10331.0,0.007729468866276
20250729,SM2509,6212.0,1009206.0,347380.0,0.0115848762014573
20250729,SM2510,6218.0,43829.0,23948.0,0.1381531089094438
20250729,SM2511,6290.0,73698.0,95563.0,0.0114412848330361
20250729,SM2512,6296.0,26148.0,25405.0,-0.0190748728767148
20250729,SM2601,6286.0,208142.0,147675.0,0.0114485618478673
20250729,SM2602,6292.0,967.0,895.0,-0.0038149738041871
20250729,SM2603,6290.0,679.0,583.0,0.0304858849262385
20250729,SM2604,6306.0,149.0,236.0,0.0
20250729,SM2605,6306.0,2078.0,3183.0,0.0342042986922793
20250729,SM2606,6324.0,62.0,138.0,0.0416732857653382
20250729,SM2607,6346.0,46.0,64.0,0.0
20250730,SM2508,6092.0,1737.0,9941.0,0.047182236406805
20250730,SM2509,6116.0,728699.0,334179.0,0.0117666294768591
20250730,SM2510,6122.0,38867.0,24737.0,0.1596648574928606
20250730,SM2511,6204.0,66146.0,96988.0,0.0115998075731396
20250730,SM2512,6210.0,15521.0,23565.0,-0.0038653567736367
20250730,SM2601,6208.0,200871.0,156537.0,0.0115923370792576
20250730,SM2602,6214.0,1061.0,833.0,-0.0038628682129807
20250730,SM2603,6212.0,893.0,596.0,0.0231585790757985
20250730,SM2604,6224.0,355.0,177.0,0.0269619757142522
20250730,SM2605,6238.0,4033.0,3433.0,0.0805243475339503
20250730,SM2606,6280.0,68.0,157.0,0.0229080565910903
20250730,SM2607,6292.0,23.0,69.0,0.0
20250731,SM2508,5928.0,558.0,9872.0,0.0363820389854421
20250731,SM2509,5946.0,536181.0,299149.0,0.02016468295028
20250731,SM2510,5956.0,27806.0,25424.0,0.116291636934896
20250731,SM2511,6014.0,49163.0,92524.0,0.0239202737012648
20250731,SM2512,6026.0,10025.0,21729.0,0.0039820806736745
20250731,SM2601,6028.0,155618.0,149692.0,-0.0119502084564828
20250731,SM2602,6022.0,466.0,777.0,0.0477295955726898
20250731,SM2603,6046.0,539.0,582.0,0.0317145873401401
20250731,SM2604,6062.0,181.0,219.0,0.00395843645351
20250731,SM2605,6064.0,3030.0,3515.0,-0.0317041135540643
20250731,SM2606,6048.0,34.0,178.0,0.0039675979862195
20250731,SM2607,6050.0,33.0,91.0,0.0
20250801,SM2508,5940.0,220.0,9664.0,0.0443623425759144
20250801,SM2509,5962.0,358667.0,271263.0,0.0040248197593485
20250801,SM2510,5964.0,38203.0,30765.0,0.1241045256674097
20250801,SM2511,6026.0,57777.0,96059.0,0.0079628403718153
20250801,SM2512,6030.0,13725.0,24946.0,0.0119343619981003
20250801,SM2601,6036.0,100585.0,149259.0,-0.0119343619981001
20250801,SM2602,6030.0,145.0,823.0,0.0119343619981003
20250801,SM2603,6036.0,276.0,561.0,0.0832098430679854
20250801,SM2604,6078.0,47.0,195.0,-0.0158050730783325
20250801,SM2605,6070.0,2459.0,3613.0,0.1141179284025984
20250801,SM2606,6128.0,11.0,176.0,0.0078303428553292
20250801,SM2607,6132.0,10.0,88.0,0.0
20250804,SM2508,5968.0,390.0,9685.0,0.0080402013058113
20250804,SM2509,5972.0,281217.0,267550.0,0.0080348178428666
20250804,SM2510,5976.0,23998.0,34866.0,0.1278307693944877
20250804,SM2511,6040.0,44607.0,103889.0,0.0238174077526317
20250804,SM2512,6052.0,11359.0,28493.0,0.0118910001472329
20250804,SM2601,6058.0,77970.0,154488.0,0.0039610497141309
20250804,SM2602,6060.0,338.0,1126.0,0.0197856598822066
20250804,SM2603,6070.0,67.0,545.0,0.0079051386258019
20250804,SM2604,6074.0,46.0,203.0,0.0433854211294577
20250804,SM2605,6096.0,1459.0,3723.0,-0.0197012029147893
20250804,SM2606,6086.0,17.0,181.0,0.0275726364538347
20250804,SM2607,6100.0,26.0,88.0,0.0
20250805,SM2508,5982.0,24.0,9685.0,0.0720002160011664
20250805,SM2509,6018.0,283346.0,254120.0,0.015941550003072
20250805,SM2510,6026.0,25921.0,40146.0,0.1346548782648945
20250805,SM2511,6094.0,46099.0,111728.0,-0.0039389463672228
20250805,SM2512,6092.0,10026.0,30862.0,0.0354040578070622
20250805,SM2601,6110.0,81198.0,160376.0,-0.0314651114398403
20250805,SM2602,6094.0,69.0,1113.0,0.0236065649900244
20250805,SM2603,6106.0,79.0,529.0,0.1095540703414816
20250805,SM2604,6162.0,45.0,204.0,-0.0351048519492612
20250805,SM2605,6144.0,1197.0,3750.0,0.0389990593499784
20250805,SM2606,6164.0,13.0,179.0,-0.054634240714971
20250805,SM2607,6136.0,6.0,90.0,0.0
20250806,SM2508,6148.0,12.0,9674.0,-0.1019280875040515
20250806,SM2509,6096.0,452169.0,252512.0,0.0157377071737278
20250806,SM2510,6104.0,45974.0,39581.0,0.152370596733223
20250806,SM2511,6182.0,69013.0,119461.0,0.0155189158389609
20250806,SM2512,6190.0,13260.0,32512.0,0.007751938254075
20250806,SM2601,6194.0,143359.0,166909.0,0.0309577727325156
20250806,SM2602,6210.0,79.0,1113.0,0.0077269803056181
20250806,SM2603,6214.0,49.0,531.0,0.1458751168979212
20250806,SM2604,6290.0,28.0,204.0,-0.1188698008871676
20250806,SM2605,6228.0,1853.0,3798.0,0.1226847746913532
20250806,SM2606,6292.0,17.0,171.0,-0.0152671776318798
20250806,SM2607,6284.0,18.0,91.0,0.0
20250807,SM2508,6032.0,24.0,9685.0,0.0634922116129881
20250807,SM2509,6064.0,261156.0,237655.0,0.0158207010390987
20250807,SM2510,6072.0,33269.0,40040.0,0.1492654269962484
20250807,SM2511,6148.0,57893.0,121949.0,0.0233994224289472
20250807,SM2512,6160.0,16055.0,34262.0,0.0
20250807,SM2601,6160.0,106844.0,174688.0,-0.0351162663215729
20250807,SM2602,6142.0,36.0,1113.0,0.0234222585746342
20250807,SM2603,6154.0,16.0,527.0,0.0428224298714987
20250807,SM2604,6176.0,3.0,202.0,0.050412095469386
20250807,SM2605,6202.0,1760.0,4250.0,0.0154689032055636
20250807,SM2606,6210.0,7.0,170.0,-0.030957772732516
20250807,SM2607,6194.0,8.0,92.0,0.0
20250808,SM2508,6050.0,20.0,9705.0,-0.0079365082258057
20250808,SM2509,6046.0,269448.0,227914.0,0.0119027948261187
20250808,SM2510,6052.0,34580.0,41860.0,0.1536714482641253
20250808,SM2511,6130.0,54880.0,124358.0,0.0195599065311716
20250808,SM2512,6140.0,11092.0,34986.0,0.0078150442358399
20250808,SM2601,6144.0,90878.0,177703.0,-0.0117244757739193
20250808,SM2602,6138.0,46.0,1108.0,0.0078175898530334
20250808,SM2603,6142.0,24.0,525.0,0.0740141934116249
20250808,SM2604,6180.0,28.0,211.0,0.0077644777862584
20250808,SM2605,6184.0,1940.0,4581.0,0.0116373049366069
20250808,SM2606,6190.0,14.0,171.0,-0.0155189158389618
20250808,SM2607,6182.0,14.0,89.0,0.0
20250811,SM2508,6098.0,133.0,9686.0,0.0039350713584306
20250811,SM2509,6100.0,272742.0,217168.0,0.0235833682194458
20250811,SM2510,6112.0,38254.0,43817.0,0.1405351130508169
20250811,SM2511,6184.0,57688.0,124107.0,0.015513900027662
20250811,SM2512,6192.0,15539.0,34199.0,0.011622276937566
20250811,SM2601,6198.0,120520.0,186382.0,-0.0038728417312112
20250811,SM2602,6196.0,57.0,1114.0,0.0386722861286882
20250811,SM2603,6216.0,51.0,526.0,0.0192895074488401
20250811,SM2604,6226.0,15.0,210.0,0.02310655399434
20250811,SM2605,6238.0,1807.0,5141.0,-0.0231065539943409
20250811,SM2606,6226.0,11.0,171.0,0.02310655399434
20250811,SM2607,6238.0,8.0,88.0,0.0
20250812,SM2508,6118.0,259.0,9852.0,-0.0157016705424936
20250812,SM2509,6110.0,259017.0,203938.0,0.0274644553432001
20250812,SM2510,6124.0,49981.0,47483.0,0.1363872450668848
20250812,SM2511,6194.0,69078.0,125765.0,0.0232258137021298
20250812,SM2512,6206.0,12213.0,34983.0,0.0
20250812,SM2601,6206.0,134879.0,196269.0,0.0270400886987962
20250812,SM2602,6220.0,90.0,1107.0,0.0077145615000282
20250812,SM2603,6224.0,63.0,560.0,0.0231139718332758
20250812,SM2604,6236.0,8.0,213.0,0.038424624569758
20250812,SM2605,6256.0,1697.0,5345.0,0.0153354653459038
20250812,SM2606,6264.0,30.0,178.0,0.0763847264049111
20250812,SM2607,6304.0,30.0,114.0,0.0
20250813,SM2508,6068.0,344.0,9834.0,0.0118596616472551
20250813,SM2509,6074.0,314200.0,193064.0,0.0236842182146666
20250813,SM2510,6086.0,52038.0,49237.0,0.1294341687427622
20250813,SM2511,6152.0,75925.0,125798.0,0.0155945441050277
20250813,SM2512,6160.0,14456.0,35048.0,0.0038954715485727
20250813,SM2601,6162.0,142074.0,202807.0,-0.0038954715485731
20250813,SM2602,6160.0,46.0,1115.0,0.0388979270900522
20250813,SM2603,6180.0,110.0,589.0,0.0232783778139201
20250813,SM2604,6192.0,60.0,180.0,0.0425600962011569
20250813,SM2605,6214.0,1548.0,5626.0,0.0385604444914755
20250813,SM2606,6234.0,31.0,183.0,0.0192338556964829
20250813,SM2607,6244.0,38.0,115.0,0.0
20250814,SM2508,6030.0,10.0,0.0,0.039735135643872
20250814,SM2509,6050.0,177497.0,172038.0,0.007931262681322
20250814,SM2510,6054.0,45940.0,48032.0,0.1379552063509247
20250814,SM2511,6124.0,62091.0,126299.0,0.0195790547594685
20250814,SM2512,6134.0,14125.0,35620.0,0.0195471618397341
20250814,SM2601,6144.0,112918.0,205747.0,-0.0039068859208854
20250814,SM2602,6142.0,48.0,1106.0,0.015619917597551
20250814,SM2603,6150.0,126.0,589.0,0.0311789717463862
20250814,SM2604,6166.0,43.0,197.0,0.0233311803891748
20250814,SM2605,6178.0,1886.0,5624.0,-0.0038853812869784
20250814,SM2606,6176.0,20.0,175.0,0.0349232259424321
20250814,SM2607,6194.0,33.0,104.0,0.0
20250815,SM2509,6026.0,177513.0,153180.0,0.011942279970546
20250815,SM2510,6032.0,37158.0,53010.0,0.1423879593180118
20250815,SM2511,6104.0,52450.0,126759.0,0.0157170945847621
20250815,SM2512,6112.0,11892.0,36562.0,0.0039260592530815
20250815,SM2601,6114.0,123029.0,214271.0,-0.0235756460899782
20250815,SM2602,6102.0,91.0,1097.0,0.0353461227570809
20250815,SM2603,6120.0,59.0,581.0,0.031331610488644
20250815,SM2604,6136.0,19.0,191.0,0.0273482130416569
20250815,SM2605,6150.0,1882.0,5780.0,-0.0156199175975509
20250815,SM2606,6142.0,10.0,173.0,0.0545809907839888
20250815,SM2607,6170.0,21.0,113.0,0.0
20250818,SM2509,6026.0,112392.0,142698.0,0.0079628403718153
20250818,SM2510,6030.0,27269.0,51731.0,0.1424349066646047
20250818,SM2511,6102.0,48157.0,128629.0,0.0157222426683131
20250818,SM2512,6110.0,12413.0,37674.0,0.01962388008877
20250818,SM2601,6120.0,110947.0,221534.0,-0.0314136305049458
20250818,SM2602,6104.0,247.0,1286.0,0.0117897504161757
20250818,SM2603,6110.0,45.0,560.0,0.0548661961684851
20250818,SM2604,6138.0,5.0,188.0,0.0117244757739193
20250818,SM2605,6144.0,1764.0,6112.0,0.0117130316766655
20250818,SM2606,6150.0,10.0,168.0,-0.0156199175975509
20250818,SM2607,6142.0,8.0,109.0,0.0
20250819,SM2509,5842.0,193093.0,114885.0,0.0164214873385901
20250819,SM2510,5850.0,55950.0,59820.0,0.0980597897918337
20250819,SM2511,5898.0,92693.0,119715.0,0.0081355935319593
20250819,SM2512,5902.0,24442.0,34690.0,0.024373738914454
20250819,SM2601,5914.0,310875.0,262711.0,0.0040574810192138
20250819,SM2602,5916.0,139.0,1316.0,-0.0081163344318324
20250819,SM2603,5912.0,40.0,579.0,0.0405268875574202
20250819,SM2604,5932.0,8.0,191.0,0.0484522865529236
20250819,SM2605,5956.0,3831.0,7199.0,0.0120825652094059
20250819,SM2606,5962.0,57.0,209.0,0.0522176556180257
20250819,SM2607,5988.0,72.0,146.0,-0.0160427831380982
20250819,SM2608,5980.0,6.0,3.0,0.0
20250820,SM2509,5756.0,77845.0,89670.0,0.0208297222930691
20250820,SM2510,5766.0,34673.0,62266.0,0.1077355302815945
20250820,SM2511,5818.0,56642.0,117713.0,0.0206079391193833
20250820,SM2512,5828.0,14719.0,34599.0,0.0164609079309688
20250820,SM2601,5836.0,232175.0,282128.0,0.0082219941551581
20250820,SM2602,5840.0,28.0,1314.0,0.0164271072881008
20250820,SM2603,5848.0,29.0,581.0,0.036878977293382
20250820,SM2604,5866.0,13.0,196.0,0.0408441510722601
20250820,SM2605,5886.0,3204.0,7940.0,0.0203700609090524
20250820,SM2606,5896.0,18.0,216.0,0.0406366795382151
20250820,SM2607,5916.0,47.0,149.0,0.0243161177427896
20250820,SM2608,5928.0,7.0,7.0,0.0
20250821,SM2509,5746.0,39702.0,76992.0,0.0166956548671008
20250821,SM2510,5754.0,34659.0,63255.0,0.1368599593678846
20250821,SM2511,5820.0,51118.0,115809.0,0.0164835190753432
20250821,SM2512,5828.0,8880.0,34167.0,0.0205726091875741
20250821,SM2601,5838.0,161343.0,288840.0,0.061507054185748
20250821,SM2602,5868.0,104.0,1373.0,0.0408302537500792
20250821,SM2603,5888.0,148.0,558.0,-0.0163154341924751
20250821,SM2604,5880.0,18.0,187.0,0.0163154341924758
20250821,SM2605,5888.0,1460.0,8198.0,0.0447533998971807
20250821,SM2606,5910.0,19.0,232.0,0.05267609336487
20250821,SM2607,5936.0,8.0,155.0,0.0403633074801984
20250821,SM2608,5956.0,1.0,8.0,0.0
20250822,SM2509,5742.0,31981.0,65941.0,0.0167072773246427
20250822,SM2510,5750.0,24738.0,61980.0,0.1452048832090498
20250822,SM2511,5820.0,54181.0,112753.0,0.0206008634286545
20250822,SM2512,5830.0,13800.0,34661.0,0.0041159321274714
20250822,SM2601,5832.0,184864.0,302672.0,-0.004115932127472
20250822,SM2602,5830.0,569.0,1524.0,0.0287819223126247
20250822,SM2603,5844.0,356.0,553.0,-0.0123266574783603
20250822,SM2604,5838.0,71.0,154.0,0.0819395467776322
20250822,SM2605,5878.0,2494.0,8699.0,0.0203977611581946
20250822,SM2606,5888.0,24.0,241.0,-0.0367409710388409
20250822,SM2607,5870.0,14.0,162.0,0.0530342525643645
20250822,SM2608,5896.0,1.0,9.0,0.0
20250825,SM2509,5798.0,32689.0,55383.0,0.0289405825028718
20250825,SM2510,5812.0,27313.0,58536.0,0.1436651330852017
20250825,SM2511,5882.0,64642.0,108069.0,0.0122344955372611
20250825,SM2512,5888.0,8757.0,35361.0,0.0203631475981114
20250825,SM2601,5898.0,227280.0,300427.0,0.0365668134656268
20250825,SM2602,5916.0,74.0,1555.0,0.0162162186839874
20250825,SM2603,5924.0,78.0,542.0,0.0121477992489795
20250825,SM2604,5930.0,9.0,155.0,0.0323341387952632
20250825,SM2605,5946.0,3348.0,8850.0,-0.0161561788120545
20250825,SM2606,5938.0,7.0,238.0,0.0685140400245095
20250825,SM2607,5972.0,4.0,159.0,0.0
20250826,SM2509,5766.0,23066.0,43434.0,0.0291010016169087
20250826,SM2510,5780.0,31386.0,58206.0,0.1444557427137491
20250826,SM2511,5850.0,59249.0,105737.0,0.0123013849829442
20250826,SM2512,5856.0,8367.0,35114.0,0.0122887875562842
20250826,SM2601,5862.0,165527.0,299744.0,0.0367910354620171
20250826,SM2602,5880.0,110.0,1521.0,0.0407470680136572
20250826,SM2603,5900.0,88.0,535.0,0.0162601650895149
20250826,SM2604,5908.0,3.0,156.0,0.0202942717066151
20250826,SM2605,5918.0,1986.0,8865.0,0.0
20250826,SM2606,5918.0,6.0,235.0,0.0687449226332733
20250826,SM2607,5952.0,5.0,158.0,-0.0282590542706718
20250826,SM2608,5938.0,12.0,9.0,0.0
20250827,SM2509,5730.0,14967.0,36632.0,0.0292836122312996
20250827,SM2510,5744.0,34405.0,57061.0,0.1536087399250409
20250827,SM2511,5818.0,69869.0,105445.0,0.0164891815707945
20250827,SM2512,5826.0,12234.0,36275.0,0.0123520340293687
20250827,SM2601,5832.0,129535.0,306005.0,0.020558511110307
20250827,SM2602,5842.0,44.0,1536.0,0.0491971990765213
20250827,SM2603,5866.0,37.0,540.0,0.0367659862071816
20250827,SM2604,5884.0,2.0,154.0,-0.0081604899438661
20250827,SM2605,5880.0,2902.0,9021.0,0.028537468859609
20250827,SM2606,5894.0,2.0,234.0,0.0081411129309786
20250827,SM2607,5898.0,5.0,156.0,0.040622923019202
20250827,SM2608,5918.0,5.0,10.0,0.0
20250828,SM2509,5734.0,16785.0,28307.0,0.0334378481769729
20250828,SM2510,5750.0,36657.0,54160.0,0.1616884022843918
20250828,SM2511,5828.0,66101.0,107056.0,0.008233276480783
20250828,SM2512,5832.0,10719.0,36695.0,0.020558511110307
20250828,SM2601,5842.0,138956.0,312315.0,0.004107479074847
20250828,SM2602,5844.0,98.0,1540.0,0.0409976483507673
20250828,SM2603,5864.0,38.0,530.0,0.0245065010533491
20250828,SM2605,5888.0,1826.0,9119.0,-0.0040767793835287
20250828,SM2606,5886.0,32.0,211.0,0.0325755205135992
20250828,SM2607,5902.0,47.0,141.0,0.0081300816117983
20250828,SM2608,5906.0,14.0,15.0,0.0
20250829,SM2509,5676.0,19971.0,17671.0,0.0295618660853207
20250829,SM2510,5690.0,44995.0,45951.0,0.1800138414274256
20250829,SM2511,5776.0,74310.0,104052.0,0.0166089991912626
20250829,SM2512,5784.0,22347.0,40631.0,0.01658604272342
20250829,SM2601,5792.0,207581.0,325851.0,0.0
20250829,SM2602,5792.0,160.0,1562.0,0.0496210217736362
20250829,SM2603,5816.0,12.0,531.0,-0.0206504955453605
20250829,SM2604,5806.0,3.0,152.0,0.0577320701170988
20250829,SM2605,5834.0,4339.0,9353.0,0.0082248118367204
20250829,SM2606,5838.0,10.0,215.0,0.0287425287114582
20250829,SM2607,5852.0,33.0,160.0,0.0245817771176698
20250829,SM2608,5864.0,16.0,22.0,0.0
20250901,SM2509,5642.0,3387.0,16338.0,-0.0042545648380436
20250901,SM2510,5640.0,11857.0,46707.0,0.1857883697805225
20250901,SM2511,5728.0,47302.0,105844.0,0.016748083667697
20250901,SM2512,5736.0,15906.0,38857.0,0.0
20250901,SM2601,5736.0,189469.0,334555.0,0.0292530181432786
20250901,SM2602,5750.0,9236.0,7454.0,-0.0250696470010329
20250901,SM2603,5738.0,39.0,540.0,0.0437577907506784
20250901,SM2605,5780.0,2802.0,9638.0,-0.0207792259713352
20250901,SM2606,5770.0,10.0,220.0,0.0580913997534656
20250901,SM2607,5798.0,39.0,168.0,0.0660476383552476
20250901,SM2608,5830.0,15.0,34.0,0.0
20250902,SM2509,5648.0,1308.0,15298.0,0.0
20250902,SM2510,5648.0,6487.0,45786.0,0.1729683664284861
20250902,SM2511,5730.0,50330.0,109840.0,0.0125588708480534
20250902,SM2512,5736.0,14407.0,39499.0,0.0167247413832465
20250902,SM2601,5744.0,151339.0,333714.0,0.0125282767600333
20250902,SM2602,5750.0,20823.0,15860.0,0.0416667085289886
20250902,SM2603,5770.0,27.0,527.0,0.016626258288423
20250902,SM2604,5778.0,4.0,152.0,0.0083044986013285
20250902,SM2605,5782.0,1681.0,9898.0,0.0207361378711301
20250902,SM2606,5792.0,8.0,222.0,0.0454937646392278
20250902,SM2607,5814.0,9.0,169.0,0.0535439364414193
20250902,SM2608,5840.0,4.0,37.0,0.0
20250903,SM2509,5630.0,303.0,15198.0,0.0212954803004217
20250903,SM2510,5640.0,3788.0,45249.0,0.1690168785808682
20250903,SM2511,5720.0,36363.0,111729.0,0.0125808154106017
20250903,SM2512,5726.0,17244.0,37982.0,0.012567639480026
20250903,SM2601,5732.0,102788.0,336722.0,0.0209168607953603
20250903,SM2602,5742.0,15166.0,21350.0,0.0208804646384813
20250903,SM2603,5752.0,4.0,523.0,0.0229047649319869
20250903,SM2605,5774.0,1043.0,10077.0,0.0269570178697815
20250903,SM2607,5800.0,10.0,177.0,0.0660249258478
20250903,SM2608,5832.0,1.0,38.0,0.0
20250904,SM2509,5650.0,1678.0,13867.0,-0.0127501340133834
20250904,SM2510,5644.0,7544.0,45694.0,0.1563127189146296
20250904,SM2511,5718.0,42142.0,115124.0,0.0125852135290131
20250904,SM2512,5724.0,22856.0,36028.0,0.0125720283893242
20250904,SM2601,5730.0,134880.0,339044.0,0.020924155257922
20250904,SM2602,5740.0,13031.0,22508.0,0.0167130946236417
20250904,SM2603,5748.0,19.0,505.0,0.0166898497001136
20250904,SM2604,5756.0,2.0,150.0,0.0333102226380357
20250904,SM2605,5772.0,1448.0,10180.0,0.0332180142913567
20250904,SM2606,5788.0,23.0,229.0,-0.0290607303419284
20250904,SM2607,5774.0,13.0,174.0,0.04563531861231
20250904,SM2608,5796.0,1.0,39.0,0.0
20250905,SM2509,5768.0,606.0,13538.0,-0.0500348188406987
20250905,SM2510,5744.0,12697.0,43580.0,0.1783340233977366
20250905,SM2511,5830.0,82234.0,118249.0,0.0123435635776589
20250905,SM2512,5836.0,30584.0,35021.0,0.0164383587349668
20250905,SM2601,5844.0,253536.0,324869.0,0.012314008263746
20250905,SM2602,5850.0,38512.0,24505.0,0.0776966421937211
20250905,SM2603,5888.0,52.0,515.0,0.0284987411300716
20250905,SM2604,5902.0,24.0,142.0,-0.0407332366673328
20250905,SM2605,5882.0,3448.0,9890.0,-0.0040809386552125
20250905,SM2606,5880.0,22.0,226.0,0.0326087157179986
20250905,SM2607,5896.0,39.0,157.0,0.117469292478591
20250905,SM2608,5954.0,10.0,32.0,0.0
20250908,SM2509,5740.0,138.0,13495.0,0.0125370027074727
20250908,SM2510,5746.0,6089.0,43106.0,0.1741564776636375
20250908,SM2511,5830.0,59735.0,118789.0,0.0164552648342637
20250908,SM2512,5838.0,34468.0,35759.0,0.0041102928985532
20250908,SM2601,5840.0,138580.0,322510.0,0.0205303728435526
20250908,SM2602,5850.0,16595.0,24966.0,0.0163990459413181
20250908,SM2603,5858.0,26.0,515.0,-0.0863460980918813
20250908,SM2604,5816.0,1.0,143.0,0.1354091988070192
20250908,SM2605,5882.0,2226.0,10593.0,0.0122344955372611
20250908,SM2606,5888.0,31.0,212.0,0.0325644704591559
20250908,SM2607,5904.0,19.0,155.0,-0.0733947242092331
20250908,SM2608,5868.0,2.0,31.0,0.0
20250909,SM2509,5734.0,692.0,12696.0,0.0250871171510368
20250909,SM2510,5746.0,7592.0,43501.0,0.1659203757617408
20250909,SM2511,5826.0,80920.0,121178.0,0.0082361019018978
20250909,SM2512,5830.0,14702.0,36348.0,0.0164552648342637
20250909,SM2601,5838.0,119207.0,318548.0,0.0205374001866526
20250909,SM2602,5848.0,53767.0,28706.0,0.0123055898666004
20250909,SM2603,5854.0,9.0,508.0,0.016387848228079
20250909,SM2604,5862.0,2.0,144.0,0.0286249922751609
20250909,SM2605,5876.0,1625.0,11006.0,0.0081660431868553
20250909,SM2606,5880.0,1.0,211.0,0.0122386548089445
20250909,SM2607,5886.0,5.0,154.0,0.0
20250910,SM2509,5752.0,339.0,12482.0,0.0291717455695789
20250910,SM2510,5766.0,11057.0,39835.0,0.148916078588552
20250910,SM2511,5838.0,76567.0,120436.0,0.0123266574783611
20250910,SM2512,5844.0,16763.0,36150.0,0.0205163325748937
20250910,SM2601,5854.0,178014.0,322220.0,-0.0041004613417947
20250910,SM2602,5852.0,45243.0,31664.0,0.0735947792243666
20250910,SM2603,5888.0,33.0,500.0,-0.0040767793835287
20250910,SM2604,5886.0,2.0,144.0,-0.0040781648650799
20250910,SM2605,5884.0,2420.0,11406.0,0.0407194147077637
20250910,SM2606,5904.0,2.0,210.0,-0.0447989659964167
20250910,SM2607,5882.0,5.0,153.0,0.0610481221691695
20250910,SM2608,5912.0,3.0,33.0,0.0
20250911,SM2509,5726.0,541.0,12494.0,0.0418410465740928
20250911,SM2510,5746.0,43686.0,35131.0,0.1659203757617408
20250911,SM2511,5826.0,55442.0,119772.0,0.0123520340293687
20250911,SM2512,5832.0,24310.0,36369.0,0.0123393327067927
20250911,SM2601,5838.0,148763.0,324305.0,0.0123266574783611
20250911,SM2602,5844.0,20384.0,30987.0,0.0246153932466883
20250911,SM2603,5856.0,31.0,501.0,0.0409137798314456
20250911,SM2604,5876.0,4.0,143.0,-0.0081716039929974
20250911,SM2605,5872.0,1254.0,11392.0,0.0367284762153706
20250911,SM2606,5890.0,3.0,210.0,0.0325534278988263
20250911,SM2607,5906.0,6.0,156.0,0.0284119868901998
20250911,SM2608,5920.0,3.0,34.0,0.0
20250912,SM2509,5718.0,3134.0,0.0,0.0460813971762597
20250912,SM2510,5740.0,7128.0,31382.0,0.1702156199034765
20250912,SM2511,5822.0,77389.0,118154.0,0.012360516114323
20250912,SM2512,5828.0,15459.0,36984.0,0.008233276480783
20250912,SM2601,5832.0,144793.0,325570.0,-0.0082332764807832
20250912,SM2602,5828.0,47731.0,30383.0,0.0698034474689062
20250912,SM2603,5862.0,22.0,499.0,0.0775381034756758
20250912,SM2604,5900.0,3.0,143.0,-0.0570847151935121
20250912,SM2605,5872.0,2435.0,11295.0,-0.0204533882821656
20250912,SM2606,5862.0,16.0,201.0,0.0531064696544919
20250912,SM2607,5888.0,31.0,139.0,0.0325644704591559
20250912,SM2608,5904.0,6.0,31.0,0.0
20250915,SM2510,5806.0,8107.0,25639.0,0.1805162245567789
20250915,SM2511,5894.0,100883.0,118581.0,0.0122095991540487
20250915,SM2512,5900.0,34263.0,37649.0,0.012197188920687
20250915,SM2601,5906.0,184056.0,327726.0,0.0
20250915,SM2602,5906.0,48173.0,31268.0,0.0324653562920219
20250915,SM2603,5922.0,16.0,497.0,0.0222484664163513
20250915,SM2605,5944.0,2084.0,11593.0,-0.0242505976772682
20250915,SM2606,5932.0,2.0,201.0,0.0363575433822315
20250915,SM2607,5950.0,5.0,136.0,0.0603521808600235
20250915,SM2608,5980.0,11.0,30.0,0.0
20250915,SM2609,5980.0,4.0,4.0,0.0
20250916,SM2510,5832.0,8032.0,20816.0,0.1797174502746871
20250916,SM2511,5920.0,170580.0,115197.0,0.020253169364638
20250916,SM2512,5930.0,34070.0,38040.0,0.028297132869888
20250916,SM2601,5944.0,220244.0,335721.0,0.0040370059253745
20250916,SM2602,5946.0,122490.0,30490.0,0.0241935565822139
20250916,SM2603,5958.0,113.0,506.0,0.068284703085933
20250916,SM2604,5992.0,3.0,142.0,-0.0240561390285361
20250916,SM2605,5980.0,4693.0,11982.0,0.0
20250916,SM2606,5980.0,21.0,186.0,0.0400668151861755
20250916,SM2607,6000.0,44.0,125.0,0.0558697384343274
20250916,SM2608,6028.0,21.0,27.0,-0.0678757424373304
20250916,SM2609,5994.0,85.0,69.0,0.0
20250917,SM2510,5878.0,2127.0,19646.0,0.1702731271098492
20250917,SM2511,5962.0,106759.0,114778.0,0.0201106130527714
20250917,SM2512,5972.0,27130.0,39590.0,0.0361143894049692
20250917,SM2601,5990.0,169284.0,326849.0,0.0120140173559189
20250917,SM2602,5996.0,70777.0,31687.0,0.016000002370372
20250917,SM2603,6004.0,12.0,500.0,-0.0360300520884993
20250917,SM2604,5986.0,2.0,140.0,0.0759369728050224
20250917,SM2605,6024.0,2488.0,12732.0,-0.035910251237447
20250917,SM2606,6006.0,1.0,186.0,0.0637663406821028
20250917,SM2607,6038.0,2.0,125.0,0.0158782758892784
20250917,SM2609,6054.0,102.0,110.0,0.0
20250918,SM2510,5884.0,3957.0,18132.0,0.1298187103046099
20250918,SM2511,5948.0,220839.0,112707.0,0.0080672271945841
20250918,SM2512,5952.0,47494.0,40624.0,0.0362355584846387
20250918,SM2601,5970.0,246049.0,335397.0,0.0120542451120658
20250918,SM2602,5976.0,152805.0,33563.0,0.0360902527674638
20250918,SM2603,5994.0,146.0,458.0,-0.0080106812053616
20250918,SM2604,5990.0,1.0,140.0,0.0479840692677524
20250918,SM2605,6014.0,3236.0,13445.0,-0.03997338806239
20250918,SM2606,5994.0,4.0,186.0,0.0599102592374518
20250918,SM2607,6024.0,13.0,125.0,0.0556476651422043
20250918,SM2608,6052.0,3.0,28.0,-0.0397219826454539
20250918,SM2609,6032.0,157.0,200.0,0.0
20250919,SM2510,5868.0,2652.0,16767.0,0.1261242327467854
20250919,SM2511,5930.0,114568.0,110139.0,0.0323341387952632
20250919,SM2512,5946.0,22877.0,40944.0,0.0362720679190332
20250919,SM2601,5964.0,166813.0,334501.0,0.0040234702807777
20250919,SM2602,5966.0,82871.0,33546.0,0.0281265824398033
20250919,SM2603,5980.0,42.0,487.0,-0.0040140492095304
20250919,SM2604,5978.0,2.0,142.0,0.0480801978771511
20250919,SM2605,6002.0,2229.0,14161.0,0.0119900093238991
20250919,SM2606,6008.0,3.0,187.0,0.05977100187376
20250919,SM2607,6038.0,6.0,130.0,-0.0019877422742674
20250919,SM2609,6036.0,196.0,360.0,0.0
20250922,SM2510,5778.0,4302.0,15228.0,0.1495327102803738
20250922,SM2511,5850.0,172673.0,103885.0,0.0164102564102552
20250922,SM2512,5858.0,35072.0,39023.0,0.000276199646311
20250922,SM2601,5870.0,335892.0,339805.0,0.0327086882453162
20250922,SM2602,5886.0,112772.0,33077.0,0.0530071355759416
20250922,SM2603,5912.0,90.0,499.0,0.1623815967523683
20250922,SM2604,5992.0,4.0,142.0,-0.148197596795728
20250922,SM2605,5918.0,7082.0,16234.0,-0.0040554241297732
20250922,SM2606,5916.0,8.0,189.0,0.0283975659229209
20250922,SM2607,5930.0,11.0,134.0,0.0
20250922,SM2608,0.0,0.0,28.0,0.0
20250922,SM2609,5956.0,298.0,430.0,0.0
20250923,SM2510,5788.0,1967.0,14840.0,0.1575673807878379
20250923,SM2511,5864.0,89016.0,93273.0,0.0122783083219655
20250923,SM2512,5870.0,32562.0,40311.0,0.0002756350133032
20250923,SM2601,5882.0,246470.0,335174.0,0.0285617137028229
20250923,SM2602,5896.0,37613.0,37266.0,0.0
20250923,SM2603,5896.0,129.0,501.0,0.0610583446404335
20250923,SM2604,5926.0,8.0,134.0,-0.008099898751265
20250923,SM2605,5922.0,3412.0,16169.0,-0.008105369807497
20250923,SM2606,5918.0,1.0,188.0,0.0567759378168304
20250923,SM2607,5946.0,5.0,134.0,-0.0363269424823404
20250923,SM2608,5928.0,1.0,27.0,0.0526315789473672
20250923,SM2609,5954.0,179.0,413.0,0.0
20250924,SM2510,5818.0,3919.0,14674.0,0.1691302853214153
20250924,SM2511,5900.0,89550.0,86721.0,0.0081355932203388
20250924,SM2512,5904.0,14821.0,40355.0,0.000274047684297
20250924,SM2601,5916.0,169412.0,333773.0,0.0283975659229209
20250924,SM2602,5930.0,64471.0,35773.0,0.0283305227655992
20250924,SM2603,5944.0,166.0,475.0,-0.004037685060565
20250924,SM2604,5942.0,26.0,132.0,0.0323123527431841
20250924,SM2605,5958.0,3333.0,16424.0,0.0161127895266872
20250924,SM2606,5966.0,1.0,188.0,0.028159570901777
20250924,SM2607,5980.0,2.0,132.0,-0.040133779264214
20250924,SM2608,5960.0,1.0,26.0,0.044295302013424
20250924,SM2609,5982.0,209.0,456.0,0.0
20250925,SM2510,5810.0,12911.0,10499.0,0.2354561101549057
20250925,SM2511,5924.0,156816.0,75423.0,0.0121539500337597
20250925,SM2512,5930.0,77670.0,37698.0,0.0001818974174356
20250925,SM2601,5938.0,219803.0,332429.0,0.0202088245200391
20250925,SM2602,5948.0,64370.0,36425.0,0.0080699394754528
20250925,SM2603,5952.0,317.0,500.0,0.0161290322580658
20250925,SM2604,5960.0,44.0,129.0,0.0161073825503352
20250925,SM2605,5968.0,4169.0,16473.0,0.0
20250925,SM2606,5968.0,14.0,196.0,0.024128686327077
20250925,SM2607,5980.0,13.0,140.0,0.0
20250925,SM2608,0.0,0.0,26.0,0.0
20250925,SM2609,6006.0,132.0,478.0,0.0
20250926,SM2510,5750.0,1660.0,10055.0,0.1627826086956521
20250926,SM2511,5828.0,155732.0,63093.0,0.0247083047357596
20250926,SM2512,5840.0,32559.0,38079.0,0.0001847006310604
20250926,SM2601,5848.0,244524.0,335692.0,0.0205198358413145
20250926,SM2602,5858.0,111539.0,35561.0,0.0204848071014005
20250926,SM2603,5868.0,473.0,647.0,0.03680981595092
20250926,SM2604,5886.0,18.0,126.0,0.0163098878695207
20250926,SM2605,5894.0,6696.0,16989.0,0.0162877502544969
20250926,SM2606,5902.0,9.0,202.0,0.0365977634700094
20250926,SM2607,5920.0,13.0,144.0,0.0324324324324321
20250926,SM2608,5936.0,12.0,25.0,-0.016172506738544
20250926,SM2609,5928.0,268.0,470.0,0.0
20250929,SM2510,5700.0,1187.0,9471.0,0.2147368421052622
20250929,SM2511,5802.0,137727.0,43582.0,0.0124095139607032
20250929,SM2512,5808.0,46839.0,41436.0,0.000278577398087
20250929,SM2601,5820.0,286763.0,344083.0,0.0123711340206185
20250929,SM2602,5826.0,83838.0,33202.0,0.0247167868177138
20250929,SM2603,5838.0,428.0,779.0,0.0904419321685514
20250929,SM2604,5882.0,3.0,123.0,-0.061203672220333
20250929,SM2605,5852.0,7356.0,17059.0,0.0205058099794932
20250929,SM2606,5862.0,25.0,207.0,0.0982599795291712
20250929,SM2607,5910.0,14.0,144.0,0.0365482233502536
20250929,SM2608,5928.0,6.0,22.0,-0.1214574898785429
20250929,SM2609,5868.0,317.0,564.0,0.0
20250930,SM2510,5628.0,688.0,9248.0,0.2430703624733476
20250930,SM2511,5742.0,79328.0,35681.0,0.0083594566353175
20250930,SM2512,5746.0,33015.0,33715.0,0.0002815832802105
20250930,SM2601,5758.0,176364.0,348291.0,0.0166724557137882
20250930,SM2602,5766.0,41270.0,34707.0,0.0249739854318429
20250930,SM2603,5778.0,429.0,902.0,0.0456905503634477
20250930,SM2604,5800.0,4.0,123.0,-0.0124137931034487
20250930,SM2605,5794.0,6214.0,18260.0,0.0621332412840871
20250930,SM2606,5824.0,6.0,203.0,0.0164835164835164
20250930,SM2607,5832.0,15.0,137.0,0.0
20250930,SM2608,0.0,0.0,22.0,0.0
20250930,SM2609,5832.0,879.0,1368.0,0.0
20251009,SM2510,0.0,0.0,9248.0,0.0
20251009,SM2511,5768.0,14133.0,34476.0,-0.0083217753120665
20251009,SM2512,5764.0,26939.0,31512.0,9.356798103689067e-05
20251009,SM2601,5768.0,153351.0,363849.0,0.0208044382801677
20251009,SM2602,5778.0,72837.0,40043.0,0.0249221183800614
20251009,SM2603,5790.0,78784.0,28024.0,0.0082901554404148
20251009,SM2604,5794.0,1.0,122.0,0.0372799447704528
20251009,SM2605,5812.0,5458.0,19267.0,0.0082587749483833
20251009,SM2606,5816.0,3.0,204.0,0.0330123796423649
20251009,SM2607,5832.0,3.0,136.0,0.0
20251009,SM2608,0.0,0.0,22.0,0.0
20251009,SM2609,5850.0,501.0,1403.0,0.0
20251010,SM2510,5632.0,148.0,9252.0,0.2599431818181825
20251010,SM2511,5754.0,11655.0,31159.0,-0.008342022940563
20251010,SM2512,5750.0,20391.0,38957.0,0.0002344894968246
20251010,SM2601,5760.0,125982.0,376591.0,0.0166666666666666
20251010,SM2602,5768.0,23706.0,45526.0,0.0291262135922343
20251010,SM2603,5782.0,30014.0,42278.0,0.0
20251010,SM2604,0.0,0.0,122.0,0.0
20251010,SM2605,5794.0,4604.0,19604.0,0.0
20251010,SM2606,0.0,0.0,204.0,0.0
20251010,SM2607,5802.0,8.0,138.0,0.0703205791106524
20251010,SM2608,5836.0,1.0,22.0,0.0
20251010,SM2609,5836.0,139.0,1468.0,0.0
20251013,SM2510,5628.0,5.0,9237.0,0.2260127931769728
20251013,SM2511,5734.0,28723.0,27131.0,0.0209277990931298
20251013,SM2512,5744.0,41339.0,39516.0,4.6946887421378224e-05
20251013,SM2601,5746.0,158644.0,379265.0,0.0083536373129122
20251013,SM2602,5750.0,20585.0,44564.0,0.029217391304348
20251013,SM2603,5764.0,55573.0,53928.0,0.0124913254684235
20251013,SM2604,5770.0,2.0,121.0,-0.0041594454072795
20251013,SM2605,5768.0,5434.0,18748.0,0.0208044382801677
20251013,SM2606,5778.0,12.0,211.0,0.0747663551401869
20251013,SM2607,5814.0,4.0,136.0,-0.0082559339525287
20251013,SM2608,5810.0,2.0,23.0,0.0123924268502593
20251013,SM2609,5816.0,407.0,1522.0,0.0
20251014,SM2510,5596.0,238.0,9013.0,0.2787705503931388
20251014,SM2511,5726.0,8789.0,21570.0,0.016765630457562
20251014,SM2512,5734.0,58605.0,43514.0,9.405752401407254e-05
20251014,SM2601,5738.0,133881.0,382892.0,0.0083652840711048
20251014,SM2602,5742.0,14764.0,44819.0,0.0208986415882979
20251014,SM2603,5752.0,69761.0,63647.0,0.0
20251014,SM2604,0.0,0.0,121.0,0.0
20251014,SM2605,5768.0,7435.0,23044.0,-0.0208044382801664
20251014,SM2606,5758.0,11.0,210.0,0.0125043417853412
20251014,SM2607,5764.0,6.0,131.0,0.0624566273421232
20251014,SM2608,5794.0,6.0,20.0,0.0082844321712123
20251014,SM2609,5798.0,459.0,1409.0,0.0
20251015,SM2510,5638.0,239.0,8721.0,0.2000709471443773
20251015,SM2511,5732.0,9208.0,15602.0,0.0125610607117927
20251015,SM2512,5738.0,72130.0,44434.0,0.0001879839117102
20251015,SM2601,5746.0,166961.0,372302.0,0.0041768186564574
20251015,SM2602,5748.0,19039.0,40052.0,0.0208768267223389
20251015,SM2603,5758.0,98460.0,68435.0,0.0916985064258435
20251015,SM2604,5802.0,1.0,122.0,-0.053774560496381
20251015,SM2605,5776.0,3478.0,23639.0,0.0
20251015,SM2606,5776.0,2.0,211.0,0.0
20251015,SM2607,0.0,0.0,131.0,0.0
20251015,SM2608,0.0,0.0,20.0,0.0
20251015,SM2609,5812.0,202.0,1391.0,0.0
20251016,SM2510,5642.0,417.0,8286.0,0.2041829138603343
20251016,SM2511,5738.0,5815.0,12729.0,0.0250958522133144
20251016,SM2512,5750.0,99528.0,40836.0,9.379579872984085e-05
20251016,SM2601,5754.0,129115.0,374285.0,0.008342022940563
20251016,SM2602,5758.0,29671.0,40050.0,0.0166724557137882
20251016,SM2603,5766.0,108344.0,71701.0,0.0
20251016,SM2604,0.0,0.0,122.0,0.0
20251016,SM2605,5790.0,4540.0,24337.0,0.0
20251016,SM2606,0.0,0.0,211.0,0.0
20251016,SM2607,0.0,0.0,131.0,0.0
20251016,SM2608,0.0,0.0,20.0,0.0
20251016,SM2609,5820.0,242.0,1374.0,0.0
20251017,SM2510,5614.0,710.0,7676.0,0.2180263626647658
20251017,SM2511,5716.0,2553.0,11363.0,-0.0083974807557738
20251017,SM2512,5712.0,95985.0,42172.0,0.000141629685582
20251017,SM2601,5718.0,161566.0,389957.0,0.0167890870933904
20251017,SM2602,5726.0,54977.0,39083.0,0.0251484456863417
20251017,SM2603,5738.0,112359.0,79519.0,0.0
20251017,SM2604,0.0,0.0,122.0,0.0
20251017,SM2605,5760.0,4814.0,26213.0,0.0
20251017,SM2606,5760.0,10.0,213.0,-0.0249999999999999
20251017,SM2607,5748.0,2.0,130.0,0.0250521920668056
20251017,SM2608,5760.0,2.0,20.0,0.0666666666666664
20251017,SM2609,5792.0,398.0,1620.0,0.0
20251020,SM2510,0.0,0.0,7676.0,0.0
20251020,SM2511,5732.0,2266.0,10556.0,-0.0083740404745284
20251020,SM2512,5728.0,36814.0,40434.0,0.000235390119892
20251020,SM2601,5738.0,152986.0,377834.0,0.0209132101777633
20251020,SM2602,5748.0,42863.0,37359.0,0.0041753653444667
20251020,SM2603,5750.0,56704.0,81787.0,0.033391304347826
20251020,SM2604,5766.0,9.0,123.0,0.0291363163371496
20251020,SM2605,5780.0,3805.0,25535.0,-0.0249134948096889
20251020,SM2606,5768.0,2.0,212.0,0.0291262135922343
20251020,SM2607,5782.0,42.0,169.0,0.0
20251020,SM2608,0.0,0.0,20.0,0.0
20251020,SM2609,5808.0,567.0,1412.0,0.0
20251021,SM2510,0.0,0.0,7676.0,0.0
20251021,SM2511,5720.0,1465.0,9758.0,0.0293706293706295
20251021,SM2512,5734.0,28989.0,39622.0,0.0002821725720421
20251021,SM2601,5746.0,160346.0,369062.0,0.0125304559693697
20251021,SM2602,5752.0,21724.0,36726.0,0.0166898470097356
20251021,SM2603,5760.0,51527.0,85088.0,0.0
20251021,SM2604,0.0,0.0,123.0,0.0
20251021,SM2605,5780.0,8225.0,27164.0,-0.0083044982698963
20251021,SM2606,5776.0,1.0,213.0,0.0
20251021,SM2607,5776.0,76.0,243.0,0.0
20251021,SM2608,0.0,0.0,20.0,0.0
20251021,SM2609,5806.0,644.0,1227.0,0.0
20251022,SM2510,0.0,693.0,0.0,0.0
20251022,SM2511,5782.0,847.0,9311.0,0.0373573158076778
20251022,SM2512,5800.0,59140.0,39703.0,0.000232468035645
20251022,SM2601,5810.0,174618.0,356712.0,0.0206540447504313
20251022,SM2602,5820.0,56091.0,37410.0,0.024742268041237
20251022,SM2603,5832.0,51212.0,86004.0,-0.0164609053497937
20251022,SM2604,5824.0,1.0,122.0,0.0494505494505492
20251022,SM2605,5848.0,7297.0,27540.0,0.036935704514363
20251022,SM2606,5866.0,2.0,212.0,0.028639618138424
20251022,SM2607,5880.0,1.0,242.0,0.0
20251022,SM2608,0.0,0.0,20.0,0.0
20251022,SM2609,5872.0,555.0,909.0,0.0
20251023,SM2511,5796.0,801.0,9268.0,0.0248447204968949
20251023,SM2512,5808.0,31105.0,36227.0,0.0002321478317392
20251023,SM2601,5818.0,150568.0,352292.0,0.0247507734616716
20251023,SM2602,5830.0,25145.0,37425.0,0.0246998284734143
20251023,SM2603,5842.0,34338.0,83891.0,0.0
20251023,SM2604,0.0,0.0,122.0,0.0
20251023,SM2605,5860.0,5593.0,28908.0,-0.0122866894197946
20251023,SM2606,5854.0,1.0,212.0,0.0
20251023,SM2607,0.0,0.0,242.0,0.0
20251023,SM2608,0.0,0.0,20.0,0.0
20251023,SM2609,5898.0,260.0,1059.0,-0.0528992878942018
20251023,SM2610,5872.0,2.0,2.0,0.0
20251024,SM2511,5760.0,2106.0,9637.0,0.0041666666666673
20251024,SM2512,5762.0,92106.0,30678.0,0.0002340011466056
20251024,SM2601,5772.0,217588.0,350893.0,0.016632016632017
20251024,SM2602,5780.0,54895.0,34710.0,0.0207612456747394
20251024,SM2603,5790.0,103183.0,84773.0,0.0
20251024,SM2604,0.0,0.0,122.0,0.0
20251024,SM2605,5814.0,7653.0,30992.0,0.004127966976263
20251024,SM2606,5816.0,14.0,213.0,0.04951856946355
20251024,SM2607,5840.0,58.0,291.0,-0.0123287671232881
20251024,SM2608,5834.0,3.0,20.0,0.0082276311278715
20251024,SM2609,5838.0,337.0,1123.0,-0.004110996916752
20251024,SM2610,5836.0,4.0,6.0,0.0
20251027,SM2511,5786.0,1068.0,9193.0,0.0124438299343232
20251027,SM2512,5792.0,89361.0,26180.0,0.0002327891240921
20251027,SM2601,5802.0,130341.0,345980.0,0.01654601861427
20251027,SM2602,5810.0,29176.0,34302.0,0.0247848537005159
20251027,SM2603,5822.0,90798.0,80331.0,-0.0082445894881488
20251027,SM2604,5818.0,4.0,121.0,0.0495015469233406
20251027,SM2605,5842.0,4418.0,31547.0,-0.0328654570352617
20251027,SM2606,5826.0,204.0,414.0,0.086508753861997
20251027,SM2607,5868.0,301.0,591.0,0.0
20251027,SM2608,0.0,0.0,20.0,0.0
20251027,SM2609,5864.0,146.0,1183.0,0.0
20251027,SM2610,0.0,0.0,6.0,0.0
20251028,SM2511,5768.0,1494.0,9291.0,0.0208044382801677
20251028,SM2512,5778.0,80208.0,24409.0,0.0002800238020231
20251028,SM2601,5790.0,175067.0,343779.0,0.0082901554404148
20251028,SM2602,5794.0,53055.0,32220.0,0.0124266482568184
20251028,SM2603,5800.0,83897.0,82611.0,-0.0206896551724131
20251028,SM2604,5790.0,5.0,118.0,0.0787564766839388
20251028,SM2605,5828.0,9983.0,34111.0,0.0
20251028,SM2606,0.0,0.0,414.0,0.0
20251028,SM2607,0.0,0.0,591.0,0.0
20251028,SM2608,0.0,0.0,20.0,0.0
20251028,SM2609,5854.0,228.0,1232.0,-0.0245985650837035
20251028,SM2610,5842.0,2.0,8.0,0.0
20251029,SM2511,5818.0,996.0,8985.0,0.0412512891027843
20251029,SM2512,5838.0,82276.0,19172.0,0.000323336836149
20251029,SM2601,5852.0,205751.0,341929.0,0.0041011619958997
20251029,SM2602,5854.0,56096.0,31006.0,0.0409976084728391
20251029,SM2603,5874.0,70275.0,81255.0,-0.0040858018386109
20251029,SM2604,5872.0,3.0,118.0,0.0367847411444142
20251029,SM2605,5890.0,10968.0,34735.0,0.0
20251029,SM2606,0.0,0.0,414.0,0.0
20251029,SM2607,0.0,0.0,591.0,0.0
20251029,SM2608,0.0,0.0,20.0,0.0
20251029,SM2609,5924.0,323.0,1350.0,-0.1458474004051315
20251029,SM2610,5852.0,2.0,7.0,0.0
20251030,SM2511,5806.0,1829.0,9277.0,0.0413365483982079
20251030,SM2512,5826.0,46104.0,16760.0,0.0003702889410893
20251030,SM2601,5842.0,178345.0,339837.0,0.0246490927764453
20251030,SM2602,5854.0,30131.0,30485.0,0.0245985650837035
20251030,SM2603,5866.0,45632.0,79571.0,0.0040913740197741
20251030,SM2604,5868.0,4.0,118.0,0.0449897750511247
20251030,SM2605,5890.0,9340.0,34714.0,0.024448217317488
20251030,SM2606,5902.0,1.0,414.0,0.0
20251030,SM2607,0.0,0.0,591.0,0.0
20251030,SM2608,5928.0,1.0,21.0,-0.0080971659919022
20251030,SM2609,5924.0,248.0,1403.0,0.0
20251030,SM2610,5924.0,4.0,9.0,0.0
20251031,SM2511,5758.0,1852.0,7750.0,0.0125043417853412
20251031,SM2512,5764.0,72613.0,12184.0,0.0001871359620737
20251031,SM2601,5772.0,218323.0,352439.0,0.016632016632017
20251031,SM2602,5780.0,78896.0,28873.0,0.0124567474048431
20251031,SM2603,5786.0,90298.0,80874.0,0.0497753197372956
20251031,SM2604,5810.0,12.0,127.0,0.0123924268502593
20251031,SM2605,5816.0,13655.0,39646.0,0.0866574965612105
20251031,SM2606,5858.0,1.0,414.0,0.0327756913622403
20251031,SM2607,5874.0,1.0,591.0,0.061287027579163
20251031,SM2608,5904.0,1.0,22.0,-0.0975609756097566
20251031,SM2609,5856.0,342.0,1513.0,-0.0409836065573774
20251031,SM2610,5836.0,23.0,26.0,0.0
20251103,SM2511,5760.0,267.0,7641.0,0.0541666666666671
20251103,SM2512,5786.0,6610.0,10651.0,0.0001864244184917
20251103,SM2601,5794.0,161410.0,350214.0,0.0248532965136343
20251103,SM2602,5806.0,16367.0,31130.0,0.0248019290389258
20251103,SM2603,5818.0,40452.0,87344.0,0.0123753867308344
20251103,SM2604,5824.0,8975.0,6163.0,0.0453296703296715
20251103,SM2605,5846.0,11640.0,42056.0,0.0369483407458082
20251103,SM2606,5864.0,4.0,414.0,0.0368349249658939
20251103,SM2607,5882.0,2.0,591.0,0.0
20251103,SM2608,0.0,0.0,22.0,0.0
20251103,SM2609,5870.0,149.0,1509.0,0.0081771720613277
20251103,SM2610,5874.0,2.0,26.0,0.0
20251104,SM2511,5740.0,652.0,7176.0,0.0167247386759585
20251104,SM2512,5748.0,4485.0,9366.0,0.0001407426520607
20251104,SM2601,5754.0,170208.0,359195.0,0.0166840458811261
20251104,SM2602,5762.0,17478.0,32073.0,0.0249913224574793
20251104,SM2603,5774.0,41628.0,92249.0,0.03325251125736
20251104,SM2604,5790.0,8857.0,10839.0,0.0248704663212446
20251104,SM2605,5802.0,18295.0,43668.0,0.01654601861427
20251104,SM2606,5810.0,4.0,417.0,0.0495697074010319
20251104,SM2607,5834.0,3.0,594.0,0.0329105245114833
20251104,SM2608,5850.0,2.0,23.0,-0.0082051282051276
20251104,SM2609,5846.0,362.0,1549.0,0.0041053711939778
20251104,SM2610,5848.0,3.0,27.0,0.0
20251105,SM2511,5750.0,30.0,7146.0,0.0375652173913039
20251105,SM2512,5768.0,3209.0,8338.0,0.000187006186788
20251105,SM2601,5776.0,169668.0,353351.0,0.0166204986149596
20251105,SM2602,5784.0,17389.0,32605.0,0.0
20251105,SM2603,5784.0,49620.0,98631.0,0.0331950207468878
20251105,SM2604,5800.0,9470.0,15488.0,0.0455172413793105
20251105,SM2605,5822.0,17052.0,44382.0,0.0
20251105,SM2606,0.0,0.0,417.0,0.0
20251105,SM2607,0.0,0.0,594.0,0.0
20251105,SM2608,5858.0,1.0,24.0,-0.0163878456811201
20251105,SM2609,5850.0,284.0,1539.0,0.0164102564102552
20251105,SM2610,5858.0,8.0,30.0,0.0
20251106,SM2511,5776.0,16.0,7130.0,0.029085872576176
20251106,SM2512,5790.0,1817.0,8089.0,0.0001862956278744
20251106,SM2601,5798.0,148442.0,351061.0,0.0248361503966894
20251106,SM2602,5810.0,20458.0,33331.0,0.0289156626506033
20251106,SM2603,5824.0,68896.0,98621.0,0.028846153846155
20251106,SM2604,5838.0,23216.0,16746.0,0.0205549845837618
20251106,SM2605,5848.0,8599.0,43675.0,0.0123119015047876
20251106,SM2606,5854.0,7.0,415.0,0.0368978476255552
20251106,SM2607,5872.0,7.0,595.0,-0.0122615803814714
20251106,SM2608,5866.0,1.0,24.0,0.016365496079099
20251106,SM2609,5874.0,256.0,1562.0,0.0040858018386096
20251106,SM2610,5876.0,9.0,27.0,0.0
20251107,SM2511,5736.0,700.0,5830.0,0.0251046025104599
20251107,SM2512,5748.0,1815.0,7818.0,0.0002814853041214
20251107,SM2601,5760.0,129870.0,357140.0,0.0208333333333339
20251107,SM2602,5770.0,21076.0,34254.0,0.0374350086655104
20251107,SM2603,5788.0,45341.0,100051.0,0.033172080165861
20251107,SM2604,5804.0,4553.0,17512.0,0.0206753962784276
20251107,SM2605,5814.0,9429.0,44662.0,0.0
20251107,SM2606,0.0,0.0,415.0,0.0
20251107,SM2607,0.0,0.0,595.0,0.0
20251107,SM2608,5864.0,1.0,24.0,-0.0245566166439297
20251107,SM2609,5852.0,143.0,1577.0,-0.0082023239917981
20251107,SM2610,5848.0,1.0,28.0,0.0
20251110,SM2511,5798.0,301.0,5829.0,0.0165574335977911
20251110,SM2512,5806.0,3267.0,7476.0,0.0003251189199858
20251110,SM2601,5820.0,213766.0,354763.0,0.0371134020618555
20251110,SM2602,5838.0,39555.0,35535.0,0.0328879753340194
20251110,SM2603,5854.0,75655.0,99145.0,0.0245985650837035
20251110,SM2604,5866.0,7783.0,17704.0,0.0245482441186499
20251110,SM2605,5878.0,15756.0,45381.0,-0.0285811500510377
20251110,SM2606,5864.0,8.0,418.0,0.0654843110504765
20251110,SM2607,5896.0,3.0,598.0,0.0
20251110,SM2608,0.0,0.0,24.0,0.0
20251110,SM2609,5918.0,645.0,2052.0,-0.0162216965190942
20251110,SM2610,5910.0,11.0,26.0,0.0
20251111,SM2511,5792.0,439.0,5429.0,-0.0787292817679556
20251111,SM2512,5754.0,2985.0,6898.0,0.0002343264870944
20251111,SM2601,5764.0,208571.0,356141.0,0.0291464260929901
20251111,SM2602,5778.0,29534.0,35455.0,0.0290758047767392
20251111,SM2603,5792.0,76735.0,101968.0,0.0372928176795568
20251111,SM2604,5810.0,18676.0,19716.0,0.0247848537005159
20251111,SM2605,5822.0,17683.0,51051.0,0.0082445894881475
20251111,SM2606,5826.0,25.0,423.0,0.0370751802265694
20251111,SM2607,5844.0,19.0,604.0,0.1026694045174538
20251111,SM2608,5894.0,1.0,25.0,-0.048863250763488
20251111,SM2609,5870.0,922.0,2649.0,-0.0122657580919929
20251111,SM2610,5864.0,1.0,26.0,0.0
20251112,SM2511,5746.0,8.0,5429.0,0.0041768186564574
20251112,SM2512,5748.0,12963.0,7037.0,0.0003283995214749
20251112,SM2601,5762.0,131411.0,353974.0,0.0333217632766391
20251112,SM2602,5778.0,60279.0,34746.0,0.033229491173417
20251112,SM2603,5794.0,46826.0,104509.0,0.0248532965136343
20251112,SM2604,5806.0,50008.0,20726.0,0.0248019290389258
20251112,SM2605,5818.0,10493.0,52344.0,0.0247507734616716
20251112,SM2606,5830.0,14.0,419.0,0.0329331046312173
20251112,SM2607,5846.0,7.0,602.0,0.0369483407458082
20251112,SM2608,5864.0,1.0,25.0,0.0122783083219655
20251112,SM2609,5870.0,384.0,2963.0,-0.0122657580919929
20251112,SM2610,5864.0,1.0,27.0,0.0
20251113,SM2511,0.0,0.0,5429.0,0.0
20251113,SM2512,5746.0,2207.0,5945.0,0.0002346527335087
20251113,SM2601,5756.0,151445.0,362183.0,0.0250173731758165
20251113,SM2602,5768.0,118214.0,32117.0,0.0291262135922343
20251113,SM2603,5782.0,67506.0,110615.0,0.0332065029401587
20251113,SM2604,5798.0,90112.0,20524.0,0.0289755087961358
20251113,SM2605,5812.0,16051.0,57673.0,0.0
20251113,SM2606,0.0,0.0,419.0,0.0
20251113,SM2607,0.0,0.0,602.0,0.0
20251113,SM2608,5856.0,1.0,25.0,0.0327868852459003
20251113,SM2609,5872.0,742.0,3579.0,-0.0081743869209813
20251113,SM2610,5868.0,4.0,28.0,0.0
20251114,SM2511,0.0,2.0,0.0,0.0
20251114,SM2512,5728.0,1057.0,5721.0,0.000470780239784
20251114,SM2601,5748.0,119435.0,361756.0,0.0250521920668056
20251114,SM2602,5760.0,66441.0,32995.0,0.0291666666666658
20251114,SM2603,5774.0,41127.0,114801.0,0.03325251125736
20251114,SM2604,5790.0,49488.0,22282.0,0.0373056994818643
20251114,SM2605,5808.0,11258.0,61957.0,0.0
20251114,SM2606,0.0,0.0,419.0,0.0
20251114,SM2607,0.0,0.0,602.0,0.0
20251114,SM2608,5860.0,2.0,25.0,-0.0163822525597274
20251114,SM2609,5852.0,516.0,3994.0,0.0082023239917967
20251114,SM2610,5856.0,1.0,27.0,0.0
20251117,SM2512,5774.0,1889.0,5201.0,0.0004203266872419
20251117,SM2601,5792.0,207209.0,359008.0,0.0414364640883988
20251117,SM2602,5812.0,66457.0,33863.0,0.037164487267721
20251117,SM2603,5830.0,61016.0,110006.0,0.0288164665523158
20251117,SM2604,5844.0,57706.0,21688.0,0.0328542094455848
20251117,SM2605,5860.0,19877.0,60698.0,0.0
20251117,SM2606,0.0,0.0,419.0,0.0
20251117,SM2607,0.0,0.0,602.0,0.0
20251117,SM2608,5920.0,1.0,25.0,-0.0202702702702697
20251117,SM2609,5910.0,443.0,3933.0,0.0040609137055831
20251117,SM2610,5912.0,1.0,27.0,0.0
20251117,SM2611,0.0,0.0,0.0,0.0
20251118,SM2512,5654.0,951.0,5049.0,0.0006200244035246
20251118,SM2601,5680.0,395735.0,404398.0,0.0211267605633809
20251118,SM2602,5690.0,79107.0,32016.0,0.0295254833040417
20251118,SM2603,5704.0,100551.0,119667.0,0.0336605890603092
20251118,SM2604,5720.0,72533.0,24748.0,0.0545454545454555
20251118,SM2605,5746.0,43888.0,75463.0,-0.0167072746258272
20251118,SM2606,5738.0,7.0,417.0,0.2133147438131741
20251118,SM2607,5840.0,1.0,601.0,-0.1232876712328772
20251118,SM2608,5780.0,2.0,25.0,0.0166089965397926
20251118,SM2609,5788.0,652.0,4231.0,-0.0290255701451274
20251118,SM2610,5774.0,4.0,27.0,0.0581918947003821
20251118,SM2611,5802.0,4.0,4.0,0.0
20251119,SM2512,5622.0,634.0,4700.0,0.0004796565658988
20251119,SM2601,5642.0,212250.0,436259.0,0.021269053527118
20251119,SM2602,5652.0,100053.0,32591.0,0.012738853503186
20251119,SM2603,5658.0,76377.0,125774.0,0.0466595970307519
20251119,SM2604,5680.0,81799.0,24749.0,0.0422535211267618
20251119,SM2605,5700.0,31063.0,85390.0,0.0378947368421043
20251119,SM2606,5718.0,18.0,435.0,0.0
20251119,SM2607,0.0,0.0,601.0,0.0
20251119,SM2608,0.0,0.0,25.0,0.0
20251119,SM2609,5754.0,338.0,4440.0,0.0125130344108459
20251119,SM2610,5760.0,7.0,33.0,0.0
20251119,SM2611,0.0,0.0,4.0,0.0
20251120,SM2512,5594.0,136.0,4584.0,0.0004820574210731
20251120,SM2601,5614.0,148657.0,438614.0,0.0256501603135026
20251120,SM2602,5626.0,125940.0,32842.0,0.0213295414148593
20251120,SM2603,5636.0,71254.0,127096.0,0.0468417317246281
20251120,SM2604,5658.0,91855.0,25562.0,0.0466595970307519
20251120,SM2605,5680.0,23518.0,93318.0,0.0295774647887316
20251120,SM2606,5694.0,2.0,437.0,0.0
20251120,SM2607,0.0,0.0,601.0,0.0
20251120,SM2608,5726.0,2.0,27.0,0.0209570380719519
20251120,SM2609,5736.0,499.0,4507.0,0.0
20251120,SM2610,5736.0,4.0,34.0,0.0
20251120,SM2611,0.0,0.0,4.0,0.0
20251121,SM2512,5592.0,197.0,4464.0,0.0003375608815161
20251121,SM2601,5606.0,138033.0,439441.0,0.0342490189083113
20251121,SM2602,5622.0,55206.0,37052.0,0.0256136606189958
20251121,SM2603,5634.0,82651.0,134625.0,0.0298189563365278
20251121,SM2604,5648.0,47452.0,27235.0,0.0552407932011336
20251121,SM2605,5674.0,28184.0,102756.0,0.0296087416284818
20251121,SM2606,5688.0,28.0,454.0,0.0295358649789028
20251121,SM2607,5702.0,19.0,611.0,0.0547176429323057
20251121,SM2608,5728.0,16.0,37.0,0.0041899441340769
20251121,SM2609,5730.0,1025.0,4508.0,0.0
20251121,SM2610,5730.0,18.0,35.0,0.0
20251121,SM2611,0.0,0.0,4.0,0.0
20251124,SM2512,5612.0,333.0,4317.0,0.0004324601375863
20251124,SM2601,5630.0,202413.0,397984.0,0.0255772646536422
20251124,SM2602,5642.0,136938.0,35529.0,0.0170152428216949
20251124,SM2603,5650.0,106640.0,137007.0,0.050973451327434
20251124,SM2604,5674.0,97103.0,27815.0,0.0380683820937619
20251124,SM2605,5692.0,33564.0,110208.0,0.037947997189037
20251124,SM2606,5710.0,6.0,455.0,0.0966725043782839
20251124,SM2607,5756.0,2.0,609.0,-0.0291869353717855
20251124,SM2608,5742.0,3.0,34.0,0.0459770114942532
20251124,SM2609,5764.0,172.0,4493.0,0.0791117279666897
20251124,SM2610,5802.0,5.0,32.0,0.0992761116856257
20251124,SM2611,5850.0,2.0,4.0,0.0
20251125,SM2512,5614.0,1016.0,4226.0,0.0005283740888549
20251125,SM2601,5636.0,120736.0,384812.0,0.0127750177430794
20251125,SM2602,5642.0,60462.0,35218.0,0.021269053527118
20251125,SM2603,5652.0,112581.0,141764.0,0.0467091295116768
20251125,SM2604,5674.0,69536.0,27250.0,0.0507578427916808
20251125,SM2605,5698.0,22886.0,117466.0,0.0126360126360118
20251125,SM2606,5704.0,1.0,455.0,0.0799438990182324
20251125,SM2607,5742.0,4.0,608.0,0.0459770114942532
20251125,SM2608,5764.0,4.0,36.0,0.0124913254684235
20251125,SM2609,5770.0,195.0,4554.0,0.0166377816291154
20251125,SM2610,5778.0,4.0,33.0,0.0955347871235732
20251125,SM2611,5824.0,1.0,5.0,0.0
20251126,SM2512,5604.0,467.0,4217.0,0.0006255563842841
20251126,SM2601,5630.0,123911.0,369957.0,-0.0255772646536409
20251126,SM2602,5618.0,56078.0,35016.0,0.0213599145603406
20251126,SM2603,5628.0,129658.0,162248.0,0.051172707889127
20251126,SM2604,5652.0,64099.0,28976.0,0.0636942675159248
20251126,SM2605,5682.0,32437.0,128230.0,0.0295670538542758
20251126,SM2606,5696.0,7.0,457.0,0.0463483146067416
20251126,SM2607,5718.0,8.0,610.0,0.0587618048268625
20251126,SM2608,5746.0,5.0,37.0,0.0125304559693697
20251126,SM2609,5752.0,122.0,4622.0,0.0083449235048691
20251126,SM2610,5756.0,4.0,36.0,0.0958999305072971
20251126,SM2611,5802.0,1.0,5.0,0.0
20251127,SM2512,5604.0,1009.0,4193.0,0.000529316940548
20251127,SM2601,5626.0,144376.0,332903.0,-0.0170636331318871
20251127,SM2602,5618.0,46831.0,31910.0,0.0213599145603406
20251127,SM2603,5628.0,158454.0,190588.0,0.042643923240937
20251127,SM2604,5648.0,34418.0,28742.0,0.0594900849858364
20251127,SM2605,5676.0,46011.0,143373.0,-0.0042283298097256
20251127,SM2606,5674.0,6.0,461.0,0.0338385618611205
20251127,SM2607,5690.0,5.0,613.0,0.0590509666080834
20251127,SM2608,5718.0,3.0,38.0,0.0587618048268625
20251127,SM2609,5746.0,151.0,4676.0,0.0083536373129122
20251127,SM2610,5750.0,2.0,36.0,0.0
20251127,SM2611,0.0,0.0,5.0,0.0
20251128,SM2512,5594.0,427.0,4179.0,0.0004338516789658
20251128,SM2601,5612.0,113209.0,315155.0,0.0042765502494654
20251128,SM2602,5614.0,85136.0,31142.0,0.0042750267189157
20251128,SM2603,5616.0,399783.0,205587.0,0.0641025641025638
20251128,SM2604,5646.0,216656.0,26751.0,0.0425079702444204
20251128,SM2605,5666.0,40734.0,152322.0,0.02541475467702
20251128,SM2606,5678.0,5.0,463.0,0.0464952448045075
20251128,SM2607,5700.0,8.0,615.0,0.0210526315789474
20251128,SM2608,5710.0,3.0,37.0,0.046234676007006
20251128,SM2609,5732.0,357.0,4916.0,0.0
20251128,SM2610,0.0,0.0,36.0,0.0
20251128,SM2611,0.0,0.0,5.0,0.0
20251201,SM2512,5698.0,591.0,4248.0,0.0006152365702927
20251201,SM2601,5724.0,256244.0,253444.0,0.0125786163522008
20251201,SM2602,5730.0,63062.0,32962.0,0.016753926701571
20251201,SM2603,5738.0,487098.0,199918.0,0.0334611362844192
20251201,SM2604,5754.0,239812.0,25760.0,0.0333680917622523
20251201,SM2605,5770.0,100199.0,142463.0,0.0166377816291154
20251201,SM2606,5778.0,27.0,468.0,0.033229491173417
20251201,SM2607,5794.0,239.0,400.0,0.0331377286848466
20251201,SM2608,5810.0,15.0,37.0,0.0454388984509472
20251201,SM2609,5832.0,2138.0,4651.0,0.0164609053497937
20251201,SM2610,5840.0,6.0,35.0,0.13972602739726
20251201,SM2611,5908.0,6.0,10.0,0.0
20251202,SM2512,5692.0,102.0,4246.0,0.00071063665148
20251202,SM2601,5722.0,121934.0,227457.0,0.0083886752883612
20251202,SM2602,5726.0,43369.0,34421.0,0.0041914076143898
20251202,SM2603,5728.0,329533.0,214163.0,0.0460893854748594
20251202,SM2604,5750.0,153593.0,30021.0,0.033391304347826
20251202,SM2605,5766.0,78100.0,142921.0,0.0457856399583764
20251202,SM2606,5788.0,2.0,468.0,0.0
20251202,SM2607,0.0,0.0,400.0,0.0
20251202,SM2608,5810.0,5.0,34.0,0.0330464716006879
20251202,SM2609,5826.0,538.0,4599.0,0.0082389289392379
20251202,SM2610,5830.0,5.0,38.0,0.1646655231560894
20251202,SM2611,5910.0,2.0,11.0,0.0
20251203,SM2512,5710.0,401.0,4245.0,0.0003305850174147
20251203,SM2601,5724.0,102443.0,200018.0,0.0167714884696028
20251203,SM2602,5732.0,51875.0,35086.0,0.0293091416608524
20251203,SM2603,5746.0,198193.0,214486.0,0.0250609119387394
20251203,SM2604,5758.0,43384.0,27221.0,0.0291767974991321
20251203,SM2605,5772.0,52612.0,141131.0,0.0249480249480242
20251203,SM2606,5784.0,7.0,468.0,0.0373443983402488
20251203,SM2607,5802.0,6.0,397.0,0.0330920372285428
20251203,SM2608,5818.0,4.0,30.0,0.0165005156411126
20251203,SM2609,5826.0,427.0,4598.0,0.0411946446961897
20251203,SM2610,5846.0,6.0,34.0,0.1847417037290464
20251203,SM2611,5936.0,1.0,12.0,0.0
20251204,SM2512,5716.0,20.0,4227.0,0.0014624826035335
20251204,SM2601,5778.0,136042.0,161144.0,0.0041536863966777
20251204,SM2602,5780.0,80299.0,34099.0,0.0332179930795852
20251204,SM2603,5796.0,290333.0,252039.0,0.0289855072463769
20251204,SM2604,5810.0,46409.0,25767.0,0.0371772805507752
20251204,SM2605,5828.0,86422.0,151232.0,0.0247083047357596
20251204,SM2606,5840.0,18.0,468.0,0.0164383561643841
20251204,SM2607,5848.0,3.0,396.0,0.0451436388508899
20251204,SM2608,5870.0,2.0,28.0,0.0204429301533206
20251204,SM2609,5880.0,577.0,4721.0,-0.0122448979591838
20251204,SM2610,5874.0,1.0,33.0,0.1430030643513795
20251204,SM2611,5944.0,2.0,11.0,0.0
20251205,SM2512,0.0,0.0,4227.0,0.0
20251205,SM2601,5746.0,68664.0,147717.0,0.0041768186564574
20251205,SM2602,5748.0,21691.0,32368.0,0.0208768267223389
20251205,SM2603,5758.0,162489.0,263926.0,0.0458492532129204
20251205,SM2604,5780.0,28323.0,25095.0,0.0332179930795852
20251205,SM2605,5796.0,63253.0,153910.0,0.0165631469979308
20251205,SM2606,5804.0,2.0,467.0,0.0454858718125423
20251205,SM2607,5826.0,2.0,396.0,0.0411946446961897
20251205,SM2608,5846.0,1.0,29.0,-0.0041053711939791
20251205,SM2609,5844.0,357.0,4801.0,-0.0082135523613962
20251205,SM2610,5840.0,4.0,35.0,0.0
20251205,SM2611,0.0,0.0,11.0,0.0
20251208,SM2512,0.0,0.0,4227.0,0.0
20251208,SM2601,5728.0,69549.0,134218.0,0.0083798882681564
20251208,SM2602,5732.0,72103.0,31734.0,0.0083740404745284
20251208,SM2603,5736.0,265067.0,271282.0,0.0460251046025117
20251208,SM2604,5758.0,30932.0,26066.0,0.0375130253560263
20251208,SM2605,5776.0,83793.0,157397.0,0.0249307479224381
20251208,SM2606,5788.0,10.0,466.0,0.0207325501036628
20251208,SM2607,5798.0,1.0,395.0,0.0703690927906164
20251208,SM2608,5832.0,1.0,28.0,-0.0288065843621403
20251208,SM2609,5818.0,646.0,4775.0,0.0082502578205563
20251208,SM2610,5822.0,1.0,36.0,0.1648917897629669
20251208,SM2611,5902.0,3.0,11.0,0.0
20251209,SM2512,0.0,0.0,4227.0,0.0
20251209,SM2601,5726.0,57849.0,118954.0,0.0041914076143898
20251209,SM2602,5728.0,47991.0,32389.0,0.0083798882681564
20251209,SM2603,5732.0,259055.0,282351.0,0.0376831821353809
20251209,SM2604,5750.0,64004.0,29755.0,0.0459130434782597
20251209,SM2605,5772.0,84496.0,163391.0,-0.0041580041580036
20251209,SM2606,5770.0,14.0,460.0,0.0041594454072795
20251209,SM2607,5772.0,19.0,384.0,0.0706860706860705
20251209,SM2608,5806.0,11.0,28.0,0.0248019290389258
20251209,SM2609,5818.0,474.0,4732.0,-0.0082502578205563
20251209,SM2610,5814.0,48.0,34.0,0.1114551083591344
20251209,SM2611,5868.0,8.0,12.0,0.0
20251210,SM2512,5714.0,477.0,3771.0,9.43867418090006e-05
20251210,SM2601,5718.0,36427.0,111954.0,0.0041972717733482
20251210,SM2602,5720.0,46141.0,32174.0,0.0083916083916095
20251210,SM2603,5724.0,183801.0,280089.0,0.0503144654088059
20251210,SM2604,5748.0,23876.0,32443.0,0.0417536534446751
20251210,SM2605,5768.0,61496.0,164029.0,0.0790568654646337
20251210,SM2606,5806.0,2.0,461.0,-0.0372028935583874
20251210,SM2607,5788.0,1.0,383.0,0.0
20251210,SM2608,0.0,0.0,28.0,0.0
20251210,SM2609,5810.0,187.0,4722.0,0.0
20251210,SM2610,0.0,0.0,34.0,0.0
20251210,SM2611,5894.0,3.0,13.0,0.0
20251211,SM2512,5688.0,146.0,3626.0,0.0002370454653202
20251211,SM2601,5698.0,48848.0,113577.0,0.0336960336960343
20251211,SM2602,5714.0,18444.0,32233.0,-0.0042002100105005
20251211,SM2603,5712.0,148570.0,290271.0,0.0504201680672267
20251211,SM2604,5736.0,17614.0,32077.0,0.0460251046025117
20251211,SM2605,5758.0,62361.0,166125.0,-0.0083362278568941
20251211,SM2606,5754.0,11.0,452.0,0.0709071949947874
20251211,SM2607,5788.0,1.0,383.0,0.033172080165861
20251211,SM2608,5804.0,2.0,28.0,-0.0082701585113715
20251211,SM2609,5800.0,392.0,4784.0,0.0165517241379316
20251211,SM2610,5808.0,6.0,38.0,0.0991735537190079
20251211,SM2611,5856.0,5.0,15.0,0.0
20251212,SM2512,0.0,3.0,0.0,0.0
20251212,SM2601,5714.0,40012.0,103477.0,0.0252012600630031
20251212,SM2602,5726.0,19652.0,30549.0,0.0083828152287797
20251212,SM2603,5730.0,160617.0,281084.0,0.0335078534031421
20251212,SM2604,5746.0,23151.0,32165.0,0.0459450052210241
20251212,SM2605,5768.0,61189.0,163936.0,0.0041608876560346
20251212,SM2606,5770.0,19.0,448.0,0.029116117850954
20251212,SM2607,5784.0,14.0,377.0,0.0373443983402488
20251212,SM2608,5802.0,39.0,48.0,0.01654601861427
20251212,SM2609,5810.0,1059.0,5143.0,-0.0330464716006879
20251212,SM2610,5794.0,3.0,38.0,0.0
20251212,SM2611,0.0,0.0,15.0,0.0
20251215,SM2601,5740.0,53875.0,88300.0,0.0167247386759585
20251215,SM2602,5748.0,21624.0,30431.0,0.0208768267223389
20251215,SM2603,5758.0,225195.0,273655.0,0.0416811392844733
20251215,SM2604,5778.0,18930.0,31566.0,0.0373831775700921
20251215,SM2605,5796.0,93055.0,161034.0,0.0207039337474128
20251215,SM2606,5806.0,11.0,444.0,0.0206682741991039
20251215,SM2607,5816.0,1.0,377.0,0.0412654745529561
20251215,SM2608,5836.0,2.0,49.0,0.0123372172721047
20251215,SM2609,5842.0,676.0,5364.0,-0.0123245463882226
20251215,SM2610,5836.0,2.0,38.0,0.1357093899931447
20251215,SM2611,5902.0,10.0,14.0,0.0
20251215,SM2612,0.0,0.0,0.0,0.0
20251216,SM2601,5718.0,30746.0,78572.0,0.0167890870933904
20251216,SM2602,5726.0,15917.0,30539.0,0.0209570380719519
20251216,SM2603,5736.0,160310.0,278789.0,0.0418410041841008
20251216,SM2604,5756.0,14918.0,32568.0,0.0416956219596951
20251216,SM2605,5776.0,55778.0,164515.0,0.0498614958448762
20251216,SM2606,5800.0,1.0,444.0,0.0
20251216,SM2607,0.0,0.0,377.0,0.0
20251216,SM2608,0.0,0.0,49.0,0.0
20251216,SM2609,5820.0,429.0,5326.0,0.0
20251216,SM2610,0.0,0.0,38.0,0.0
20251216,SM2611,5878.0,3.0,14.0,0.0734943858455245
20251216,SM2612,5914.0,2.0,2.0,0.0
20251217,SM2601,5736.0,17727.0,70383.0,0.0167364016736408
20251217,SM2602,5744.0,16535.0,29615.0,0.0292479108635106
20251217,SM2603,5758.0,130766.0,276107.0,0.0416811392844733
20251217,SM2604,5778.0,16829.0,30611.0,0.0373831775700921
20251217,SM2605,5796.0,52680.0,163270.0,-0.037267080745341
20251217,SM2606,5778.0,4.0,443.0,0.0581516095534784
20251217,SM2607,5806.0,4.0,373.0,0.0248019290389258
20251217,SM2608,5818.0,5.0,49.0,0.0371261601925061
20251217,SM2609,5836.0,665.0,5471.0,0.0
20251217,SM2610,0.0,0.0,38.0,0.0
20251217,SM2611,0.0,0.0,14.0,0.0
20251217,SM2612,5900.0,1.0,3.0,0.0
20251218,SM2601,5754.0,25608.0,60240.0,0.0250260688216892
20251218,SM2602,5766.0,15158.0,30236.0,0.0291363163371496
20251218,SM2603,5780.0,185427.0,281543.0,0.0498269896193779
20251218,SM2604,5804.0,20292.0,28960.0,0.0330806340454863
20251218,SM2605,5820.0,76591.0,165767.0,-0.0041237113402061
20251218,SM2606,5818.0,5.0,443.0,0.0742523203850122
20251218,SM2607,5854.0,2.0,374.0,-0.0122992825418517
20251218,SM2608,5848.0,32.0,26.0,0.0082079343365242
20251218,SM2609,5852.0,398.0,5594.0,0.0
20251218,SM2610,0.0,0.0,38.0,0.0
20251218,SM2611,0.0,0.0,14.0,0.0
20251218,SM2612,0.0,0.0,3.0,0.0
20251219,SM2601,5770.0,25517.0,47489.0,0.0457538994800694
20251219,SM2602,5792.0,22418.0,31374.0,0.0331491712707174
20251219,SM2603,5808.0,214206.0,279300.0,0.0371900826446269
20251219,SM2604,5826.0,18790.0,26865.0,0.0247167868177138
20251219,SM2605,5838.0,117891.0,163985.0,0.0205549845837618
20251219,SM2606,5848.0,1.0,443.0,0.0
20251219,SM2607,0.0,0.0,374.0,0.0
20251219,SM2608,0.0,0.0,26.0,0.0
20251219,SM2609,5886.0,2648.0,7340.0,0.0
20251219,SM2610,0.0,0.0,38.0,0.0
20251219,SM2611,0.0,0.0,14.0,0.0
20251219,SM2612,5902.0,2.0,4.0,0.0
20251222,SM2601,5796.0,19437.0,43270.0,0.0538302277432718
20251222,SM2602,5822.0,20857.0,33573.0,0.0371006526966679
20251222,SM2603,5840.0,216194.0,281835.0,0.0205479452054788
20251222,SM2604,5850.0,17541.0,24226.0,0.028717948717948
20251222,SM2605,5864.0,97067.0,162543.0,-0.0163710777626198
20251222,SM2606,5856.0,8.0,442.0,0.0696721311475405
20251222,SM2607,5890.0,1.0,373.0,0.0081494057724968
20251222,SM2608,5894.0,1.0,26.0,0.0366474380726167
20251222,SM2609,5912.0,1180.0,8184.0,-0.0324763193504731
20251222,SM2610,5896.0,5.0,38.0,0.1180461329715072
20251222,SM2611,5954.0,4.0,14.0,0.020154517971112
20251222,SM2612,5964.0,3.0,4.0,0.0
20251223,SM2601,5786.0,10921.0,38951.0,0.0373314898029724
20251223,SM2602,5804.0,17332.0,30908.0,0.0372157133011707
20251223,SM2603,5822.0,159916.0,280367.0,0.0329783579525928
20251223,SM2604,5838.0,24177.0,21893.0,0.0369989722507702
20251223,SM2605,5856.0,77924.0,170432.0,-0.0040983606557372
20251223,SM2606,5854.0,5.0,442.0,0.0409976084728391
20251223,SM2607,5874.0,3.0,376.0,0.0
20251223,SM2608,0.0,0.0,26.0,0.0
20251223,SM2609,5902.0,722.0,8428.0,0.0
20251223,SM2610,5902.0,8.0,40.0,0.1341917993900381
20251223,SM2611,5968.0,1.0,14.0,0.0
20251223,SM2612,5968.0,5.0,8.0,0.0
20251224,SM2601,5790.0,7010.0,35549.0,0.0538860103626941
20251224,SM2602,5816.0,12060.0,28930.0,0.0330123796423649
20251224,SM2603,5832.0,105317.0,275733.0,0.0370370370370372
20251224,SM2604,5850.0,16163.0,21427.0,0.0205128205128204
20251224,SM2605,5860.0,52668.0,168275.0,0.0
20251224,SM2606,0.0,0.0,442.0,0.0
20251224,SM2607,5888.0,2.0,377.0,0.0366847826086962
20251224,SM2608,5906.0,1.0,27.0,0.0040636640704363
20251224,SM2609,5908.0,579.0,8588.0,0.0
20251224,SM2610,5908.0,3.0,42.0,0.1259309410968168
20251224,SM2611,5970.0,4.0,15.0,0.0281407035175886
20251224,SM2612,5984.0,4.0,11.0,0.0
20251225,SM2601,5806.0,8136.0,31285.0,0.0537375129176709
20251225,SM2602,5832.0,14499.0,28990.0,0.0288065843621403
20251225,SM2603,5846.0,128400.0,271981.0,0.0328429695518304
20251225,SM2604,5862.0,18764.0,21822.0,0.012282497441145
20251225,SM2605,5868.0,50399.0,170647.0,-0.0122699386503071
20251225,SM2606,5862.0,2.0,443.0,0.0
20251225,SM2607,0.0,0.0,377.0,0.0
20251225,SM2608,5908.0,1.0,28.0,0.0162491536899125
20251225,SM2609,5916.0,332.0,8620.0,-0.0081135902636915
20251225,SM2610,5912.0,5.0,45.0,0.1420838971583222
20251225,SM2611,5982.0,12.0,21.0,0.0080240722166511
20251225,SM2612,5986.0,20.0,26.0,0.0
20251226,SM2601,5802.0,11670.0,25248.0,0.045501551189246
20251226,SM2602,5824.0,32699.0,24985.0,0.0329670329670328
20251226,SM2603,5840.0,155082.0,263579.0,0.036986301369863
20251226,SM2604,5858.0,23803.0,19783.0,0.0204848071014005
20251226,SM2605,5868.0,79687.0,174332.0,0.004089979550101
20251226,SM2606,5870.0,13.0,443.0,0.028620102214651
20251226,SM2607,5884.0,3.0,377.0,0.0
20251226,SM2608,0.0,0.0,28.0,0.0
20251226,SM2609,5914.0,668.0,8762.0,-0.0162326682448421
20251226,SM2610,5906.0,6.0,51.0,0.1625465628174724
20251226,SM2611,5986.0,5.0,24.0,0.0441029067824931
20251226,SM2612,6008.0,9.0,32.0,0.0
20251229,SM2601,5820.0,13639.0,22006.0,0.0536082474226802
20251229,SM2602,5846.0,48026.0,21390.0,0.0328429695518304
20251229,SM2603,5862.0,290884.0,264162.0,0.0327533265097237
20251229,SM2604,5878.0,38605.0,18420.0,0.0204151071793132
20251229,SM2605,5888.0,143246.0,191245.0,0.008152173913043
20251229,SM2606,5892.0,88.0,468.0,0.1181262729124226
20251229,SM2607,5950.0,6.0,378.0,0.0
20251229,SM2608,5950.0,15.0,30.0,-0.0484033613445373
20251229,SM2609,5926.0,2962.0,9144.0,0.0121498481268975
20251229,SM2610,5932.0,9.0,56.0,0.1375590020229262
20251229,SM2611,6000.0,16.0,31.0,0.0559999999999991
20251229,SM2612,6028.0,23.0,42.0,0.0
20251230,SM2601,5906.0,11648.0,17707.0,0.028445648493057
20251230,SM2602,5920.0,51341.0,19860.0,0.0445945945945958
20251230,SM2603,5942.0,262830.0,278271.0,0.004039044092897
20251230,SM2604,5944.0,19039.0,19250.0,0.00807537012113
20251230,SM2605,5948.0,108988.0,205459.0,0.0121049092131819
20251230,SM2606,5954.0,125.0,521.0,0.0282163251595557
20251230,SM2607,5968.0,18.0,384.0,0.0120643431635398
20251230,SM2608,5974.0,5.0,27.0,0.0160696350853708
20251230,SM2609,5982.0,1051.0,9409.0,-0.0240722166499494
20251230,SM2610,5970.0,6.0,58.0,0.1608040201005014
20251230,SM2611,6050.0,6.0,34.0,0.083305785123966
20251230,SM2612,6092.0,13.0,47.0,0.0
20251231,SM2601,5882.0,6928.0,12574.0,0.0285617137028229
20251231,SM2602,5896.0,18647.0,17503.0,0.0488466757123484
20251231,SM2603,5920.0,146560.0,267767.0,0.012162162162161
20251231,SM2604,5926.0,12610.0,19197.0,0.0202497468781652
20251231,SM2605,5936.0,66562.0,206794.0,0.0040431266846363
20251231,SM2606,5938.0,2.0,520.0,0.0080835298080161
20251231,SM2607,5942.0,6.0,385.0,0.0484685291147748
20251231,SM2608,5966.0,1.0,26.0,-0.0040227958431113
20251231,SM2609,5964.0,937.0,9421.0,-0.0160965794768608
20251231,SM2610,5956.0,5.0,58.0,0.1410342511752844
20251231,SM2611,6026.0,4.0,33.0,0.0278791901759056
20251231,SM2612,6040.0,12.0,49.0,0.0
20260105,SM2601,5848.0,1965.0,10934.0,0.0246238030095753
20260105,SM2602,5860.0,5529.0,16330.0,0.0286689419795234
20260105,SM2603,5874.0,141265.0,269474.0,0.0286006128702753
20260105,SM2604,5888.0,11756.0,21340.0,0.0203804347826075
20260105,SM2605,5898.0,77360.0,216892.0,0.0284842319430307
20260105,SM2606,5912.0,7282.0,6126.0,0.040595399188092
20260105,SM2607,5932.0,3.0,385.0,0.0404585300067434
20260105,SM2608,5952.0,4.0,25.0,-0.0161290322580645
20260105,SM2609,5944.0,899.0,9677.0,-0.0161507402422613
20260105,SM2610,5936.0,3.0,59.0,0.1172506738544463
20260105,SM2611,5994.0,15.0,40.0,0.0360360360360365
20260105,SM2612,6012.0,8.0,48.0,0.0
20260106,SM2601,5876.0,1378.0,9814.0,0.0449285228046285
20260106,SM2602,5898.0,5981.0,15858.0,0.0406917599186176
20260106,SM2603,5918.0,274550.0,269557.0,0.0202771206488687
20260106,SM2604,5928.0,21018.0,22030.0,0.0121457489878533
20260106,SM2605,5934.0,159286.0,218983.0,0.0161779575328626
20260106,SM2606,5942.0,11365.0,13405.0,0.0403904409289808
20260106,SM2607,5962.0,8.0,381.0,0.0402549480040264
20260106,SM2608,5982.0,3.0,27.0,-0.0080240722166498
20260106,SM2609,5978.0,1808.0,10074.0,0.0080294412847106
20260106,SM2610,5982.0,4.0,61.0,0.132397191574725
20260106,SM2611,6048.0,17.0,39.0,0.0674603174603163
20260106,SM2612,6082.0,11.0,53.0,0.0
20260107,SM2601,5986.0,704.0,9562.0,-0.0200467758102242
20260107,SM2602,5976.0,12036.0,16994.0,0.0481927710843379
20260107,SM2603,6000.0,317087.0,284324.0,0.0319999999999991
20260107,SM2604,6016.0,30324.0,24592.0,0.0079787234042552
20260107,SM2605,6020.0,242633.0,253950.0,0.0119601328903664
20260107,SM2606,6026.0,12681.0,17145.0,0.0119482243611024
20260107,SM2607,6032.0,59.0,399.0,0.0517241379310355
20260107,SM2608,6058.0,27.0,41.0,0.0237702211951127
20260107,SM2609,6070.0,5500.0,12896.0,0.0237232289950588
20260107,SM2610,6082.0,37.0,83.0,0.2288720815521205
20260107,SM2611,6198.0,68.0,82.0,0.100677637947725
20260107,SM2612,6250.0,85.0,123.0,0.0
20260108,SM2601,5858.0,596.0,9202.0,0.0286787299419586
20260108,SM2602,5872.0,7219.0,15076.0,0.0408719346049055
20260108,SM2603,5892.0,275888.0,264806.0,0.0244399185336039
20260108,SM2604,5904.0,16660.0,25457.0,0.0325203252032508
20260108,SM2605,5920.0,188383.0,250192.0,-0.0081081081081086
20260108,SM2606,5916.0,10537.0,19164.0,0.1257606490872218
20260108,SM2607,5978.0,44.0,405.0,0.0321177651388424
20260108,SM2608,5994.0,18.0,33.0,-0.0480480480480483
20260108,SM2609,5970.0,3523.0,13540.0,-0.0201005025125633
20260108,SM2610,5960.0,37.0,66.0,0.1449664429530202
20260108,SM2611,6032.0,64.0,84.0,0.0079575596816967
20260108,SM2612,6036.0,60.0,135.0,0.0
20260109,SM2601,5872.0,93.0,9152.0,0.0367847411444142
20260109,SM2602,5890.0,6955.0,11558.0,0.0285229202037351
20260109,SM2603,5904.0,172154.0,253107.0,0.0243902439024381
20260109,SM2604,5916.0,22588.0,26134.0,0.0202839756592281
20260109,SM2605,5926.0,99239.0,251279.0,0.0121498481268975
20260109,SM2606,5932.0,7962.0,20436.0,-0.0040458530006746
20260109,SM2607,5930.0,6.0,411.0,0.0
20260109,SM2608,0.0,0.0,33.0,0.0
20260109,SM2609,5984.0,1723.0,13830.0,-0.0401069518716572
20260109,SM2610,5964.0,4.0,63.0,0.1971830985915481
20260109,SM2611,6062.0,32.0,78.0,-0.0316727152754867
20260109,SM2612,6046.0,38.0,141.0,0.0
20260112,SM2601,5912.0,39.0,9145.0,-0.0162381596752365
20260112,SM2602,5904.0,3866.0,11727.0,0.0528455284552853
20260112,SM2603,5930.0,144766.0,257314.0,0.0202360876897129
20260112,SM2604,5940.0,15611.0,26759.0,0.0040404040404036
20260112,SM2605,5942.0,80236.0,247341.0,0.0282733086502871
20260112,SM2606,5956.0,6846.0,22425.0,0.0725319006044333
20260112,SM2607,5992.0,18.0,410.0,0.032042723631509
20260112,SM2608,6008.0,1.0,34.0,-0.0199733688415446
20260112,SM2609,5998.0,1812.0,14052.0,0.0
20260112,SM2610,5998.0,7.0,63.0,0.1720573524508175
20260112,SM2611,6084.0,5.0,76.0,0.0197238658777125
20260112,SM2612,6094.0,14.0,140.0,0.0
20260113,SM2601,5864.0,342.0,9194.0,0.057298772169168
20260113,SM2602,5892.0,32291.0,12907.0,0.0488798370672105
20260113,SM2603,5916.0,143149.0,260989.0,0.032454361054766
20260113,SM2604,5932.0,14366.0,26937.0,0.024275118004045
20260113,SM2605,5944.0,94595.0,245515.0,0.004037685060565
20260113,SM2606,5946.0,8661.0,23987.0,0.0242179616548927
20260113,SM2607,5958.0,8.0,410.0,0.0
20260113,SM2608,0.0,0.0,34.0,0.0
20260113,SM2609,5986.0,4017.0,14360.0,0.0200467758102229
20260113,SM2610,5996.0,7.0,69.0,0.1521014009339554
20260113,SM2611,6072.0,12.0,74.0,0.0276679841897227
20260113,SM2612,6086.0,7.0,144.0,0.0
20260114,SM2601,5872.0,690.0,8964.0,0.0572207084468656
20260114,SM2602,5900.0,5570.0,9940.0,0.0406779661016942
20260114,SM2603,5920.0,143373.0,248641.0,0.0162162162162173
20260114,SM2604,5928.0,23770.0,25046.0,0.0202429149797582
20260114,SM2605,5938.0,80059.0,244979.0,0.0242505894240485
20260114,SM2606,5950.0,12025.0,24188.0,0.04436974789916
20260114,SM2607,5972.0,8.0,410.0,0.0200937709310125
20260114,SM2608,5982.0,2.0,35.0,0.012036108324974
20260114,SM2609,5988.0,694.0,14513.0,0.0
20260114,SM2610,0.0,0.0,69.0,0.0
20260114,SM2611,6090.0,1.0,75.0,0.0157635467980306
20260114,SM2612,6098.0,4.0,146.0,0.0
20260115,SM2601,5828.0,105.0,8880.0,0.0452985586822238
20260115,SM2602,5850.0,2555.0,8613.0,0.0410256410256408
20260115,SM2603,5870.0,127246.0,243818.0,0.0245315161839858
20260115,SM2604,5882.0,27103.0,26294.0,0.0326419585175115
20260115,SM2605,5898.0,81646.0,250383.0,0.0122075279755842
20260115,SM2606,5904.0,13586.0,23153.0,0.0406504065040662
20260115,SM2607,5924.0,5.0,411.0,0.0526671168129642
20260115,SM2608,5950.0,3.0,36.0,-0.008067226890756
20260115,SM2609,5946.0,963.0,14518.0,-0.0161453077699293
20260115,SM2610,5938.0,3.0,68.0,0.2627147187605247
20260115,SM2611,6068.0,1.0,76.0,-0.0276862228081742
20260115,SM2612,6054.0,8.0,148.0,0.0
20260116,SM2601,5834.0,68.0,0.0,-0.0575934178950978
20260116,SM2602,5806.0,1227.0,8260.0,0.0454702032380298
20260116,SM2603,5828.0,185672.0,230936.0,0.041180507892931
20260116,SM2604,5848.0,26523.0,27711.0,0.036935704514363
20260116,SM2605,5866.0,147687.0,254419.0,0.0245482441186499
20260116,SM2606,5878.0,9882.0,23175.0,0.0204151071793132
20260116,SM2607,5888.0,15.0,426.0,0.0407608695652177
20260116,SM2608,5908.0,3.0,39.0,0.0243737305348687
20260116,SM2609,5920.0,2637.0,15118.0,0.0405405405405394
20260116,SM2610,5940.0,9.0,77.0,0.1616161616161608
20260116,SM2611,6020.0,9.0,77.0,0.0358803986710967
20260116,SM2612,6038.0,9.0,148.0,0.0
20260119,SM2602,5786.0,1286.0,8003.0,0.0456273764258545
20260119,SM2603,5808.0,123290.0,228834.0,0.0454545454545467
20260119,SM2604,5830.0,16766.0,28876.0,0.0370497427101188
20260119,SM2605,5848.0,106298.0,273541.0,0.0123119015047876
20260119,SM2606,5854.0,8871.0,23406.0,0.0409976084728391
20260119,SM2607,5874.0,23.0,425.0,0.0081716036772219
20260119,SM2608,5878.0,4.0,41.0,0.0244981286151748
20260119,SM2609,5890.0,2083.0,15178.0,0.0040747028862471
20260119,SM2610,5892.0,8.0,79.0,0.1751527494908353
20260119,SM2611,5978.0,47.0,42.0,0.0441619270659083
20260119,SM2612,6000.0,107.0,86.0,-0.0008988764044943
20260119,SM2701,5960.0,33.0,30.0,0.0
20260120,SM2602,5742.0,1699.0,7846.0,0.037617554858933
20260120,SM2603,5760.0,140554.0,215166.0,0.0375000000000005
20260120,SM2604,5778.0,22408.0,28729.0,0.0415368639667699
20260120,SM2605,5798.0,183171.0,307065.0,0.0082787167988955
20260120,SM2606,5802.0,12950.0,23716.0,0.045501551189246
20260120,SM2607,5824.0,366.0,229.0,0.0947802197802207
20260120,SM2608,5870.0,8.0,40.0,-0.049063032367973
20260120,SM2609,5846.0,2214.0,15324.0,0.0
20260120,SM2610,5846.0,16.0,68.0,0.192952446117002
20260120,SM2611,5940.0,4.0,38.0,0.0040404040404036
20260120,SM2612,5942.0,15.0,80.0,-0.0004084426610795
20260120,SM2701,5924.0,26.0,38.0,0.0
20260121,SM2602,5724.0,457.0,7833.0,0.0503144654088059
20260121,SM2603,5748.0,71649.0,204097.0,0.0417536534446751
20260121,SM2604,5768.0,19833.0,29360.0,0.0374479889043009
20260121,SM2605,5786.0,135360.0,332292.0,0.0248876598686491
20260121,SM2606,5798.0,10175.0,23915.0,0.0372542255950314
20260121,SM2607,5816.0,39.0,224.0,0.0247592847317736
20260121,SM2608,5828.0,1.0,39.0,0.0329444063143453
20260121,SM2609,5844.0,1490.0,15892.0,0.0082135523613962
20260121,SM2610,5848.0,2.0,70.0,0.0
20260121,SM2611,0.0,0.0,38.0,0.0
20260121,SM2612,5942.0,1.0,81.0,-0.0006353552505682
20260121,SM2701,5914.0,6.0,40.0,0.0
20260122,SM2602,5754.0,139.0,7768.0,0.0375391032325351
20260122,SM2603,5772.0,71826.0,195831.0,0.0540540540540535
20260122,SM2604,5798.0,13516.0,29582.0,0.0331148671955849
20260122,SM2605,5814.0,141601.0,356074.0,0.0123839009287918
20260122,SM2606,5820.0,18268.0,24093.0,0.0453608247422678
20260122,SM2607,5842.0,22.0,222.0,0.0
20260122,SM2608,0.0,0.0,39.0,0.0
20260122,SM2609,5860.0,1320.0,15602.0,-0.040955631399318
20260122,SM2610,5840.0,1.0,71.0,0.0
20260122,SM2611,0.0,0.0,38.0,0.0
20260122,SM2612,5968.0,3.0,81.0,-0.0013103593698225
20260122,SM2701,5910.0,3.0,43.0,0.0
20260123,SM2602,5804.0,270.0,7582.0,0.0289455547897992
20260123,SM2603,5818.0,72983.0,174771.0,0.0412512891027843
20260123,SM2604,5838.0,19167.0,28996.0,0.0369989722507702
20260123,SM2605,5856.0,143780.0,348558.0,0.0327868852459003
20260123,SM2606,5872.0,21583.0,26205.0,0.0326975476839228
20260123,SM2607,5888.0,23.0,216.0,0.0611413043478252
20260123,SM2608,5918.0,3.0,37.0,-0.0324433930381884
20260123,SM2609,5902.0,1327.0,15758.0,0.0081328363266681
20260123,SM2610,5906.0,2.0,69.0,0.2072468675922802
20260123,SM2611,6008.0,5.0,39.0,-0.0159786950732354
20260123,SM2612,6000.0,2.0,81.0,-0.0003595505617977
20260123,SM2701,5984.0,11.0,49.0,0.0
20260126,SM2602,5776.0,291.0,7500.0,0.0249307479224381
20260126,SM2603,5788.0,62564.0,161816.0,0.0497581202487902
20260126,SM2604,5812.0,7166.0,28858.0,0.0330350997935307
20260126,SM2605,5828.0,132378.0,359586.0,0.0247083047357596
20260126,SM2606,5840.0,18733.0,26240.0,0.0657534246575339
20260126,SM2607,5872.0,11.0,224.0,0.0
20260126,SM2608,0.0,0.0,37.0,0.0
20260126,SM2609,5880.0,1312.0,16131.0,0.0
20260126,SM2610,5880.0,9.0,73.0,0.1959183673469384
20260126,SM2611,5976.0,4.0,37.0,0.0240963855421689
20260126,SM2612,5988.0,4.0,85.0,-0.0008106099840129
20260126,SM2701,5952.0,27.0,72.0,0.0
20260127,SM2602,5764.0,235.0,7475.0,0.033310201249133
20260127,SM2603,5780.0,57174.0,145212.0,0.0415224913494816
20260127,SM2604,5800.0,16149.0,29321.0,0.0372413793103447
20260127,SM2605,5818.0,103945.0,371448.0,0.0288759023719498
20260127,SM2606,5832.0,9918.0,26297.0,0.0123456790123466
20260127,SM2607,5838.0,19.0,210.0,0.0616649537512854
20260127,SM2608,5868.0,1.0,38.0,0.0
20260127,SM2609,5868.0,757.0,16277.0,0.0204498977505105
20260127,SM2610,5878.0,7.0,78.0,0.0
20260127,SM2611,0.0,0.0,37.0,0.0
20260127,SM2612,0.0,0.0,85.0,0.0
20260127,SM2701,5956.0,4.0,75.0,0.0
20260128,SM2602,5790.0,579.0,7194.0,0.0248704663212446
20260128,SM2603,5802.0,70244.0,117058.0,0.0330920372285428
20260128,SM2604,5818.0,19798.0,27370.0,0.0288759023719498
20260128,SM2605,5832.0,139854.0,374987.0,0.0246913580246905
20260128,SM2606,5844.0,9973.0,25081.0,0.0205338809034918
20260128,SM2607,5854.0,10.0,215.0,-0.0286983259309874
20260128,SM2608,5840.0,2.0,36.0,0.0821917808219181
20260128,SM2609,5880.0,2864.0,16585.0,-0.0244897959183676
20260128,SM2610,5868.0,4.0,80.0,0.1758691206543954
20260128,SM2611,5954.0,1.0,37.0,0.0282163251595557
20260128,SM2612,5968.0,2.0,84.0,-0.0003614784468476
20260128,SM2701,5952.0,23.0,95.0,0.0
20260129,SM2602,5880.0,88.0,7191.0,0.0326530612244893
20260129,SM2603,5896.0,99780.0,87455.0,0.032564450474898
20260129,SM2604,5912.0,25297.0,29679.0,0.0284167794316649
20260129,SM2605,5926.0,256191.0,362400.0,0.0323995950050628
20260129,SM2606,5942.0,10513.0,24837.0,0.0363513968360811
20260129,SM2607,5960.0,85.0,165.0,0.0161073825503352
20260129,SM2608,5968.0,11.0,34.0,0.0160857908847171
20260129,SM2609,5976.0,7424.0,16571.0,-0.0080321285140563
20260129,SM2610,5972.0,13.0,74.0,0.1527126590756875
20260129,SM2611,6048.0,11.0,39.0,0.0119047619047618
20260129,SM2612,6054.0,19.0,82.0,-0.000400886404383
20260129,SM2701,6036.0,36.0,99.0,0.0
20260130,SM2602,5816.0,1380.0,5991.0,0.0536451169188456
20260130,SM2603,5842.0,72999.0,72208.0,0.0328654570352631
20260130,SM2604,5858.0,19731.0,30119.0,0.0286787299419586
20260130,SM2605,5872.0,186163.0,361914.0,0.0367847411444142
20260130,SM2606,5890.0,10768.0,25263.0,0.024448217317488
20260130,SM2607,5902.0,93.0,202.0,0.020332090816673
20260130,SM2608,5912.0,6.0,32.0,0.020297699594046
20260130,SM2609,5922.0,3160.0,16638.0,0.0040526849037485
20260130,SM2610,5924.0,36.0,73.0,0.1539500337609727
20260130,SM2611,6000.0,51.0,73.0,0.024
20260130,SM2612,6012.0,14.0,83.0,-0.0007176657920114
20260130,SM2701,5980.0,124.0,134.0,0.0
20260202,SM2602,0.0,0.0,5991.0,0.0
20260202,SM2603,5800.0,38242.0,67184.0,0.0372413793103447
20260202,SM2604,5818.0,14656.0,33595.0,0.0330010312822279
20260202,SM2605,5834.0,186245.0,360081.0,0.0329105245114833
20260202,SM2606,5850.0,21062.0,37042.0,0.028717948717948
20260202,SM2607,5864.0,16779.0,15570.0,0.0695770804911335
20260202,SM2608,5898.0,5.0,35.0,-0.0488301119023395
20260202,SM2609,5874.0,3765.0,16565.0,-0.0122574055158328
20260202,SM2610,5868.0,31.0,77.0,0.2372188139059297
20260202,SM2611,5984.0,64.0,33.0,0.0280748663101615
20260202,SM2612,5998.0,20.0,83.0,-0.0013038053883129
20260202,SM2701,5940.0,106.0,128.0,0.0
20260203,SM2602,5784.0,230.0,5991.0,0.0331950207468878
20260203,SM2603,5800.0,34629.0,60940.0,0.0331034482758632
20260203,SM2604,5816.0,11969.0,34027.0,0.0412654745529561
20260203,SM2605,5836.0,134856.0,361029.0,0.0123372172721047
20260203,SM2606,5842.0,23277.0,39574.0,0.0328654570352631
20260203,SM2607,5858.0,20938.0,33159.0,0.0286787299419586
20260203,SM2608,5872.0,13.0,34.0,0.0163487738419627
20260203,SM2609,5880.0,2840.0,16960.0,-0.0040816326530608
20260203,SM2610,5878.0,3.0,79.0,0.2898945219462394
20260203,SM2611,6020.0,2.0,31.0,-0.0558139534883719
20260203,SM2612,5992.0,1.0,84.0,-0.0007200612052024
20260203,SM2701,5960.0,25.0,135.0,0.0
20260204,SM2602,5818.0,1500.0,5991.0,0.0206256445513934
20260204,SM2603,5828.0,20117.0,58065.0,0.041180507892931
20260204,SM2604,5848.0,13778.0,34047.0,0.0410396716826264
20260204,SM2605,5868.0,118851.0,354221.0,0.0081799591002047
20260204,SM2606,5872.0,24567.0,42093.0,0.0326975476839228
20260204,SM2607,5888.0,19933.0,45473.0,0.0244565217391317
20260204,SM2608,5900.0,7.0,34.0,0.0203389830508484
20260204,SM2609,5910.0,1573.0,16981.0,0.0284263959390873
20260204,SM2610,5924.0,46.0,79.0,0.0
20260204,SM2611,0.0,0.0,31.0,0.0
20260204,SM2612,6020.0,1.0,85.0,-0.0009854791145619
20260204,SM2701,5976.0,70.0,185.0,0.0
20260205,SM2602,5822.0,3.0,5990.0,0.0577121264170381
20260205,SM2603,5850.0,18919.0,52413.0,0.0369230769230757
20260205,SM2604,5868.0,12136.0,35089.0,0.0327198364008189
20260205,SM2605,5884.0,161205.0,350906.0,0.0285520054384784
20260205,SM2606,5898.0,28444.0,45970.0,0.0284842319430307
20260205,SM2607,5912.0,19807.0,57752.0,0.0
20260205,SM2608,0.0,0.0,34.0,0.0
20260205,SM2609,5932.0,3419.0,16978.0,0.024275118004045
20260205,SM2610,5944.0,6.0,73.0,0.1695827725437411
20260205,SM2611,6028.0,3.0,31.0,0.0278699402787001
20260205,SM2612,6042.0,8.0,89.0,-0.0012496792118094
20260205,SM2701,5986.0,69.0,168.0,0.0
20260206,SM2602,0.0,0.0,5990.0,0.0
20260206,SM2603,5816.0,23000.0,48916.0,0.0412654745529561
20260206,SM2604,5836.0,10330.0,35353.0,0.0411240575736799
20260206,SM2605,5856.0,206273.0,359017.0,0.0286885245901631
20260206,SM2606,5870.0,35702.0,45615.0,0.0163543441226581
20260206,SM2607,5878.0,20037.0,64394.0,0.1633208574345008
20260206,SM2608,5958.0,2.0,34.0,-0.1127895266868082
20260206,SM2609,5902.0,3910.0,17515.0,0.0365977634700094
20260206,SM2610,5920.0,78.0,72.0,0.2391891891891884
20260206,SM2611,6038.0,1.0,30.0,0.0158993044054316
20260206,SM2612,6046.0,8.0,84.0,-0.0020070842640876
20260206,SM2701,5956.0,17.0,159.0,0.0
20260209,SM2602,0.0,0.0,5990.0,0.0
20260209,SM2603,5778.0,19584.0,43158.0,0.0415368639667699
20260209,SM2604,5798.0,11998.0,33735.0,0.0289755087961358
20260209,SM2605,5812.0,173864.0,370051.0,0.0082587749483833
20260209,SM2606,5816.0,26696.0,42987.0,0.0247592847317736
20260209,SM2607,5828.0,12813.0,64992.0,0.1853122855181883
20260209,SM2608,5918.0,2.0,34.0,-0.1297735721527537
20260209,SM2609,5854.0,4742.0,18032.0,0.0
20260209,SM2610,5854.0,4.0,70.0,0.2254868466006154
20260209,SM2611,5964.0,19.0,28.0,-0.0160965794768608
20260209,SM2612,5956.0,42.0,85.0,-0.0008149651753306
20260209,SM2701,5920.0,82.0,170.0,0.0
20260210,SM2602,0.0,0.0,5990.0,0.0
20260210,SM2603,5778.0,18244.0,40292.0,0.0456905503634477
20260210,SM2604,5800.0,10321.0,32896.0,0.0372413793103447
20260210,SM2605,5818.0,132582.0,374337.0,0.0
20260210,SM2606,5818.0,23761.0,42271.0,0.0247507734616716
20260210,SM2607,5830.0,16092.0,66247.0,0.0246998284734143
20260210,SM2608,5842.0,3.0,35.0,0.0328654570352631
20260210,SM2609,5858.0,3538.0,19323.0,0.0122908842608397
20260210,SM2610,5864.0,2.0,68.0,0.0
20260210,SM2611,0.0,0.0,28.0,0.0
20260210,SM2612,5948.0,13.0,77.0,-0.0007253878180183
20260210,SM2701,5916.0,12.0,174.0,0.0
20260211,SM2602,0.0,0.0,5990.0,0.0
20260211,SM2603,5786.0,34473.0,34049.0,0.0497753197372956
20260211,SM2604,5810.0,12839.0,30896.0,0.0289156626506033
20260211,SM2605,5824.0,99449.0,367431.0,0.0082417582417582
20260211,SM2606,5828.0,20326.0,37961.0,0.0288263555250525
20260211,SM2607,5842.0,13882.0,67564.0,0.0
20260211,SM2608,0.0,0.0,35.0,0.0
20260211,SM2609,5866.0,2496.0,19818.0,0.0368223661779749
20260211,SM2610,5884.0,1.0,68.0,0.0
20260211,SM2611,0.0,0.0,28.0,0.0
20260211,SM2612,5958.0,6.0,78.0,-0.0006789096710682
20260211,SM2701,5928.0,58.0,197.0,0.0
20260212,SM2602,0.0,0.0,5990.0,0.0
20260212,SM2603,5762.0,14737.0,26665.0,0.0499826449149614
20260212,SM2604,5786.0,11350.0,27347.0,0.0290356031800902
20260212,SM2605,5800.0,101203.0,378385.0,0.0041379310344815
20260212,SM2606,5802.0,21937.0,36439.0,0.0248190279214064
20260212,SM2607,5814.0,14148.0,66726.0,0.0536635706914356
20260212,SM2608,5840.0,4.0,33.0,0.0041095890410947
20260212,SM2609,5842.0,2632.0,20484.0,-0.0123245463882226
20260212,SM2610,5836.0,9.0,65.0,0.2056202878684025
20260212,SM2611,5936.0,1.0,28.0,-0.0323450134770895
20260212,SM2612,5920.0,13.0,77.0,-0.0005010628606134
20260212,SM2701,5898.0,37.0,200.0,0.0
20260213,SM2602,0.0,0.0,0.0,0.0
20260213,SM2603,5728.0,6262.0,24693.0,0.0712290502793289
20260213,SM2604,5762.0,9939.0,25542.0,0.0166608816383195
20260213,SM2605,5770.0,156434.0,393485.0,0.0124783362218359
20260213,SM2606,5776.0,24410.0,37945.0,0.029085872576176
20260213,SM2607,5790.0,21742.0,66765.0,0.0
20260213,SM2608,0.0,0.0,33.0,0.0
20260213,SM2609,5816.0,3397.0,21720.0,0.020632737276478
20260213,SM2610,5826.0,43.0,86.0,0.2883625128733253
20260213,SM2611,5966.0,52.0,67.0,-0.1045926919208852
20260213,SM2612,5914.0,22.0,85.0,-0.0005471685925227
20260213,SM2701,5890.0,60.0,237.0,0.0
20260224,SM2603,5696.0,7103.0,22804.0,0.0547752808988759
20260224,SM2604,5722.0,13264.0,24636.0,0.0335547011534425
20260224,SM2605,5738.0,171048.0,434550.0,0.0
20260224,SM2606,5738.0,21691.0,41027.0,0.0334611362844192
20260224,SM2607,5754.0,10296.0,67696.0,0.0
20260224,SM2608,0.0,0.0,33.0,0.0
20260224,SM2609,5788.0,6149.0,22595.0,-0.0207325501036628
20260224,SM2610,5778.0,3.0,85.0,0.3032191069574255
20260224,SM2611,5924.0,8.0,65.0,-0.1053342336259284
20260224,SM2612,5872.0,17.0,83.0,-0.0005051587423078
20260224,SM2701,5850.0,112.0,316.0,0.0656410256410264
20260224,SM2702,5882.0,9.0,9.0,0.0
20260225,SM2603,5710.0,7664.0,18340.0,0.046234676007006
20260225,SM2604,5732.0,13581.0,24096.0,0.0418702023726451
20260225,SM2605,5752.0,140366.0,453701.0,0.0041724617524332
20260225,SM2606,5754.0,23283.0,43515.0,0.0291970802919721
20260225,SM2607,5768.0,11636.0,68830.0,0.0
20260225,SM2608,0.0,0.0,33.0,0.0
20260225,SM2609,5802.0,4195.0,24217.0,0.01654601861427
20260225,SM2610,5810.0,8.0,88.0,0.2561101549053344
20260225,SM2611,5934.0,24.0,78.0,-0.0647118301314453
20260225,SM2612,5902.0,4.0,82.0,-0.0004569009172285
20260225,SM2701,5882.0,65.0,355.0,0.0734444066644002
20260225,SM2702,5918.0,1.0,10.0,0.0
20260226,SM2603,5882.0,14807.0,12138.0,0.0408024481468887
20260226,SM2604,5902.0,36994.0,21170.0,0.0325313453066753
20260226,SM2605,5918.0,722558.0,451708.0,0.0202771206488687
20260226,SM2606,5928.0,77771.0,39100.0,0.0283400809716605
20260226,SM2607,5942.0,57748.0,69299.0,0.0969370582295523
20260226,SM2608,5990.0,29.0,50.0,-0.0360601001669445
20260226,SM2609,5972.0,26479.0,26218.0,0.0442062960482259
20260226,SM2610,5994.0,23.0,84.0,0.2402402402402401
20260226,SM2611,6114.0,24.0,93.0,-0.0628066732090291
20260226,SM2612,6082.0,19.0,94.0,-0.0008867573868737
20260226,SM2701,6042.0,291.0,370.0,0.0158887785501482
20260226,SM2702,6050.0,15.0,13.0,0.0
20260227,SM2603,5982.0,3195.0,11092.0,0.0441323971915759
20260227,SM2604,6004.0,35412.0,13706.0,0.043970686209195
20260227,SM2605,6026.0,575592.0,446255.0,0.0278791901759056
20260227,SM2606,6040.0,74494.0,37877.0,0.0079470198675499
20260227,SM2607,6044.0,48532.0,75708.0,0.0
20260227,SM2608,6044.0,35.0,66.0,0.0595632031767037
20260227,SM2609,6074.0,19745.0,26110.0,-0.0276588738887064
20260227,SM2610,6060.0,105.0,76.0,0.122772277227722
20260227,SM2611,6122.0,54.0,96.0,-0.0039202874877486
20260227,SM2612,6120.0,15.0,98.0,-0.0001321877065432
20260227,SM2701,6114.0,243.0,425.0,0.0078508341511289
20260227,SM2702,6118.0,1.0,13.0,0.0
20260302,SM2603,6026.0,696.0,10616.0,0.0637238632592103
20260302,SM2604,6058.0,11013.0,15275.0,0.0475404423902281
20260302,SM2605,6082.0,440382.0,454840.0,0.0236764222295287
20260302,SM2606,6094.0,53747.0,39264.0,0.0157531998687225
20260302,SM2607,6102.0,56634.0,85478.0,0.0196656833824988
20260302,SM2608,6112.0,17418.0,13738.0,0.0274869109947646
20260302,SM2609,6126.0,17838.0,27436.0,-0.039177277179236
20260302,SM2610,6106.0,75.0,115.0,0.1297084834588924
20260302,SM2611,6172.0,14.0,99.0,-0.0388852883992227
20260302,SM2612,6152.0,60.0,145.0,0.0004383337473152
20260302,SM2701,6172.0,227.0,506.0,-0.0194426441996107
20260302,SM2702,6162.0,22.0,17.0,0.0
20260303,SM2603,6068.0,540.0,10460.0,0.0355965721819373
20260303,SM2604,6086.0,7906.0,17514.0,0.0630956293131772
20260303,SM2605,6118.0,437375.0,445082.0,0.0117685518143177
20260303,SM2606,6124.0,37774.0,39824.0,0.0274330502939266
20260303,SM2607,6138.0,69414.0,89277.0,0.0156402737047907
20260303,SM2608,6146.0,10094.0,18550.0,0.0273348519362199
20260303,SM2609,6160.0,16667.0,28535.0,-0.0506493506493508
20260303,SM2610,6134.0,16.0,120.0,0.1212911640039138
20260303,SM2611,6196.0,97.0,112.0,-0.0387346675274371
20260303,SM2612,6176.0,137.0,234.0,0.0003493043022646
20260303,SM2701,6192.0,351.0,572.0,-0.0620155038759695
20260303,SM2702,6160.0,4.0,18.0,0.0
20260304,SM2603,6066.0,494.0,10450.0,0.0474777448071215
20260304,SM2604,6090.0,6779.0,19042.0,0.0591133004926121
20260304,SM2605,6120.0,386011.0,443995.0,0.0235294117647058
20260304,SM2606,6132.0,26382.0,39398.0,0.0234833659491187
20260304,SM2607,6144.0,66238.0,93012.0,0.0195312500000008
20260304,SM2608,6154.0,8755.0,20386.0,0.019499512512187
20260304,SM2609,6164.0,14540.0,30669.0,-0.0194678780012975
20260304,SM2610,6154.0,82.0,163.0,0.062398440038998
20260304,SM2611,6186.0,75.0,108.0,0.0116391852570325
20260304,SM2612,6192.0,44.0,224.0,0.0
20260304,SM2701,6192.0,106.0,582.0,-0.0310077519379841
20260304,SM2702,6176.0,4.0,19.0,0.0
20260305,SM2603,6042.0,8.0,10445.0,0.0436941410129083
20260305,SM2604,6064.0,4253.0,19095.0,0.055408970976253
20260305,SM2605,6092.0,242409.0,435845.0,0.0196979645436643
20260305,SM2606,6102.0,35580.0,38984.0,0.0235988200589964
20260305,SM2607,6114.0,64070.0,93494.0,0.0235525024533869
20260305,SM2608,6126.0,3557.0,21335.0,0.0235063663075418
20260305,SM2609,6138.0,11837.0,33332.0,-0.0273704789833817
20260305,SM2610,6124.0,4.0,161.0,0.1175702155453963
20260305,SM2611,6184.0,23.0,122.0,-0.0931435963777489
20260305,SM2612,6136.0,14.0,223.0,0.0010986918242679
20260305,SM2701,6186.0,84.0,591.0,0.0
20260305,SM2702,0.0,0.0,19.0,0.0
20260306,SM2603,6080.0,111.0,10374.0,0.0434210526315785
20260306,SM2604,6102.0,7586.0,19609.0,0.0550639134709936
20260306,SM2605,6130.0,217679.0,434120.0,0.0195758564437182
20260306,SM2606,6140.0,16175.0,38257.0,0.0273615635179158
20260306,SM2607,6154.0,43568.0,93511.0,0.0116997075073133
20260306,SM2608,6160.0,4169.0,22209.0,0.0350649350649359
20260306,SM2609,6178.0,10486.0,33366.0,-0.1553900938815147
20260306,SM2610,6098.0,51.0,158.0,0.2597572974745823
20260306,SM2611,6230.0,62.0,79.0,-0.0731942215088277
20260306,SM2612,6192.0,20.0,229.0,0.0006532532009406
20260306,SM2701,6222.0,264.0,713.0,0.0
20260306,SM2702,6222.0,6.0,24.0,0.0
20260309,SM2603,6098.0,88.0,10320.0,0.0157428665136123
20260309,SM2604,6106.0,10242.0,21567.0,0.0510972813625931
20260309,SM2605,6132.0,629224.0,396316.0,0.0195694716242664
20260309,SM2606,6142.0,60429.0,43000.0,0.0273526538586788
20260309,SM2607,6156.0,125122.0,97843.0,0.0272904483430789
20260309,SM2608,6170.0,13387.0,23301.0,0.0272285251215551
20260309,SM2609,6184.0,34524.0,36774.0,-0.015523932729625
20260309,SM2610,6176.0,90.0,170.0,0.4196891191709833
20260309,SM2611,6392.0,6.0,77.0,-0.3229036295369214
20260309,SM2612,6220.0,52.0,224.0,0.0006069583438708
20260309,SM2701,6248.0,228.0,725.0,0.0230473751600523
20260309,SM2702,6260.0,15.0,24.0,0.0
20260310,SM2603,0.0,0.0,10320.0,0.0
20260310,SM2604,6066.0,4445.0,20389.0,0.0435212660731956
20260310,SM2605,6088.0,251107.0,367360.0,0.0236530880420504
20260310,SM2606,6100.0,15162.0,43701.0,0.0432786885245901
20260310,SM2607,6122.0,47396.0,101380.0,0.0196014374387445
20260310,SM2608,6132.0,4526.0,23648.0,0.0273972602739736
20260310,SM2609,6146.0,17325.0,36029.0,-0.0234298730881872
20260310,SM2610,6134.0,36.0,167.0,0.1682425823280091
20260310,SM2611,6220.0,1.0,77.0,0.0
20260310,SM2612,0.0,0.0,224.0,0.0
20260310,SM2701,6186.0,325.0,798.0,0.0271580989330741
20260310,SM2702,6200.0,13.0,30.0,0.0
20260311,SM2603,0.0,0.0,10320.0,0.0
20260311,SM2604,6088.0,42180.0,15643.0,0.0551905387647826
20260311,SM2605,6116.0,168178.0,369306.0,0.0156965336821448
20260311,SM2606,6124.0,8766.0,43251.0,0.0352710646636191
20260311,SM2607,6142.0,20985.0,100943.0,0.0234451318788675
20260311,SM2608,6154.0,2533.0,23301.0,0.0311992200195003
20260311,SM2609,6170.0,6491.0,36453.0,-0.0077795786061591
20260311,SM2610,6166.0,2.0,165.0,0.0
20260311,SM2611,0.0,0.0,77.0,0.0
20260311,SM2612,6200.0,6.0,224.0,0.0004784342152954
20260311,SM2701,6222.0,68.0,792.0,0.0
20260311,SM2702,0.0,0.0,30.0,0.0
20260312,SM2603,6046.0,30.0,10319.0,0.1865696328150834
20260312,SM2604,6140.0,7198.0,11481.0,0.0429967426710087
20260312,SM2605,6162.0,200890.0,366997.0,0.0272638753651408
20260312,SM2606,6176.0,12446.0,43347.0,0.0272020725388602
20260312,SM2607,6190.0,36188.0,100846.0,0.0310177705977379
20260312,SM2608,6206.0,6583.0,24147.0,0.0232033515952307
20260312,SM2609,6218.0,13197.0,35295.0,-0.015439047925378
20260312,SM2610,6210.0,13.0,163.0,0.1584541062801934
20260312,SM2611,6292.0,2.0,78.0,-0.1182453909726635
20260312,SM2612,6230.0,50.0,224.0,0.0003029920464587
20260312,SM2701,6244.0,90.0,784.0,0.0307495195387561
20260312,SM2702,6260.0,7.0,27.0,0.0
20260313,SM2603,0.0,2155.0,0.0,0.0
20260313,SM2604,6152.0,2215.0,10344.0,0.0468140442132645
20260313,SM2605,6176.0,206064.0,365719.0,0.0233160621761658
20260313,SM2606,6188.0,15424.0,44571.0,0.0310277957336779
20260313,SM2607,6204.0,74260.0,104482.0,0.0154738878143145
20260313,SM2608,6212.0,34068.0,24981.0,0.0347714101738576
20260313,SM2609,6230.0,17331.0,35591.0,0.0654895666131629
20260313,SM2610,6264.0,24.0,166.0,0.0
20260313,SM2611,0.0,0.0,78.0,0.0
20260313,SM2612,6250.0,6.0,224.0,0.0002157303370786
20260313,SM2701,6260.0,250.0,945.0,0.0
20260313,SM2702,0.0,0.0,27.0,0.0
20260316,SM2604,6144.0,2120.0,9246.0,0.03515625
20260316,SM2605,6162.0,151573.0,364751.0,0.0389483933787726
20260316,SM2606,6182.0,40915.0,43927.0,0.0271756713037847
20260316,SM2607,6196.0,70671.0,106263.0,0.0232408005164614
20260316,SM2608,6208.0,13753.0,25873.0,0.0231958762886597
20260316,SM2609,6220.0,12580.0,36665.0,-0.0192926045016075
20260316,SM2610,6210.0,5.0,164.0,0.0888888888888876
20260316,SM2611,6256.0,30.0,80.0,-0.015345268542199
20260316,SM2612,6248.0,12.0,222.0,0.0004747586643456
20260316,SM2701,6270.0,96.0,949.0,0.0382775119617235
20260316,SM2702,6290.0,18.0,39.0,0.0190779014308413
20260316,SM2703,6300.0,2.0,2.0,0.0
20260317,SM2604,6226.0,979.0,9311.0,0.0269836170896233
20260317,SM2605,6240.0,239710.0,364105.0,0.0307692307692306
20260317,SM2606,6256.0,26917.0,42070.0,0.0268542199488504
20260317,SM2607,6270.0,63656.0,106445.0,0.022966507177033
20260317,SM2608,6282.0,11196.0,25446.0,0.011461318051575
20260317,SM2609,6288.0,17686.0,37970.0,-0.0114503816793898
20260317,SM2610,6282.0,1.0,163.0,0.0
20260317,SM2611,0.0,0.0,80.0,0.0
20260317,SM2612,6328.0,2.0,223.0,0.0002982996917569
20260317,SM2701,6342.0,50.0,955.0,0.0
20260317,SM2702,0.0,0.0,39.0,0.0
20260317,SM2703,0.0,0.0,2.0,0.0
20260318,SM2604,6118.0,1185.0,8833.0,0.0392285060477286
20260318,SM2605,6138.0,248221.0,355360.0,0.0391006842619754
20260318,SM2606,6158.0,56904.0,43059.0,0.0350763234816495
20260318,SM2607,6176.0,98664.0,108712.0,0.0116580310880829
20260318,SM2608,6182.0,13346.0,26466.0,0.0310579100614694
20260318,SM2609,6198.0,16042.0,39562.0,-0.0735721200387216
20260318,SM2610,6160.0,20.0,166.0,0.1363636363636375
20260318,SM2611,6230.0,6.0,81.0,-0.0577849117174955
20260318,SM2612,6200.0,5.0,221.0,0.001000362450163
20260318,SM2701,6246.0,84.0,976.0,0.1767531219980789
20260318,SM2702,6338.0,4.0,38.0,-0.1969075418112971
20260318,SM2703,6234.0,2.0,3.0,0.0
20260319,SM2604,6166.0,414.0,8762.0,0.0428154395069748
20260319,SM2605,6188.0,173565.0,344535.0,0.0310277957336779
20260319,SM2606,6204.0,14045.0,42143.0,0.0348162475822038
20260319,SM2607,6222.0,40295.0,108683.0,0.0192864030858253
20260319,SM2608,6232.0,6501.0,26787.0,0.0115532734274701
20260319,SM2609,6238.0,12787.0,39507.0,-0.0153895479320298
20260319,SM2610,6230.0,4.0,169.0,0.0847512038523268
20260319,SM2611,6274.0,5.0,81.0,-0.0306024864520235
20260319,SM2612,6258.0,5.0,221.0,0.0004740000215454
20260319,SM2701,6280.0,388.0,1064.0,0.0
20260319,SM2702,0.0,0.0,38.0,0.0
20260319,SM2703,0.0,0.0,3.0,0.0
20260320,SM2604,6440.0,1809.0,8598.0,-0.0745341614906833
20260320,SM2605,6400.0,1391749.0,428681.0,0.0299999999999993
20260320,SM2606,6416.0,109792.0,44770.0,0.0261845386533661
20260320,SM2607,6430.0,225627.0,122459.0,0.1045101088646971
20260320,SM2608,6486.0,50679.0,28365.0,-0.0851063829787235
20260320,SM2609,6440.0,109906.0,63698.0,0.1341614906832298
20260320,SM2610,6512.0,94.0,147.0,0.0737100737100746
20260320,SM2611,6552.0,88.0,119.0,-0.0512820512820511
20260320,SM2612,6524.0,83.0,231.0,-0.0019426973181132
20260320,SM2701,6430.0,1344.0,1351.0,0.2351477449455679
20260320,SM2702,6556.0,62.0,61.0,0.0988407565588769
20260320,SM2703,6610.0,11.0,10.0,0.0
20260323,SM2604,6530.0,1997.0,8359.0,0.0477794793261878
20260323,SM2605,6556.0,668201.0,405033.0,0.0292861500915186
20260323,SM2606,6572.0,43031.0,45269.0,0.0401704199634807
20260323,SM2607,6594.0,121331.0,123468.0,-0.0036396724294811
20260323,SM2608,6592.0,25215.0,31107.0,0.0291262135922343
20260323,SM2609,6608.0,67986.0,64490.0,-0.0544794188861987
20260323,SM2610,6578.0,7.0,145.0,0.083916083916085
20260323,SM2611,6624.0,13.0,121.0,-0.0289855072463769
20260323,SM2612,6608.0,15.0,234.0,-0.0002448513208368
20260323,SM2701,6596.0,694.0,1588.0,0.0327471194663431
20260323,SM2702,6614.0,46.0,94.0,0.0254006652555185
20260323,SM2703,6628.0,12.0,11.0,0.0
20260324,SM2604,6454.0,4250.0,7822.0,0.0483421134180348
20260324,SM2605,6480.0,897615.0,406591.0,0.0222222222222212
20260324,SM2606,6492.0,54926.0,44512.0,0.0480591497227358
20260324,SM2607,6518.0,145110.0,115584.0,0.0368211107701759
20260324,SM2608,6538.0,24057.0,31653.0,0.0036708473539297
20260324,SM2609,6540.0,76146.0,72206.0,0.044036697247705
20260324,SM2610,6564.0,26.0,162.0,-0.0182815356489944
20260324,SM2611,6554.0,60.0,141.0,0.0512664021971325
20260324,SM2612,6582.0,11.0,233.0,-0.0006555160652648
20260324,SM2701,6550.0,430.0,1692.0,0.0696183206106875
20260324,SM2702,6588.0,39.0,66.0,0.0109289617486334
20260324,SM2703,6594.0,9.0,9.0,0.0
20260325,SM2604,6460.0,2215.0,7338.0,0.0594427244582034
20260325,SM2605,6492.0,439738.0,392420.0,0.0295748613678368
20260325,SM2606,6508.0,31480.0,46821.0,0.0368776889981559
20260325,SM2607,6528.0,90595.0,120608.0,0.022058823529413
20260325,SM2608,6540.0,12784.0,32220.0,0.0366972477064209
20260325,SM2609,6560.0,55426.0,84004.0,-0.0439024390243902
20260325,SM2610,6536.0,58.0,192.0,0.0881272949816391
20260325,SM2611,6584.0,43.0,157.0,-0.0546780072904011
20260325,SM2612,6554.0,7.0,231.0,0.0002057239253496
20260325,SM2701,6564.0,730.0,1962.0,-0.0365630712979889
20260325,SM2702,6544.0,10.0,65.0,0.0036674816625907
20260325,SM2703,6546.0,3.0,6.0,0.0
20260326,SM2604,6402.0,335.0,7310.0,0.0599812558575445
20260326,SM2605,6434.0,374063.0,380552.0,0.026111283804787
20260326,SM2606,6448.0,14180.0,47505.0,0.0446650124069476
20260326,SM2607,6472.0,75022.0,124885.0,0.0148331273176767
20260326,SM2608,6480.0,10540.0,31804.0,0.0222222222222212
20260326,SM2609,6492.0,50824.0,90942.0,-0.0221811460258782
20260326,SM2610,6480.0,103.0,238.0,-0.0296296296296292
20260326,SM2611,6464.0,52.0,185.0,0.1225247524752486
20260326,SM2612,6530.0,12.0,232.0,-0.0005781440886487
20260326,SM2701,6502.0,392.0,2154.0,0.0258382036296529
20260326,SM2702,6516.0,12.0,67.0,0.0
20260326,SM2703,0.0,0.0,6.0,0.0
20260327,SM2604,6536.0,178.0,7324.0,0.0807833537331701
20260327,SM2605,6580.0,444422.0,381188.0,0.0328267477203656
20260327,SM2606,6598.0,21086.0,46910.0,0.0400121248863278
20260327,SM2607,6620.0,96083.0,137059.0,0.0036253776435035
20260327,SM2608,6622.0,12149.0,32716.0,0.0072485653880995
20260327,SM2609,6626.0,63907.0,99786.0,-0.112284938122547
20260327,SM2610,6564.0,60.0,270.0,0.0585009140767818
20260327,SM2611,6596.0,9.0,187.0,-0.0145542753183747
20260327,SM2612,6588.0,14.0,231.0,0.0008186488201223
20260327,SM2701,6628.0,602.0,2447.0,0.0036210018105009
20260327,SM2702,6630.0,10.0,63.0,0.0
20260327,SM2703,6630.0,1.0,6.0,0.0
20260330,SM2604,6562.0,235.0,7259.0,0.0475464797317881
20260330,SM2605,6588.0,310986.0,366873.0,0.0400728597449902
20260330,SM2606,6610.0,17675.0,49873.0,0.039939485627837
20260330,SM2607,6632.0,115142.0,153258.0,0.0144752714113396
20260330,SM2608,6640.0,15925.0,34831.0,0.0108433734939765
20260330,SM2609,6646.0,49735.0,110193.0,-0.0108335841107432
20260330,SM2610,6640.0,23.0,272.0,0.0542168674698801
20260330,SM2611,6670.0,24.0,207.0,-0.0287856071964012
20260330,SM2612,6654.0,1.0,230.0,8.105287687055775e-05
20260330,SM2701,6658.0,590.0,2714.0,-0.0216281165515166
20260330,SM2702,6646.0,1.0,63.0,0.0
20260330,SM2703,0.0,0.0,6.0,0.0
20260331,SM2604,6422.0,379.0,7258.0,0.0411086888819687
20260331,SM2605,6444.0,359939.0,353594.0,0.0335195530726259
20260331,SM2606,6462.0,20635.0,50803.0,0.0482822655524595
20260331,SM2607,6488.0,108775.0,162450.0,0.0073982737361273
20260331,SM2608,6492.0,15465.0,36801.0,0.0221811460258782
20260331,SM2609,6504.0,51420.0,113062.0,0.0110701107011061
20260331,SM2610,6510.0,45.0,256.0,0.0368663594470053
20260331,SM2611,6530.0,35.0,192.0,-0.0551301684532927
20260331,SM2612,6500.0,41.0,237.0,0.0002904062229904
20260331,SM2701,6514.0,1053.0,2833.0,0.0589499539453477
20260331,SM2702,6546.0,10.0,62.0,0.1173235563703034
20260331,SM2703,6610.0,1.0,6.0,0.0
20260401,SM2604,6352.0,282.0,7253.0,0.0528967254408057
20260401,SM2605,6380.0,317577.0,330953.0,0.0300940438871464
20260401,SM2606,6396.0,15263.0,49247.0,0.0450281425891194
20260401,SM2607,6420.0,108939.0,162830.0,-0.0074766355140192
20260401,SM2608,6416.0,10547.0,36758.0,0.0411471321695753
20260401,SM2609,6438.0,49872.0,113357.0,-0.0260950605778198
20260401,SM2610,6424.0,15.0,256.0,0.1270236612702371
20260401,SM2611,6492.0,4.0,188.0,-0.0517560073937151
20260401,SM2612,6464.0,8.0,237.0,-0.0004588942040271
20260401,SM2701,6442.0,502.0,3002.0,0.0260788574976702
20260401,SM2702,6456.0,1.0,62.0,0.0
20260401,SM2703,0.0,0.0,6.0,0.0
20260402,SM2604,6484.0,1764.0,6604.0,0.0333127698951276
20260402,SM2605,6502.0,460781.0,338365.0,0.0406028914180245
20260402,SM2606,6524.0,31169.0,49326.0,0.0331085223789076
20260402,SM2607,6542.0,152690.0,172483.0,0.0036686028737387
20260402,SM2608,6544.0,15767.0,36516.0,0.011002444987775
20260402,SM2609,6550.0,69643.0,118297.0,-0.0256488549618318
20260402,SM2610,6536.0,37.0,260.0,0.1432068543451663
20260402,SM2611,6614.0,2.0,188.0,-0.1016026610220741
20260402,SM2612,6558.0,3.0,237.0,0.0002467181348108
20260402,SM2701,6570.0,707.0,3065.0,0.1095890410958917
20260402,SM2702,6630.0,6.0,61.0,-0.0904977375565607
20260402,SM2703,6580.0,4.0,6.0,0.0
20260403,SM2604,6420.0,244.0,6582.0,0.0112149532710281
20260403,SM2605,6426.0,289632.0,328921.0,0.029878618113913
20260403,SM2606,6442.0,37488.0,49855.0,0.0372555107109597
20260403,SM2607,6462.0,114528.0,171282.0,0.0111420612813359
20260403,SM2608,6468.0,15067.0,36104.0,0.0148423005565865
20260403,SM2609,6476.0,37523.0,121092.0,-0.0222359481161213
20260403,SM2610,6464.0,10.0,256.0,0.1336633663366324
20260403,SM2611,6536.0,7.0,181.0,-0.091799265605875
20260403,SM2612,6486.0,2.0,236.0,0.000332609215354
20260403,SM2701,6502.0,319.0,3186.0,0.0
20260403,SM2702,0.0,0.0,61.0,0.0
20260403,SM2703,0.0,0.0,6.0,0.0
20260407,SM2604,0.0,0.0,6582.0,0.0
20260407,SM2605,6392.0,191646.0,323671.0,0.033792240300376
20260407,SM2606,6410.0,15470.0,50100.0,0.0411856474258982
20260407,SM2607,6432.0,74478.0,176616.0,0.0074626865671643
20260407,SM2608,6436.0,16285.0,36238.0,0.0186451211932876
20260407,SM2609,6446.0,33221.0,122521.0,0.0111697176543597
20260407,SM2610,6452.0,10.0,258.0,0.0
20260407,SM2611,0.0,0.0,181.0,0.0
20260407,SM2612,6480.0,11.0,235.0,-0.0002496878901373
20260407,SM2701,6468.0,512.0,3332.0,0.0
20260407,SM2702,0.0,0.0,61.0,0.0
20260407,SM2703,6486.0,1.0,7.0,0.0
20260408,SM2604,0.0,0.0,6582.0,0.0
20260408,SM2605,6230.0,263869.0,290291.0,0.0269662921348325
20260408,SM2606,6244.0,23869.0,46904.0,0.034593209481101
20260408,SM2607,6262.0,111018.0,179995.0,0.0153305653145956
20260408,SM2608,6270.0,13105.0,34611.0,0.0306220095693783
20260408,SM2609,6286.0,54940.0,122427.0,-0.0152720330894049
20260408,SM2610,6278.0,26.0,249.0,0.0
20260408,SM2611,0.0,0.0,181.0,0.0
20260408,SM2612,6310.0,28.0,231.0,0.000213679018501
20260408,SM2701,6320.0,495.0,3417.0,0.1063291139240512
20260408,SM2702,6376.0,2.0,61.0,-0.0150564617314925
20260408,SM2703,6368.0,1.0,7.0,0.0
20260409,SM2604,6102.0,1881.0,4903.0,0.039331366764995
20260409,SM2605,6122.0,269622.0,271907.0,0.0274420124142444
20260409,SM2606,6136.0,33959.0,45244.0,0.0430247718383318
20260409,SM2607,6158.0,132960.0,180546.0,0.0116921078272174
20260409,SM2608,6164.0,24219.0,33961.0,0.0311486048020777
20260409,SM2609,6180.0,66951.0,119613.0,0.0699029126213597
20260409,SM2610,6216.0,33.0,254.0,0.0231660231660244
20260409,SM2611,6228.0,7.0,181.0,-0.0346820809248558
20260409,SM2612,6210.0,32.0,232.0,0.0
20260409,SM2701,6210.0,472.0,3573.0,0.0888888888888876
20260409,SM2702,6256.0,30.0,63.0,0.0076726342711008
20260409,SM2703,6260.0,4.0,8.0,0.0
20260410,SM2604,6058.0,2.0,4903.0,0.1228128095080887
20260410,SM2605,6120.0,208749.0,256010.0,0.0313725490196077
20260410,SM2606,6136.0,20141.0,46260.0,0.0430247718383318
20260410,SM2607,6158.0,111359.0,198786.0,0.0155894771029565
20260410,SM2608,6166.0,19342.0,34346.0,0.0194615634122605
20260410,SM2609,6176.0,64089.0,121601.0,-0.0233160621761658
20260410,SM2610,6164.0,48.0,249.0,0.0700843608046728
20260410,SM2611,6200.0,9.0,177.0,-0.1006451612903229
20260410,SM2612,6148.0,15.0,232.0,0.0014035805925741
20260410,SM2701,6212.0,290.0,3513.0,0.0193174500965875
20260410,SM2702,6222.0,14.0,64.0,0.0
20260410,SM2703,6222.0,33.0,8.0,0.0
20260413,SM2604,6102.0,2.0,4475.0,0.0707964601769921
20260413,SM2605,6138.0,206889.0,229290.0,0.0312805474095787
20260413,SM2606,6154.0,17511.0,44365.0,0.042898927526811
20260413,SM2607,6176.0,109925.0,204344.0,0.0194300518134715
20260413,SM2608,6186.0,19191.0,31264.0,0.0232783705140651
20260413,SM2609,6198.0,50927.0,126873.0,-0.0271055179090033
20260413,SM2610,6184.0,17.0,240.0,0.03104786545925
20260413,SM2611,6200.0,14.0,178.0,0.0387096774193542
20260413,SM2612,6220.0,24.0,233.0,0.000130062502258
20260413,SM2701,6226.0,660.0,3643.0,0.0462576292964991
20260413,SM2702,6250.0,16.0,64.0,0.0767999999999995
20260413,SM2703,6290.0,9.0,15.0,0.0
20260414,SM2604,6130.0,4.0,4475.0,0.0391517128874392
20260414,SM2605,6150.0,118870.0,204564.0,0.0429268292682936
20260414,SM2606,6172.0,31421.0,44594.0,0.0388852883992214
20260414,SM2607,6192.0,108432.0,214415.0,0.0116279069767442
20260414,SM2608,6198.0,12345.0,31434.0,0.0232333010648604
20260414,SM2609,6210.0,29731.0,130374.0,-0.0193236714975846
20260414,SM2610,6200.0,2.0,241.0,0.1238709677419347
20260414,SM2611,6264.0,5.0,180.0,-0.0498084291187734
20260414,SM2612,6238.0,3.0,234.0,0.0001296872016744
20260414,SM2701,6244.0,748.0,4165.0,0.0461242793081355
20260414,SM2702,6268.0,1.0,65.0,0.0306317804722411
20260414,SM2703,6284.0,1.0,16.0,0.0
20260415,SM2604,6158.0,2.0,0.0,0.0233842156544321
20260415,SM2605,6170.0,106752.0,179457.0,0.0233387358184762
20260415,SM2606,6182.0,35550.0,41133.0,0.0427046263345207
20260415,SM2607,6204.0,132110.0,230014.0,0.0116054158607346
20260415,SM2608,6210.0,21694.0,33006.0,0.0309178743961364
20260415,SM2609,6226.0,28326.0,133548.0,-0.0346932219723736
20260415,SM2610,6208.0,10.0,240.0,0.0
20260415,SM2611,0.0,0.0,180.0,0.0
20260415,SM2612,0.0,0.0,234.0,0.0
20260415,SM2701,6266.0,997.0,4875.0,0.0
20260415,SM2702,0.0,0.0,65.0,0.0
20260415,SM2703,6292.0,1.0,15.0,0.0
20260416,SM2605,6206.0,84505.0,145051.0,0.0232033515952307
20260416,SM2606,6218.0,18533.0,39232.0,0.0424573817947884
20260416,SM2607,6240.0,154112.0,249636.0,0.0115384615384614
20260416,SM2608,6246.0,12115.0,31157.0,0.0230547550432289
20260416,SM2609,6258.0,32528.0,128119.0,-0.0230105465004797
20260416,SM2610,6246.0,19.0,246.0,0.0845341018251684
20260416,SM2611,6290.0,11.0,181.0,-0.0305246422893477
20260416,SM2612,6274.0,12.0,230.0,0.00038682918268
20260416,SM2701,6292.0,501.0,5185.0,0.0
20260416,SM2702,0.0,0.0,65.0,0.0
20260416,SM2703,6320.0,1.0,15.0,0.0
20260416,SM2704,0.0,0.0,0.0,0.0
20260417,SM2605,6200.0,45595.0,131068.0,0.0193548387096784
20260417,SM2606,6210.0,16734.0,37280.0,0.0386473429951692
20260417,SM2607,6230.0,139672.0,256068.0,0.0154093097913321
20260417,SM2608,6238.0,11355.0,30440.0,0.0269317088810518
20260417,SM2609,6252.0,28664.0,131307.0,-0.0115163147792709
20260417,SM2610,6246.0,17.0,247.0,0.0384245917387131
20260417,SM2611,6266.0,32.0,203.0,-0.0191509735078199
20260417,SM2612,6256.0,16.0,233.0,0.0008620937383258
20260417,SM2701,6296.0,627.0,5591.0,-0.015247776365947
20260417,SM2702,6288.0,4.0,65.0,0.049618320610687
20260417,SM2703,6314.0,1.0,15.0,0.0
20260417,SM2704,0.0,0.0,0.0,0.0
20260420,SM2605,6172.0,50329.0,110916.0,0.0194426441996107
20260420,SM2606,6182.0,14557.0,38449.0,0.0349401488191514
20260420,SM2607,6200.0,184592.0,257797.0,0.0116129032258065
20260420,SM2608,6206.0,25828.0,29489.0,0.027070576861103
20260420,SM2609,6220.0,42567.0,130083.0,-0.0231511254019287
20260420,SM2610,6208.0,26.0,264.0,0.10438144329897
20260420,SM2611,6262.0,30.0,185.0,-0.0076652826572978
20260420,SM2612,6258.0,4.0,233.0,0.0002154545552479
20260420,SM2701,6268.0,993.0,6163.0,0.0
20260420,SM2702,0.0,0.0,65.0,0.0
20260420,SM2703,6290.0,1.0,15.0,0.0
20260420,SM2704,0.0,0.0,0.0,0.0
20260421,SM2605,6164.0,38594.0,95238.0,0.0350421804023364
20260421,SM2606,6182.0,20844.0,36658.0,0.0349401488191514
20260421,SM2607,6200.0,174137.0,262725.0,0.0038709677419346
20260421,SM2608,6202.0,12143.0,29087.0,0.0309577555627216
20260421,SM2609,6218.0,43420.0,137148.0,-0.0424573817947897
20260421,SM2610,6196.0,33.0,291.0,0.1316978695932871
20260421,SM2611,6264.0,24.0,174.0,-0.0574712643678165
20260421,SM2612,6234.0,19.0,236.0,0.0004758248531972
20260421,SM2701,6256.0,767.0,6320.0,0.0306905370843981
20260421,SM2702,6272.0,4.0,68.0,0.049744897959183
20260421,SM2703,6298.0,32.0,45.0,0.0
20260421,SM2704,0.0,0.0,0.0,0.0
20260422,SM2605,6164.0,31357.0,81554.0,0.0389357560025951
20260422,SM2606,6184.0,32171.0,35129.0,0.03104786545925
20260422,SM2607,6200.0,170068.0,266253.0,0.0077419354838719
20260422,SM2608,6204.0,8209.0,28952.0,0.0232108317214692
20260422,SM2609,6216.0,55380.0,144273.0,-0.0038610038610036
20260422,SM2610,6214.0,51.0,297.0,0.1042806565819125
20260422,SM2611,6268.0,5.0,169.0,-0.0650925335035097
20260422,SM2612,6234.0,1.0,236.0,0.0008651360967222
20260422,SM2701,6274.0,373.0,6488.0,0.0382531080650307
20260422,SM2702,6294.0,2.0,68.0,0.0
20260422,SM2703,0.0,0.0,45.0,0.0
20260422,SM2704,0.0,0.0,0.0,0.0
20260423,SM2605,6140.0,23146.0,71968.0,0.0234527687296406
20260423,SM2606,6152.0,21772.0,33582.0,0.0351105331599477
20260423,SM2607,6170.0,216907.0,270520.0,0.0233387358184762
20260423,SM2608,6182.0,20041.0,31460.0,0.0310579100614694
20260423,SM2609,6198.0,71931.0,150949.0,-0.0077444336882859
20260423,SM2610,6194.0,34.0,301.0,0.1084920891185028
20260423,SM2611,6250.0,11.0,168.0,0.0
20260423,SM2612,6250.0,15.0,236.0,0.0002588764044943
20260423,SM2701,6262.0,1509.0,7378.0,0.0153305653145956
20260423,SM2702,6270.0,11.0,64.0,-0.0038277511961726
20260423,SM2703,6268.0,37.0,45.0,0.0
20260423,SM2704,0.0,0.0,0.0,0.0
20260424,SM2605,6108.0,24431.0,61476.0,0.0353634577603152
20260424,SM2606,6126.0,32267.0,33866.0,0.0391772771792373
20260424,SM2607,6146.0,177893.0,285857.0,0.0273348519362199
20260424,SM2608,6160.0,42665.0,30269.0,0.0272727272727264
20260424,SM2609,6174.0,56362.0,158471.0,-0.0155490767735666
20260424,SM2610,6166.0,26.0,304.0,0.0934155043788518
20260424,SM2611,6214.0,14.0,172.0,0.0115867396202125
20260424,SM2612,6220.0,9.0,239.0,0.000260125004516
20260424,SM2701,6232.0,793.0,7641.0,0.0654685494223352
20260424,SM2702,6266.0,1.0,64.0,0.0306415576125118
20260424,SM2703,6282.0,5.0,46.0,0.0
20260424,SM2704,0.0,0.0,0.0,0.0
20260427,SM2605,6116.0,16684.0,51652.0,0.0392413342053634
20260427,SM2606,6136.0,13807.0,33513.0,0.0312907431551492
20260427,SM2607,6152.0,149945.0,283259.0,0.0234070221066309
20260427,SM2608,6164.0,16622.0,29811.0,0.0350421804023364
20260427,SM2609,6182.0,50981.0,159757.0,-0.0155289550307347
20260427,SM2610,6174.0,20.0,297.0,0.1127308066083578
20260427,SM2611,6232.0,8.0,166.0,-0.0308087291399234
20260427,SM2612,6216.0,2.0,239.0,0.0007374951195175
20260427,SM2701,6250.0,2177.0,9469.0,0.0
20260427,SM2702,0.0,0.0,64.0,0.0
20260427,SM2703,6300.0,1.0,45.0,0.0
20260427,SM2704,0.0,0.0,0.0,0.0
20260428,SM2605,6044.0,27089.0,39201.0,0.0635340833884852
20260428,SM2606,6076.0,27860.0,29582.0,0.0355497037524692
20260428,SM2607,6094.0,217894.0,300927.0,0.0236297998030838
20260428,SM2608,6106.0,33524.0,30762.0,0.0432361611529632
20260428,SM2609,6128.0,89813.0,173106.0,-0.0391644908616193
20260428,SM2610,6108.0,50.0,290.0,0.1218074656188603
20260428,SM2611,6170.0,14.0,166.0,0.0077795786061578
20260428,SM2612,6174.0,25.0,241.0,0.0005678033653268
20260428,SM2701,6200.0,2328.0,9599.0,-0.0696774193548392
20260428,SM2702,6164.0,53.0,73.0,0.0194678780012989
20260428,SM2703,6174.0,15.0,51.0,0.0272108843537406
20260428,SM2704,6188.0,2.0,2.0,0.0
20260429,SM2605,6060.0,8726.0,35628.0,0.0633663366336625
20260429,SM2606,6092.0,29680.0,27574.0,0.0433355219960605
20260429,SM2607,6114.0,177856.0,293001.0,0.02747791952895
20260429,SM2608,6128.0,23249.0,28987.0,0.0391644908616193
20260429,SM2609,6148.0,58111.0,170477.0,-0.0195185426154842
20260429,SM2610,6138.0,20.0,291.0,0.1055718475073312
20260429,SM2611,6192.0,4.0,165.0,0.0
20260429,SM2612,6192.0,4.0,243.0,0.0005226025607525
20260429,SM2701,6216.0,499.0,9637.0,-0.0193050193050194
20260429,SM2702,6206.0,3.0,74.0,0.0077344505317444
20260429,SM2703,6210.0,15.0,58.0,-0.0425120772946856
20260429,SM2704,6188.0,1.0,2.0,0.0
20260430,SM2605,6022.0,7132.0,30801.0,0.0677515775489876
20260430,SM2606,6056.0,44338.0,23975.0,0.039630118890356
20260430,SM2607,6076.0,175023.0,294050.0,0.0355497037524692
20260430,SM2608,6094.0,5961.0,29550.0,0.0315063997374478
20260430,SM2609,6110.0,45557.0,174491.0,-0.0117839607201304
20260430,SM2610,6104.0,64.0,302.0,0.0668414154652685
20260430,SM2611,6138.0,2.0,165.0,0.0312805474095787
20260430,SM2612,6154.0,9.0,243.0,0.0007011060678539
20260430,SM2701,6186.0,786.0,9640.0,0.0426770126091184
20260430,SM2702,6208.0,7.0,76.0,0.0425257731958774
20260430,SM2703,6230.0,10.0,64.0,0.0500802568218308
20260430,SM2704,6256.0,2.0,4.0,0.0
20260506,SM2605,6030.0,3289.0,30259.0,0.1034825870646756
20260506,SM2606,6082.0,9232.0,24947.0,0.0434067740874715
20260506,SM2607,6104.0,147683.0,309389.0,0.0275229357798156
20260506,SM2608,6118.0,23006.0,30656.0,0.035305655442956
20260506,SM2609,6136.0,48207.0,177194.0,-0.0117340286831812
20260506,SM2610,6130.0,6150.0,4878.0,0.1331158238172918
20260506,SM2611,6198.0,21.0,167.0,-0.0038722168441429
20260506,SM2612,6196.0,10.0,246.0,0.0003481767867634
20260506,SM2701,6212.0,640.0,9736.0,0.0502253702511277
20260506,SM2702,6238.0,14.0,81.0,0.050016030779096
20260506,SM2703,6264.0,23.0,77.0,0.0
20260506,SM2704,0.0,0.0,4.0,0.0
20260507,SM2605,6000.0,2451.0,28261.0,0.0400000000000009
20260507,SM2606,6020.0,9378.0,24226.0,0.0558139534883732
20260507,SM2607,6048.0,276657.0,344297.0,0.0436507936507926
20260507,SM2608,6070.0,23198.0,34694.0,0.0434925864909399
20260507,SM2609,6092.0,114580.0,203485.0,-0.0196979645436643
20260507,SM2610,6082.0,8195.0,11165.0,0.185465307464649
20260507,SM2611,6176.0,70.0,151.0,-0.0349740932642488
20260507,SM2612,6158.0,227.0,146.0,0.0003941159941758
20260507,SM2701,6176.0,3012.0,10124.0,0.0310880829015545
20260507,SM2702,6192.0,122.0,110.0,0.065891472868218
20260507,SM2703,6226.0,73.0,76.0,-0.0732412463861225
20260507,SM2704,6188.0,4.0,5.0,0.0
20260508,SM2605,5974.0,1012.0,27480.0,0.0401740877134244
20260508,SM2606,5994.0,4200.0,23985.0,0.0280280280280287
20260508,SM2607,6008.0,221070.0,363185.0,0.0519307589880169
20260508,SM2608,6034.0,27892.0,37162.0,0.0477295326483249
20260508,SM2609,6058.0,68580.0,209287.0,-0.007923407065038
20260508,SM2610,6054.0,27683.0,19403.0,0.0832507433102085
20260508,SM2611,6096.0,42.0,150.0,0.0708661417322833
20260508,SM2612,6132.0,56.0,151.0,0.0002198817036434
20260508,SM2701,6142.0,1725.0,10274.0,-0.0039075219798112
20260508,SM2702,6140.0,27.0,134.0,0.0625407166123768
20260508,SM2703,6172.0,26.0,96.0,0.0388852883992214
20260508,SM2704,6192.0,4.0,7.0,0.0
20260511,SM2605,5868.0,5236.0,23680.0,0.05316973415132953
20260511,SM2606,5894.0,6178.0,23607.0,0.03664743807261672
20260511,SM2607,5912.0,247154.0,401715.0,0.05277401894451916
20260511,SM2608,5938.0,26869.0,38025.0,0.056584708656113314
20260511,SM2609,5966.0,92165.0,230585.0,-0.012068387529332814
20260511,SM2610,5960.0,28516.0,22870.0,0.13691275167785122
20260511,SM2611,6028.0,45.0,129.0,0.05175846051758448
20260511,SM2612,6054.0,12.0,158.0,0.0
20260511,SM2701,6054.0,879.0,10680.0,0.031714568880078176
20260511,SM2702,6070.0,48.0,168.0,0.05930807248764314
20260511,SM2703,6100.0,40.0,128.0,0.11016393442622974
20260511,SM2704,6156.0,9.0,16.0,0.0
