date,symbol,close,volume,open_interest,roll_yield
20250526,SA2506,1263.0,2093.0,14387.0,-0.0285374688596092
20250526,SA2507,1260.0,6472.0,26392.0,0.0664821645073842
20250526,SA2508,1267.0,2179.0,12593.0,-0.1237615095392772
20250526,SA2509,1254.0,1103199.0,1502342.0,0.2087009125424308
20250526,SA2510,1276.0,2724.0,9236.0,-0.1228840986509292
20250526,SA2511,1263.0,3878.0,11365.0,0.0284697642435647
20250526,SA2512,1266.0,1369.0,9431.0,-0.2780787637396031
20250526,SA2601,1237.0,173149.0,422996.0,0.278078763739603
20250526,SA2602,1266.0,1360.0,8738.0,0.0
20250526,SA2603,1266.0,1001.0,6062.0,0.2995475347189653
20250526,SA2604,1298.0,735.0,1532.0,-0.092807887196836
20250526,SA2605,1288.0,893.0,2181.0,0.0
20250527,SA2506,1244.0,4504.0,12205.0,-0.038647376400506
20250527,SA2507,1240.0,10451.0,27613.0,0.028997194939543
20250527,SA2508,1243.0,2563.0,13102.0,-0.1164115839150914
20250527,SA2509,1231.0,1313560.0,1559061.0,0.2221391401009488
20250527,SA2510,1254.0,2908.0,9424.0,-0.1347247511254012
20250527,SA2511,1240.0,2951.0,11588.0,0.028997194939543
20250527,SA2512,1243.0,1419.0,9911.0,-0.3030710985774166
20250527,SA2601,1212.0,191012.0,452353.0,0.293413150369972
20250527,SA2602,1242.0,1777.0,9807.0,0.0289505568646071
20250527,SA2603,1245.0,1716.0,6688.0,0.3139299124640646
20250527,SA2604,1278.0,727.0,1617.0,-0.0942659992837066
20250527,SA2605,1268.0,2356.0,3169.0,0.0
20250528,SA2506,1230.0,2698.0,10783.0,-0.0097600656051407
20250528,SA2507,1229.0,7982.0,28361.0,0.0097600656051393
20250528,SA2508,1230.0,1914.0,13254.0,-0.1472411111017723
20250528,SA2509,1215.0,1026244.0,1561375.0,0.2250371696387096
20250528,SA2510,1238.0,1838.0,9454.0,-0.0973241344494435
20250528,SA2511,1228.0,3348.0,11022.0,0.0584891490989442
20250528,SA2512,1234.0,822.0,9704.0,-0.2654758004136198
20250528,SA2601,1207.0,145613.0,456340.0,0.3623286264191196
20250528,SA2602,1244.0,2013.0,9624.0,-0.0096501814609642
20250528,SA2603,1243.0,1036.0,6487.0,0.2673141561449156
20250528,SA2604,1271.0,837.0,1545.0,-0.1043072549271645
20250528,SA2605,1260.0,995.0,3513.0,0.0
20250529,SA2506,1230.0,4038.0,7941.0,-0.0293040438666209
20250529,SA2507,1227.0,12093.0,28444.0,-0.0391837082848691
20250529,SA2508,1223.0,3593.0,11236.0,-0.1978610365499211
20250529,SA2509,1203.0,1732743.0,1492636.0,0.2076689651711091
20250529,SA2510,1224.0,4061.0,9336.0,-0.157897014930133
20250529,SA2511,1208.0,5621.0,11015.0,0.1774888560167576
20250529,SA2512,1226.0,2068.0,8712.0,-0.2472275329940786
20250529,SA2601,1201.0,220658.0,454902.0,0.354414603750051
20250529,SA2602,1237.0,1244.0,10248.0,-0.009704812498222
20250529,SA2603,1236.0,1425.0,7040.0,0.2972585076420351
20250529,SA2604,1267.0,549.0,1530.0,-0.1333347051008486
20250529,SA2605,1253.0,2260.0,4564.0,0.0
20250530,SA2506,1224.0,1708.0,7029.0,0.0489197579251609
20250530,SA2507,1229.0,8295.0,29323.0,-0.0783676254639622
20250530,SA2508,1221.0,1579.0,11411.0,-0.2181878289982857
20250530,SA2509,1199.0,1419939.0,1421702.0,0.178811255520155
20250530,SA2510,1217.0,2895.0,8661.0,-0.1488237347084907
20250530,SA2511,1202.0,2934.0,10880.0,0.1488237347084912
20250530,SA2512,1217.0,1217.0,8409.0,-0.2490749443467855
20250530,SA2601,1192.0,188966.0,449220.0,0.3374912264503395
20250530,SA2602,1226.0,452.0,10152.0,-0.0097919222079516
20250530,SA2603,1225.0,960.0,6974.0,0.2903367430446836
20250530,SA2604,1255.0,377.0,1503.0,-0.1539716392409019
20250530,SA2605,1239.0,1599.0,5157.0,0.0
20250603,SA2506,1220.0,34.0,7014.0,-0.0394089024142786
20250603,SA2507,1216.0,4682.0,29248.0,-0.0990922228677789
20250603,SA2508,1206.0,360.0,11417.0,-0.21079588461479
20250603,SA2509,1185.0,840854.0,1438866.0,0.1609412221290228
20250603,SA2510,1201.0,1424.0,8476.0,-0.1407051296437857
20250603,SA2511,1187.0,968.0,10759.0,0.1506926458258169
20250603,SA2512,1202.0,717.0,8187.0,-0.2726242622027224
20250603,SA2601,1175.0,107050.0,453936.0,0.3423050884384
20250603,SA2602,1209.0,491.0,10057.0,-0.0298136799319433
20250603,SA2603,1206.0,1006.0,7035.0,0.2948551287660639
20250603,SA2604,1236.0,222.0,1516.0,-0.1465219668831767
20250603,SA2605,1221.0,1327.0,5728.0,0.0
20250604,SA2506,1244.0,603.0,6890.0,-0.0096501814609642
20250604,SA2507,1243.0,13907.0,28234.0,-0.0677694419169004
20250604,SA2508,1236.0,2864.0,11389.0,-0.107274180465705
20250604,SA2509,1225.0,2055706.0,1377454.0,0.0975615129990037
20250604,SA2510,1235.0,3557.0,8431.0,-0.1564814349696724
20250604,SA2511,1219.0,4161.0,11145.0,0.1661941024363752
20250604,SA2512,1236.0,1837.0,7975.0,-0.1957629058982855
20250604,SA2601,1216.0,311500.0,425531.0,0.2828249564723482
20250604,SA2602,1245.0,925.0,10072.0,-0.0289505568646065
20250604,SA2603,1242.0,1581.0,6749.0,0.2106997465605448
20250604,SA2604,1264.0,623.0,1618.0,-0.1048874377288137
20250604,SA2605,1253.0,2471.0,6191.0,0.0
20250605,SA2506,1218.0,430.0,6937.0,0.0589681776291499
20250605,SA2507,1224.0,11349.0,30194.0,-0.0885612875714704
20250605,SA2508,1215.0,1819.0,11472.0,-0.1191076775996391
20250605,SA2509,1203.0,1448760.0,1443208.0,0.1585489620791107
20250605,SA2510,1219.0,1852.0,8478.0,-0.1386154026781933
20250605,SA2511,1205.0,2704.0,10570.0,0.1287672281410431
20250605,SA2512,1218.0,1200.0,7827.0,-0.2187301651111832
20250605,SA2601,1196.0,166684.0,441911.0,0.297290183826957
20250605,SA2602,1226.0,600.0,10252.0,-0.0293997697078118
20250605,SA2603,1223.0,959.0,7028.0,0.23320571991437
20250605,SA2604,1247.0,239.0,1679.0,-0.1063236919488039
20250605,SA2605,1236.0,1563.0,6405.0,0.0
20250606,SA2506,1222.0,198.0,6505.0,0.0
20250606,SA2507,1222.0,9799.0,30118.0,-0.0294961230032293
20250606,SA2508,1219.0,2879.0,11841.0,-0.0691075542241409
20250606,SA2509,1212.0,1668174.0,1395811.0,0.0986036772273696
20250606,SA2510,1222.0,1669.0,8611.0,-0.0986036772273698
20250606,SA2511,1212.0,1901.0,10586.0,0.1084196286949521
20250606,SA2512,1223.0,732.0,7937.0,-0.2478402841413329
20250606,SA2601,1198.0,200583.0,454723.0,0.2870239924262002
20250606,SA2602,1227.0,521.0,10235.0,0.0
20250606,SA2603,1227.0,1347.0,6720.0,0.2228566270252235
20250606,SA2604,1250.0,240.0,1697.0,-0.0770468136350723
20250606,SA2605,1242.0,1849.0,6707.0,0.0
20250609,SA2506,1230.0,100.0,6603.0,-0.13736863008421
20250609,SA2507,1216.0,11359.0,29526.0,-0.0395387507622304
20250609,SA2508,1212.0,2457.0,11527.0,-0.099420618409283
20250609,SA2509,1202.0,1746613.0,1513365.0,0.138959369171513
20250609,SA2510,1216.0,1502.0,8673.0,-0.0990922228677789
20250609,SA2511,1206.0,2329.0,10723.0,0.1385011252820585
20250609,SA2512,1220.0,959.0,7867.0,-0.2685565875526329
20250609,SA2601,1193.0,226854.0,467599.0,0.2587164886002651
20250609,SA2602,1219.0,641.0,10406.0,0.0098400989523689
20250609,SA2603,1220.0,1210.0,6743.0,0.2241234454009062
20250609,SA2604,1243.0,318.0,1704.0,-0.0774821093836026
20250609,SA2605,1235.0,3434.0,7451.0,0.0
20250610,SA2506,1214.0,85.0,6491.0,-0.0197856598822053
20250610,SA2507,1212.0,9447.0,30932.0,0.0296662697446688
20250610,SA2508,1215.0,1451.0,11589.0,-0.0693357273586628
20250610,SA2509,1208.0,1382031.0,1448568.0,0.1186171107905031
20250610,SA2510,1220.0,1159.0,8732.0,-0.1285549995572486
20250610,SA2511,1207.0,1414.0,10871.0,0.0990104626799471
20250610,SA2512,1217.0,587.0,7957.0,-0.2591462835867253
20250610,SA2601,1191.0,164415.0,471168.0,0.2690025469745072
20250610,SA2602,1218.0,900.0,10594.0,-0.0098562633877825
20250610,SA2603,1217.0,851.0,6763.0,0.244010034070763
20250610,SA2604,1242.0,263.0,1704.0,-0.0872731119489577
20250610,SA2605,1233.0,2095.0,7745.0,0.0
20250611,SA2506,1200.0,347.0,6353.0,0.0099958356467012
20250611,SA2507,1201.0,45563.0,28117.0,0.0895897981296384
20250611,SA2508,1210.0,3041.0,11995.0,-0.0796022819476068
20250611,SA2509,1202.0,1273911.0,1496763.0,0.1093175261867668
20250611,SA2510,1213.0,1473.0,9186.0,-0.1293008780155009
20250611,SA2511,1200.0,1262.0,10960.0,0.1293008780155004
20250611,SA2512,1213.0,424.0,8094.0,-0.2802462644978222
20250611,SA2601,1185.0,146202.0,488707.0,0.2802462644978226
20250611,SA2602,1213.0,256.0,10555.0,-0.0396366999510888
20250611,SA2603,1209.0,479.0,6823.0,0.2844432315569836
20250611,SA2604,1238.0,145.0,1709.0,-0.1266759631885682
20250611,SA2605,1225.0,1645.0,8130.0,0.0
20250612,SA2506,1165.0,246.0,6233.0,0.0
20250612,SA2507,1165.0,16977.0,19954.0,0.1738419835949101
20250612,SA2508,1182.0,3954.0,12002.0,-0.07127725665341
20250612,SA2509,1175.0,1320541.0,1602361.0,0.1421336413502696
20250612,SA2510,1189.0,1155.0,9246.0,-0.0810129659210342
20250612,SA2511,1181.0,1302.0,11301.0,0.101181037895254
20250612,SA2512,1191.0,713.0,8149.0,-0.2648664402659897
20250612,SA2601,1165.0,167539.0,499604.0,0.2850006731773815
20250612,SA2602,1193.0,575.0,10768.0,0.0
20250612,SA2603,1193.0,900.0,7175.0,0.2783886241534626
20250612,SA2604,1221.0,348.0,1704.0,-0.088779689777339
20250612,SA2605,1212.0,2471.0,9012.0,0.0
20250613,SA2506,1151.0,786.0,5924.0,0.0
20250613,SA2507,1151.0,10223.0,17197.0,0.1244609255613804
20250613,SA2508,1163.0,7379.0,11816.0,-0.0724452394360992
20250613,SA2509,1156.0,1961422.0,1606385.0,0.1751855930538315
20250613,SA2510,1173.0,3711.0,10429.0,-0.0409906461768848
20250613,SA2511,1169.0,6481.0,10800.0,0.1022152687836298
20250613,SA2512,1179.0,1446.0,8620.0,-0.2675925632197425
20250613,SA2601,1153.0,234190.0,496801.0,0.3285063996020702
20250613,SA2602,1185.0,834.0,10833.0,-0.0304182672382567
20250613,SA2603,1182.0,878.0,7313.0,0.290862547044586
20250613,SA2604,1211.0,636.0,1742.0,-0.0695654122119115
20250613,SA2605,1204.0,3581.0,9712.0,0.0
20250616,SA2506,1159.0,291.0,0.0,0.0516574194195767
20250616,SA2507,1164.0,4958.0,14490.0,0.1434688310417861
20250616,SA2508,1178.0,3160.0,12049.0,-0.0408163658818834
20250616,SA2509,1174.0,1198967.0,1546922.0,0.1523507556328816
20250616,SA2510,1189.0,2415.0,10408.0,-0.0607083925487409
20250616,SA2511,1183.0,1570.0,10777.0,0.0707966655262598
20250616,SA2512,1190.0,805.0,8862.0,-0.25478664126929
20250616,SA2601,1165.0,157686.0,500050.0,0.2950551354329576
20250616,SA2602,1194.0,634.0,10885.0,-0.0201173559270284
20250616,SA2603,1192.0,768.0,7177.0,0.2392105788098079
20250616,SA2604,1216.0,363.0,1823.0,-0.0990922228677789
20250616,SA2605,1206.0,2795.0,10321.0,0.0
20250617,SA2507,1154.0,2413.0,13728.0,0.0932244654074338
20250617,SA2508,1163.0,2329.0,11957.0,-0.0413437101469523
20250617,SA2509,1159.0,987257.0,1577957.0,0.1747354214258471
20250617,SA2510,1176.0,1657.0,10675.0,-0.0613812080012445
20250617,SA2511,1170.0,1242.0,11018.0,0.0919544729468291
20250617,SA2512,1179.0,553.0,8899.0,-0.278004711378413
20250617,SA2601,1152.0,126380.0,516100.0,0.288178514446487
20250617,SA2602,1180.0,401.0,11027.0,-0.0203562389781408
20250617,SA2603,1178.0,598.0,7317.0,0.2719377805586808
20250617,SA2604,1205.0,106.0,1835.0,-0.0599002907668932
20250617,SA2605,1199.0,2320.0,11138.0,0.1393050469984317
20250617,SA2606,1213.0,72.0,52.0,0.0
20250618,SA2507,1167.0,2926.0,12288.0,0.0921899540641945
20250618,SA2508,1176.0,2391.0,11482.0,-0.0613812080012445
20250618,SA2509,1170.0,1054255.0,1518132.0,0.1325980342390192
20250618,SA2510,1183.0,2085.0,10668.0,-0.0508259972022577
20250618,SA2511,1178.0,1787.0,11059.0,0.0710962722923932
20250618,SA2512,1185.0,723.0,9149.0,-0.2662225227537587
20250618,SA2601,1159.0,125568.0,512548.0,0.2965638789940618
20250618,SA2602,1188.0,631.0,11135.0,-0.0303413562403036
20250618,SA2603,1185.0,432.0,7309.0,0.2406095645467346
20250618,SA2604,1209.0,140.0,1859.0,-0.0497306969523163
20250618,SA2605,1204.0,1586.0,11248.0,0.138729868812912
20250618,SA2606,1218.0,23.0,70.0,0.0
20250619,SA2507,1173.0,1924.0,11621.0,0.0815636105266426
20250619,SA2508,1181.0,2507.0,11936.0,-0.0509122528654811
20250619,SA2509,1176.0,954190.0,1495460.0,0.1319252187865143
20250619,SA2510,1189.0,1725.0,10987.0,-0.0607083925487409
20250619,SA2511,1183.0,1002.0,10872.0,0.0707966655262598
20250619,SA2512,1190.0,782.0,9362.0,-0.25478664126929
20250619,SA2601,1165.0,125264.0,515468.0,0.2446983682917698
20250619,SA2602,1189.0,423.0,11281.0,0.0
20250619,SA2603,1189.0,433.0,7372.0,0.2793143555609445
20250619,SA2604,1217.0,101.0,1877.0,-0.0791429084728144
20250619,SA2605,1209.0,2026.0,11473.0,0.1185194819509452
20250619,SA2606,1221.0,31.0,82.0,0.0
20250620,SA2507,1165.0,1963.0,10983.0,0.1331639785407719
20250620,SA2508,1178.0,3422.0,12036.0,-0.0510421866966784
20250620,SA2509,1173.0,1464445.0,1468176.0,0.1423745514743098
20250620,SA2510,1187.0,3128.0,11319.0,-0.0608109409476688
20250620,SA2511,1181.0,1819.0,10938.0,0.070916204702736
20250620,SA2512,1188.0,596.0,9492.0,-0.2655427501288038
20250620,SA2601,1162.0,167983.0,531968.0,0.2554374863737374
20250620,SA2602,1187.0,544.0,11334.0,0.030290297950883
20250620,SA2603,1190.0,440.0,7390.0,0.259361717046446
20250620,SA2604,1216.0,124.0,1898.0,-0.0891460971429696
20250620,SA2605,1207.0,2669.0,11940.0,0.128554999557249
20250620,SA2606,1220.0,115.0,105.0,0.0
20250623,SA2507,1162.0,1535.0,10883.0,0.1539140381810418
20250623,SA2508,1177.0,2832.0,12015.0,-0.0408511032816151
20250623,SA2509,1173.0,1055251.0,1484849.0,0.1423745514743098
20250623,SA2510,1187.0,1571.0,11318.0,-0.0709761257994911
20250623,SA2511,1180.0,1088.0,11082.0,0.0810813895545562
20250623,SA2512,1188.0,630.0,9545.0,-0.2758742186963846
20250623,SA2601,1161.0,128747.0,538426.0,0.2556551743173502
20250623,SA2602,1186.0,745.0,11611.0,0.0
20250623,SA2603,1186.0,675.0,7561.0,0.2602270448590686
20250623,SA2604,1212.0,99.0,1918.0,-0.0595534721055481
20250623,SA2605,1206.0,2511.0,12297.0,0.1188128517925384
20250623,SA2606,1218.0,26.0,103.0,0.0
20250624,SA2507,1149.0,1565.0,10352.0,0.1968106264730007
20250624,SA2508,1168.0,3726.0,11728.0,-0.072134180283371
20250624,SA2509,1161.0,1505586.0,1569278.0,0.1744365901636871
20250624,SA2510,1178.0,2223.0,11525.0,-0.0715200073657761
20250624,SA2511,1171.0,2402.0,11374.0,0.0817024432758423
20250624,SA2512,1179.0,835.0,9629.0,-0.2571894416319129
20250624,SA2601,1154.0,212431.0,555068.0,0.2673632446999872
20250624,SA2602,1180.0,647.0,11710.0,-0.0101738030680747
20250624,SA2603,1179.0,745.0,7794.0,0.2617553446486143
20250624,SA2604,1205.0,298.0,1938.0,-0.0599002907668932
20250624,SA2605,1199.0,4480.0,13251.0,0.0897386816069521
20250624,SA2606,1208.0,102.0,135.0,0.0
20250625,SA2507,1159.0,1104.0,9535.0,0.1236062430955888
20250625,SA2508,1171.0,2655.0,11699.0,-0.0513479602473554
20250625,SA2509,1166.0,953401.0,1561404.0,0.16354597266727
20250625,SA2510,1182.0,1968.0,11647.0,-0.0814943709360208
20250625,SA2511,1174.0,1247.0,11039.0,0.0916423630841396
20250625,SA2512,1183.0,687.0,9613.0,-0.2459522476636201
20250625,SA2601,1159.0,125828.0,557916.0,0.2763448346150288
20250625,SA2602,1186.0,522.0,11615.0,-0.0202531693646368
20250625,SA2603,1184.0,651.0,7626.0,0.2507404220501007
20250625,SA2604,1209.0,171.0,1893.0,-0.0896641780644114
20250625,SA2605,1200.0,2563.0,13794.0,0.0995856337763407
20250625,SA2606,1210.0,59.0,153.0,0.0
20250626,SA2507,1163.0,1832.0,8261.0,0.1843039641443733
20250626,SA2508,1181.0,3994.0,12424.0,-0.0101651848518226
20250626,SA2509,1180.0,1105212.0,1529195.0,0.1012664237503752
20250626,SA2510,1190.0,2266.0,12142.0,-0.0404040785748515
20250626,SA2511,1186.0,1488.0,10909.0,0.0806725727385208
20250626,SA2512,1194.0,897.0,9381.0,-0.2231678857870742
20250626,SA2601,1172.0,161357.0,556860.0,0.2532808250521818
20250626,SA2602,1197.0,432.0,11567.0,-0.0100292525687538
20250626,SA2603,1196.0,541.0,7521.0,0.208873901723402
20250626,SA2604,1217.0,251.0,1846.0,-0.0890725739132023
20250626,SA2605,1208.0,3381.0,14546.0,0.0792082083762251
20250626,SA2606,1216.0,78.0,204.0,0.0
20250627,SA2507,1178.0,2052.0,6798.0,0.202024973566351
20250627,SA2508,1198.0,8074.0,12476.0,-0.0200501299778112
20250627,SA2509,1196.0,2099577.0,1509488.0,0.0999173133186457
20250627,SA2510,1206.0,6339.0,12455.0,-0.0199170170203727
20250627,SA2511,1204.0,4116.0,10517.0,0.0596521526642448
20250627,SA2512,1210.0,2897.0,9648.0,-0.1798534915859003
20250627,SA2601,1192.0,381126.0,556092.0,0.1897667511335651
20250627,SA2602,1211.0,2429.0,10579.0,-0.009913259547666
20250627,SA2603,1210.0,2839.0,7319.0,0.1674216734414962
20250627,SA2604,1227.0,879.0,1858.0,-0.1179370672351518
20250627,SA2605,1215.0,11786.0,17957.0,0.1569932449176549
20250627,SA2606,1231.0,220.0,308.0,0.0
20250630,SA2507,1155.0,2517.0,5123.0,0.3178314792213227
20250630,SA2508,1186.0,10713.0,11740.0,-0.0506971603237019
20250630,SA2509,1181.0,2260362.0,1588831.0,0.1715035497363894
20250630,SA2510,1198.0,8100.0,12684.0,-0.0401338166741669
20250630,SA2511,1194.0,5511.0,10706.0,0.1398850145065553
20250630,SA2512,1208.0,4784.0,9593.0,-0.1398850145065543
20250630,SA2601,1194.0,485222.0,574755.0,0.1299471257398087
20250630,SA2602,1207.0,3729.0,10958.0,-0.0099461257248089
20250630,SA2603,1206.0,3019.0,7520.0,0.1875809483003591
20250630,SA2604,1225.0,987.0,1890.0,-0.0884887254325802
20250630,SA2605,1216.0,11589.0,21042.0,0.1178405541717061
20250630,SA2606,1228.0,405.0,418.0,0.0
20250701,SA2507,1145.0,102.0,5056.0,0.2489285458047417
20250701,SA2508,1169.0,9689.0,13268.0,-0.0411311456672098
20250701,SA2509,1165.0,1350466.0,1651335.0,0.1738419835949101
20250701,SA2510,1182.0,28205.0,23701.0,-0.0101565812241742
20250701,SA2511,1181.0,33090.0,31354.0,0.1112523771351925
20250701,SA2512,1192.0,10693.0,17151.0,-0.121417561987016
20250701,SA2601,1180.0,209887.0,596007.0,0.1616186046103993
20250701,SA2602,1196.0,1824.0,10909.0,-0.0603521808600236
20250701,SA2603,1190.0,2883.0,7627.0,0.1303815584292452
20250701,SA2604,1203.0,3559.0,3813.0,-0.0499792475914106
20250701,SA2605,1198.0,12061.0,24651.0,0.0699128069923282
20250701,SA2606,1205.0,1176.0,948.0,0.0
20250702,SA2507,1184.0,564.0,4610.0,0.1710720796323906
20250702,SA2508,1201.0,13643.0,15399.0,0.0399002861372629
20250702,SA2509,1205.0,2704157.0,1470453.0,0.0695078484540524
20250702,SA2510,1212.0,43279.0,38239.0,0.0296662697446688
20250702,SA2511,1215.0,49650.0,51200.0,0.1179370672351523
20250702,SA2512,1227.0,19472.0,26325.0,-0.019575860785009
20250702,SA2601,1225.0,545955.0,574221.0,0.0683762533756535
20250702,SA2602,1232.0,3141.0,11878.0,0.0097363088505492
20250702,SA2603,1233.0,3432.0,7674.0,0.0679338652168593
20250702,SA2604,1240.0,3031.0,5367.0,-0.0096813236392817
20250702,SA2605,1239.0,17923.0,30319.0,0.0193548429055773
20250702,SA2606,1241.0,1553.0,2006.0,0.0
20250703,SA2507,1155.0,88.0,4439.0,0.2772909001217939
20250703,SA2508,1182.0,8098.0,13656.0,0.0101479921481203
20250703,SA2509,1183.0,2175716.0,1648012.0,0.0909478037628995
20250703,SA2510,1192.0,61328.0,42345.0,0.0100628936714513
20250703,SA2511,1193.0,64807.0,61108.0,0.1797038574621128
20250703,SA2512,1211.0,10538.0,28013.0,-0.0198347152595955
20250703,SA2601,1209.0,397991.0,613231.0,0.0988473463977471
20250703,SA2602,1219.0,2844.0,12471.0,-0.0197044379249315
20250703,SA2603,1217.0,2372.0,7542.0,0.107976188634727
20250703,SA2604,1228.0,1549.0,5533.0,0.0097680103073632
20250703,SA2605,1229.0,11652.0,32633.0,0.0778591539174375
20250703,SA2606,1237.0,607.0,1995.0,0.0
20250704,SA2507,1145.0,295.0,4437.0,0.2796846497834157
20250704,SA2508,1172.0,11092.0,16048.0,0.0204603630130049
20250704,SA2509,1174.0,2130722.0,1700258.0,0.1422539944145805
20250704,SA2510,1188.0,25416.0,41684.0,0.0100967612182994
20250704,SA2511,1189.0,43486.0,62707.0,0.1902417816477404
20250704,SA2512,1208.0,25503.0,30072.0,-0.0198840144915534
20250704,SA2601,1206.0,369422.0,649686.0,0.128661026329688
20250704,SA2602,1219.0,2822.0,13455.0,0.0
20250704,SA2603,1219.0,2519.0,7815.0,0.1272961753463219
20250704,SA2604,1232.0,605.0,5557.0,-0.019496348724023
20250704,SA2605,1230.0,11101.0,35052.0,0.0777960585369397
20250704,SA2606,1238.0,361.0,2014.0,0.0
20250707,SA2507,1130.0,228.0,4397.0,0.3454228897473378
20250707,SA2508,1163.0,6147.0,17596.0,0.0514801304340949
20250707,SA2509,1168.0,1153042.0,1801178.0,0.1936347746579478
20250707,SA2510,1187.0,30623.0,42096.0,0.010105263755065
20250707,SA2511,1188.0,39355.0,64474.0,0.2003385428660406
20250707,SA2512,1208.0,11099.0,29959.0,-0.0099378887667447
20250707,SA2601,1207.0,211692.0,658154.0,0.1383870361580768
20250707,SA2602,1221.0,422.0,13489.0,0.0098239874500308
20250707,SA2603,1222.0,796.0,7837.0,0.1464027919313663
20250707,SA2604,1237.0,927.0,5654.0,-0.009704812498222
20250707,SA2605,1236.0,6308.0,35847.0,0.0870620505740641
20250707,SA2606,1245.0,305.0,2093.0,0.0
20250708,SA2507,1138.0,1107.0,3635.0,0.3941581652675531
20250708,SA2508,1176.0,10478.0,17905.0,0.0203908290355181
20250708,SA2509,1178.0,1309543.0,1693895.0,0.1719372018489492
20250708,SA2510,1195.0,45385.0,44145.0,0.0300877717174025
20250708,SA2511,1198.0,57036.0,66766.0,0.1888237717455894
20250708,SA2512,1217.0,10451.0,31579.0,0.0098562633877821
20250708,SA2601,1218.0,269599.0,657429.0,0.0981199252469464
20250708,SA2602,1228.0,1404.0,14221.0,0.0292802097283875
20250708,SA2603,1231.0,1284.0,7794.0,0.145338877955339
20250708,SA2604,1246.0,500.0,5827.0,0.0
20250708,SA2605,1246.0,6267.0,36703.0,0.0863658266218297
20250708,SA2606,1255.0,451.0,2356.0,0.0
20250709,SA2507,1154.0,118.0,3541.0,0.3787094674470622
20250709,SA2508,1191.0,10509.0,17990.0,0.0301886951669684
20250709,SA2509,1194.0,1475079.0,1615142.0,0.1498146799469433
20250709,SA2510,1209.0,38947.0,43538.0,0.0
20250709,SA2511,1209.0,54121.0,67851.0,0.2456082462064863
20250709,SA2512,1234.0,17240.0,33702.0,0.0291380151258563
20250709,SA2601,1237.0,314808.0,653662.0,0.0869919234589264
20250709,SA2602,1246.0,4985.0,17796.0,0.0096269559916565
20250709,SA2603,1247.0,2595.0,8350.0,0.0862968161772915
20250709,SA2604,1256.0,1164.0,6339.0,0.0095503387452402
20250709,SA2605,1257.0,11834.0,41472.0,0.0571429651229254
20250709,SA2606,1263.0,987.0,3093.0,0.0
20250710,SA2507,1189.0,250.0,3566.0,0.3579387154565454
20250710,SA2508,1225.0,22819.0,20223.0,0.0586320384675145
20250710,SA2509,1231.0,2884752.0,1427563.0,0.0777330653362664
20250710,SA2510,1239.0,56804.0,46183.0,0.0193548429055773
20250710,SA2511,1241.0,96250.0,72488.0,0.2298553914841617
20250710,SA2512,1265.0,52102.0,40085.0,0.0378847986332043
20250710,SA2601,1269.0,672361.0,630150.0,0.0377655701162263
20250710,SA2602,1273.0,8153.0,17973.0,0.0094228508964259
20250710,SA2603,1274.0,4901.0,8033.0,0.1311488463862827
20250710,SA2604,1288.0,1975.0,6851.0,-0.0093203888180669
20250710,SA2605,1287.0,24369.0,47461.0,0.0372381990061896
20250710,SA2606,1291.0,1345.0,3727.0,0.0
20250711,SA2507,1175.0,928.0,2826.0,0.3819417883894891
20250711,SA2508,1213.0,63742.0,32489.0,0.0395062085217251
20250711,SA2509,1217.0,2412166.0,1504728.0,0.0884162821035537
20250711,SA2510,1226.0,44636.0,45973.0,0.0293279168385369
20250711,SA2511,1229.0,75583.0,70929.0,0.2320781439604008
20250711,SA2512,1253.0,40779.0,38016.0,0.0477897883718108
20250711,SA2601,1258.0,446424.0,655340.0,0.0665875668148167
20250711,SA2602,1265.0,4235.0,19099.0,-0.0094899174578144
20250711,SA2603,1264.0,2600.0,8536.0,0.179037478906004
20250711,SA2604,1283.0,1128.0,6531.0,-0.0093567256202525
20250711,SA2605,1282.0,11497.0,48873.0,0.0746503185012303
20250711,SA2606,1290.0,578.0,3932.0,0.0
20250714,SA2507,1163.0,524.0,0.0,0.6721355501735857
20250714,SA2508,1230.0,25450.0,20399.0,0.1068400420577293
20250714,SA2509,1241.0,1798216.0,1532487.0,0.0867125411008755
20250714,SA2510,1250.0,48939.0,50077.0,0.0383386907582314
20250714,SA2511,1254.0,63582.0,75568.0,0.2649949954529917
20250714,SA2512,1282.0,24254.0,41346.0,0.0373832078033913
20250714,SA2601,1286.0,368185.0,664428.0,0.0465658325889337
20250714,SA2602,1291.0,3105.0,20244.0,0.02785301057044
20250714,SA2603,1294.0,1118.0,8442.0,0.1566241044342476
20250714,SA2604,1311.0,520.0,6602.0,0.0
20250714,SA2605,1311.0,10100.0,49975.0,0.0456795374587532
20250714,SA2606,1316.0,563.0,4038.0,0.0
20250715,SA2508,1204.0,9604.0,15922.0,0.099256149008128
20250715,SA2509,1214.0,2241830.0,1585075.0,0.1766180696882578
20250715,SA2510,1232.0,92016.0,49448.0,0.0388979270900522
20250715,SA2511,1236.0,115419.0,75657.0,0.2688112402700006
20250715,SA2512,1264.0,41080.0,40805.0,0.0189723359678252
20250715,SA2601,1266.0,574462.0,692135.0,0.1132083868003045
20250715,SA2602,1278.0,4945.0,19235.0,0.0093859996963497
20250715,SA2603,1279.0,2762.0,8598.0,0.2230893065520298
20250715,SA2604,1303.0,1409.0,6584.0,0.009205984341038
20250715,SA2605,1304.0,15252.0,49838.0,0.1281476709102517
20250715,SA2606,1318.0,891.0,3987.0,0.0
20250715,SA2607,1318.0,160.0,97.0,0.0
20250716,SA2508,1200.0,3351.0,13841.0,0.0797345126240221
20250716,SA2509,1208.0,1175795.0,1599057.0,0.1872727945938141
20250716,SA2510,1227.0,56724.0,46596.0,0.0195439782614793
20250716,SA2511,1229.0,68401.0,72459.0,0.2224973051281081
20250716,SA2512,1252.0,19204.0,38686.0,0.0191540343938656
20250716,SA2601,1254.0,334921.0,708196.0,0.0953142421672407
20250716,SA2602,1264.0,1762.0,18492.0,0.0094899174578132
20250716,SA2603,1265.0,1527.0,8669.0,0.2348411543291675
20250716,SA2604,1290.0,381.0,6489.0,0.0092987218910974
20250716,SA2605,1291.0,8620.0,50214.0,0.1202322196794697
20250716,SA2606,1304.0,435.0,3949.0,0.0091989272423455
20250716,SA2607,1305.0,140.0,213.0,0.0
20250717,SA2508,1217.0,2564.0,12932.0,0.0786243598956013
20250717,SA2509,1225.0,1359320.0,1559642.0,0.1460464274430613
20250717,SA2510,1240.0,78879.0,48077.0,0.0386473764005058
20250717,SA2511,1244.0,92994.0,75106.0,0.2387663329831544
20250717,SA2512,1269.0,19910.0,39419.0,0.0188976417007966
20250717,SA2601,1271.0,328178.0,692908.0,0.0846730286905055
20250717,SA2602,1280.0,2162.0,18809.0,0.0093713397968562
20250717,SA2603,1281.0,710.0,8533.0,0.2227442143207147
20250717,SA2604,1305.0,258.0,6461.0,0.0183767264091391
20250717,SA2605,1307.0,9046.0,50784.0,0.1096732691171125
20250717,SA2606,1319.0,321.0,3999.0,0.0090943543572242
20250717,SA2607,1320.0,80.0,249.0,0.0
20250718,SA2508,1207.0,1737.0,12300.0,0.0891460971429702
20250718,SA2509,1216.0,1767658.0,1550466.0,0.1666012876587832
20250718,SA2510,1233.0,59084.0,49844.0,0.0388664307377222
20250718,SA2511,1237.0,129243.0,77096.0,0.2401040485040456
20250718,SA2512,1262.0,72551.0,38530.0,0.0284922967255449
20250718,SA2601,1265.0,419661.0,702155.0,0.1038967529173743
20250718,SA2602,1276.0,3033.0,18822.0,-0.0282463841679445
20250718,SA2603,1273.0,3010.0,9427.0,0.2795157428092644
20250718,SA2604,1303.0,1051.0,6655.0,0.0275967925383759
20250718,SA2605,1306.0,19360.0,51587.0,0.1006487028828572
20250718,SA2606,1317.0,644.0,4013.0,0.0
20250718,SA2607,1317.0,336.0,274.0,0.0
20250721,SA2508,1284.0,5570.0,11725.0,0.1023658786047787
20250721,SA2509,1295.0,3768343.0,1252582.0,0.1747826989310135
20250721,SA2510,1314.0,113772.0,49490.0,0.0546697984303279
20250721,SA2511,1320.0,166114.0,75370.0,0.2607820875280721
20250721,SA2512,1349.0,70069.0,43310.0,0.0443951671735728
20250721,SA2601,1354.0,998986.0,630880.0,0.0883006191742461
20250721,SA2602,1364.0,10954.0,21434.0,0.0087944305878323
20250721,SA2603,1365.0,8605.0,7627.0,0.2005132013722757
20250721,SA2604,1388.0,2628.0,6588.0,0.0172786206958505
20250721,SA2605,1390.0,32363.0,51086.0,0.0774473824889248
20250721,SA2606,1399.0,2307.0,5100.0,-0.0429646001401437
20250721,SA2607,1394.0,895.0,618.0,0.0
20250722,SA2508,1361.0,4002.0,11462.0,0.1228080893904679
20250722,SA2509,1375.0,3110195.0,1074637.0,0.181887278659754
20250722,SA2510,1396.0,126229.0,50306.0,0.0429031561762712
20250722,SA2511,1401.0,143809.0,73520.0,0.2710065778939785
20250722,SA2512,1433.0,63638.0,41876.0,0.0083711199767253
20250722,SA2601,1434.0,1045705.0,581539.0,0.0833915795184713
20250722,SA2602,1444.0,8875.0,22455.0,0.0166089991912626
20250722,SA2603,1446.0,4725.0,7898.0,0.2220001649270425
20250722,SA2604,1473.0,1864.0,6763.0,0.0244150643734494
20250722,SA2605,1476.0,40569.0,51677.0,0.0648650228028957
20250722,SA2606,1484.0,1961.0,5724.0,-0.0242833135143237
20250722,SA2607,1481.0,879.0,936.0,0.0
20250723,SA2508,1326.0,2784.0,11403.0,0.1081088393083909
20250723,SA2509,1338.0,3306823.0,1037321.0,0.1780448091656108
20250723,SA2510,1358.0,108718.0,53797.0,0.0792663432636972
20250723,SA2511,1367.0,147427.0,76031.0,0.3119309205421356
20250723,SA2512,1403.0,83675.0,41874.0,0.0682304610042377
20250723,SA2601,1411.0,1366257.0,623390.0,0.110053681429285
20250723,SA2602,1424.0,11527.0,19694.0,0.0
20250723,SA2603,1424.0,4810.0,7578.0,0.2171249213123889
20250723,SA2604,1450.0,2259.0,6723.0,0.0165403196414563
20250723,SA2605,1452.0,39612.0,53171.0,0.0659342318116893
20250723,SA2606,1460.0,2196.0,5693.0,-0.0164496256053445
20250723,SA2607,1458.0,1064.0,972.0,0.0
20250724,SA2508,1394.0,3346.0,10851.0,0.1199153447702218
20250724,SA2509,1408.0,4342438.0,926920.0,0.1776556945425561
20250724,SA2510,1429.0,129675.0,54570.0,0.0836823474900053
20250724,SA2511,1439.0,151468.0,80686.0,0.3046475792765989
20250724,SA2512,1476.0,58001.0,46412.0,0.0729485529165863
20250724,SA2601,1485.0,1513970.0,585231.0,0.0725077734715519
20250724,SA2602,1494.0,8453.0,19864.0,-0.0321716010390938
20250724,SA2603,1490.0,7392.0,8671.0,0.2075900071537446
20250724,SA2604,1516.0,2414.0,7372.0,0.0158207010390987
20250724,SA2605,1518.0,47523.0,62508.0,0.0079025356823705
20250724,SA2606,1519.0,2399.0,6450.0,-0.0554273502755343
20250724,SA2607,1512.0,1197.0,1363.0,0.0
20250725,SA2508,1425.0,2325.0,11137.0,0.1256555984075452
20250725,SA2509,1440.0,3331091.0,905281.0,0.198351623414526
20250725,SA2510,1464.0,105205.0,56475.0,0.0735446632964799
20250725,SA2511,1473.0,121476.0,82024.0,0.2817975852632521
20250725,SA2512,1508.0,37891.0,46141.0,0.0634922116129881
20250725,SA2601,1516.0,1176721.0,565672.0,0.0631580405312962
20250725,SA2602,1524.0,7018.0,20390.0,-0.0552450827767114
20250725,SA2603,1517.0,4494.0,8650.0,0.1649780486046856
20250725,SA2604,1538.0,3878.0,8342.0,0.0077998052794798
20250725,SA2605,1539.0,42467.0,67156.0,0.0155844177748396
20250725,SA2606,1541.0,2533.0,7340.0,-0.085965851203615
20250725,SA2607,1530.0,1878.0,2087.0,0.0
20250728,SA2508,1302.0,1918.0,10435.0,0.1283434694009754
20250728,SA2509,1316.0,3574972.0,951913.0,0.2168733727163352
20250728,SA2510,1340.0,109783.0,60231.0,0.0536114071165926
20250728,SA2511,1346.0,140507.0,86750.0,0.32541385752102
20250728,SA2512,1383.0,51520.0,43317.0,0.0346570638008817
20250728,SA2601,1387.0,1394801.0,595191.0,0.0690152872876129
20250728,SA2602,1395.0,6655.0,21193.0,0.0085990688022206
20250728,SA2603,1396.0,6522.0,10821.0,0.1622223210602416
20250728,SA2604,1415.0,7558.0,13188.0,0.0169491553601083
20250728,SA2605,1417.0,59781.0,76833.0,0.0253789308555124
20250728,SA2606,1420.0,3215.0,8461.0,-0.0593012149293476
20250728,SA2607,1413.0,2421.0,2679.0,0.0
20250729,SA2508,1302.0,1943.0,10286.0,0.1465667075272559
20250729,SA2509,1318.0,2389911.0,843603.0,0.3145069573000271
20250729,SA2510,1353.0,83694.0,62294.0,0.0795583024640349
20250729,SA2511,1362.0,110130.0,89679.0,0.3473469706209328
20250729,SA2512,1402.0,38686.0,44654.0,0.042719874238244
20250729,SA2601,1407.0,943156.0,651480.0,0.0510639068416618
20250729,SA2602,1413.0,4227.0,20523.0,0.0
20250729,SA2603,1413.0,3466.0,10892.0,0.2271361186262263
20250729,SA2604,1440.0,1673.0,13324.0,0.0581920087372518
20250729,SA2605,1447.0,34527.0,80110.0,-0.0165975130194162
20250729,SA2606,1445.0,1917.0,9008.0,-0.1336130713999809
20250729,SA2607,1429.0,2145.0,3601.0,0.0
20250730,SA2508,1292.0,2315.0,9905.0,0.1751855930538315
20250730,SA2509,1311.0,2799103.0,864033.0,0.2893885531144519
20250730,SA2510,1343.0,111902.0,58894.0,0.0890211797706049
20250730,SA2511,1353.0,137323.0,86623.0,0.3151165750026687
20250730,SA2512,1389.0,41600.0,45036.0,0.0431189827935058
20250730,SA2601,1394.0,1546265.0,716538.0,0.0772258653838997
20250730,SA2602,1403.0,5030.0,20446.0,0.0426894793863218
20250730,SA2603,1408.0,4777.0,11462.0,0.3112687659425388
20250730,SA2604,1445.0,3052.0,13473.0,0.0579911380585072
20250730,SA2605,1452.0,55184.0,81546.0,0.0
20250730,SA2606,1452.0,1031.0,9116.0,-0.0829305304781643
20250730,SA2607,1442.0,1243.0,3623.0,0.0
20250731,SA2508,1228.0,1598.0,9829.0,0.1842460436753829
20250731,SA2509,1247.0,1986998.0,974024.0,0.2758742186963854
20250731,SA2510,1276.0,89860.0,48283.0,0.0936772907139539
20250731,SA2511,1286.0,123440.0,78199.0,0.3403831118086912
20250731,SA2512,1323.0,45529.0,40968.0,0.0181268916644022
20250731,SA2601,1325.0,1331432.0,754064.0,0.0992113881152224
20250731,SA2602,1336.0,4610.0,19678.0,0.0358744661803918
20250731,SA2603,1340.0,6600.0,10941.0,0.2919421538761673
20250731,SA2604,1373.0,2092.0,13222.0,0.0436205496675929
20250731,SA2605,1378.0,52990.0,84233.0,0.0521362152481307
20250731,SA2606,1384.0,1752.0,8654.0,-0.0870199607438428
20250731,SA2607,1374.0,1509.0,3476.0,0.0
20250801,SA2508,1236.0,177.0,9755.0,0.1926205081260938
20250801,SA2509,1256.0,1447556.0,921926.0,0.2552282110499089
20250801,SA2510,1283.0,150773.0,55423.0,0.0745923147720723
20250801,SA2511,1291.0,176166.0,96611.0,0.3300437218267798
20250801,SA2512,1327.0,27056.0,44672.0,0.0541354301580126
20250801,SA2601,1333.0,997464.0,788068.0,0.0807479682350205
20250801,SA2602,1342.0,2034.0,19461.0,0.0089385478993248
20250801,SA2603,1343.0,2387.0,10735.0,0.3000156264650062
20250801,SA2604,1377.0,1032.0,13193.0,0.0174165487757638
20250801,SA2605,1379.0,26836.0,87021.0,0.0347574464574772
20250801,SA2606,1383.0,785.0,8658.0,-0.0521739952332407
20250801,SA2607,1377.0,701.0,3464.0,0.0
20250804,SA2508,1250.0,252.0,9503.0,0.0287654951966574
20250804,SA2509,1253.0,1145433.0,881163.0,0.2370681604969412
20250804,SA2510,1278.0,102917.0,57302.0,0.0842108719037584
20250804,SA2511,1287.0,125726.0,98358.0,0.4394083588586797
20250804,SA2512,1335.0,43739.0,47258.0,0.0448598653272859
20250804,SA2601,1340.0,1000759.0,827195.0,0.0714287823275442
20250804,SA2602,1348.0,2043.0,19639.0,0.008898776826043
20250804,SA2603,1349.0,2294.0,10791.0,0.2726390633219348
20250804,SA2604,1380.0,940.0,13200.0,0.0173787141163769
20250804,SA2605,1382.0,25032.0,90402.0,0.034682105066801
20250804,SA2606,1386.0,749.0,8595.0,-0.0433683160866771
20250804,SA2607,1381.0,668.0,3524.0,0.0
20250805,SA2508,1250.0,259.0,9324.0,0.199925290717286
20250805,SA2509,1271.0,993806.0,764882.0,0.2983836712246924
20250805,SA2510,1303.0,60597.0,56518.0,0.0734508796662565
20250805,SA2511,1311.0,107485.0,98869.0,0.4667753751939943
20250805,SA2512,1363.0,60354.0,51023.0,0.043939997831558
20250805,SA2601,1368.0,1234247.0,843047.0,0.0786888065539084
20250805,SA2602,1377.0,2853.0,20328.0,0.0348078561676477
20250805,SA2603,1381.0,3252.0,11218.0,0.3426356962537028
20250805,SA2604,1421.0,1539.0,13578.0,0.05056187255683
20250805,SA2605,1427.0,43595.0,93535.0,0.0252012693253991
20250805,SA2606,1430.0,685.0,8655.0,-0.03361346735654
20250805,SA2607,1426.0,569.0,3584.0,0.0
20250806,SA2508,1252.0,39.0,9285.0,0.2560349990255872
20250806,SA2509,1279.0,709999.0,632923.0,0.250686099090405
20250806,SA2510,1306.0,73582.0,57131.0,0.0915336245866328
20250806,SA2511,1316.0,137122.0,98645.0,0.4298967182177375
20250806,SA2512,1364.0,69489.0,51862.0,0.0526701650251582
20250806,SA2601,1370.0,1680149.0,938980.0,0.0872731119489585
20250806,SA2602,1380.0,2822.0,20316.0,0.0260586421620951
20250806,SA2603,1383.0,2546.0,11127.0,0.299908505127776
20250806,SA2604,1418.0,915.0,13750.0,0.0506686185581791
20250806,SA2605,1424.0,44213.0,103543.0,0.016842108027841
20250806,SA2606,1426.0,857.0,8722.0,-0.0505974045472176
20250806,SA2607,1420.0,949.0,3781.0,0.0
20250807,SA2508,1270.0,5.0,9290.0,-0.0283799895779742
20250807,SA2509,1267.0,479750.0,583882.0,0.2530355368764821
20250807,SA2510,1294.0,130692.0,56466.0,0.0831732247679898
20250807,SA2511,1303.0,157771.0,98792.0,0.4429881537367706
20250807,SA2512,1352.0,36785.0,52048.0,0.0442968387835161
20250807,SA2601,1357.0,1722593.0,1000998.0,0.105649985442957
20250807,SA2602,1369.0,1632.0,20341.0,0.0175182512863854
20250807,SA2603,1371.0,1294.0,11172.0,0.3280779880363894
20250807,SA2604,1409.0,643.0,13845.0,0.0255228738540871
20250807,SA2605,1412.0,35042.0,106577.0,0.0254687042898061
20250807,SA2606,1415.0,457.0,8670.0,-0.0339702986942873
20250807,SA2607,1411.0,724.0,3793.0,0.0
20250808,SA2508,1232.0,445.0,9294.0,0.1644523923853512
20250808,SA2509,1249.0,390780.0,562142.0,0.2566434453498901
20250808,SA2510,1276.0,87256.0,56134.0,0.0656508085308155
20250808,SA2511,1283.0,108228.0,100122.0,0.4227083291713072
20250808,SA2512,1329.0,29395.0,50708.0,0.0270575086450689
20250808,SA2601,1332.0,1420315.0,1068376.0,0.1254679092520645
20250808,SA2602,1346.0,1395.0,20277.0,0.0444939330663087
20250808,SA2603,1351.0,1417.0,11378.0,0.3155769882555935
20250808,SA2604,1387.0,608.0,13876.0,0.0431810469543997
20250808,SA2605,1392.0,33752.0,109847.0,0.0516129827926884
20250808,SA2606,1398.0,421.0,8634.0,-0.0343839776794367
20250808,SA2607,1394.0,473.0,3801.0,0.0
20250811,SA2508,1234.0,207.0,9299.0,0.1641876720189367
20250811,SA2509,1251.0,372908.0,528810.0,0.2843734971578781
20250811,SA2510,1281.0,113621.0,55672.0,0.0840143455078027
20250811,SA2511,1290.0,135528.0,100579.0,0.4563287470708719
20250811,SA2512,1340.0,30477.0,50661.0,0.0446927890917899
20250811,SA2601,1345.0,1574767.0,1125754.0,0.1065884135871568
20250811,SA2602,1357.0,2067.0,20208.0,0.0088397794052682
20250811,SA2603,1358.0,1514.0,11579.0,0.3483553761013683
20250811,SA2604,1398.0,1090.0,13988.0,0.0171551137151324
20250811,SA2605,1400.0,35253.0,115696.0,0.051318681207122
20250811,SA2606,1406.0,424.0,8693.0,-0.0427503124032383
20250811,SA2607,1401.0,379.0,3812.0,0.0
20250812,SA2508,1280.0,40.0,9291.0,0.1119759291466106
20250812,SA2509,1292.0,661195.0,429780.0,0.2845257572689029
20250812,SA2510,1323.0,222179.0,61897.0,0.0723438513618717
20250812,SA2511,1331.0,280575.0,110010.0,0.6150687353027448
20250812,SA2512,1401.0,65307.0,63344.0,0.0683275867400773
20250812,SA2601,1409.0,3235625.0,1153910.0,0.0848659831363504
20250812,SA2602,1419.0,5049.0,20818.0,0.016901411244695
20250812,SA2603,1421.0,5845.0,11432.0,0.2919852079143686
20250812,SA2604,1456.0,3117.0,13611.0,0.0493489386371102
20250812,SA2605,1462.0,106046.0,126991.0,-0.0082107427082922
20250812,SA2606,1461.0,1417.0,8845.0,-0.0328992666659353
20250812,SA2607,1457.0,1662.0,3977.0,0.0
20250813,SA2509,1276.0,519645.0,396091.0,0.2604753429823568
20250813,SA2510,1304.0,127622.0,60850.0,0.0825375817943739
20250813,SA2511,1313.0,183869.0,102533.0,0.5362023775820983
20250813,SA2512,1373.0,57597.0,62585.0,0.0870831107614465
20250813,SA2601,1383.0,2490132.0,1217919.0,0.0778381107552822
20250813,SA2602,1392.0,3325.0,21086.0,0.0172290051132503
20250813,SA2603,1394.0,2630.0,11585.0,0.3143542588317813
20250813,SA2604,1431.0,740.0,13619.0,0.050209278270889
20250813,SA2605,1437.0,54177.0,135068.0,0.0333565190459665
20250813,SA2606,1441.0,647.0,8852.0,-0.0500696136696067
20250813,SA2607,1435.0,1216.0,4009.0,0.0
20250814,SA2508,1276.0,566.0,0.0,0.1680961338733284
20250814,SA2509,1294.0,299760.0,339842.0,0.265964268649318
20250814,SA2510,1323.0,192356.0,64579.0,0.0993607483273596
20250814,SA2511,1334.0,230333.0,102342.0,0.5020915853744876
20250814,SA2512,1391.0,50093.0,61278.0,0.0773918841588854
20250814,SA2601,1400.0,2379833.0,1282237.0,0.0854096132263674
20250814,SA2602,1410.0,1919.0,21000.0,0.0085076217671998
20250814,SA2603,1411.0,1841.0,11362.0,0.2857277843246233
20250814,SA2604,1445.0,723.0,13554.0,0.0579911380585072
20250814,SA2605,1452.0,51885.0,143293.0,0.0330124004626775
20250814,SA2606,1456.0,506.0,8788.0,-0.041279710469321
20250814,SA2607,1451.0,625.0,3965.0,0.0
20250815,SA2509,1293.0,354037.0,298789.0,0.266167699677289
20250815,SA2510,1322.0,187827.0,65406.0,0.0723984096500149
20250815,SA2511,1330.0,245660.0,103881.0,0.5035703891883865
20250815,SA2512,1387.0,80759.0,63506.0,0.0690152872876129
20250815,SA2601,1395.0,3900775.0,1409890.0,0.0942525373817306
20250815,SA2602,1406.0,3125.0,21085.0,0.0255772743368404
20250815,SA2603,1409.0,2396.0,11310.0,0.2944416906490957
20250815,SA2604,1444.0,1121.0,13398.0,0.0497581915421834
20250815,SA2605,1450.0,81495.0,154545.0,0.0330578721461362
20250815,SA2606,1454.0,898.0,8795.0,-0.0496210217736358
20250815,SA2607,1448.0,1168.0,3964.0,0.1564344623678402
20250815,SA2608,1467.0,88.0,60.0,0.0
20250818,SA2509,1272.0,181009.0,274331.0,0.3257276366898529
20250818,SA2510,1307.0,147833.0,68283.0,0.0732267718517144
20250818,SA2511,1315.0,186453.0,109262.0,0.5615580835408673
20250818,SA2512,1378.0,59597.0,67365.0,0.0694647381149369
20250818,SA2601,1386.0,2509201.0,1398920.0,0.1034489165268834
20250818,SA2602,1398.0,1583.0,21039.0,0.0257234825190164
20250818,SA2603,1401.0,1500.0,11410.0,0.3461372580946494
20250818,SA2604,1442.0,622.0,13464.0,0.0
20250818,SA2605,1442.0,45364.0,158722.0,0.0166320192945258
20250818,SA2606,1444.0,463.0,8697.0,-0.0166320192945256
20250818,SA2607,1442.0,869.0,3927.0,0.1241818602037253
20250818,SA2608,1457.0,65.0,67.0,0.0
20250819,SA2509,1245.0,119352.0,256003.0,0.3233159121604168
20250819,SA2510,1279.0,129091.0,68192.0,0.0841452610254751
20250819,SA2511,1288.0,184369.0,109856.0,0.5730531755508004
20250819,SA2512,1351.0,62315.0,66989.0,0.0620156419013111
20250819,SA2601,1358.0,1779068.0,1428848.0,0.1492884237843622
20250819,SA2602,1375.0,2687.0,21104.0,0.0087241007114071
20250819,SA2603,1376.0,1215.0,11439.0,0.284393920864696
20250819,SA2604,1409.0,719.0,13515.0,0.0340184494301655
20250819,SA2605,1413.0,45179.0,162351.0,0.0423878928905435
20250819,SA2606,1418.0,312.0,8761.0,-0.0169371940608928
20250819,SA2607,1416.0,556.0,4002.0,0.1683057042540535
20250819,SA2608,1436.0,57.0,85.0,0.0
20250820,SA2509,1209.0,200605.0,201724.0,0.3328108907510217
20250820,SA2510,1243.0,219090.0,67335.0,0.0385542500319041
20250820,SA2511,1247.0,291205.0,112407.0,0.5087103939896249
20250820,SA2512,1301.0,89863.0,62994.0,0.0735634487687355
20250820,SA2601,1309.0,2970244.0,1365953.0,0.1548408580308934
20250820,SA2602,1326.0,4646.0,20484.0,0.0090463630367962
20250820,SA2603,1327.0,2638.0,10927.0,0.2682675060319383
20250820,SA2604,1357.0,1374.0,13084.0,0.0617421428224585
20250820,SA2605,1364.0,88969.0,165774.0,0.0701756385890774
20250820,SA2606,1372.0,1184.0,8564.0,-0.008749544682194
20250820,SA2607,1371.0,1354.0,4053.0,0.2254401563357701
20250820,SA2608,1397.0,301.0,151.0,0.0
20250821,SA2509,1208.0,62473.0,187665.0,0.3330826079839668
20250821,SA2510,1242.0,115855.0,67395.0,0.0193081296684082
20250821,SA2511,1244.0,177444.0,117650.0,0.5283872418060401
20250821,SA2512,1300.0,63297.0,62627.0,0.05525719664098
20250821,SA2601,1306.0,1274521.0,1383276.0,0.1642611199269252
20250821,SA2602,1324.0,1583.0,20515.0,0.009060023080429
20250821,SA2603,1325.0,1026.0,10897.0,0.2686679387217442
20250821,SA2604,1355.0,291.0,13116.0,0.0618330407478759
20250821,SA2605,1362.0,33768.0,165726.0,0.0351906410553326
20250821,SA2606,1366.0,197.0,8522.0,0.0087815591185697
20250821,SA2607,1367.0,409.0,4022.0,0.2260936446702731
20250821,SA2608,1393.0,97.0,172.0,0.0
20250822,SA2509,1226.0,50731.0,172557.0,0.3377786336251545
20250822,SA2510,1261.0,150154.0,65012.0,0.0380047823604124
20250822,SA2511,1265.0,190652.0,117425.0,0.5107153730255508
20250822,SA2512,1320.0,42536.0,60138.0,0.0544218619846963
20250822,SA2601,1326.0,1288381.0,1372600.0,0.1260326663897903
20250822,SA2602,1340.0,1005.0,20769.0,0.0268356429393662
20250822,SA2603,1343.0,769.0,10976.0,0.2912978636406155
20250822,SA2604,1376.0,576.0,13143.0,0.0261343116001534
20250822,SA2605,1379.0,39865.0,171341.0,0.0434311006117567
20250822,SA2606,1384.0,292.0,8559.0,0.0173285228668034
20250822,SA2607,1386.0,184.0,4010.0,0.163384824215972
20250822,SA2608,1405.0,127.0,199.0,0.0
20250825,SA2509,1226.0,73228.0,152513.0,0.3852658344955763
20250825,SA2510,1266.0,121783.0,58907.0,0.0567376943513507
20250825,SA2511,1272.0,168555.0,111553.0,0.544080893940529
20250825,SA2512,1331.0,62012.0,62280.0,0.0539731044819793
20250825,SA2601,1337.0,1963187.0,1386264.0,0.1604778745422975
20250825,SA2602,1355.0,2812.0,21148.0,0.0
20250825,SA2603,1355.0,1410.0,10902.0,0.3060275137312351
20250825,SA2604,1390.0,778.0,13006.0,0.02587137186082
20250825,SA2605,1393.0,58561.0,176259.0,0.0429953881673991
20250825,SA2606,1398.0,568.0,8606.0,0.008580622460707
20250825,SA2607,1399.0,739.0,4147.0,0.1194888962285544
20250825,SA2608,1413.0,385.0,379.0,0.0
20250826,SA2509,1200.0,52678.0,130512.0,0.4224750688154338
20250826,SA2510,1243.0,118051.0,64469.0,0.0289272940402481
20250826,SA2511,1246.0,178539.0,119167.0,0.5459765176703976
20250826,SA2512,1304.0,55242.0,61593.0,0.0642448953252192
20250826,SA2601,1311.0,1291877.0,1399714.0,0.2087009125424308
20250826,SA2602,1334.0,1343.0,21119.0,0.0269562075164908
20250826,SA2603,1337.0,940.0,11193.0,0.3013452295244557
20250826,SA2604,1371.0,758.0,13071.0,0.0524018299960846
20250826,SA2605,1377.0,40426.0,179461.0,0.0261153530711453
20250826,SA2606,1380.0,333.0,8593.0,0.0086925030965004
20250826,SA2607,1381.0,403.0,4145.0,0.1639723463286947
20250826,SA2608,1400.0,177.0,394.0,0.0
20250827,SA2509,1191.0,46106.0,111483.0,0.4644466066708954
20250827,SA2510,1238.0,75803.0,63204.0,0.0483676591940356
20250827,SA2511,1243.0,124974.0,119072.0,0.5380374232670048
20250827,SA2512,1300.0,38835.0,59576.0,0.0644420420951253
20250827,SA2601,1307.0,1101340.0,1400264.0,0.2003081410682797
20250827,SA2602,1329.0,1128.0,21200.0,0.0270575086450689
20250827,SA2603,1332.0,756.0,11291.0,0.3375500126620347
20250827,SA2604,1370.0,261.0,13156.0,0.0437158953420121
20250827,SA2605,1375.0,29142.0,181337.0,0.0435572166069447
20250827,SA2606,1380.0,271.0,8568.0,0.0
20250827,SA2607,1380.0,691.0,4349.0,0.2069016772140714
20250827,SA2608,1404.0,212.0,419.0,0.0
20250828,SA2509,1187.0,65275.0,71742.0,0.4562533026561153
20250828,SA2510,1233.0,83305.0,58818.0,0.0582525415775777
20250828,SA2511,1239.0,150304.0,119926.0,0.613582330289471
20250828,SA2512,1304.0,53123.0,59792.0,0.0642448953252192
20250828,SA2601,1311.0,1483398.0,1384815.0,0.2266784439946949
20250828,SA2602,1336.0,2265.0,21457.0,0.0537715612204322
20250828,SA2603,1342.0,3923.0,13086.0,0.26530188905044
20250828,SA2604,1372.0,573.0,13182.0,0.0610688340896547
20250828,SA2605,1379.0,44773.0,183274.0,0.0520984899376441
20250828,SA2606,1385.0,501.0,8653.0,-0.0086673893258881
20250828,SA2607,1384.0,586.0,4454.0,0.2063088064844732
20250828,SA2608,1408.0,222.0,480.0,0.0
20250829,SA2509,1180.0,75134.0,14180.0,0.4393169473507322
20250829,SA2510,1224.0,43255.0,54294.0,0.0489197579251609
20250829,SA2511,1229.0,120250.0,121996.0,0.5533571763611016
20250829,SA2512,1287.0,68204.0,63767.0,0.0836240317931212
20250829,SA2601,1296.0,1259256.0,1444659.0,0.2746115260030536
20250829,SA2602,1326.0,1867.0,21234.0,0.0541761642543193
20250829,SA2603,1332.0,1888.0,12883.0,0.2936742782247089
20250829,SA2604,1365.0,179.0,13185.0,0.0613812080012449
20250829,SA2605,1372.0,27172.0,184925.0,0.0262104217780944
20250829,SA2606,1375.0,171.0,8662.0,0.0261532976751877
20250829,SA2607,1378.0,275.0,4453.0,0.2499192664894227
20250829,SA2608,1407.0,161.0,545.0,0.0
20250901,SA2509,1154.0,4134.0,11522.0,0.2892737789102844
20250901,SA2511,1211.0,110706.0,126003.0,0.2901451658181712
20250901,SA2601,1271.0,1529447.0,1428510.0,0.1629902318815342
20250901,SA2603,1306.0,3108.0,13529.0,0.194367278228277
20250901,SA2605,1349.0,44324.0,185927.0,0.0619474529326603
20250901,SA2607,1363.0,677.0,4555.0,0.0
20250902,SA2509,1152.0,1460.0,10351.0,0.2748572161877652
20250902,SA2511,1206.0,68393.0,136781.0,0.2960568182040494
20250902,SA2601,1267.0,944932.0,1431428.0,0.1634978546842532
20250902,SA2603,1302.0,707.0,13529.0,0.203870121851096
20250902,SA2605,1347.0,32338.0,187956.0,0.0620389574466118
20250902,SA2607,1361.0,326.0,4549.0,0.0
20250903,SA2509,1158.0,1097.0,8719.0,0.278413504866658
20250903,SA2511,1213.0,68784.0,138450.0,0.3038013297641109
20250903,SA2601,1276.0,961840.0,1420969.0,0.1623601191537882
20250903,SA2603,1311.0,1194.0,13560.0,0.2069170564270164
20250903,SA2605,1357.0,30442.0,192324.0,0.0528249927214785
20250903,SA2607,1369.0,184.0,4524.0,0.0
20250904,SA2509,1160.0,545.0,8374.0,0.2631112951730964
20250904,SA2511,1212.0,99436.0,135207.0,0.3134501364196765
20250904,SA2601,1277.0,1074843.0,1411723.0,0.1668061096215412
20250904,SA2603,1313.0,1449.0,13230.0,0.1977707131924382
20250904,SA2605,1357.0,29952.0,193270.0,0.0484406300857594
20250904,SA2607,1368.0,366.0,4642.0,0.0
20250905,SA2509,1185.0,386.0,7722.0,0.3591290464976767
20250905,SA2510,1221.0,29667.0,53815.0,0.1270887642555417
20250905,SA2511,1234.0,144809.0,133380.0,0.5604500916782921
20250905,SA2512,1293.0,105919.0,65704.0,0.083237327959886
20250905,SA2601,1302.0,1453415.0,1420427.0,0.2913648444846541
20250905,SA2602,1334.0,13733.0,37549.0,0.0628038816733146
20250905,SA2603,1341.0,1373.0,13379.0,0.3613934525512395
20250905,SA2604,1382.0,335.0,12699.0,0.0433369918465979
20250905,SA2605,1387.0,45402.0,196617.0,0.0345572593033358
20250905,SA2606,1391.0,386.0,8746.0,0.0258527927643146
20250905,SA2607,1394.0,1108.0,5078.0,0.0943198853685225
20250905,SA2608,1405.0,868.0,1024.0,0.0
20250908,SA2509,1162.0,586.0,6638.0,0.5746583048329795
20250908,SA2510,1219.0,21420.0,52477.0,0.078495782755679
20250908,SA2511,1227.0,140686.0,131596.0,0.5355470388566997
20250908,SA2512,1283.0,70666.0,64664.0,0.0931681698746513
20250908,SA2601,1293.0,1552283.0,1447567.0,0.3024215036874039
20250908,SA2602,1326.0,24270.0,38986.0,0.0451637717916456
20250908,SA2603,1331.0,2106.0,13087.0,0.3202562199460546
20250908,SA2604,1367.0,363.0,12756.0,0.0525548285282581
20250908,SA2605,1373.0,61371.0,203390.0,0.0610244685993531
20250908,SA2606,1380.0,454.0,8786.0,0.0347322963163746
20250908,SA2607,1384.0,748.0,5053.0,0.1379325531088225
20250908,SA2608,1400.0,319.0,1015.0,0.0
20250909,SA2509,1159.0,1078.0,6549.0,0.457101390348175
20250909,SA2510,1204.0,13656.0,52032.0,0.0695654122119109
20250909,SA2511,1211.0,102539.0,134369.0,0.5424652412165614
20250909,SA2512,1267.0,34143.0,64259.0,0.1037334553960926
20250909,SA2601,1278.0,1103470.0,1470520.0,0.2967693750926044
20250909,SA2602,1310.0,23821.0,41361.0,0.0274494972911887
20250909,SA2603,1313.0,896.0,13146.0,0.3689829500330889
20250909,SA2604,1354.0,1371.0,12700.0,0.0353982557570534
20250909,SA2605,1358.0,35399.0,203474.0,0.0880414807662517
20250909,SA2606,1368.0,184.0,8774.0,0.0437796910257045
20250909,SA2607,1373.0,305.0,5045.0,0.1735388161420171
20250909,SA2608,1393.0,149.0,986.0,0.0
20250910,SA2509,1162.0,2521.0,6934.0,0.4161093427538677
20250910,SA2510,1203.0,24136.0,54976.0,0.099338315632455
20250910,SA2511,1213.0,122916.0,132853.0,0.5699260194722084
20250910,SA2512,1272.0,60668.0,64353.0,0.0846066959600011
20250910,SA2601,1281.0,1336321.0,1449657.0,0.2777901824035874
20250910,SA2602,1311.0,12260.0,42008.0,0.0456795374587532
20250910,SA2603,1316.0,1713.0,13141.0,0.3060931145665519
20250910,SA2604,1350.0,544.0,12817.0,0.0266370808597537
20250910,SA2605,1353.0,44141.0,206462.0,0.0883656423089341
20250910,SA2606,1363.0,380.0,8718.0,0.035164860329004
20250910,SA2607,1367.0,526.0,5045.0,0.1656401163107878
20250910,SA2608,1386.0,333.0,1016.0,0.0
20250911,SA2509,1168.0,961.0,6141.0,0.3443274204837669
20250911,SA2510,1202.0,97013.0,45578.0,0.1290868881539512
20250911,SA2511,1215.0,108221.0,137054.0,0.587833297561037
20250911,SA2512,1276.0,61568.0,68686.0,0.1030049242966972
20250911,SA2601,1287.0,1102427.0,1440308.0,0.2582728441888592
20250911,SA2602,1315.0,8794.0,41691.0,0.0364464972653958
20250911,SA2603,1319.0,1987.0,12618.0,0.3408300854106549
20250911,SA2604,1357.0,1137.0,12547.0,0.0176730517952935
20250911,SA2605,1359.0,42749.0,215028.0,0.0879769336476616
20250911,SA2606,1369.0,412.0,8721.0,0.0350109657542647
20250911,SA2607,1373.0,308.0,5023.0,0.1649212215167257
20250911,SA2608,1392.0,237.0,1025.0,0.0
20250912,SA2509,1163.0,783.0,0.0,0.4157576802012229
20250912,SA2510,1204.0,20406.0,35539.0,0.1288736054251297
20250912,SA2511,1217.0,107998.0,141055.0,0.5962765030957867
20250912,SA2512,1279.0,54025.0,72304.0,0.1027643493225025
20250912,SA2601,1290.0,1270526.0,1441918.0,0.266779864339161
20250912,SA2602,1319.0,10522.0,41047.0,0.0544630284360964
20250912,SA2603,1325.0,904.0,12600.0,0.3305009794696205
20250912,SA2604,1362.0,388.0,12500.0,0.0527473376764575
20250912,SA2605,1368.0,36273.0,212054.0,0.0874002406932971
20250912,SA2606,1378.0,271.0,8772.0,0.0174039189317575
20250912,SA2607,1380.0,435.0,4996.0,0.1297309932505881
20250912,SA2608,1395.0,359.0,1042.0,0.0
20250915,SA2510,1217.0,14444.0,29543.0,0.1470006132712556
20250915,SA2511,1232.0,115662.0,140730.0,0.5984619604820753
20250915,SA2512,1295.0,59998.0,72547.0,0.1198626946020709
20250915,SA2601,1308.0,1417714.0,1440311.0,0.2451844658064712
20250915,SA2602,1335.0,15285.0,41039.0,0.0627569603673254
20250915,SA2603,1342.0,1210.0,12756.0,0.3437620305319795
20250915,SA2604,1381.0,412.0,12562.0,0.0173661390655928
20250915,SA2605,1383.0,42888.0,212219.0,0.0778381107552822
20250915,SA2606,1392.0,536.0,8854.0,0.00861759462529
20250915,SA2607,1393.0,1151.0,5182.0,0.1285267552581837
20250915,SA2608,1408.0,1336.0,1785.0,0.034042576022397
20250915,SA2609,1412.0,2541.0,2114.0,0.0
20250916,SA2510,1250.0,11490.0,24826.0,0.1146505536577405
20250916,SA2511,1262.0,198005.0,143205.0,0.5936295317357909
20250916,SA2512,1326.0,120310.0,72186.0,0.1170740993443758
20250916,SA2601,1339.0,1973334.0,1338629.0,0.2746520775719779
20250916,SA2602,1370.0,42396.0,41413.0,0.061157758877812
20250916,SA2603,1377.0,2126.0,12705.0,0.3351453063001232
20250916,SA2604,1416.0,826.0,12647.0,0.0338505160996951
20250916,SA2605,1420.0,76310.0,205862.0,0.0590096025783612
20250916,SA2606,1427.0,584.0,8956.0,0.0252012693253991
20250916,SA2607,1430.0,1380.0,5317.0,0.1335201535770846
20250916,SA2608,1446.0,1584.0,2653.0,0.01658604272342
20250916,SA2609,1448.0,3928.0,4853.0,0.0
20250917,SA2510,1246.0,4581.0,23109.0,0.1150168549558477
20250917,SA2511,1258.0,154004.0,134287.0,0.6045447222548376
20250917,SA2512,1323.0,77232.0,70548.0,0.0993607483273596
20250917,SA2601,1334.0,1086896.0,1339542.0,0.2932393229805671
20250917,SA2602,1367.0,49893.0,40237.0,0.0350621140603772
20250917,SA2603,1371.0,869.0,12768.0,0.3705860027304446
20250917,SA2604,1414.0,320.0,12791.0,0.033898327626658
20250917,SA2605,1418.0,28039.0,205120.0,0.0843292296894825
20250917,SA2606,1428.0,303.0,9075.0,0.0
20250917,SA2607,1428.0,1010.0,5329.0,0.1586110047834494
20250917,SA2608,1447.0,711.0,2734.0,0.0413936250390905
20250917,SA2609,1452.0,1424.0,5468.0,0.0
20250918,SA2510,1213.0,5407.0,21203.0,0.1279224906252797
20250918,SA2511,1226.0,254870.0,135997.0,0.6384991473084101
20250918,SA2512,1293.0,98438.0,72586.0,0.1200471727742254
20250918,SA2601,1306.0,1496218.0,1391923.0,0.2904831702215675
20250918,SA2602,1338.0,131701.0,40818.0,0.0626166161731892
20250918,SA2603,1345.0,2174.0,13501.0,0.4207881809263954
20250918,SA2604,1393.0,634.0,12934.0,0.0601505018825303
20250918,SA2605,1400.0,44813.0,206000.0,0.0854096132263674
20250918,SA2606,1410.0,632.0,8995.0,0.0255047917477624
20250918,SA2607,1413.0,1194.0,5397.0,0.2271361186262263
20250918,SA2608,1440.0,950.0,2759.0,0.0166551032981769
20250918,SA2609,1442.0,1591.0,6030.0,0.0
20250919,SA2510,1229.0,3332.0,19856.0,0.0875561241420787
20250919,SA2511,1238.0,174755.0,132155.0,0.641662279102019
20250919,SA2512,1306.0,56895.0,72907.0,0.1097568627129144
20250919,SA2601,1318.0,922286.0,1381982.0,0.2611735361749385
20250919,SA2602,1347.0,108490.0,40518.0,0.0710586828412471
20250919,SA2603,1355.0,675.0,13422.0,0.3920493874745844
20250919,SA2604,1400.0,157.0,12928.0,0.0598504981324676
20250919,SA2605,1407.0,30296.0,210144.0,0.0849861909154969
20250919,SA2606,1417.0,244.0,9016.0,0.0084656088167078
20250919,SA2607,1418.0,332.0,5466.0,0.2429402344729335
20250919,SA2608,1447.0,227.0,2757.0,0.0579111775437689
20250919,SA2609,1454.0,1023.0,6406.0,0.0
20250922,SA2510,1210.0,4710.0,17991.0,0.0991735537190079
20250922,SA2511,1220.0,233561.0,130773.0,0.6098360655737709
20250922,SA2512,1282.0,96428.0,71506.0,0.0011569002085926
20250922,SA2601,1293.0,1348228.0,1420087.0,0.2877030162413003
20250922,SA2602,1324.0,114901.0,40318.0,0.07250755287009
20250922,SA2603,1332.0,1295.0,13423.0,0.4234234234234222
20250922,SA2604,1379.0,182.0,12922.0,0.043509789702683
20250922,SA2605,1384.0,37466.0,212629.0,0.1300578034682082
20250922,SA2606,1399.0,343.0,9091.0,0.0085775553967124
20250922,SA2607,1400.0,1188.0,5768.0,0.2914285714285709
20250922,SA2608,1434.0,584.0,2897.0,0.033472803347279
20250922,SA2609,1438.0,2341.0,6451.0,0.0
20250923,SA2510,1197.0,5742.0,14513.0,0.1002506265664173
20250923,SA2511,1207.0,260772.0,120669.0,0.5468102734051357
20250923,SA2512,1262.0,119657.0,70447.0,0.0011752346017557
20250923,SA2601,1273.0,1252408.0,1415505.0,0.2922230950510593
20250923,SA2602,1304.0,115786.0,42006.0,0.0644171779141107
20250923,SA2603,1311.0,1903.0,13108.0,0.4118993135011441
20250923,SA2604,1356.0,681.0,12739.0,0.0442477876106197
20250923,SA2605,1361.0,65770.0,227093.0,0.132255694342394
20250923,SA2606,1376.0,551.0,8985.0,0.0348837209302326
20250923,SA2607,1380.0,632.0,5650.0,0.3304347826086955
20250923,SA2608,1418.0,517.0,2807.0,0.0423131170662918
20250923,SA2609,1423.0,2378.0,6375.0,0.0
20250924,SA2510,1217.0,4851.0,14678.0,0.1281840591618737
20250924,SA2511,1230.0,239130.0,115614.0,0.6536585365853655
20250924,SA2512,1297.0,125893.0,68134.0,0.0010395640761307
20250924,SA2601,1307.0,2066042.0,1398447.0,0.2662586074980879
20250924,SA2602,1336.0,101060.0,40712.0,0.0628742514970053
20250924,SA2603,1343.0,2462.0,12979.0,0.3663440059568135
20250924,SA2604,1384.0,537.0,12757.0,0.0867052023121388
20250924,SA2605,1394.0,70317.0,232495.0,0.1205164992826395
20250924,SA2606,1408.0,451.0,8975.0,-0.0085227272727275
20250924,SA2607,1407.0,711.0,5676.0,0.2985074626865671
20250924,SA2608,1442.0,588.0,2943.0,0.0499306518723994
20250924,SA2609,1448.0,3051.0,6695.0,0.0
20250925,SA2510,1224.0,2678.0,14211.0,0.117647058823529
20250925,SA2511,1236.0,177816.0,107957.0,0.6407766990291259
20250925,SA2512,1302.0,131741.0,72051.0,0.0013462434629524
20250925,SA2601,1315.0,1176415.0,1387941.0,0.2828897338403031
20250925,SA2602,1346.0,34751.0,39233.0,0.0445765230312034
20250925,SA2603,1351.0,1191.0,13088.0,0.417468541820873
20250925,SA2604,1398.0,264.0,12843.0,0.0515021459227478
20250925,SA2605,1404.0,41359.0,235038.0,0.1282051282051277
20250925,SA2606,1419.0,327.0,9001.0,0.0169133192388999
20250925,SA2607,1421.0,444.0,5759.0,0.2448979591836737
20250925,SA2608,1450.0,886.0,3674.0,0.0744827586206895
20250925,SA2609,1459.0,2051.0,7509.0,0.0
20250926,SA2510,1205.0,2025.0,13843.0,0.1294605809128626
20250926,SA2511,1218.0,103710.0,104073.0,0.6206896551724137
20250926,SA2512,1281.0,77738.0,72333.0,0.0012630581796174
20250926,SA2601,1293.0,1127426.0,1359763.0,0.2877030162413003
20250926,SA2602,1324.0,17109.0,38478.0,0.0815709969788516
20250926,SA2603,1333.0,996.0,13121.0,0.4141035258814698
20250926,SA2604,1379.0,362.0,12763.0,0.043509789702683
20250926,SA2605,1384.0,42282.0,230899.0,0.1387283236994232
20250926,SA2606,1400.0,394.0,8930.0,0.0
20250926,SA2607,1400.0,414.0,5727.0,0.2914285714285709
20250926,SA2608,1434.0,274.0,3700.0,0.0418410041841008
20250926,SA2609,1439.0,1977.0,7258.0,0.0
20250929,SA2510,1191.0,6064.0,11873.0,0.1410579345088161
20250929,SA2511,1205.0,164804.0,83269.0,0.6074688796680503
20250929,SA2512,1266.0,101440.0,72023.0,0.0012780233239256
20250929,SA2601,1278.0,956241.0,1307809.0,0.2816901408450691
20250929,SA2602,1308.0,70806.0,38259.0,0.0642201834862392
20250929,SA2603,1315.0,1453.0,12951.0,0.3923954372623583
20250929,SA2604,1358.0,399.0,12606.0,0.0706921944035343
20250929,SA2605,1366.0,55976.0,229639.0,0.1405563689604685
20250929,SA2606,1382.0,316.0,8872.0,0.0260492040520992
20250929,SA2607,1385.0,669.0,5638.0,0.3119133574007211
20250929,SA2608,1421.0,321.0,3596.0,0.0506685432793814
20250929,SA2609,1427.0,1869.0,7348.0,0.0
20250930,SA2510,1170.0,4383.0,9573.0,0.143589743589743
20250930,SA2511,1184.0,126591.0,75677.0,0.6081081081081079
20250930,SA2512,1244.0,89846.0,69207.0,0.0011922396040319
20250930,SA2601,1255.0,783278.0,1250366.0,0.3442231075697224
20250930,SA2602,1291.0,48062.0,36232.0,0.0464756003098365
20250930,SA2603,1296.0,2168.0,12249.0,0.4259259259259265
20250930,SA2604,1342.0,1127.0,12085.0,0.0625931445603571
20250930,SA2605,1349.0,28124.0,228062.0,0.151223128243144
20250930,SA2606,1366.0,196.0,8877.0,0.0175695461200575
20250930,SA2607,1368.0,431.0,5542.0,0.3070175438596498
20250930,SA2608,1403.0,147.0,3550.0,0.0598717034925169
20250930,SA2609,1410.0,1023.0,7342.0,0.0
20251009,SA2510,1161.0,1527.0,8893.0,0.2067183462532291
20251009,SA2511,1181.0,44804.0,70729.0,0.60965283657917
20251009,SA2512,1241.0,47227.0,65682.0,0.0009778268703202
20251009,SA2601,1250.0,756398.0,1317459.0,0.3935999999999993
20251009,SA2602,1291.0,39783.0,44142.0,0.0557707203718038
20251009,SA2603,1297.0,32641.0,33213.0,0.4070932922127994
20251009,SA2604,1341.0,1499.0,11255.0,0.026845637583893
20251009,SA2605,1344.0,45634.0,231137.0,0.1517857142857144
20251009,SA2606,1361.0,280.0,8865.0,0.0176340925789872
20251009,SA2607,1363.0,468.0,5496.0,0.3433602347762283
20251009,SA2608,1402.0,314.0,3579.0,0.0599144079885869
20251009,SA2609,1409.0,1255.0,7479.0,0.0
20251010,SA2510,1157.0,1302.0,7944.0,0.1555747623163359
20251010,SA2511,1172.0,40487.0,66664.0,0.5938566552901019
20251010,SA2512,1230.0,88164.0,66506.0,0.0010961907371882
20251010,SA2601,1240.0,1212013.0,1436592.0,0.387096774193548
20251010,SA2602,1280.0,45761.0,49779.0,0.0656249999999989
20251010,SA2603,1287.0,40206.0,50943.0,0.4102564102564114
20251010,SA2604,1331.0,774.0,11120.0,0.0090157776108181
20251010,SA2605,1332.0,68612.0,244819.0,0.1891891891891886
20251010,SA2606,1353.0,474.0,8890.0,0.053215077605321
20251010,SA2607,1359.0,752.0,5682.0,0.3620309050772627
20251010,SA2608,1400.0,311.0,3690.0,0.0514285714285707
20251010,SA2609,1406.0,2104.0,8194.0,0.0
20251013,SA2510,1164.0,311.0,7783.0,0.0927835051546388
20251013,SA2511,1173.0,63797.0,60256.0,0.6342710997442449
20251013,SA2512,1235.0,82362.0,67259.0,0.0013101032616112
20251013,SA2601,1247.0,1110319.0,1378440.0,0.3464314354450675
20251013,SA2602,1283.0,121276.0,51576.0,0.0654715510522212
20251013,SA2603,1290.0,140879.0,66265.0,0.3906976744186048
20251013,SA2604,1332.0,552.0,11042.0,0.0360360360360365
20251013,SA2605,1336.0,61641.0,244486.0,0.179640718562875
20251013,SA2606,1356.0,514.0,9008.0,0.0442477876106197
20251013,SA2607,1361.0,500.0,5588.0,0.3350477590007346
20251013,SA2608,1399.0,160.0,3702.0,0.0600428877769845
20251013,SA2609,1406.0,1977.0,8060.0,0.0
20251014,SA2510,1140.0,300.0,7646.0,0.2421052631578941
20251014,SA2511,1163.0,29375.0,45781.0,0.6190885640584707
20251014,SA2512,1223.0,86069.0,68180.0,0.0012127114206179
20251014,SA2601,1234.0,1219106.0,1384354.0,0.3500810372771488
20251014,SA2602,1270.0,37006.0,51771.0,0.0661417322834649
20251014,SA2603,1277.0,94562.0,67996.0,0.3664839467501961
20251014,SA2604,1316.0,1193.0,10537.0,0.0455927051671745
20251014,SA2605,1321.0,61677.0,248694.0,0.1725965177895529
20251014,SA2606,1340.0,304.0,9007.0,0.0447761194029858
20251014,SA2607,1345.0,886.0,5846.0,0.3390334572490712
20251014,SA2608,1383.0,256.0,3661.0,0.052060737527114
20251014,SA2609,1389.0,2316.0,7987.0,0.0
20251015,SA2510,1140.0,507.0,7460.0,0.1999999999999993
20251015,SA2511,1159.0,16916.0,37919.0,0.6315789473684204
20251015,SA2512,1220.0,50725.0,70353.0,0.0013262110885982
20251015,SA2601,1232.0,794201.0,1377333.0,0.3506493506493511
20251015,SA2602,1268.0,26369.0,49587.0,0.0567823343848576
20251015,SA2603,1274.0,55240.0,68258.0,0.3767660910518051
20251015,SA2604,1314.0,237.0,10597.0,0.04566210045662
20251015,SA2605,1319.0,30348.0,251781.0,0.1637604245640629
20251015,SA2606,1337.0,247.0,8998.0,0.0359012715033646
20251015,SA2607,1341.0,248.0,5814.0,0.3310961968680095
20251015,SA2608,1378.0,113.0,3655.0,0.0522496371552962
20251015,SA2609,1384.0,980.0,7877.0,0.0
20251016,SA2510,1148.0,272.0,7398.0,0.1358885017421611
20251016,SA2511,1161.0,10474.0,33713.0,0.6614987080103365
20251016,SA2512,1225.0,66309.0,73808.0,0.0011006649850951
20251016,SA2601,1235.0,1149356.0,1387423.0,0.3692307692307679
20251016,SA2602,1273.0,39816.0,46278.0,0.0754124116260799
20251016,SA2603,1281.0,74740.0,70017.0,0.3466042154566748
20251016,SA2604,1318.0,320.0,10621.0,0.0637329286798191
20251016,SA2605,1325.0,47948.0,249494.0,0.1449056603773595
20251016,SA2606,1341.0,291.0,8998.0,0.0357941834451889
20251016,SA2607,1345.0,416.0,5747.0,0.2855018587360582
20251016,SA2608,1377.0,144.0,3659.0,0.0610021786492369
20251016,SA2609,1384.0,1789.0,8405.0,0.0
20251017,SA2510,1124.0,285.0,7517.0,0.1814946619217092
20251017,SA2511,1141.0,7897.0,30788.0,0.6099912357581072
20251017,SA2512,1199.0,63673.0,69984.0,0.0011245326161314
20251017,SA2601,1209.0,1045011.0,1405646.0,0.3970223325062045
20251017,SA2602,1249.0,29651.0,44237.0,0.0672538030424352
20251017,SA2603,1256.0,86704.0,72227.0,0.353503184713376
20251017,SA2604,1293.0,1096.0,10188.0,0.0092807424593974
20251017,SA2605,1294.0,57567.0,257935.0,0.1761978361669252
20251017,SA2606,1313.0,450.0,8988.0,0.0639756283320638
20251017,SA2607,1320.0,888.0,6039.0,0.3181818181818192
20251017,SA2608,1355.0,348.0,3681.0,0.0442804428044274
20251017,SA2609,1360.0,2544.0,8389.0,0.0
20251020,SA2510,1135.0,273.0,7351.0,0.1162995594713649
20251020,SA2511,1146.0,6815.0,28399.0,0.649214659685863
20251020,SA2512,1208.0,41498.0,67506.0,0.0012277699233573
20251020,SA2601,1219.0,1199924.0,1369450.0,0.3839212469237081
20251020,SA2602,1258.0,36105.0,43905.0,0.0667726550079486
20251020,SA2603,1265.0,96415.0,75331.0,0.3320158102766806
20251020,SA2604,1300.0,781.0,10295.0,0.0369230769230757
20251020,SA2605,1304.0,55892.0,261319.0,0.1656441717791414
20251020,SA2606,1322.0,335.0,8907.0,0.045385779122542
20251020,SA2607,1327.0,914.0,6211.0,0.2803315749811608
20251020,SA2608,1358.0,318.0,3580.0,0.0618556701030925
20251020,SA2609,1365.0,2680.0,9167.0,0.0
20251021,SA2510,1125.0,1604.0,6181.0,0.1386666666666665
20251021,SA2511,1138.0,5202.0,27438.0,0.653778558875219
20251021,SA2512,1200.0,38328.0,64346.0,0.0011235955056179
20251021,SA2601,1210.0,992204.0,1391387.0,0.3966942148760317
20251021,SA2602,1250.0,47907.0,43372.0,0.0767999999999995
20251021,SA2603,1258.0,91953.0,75018.0,0.3338632750397456
20251021,SA2604,1293.0,791.0,9895.0,0.0464037122969847
20251021,SA2605,1298.0,41534.0,263039.0,0.1479198767334368
20251021,SA2606,1314.0,205.0,8958.0,0.063926940639269
20251021,SA2607,1321.0,385.0,6248.0,0.2906888720666165
20251021,SA2608,1353.0,197.0,3592.0,0.0709534368070947
20251021,SA2609,1361.0,2166.0,9264.0,0.0
20251022,SA2510,1134.0,128.0,0.0,0.1904761904761898
20251022,SA2511,1152.0,4127.0,25885.0,0.6249999999999991
20251022,SA2512,1212.0,58055.0,65676.0,0.0012237178774057
20251022,SA2601,1223.0,773292.0,1390463.0,0.3826655764513482
20251022,SA2602,1262.0,57684.0,42315.0,0.0760697305863713
20251022,SA2603,1270.0,105841.0,78720.0,0.3307086614173222
20251022,SA2604,1305.0,356.0,9823.0,0.0275862068965508
20251022,SA2605,1308.0,32132.0,264411.0,0.1651376146788994
20251022,SA2606,1326.0,163.0,8971.0,0.009049773755656
20251022,SA2607,1327.0,274.0,6245.0,0.316503391107763
20251022,SA2608,1362.0,93.0,3552.0,0.0704845814977979
20251022,SA2609,1370.0,1269.0,9551.0,0.0
20251023,SA2511,1164.0,4159.0,24187.0,0.6082474226804129
20251023,SA2512,1223.0,65527.0,59130.0,0.0013229579134013
20251023,SA2601,1235.0,978864.0,1392523.0,0.3497975708502014
20251023,SA2602,1271.0,58168.0,44939.0,0.0944138473642794
20251023,SA2603,1281.0,127623.0,82791.0,0.3185011709601877
20251023,SA2604,1315.0,336.0,9844.0,0.0273764258555138
20251023,SA2605,1318.0,41206.0,268573.0,0.1729893778452211
20251023,SA2606,1337.0,192.0,9020.0,0.0359012715033646
20251023,SA2607,1341.0,228.0,6277.0,0.2774049217002234
20251023,SA2608,1372.0,119.0,3561.0,0.0612244897959177
20251023,SA2609,1379.0,1477.0,9852.0,0.1305293691080491
20251023,SA2610,1394.0,138.0,104.0,0.0
20251024,SA2511,1165.0,4783.0,21319.0,0.5562231759656653
20251024,SA2512,1219.0,89504.0,64218.0,0.0011060825321916
20251024,SA2601,1229.0,845930.0,1407877.0,0.3710333604556544
20251024,SA2602,1267.0,37048.0,43556.0,0.0852407261247032
20251024,SA2603,1276.0,121088.0,81858.0,0.3667711598746077
20251024,SA2604,1315.0,427.0,9851.0,0.0365019011406841
20251024,SA2605,1319.0,66607.0,255147.0,0.1637604245640629
20251024,SA2606,1337.0,330.0,9034.0,0.0269259536275248
20251024,SA2607,1340.0,231.0,6284.0,0.3044776119402996
20251024,SA2608,1374.0,169.0,3531.0,0.0436681222707422
20251024,SA2609,1379.0,1584.0,10057.0,0.1392313270485852
20251024,SA2610,1395.0,171.0,176.0,0.0
20251027,SA2511,1178.0,4392.0,18472.0,0.5806451612903221
20251027,SA2512,1235.0,85251.0,56952.0,0.0012009279898103
20251027,SA2601,1246.0,1292776.0,1387064.0,0.3852327447833064
20251027,SA2602,1286.0,59902.0,42406.0,0.0746500777604968
20251027,SA2603,1294.0,156854.0,81779.0,0.3431221020092723
20251027,SA2604,1331.0,585.0,9899.0,0.0540946656649143
20251027,SA2605,1337.0,75661.0,246999.0,0.116679132385939
20251027,SA2606,1350.0,466.0,9074.0,0.0533333333333336
20251027,SA2607,1356.0,580.0,6500.0,0.2566371681415935
20251027,SA2608,1385.0,892.0,4046.0,0.0433212996389897
20251027,SA2609,1390.0,2793.0,10985.0,0.086330935251798
20251027,SA2610,1400.0,539.0,598.0,0.0
20251028,SA2511,1170.0,2739.0,17065.0,0.5948717948717954
20251028,SA2512,1228.0,62476.0,56786.0,0.0012077736705339
20251028,SA2601,1239.0,926219.0,1387072.0,0.368038740920098
20251028,SA2602,1277.0,27085.0,44149.0,0.0845732184808136
20251028,SA2603,1286.0,106850.0,84405.0,0.3825816485225495
20251028,SA2604,1327.0,209.0,9923.0,0.0361718161266022
20251028,SA2605,1331.0,47476.0,249391.0,0.1532682193839223
20251028,SA2606,1348.0,383.0,9063.0,0.0267062314540051
20251028,SA2607,1351.0,243.0,6551.0,0.2487046632124361
20251028,SA2608,1379.0,158.0,4043.0,0.043509789702683
20251028,SA2609,1384.0,2125.0,11536.0,0.0693641618497116
20251028,SA2610,1392.0,531.0,988.0,0.0
20251029,SA2511,1175.0,4834.0,15224.0,0.7148936170212776
20251029,SA2512,1245.0,78046.0,50414.0,0.0015161770678218
20251029,SA2601,1259.0,1203640.0,1355081.0,0.3526608419380448
20251029,SA2602,1296.0,115786.0,43071.0,0.0740740740740744
20251029,SA2603,1304.0,169721.0,86816.0,0.3496932515337416
20251029,SA2604,1342.0,344.0,9896.0,0.0447093889716851
20251029,SA2605,1347.0,52244.0,251188.0,0.124721603563473
20251029,SA2606,1361.0,360.0,8967.0,0.0352681851579719
20251029,SA2607,1365.0,305.0,6575.0,0.2461538461538452
20251029,SA2608,1393.0,187.0,4054.0,0.0603015075376873
20251029,SA2609,1400.0,4870.0,13797.0,0.0
20251029,SA2610,1400.0,1292.0,2062.0,0.0
20251030,SA2511,1155.0,4918.0,12771.0,0.7064935064935076
20251030,SA2512,1223.0,78152.0,44086.0,0.0013229579134013
20251030,SA2601,1235.0,1235717.0,1332613.0,0.3692307692307679
20251030,SA2602,1273.0,53285.0,41345.0,0.0565593087195592
20251030,SA2603,1279.0,140002.0,87157.0,0.3659108678655212
20251030,SA2604,1318.0,625.0,9856.0,0.054628224582701
20251030,SA2605,1324.0,69976.0,249607.0,0.1359516616314211
20251030,SA2606,1339.0,659.0,8913.0,0.0537714712472006
20251030,SA2607,1345.0,654.0,6594.0,0.2765799256505588
20251030,SA2608,1376.0,359.0,4040.0,0.0523255813953476
20251030,SA2609,1382.0,4890.0,14177.0,0.0347322720694656
20251030,SA2610,1386.0,473.0,2236.0,0.0
20251031,SA2511,1136.0,7843.0,8851.0,0.8239436619718319
20251031,SA2512,1214.0,58788.0,40449.0,0.001221701867723
20251031,SA2601,1225.0,824655.0,1321166.0,0.3918367346938769
20251031,SA2602,1265.0,63276.0,37138.0,0.0569169960474305
20251031,SA2603,1271.0,130827.0,80973.0,0.3682140047206932
20251031,SA2604,1310.0,374.0,9917.0,0.0549618320610685
20251031,SA2605,1316.0,60442.0,244582.0,0.1732522796352578
20251031,SA2606,1335.0,388.0,8940.0,0.0449438202247192
20251031,SA2607,1340.0,470.0,6735.0,0.3492537313432828
20251031,SA2608,1379.0,302.0,4138.0,0.0348078317621469
20251031,SA2609,1383.0,4058.0,15424.0,0.0867678958785251
20251031,SA2610,1393.0,222.0,2259.0,0.0
20251103,SA2511,1115.0,1131.0,8271.0,0.8179372197309425
20251103,SA2512,1191.0,22155.0,38906.0,0.0012452947669317
20251103,SA2601,1202.0,1599801.0,1448010.0,0.3594009983361061
20251103,SA2602,1238.0,41611.0,40209.0,0.0581583198707589
20251103,SA2603,1244.0,136410.0,84613.0,0.37620578778135
20251103,SA2604,1283.0,17001.0,19571.0,0.0654715510522212
20251103,SA2605,1290.0,130538.0,263344.0,0.195348837209301
20251103,SA2606,1311.0,1188.0,8906.0,0.0366132723112127
20251103,SA2607,1315.0,1082.0,6988.0,0.3923954372623583
20251103,SA2608,1358.0,869.0,4569.0,0.0353460972017671
20251103,SA2609,1362.0,5930.0,15930.0,0.0969162995594707
20251103,SA2610,1373.0,407.0,2275.0,0.0
20251104,SA2511,1110.0,1381.0,7917.0,0.756756756756757
20251104,SA2512,1180.0,9902.0,37497.0,0.0010283755475147
20251104,SA2601,1189.0,849051.0,1488028.0,0.3835155592935226
20251104,SA2602,1227.0,24606.0,39903.0,0.0586797066014659
20251104,SA2603,1233.0,62226.0,88159.0,0.3990267639902667
20251104,SA2604,1274.0,11228.0,23153.0,0.0565149136577698
20251104,SA2605,1280.0,62071.0,270145.0,0.1875
20251104,SA2606,1300.0,446.0,8897.0,0.0646153846153838
20251104,SA2607,1307.0,507.0,6983.0,0.3672532517214986
20251104,SA2608,1347.0,237.0,4698.0,0.0623608017817378
20251104,SA2609,1354.0,4190.0,17239.0,0.1063515509601176
20251104,SA2610,1366.0,648.0,2551.0,0.0
20251105,SA2511,1114.0,702.0,7594.0,0.7324955116696579
20251105,SA2512,1182.0,10169.0,35467.0,0.0014829179261963
20251105,SA2601,1195.0,837701.0,1451031.0,0.361506276150628
20251105,SA2602,1231.0,20813.0,40072.0,0.0389926888708362
20251105,SA2603,1235.0,81367.0,88610.0,0.388663967611337
20251105,SA2604,1275.0,30113.0,27584.0,0.0658823529411751
20251105,SA2605,1282.0,57547.0,273869.0,0.2059282371294859
20251105,SA2606,1304.0,416.0,8964.0,0.03680981595092
20251105,SA2607,1308.0,144.0,6992.0,0.376146788990825
20251105,SA2608,1349.0,98.0,4647.0,0.0533728687916967
20251105,SA2609,1355.0,2505.0,17369.0,0.0974169741697403
20251105,SA2610,1366.0,497.0,2858.0,0.0
20251106,SA2511,1125.0,675.0,7774.0,0.7573333333333334
20251106,SA2512,1196.0,7472.0,34020.0,0.0012400886851302
20251106,SA2601,1207.0,730970.0,1419560.0,0.3579121789560888
20251106,SA2602,1243.0,55204.0,38567.0,0.0482703137570394
20251106,SA2603,1248.0,118456.0,90013.0,0.3846153846153859
20251106,SA2604,1288.0,32470.0,28997.0,0.0465838509316762
20251106,SA2605,1293.0,62604.0,268780.0,0.1948955916473309
20251106,SA2606,1314.0,324.0,8896.0,0.0547945205479445
20251106,SA2607,1320.0,264.0,6966.0,0.3545454545454545
20251106,SA2608,1359.0,125.0,4581.0,0.044150110375277
20251106,SA2609,1364.0,2202.0,17263.0,0.1143695014662755
20251106,SA2610,1377.0,355.0,2996.0,0.0
20251107,SA2511,1126.0,1304.0,6664.0,0.7460035523978696
20251107,SA2512,1196.0,8232.0,33802.0,0.0015782946901657
20251107,SA2601,1210.0,603881.0,1369998.0,0.3471074380165291
20251107,SA2602,1245.0,85500.0,38784.0,0.0481927710843379
20251107,SA2603,1250.0,131922.0,92596.0,0.3743999999999987
20251107,SA2604,1289.0,23267.0,28970.0,0.0465477114041883
20251107,SA2605,1294.0,39934.0,269501.0,0.2040185471406488
20251107,SA2606,1316.0,203.0,8891.0,0.0455927051671745
20251107,SA2607,1321.0,185.0,6971.0,0.3361090083270239
20251107,SA2608,1358.0,138.0,4521.0,0.0441826215022089
20251107,SA2609,1363.0,1104.0,17204.0,0.0880410858400591
20251107,SA2610,1373.0,106.0,3019.0,0.0
20251110,SA2511,1147.0,1623.0,5872.0,0.6800348735832609
20251110,SA2512,1212.0,22836.0,33705.0,0.0015574591166981
20251110,SA2601,1226.0,1542782.0,1340230.0,0.3034257748776507
20251110,SA2602,1257.0,107887.0,39970.0,0.0763723150357984
20251110,SA2603,1265.0,222295.0,91098.0,0.3035573122529653
20251110,SA2604,1297.0,38781.0,28342.0,0.0277563608326918
20251110,SA2605,1300.0,137747.0,284781.0,0.2030769230769218
20251110,SA2606,1322.0,607.0,8850.0,0.0363086232980336
20251110,SA2607,1326.0,577.0,6910.0,0.2805429864253383
20251110,SA2608,1357.0,226.0,4499.0,0.0619012527634481
20251110,SA2609,1364.0,5042.0,17244.0,0.096774193548387
20251110,SA2610,1375.0,539.0,3129.0,0.0
20251111,SA2511,1136.0,577.0,5471.0,0.7077464788732382
20251111,SA2512,1203.0,14780.0,33402.0,0.0013449522261761
20251111,SA2601,1215.0,1296893.0,1308266.0,0.3160493827160495
20251111,SA2602,1247.0,88130.0,38967.0,0.057738572574177
20251111,SA2603,1253.0,165942.0,90424.0,0.306464485235435
20251111,SA2604,1285.0,40103.0,28902.0,0.0653696498054472
20251111,SA2605,1292.0,99008.0,291725.0,0.1764705882352935
20251111,SA2606,1311.0,228.0,8796.0,0.054919908466819
20251111,SA2607,1317.0,339.0,6926.0,0.2915717539863331
20251111,SA2608,1349.0,184.0,4475.0,0.0622683469236484
20251111,SA2609,1356.0,4211.0,17421.0,0.0796460176991145
20251111,SA2610,1365.0,261.0,3079.0,0.0
20251112,SA2511,1141.0,218.0,5342.0,0.6310254163014912
20251112,SA2512,1201.0,38177.0,35273.0,0.0014594579423514
20251112,SA2601,1214.0,689506.0,1316241.0,0.296540362438221
20251112,SA2602,1244.0,23875.0,40701.0,0.067524115755627
20251112,SA2603,1251.0,87749.0,93510.0,0.2781774580335732
20251112,SA2604,1280.0,27266.0,28821.0,0.0656249999999989
20251112,SA2605,1287.0,67039.0,300338.0,0.1678321678321674
20251112,SA2606,1305.0,362.0,8706.0,0.0643678160919529
20251112,SA2607,1312.0,365.0,6986.0,0.3384146341463427
20251112,SA2608,1349.0,151.0,4521.0,0.0444773906597477
20251112,SA2609,1354.0,4674.0,18439.0,0.088626292466766
20251112,SA2610,1364.0,182.0,3113.0,0.0
20251113,SA2511,1165.0,1464.0,5026.0,0.6283261802575106
20251113,SA2512,1226.0,13630.0,29514.0,0.001429697380721
20251113,SA2601,1239.0,1293946.0,1326711.0,0.2711864406779662
20251113,SA2602,1267.0,94151.0,40608.0,0.0662983425414376
20251113,SA2603,1274.0,209603.0,92206.0,0.226059654631082
20251113,SA2604,1298.0,64919.0,27911.0,0.0647149460708771
20251113,SA2605,1305.0,141974.0,315487.0,0.1379310344827597
20251113,SA2606,1320.0,954.0,8626.0,0.0999999999999996
20251113,SA2607,1331.0,1471.0,7451.0,0.34259954921112
20251113,SA2608,1369.0,672.0,4825.0,0.0525931336742155
20251113,SA2609,1375.0,7949.0,21177.0,0.0698181818181806
20251113,SA2610,1383.0,406.0,3258.0,0.0
20251114,SA2511,1137.0,433.0,0.0,0.8021108179419532
20251114,SA2512,1213.0,3752.0,27597.0,0.0014450197763924
20251114,SA2601,1226.0,888511.0,1286117.0,0.2838499184339325
20251114,SA2602,1255.0,137996.0,42222.0,0.0764940239043818
20251114,SA2603,1263.0,257988.0,91308.0,0.2945368171021378
20251114,SA2604,1294.0,31104.0,29487.0,0.0649149922720253
20251114,SA2605,1301.0,60942.0,314199.0,0.1383551114527295
20251114,SA2606,1316.0,222.0,8662.0,0.0638297872340416
20251114,SA2607,1323.0,259.0,7497.0,0.3537414965986389
20251114,SA2608,1362.0,85.0,4831.0,0.0616740088105718
20251114,SA2609,1369.0,3315.0,21237.0,0.0701241782322865
20251114,SA2610,1377.0,193.0,3265.0,0.0
20251117,SA2512,1218.0,3838.0,26215.0,0.0014390878397077
20251117,SA2601,1231.0,1180957.0,1266828.0,0.3021933387489852
20251117,SA2602,1262.0,118794.0,42688.0,0.0665610142630752
20251117,SA2603,1269.0,232635.0,93638.0,0.2836879432624117
20251117,SA2604,1299.0,52546.0,29760.0,0.0461893764434178
20251117,SA2605,1304.0,108399.0,326576.0,0.1748466257668708
20251117,SA2606,1323.0,327.0,8675.0,0.0634920634920641
20251117,SA2607,1330.0,606.0,7567.0,0.3338345864661649
20251117,SA2608,1367.0,199.0,4875.0,0.0614484272128743
20251117,SA2609,1374.0,5284.0,21812.0,0.069868995633187
20251117,SA2610,1382.0,446.0,3258.0,0.0
20251117,SA2611,1382.0,119.0,83.0,0.0
20251118,SA2512,1202.0,2646.0,24562.0,0.0013460711548168
20251118,SA2601,1214.0,921014.0,1263266.0,0.2668863261943981
20251118,SA2602,1241.0,247764.0,41891.0,0.0773569701853347
20251118,SA2603,1249.0,389660.0,94280.0,0.3074459567654113
20251118,SA2604,1281.0,128201.0,30102.0,0.0562060889929743
20251118,SA2605,1287.0,92345.0,338878.0,0.1864801864801872
20251118,SA2606,1307.0,394.0,8676.0,0.0550879877582239
20251118,SA2607,1313.0,703.0,7423.0,0.3290175171363279
20251118,SA2608,1349.0,244.0,4825.0,0.0266864343958497
20251118,SA2609,1352.0,7135.0,23179.0,0.0887573964497052
20251118,SA2610,1362.0,380.0,3172.0,0.0704845814977979
20251118,SA2611,1370.0,77.0,107.0,0.0
20251119,SA2512,1168.0,3421.0,22994.0,0.0016161305217792
20251119,SA2601,1182.0,1379424.0,1345724.0,0.3045685279187813
20251119,SA2602,1212.0,303798.0,41023.0,0.0495049504950504
20251119,SA2603,1217.0,411239.0,95350.0,0.3253903040262935
20251119,SA2604,1250.0,133484.0,30982.0,0.0672000000000005
20251119,SA2605,1257.0,164309.0,352204.0,0.2004773269689739
20251119,SA2606,1278.0,631.0,8656.0,0.065727699530516
20251119,SA2607,1285.0,626.0,7418.0,0.3455252918287925
20251119,SA2608,1322.0,194.0,4793.0,0.0272314674735252
20251119,SA2609,1325.0,5700.0,23602.0,0.1177358490566042
20251119,SA2610,1338.0,591.0,2994.0,0.0269058295964113
20251119,SA2611,1341.0,148.0,122.0,0.0
20251120,SA2512,1145.0,3729.0,21645.0,0.001530837544772
20251120,SA2601,1158.0,1245455.0,1330158.0,0.3316062176165797
20251120,SA2602,1190.0,383583.0,38600.0,0.060504201680672
20251120,SA2603,1196.0,561299.0,96869.0,0.3210702341137121
20251120,SA2604,1228.0,140120.0,26837.0,0.0390879478827361
20251120,SA2605,1232.0,201892.0,379680.0,0.1850649350649353
20251120,SA2606,1251.0,1070.0,8590.0,0.0671462829736215
20251120,SA2607,1258.0,621.0,7371.0,0.352941176470587
20251120,SA2608,1295.0,289.0,4667.0,0.0277992277992282
20251120,SA2609,1298.0,7470.0,24774.0,0.1294298921417569
20251120,SA2610,1312.0,593.0,2977.0,0.0640243902439028
20251120,SA2611,1319.0,357.0,198.0,0.0
20251121,SA2512,1157.0,1763.0,22198.0,0.0015149602322939
20251121,SA2601,1170.0,1002921.0,1310985.0,0.2769230769230759
20251121,SA2602,1197.0,479221.0,39195.0,0.0701754385964905
20251121,SA2603,1204.0,642031.0,99754.0,0.2691029900332227
20251121,SA2604,1231.0,121640.0,25079.0,0.0389926888708362
20251121,SA2605,1235.0,165901.0,392876.0,0.1651821862348175
20251121,SA2606,1252.0,775.0,8579.0,0.0766773162939307
20251121,SA2607,1260.0,549.0,7420.0,0.3619047619047606
20251121,SA2608,1298.0,68.0,4673.0,0.0462249614791998
20251121,SA2609,1303.0,3740.0,24980.0,0.1105141980046058
20251121,SA2610,1315.0,246.0,2964.0,0.0547528517110276
20251121,SA2611,1321.0,121.0,204.0,0.0
20251124,SA2512,1171.0,2641.0,20699.0,0.0013817058309904
20251124,SA2601,1183.0,1088626.0,1252706.0,0.294167371090448
20251124,SA2602,1212.0,277657.0,40766.0,0.0396039603960387
20251124,SA2603,1216.0,401372.0,102908.0,0.276315789473684
20251124,SA2604,1244.0,52513.0,26315.0,0.0482315112540181
20251124,SA2605,1249.0,210446.0,396194.0,0.1729383506805435
20251124,SA2606,1267.0,375.0,8594.0,0.0662983425414376
20251124,SA2607,1274.0,519.0,7522.0,0.3202511773940353
20251124,SA2608,1308.0,96.0,4673.0,0.0825688073394497
20251124,SA2609,1317.0,5796.0,25871.0,0.0637813211845106
20251124,SA2610,1324.0,145.0,2969.0,0.0543806646525668
20251124,SA2611,1330.0,76.0,222.0,0.0
20251125,SA2512,1159.0,1954.0,19475.0,0.0016286802842434
20251125,SA2601,1173.0,738803.0,1250396.0,0.2659846547314588
20251125,SA2602,1199.0,115470.0,41176.0,0.070058381984988
20251125,SA2603,1206.0,182123.0,106953.0,0.2985074626865671
20251125,SA2604,1236.0,19069.0,26881.0,0.0582524271844659
20251125,SA2605,1242.0,111216.0,411549.0,0.1835748792270539
20251125,SA2606,1261.0,326.0,8674.0,0.0475812846946865
20251125,SA2607,1266.0,272.0,7604.0,0.3507109004739348
20251125,SA2608,1303.0,85.0,4676.0,0.0736761320030696
20251125,SA2609,1311.0,4361.0,25757.0,0.0823798627002299
20251125,SA2610,1320.0,112.0,2963.0,0.0272727272727264
20251125,SA2611,1323.0,67.0,247.0,0.0
20251126,SA2512,1162.0,1748.0,18776.0,0.001508441470537
20251126,SA2601,1175.0,716460.0,1222993.0,0.28595744680851
20251126,SA2602,1203.0,231236.0,41420.0,0.0598503740648368
20251126,SA2603,1209.0,321896.0,104625.0,0.2779156327543424
20251126,SA2604,1237.0,88422.0,25403.0,0.0388035569927254
20251126,SA2605,1241.0,143689.0,441378.0,0.1933924254633368
20251126,SA2606,1261.0,332.0,8605.0,0.0570975416336239
20251126,SA2607,1267.0,152.0,7612.0,0.3314917127071828
20251126,SA2608,1302.0,90.0,4691.0,0.064516129032258
20251126,SA2609,1309.0,4436.0,26741.0,0.1008403361344534
20251126,SA2610,1320.0,91.0,2974.0,0.0545454545454555
20251126,SA2611,1326.0,43.0,255.0,0.0
20251127,SA2512,1163.0,5703.0,16226.0,0.001507144444337
20251127,SA2601,1176.0,671954.0,1201084.0,0.2755102040816339
20251127,SA2602,1203.0,303708.0,42859.0,0.0399002493765596
20251127,SA2603,1207.0,380703.0,104726.0,0.2286661143330564
20251127,SA2604,1230.0,36690.0,26021.0,0.0390243902439015
20251127,SA2605,1234.0,160788.0,478689.0,0.2042139384116703
20251127,SA2606,1255.0,765.0,8729.0,0.047808764940239
20251127,SA2607,1260.0,393.0,7675.0,0.3428571428571416
20251127,SA2608,1296.0,108.0,4712.0,0.0740740740740744
20251127,SA2609,1304.0,5316.0,27643.0,0.0828220858895694
20251127,SA2610,1313.0,117.0,2993.0,0.0639756283320638
20251127,SA2611,1320.0,64.0,263.0,0.0
20251128,SA2512,1161.0,7027.0,12195.0,0.0018581424382312
20251128,SA2601,1177.0,870090.0,1181181.0,0.2548853016142747
20251128,SA2602,1202.0,132345.0,41816.0,0.0399334442595673
20251128,SA2603,1206.0,193561.0,104819.0,0.2487562189054735
20251128,SA2604,1231.0,27643.0,26745.0,0.0389926888708362
20251128,SA2605,1235.0,186886.0,506124.0,0.1748987854251007
20251128,SA2606,1253.0,867.0,8945.0,0.0670391061452519
20251128,SA2607,1260.0,614.0,7989.0,0.3333333333333321
20251128,SA2608,1295.0,112.0,4780.0,0.0741312741312745
20251128,SA2609,1303.0,3989.0,27868.0,0.1105141980046058
20251128,SA2610,1315.0,111.0,2999.0,0.0091254752851703
20251128,SA2611,1316.0,84.0,274.0,0.0
20251201,SA2512,1158.0,1077.0,11247.0,0.0020958258135879
20251201,SA2601,1176.0,990508.0,1156882.0,0.2755102040816339
20251201,SA2602,1203.0,195897.0,44409.0,0.069825436408978
20251201,SA2603,1210.0,286673.0,106492.0,0.2776859504132227
20251201,SA2604,1238.0,48104.0,28409.0,0.0484652665589653
20251201,SA2605,1243.0,258406.0,534604.0,0.1351568785197106
20251201,SA2606,1257.0,789.0,8830.0,0.0572792362768508
20251201,SA2607,1263.0,442.0,7926.0,0.3230403800475061
20251201,SA2608,1297.0,242.0,4762.0,0.0647648419429458
20251201,SA2609,1304.0,7152.0,28578.0,0.1104294478527601
20251201,SA2610,1316.0,328.0,2959.0,0.0091185410334349
20251201,SA2611,1317.0,179.0,317.0,0.0
20251202,SA2512,1167.0,669.0,10607.0,0.0018485890066722
20251202,SA2601,1183.0,814743.0,1108996.0,0.2535925612848695
20251202,SA2602,1208.0,142377.0,45147.0,0.0496688741721866
20251202,SA2603,1213.0,248596.0,109411.0,0.2671063478977746
20251202,SA2604,1240.0,51404.0,31706.0,0.0387096774193542
20251202,SA2605,1244.0,203846.0,563102.0,0.135048231511254
20251202,SA2606,1258.0,547.0,8803.0,0.0763116057233705
20251202,SA2607,1266.0,199.0,7890.0,0.3222748815165879
20251202,SA2608,1300.0,198.0,4728.0,0.0646153846153838
20251202,SA2609,1307.0,4782.0,29535.0,0.0734506503442986
20251202,SA2610,1315.0,272.0,3034.0,0.0365019011406841
20251202,SA2611,1319.0,208.0,440.0,0.0
20251203,SA2512,1150.0,856.0,10110.0,0.0017586712261846
20251203,SA2601,1165.0,711103.0,1103091.0,0.3399141630901292
20251203,SA2602,1198.0,69931.0,43713.0,0.0601001669449079
20251203,SA2603,1204.0,128090.0,107794.0,0.2591362126245844
20251203,SA2604,1230.0,29799.0,32066.0,0.0292682926829268
20251203,SA2605,1233.0,214067.0,580106.0,0.1557177615571765
20251203,SA2606,1249.0,583.0,8851.0,0.0384307445956757
20251203,SA2607,1253.0,353.0,7754.0,0.3256185155626498
20251203,SA2608,1287.0,247.0,4707.0,0.0745920745920738
20251203,SA2609,1295.0,4320.0,29800.0,0.1019305019305027
20251203,SA2610,1306.0,151.0,3017.0,0.073506891271057
20251203,SA2611,1314.0,95.0,477.0,0.0
20251204,SA2512,1147.0,350.0,10059.0,0.0017632710637422
20251204,SA2601,1162.0,668880.0,1066657.0,0.299483648881238
20251204,SA2602,1191.0,70668.0,45340.0,0.0906801007556676
20251204,SA2603,1200.0,147803.0,108196.0,0.2800000000000011
20251204,SA2604,1228.0,83469.0,33641.0,0.0390879478827361
20251204,SA2605,1232.0,199186.0,583879.0,0.1558441558441545
20251204,SA2606,1248.0,331.0,8867.0,0.0480769230769242
20251204,SA2607,1253.0,271.0,7718.0,0.3447725458898647
20251204,SA2608,1289.0,142.0,4668.0,0.0465477114041883
20251204,SA2609,1294.0,5302.0,30084.0,0.0834621329211735
20251204,SA2610,1303.0,303.0,3065.0,0.0368380660015361
20251204,SA2611,1307.0,149.0,555.0,0.0
20251205,SA2512,1132.0,1244.0,9700.0,0.0005955453209989
20251205,SA2601,1137.0,759894.0,1061029.0,0.3271767810026391
20251205,SA2602,1168.0,93776.0,46631.0,0.0616438356164392
20251205,SA2603,1174.0,189350.0,116944.0,0.3577512776831355
20251205,SA2604,1209.0,119463.0,33748.0,0.0397022332506207
20251205,SA2605,1213.0,246820.0,601606.0,0.2176422093981873
20251205,SA2606,1235.0,2160.0,9301.0,0.0680161943319825
20251205,SA2607,1242.0,2491.0,8314.0,0.2898550724637694
20251205,SA2608,1272.0,785.0,4345.0,0.0283018867924518
20251205,SA2609,1275.0,7534.0,31292.0,0.1411764705882348
20251205,SA2610,1290.0,312.0,3093.0,0.0558139534883732
20251205,SA2611,1296.0,251.0,673.0,0.0
20251208,SA2512,1128.0,1399.0,8625.0,0.0005976571838393
20251208,SA2601,1133.0,767837.0,998898.0,0.2647837599293918
20251208,SA2602,1158.0,151128.0,48300.0,0.062176165803109
20251208,SA2603,1164.0,218178.0,123855.0,0.3195876288659782
20251208,SA2604,1195.0,56839.0,35493.0,0.040167364016737
20251208,SA2605,1199.0,304954.0,646859.0,0.2502085070892414
20251208,SA2606,1224.0,1332.0,9311.0,0.0294117647058822
20251208,SA2607,1227.0,2288.0,8840.0,0.2444987775061129
20251208,SA2608,1252.0,686.0,4228.0,0.019169329073482
20251208,SA2609,1254.0,14952.0,37644.0,0.1339712918660298
20251208,SA2610,1268.0,296.0,3094.0,0.0473186119873814
20251208,SA2611,1273.0,515.0,845.0,0.0
20251209,SA2512,1122.0,1678.0,7335.0,0.0003605119269362
20251209,SA2601,1125.0,533604.0,953044.0,0.2239999999999993
20251209,SA2602,1146.0,76415.0,47591.0,0.031413612565446
20251209,SA2603,1149.0,139242.0,129161.0,0.3446475195822458
20251209,SA2604,1182.0,53800.0,34356.0,0.0406091370558368
20251209,SA2605,1186.0,287474.0,688418.0,0.2833052276559868
20251209,SA2606,1214.0,1874.0,9940.0,0.039538714991762
20251209,SA2607,1218.0,2350.0,9945.0,0.2167487684729074
20251209,SA2608,1240.0,986.0,4185.0,0.0096774193548379
20251209,SA2609,1241.0,7249.0,39669.0,0.1547139403706694
20251209,SA2610,1257.0,243.0,3051.0,0.0477326968973743
20251209,SA2611,1262.0,395.0,857.0,0.0
20251210,SA2512,1100.0,1488.0,5529.0,-0.0007354443309499
20251210,SA2601,1094.0,867236.0,873614.0,0.2522851919561244
20251210,SA2602,1117.0,100286.0,45430.0,-0.0107430617726045
20251210,SA2603,1116.0,187004.0,137579.0,0.3978494623655901
20251210,SA2604,1153.0,70066.0,36688.0,0.0520381613182996
20251210,SA2605,1158.0,554650.0,768950.0,0.2590673575129534
20251210,SA2606,1183.0,1919.0,9765.0,0.0608622147083677
20251210,SA2607,1189.0,2137.0,9942.0,0.2321278385197658
20251210,SA2608,1212.0,670.0,4115.0,0.0594059405940594
20251210,SA2609,1218.0,13760.0,44057.0,0.1379310344827597
20251210,SA2610,1232.0,766.0,3223.0,0.0389610389610393
20251210,SA2611,1236.0,999.0,1405.0,0.0
20251211,SA2512,1101.0,409.0,3249.0,0.0002449254508159
20251211,SA2601,1103.0,764179.0,770906.0,0.2175883952855839
20251211,SA2602,1123.0,54176.0,44485.0,-0.021371326803206
20251211,SA2603,1121.0,113198.0,134058.0,0.3104371097234599
20251211,SA2604,1150.0,43131.0,37439.0,0.0313043478260857
20251211,SA2605,1153.0,491005.0,794776.0,0.2705984388551607
20251211,SA2606,1179.0,535.0,9824.0,0.0407124681933845
20251211,SA2607,1183.0,2514.0,9896.0,0.2434488588334735
20251211,SA2608,1207.0,269.0,4087.0,0.0497100248550133
20251211,SA2609,1212.0,12580.0,46672.0,0.1782178217821783
20251211,SA2610,1230.0,206.0,3224.0,0.0390243902439015
20251211,SA2611,1234.0,393.0,1471.0,0.0
20251212,SA2512,1095.0,535.0,0.0,-0.0002462675080806
20251212,SA2601,1093.0,750881.0,652615.0,0.1537053979871903
20251212,SA2602,1107.0,37844.0,45707.0,-0.0433604336043353
20251212,SA2603,1103.0,97599.0,138968.0,0.2393472348141436
20251212,SA2604,1125.0,40698.0,36660.0,0.0106666666666672
20251212,SA2605,1126.0,660651.0,890382.0,0.2877442273534631
20251212,SA2606,1153.0,771.0,9904.0,0.0416305290546397
20251212,SA2607,1157.0,1729.0,10097.0,0.2592912705272248
20251212,SA2608,1182.0,344.0,4090.0,0.0203045685279184
20251212,SA2609,1184.0,21031.0,49406.0,0.1824324324324315
20251212,SA2610,1202.0,247.0,3282.0,0.0399334442595673
20251212,SA2611,1206.0,668.0,1434.0,0.0
20251215,SA2601,1123.0,704374.0,487273.0,0.096170970614426
20251215,SA2602,1132.0,54285.0,45642.0,-0.0318021201413429
20251215,SA2603,1129.0,120722.0,139922.0,0.2869796279893712
20251215,SA2604,1156.0,39974.0,34052.0,0.0
20251215,SA2605,1156.0,936522.0,915836.0,0.2179930795847751
20251215,SA2606,1177.0,1205.0,10012.0,0.0407816482582825
20251215,SA2607,1181.0,2260.0,10147.0,0.2540220152413219
20251215,SA2608,1206.0,1032.0,4381.0,0.019900497512439
20251215,SA2609,1208.0,21005.0,53673.0,0.1986754966887414
20251215,SA2610,1228.0,886.0,3866.0,0.0390879478827361
20251215,SA2611,1232.0,1224.0,2252.0,0.1071428571428567
20251215,SA2612,1243.0,161.0,94.0,0.0
20251216,SA2601,1133.0,301079.0,399304.0,0.1059135039717551
20251216,SA2602,1143.0,51504.0,43870.0,0.0314960629921268
20251216,SA2603,1146.0,95918.0,135566.0,0.2408376963350775
20251216,SA2604,1169.0,39880.0,32993.0,0.0102651839178795
20251216,SA2605,1170.0,1021603.0,951015.0,0.2256410256410248
20251216,SA2606,1192.0,559.0,10106.0,0.0402684563758395
20251216,SA2607,1196.0,1099.0,10168.0,0.2207357859531784
20251216,SA2608,1218.0,639.0,4435.0,0.029556650246306
20251216,SA2609,1221.0,21940.0,58881.0,0.1474201474201466
20251216,SA2610,1236.0,1555.0,4979.0,0.0291262135922343
20251216,SA2611,1239.0,615.0,2391.0,0.1549636803874081
20251216,SA2612,1255.0,117.0,157.0,0.0
20251217,SA2601,1127.0,131069.0,359430.0,0.1490683229813667
20251217,SA2602,1141.0,35562.0,43552.0,0.0525854513584587
20251217,SA2603,1146.0,61174.0,134790.0,0.2303664921465973
20251217,SA2604,1168.0,22422.0,31047.0,0.0205479452054788
20251217,SA2605,1170.0,670127.0,963543.0,0.2153846153846146
20251217,SA2606,1191.0,390.0,10194.0,0.0503778337531484
20251217,SA2607,1196.0,1135.0,10149.0,0.2107023411371242
20251217,SA2608,1217.0,384.0,4449.0,0.039441248972885
20251217,SA2609,1221.0,10514.0,60871.0,0.1375921375921374
20251217,SA2610,1235.0,361.0,5175.0,0.0485829959514161
20251217,SA2611,1240.0,353.0,2588.0,0.1451612903225818
20251217,SA2612,1255.0,114.0,218.0,0.0
20251218,SA2601,1137.0,151324.0,305746.0,0.1583113456464389
20251218,SA2602,1152.0,38626.0,43083.0,0.0624999999999991
20251218,SA2603,1158.0,74408.0,132596.0,0.3108808290155451
20251218,SA2604,1188.0,30528.0,30945.0,0.0505050505050492
20251218,SA2605,1193.0,1117356.0,932468.0,0.2212908633696573
20251218,SA2606,1215.0,659.0,10212.0,0.0691358024691357
20251218,SA2607,1222.0,1822.0,10046.0,0.2454991816693956
20251218,SA2608,1247.0,1336.0,4605.0,0.0288692862870885
20251218,SA2609,1250.0,28409.0,63557.0,0.1632000000000006
20251218,SA2610,1267.0,648.0,5404.0,0.028413575374901
20251218,SA2611,1270.0,760.0,2796.0,0.1606299212598427
20251218,SA2612,1287.0,148.0,261.0,0.0
20251219,SA2601,1120.0,82101.0,282887.0,0.1928571428571421
20251219,SA2602,1138.0,30875.0,42446.0,0.052724077328647
20251219,SA2603,1143.0,57006.0,135006.0,0.2939632545931756
20251219,SA2604,1171.0,18228.0,30264.0,0.0512382578992323
20251219,SA2605,1176.0,778149.0,970991.0,0.2653061224489805
20251219,SA2606,1202.0,391.0,10267.0,0.0399334442595673
20251219,SA2607,1206.0,835.0,10123.0,0.2587064676616917
20251219,SA2608,1232.0,371.0,4522.0,0.0389610389610393
20251219,SA2609,1236.0,14749.0,64062.0,0.1747572815533979
20251219,SA2610,1254.0,185.0,5371.0,0.0478468899521518
20251219,SA2611,1259.0,266.0,2899.0,0.1334392374900703
20251219,SA2612,1273.0,143.0,284.0,0.0
20251222,SA2601,1109.0,79497.0,256779.0,0.1947700631199289
20251222,SA2602,1127.0,36132.0,41352.0,0.0532386867790597
20251222,SA2603,1132.0,70756.0,139056.0,0.3286219081272081
20251222,SA2604,1163.0,25955.0,30669.0,0.0619088564058465
20251222,SA2605,1169.0,768927.0,995048.0,0.2053036783575699
20251222,SA2606,1189.0,2402.0,10821.0,0.0605550883095027
20251222,SA2607,1195.0,2528.0,10129.0,0.2510460251046025
20251222,SA2608,1220.0,380.0,4511.0,0.0295081967213111
20251222,SA2609,1223.0,17155.0,67240.0,0.1766148814390842
20251222,SA2610,1241.0,169.0,5372.0,0.0386784850926673
20251222,SA2611,1245.0,186.0,2968.0,0.1734939759036144
20251222,SA2612,1263.0,114.0,319.0,0.0
20251223,SA2601,1117.0,70240.0,235420.0,0.2041181736794994
20251223,SA2602,1136.0,20656.0,39550.0,0.0422535211267618
20251223,SA2603,1140.0,43398.0,138303.0,0.3157894736842115
20251223,SA2604,1170.0,16887.0,29642.0,0.0512820512820511
20251223,SA2605,1175.0,751421.0,1001979.0,0.2042553191489364
20251223,SA2606,1195.0,999.0,10938.0,0.0602510460251055
20251223,SA2607,1201.0,1457.0,10099.0,0.2697751873438792
20251223,SA2608,1228.0,352.0,4489.0,0.0390879478827361
20251223,SA2609,1232.0,19314.0,69518.0,0.1655844155844157
20251223,SA2610,1249.0,176.0,5414.0,0.0384307445956757
20251223,SA2611,1253.0,225.0,2987.0,0.172386272944931
20251223,SA2612,1271.0,137.0,348.0,0.0
20251224,SA2601,1117.0,81116.0,203499.0,0.2578334825425248
20251224,SA2602,1141.0,30761.0,34436.0,0.0841367221735307
20251224,SA2603,1149.0,58957.0,132308.0,0.3237597911227166
20251224,SA2604,1180.0,26834.0,28893.0,0.0406779661016942
20251224,SA2605,1184.0,836240.0,999988.0,0.2331081081081079
20251224,SA2606,1207.0,549.0,10942.0,0.069594034797018
20251224,SA2607,1214.0,664.0,10195.0,0.227347611202636
20251224,SA2608,1237.0,369.0,4532.0,0.0388035569927254
20251224,SA2609,1241.0,15486.0,72351.0,0.1740531829170031
20251224,SA2610,1259.0,192.0,5446.0,0.0285941223193013
20251224,SA2611,1262.0,280.0,2972.0,0.190174326465927
20251224,SA2612,1282.0,178.0,346.0,0.0
20251225,SA2601,1115.0,55810.0,182442.0,0.2905829596412559
20251225,SA2602,1142.0,34908.0,32833.0,0.0735551663747822
20251225,SA2603,1149.0,57598.0,130995.0,0.3133159268929493
20251225,SA2604,1179.0,13756.0,29547.0,0.0508905852417314
20251225,SA2605,1184.0,713289.0,995846.0,0.2533783783783789
20251225,SA2606,1209.0,533.0,10838.0,0.0496277915632745
20251225,SA2607,1214.0,1022.0,10274.0,0.2174629324546941
20251225,SA2608,1236.0,229.0,4538.0,0.0388349514563115
20251225,SA2609,1240.0,11995.0,73605.0,0.1838709677419361
20251225,SA2610,1259.0,100.0,5468.0,0.0476568705321689
20251225,SA2611,1264.0,275.0,3085.0,0.18987341772152
20251225,SA2612,1284.0,212.0,416.0,0.0
20251226,SA2601,1121.0,79097.0,146534.0,0.3532560214094564
20251226,SA2602,1154.0,57140.0,29133.0,0.0935875216637773
20251226,SA2603,1163.0,103988.0,129133.0,0.3301805674978508
20251226,SA2604,1195.0,19787.0,30850.0,0.0502092050209199
20251226,SA2605,1200.0,1180173.0,1009627.0,0.2499999999999991
20251226,SA2606,1225.0,1159.0,11006.0,0.0489795918367352
20251226,SA2607,1230.0,1435.0,10274.0,0.2439024390243895
20251226,SA2608,1255.0,540.0,4579.0,0.0286852589641428
20251226,SA2609,1258.0,18651.0,75299.0,0.1717011128775825
20251226,SA2610,1276.0,254.0,5484.0,0.0564263322884022
20251226,SA2611,1282.0,570.0,3050.0,0.1497659906396249
20251226,SA2612,1298.0,384.0,461.0,0.0
20251229,SA2601,1107.0,49438.0,122838.0,0.3794037940379393
20251229,SA2602,1142.0,22522.0,26992.0,0.0420315236427315
20251229,SA2603,1146.0,77171.0,129092.0,0.3141361256544499
20251229,SA2604,1176.0,27417.0,30165.0,0.0510204081632643
20251229,SA2605,1181.0,947224.0,1043967.0,0.2540220152413219
20251229,SA2606,1206.0,612.0,11113.0,0.0796019900497508
20251229,SA2607,1214.0,1139.0,10467.0,0.2668863261943981
20251229,SA2608,1241.0,506.0,4568.0,0.058017727639001
20251229,SA2609,1247.0,16067.0,78446.0,0.1443464314354452
20251229,SA2610,1262.0,208.0,5525.0,0.0665610142630752
20251229,SA2611,1269.0,405.0,2994.0,0.2174940898345143
20251229,SA2612,1292.0,205.0,476.0,0.0
20251230,SA2601,1135.0,83451.0,69517.0,0.2854625550660783
20251230,SA2602,1162.0,26213.0,24776.0,0.0722891566265069
20251230,SA2603,1169.0,68585.0,128431.0,0.3798118049615064
20251230,SA2604,1206.0,15646.0,29056.0,0.0696517412935326
20251230,SA2605,1213.0,1094842.0,1005705.0,0.2572135201978556
20251230,SA2606,1239.0,1094.0,11341.0,0.0484261501210658
20251230,SA2607,1244.0,2110.0,10381.0,0.2508038585208991
20251230,SA2608,1270.0,470.0,4650.0,0.0661417322834649
20251230,SA2609,1277.0,25707.0,78195.0,0.1409553641346912
20251230,SA2610,1292.0,515.0,5515.0,0.0092879256965945
20251230,SA2611,1293.0,691.0,3017.0,0.2041763341067284
20251230,SA2612,1315.0,392.0,678.0,0.0
20251231,SA2601,1107.0,75511.0,8723.0,0.4769647696476973
20251231,SA2602,1151.0,20413.0,20579.0,0.0938314509122495
20251231,SA2603,1160.0,61668.0,124769.0,0.4241379310344833
20251231,SA2604,1201.0,19932.0,29263.0,0.0799333888426305
20251231,SA2605,1209.0,780043.0,952613.0,0.258064516129032
20251231,SA2606,1235.0,540.0,11322.0,0.0680161943319825
20251231,SA2607,1242.0,1201.0,10261.0,0.2512077294686001
20251231,SA2608,1268.0,415.0,4695.0,0.0567823343848576
20251231,SA2609,1274.0,12338.0,78858.0,0.1507064364207231
20251231,SA2610,1290.0,150.0,5468.0,0.0558139534883732
20251231,SA2611,1296.0,203.0,3024.0,0.1574074074074074
20251231,SA2612,1313.0,210.0,734.0,0.0
20260105,SA2601,1095.0,2701.0,6572.0,0.4273972602739722
20260105,SA2602,1134.0,11368.0,18697.0,0.0529100529100539
20260105,SA2603,1139.0,45344.0,127640.0,0.3792800702370495
20260105,SA2604,1175.0,21487.0,31673.0,0.0204255319148947
20260105,SA2605,1177.0,896697.0,1053853.0,0.377230246389125
20260105,SA2606,1214.0,11829.0,12881.0,0.0494233937397039
20260105,SA2607,1219.0,6524.0,10387.0,0.3248564397046767
20260105,SA2608,1252.0,3907.0,4244.0,-0.028753993610223
20260105,SA2609,1249.0,30848.0,81922.0,0.3074459567654113
20260105,SA2610,1281.0,3391.0,5530.0,0.0281030444964871
20260105,SA2611,1284.0,914.0,2796.0,0.2242990654205607
20260105,SA2612,1308.0,354.0,912.0,0.0
20260106,SA2601,1111.0,708.0,5319.0,0.3780378037803791
20260106,SA2602,1146.0,6833.0,18214.0,0.0523560209424092
20260106,SA2603,1151.0,49122.0,129518.0,0.3857515204170294
20260106,SA2604,1188.0,14192.0,33375.0,0.0202020202020207
20260106,SA2605,1190.0,744640.0,1056646.0,0.3731092436974776
20260106,SA2606,1227.0,8589.0,18682.0,0.0391198044009781
20260106,SA2607,1231.0,1384.0,10428.0,0.3021933387489852
20260106,SA2608,1262.0,561.0,4257.0,-0.0285261489698895
20260106,SA2609,1259.0,19180.0,84768.0,0.2668784749801434
20260106,SA2610,1287.0,392.0,5496.0,0.0466200466200454
20260106,SA2611,1292.0,1284.0,3763.0,0.1764705882352935
20260106,SA2612,1311.0,1352.0,2005.0,0.0
20260107,SA2601,1183.0,1501.0,4904.0,0.3651732882502116
20260107,SA2602,1219.0,36862.0,24449.0,0.0984413453650541
20260107,SA2603,1229.0,162665.0,126321.0,0.351505288852727
20260107,SA2604,1265.0,54172.0,33688.0,0.0569169960474305
20260107,SA2605,1271.0,2265606.0,1041221.0,0.2360346184107014
20260107,SA2606,1296.0,20154.0,24468.0,0.0370370370370372
20260107,SA2607,1300.0,10183.0,11189.0,0.2769230769230759
20260107,SA2608,1330.0,2474.0,4069.0,-0.009022556390978
20260107,SA2609,1329.0,78104.0,97586.0,0.1444695259593684
20260107,SA2610,1345.0,2095.0,5605.0,0.0
20260107,SA2611,1345.0,3688.0,5486.0,0.0802973977695167
20260107,SA2612,1354.0,2426.0,3597.0,0.0
20260108,SA2601,1156.0,129.0,4577.0,0.3944636678200686
20260108,SA2602,1194.0,21242.0,22998.0,0.0904522613065337
20260108,SA2603,1203.0,143232.0,129612.0,0.3291770573566079
20260108,SA2604,1236.0,44968.0,36225.0,0.0291262135922343
20260108,SA2605,1239.0,2109438.0,1172456.0,0.2711864406779662
20260108,SA2606,1267.0,16692.0,28036.0,0.028413575374901
20260108,SA2607,1270.0,5132.0,12257.0,0.3307086614173222
20260108,SA2608,1305.0,1877.0,3962.0,0.0
20260108,SA2609,1305.0,79853.0,110970.0,0.1379310344827597
20260108,SA2610,1320.0,696.0,5740.0,-0.0181818181818176
20260108,SA2611,1318.0,2401.0,6858.0,0.0819423368740528
20260108,SA2612,1327.0,2320.0,5204.0,0.0
20260109,SA2601,1141.0,356.0,4573.0,0.4627519719544271
20260109,SA2602,1185.0,14538.0,20883.0,0.0607594936708864
20260109,SA2603,1191.0,102191.0,133565.0,0.3627204030226707
20260109,SA2604,1227.0,32310.0,37790.0,0.0097799511002438
20260109,SA2605,1228.0,1467016.0,1170289.0,0.2540716612377851
20260109,SA2606,1254.0,18028.0,31120.0,0.0382775119617235
20260109,SA2607,1258.0,1696.0,12373.0,0.3434022257551676
20260109,SA2608,1294.0,674.0,3994.0,0.0092735703245754
20260109,SA2609,1295.0,42566.0,116161.0,0.1389961389961387
20260109,SA2610,1310.0,373.0,5726.0,0.0091603053435118
20260109,SA2611,1311.0,633.0,6841.0,0.109839816933638
20260109,SA2612,1323.0,574.0,5137.0,0.0
20260112,SA2601,1149.0,218.0,4036.0,0.5013054830287205
20260112,SA2602,1197.0,13224.0,20687.0,0.0501253132832086
20260112,SA2603,1202.0,90383.0,133661.0,0.3394342762063225
20260112,SA2604,1236.0,33282.0,37346.0,0.0291262135922343
20260112,SA2605,1239.0,1251702.0,1194511.0,0.2615012106537531
20260112,SA2606,1266.0,15332.0,35528.0,0.0
20260112,SA2607,1266.0,1012.0,12382.0,0.3222748815165879
20260112,SA2608,1300.0,550.0,3983.0,0.0184615384615378
20260112,SA2609,1302.0,35150.0,121074.0,0.129032258064516
20260112,SA2610,1316.0,233.0,5701.0,0.0
20260112,SA2611,1316.0,485.0,6808.0,0.1094224924012161
20260112,SA2612,1328.0,550.0,5244.0,0.0
20260113,SA2601,1136.0,586.0,3778.0,0.3485915492957758
20260113,SA2602,1169.0,58188.0,24376.0,0.0821214713430285
20260113,SA2603,1177.0,72485.0,134701.0,0.3364485981308398
20260113,SA2604,1210.0,39817.0,38679.0,0.019834710743801
20260113,SA2605,1212.0,1041362.0,1206897.0,0.2574257425742585
20260113,SA2606,1238.0,20135.0,38160.0,0.0484652665589653
20260113,SA2607,1243.0,1227.0,12476.0,0.2992759452936449
20260113,SA2608,1274.0,851.0,3686.0,-0.0094191522762945
20260113,SA2609,1273.0,34101.0,125267.0,0.1791044776119408
20260113,SA2610,1292.0,348.0,5668.0,-0.0092879256965945
20260113,SA2611,1291.0,958.0,6595.0,0.1394268009295123
20260113,SA2612,1306.0,342.0,5177.0,0.0
20260114,SA2601,1136.0,76.0,3031.0,0.4647887323943669
20260114,SA2602,1180.0,14197.0,16954.0,0.0508474576271185
20260114,SA2603,1185.0,87508.0,137047.0,0.3645569620253157
20260114,SA2604,1221.0,39973.0,39186.0,0.0098280098280092
20260114,SA2605,1222.0,1052616.0,1191477.0,0.2553191489361692
20260114,SA2606,1248.0,18587.0,38981.0,0.0192307692307691
20260114,SA2607,1250.0,4339.0,14442.0,0.3167999999999997
20260114,SA2608,1283.0,877.0,3731.0,0.0093530787217455
20260114,SA2609,1284.0,36456.0,125836.0,0.1682242990654199
20260114,SA2610,1302.0,227.0,5654.0,-0.0184331797235026
20260114,SA2611,1300.0,540.0,6635.0,0.1200000000000001
20260114,SA2612,1313.0,441.0,5242.0,0.0
20260115,SA2601,1116.0,604.0,2638.0,0.3763440860215059
20260115,SA2602,1151.0,5632.0,15075.0,0.0938314509122495
20260115,SA2603,1160.0,101230.0,138031.0,0.3310344827586213
20260115,SA2604,1192.0,46432.0,39591.0,0.0100671140939585
20260115,SA2605,1193.0,1262208.0,1222455.0,0.2514668901927903
20260115,SA2606,1218.0,22758.0,37984.0,0.0197044334975382
20260115,SA2607,1220.0,1961.0,14670.0,0.3442622950819682
20260115,SA2608,1255.0,606.0,3891.0,0.0095617529880467
20260115,SA2609,1256.0,38457.0,130014.0,0.1815286624203818
20260115,SA2610,1275.0,223.0,5625.0,-0.0376470588235298
20260115,SA2611,1271.0,587.0,6403.0,0.198269079464989
20260115,SA2612,1292.0,626.0,5096.0,0.0
20260116,SA2601,1115.0,352.0,0.0,0.3551569506726446
20260116,SA2602,1148.0,4241.0,12892.0,0.062717770034844
20260116,SA2603,1154.0,110448.0,136437.0,0.3639514731369146
20260116,SA2604,1189.0,56913.0,38393.0,0.0302775441547513
20260116,SA2605,1192.0,1105955.0,1195966.0,0.2516778523489931
20260116,SA2606,1217.0,23771.0,37148.0,0.0295809367296637
20260116,SA2607,1220.0,2697.0,15121.0,0.3442622950819682
20260116,SA2608,1255.0,830.0,4093.0,0.0382470119521922
20260116,SA2609,1259.0,42819.0,133823.0,0.1620333598093717
20260116,SA2610,1276.0,260.0,5641.0,-0.0376175548589343
20260116,SA2611,1272.0,428.0,6417.0,0.1886792452830201
20260116,SA2612,1292.0,380.0,5094.0,0.0
20260119,SA2602,1147.0,3290.0,11309.0,0.0732345248474288
20260119,SA2603,1154.0,90005.0,134130.0,0.3639514731369146
20260119,SA2604,1189.0,43956.0,37092.0,0.0302775441547513
20260119,SA2605,1192.0,1077172.0,1157011.0,0.2818791946308714
20260119,SA2606,1220.0,30581.0,37270.0,0.0
20260119,SA2607,1220.0,2731.0,15182.0,0.3245901639344275
20260119,SA2608,1253.0,749.0,3916.0,0.0
20260119,SA2609,1253.0,36814.0,132138.0,0.1819632881085384
20260119,SA2610,1272.0,153.0,5594.0,-0.0283018867924531
20260119,SA2611,1269.0,438.0,6262.0,0.2174940898345143
20260119,SA2612,1292.0,682.0,5167.0,0.0004174348627682
20260119,SA2701,1296.0,739.0,543.0,0.0
20260120,SA2602,1136.0,2061.0,11014.0,0.0422535211267618
20260120,SA2603,1140.0,74808.0,135651.0,0.3578947368421064
20260120,SA2604,1174.0,43191.0,37047.0,0.0306643952299836
20260120,SA2605,1177.0,779748.0,1153720.0,0.2650807136788433
20260120,SA2606,1203.0,15990.0,37383.0,0.0099750623441385
20260120,SA2607,1204.0,1139.0,15079.0,0.3388704318936879
20260120,SA2608,1238.0,573.0,3755.0,0.0
20260120,SA2609,1238.0,29791.0,135254.0,0.2229402261712447
20260120,SA2610,1261.0,155.0,5585.0,-0.0475812846946865
20260120,SA2611,1256.0,589.0,6148.0,0.2388535031847123
20260120,SA2612,1281.0,411.0,5099.0,0.0002105096966028
20260120,SA2701,1283.0,361.0,647.0,0.0
20260121,SA2602,1125.0,3036.0,9773.0,0.0319999999999991
20260121,SA2603,1128.0,60964.0,136953.0,0.3297872340425538
20260121,SA2604,1159.0,30273.0,36300.0,0.0414150129421928
20260121,SA2605,1163.0,652785.0,1173376.0,0.2889079965606198
20260121,SA2606,1191.0,14146.0,36227.0,0.0
20260121,SA2607,1191.0,1133.0,15068.0,0.3526448362720416
20260121,SA2608,1226.0,426.0,3700.0,0.0
20260121,SA2609,1226.0,30921.0,138450.0,0.1957585644371935
20260121,SA2610,1246.0,109.0,5565.0,0.0
20260121,SA2611,1246.0,427.0,6140.0,0.2215088282504016
20260121,SA2612,1269.0,495.0,5074.0,0.0001062501660158
20260121,SA2701,1270.0,558.0,923.0,0.0
20260122,SA2602,1141.0,3486.0,9354.0,0.0420683610867653
20260122,SA2603,1145.0,69018.0,133725.0,0.3772925764192143
20260122,SA2604,1181.0,30125.0,36826.0,0.0406435224386125
20260122,SA2605,1185.0,825258.0,1160131.0,0.2531645569620249
20260122,SA2606,1210.0,17598.0,35713.0,0.0
20260122,SA2607,1210.0,4578.0,16772.0,0.3570247933884296
20260122,SA2608,1246.0,1630.0,4414.0,0.0096308186195832
20260122,SA2609,1247.0,30514.0,142401.0,0.1732157177225337
20260122,SA2610,1265.0,161.0,5594.0,-0.0189723320158101
20260122,SA2611,1263.0,346.0,6158.0,0.19002375296912
20260122,SA2612,1283.0,231.0,5115.0,0.0004203630886178
20260122,SA2701,1287.0,679.0,1136.0,0.0
20260123,SA2602,1156.0,1685.0,8927.0,0.0519031141868513
20260123,SA2603,1161.0,78600.0,127031.0,0.3410852713178292
20260123,SA2604,1194.0,37030.0,37395.0,0.0402010050251266
20260123,SA2605,1198.0,992183.0,1150904.0,0.2504173622704497
20260123,SA2606,1223.0,23259.0,36571.0,0.0098119378577266
20260123,SA2607,1224.0,3515.0,18091.0,0.3431372549019595
20260123,SA2608,1259.0,616.0,4490.0,0.0190627482128675
20260123,SA2609,1261.0,39887.0,151000.0,0.1237113402061851
20260123,SA2610,1274.0,487.0,5686.0,-0.0565149136577711
20260123,SA2611,1268.0,3355.0,8799.0,0.2271293375394334
20260123,SA2612,1292.0,420.0,5196.0,0.0004174348627682
20260123,SA2701,1296.0,997.0,1679.0,0.0
20260126,SA2602,1161.0,981.0,8683.0,0.0516795865633072
20260126,SA2603,1166.0,89770.0,121396.0,0.3396226415094352
20260126,SA2604,1199.0,37667.0,40008.0,0.0600500417014187
20260126,SA2605,1205.0,1187842.0,1160211.0,0.2688796680497916
20260126,SA2606,1232.0,24757.0,37743.0,0.0
20260126,SA2607,1232.0,4154.0,18083.0,0.3506493506493511
20260126,SA2608,1268.0,534.0,4591.0,-0.0189274447949525
20260126,SA2609,1266.0,46605.0,156502.0,0.1516587677725116
20260126,SA2610,1282.0,1805.0,6858.0,-0.0936037441497665
20260126,SA2611,1272.0,3847.0,11326.0,0.2358490566037732
20260126,SA2612,1297.0,435.0,5268.0,0.0003118692228392
20260126,SA2701,1300.0,1458.0,2314.0,0.0
20260127,SA2602,1153.0,1662.0,7723.0,0.0208152645273198
20260127,SA2603,1155.0,80698.0,112966.0,0.3532467532467525
20260127,SA2604,1189.0,36680.0,41983.0,0.0504625735912522
20260127,SA2605,1194.0,784335.0,1163150.0,0.2914572864321618
20260127,SA2606,1223.0,14448.0,39437.0,-0.0098119378577266
20260127,SA2607,1222.0,2837.0,18264.0,0.3436988543371528
20260127,SA2608,1257.0,415.0,4648.0,-0.0190930787589502
20260127,SA2609,1255.0,32542.0,158570.0,0.1529880478087637
20260127,SA2610,1271.0,153.0,6807.0,-0.0755310778914246
20260127,SA2611,1263.0,681.0,11194.0,0.2280285035629461
20260127,SA2612,1287.0,232.0,5219.0,0.0004190565988318
20260127,SA2701,1291.0,772.0,2510.0,0.0
20260128,SA2602,1159.0,642.0,7403.0,0.0621225194132879
20260128,SA2603,1165.0,55395.0,101393.0,0.2781115879828313
20260128,SA2604,1192.0,31647.0,42133.0,0.0604026845637593
20260128,SA2605,1198.0,856802.0,1185982.0,0.2404006677796317
20260128,SA2606,1222.0,19291.0,38240.0,0.0
20260128,SA2607,1222.0,2825.0,18056.0,0.3731587561374789
20260128,SA2608,1260.0,442.0,4660.0,-0.0095238095238094
20260128,SA2609,1259.0,35257.0,166095.0,0.1239078633836365
20260128,SA2610,1272.0,684.0,6959.0,-0.0471698113207543
20260128,SA2611,1267.0,487.0,11138.0,0.2557221783741124
20260128,SA2612,1294.0,155.0,5227.0,0.0001041974193772
20260128,SA2701,1295.0,578.0,2695.0,0.0
20260129,SA2602,1188.0,1980.0,6693.0,0.0303030303030311
20260129,SA2603,1191.0,80417.0,84446.0,0.2821158690176322
20260129,SA2604,1219.0,31020.0,39897.0,0.0492206726825257
20260129,SA2605,1224.0,1188579.0,1192782.0,0.2254901960784305
20260129,SA2606,1247.0,13052.0,37782.0,0.0096230954290295
20260129,SA2607,1248.0,5058.0,17314.0,0.3173076923076925
20260129,SA2608,1281.0,1777.0,4627.0,0.0
20260129,SA2609,1281.0,42376.0,174336.0,0.1124121779859486
20260129,SA2610,1293.0,833.0,7456.0,-0.1020881670533642
20260129,SA2611,1282.0,2127.0,12478.0,0.2059282371294859
20260129,SA2612,1304.0,461.0,5429.0,0.0004135934376507
20260129,SA2701,1308.0,1532.0,3439.0,0.0
20260130,SA2602,1165.0,1489.0,5937.0,0.0412017167381977
20260130,SA2603,1169.0,96302.0,67350.0,0.2976903336184779
20260130,SA2604,1198.0,35558.0,36199.0,0.0601001669449079
20260130,SA2605,1204.0,1355255.0,1178508.0,0.2392026578073078
20260130,SA2606,1228.0,22069.0,38091.0,0.019543973941368
20260130,SA2607,1230.0,4014.0,17647.0,0.3414634146341475
20260130,SA2608,1265.0,699.0,4682.0,0.009486166007905
20260130,SA2609,1266.0,48903.0,175451.0,0.1516587677725116
20260130,SA2610,1282.0,357.0,7438.0,-0.1123244929797193
20260130,SA2611,1270.0,843.0,12420.0,0.2551181102362205
20260130,SA2612,1297.0,474.0,5529.0,0.0002079128152261
20260130,SA2701,1299.0,1518.0,3724.0,0.0
20260202,SA2602,1163.0,99.0,5921.0,0.1031814273430775
20260202,SA2603,1173.0,51348.0,60840.0,0.2455242966751907
20260202,SA2604,1197.0,43551.0,38263.0,0.0601503759398509
20260202,SA2605,1203.0,1744299.0,1153944.0,0.2593516209476298
20260202,SA2606,1229.0,31787.0,48113.0,0.0097640358014636
20260202,SA2607,1230.0,22225.0,31825.0,0.3317073170731701
20260202,SA2608,1264.0,1047.0,4659.0,-0.009493670886076
20260202,SA2609,1263.0,62871.0,174428.0,0.0760095011876496
20260202,SA2610,1271.0,1875.0,8398.0,-0.084972462627852
20260202,SA2611,1262.0,6068.0,15928.0,0.3232963549920749
20260202,SA2612,1296.0,1818.0,5359.0,0.000208073241781
20260202,SA2701,1298.0,3232.0,4540.0,0.0
20260203,SA2602,1162.0,5.0,5916.0,0.0309810671256443
20260203,SA2603,1165.0,22734.0,54787.0,0.3090128755364816
20260203,SA2604,1195.0,24518.0,41397.0,0.0602510460251055
20260203,SA2605,1201.0,988068.0,1166259.0,0.25978351373855
20260203,SA2606,1227.0,40571.0,56081.0,0.0195599022004877
20260203,SA2607,1229.0,32328.0,58256.0,0.3612693246541907
20260203,SA2608,1266.0,392.0,4726.0,-0.0094786729857823
20260203,SA2609,1265.0,46437.0,173849.0,0.0758893280632406
20260203,SA2610,1273.0,246.0,8434.0,-0.1036920659858595
20260203,SA2611,1262.0,562.0,15913.0,0.3232963549920749
20260203,SA2612,1296.0,232.0,5393.0,0.0003121098626716
20260203,SA2701,1299.0,717.0,4738.0,0.0
20260204,SA2602,1186.0,16.0,5900.0,0.0404721753794259
20260204,SA2603,1190.0,26748.0,47241.0,0.3226890756302509
20260204,SA2604,1222.0,55415.0,42932.0,0.0687397708674311
20260204,SA2605,1229.0,1434709.0,1178805.0,0.2343368592351495
20260204,SA2606,1253.0,55876.0,53036.0,0.0191540303272148
20260204,SA2607,1255.0,19564.0,68012.0,0.334661354581673
20260204,SA2608,1290.0,601.0,4796.0,-0.009302325581395
20260204,SA2609,1289.0,62808.0,178231.0,0.1024049650892164
20260204,SA2610,1300.0,330.0,8566.0,-0.1200000000000001
20260204,SA2611,1287.0,1050.0,15908.0,0.2703962703962697
20260204,SA2612,1316.0,469.0,5557.0,0.0007171886206072
20260204,SA2701,1323.0,1386.0,5124.0,0.0
20260205,SA2602,0.0,0.0,5900.0,0.0
20260205,SA2603,1176.0,16969.0,44016.0,0.2857142857142847
20260205,SA2604,1204.0,45366.0,42203.0,0.0498338870431886
20260205,SA2605,1209.0,960189.0,1142014.0,0.2679900744416885
20260205,SA2606,1236.0,81325.0,55425.0,0.0097087378640772
20260205,SA2607,1237.0,46865.0,82383.0,0.3492320129345181
20260205,SA2608,1273.0,372.0,4804.0,0.0
20260205,SA2609,1273.0,44357.0,180105.0,0.0942655145326005
20260205,SA2610,1283.0,208.0,8519.0,-0.0841777084957136
20260205,SA2611,1274.0,690.0,15854.0,0.2919937205651504
20260205,SA2612,1305.0,308.0,5477.0,0.0004132765078135
20260205,SA2701,1309.0,672.0,5048.0,0.0
20260206,SA2602,0.0,0.0,5900.0,0.0
20260206,SA2603,1157.0,14715.0,42101.0,0.2904062229904935
20260206,SA2604,1185.0,36549.0,39939.0,0.0506329113924044
20260206,SA2605,1190.0,912355.0,1149863.0,0.2621848739495789
20260206,SA2606,1216.0,113601.0,55704.0,0.0098684210526318
20260206,SA2607,1217.0,85579.0,84918.0,0.345110928512736
20260206,SA2608,1252.0,304.0,4746.0,0.0095846645367423
20260206,SA2609,1253.0,33199.0,178767.0,0.0957701516360742
20260206,SA2610,1263.0,204.0,8463.0,-0.066508313539193
20260206,SA2611,1256.0,709.0,15839.0,0.3248407643312108
20260206,SA2612,1290.0,344.0,5484.0,0.000418082048602
20260206,SA2701,1294.0,750.0,4979.0,0.0
20260209,SA2602,0.0,0.0,5900.0,0.0
20260209,SA2603,1147.0,19859.0,38606.0,0.3138622493461191
20260209,SA2604,1177.0,28609.0,38439.0,0.0407816482582825
20260209,SA2605,1181.0,1050041.0,1163071.0,0.2946655376799318
20260209,SA2606,1210.0,79065.0,56962.0,0.0
20260209,SA2607,1210.0,63188.0,85841.0,0.3768595041322307
20260209,SA2608,1248.0,588.0,4698.0,-0.0480769230769229
20260209,SA2609,1243.0,45469.0,182972.0,0.1351568785197106
20260209,SA2610,1257.0,349.0,8412.0,-0.0763723150357997
20260209,SA2611,1249.0,1123.0,15878.0,0.3362690152121708
20260209,SA2612,1284.0,396.0,5562.0,0.0002100178515173
20260209,SA2701,1286.0,1319.0,4965.0,0.0
20260210,SA2602,1131.0,262.0,4039.0,0.021220159151194
20260210,SA2603,1133.0,17054.0,34765.0,0.3495145631067959
20260210,SA2604,1166.0,25837.0,36592.0,0.0514579759862767
20260210,SA2605,1171.0,637749.0,1186285.0,0.3074295473953885
20260210,SA2606,1201.0,61817.0,51826.0,0.0099916736053291
20260210,SA2607,1202.0,43597.0,81702.0,0.3594009983361061
20260210,SA2608,1238.0,244.0,4773.0,-0.038772213247173
20260210,SA2609,1234.0,27043.0,183343.0,0.1555915721231757
20260210,SA2610,1250.0,156.0,8433.0,-0.1056000000000003
20260210,SA2611,1239.0,381.0,15865.0,0.3777239709443112
20260210,SA2612,1278.0,182.0,5624.0,0.0004220077016405
20260210,SA2701,1282.0,422.0,5080.0,0.0
20260211,SA2602,0.0,0.0,3520.0,0.0
20260211,SA2603,1137.0,45373.0,31800.0,0.3693931398416898
20260211,SA2604,1172.0,18651.0,35139.0,0.0614334470989756
20260211,SA2605,1178.0,542272.0,1179771.0,0.2546689303904914
20260211,SA2606,1203.0,65231.0,50959.0,0.0199501246882798
20260211,SA2607,1205.0,59083.0,78732.0,0.3485477178423224
20260211,SA2608,1240.0,402.0,4883.0,0.0
20260211,SA2609,1240.0,30098.0,180087.0,0.1451612903225818
20260211,SA2610,1255.0,71.0,8430.0,-0.1147410358565741
20260211,SA2611,1243.0,448.0,15912.0,0.3861625100563159
20260211,SA2612,1283.0,169.0,5650.0,0.0005254538607722
20260211,SA2701,1288.0,1078.0,5341.0,0.0
20260212,SA2602,1119.0,10.0,3080.0,-0.0107238605898127
20260212,SA2603,1118.0,14065.0,24803.0,0.3864042933810374
20260212,SA2604,1154.0,17920.0,31143.0,0.0831889081455798
20260212,SA2605,1162.0,620552.0,1166076.0,0.258175559380378
20260212,SA2606,1187.0,50148.0,50684.0,0.0303285593934274
20260212,SA2607,1190.0,40282.0,77036.0,0.3731092436974776
20260212,SA2608,1227.0,457.0,4851.0,0.0195599022004877
20260212,SA2609,1229.0,33919.0,174315.0,0.1366965012205048
20260212,SA2610,1243.0,124.0,8374.0,-0.086886564762671
20260212,SA2611,1234.0,500.0,15930.0,0.3889789303079407
20260212,SA2612,1274.0,240.0,5713.0,0.000423332686575
20260212,SA2701,1278.0,577.0,5374.0,0.0
20260213,SA2602,0.0,4.0,0.0,0.0
20260213,SA2603,1110.0,9879.0,22584.0,0.4000000000000012
20260213,SA2604,1147.0,28545.0,28463.0,0.0313862249346108
20260213,SA2605,1150.0,548459.0,1098537.0,0.2295652173913041
20260213,SA2606,1172.0,39959.0,51748.0,0.081911262798636
20260213,SA2607,1180.0,19167.0,77161.0,0.376271186440678
20260213,SA2608,1217.0,329.0,4783.0,0.0197206244864425
20260213,SA2609,1219.0,22150.0,173201.0,0.1673502871205912
20260213,SA2610,1236.0,672.0,8080.0,-0.0485436893203887
20260213,SA2611,1231.0,885.0,15888.0,0.3899268887083682
20260213,SA2612,1271.0,466.0,5803.0,0.0001060829745666
20260213,SA2701,1272.0,737.0,5402.0,0.0
20260224,SA2603,1124.0,7680.0,19581.0,0.4056939501779366
20260224,SA2604,1162.0,21107.0,27757.0,0.0722891566265069
20260224,SA2605,1169.0,547836.0,1149433.0,0.2463644140290855
20260224,SA2606,1193.0,27667.0,53050.0,0.0402347024308458
20260224,SA2607,1197.0,21421.0,79499.0,0.3408521303258158
20260224,SA2608,1231.0,310.0,4665.0,0.0
20260224,SA2609,1231.0,26518.0,176449.0,0.1267262388302192
20260224,SA2610,1244.0,112.0,8072.0,-0.0578778135048225
20260224,SA2611,1238.0,357.0,15895.0,0.3877221324717279
20260224,SA2612,1278.0,174.0,5810.0,0.0005275096270506
20260224,SA2701,1283.0,625.0,5461.0,0.1496492595479335
20260224,SA2702,1299.0,42.0,27.0,0.0
20260225,SA2603,1151.0,8297.0,16267.0,0.333622936576889
20260225,SA2604,1183.0,31530.0,27545.0,0.0811496196111569
20260225,SA2605,1191.0,1013446.0,1159379.0,0.2317380352644837
20260225,SA2606,1214.0,38987.0,55459.0,0.0494233937397039
20260225,SA2607,1219.0,27425.0,81501.0,0.3347005742411824
20260225,SA2608,1253.0,358.0,4711.0,0.0
20260225,SA2609,1253.0,49540.0,181960.0,0.1436552274541114
20260225,SA2610,1268.0,222.0,8147.0,-0.0662460567823339
20260225,SA2611,1261.0,848.0,15850.0,0.3425852498017434
20260225,SA2612,1297.0,279.0,5795.0,0.0005197820380653
20260225,SA2701,1302.0,1571.0,5385.0,0.1105990783410133
20260225,SA2702,1314.0,100.0,84.0,0.0
20260226,SA2603,1154.0,8036.0,11488.0,0.3327556325823222
20260226,SA2604,1186.0,23601.0,24325.0,0.0505902192242837
20260226,SA2605,1191.0,741089.0,1133903.0,0.2216624685138546
20260226,SA2606,1213.0,21319.0,55127.0,0.0494641384995873
20260226,SA2607,1218.0,18920.0,81388.0,0.3251231527093585
20260226,SA2608,1251.0,188.0,4717.0,0.0191846522781764
20260226,SA2609,1253.0,40474.0,184349.0,0.1532322426177161
20260226,SA2610,1269.0,165.0,8123.0,-0.0945626477541372
20260226,SA2611,1259.0,513.0,15903.0,0.3812549642573462
20260226,SA2612,1299.0,154.0,5786.0,0.0001037963515582
20260226,SA2701,1300.0,1033.0,5682.0,0.1476923076923082
20260226,SA2702,1316.0,72.0,122.0,0.0
20260227,SA2603,1159.0,11145.0,3895.0,0.310612597066437
20260227,SA2604,1189.0,35549.0,16065.0,0.0504625735912522
20260227,SA2605,1194.0,757968.0,1137958.0,0.2412060301507548
20260227,SA2606,1218.0,41901.0,52078.0,0.0197044334975382
20260227,SA2607,1220.0,31755.0,81574.0,0.3442622950819682
20260227,SA2608,1255.0,245.0,4817.0,0.0191235059760961
20260227,SA2609,1257.0,40716.0,187667.0,0.1336515513126492
20260227,SA2610,1271.0,183.0,8145.0,-0.084972462627852
20260227,SA2611,1262.0,838.0,15871.0,0.3518225039619658
20260227,SA2612,1299.0,180.0,5843.0,0.0003113890546747
20260227,SA2701,1302.0,2120.0,5979.0,0.0921658986175106
20260227,SA2702,1312.0,117.0,194.0,0.0
20260302,SA2603,1159.0,703.0,3509.0,0.258843830888698
20260302,SA2604,1184.0,19875.0,14020.0,0.0405405405405394
20260302,SA2605,1188.0,1270083.0,1141408.0,0.2323232323232336
20260302,SA2606,1211.0,55246.0,54322.0,0.0297274979355899
20260302,SA2607,1214.0,53054.0,89131.0,0.3558484349258641
20260302,SA2608,1250.0,12886.0,15759.0,0.0192000000000005
20260302,SA2609,1252.0,81624.0,198907.0,0.143769968051119
20260302,SA2610,1267.0,385.0,8134.0,-0.0757695343330704
20260302,SA2611,1259.0,1728.0,15849.0,0.3526608419380448
20260302,SA2612,1296.0,487.0,5966.0,0.0003121098626716
20260302,SA2701,1299.0,3484.0,6118.0,0.1385681293302534
20260302,SA2702,1314.0,193.0,187.0,0.0
20260303,SA2603,1185.0,578.0,3186.0,0.2835443037974681
20260303,SA2604,1213.0,17324.0,12836.0,0.0494641384995873
20260303,SA2605,1218.0,1259906.0,1141484.0,0.1970443349753692
20260303,SA2606,1238.0,44115.0,52022.0,0.0290791599353807
20260303,SA2607,1241.0,54605.0,89540.0,0.3190975020145057
20260303,SA2608,1274.0,22514.0,26513.0,0.018838304552589
20260303,SA2609,1276.0,85221.0,201655.0,0.1316614420062682
20260303,SA2610,1290.0,890.0,8237.0,-0.0930232558139536
20260303,SA2611,1280.0,1692.0,16065.0,0.328125
20260303,SA2612,1315.0,453.0,6165.0,0.0005126671508522
20260303,SA2701,1320.0,2562.0,6523.0,0.0727272727272732
20260303,SA2702,1328.0,92.0,227.0,0.0
20260304,SA2603,1175.0,600.0,2968.0,0.2348936170212772
20260304,SA2604,1198.0,24044.0,12813.0,0.0500834724540899
20260304,SA2605,1203.0,1487823.0,1093988.0,0.2094763092269316
20260304,SA2606,1224.0,58973.0,51111.0,0.0294117647058822
20260304,SA2607,1227.0,53800.0,85877.0,0.3227383863080693
20260304,SA2608,1260.0,30695.0,28476.0,0.0476190476190474
20260304,SA2609,1265.0,99662.0,210050.0,0.0948616600790508
20260304,SA2610,1275.0,1055.0,8649.0,-0.0752941176470582
20260304,SA2611,1267.0,1103.0,16020.0,0.3504340962904511
20260304,SA2612,1304.0,488.0,6073.0,0.0005169917970634
20260304,SA2701,1309.0,1961.0,6597.0,0.1191749427043538
20260304,SA2702,1322.0,206.0,333.0,0.0
20260305,SA2603,1204.0,242.0,3019.0,0.1295681063122922
20260305,SA2604,1217.0,21185.0,13059.0,0.0788824979457674
20260305,SA2605,1225.0,1456434.0,1114254.0,0.1567346938775502
20260305,SA2606,1241.0,78753.0,53362.0,0.058017727639001
20260305,SA2607,1247.0,85238.0,89538.0,0.2886928628708904
20260305,SA2608,1277.0,30379.0,31409.0,0.0375880971025841
20260305,SA2609,1281.0,119871.0,225543.0,0.0749414519906324
20260305,SA2610,1289.0,2382.0,9848.0,-0.0837858805275408
20260305,SA2611,1280.0,3442.0,16804.0,0.2999999999999989
20260305,SA2612,1312.0,1101.0,6488.0,0.0007193751712798
20260305,SA2701,1319.0,4415.0,8282.0,0.0272934040940109
20260305,SA2702,1322.0,1386.0,1554.0,0.0
20260306,SA2603,1213.0,498.0,2312.0,0.1978565539983519
20260306,SA2604,1233.0,13991.0,14883.0,0.0875912408759136
20260306,SA2605,1242.0,1147773.0,1144844.0,0.1352657004830924
20260306,SA2606,1256.0,48337.0,54527.0,0.0573248407643305
20260306,SA2607,1262.0,54974.0,90925.0,0.3137876386687788
20260306,SA2608,1295.0,26433.0,32438.0,0.0370656370656359
20260306,SA2609,1299.0,89269.0,233810.0,0.0646651270207865
20260306,SA2610,1306.0,1711.0,10531.0,-0.0918836140888212
20260306,SA2611,1296.0,2483.0,16978.0,0.2777777777777777
20260306,SA2612,1326.0,696.0,6784.0,0.0006100971071228
20260306,SA2701,1332.0,3250.0,9291.0,0.0540540540540535
20260306,SA2702,1338.0,326.0,1768.0,0.0
20260309,SA2603,1260.0,288.0,2312.0,0.0476190476190474
20260309,SA2604,1265.0,39324.0,21670.0,0.1043478260869559
20260309,SA2605,1276.0,3001414.0,1085999.0,0.1410658307210042
20260309,SA2606,1291.0,113942.0,57368.0,0.0185902401239346
20260309,SA2607,1293.0,130856.0,95980.0,0.3062645011600926
20260309,SA2608,1326.0,52172.0,34845.0,0.0361990950226243
20260309,SA2609,1330.0,356827.0,249343.0,0.018045112781956
20260309,SA2610,1332.0,4721.0,11038.0,-0.09009009009009
20260309,SA2611,1322.0,10232.0,17001.0,0.2632375189107412
20260309,SA2612,1351.0,3682.0,7024.0,0.0006986086045293
20260309,SA2701,1358.0,12987.0,12985.0,-0.0176730486008835
20260309,SA2702,1356.0,1189.0,2344.0,0.0
20260310,SA2603,1207.0,51.0,2262.0,0.1888980944490468
20260310,SA2604,1226.0,21278.0,17957.0,0.0880913539967362
20260310,SA2605,1235.0,1736166.0,1040085.0,0.2817813765182189
20260310,SA2606,1264.0,59381.0,52715.0,0.0
20260310,SA2607,1264.0,71081.0,93126.0,0.3512658227848106
20260310,SA2608,1301.0,24072.0,34568.0,0.0
20260310,SA2609,1301.0,198828.0,247851.0,0.0645657186779411
20260310,SA2610,1308.0,2209.0,10618.0,-0.0366972477064222
20260310,SA2611,1304.0,5308.0,16723.0,0.2392638036809815
20260310,SA2612,1330.0,1586.0,7558.0,0.0009123933429078
20260310,SA2701,1339.0,6472.0,14470.0,0.0448095593726671
20260310,SA2702,1344.0,804.0,2834.0,0.0
20260311,SA2603,1211.0,179.0,1989.0,0.3170933113129655
20260311,SA2604,1243.0,56005.0,18945.0,0.1158487530168947
20260311,SA2605,1255.0,1029158.0,1039255.0,0.239043824701195
20260311,SA2606,1280.0,24874.0,52858.0,0.0375000000000005
20260311,SA2607,1284.0,43830.0,94590.0,0.3364485981308398
20260311,SA2608,1320.0,16566.0,35055.0,0.0181818181818176
20260311,SA2609,1322.0,131138.0,259535.0,0.045385779122542
20260311,SA2610,1327.0,1134.0,10319.0,-0.0361718161266009
20260311,SA2611,1323.0,4388.0,17072.0,0.2448979591836737
20260311,SA2612,1350.0,1883.0,8382.0,0.0006991260923845
20260311,SA2701,1357.0,6144.0,16538.0,-0.0265291083271916
20260311,SA2702,1354.0,1196.0,3857.0,0.0
20260312,SA2603,1285.0,100.0,1989.0,-0.3642023346303502
20260312,SA2604,1246.0,16778.0,13108.0,0.0963081861958272
20260312,SA2605,1256.0,1801627.0,989401.0,0.25796178343949
20260312,SA2606,1283.0,81776.0,56023.0,0.0374123148869847
20260312,SA2607,1287.0,102741.0,94735.0,0.298368298368298
20260312,SA2608,1319.0,23071.0,36429.0,0.0272934040940109
20260312,SA2609,1322.0,225662.0,266358.0,0.0635400907715588
20260312,SA2610,1329.0,2050.0,11248.0,0.0
20260312,SA2611,1329.0,3026.0,17791.0,0.2708803611738162
20260312,SA2612,1359.0,1097.0,8766.0,0.0003968549247215
20260312,SA2701,1363.0,6756.0,18239.0,0.0176082171680107
20260312,SA2702,1365.0,682.0,4115.0,0.0
20260313,SA2603,0.0,40.0,0.0,0.0
20260313,SA2604,1267.0,8674.0,10852.0,0.0947119179163387
20260313,SA2605,1277.0,1156593.0,973846.0,0.1879404855129207
20260313,SA2606,1297.0,28839.0,55935.0,0.037008481110254
20260313,SA2607,1301.0,46085.0,94681.0,0.2859338970023062
20260313,SA2608,1332.0,13781.0,36940.0,0.027027027027028
20260313,SA2609,1335.0,141133.0,279097.0,0.0449438202247192
20260313,SA2610,1340.0,515.0,11239.0,-0.0089552238805974
20260313,SA2611,1339.0,1331.0,17876.0,0.2778192681105311
20260313,SA2612,1370.0,465.0,8788.0,0.0004920856228983
20260313,SA2701,1375.0,4479.0,19016.0,0.0087272727272722
20260313,SA2702,1376.0,977.0,4941.0,0.0
20260316,SA2604,1246.0,3044.0,10310.0,0.0963081861958272
20260316,SA2605,1256.0,1156521.0,967663.0,0.210191082802547
20260316,SA2606,1278.0,33433.0,55644.0,0.046948356807511
20260316,SA2607,1283.0,58288.0,96368.0,0.2992985190958697
20260316,SA2608,1315.0,18778.0,37484.0,0.0273764258555138
20260316,SA2609,1318.0,185206.0,302897.0,0.0637329286798191
20260316,SA2610,1325.0,901.0,11276.0,-0.0181132075471692
20260316,SA2611,1323.0,1352.0,18148.0,0.2993197278911577
20260316,SA2612,1356.0,370.0,8795.0,0.0006960326140996
20260316,SA2701,1363.0,3276.0,19625.0,0.0
20260316,SA2702,1363.0,409.0,5082.0,0.0264123257520187
20260316,SA2703,1366.0,45.0,34.0,0.0
20260317,SA2604,1235.0,2336.0,9386.0,0.0777327935222684
20260317,SA2605,1243.0,791411.0,964268.0,0.2027353177795658
20260317,SA2606,1264.0,54327.0,57217.0,0.037974683544304
20260317,SA2607,1268.0,83536.0,96036.0,0.3217665615141962
20260317,SA2608,1302.0,28971.0,38629.0,0.0368663594470053
20260317,SA2609,1306.0,126856.0,313558.0,0.073506891271057
20260317,SA2610,1314.0,643.0,11243.0,0.0091324200913245
20260317,SA2611,1315.0,581.0,18193.0,0.2828897338403031
20260317,SA2612,1346.0,258.0,8811.0,0.0006010317712072
20260317,SA2701,1352.0,2705.0,19729.0,0.0621301775147928
20260317,SA2702,1359.0,164.0,5062.0,0.0088300220750543
20260317,SA2703,1360.0,31.0,54.0,0.0
20260318,SA2604,1201.0,1573.0,8569.0,0.0999167360532888
20260318,SA2605,1211.0,896361.0,963404.0,0.2576383154417829
20260318,SA2606,1237.0,25139.0,57851.0,0.0194017784963627
20260318,SA2607,1239.0,50209.0,96558.0,0.3486682808716717
20260318,SA2608,1275.0,28132.0,40134.0,0.028235294117648
20260318,SA2609,1278.0,159878.0,323854.0,0.0938967136150221
20260318,SA2610,1288.0,993.0,11039.0,0.0
20260318,SA2611,1288.0,935.0,18229.0,0.3074534161490687
20260318,SA2612,1321.0,704.0,8531.0,0.0007144740535345
20260318,SA2701,1328.0,4153.0,19867.0,0.0542168674698801
20260318,SA2702,1334.0,231.0,5028.0,0.0089955022488767
20260318,SA2703,1335.0,69.0,104.0,0.0
20260319,SA2604,1208.0,633.0,8482.0,0.0894039735099339
20260319,SA2605,1217.0,804936.0,944501.0,0.2267871815940836
20260319,SA2606,1240.0,23599.0,57918.0,0.0193548387096784
20260319,SA2607,1242.0,61994.0,103689.0,0.3864734299516899
20260319,SA2608,1282.0,39335.0,47370.0,0.0468018720748819
20260319,SA2609,1287.0,162855.0,330772.0,0.0559440559440567
20260319,SA2610,1293.0,722.0,10898.0,0.0371229698375872
20260319,SA2611,1297.0,882.0,18188.0,0.3238242097147266
20260319,SA2612,1332.0,334.0,8570.0,0.0004048992813037
20260319,SA2701,1336.0,4065.0,19952.0,0.0269461077844308
20260319,SA2702,1339.0,386.0,5025.0,0.0179238237490668
20260319,SA2703,1341.0,42.0,120.0,0.0
20260320,SA2604,1192.0,644.0,8365.0,0.1006711409395961
20260320,SA2605,1202.0,775438.0,926643.0,0.2396006655574041
20260320,SA2606,1226.0,25462.0,56607.0,0.0195758564437182
20260320,SA2607,1228.0,54809.0,105055.0,0.4006514657980444
20260320,SA2608,1269.0,40690.0,53142.0,0.0472813238770672
20260320,SA2609,1274.0,150477.0,341891.0,0.0659340659340657
20260320,SA2610,1281.0,1802.0,11922.0,0.009367681498829
20260320,SA2611,1282.0,1329.0,18596.0,0.3369734789391581
20260320,SA2612,1318.0,312.0,8648.0,0.00040920018414
20260320,SA2701,1322.0,3241.0,20083.0,0.0635400907715588
20260320,SA2702,1329.0,185.0,5025.0,-0.027088036117381
20260320,SA2703,1326.0,291.0,319.0,0.0
20260323,SA2604,1245.0,838.0,8237.0,0.1060240963855418
20260323,SA2605,1256.0,1401290.0,849611.0,0.2484076433121025
20260323,SA2606,1282.0,54148.0,57603.0,0.0468018720748819
20260323,SA2607,1287.0,83315.0,102340.0,0.3916083916083916
20260323,SA2608,1329.0,55068.0,54587.0,0.0451467268623018
20260323,SA2609,1334.0,309891.0,347602.0,0.0629685157421295
20260323,SA2610,1341.0,1705.0,12317.0,-0.0089485458612972
20260323,SA2611,1340.0,2095.0,19162.0,0.2776119402985086
20260323,SA2612,1371.0,1063.0,8979.0,0.0009834533966021
20260323,SA2701,1381.0,9009.0,20787.0,0.0434467776973201
20260323,SA2702,1386.0,987.0,5290.0,-0.0346320346320352
20260323,SA2703,1382.0,116.0,353.0,0.0
20260324,SA2604,1231.0,734.0,8113.0,0.0877335499593829
20260324,SA2605,1240.0,970537.0,838523.0,0.2999999999999989
20260324,SA2606,1271.0,34106.0,57974.0,0.0566483084185671
20260324,SA2607,1277.0,59656.0,99812.0,0.3852779953014869
20260324,SA2608,1318.0,35737.0,54419.0,0.0182094081942336
20260324,SA2609,1320.0,231057.0,360313.0,0.0909090909090908
20260324,SA2610,1330.0,1145.0,12416.0,-0.0270676691729327
20260324,SA2611,1327.0,1265.0,19157.0,0.316503391107763
20260324,SA2612,1362.0,567.0,9086.0,0.0008909567885957
20260324,SA2701,1371.0,6227.0,21557.0,0.0350109409190375
20260324,SA2702,1375.0,178.0,5336.0,-0.0087272727272722
20260324,SA2703,1374.0,71.0,369.0,0.0
20260325,SA2604,1233.0,1567.0,8028.0,0.107055961070559
20260325,SA2605,1244.0,925194.0,840788.0,0.2893890675241168
20260325,SA2606,1274.0,26484.0,57246.0,0.0470957613814766
20260325,SA2607,1279.0,50315.0,97321.0,0.4034401876465994
20260325,SA2608,1322.0,34148.0,53145.0,0.0272314674735252
20260325,SA2609,1325.0,233486.0,375239.0,0.090566037735849
20260325,SA2610,1335.0,636.0,12390.0,-0.0269662921348312
20260325,SA2611,1332.0,757.0,19056.0,0.2882882882882871
20260325,SA2612,1364.0,266.0,9084.0,0.0008896504003426
20260325,SA2701,1373.0,5467.0,21832.0,0.043699927166787
20260325,SA2702,1378.0,180.0,5350.0,0.0087082728592173
20260325,SA2703,1379.0,87.0,383.0,0.0
20260326,SA2604,1212.0,1050.0,7159.0,0.1287128712871279
20260326,SA2605,1225.0,727837.0,826947.0,0.293877551020409
20260326,SA2606,1255.0,44594.0,61663.0,0.0573705179282857
20260326,SA2607,1261.0,62843.0,100612.0,0.4091990483743073
20260326,SA2608,1304.0,31308.0,56857.0,0.03680981595092
20260326,SA2609,1308.0,182739.0,380221.0,0.1009174311926601
20260326,SA2610,1319.0,602.0,12425.0,-0.018195602729341
20260326,SA2611,1317.0,1160.0,19084.0,0.3371298405466971
20260326,SA2612,1354.0,389.0,9151.0,0.0006970607272666
20260326,SA2701,1361.0,4223.0,22394.0,0.0352681851579719
20260326,SA2702,1365.0,348.0,5236.0,0.0175824175824175
20260326,SA2703,1367.0,79.0,409.0,0.0
20260327,SA2604,1216.0,845.0,7300.0,0.1282894736842115
20260327,SA2605,1229.0,580165.0,798009.0,0.2733930024410096
20260327,SA2606,1257.0,28609.0,61664.0,0.0668257756563246
20260327,SA2607,1264.0,43417.0,100124.0,0.3797468354430373
20260327,SA2608,1304.0,20642.0,57473.0,0.0552147239263813
20260327,SA2609,1310.0,158060.0,383926.0,0.0732824427480922
20260327,SA2610,1318.0,542.0,12581.0,-0.0091047040971168
20260327,SA2611,1317.0,531.0,19110.0,0.3462414578587705
20260327,SA2612,1355.0,154.0,9185.0,0.0004975330652182
20260327,SA2701,1360.0,2800.0,22867.0,0.052941176470588
20260327,SA2702,1366.0,188.0,5223.0,0.0087847730600287
20260327,SA2703,1367.0,76.0,416.0,0.0
20260330,SA2604,1196.0,793.0,6923.0,0.1103678929765878
20260330,SA2605,1207.0,735866.0,826708.0,0.328086164043083
20260330,SA2606,1240.0,67230.0,61827.0,0.0483870967741948
20260330,SA2607,1245.0,88344.0,98815.0,0.3951807228915669
20260330,SA2608,1286.0,27139.0,58063.0,0.0559875583203739
20260330,SA2609,1292.0,201149.0,404416.0,0.1021671826625398
20260330,SA2610,1303.0,534.0,12609.0,0.0276285495011521
20260330,SA2611,1306.0,746.0,19188.0,0.312404287901991
20260330,SA2612,1340.0,279.0,9220.0,0.0006037229582424
20260330,SA2701,1346.0,4031.0,23145.0,0.053491827637444
20260330,SA2702,1352.0,221.0,5205.0,0.0088757396449707
20260330,SA2703,1353.0,92.0,448.0,0.0
20260331,SA2604,1169.0,2029.0,5066.0,0.0821214713430285
20260331,SA2605,1177.0,636871.0,790861.0,0.2752761257434146
20260331,SA2606,1204.0,21719.0,62593.0,0.0797342192691035
20260331,SA2607,1212.0,36366.0,99216.0,0.3861386138613865
20260331,SA2608,1251.0,21810.0,57480.0,0.0095923261390895
20260331,SA2609,1252.0,239795.0,410419.0,0.143769968051119
20260331,SA2610,1267.0,1044.0,12447.0,0.0189423835832682
20260331,SA2611,1269.0,880.0,19216.0,0.3215130023640666
20260331,SA2612,1303.0,477.0,9131.0,0.0007243439944121
20260331,SA2701,1310.0,6591.0,24307.0,0.0549618320610685
20260331,SA2702,1316.0,315.0,5114.0,0.0364741641337396
20260331,SA2703,1320.0,231.0,559.0,0.0
20260401,SA2604,1167.0,514.0,4745.0,0.0
20260401,SA2605,1167.0,546428.0,787089.0,0.2570694087403602
20260401,SA2606,1192.0,43877.0,63608.0,0.0604026845637593
20260401,SA2607,1198.0,68230.0,103703.0,0.4006677796327222
20260401,SA2608,1238.0,29793.0,57475.0,0.0193861066235871
20260401,SA2609,1240.0,191523.0,429190.0,0.1741935483870955
20260401,SA2610,1258.0,1454.0,11856.0,0.0
20260401,SA2611,1258.0,1981.0,19188.0,0.3338632750397456
20260401,SA2612,1293.0,749.0,8614.0,0.0005213900258088
20260401,SA2701,1298.0,7867.0,24133.0,0.092449922958397
20260401,SA2702,1308.0,227.0,5105.0,0.0183486238532104
20260401,SA2703,1310.0,128.0,583.0,0.0
20260402,SA2604,1165.0,615.0,4601.0,0.0721030042918453
20260402,SA2605,1172.0,496593.0,774957.0,0.2969283276450509
20260402,SA2606,1201.0,39846.0,66662.0,0.0699417152373014
20260402,SA2607,1208.0,74598.0,105489.0,0.3774834437086092
20260402,SA2608,1246.0,34819.0,57819.0,0.0577849117174968
20260402,SA2609,1252.0,186240.0,447335.0,0.124600638977637
20260402,SA2610,1265.0,646.0,11992.0,0.0664031620553355
20260402,SA2611,1272.0,632.0,19203.0,0.3018867924528301
20260402,SA2612,1304.0,253.0,8567.0,0.0006203901564761
20260402,SA2701,1310.0,5321.0,24975.0,0.0732824427480922
20260402,SA2702,1318.0,244.0,5110.0,0.0182094081942336
20260402,SA2703,1320.0,101.0,616.0,0.0
20260403,SA2604,1152.0,131.0,4515.0,0.0312500000000008
20260403,SA2605,1155.0,447944.0,742718.0,0.3636363636363633
20260403,SA2606,1190.0,38569.0,64540.0,0.0403361344537813
20260403,SA2607,1194.0,58513.0,101815.0,0.4020100502512562
20260403,SA2608,1234.0,22107.0,56459.0,0.0486223662884919
20260403,SA2609,1239.0,154075.0,451517.0,0.2130750605326872
20260403,SA2610,1261.0,2468.0,10580.0,0.0
20260403,SA2611,1261.0,990.0,18865.0,0.3235527359238688
20260403,SA2612,1295.0,750.0,8036.0,0.0004164678321981
20260403,SA2701,1299.0,8333.0,25066.0,0.0923787528868356
20260403,SA2702,1309.0,1372.0,4674.0,0.0366692131398007
20260403,SA2703,1313.0,278.0,606.0,0.0
20260407,SA2604,1136.0,165.0,4515.0,0.0950704225352101
20260407,SA2605,1145.0,397458.0,730116.0,0.2934497816593877
20260407,SA2606,1173.0,35632.0,65571.0,0.0102301790281327
20260407,SA2607,1174.0,76824.0,108058.0,0.3781942078364562
20260407,SA2608,1211.0,34674.0,57173.0,0.0
20260407,SA2609,1211.0,191899.0,483709.0,0.2477291494632538
20260407,SA2610,1236.0,1242.0,10203.0,-0.0485436893203887
20260407,SA2611,1231.0,5105.0,17235.0,0.4191714053614941
20260407,SA2612,1274.0,2502.0,7432.0,0.000423332686575
20260407,SA2701,1278.0,11351.0,26900.0,0.2816901408450691
20260407,SA2702,1308.0,1874.0,3066.0,0.0183486238532104
20260407,SA2703,1310.0,392.0,590.0,0.0
20260408,SA2604,1143.0,176.0,4515.0,0.0629921259842509
20260408,SA2605,1149.0,453964.0,690167.0,0.3028720626631846
20260408,SA2606,1178.0,40169.0,66317.0,0.0
20260408,SA2607,1178.0,59416.0,110278.0,0.356536502546688
20260408,SA2608,1213.0,31247.0,55549.0,0.0
20260408,SA2609,1213.0,216333.0,519619.0,0.1879637262984328
20260408,SA2610,1232.0,846.0,10483.0,-0.0097402597402598
20260408,SA2611,1231.0,1335.0,17207.0,0.4094232331437863
20260408,SA2612,1273.0,712.0,7565.0,0.0003177489253907
20260408,SA2701,1276.0,8268.0,28382.0,0.3103448275862082
20260408,SA2702,1309.0,1065.0,2548.0,0.0275019098548519
20260408,SA2703,1312.0,250.0,644.0,0.0
20260409,SA2604,1135.0,701.0,4270.0,0.0105726872246707
20260409,SA2605,1136.0,431764.0,686291.0,0.2957746478873249
20260409,SA2606,1164.0,42629.0,65642.0,0.0309278350515462
20260409,SA2607,1167.0,51804.0,114366.0,0.3701799485861192
20260409,SA2608,1203.0,32093.0,54308.0,0.0
20260409,SA2609,1203.0,196924.0,558072.0,0.2294264339152114
20260409,SA2610,1226.0,500.0,10538.0,-0.0587275693311588
20260409,SA2611,1220.0,968.0,17060.0,0.3934426229508201
20260409,SA2612,1260.0,250.0,7575.0,0.0005350454788657
20260409,SA2701,1265.0,6204.0,30835.0,0.3509881422924907
20260409,SA2702,1302.0,201.0,2551.0,0.0
20260409,SA2703,1302.0,135.0,661.0,0.0
20260410,SA2604,1144.0,720.0,4043.0,0.0209790209790199
20260410,SA2605,1146.0,644897.0,614143.0,0.345549738219896
20260410,SA2606,1179.0,47265.0,63033.0,0.0814249363867691
20260410,SA2607,1187.0,83174.0,117864.0,0.3538331929233349
20260410,SA2608,1222.0,37881.0,55541.0,0.0196399345335525
20260410,SA2609,1224.0,475116.0,602796.0,0.2058823529411757
20260410,SA2610,1245.0,1058.0,10659.0,-0.0289156626506019
20260410,SA2611,1242.0,1425.0,17137.0,0.328502415458936
20260410,SA2612,1276.0,590.0,7523.0,0.0006340037335775
20260410,SA2701,1282.0,14772.0,36362.0,0.2152886115444623
20260410,SA2702,1305.0,329.0,2508.0,0.0275862068965508
20260410,SA2703,1308.0,575.0,776.0,0.0
20260413,SA2604,1138.0,105.0,4093.0,0.052724077328647
20260413,SA2605,1143.0,508553.0,536388.0,0.3149606299212601
20260413,SA2606,1173.0,34692.0,60182.0,0.061381074168799
20260413,SA2607,1179.0,66043.0,123559.0,0.3053435114503804
20260413,SA2608,1209.0,24597.0,54079.0,0.0198511166253103
20260413,SA2609,1211.0,340485.0,663301.0,0.2378199834847221
20260413,SA2610,1235.0,536.0,10629.0,-0.0388663967611342
20260413,SA2611,1231.0,934.0,17145.0,0.3314378554021111
20260413,SA2612,1265.0,266.0,7475.0,0.0007461029444419
20260413,SA2701,1272.0,10514.0,40220.0,0.2264150943396226
20260413,SA2702,1296.0,117.0,2548.0,0.0185185185185172
20260413,SA2703,1298.0,159.0,790.0,0.0
20260414,SA2604,1153.0,22.0,4093.0,0.0936686903729393
20260414,SA2605,1162.0,470742.0,450922.0,0.2685025817555937
20260414,SA2606,1188.0,43147.0,60730.0,0.0505050505050492
20260414,SA2607,1193.0,53471.0,129784.0,0.2615255658005031
20260414,SA2608,1219.0,31231.0,52663.0,0.0098441345365056
20260414,SA2609,1220.0,386423.0,737080.0,0.1672131147540989
20260414,SA2610,1237.0,638.0,10624.0,0.0194017784963627
20260414,SA2611,1239.0,471.0,17247.0,0.3389830508474585
20260414,SA2612,1274.0,145.0,7458.0,0.0005291658582188
20260414,SA2701,1279.0,8711.0,45089.0,0.2251759186864745
20260414,SA2702,1303.0,60.0,2551.0,0.009209516500384
20260414,SA2703,1304.0,81.0,817.0,0.0
20260415,SA2604,1157.0,78.0,0.0,0.1244598098530671
20260415,SA2605,1169.0,281891.0,386649.0,0.2463644140290855
20260415,SA2606,1193.0,40987.0,57733.0,0.0502933780385586
20260415,SA2607,1198.0,42210.0,130556.0,0.2604340567612677
20260415,SA2608,1224.0,29277.0,52554.0,0.0196078431372548
20260415,SA2609,1226.0,351106.0,779107.0,0.1957585644371935
20260415,SA2610,1246.0,368.0,10696.0,-0.0192616372391651
20260415,SA2611,1244.0,400.0,17333.0,0.3279742765273319
20260415,SA2612,1278.0,151.0,7459.0,0.0005275096270506
20260415,SA2701,1283.0,9400.0,50274.0,0.2244738893219029
20260415,SA2702,1307.0,261.0,2755.0,0.0091813312930373
20260415,SA2703,1308.0,106.0,858.0,0.0
20260416,SA2605,1173.0,268675.0,296818.0,0.3069053708439897
20260416,SA2606,1203.0,36745.0,55317.0,0.0798004987531166
20260416,SA2607,1211.0,50863.0,129130.0,0.2774566473988438
20260416,SA2608,1239.0,39910.0,50342.0,0.0193704600484263
20260416,SA2609,1241.0,644381.0,839623.0,0.1740531829170031
20260416,SA2610,1259.0,810.0,10708.0,0.0095313741064337
20260416,SA2611,1260.0,1099.0,17339.0,0.3047619047619037
20260416,SA2612,1292.0,263.0,7409.0,0.0004174348627682
20260416,SA2701,1296.0,12467.0,53363.0,0.1574074074074074
20260416,SA2702,1313.0,287.0,2603.0,0.0182787509520174
20260416,SA2703,1315.0,321.0,937.0,0.1460076045627367
20260416,SA2704,1331.0,189.0,147.0,0.0
20260417,SA2605,1168.0,134840.0,253398.0,0.3184931506849304
20260417,SA2606,1199.0,38570.0,54636.0,0.070058381984988
20260417,SA2607,1206.0,49007.0,126571.0,0.2786069651741281
20260417,SA2608,1234.0,42691.0,50824.0,0.0388978930307946
20260417,SA2609,1238.0,630134.0,866886.0,0.1744749596122767
20260417,SA2610,1256.0,602.0,10662.0,-0.0095541401273888
20260417,SA2611,1255.0,1795.0,17343.0,0.334661354581673
20260417,SA2612,1290.0,179.0,7397.0,0.0005226025607525
20260417,SA2701,1295.0,10818.0,56482.0,0.1760617760617773
20260417,SA2702,1314.0,178.0,2558.0,0.018264840182649
20260417,SA2703,1316.0,360.0,928.0,0.1094224924012161
20260417,SA2704,1328.0,98.0,209.0,0.0
20260420,SA2605,1171.0,97985.0,216057.0,0.3484201537147733
20260420,SA2606,1205.0,87928.0,57153.0,0.0597510373443981
20260420,SA2607,1211.0,106103.0,128624.0,0.3170933113129655
20260420,SA2608,1243.0,51975.0,50890.0,0.0386162510056316
20260420,SA2609,1247.0,638189.0,885710.0,0.1443464314354452
20260420,SA2610,1262.0,811.0,10911.0,0.0190174326465921
20260420,SA2611,1264.0,805.0,17414.0,0.3322784810126586
20260420,SA2612,1299.0,120.0,7404.0,0.0005189817577912
20260420,SA2701,1304.0,10113.0,59339.0,0.1656441717791414
20260420,SA2702,1322.0,189.0,2526.0,0.0
20260420,SA2703,1322.0,186.0,1018.0,0.1089258698941009
20260420,SA2704,1334.0,76.0,248.0,0.0
20260421,SA2605,1171.0,58186.0,189362.0,0.3484201537147733
20260421,SA2606,1205.0,151910.0,56432.0,0.0796680497925308
20260421,SA2607,1213.0,174684.0,127121.0,0.276999175597691
20260421,SA2608,1241.0,32997.0,49191.0,0.058017727639001
20260421,SA2609,1247.0,514606.0,893173.0,0.1635926222935042
20260421,SA2610,1264.0,476.0,10916.0,0.018987341772152
20260421,SA2611,1266.0,637.0,17506.0,0.3033175355450233
20260421,SA2612,1298.0,242.0,7452.0,0.0006232579075847
20260421,SA2701,1304.0,11230.0,63997.0,0.1380368098159508
20260421,SA2702,1319.0,213.0,2539.0,0.0181956027293397
20260421,SA2703,1321.0,261.0,1076.0,0.1362604087812275
20260421,SA2704,1336.0,115.0,302.0,0.0
20260422,SA2605,1186.0,86159.0,147087.0,0.3338954468802706
20260422,SA2606,1219.0,63647.0,55200.0,0.0984413453650541
20260422,SA2607,1229.0,88467.0,131304.0,0.2929210740439369
20260422,SA2608,1259.0,51554.0,50643.0,0.0667196187450365
20260422,SA2609,1266.0,787065.0,906714.0,0.113744075829385
20260422,SA2610,1278.0,989.0,11364.0,0.046948356807511
20260422,SA2611,1283.0,2010.0,17458.0,0.280592361652376
20260422,SA2612,1313.0,2264.0,8865.0,0.0007188272846299
20260422,SA2701,1320.0,20011.0,71505.0,0.1272727272727261
20260422,SA2702,1334.0,91.0,2515.0,0.0179910044977509
20260422,SA2703,1336.0,218.0,1164.0,0.1257485029940133
20260422,SA2704,1350.0,188.0,419.0,0.0
20260423,SA2605,1175.0,47054.0,132059.0,0.3370212765957454
20260423,SA2606,1208.0,37807.0,53105.0,0.0894039735099339
20260423,SA2607,1217.0,59800.0,130564.0,0.3253903040262935
20260423,SA2608,1250.0,33503.0,49945.0,0.0384000000000011
20260423,SA2609,1254.0,597547.0,899129.0,0.1818181818181816
20260423,SA2610,1273.0,701.0,11544.0,0.0
20260423,SA2611,1273.0,966.0,17580.0,0.3299293008641006
20260423,SA2612,1308.0,1366.0,7735.0,0.0005154107823935
20260423,SA2701,1313.0,17135.0,69419.0,0.1370906321401364
20260423,SA2702,1328.0,69.0,2509.0,0.009036144578312
20260423,SA2703,1329.0,235.0,1215.0,0.1264108352144477
20260423,SA2704,1343.0,210.0,538.0,0.0
20260424,SA2605,1166.0,35340.0,117110.0,0.3602058319039454
20260424,SA2606,1201.0,53733.0,53757.0,0.0699417152373014
20260424,SA2607,1208.0,64772.0,131491.0,0.3278145695364225
20260424,SA2608,1241.0,57096.0,49376.0,0.058017727639001
20260424,SA2609,1247.0,470164.0,890710.0,0.1924619085805927
20260424,SA2610,1267.0,800.0,11615.0,-0.0094711917916341
20260424,SA2611,1266.0,702.0,17486.0,0.3317535545023702
20260424,SA2612,1301.0,948.0,6996.0,0.0003109103628151
20260424,SA2701,1304.0,8015.0,69864.0,0.1564417177914121
20260424,SA2702,1321.0,56.0,2502.0,-0.009084027252082
20260424,SA2703,1320.0,211.0,1324.0,0.1363636363636375
20260424,SA2704,1335.0,210.0,676.0,0.0
20260427,SA2605,1179.0,44998.0,90320.0,0.3155216284987272
20260427,SA2606,1210.0,47861.0,51120.0,0.0793388429752068
20260427,SA2607,1218.0,78743.0,130120.0,0.334975369458129
20260427,SA2608,1252.0,42645.0,48462.0,0.0670926517571883
20260427,SA2609,1259.0,540655.0,910073.0,0.1525019857029379
20260427,SA2610,1275.0,291.0,11653.0,0.0376470588235298
20260427,SA2611,1279.0,654.0,17570.0,0.300234558248631
20260427,SA2612,1311.0,275.0,7013.0,0.0005142313526855
20260427,SA2701,1316.0,8765.0,71354.0,0.1458966565349531
20260427,SA2702,1332.0,83.0,2503.0,0.0
20260427,SA2703,1332.0,84.0,1354.0,0.1171171171171181
20260427,SA2704,1345.0,91.0,707.0,0.0
20260428,SA2605,1168.0,36321.0,67287.0,0.2568493150684938
20260428,SA2606,1193.0,56128.0,47047.0,0.0804694048616943
20260428,SA2607,1201.0,110212.0,133393.0,0.2997502081598666
20260428,SA2608,1231.0,45768.0,47178.0,0.0584890333062544
20260428,SA2609,1237.0,917026.0,912404.0,0.1940177849636217
20260428,SA2610,1257.0,756.0,11679.0,0.0095465393794738
20260428,SA2611,1258.0,1185.0,17531.0,0.3338632750397456
20260428,SA2612,1293.0,396.0,7022.0,0.0003128340154852
20260428,SA2701,1296.0,15636.0,72204.0,0.185185185185186
20260428,SA2702,1316.0,165.0,2453.0,-0.0182370820668698
20260428,SA2703,1314.0,319.0,1241.0,0.1826484018264853
20260428,SA2704,1334.0,178.0,714.0,0.0
20260429,SA2605,1163.0,27731.0,47587.0,0.2889079965606198
20260429,SA2606,1191.0,102252.0,38400.0,0.1209068010075578
20260429,SA2607,1203.0,122879.0,131295.0,0.2992518703241895
20260429,SA2608,1233.0,63319.0,47692.0,0.0486618004866175
20260429,SA2609,1238.0,519753.0,897335.0,0.1744749596122767
20260429,SA2610,1256.0,343.0,11707.0,0.0095541401273875
20260429,SA2611,1257.0,612.0,17592.0,0.3150357995226729
20260429,SA2612,1290.0,231.0,7021.0,0.000418082048602
20260429,SA2701,1294.0,9046.0,73553.0,0.1576506955177743
20260429,SA2702,1311.0,75.0,2420.0,0.0366132723112127
20260429,SA2703,1315.0,87.0,1233.0,0.1642585551330802
20260429,SA2704,1333.0,85.0,745.0,0.0
20260430,SA2605,1171.0,47471.0,7146.0,0.2459436379163113
20260430,SA2606,1195.0,61721.0,34163.0,0.090376569037657
20260430,SA2607,1204.0,110961.0,135890.0,0.2990033222591375
20260430,SA2608,1234.0,64821.0,51467.0,0.0486223662884919
20260430,SA2609,1239.0,643232.0,850665.0,0.1549636803874081
20260430,SA2610,1255.0,886.0,11591.0,0.0191235059760961
20260430,SA2611,1257.0,2033.0,17671.0,0.3245823389021467
20260430,SA2612,1291.0,190.0,7013.0,0.0004177582050322
20260430,SA2701,1295.0,12826.0,74709.0,0.1297297297297284
20260430,SA2702,1309.0,162.0,2401.0,0.0275019098548519
20260430,SA2703,1312.0,205.0,1203.0,0.1646341463414629
20260430,SA2704,1330.0,153.0,715.0,0.0
20260506,SA2605,1186.0,2546.0,5168.0,0.3136593591905576
20260506,SA2606,1217.0,17152.0,32756.0,0.0986031224322099
20260506,SA2607,1227.0,69161.0,143802.0,0.3325183374083131
20260506,SA2608,1261.0,21508.0,54268.0,0.0570975416336239
20260506,SA2609,1267.0,622370.0,917476.0,0.1420678768745054
20260506,SA2610,1282.0,18106.0,25028.0,0.0280811232449291
20260506,SA2611,1285.0,1815.0,17709.0,0.3081712062256798
20260506,SA2612,1318.0,274.0,7044.0,0.00040920018414
20260506,SA2701,1322.0,20486.0,83169.0,0.0907715582450841
20260506,SA2702,1332.0,128.0,2453.0,0.0360360360360365
20260506,SA2703,1336.0,258.0,1357.0,0.116766467065867
20260506,SA2704,1349.0,533.0,1086.0,0.0
20260507,SA2605,1187.0,281.0,5041.0,0.283066554338669
20260507,SA2606,1215.0,11234.0,31112.0,0.1086419753086422
20260507,SA2607,1226.0,87109.0,145504.0,0.323001631321369
20260507,SA2608,1259.0,34840.0,56225.0,0.0667196187450365
20260507,SA2609,1266.0,782883.0,954501.0,0.1421800947867293
20260507,SA2610,1281.0,14993.0,31667.0,0.0374707259953162
20260507,SA2611,1285.0,2218.0,18277.0,0.2894941634241235
20260507,SA2612,1316.0,722.0,7370.0,0.000512277586148
20260507,SA2701,1321.0,22112.0,89768.0,0.1090083270249815
20260507,SA2702,1333.0,320.0,2680.0,0.0
20260507,SA2703,1333.0,968.0,1740.0,0.0900225056264059
20260507,SA2704,1343.0,874.0,1815.0,0.0
20260508,SA2605,1164.0,371.0,4670.0,0.1958762886597931
20260508,SA2606,1183.0,17198.0,29287.0,0.0912933220625529
20260508,SA2607,1192.0,99852.0,152632.0,0.2919463087248326
20260508,SA2608,1221.0,36210.0,57803.0,0.06879606879607
20260508,SA2609,1228.0,950356.0,1004238.0,0.1856677524429955
20260508,SA2610,1247.0,24025.0,37750.0,0.038492381716118
20260508,SA2611,1251.0,1966.0,18748.0,0.2973621103117496
20260508,SA2612,1282.0,388.0,7463.0,0.000315518238707
20260508,SA2701,1285.0,30318.0,98105.0,0.158754863813229
20260508,SA2702,1302.0,140.0,2619.0,0.0368663594470053
20260508,SA2703,1306.0,425.0,1578.0,0.1653905053598769
20260508,SA2704,1324.0,203.0,1737.0,0.0
20260511,SA2605,1151.0,254.0,4433.0,0.31277150304083445
20260511,SA2606,1181.0,14262.0,27002.0,0.0914479254868743
20260511,SA2607,1190.0,126214.0,151676.0,0.30252100840336027
20260511,SA2608,1220.0,42398.0,58089.0,0.06885245901639259
20260511,SA2609,1227.0,854078.0,1045930.0,0.17603911980440046
20260511,SA2610,1245.0,40866.0,39038.0,0.04819277108433795
20260511,SA2611,1250.0,2593.0,19537.0,0.2975999999999992
20260511,SA2612,1281.0,771.0,7576.0,0.00021050969660289998
20260511,SA2701,1283.0,29753.0,106281.0,0.1590023382696817
20260511,SA2702,1300.0,152.0,2618.0,0.036923076923075726
20260511,SA2703,1304.0,344.0,1558.0,0.12883435582822145
20260511,SA2704,1318.0,261.0,1741.0,0.0
