date,symbol,close,volume,open_interest,roll_yield
20250526,AG2506,8263.0,78945.0,79337.0,0.0087103802517876
20250526,AG2507,8269.0,9113.0,17828.0,0.015952627885664
20250526,AG2508,8280.0,687113.0,371701.0,0.0144840090004234
20250526,AG2509,8290.0,17204.0,36874.0,0.0130206776292865
20250526,AG2510,8299.0,82919.0,122524.0,0.0202263471916821
20250526,AG2511,8313.0,2704.0,22756.0,0.0129846721415822
20250526,AG2512,8322.0,32248.0,138596.0,0.0259272697188708
20250526,AG2601,8340.0,1090.0,24033.0,0.0129426580944967
20250526,AG2602,8349.0,7080.0,53660.0,0.0186703406701191
20250526,AG2603,8362.0,1320.0,25328.0,0.0143420597925601
20250526,AG2604,8372.0,3636.0,32971.0,0.0243422313648517
20250526,AG2605,8389.0,2561.0,9370.0,0.0
20250527,AG2506,8201.0,50563.0,66630.0,0.0131619049207518
20250527,AG2507,8210.0,7593.0,17972.0,0.0102270658165686
20250527,AG2508,8217.0,627779.0,364419.0,0.0175118600942996
20250527,AG2509,8229.0,18590.0,37195.0,0.0131171446837581
20250527,AG2510,8238.0,87392.0,130107.0,0.021830095159899
20250527,AG2511,8253.0,2290.0,22754.0,0.0116264996378516
20250527,AG2512,8261.0,31424.0,140249.0,0.0246689729540696
20250527,AG2601,8278.0,1149.0,24036.0,0.0130395424843777
20250527,AG2602,8287.0,6672.0,54010.0,0.0217011331672994
20250527,AG2603,8302.0,900.0,25152.0,0.0158892590172495
20250527,AG2604,8313.0,4892.0,33166.0,0.0216333211646011
20250527,AG2605,8328.0,2654.0,9474.0,0.0
20250528,AG2506,8211.0,34469.0,57016.0,0.0058443931509549
20250528,AG2507,8215.0,7347.0,17592.0,0.0145985419464511
20250528,AG2508,8225.0,635600.0,350276.0,0.0189515923494398
20250528,AG2509,8238.0,16948.0,37334.0,0.0116476592498309
20250528,AG2510,8246.0,87046.0,134715.0,0.0232614562783749
20250528,AG2511,8262.0,2214.0,22785.0,0.0116138407323268
20250528,AG2512,8270.0,27959.0,141634.0,0.0246421539756657
20250528,AG2601,8287.0,1256.0,24052.0,0.0173640449928668
20250528,AG2602,8299.0,5940.0,54504.0,0.0130065647706603
20250528,AG2603,8308.0,1313.0,24998.0,0.0129924824722141
20250528,AG2604,8317.0,3507.0,33191.0,0.0273824654935283
20250528,AG2605,8336.0,2399.0,9545.0,0.0
20250529,AG2506,8210.0,32177.0,47410.0,0.0102270658165686
20250529,AG2507,8217.0,7170.0,17361.0,0.0102183571651025
20250529,AG2508,8224.0,659531.0,345595.0,0.0174969654328046
20250529,AG2509,8236.0,17874.0,37652.0,0.0145613414299833
20250529,AG2510,8246.0,94297.0,136670.0,0.0130901170485979
20250529,AG2511,8255.0,2291.0,22899.0,0.0203340644152594
20250529,AG2512,8269.0,31004.0,144441.0,0.0202996665131702
20250529,AG2601,8283.0,1116.0,24067.0,0.013031675488873
20250529,AG2602,8292.0,5438.0,54476.0,0.0231325372839924
20250529,AG2603,8308.0,1223.0,25015.0,0.0144352236822479
20250529,AG2604,8318.0,3931.0,33275.0,0.0201801849360671
20250529,AG2605,8332.0,1368.0,9508.0,0.0
20250530,AG2506,8216.0,29078.0,34975.0,-0.0058436816348395
20250530,AG2507,8212.0,10875.0,15151.0,0.0087644556543707
20250530,AG2508,8218.0,658243.0,334026.0,0.0218831742608512
20250530,AG2509,8233.0,17057.0,37520.0,0.0116547295794909
20250530,AG2510,8241.0,84323.0,138408.0,0.0232755558485389
20250530,AG2511,8257.0,2418.0,22947.0,0.0116208700523518
20250530,AG2512,8265.0,32337.0,147340.0,0.0188599446426391
20250530,AG2601,8278.0,1019.0,24082.0,0.0188303496904927
20250530,AG2602,8291.0,6058.0,54601.0,0.0173556737497426
20250530,AG2603,8303.0,845.0,24971.0,0.0158873466066247
20250530,AG2604,8314.0,3889.0,33149.0,0.0216307214730915
20250530,AG2605,8329.0,1711.0,9575.0,0.0
20250603,AG2506,8443.0,10477.0,31300.0,-0.0014213799246704
20250603,AG2507,8442.0,14510.0,15093.0,0.0198840144915553
20250603,AG2508,8456.0,547586.0,370146.0,0.017017256456186
20250603,AG2509,8468.0,24472.0,38366.0,0.0141626358939212
20250603,AG2510,8478.0,93097.0,144861.0,0.0197996509267715
20250603,AG2511,8492.0,5047.0,22859.0,0.0112994358631326
20250603,AG2512,8500.0,46530.0,153636.0,0.0225670024195469
20250603,AG2601,8516.0,3304.0,23925.0,0.0154902327441528
20250603,AG2602,8527.0,7381.0,55022.0,0.0140646992190817
20250603,AG2603,8537.0,2401.0,24956.0,0.0098354902760353
20250603,AG2604,8544.0,5913.0,33459.0,0.0238526825101163
20250603,AG2605,8561.0,2659.0,9712.0,0.0
20250604,AG2506,8451.0,8146.0,27890.0,0.0070976520670944
20250604,AG2507,8456.0,7294.0,15389.0,0.0099296654403887
20250604,AG2508,8463.0,449279.0,379627.0,0.0155871781967833
20250604,AG2509,8474.0,25075.0,37955.0,0.0127381034547614
20250604,AG2510,8483.0,114144.0,146588.0,0.0141376076672941
20250604,AG2511,8493.0,6067.0,20577.0,0.0197647103504992
20250604,AG2512,8507.0,39898.0,153103.0,0.0155066100872928
20250604,AG2601,8518.0,3125.0,24036.0,0.0197067492969884
20250604,AG2602,8532.0,5262.0,55444.0,0.0154612027245288
20250604,AG2603,8543.0,1413.0,24929.0,0.0140383731499567
20250604,AG2604,8553.0,2770.0,33583.0,0.0182253671344156
20250604,AG2605,8566.0,1902.0,9817.0,0.0
20250605,AG2506,8461.0,5074.0,25650.0,0.0042540620829576
20250605,AG2507,8464.0,4701.0,15241.0,0.0127531452046013
20250605,AG2508,8473.0,319303.0,378282.0,0.0169831376383507
20250605,AG2509,8485.0,15087.0,38150.0,0.0127215984586785
20250605,AG2510,8494.0,104065.0,148534.0,0.0169411792843497
20250605,AG2511,8506.0,2807.0,20552.0,0.0140994023974955
20250605,AG2512,8516.0,25018.0,153704.0,0.019711373668257
20250605,AG2601,8530.0,1463.0,23967.0,0.014059755562689
20250605,AG2602,8540.0,3106.0,55363.0,0.0126397109234168
20250605,AG2603,8549.0,675.0,24904.0,0.0196353479995009
20250605,AG2604,8563.0,2084.0,33486.0,0.0168047640953847
20250605,AG2605,8575.0,1140.0,9757.0,0.0
20250606,AG2506,8830.0,11684.0,22382.0,0.0162969694581925
20250606,AG2507,8842.0,31085.0,15287.0,0.0108523633894389
20250606,AG2508,8850.0,1310024.0,481044.0,0.0135516671658178
20250606,AG2509,8860.0,58244.0,40006.0,0.0121834293279075
20250606,AG2510,8869.0,336548.0,161622.0,0.014874079317161
20250606,AG2511,8880.0,10789.0,20038.0,0.0108059439990019
20250606,AG2512,8888.0,133900.0,158631.0,0.0161906928091846
20250606,AG2601,8900.0,17062.0,20662.0,0.0134755769354846
20250606,AG2602,8910.0,29251.0,52689.0,0.0013467257743778
20250606,AG2603,8911.0,8174.0,24041.0,0.0215270827997064
20250606,AG2604,8927.0,11506.0,32760.0,0.017462363858372
20250606,AG2605,8940.0,8185.0,10336.0,0.0
20250609,AG2506,8894.0,12700.0,17344.0,0.0067442254346454
20250609,AG2507,8899.0,16113.0,15362.0,0.0134770903653778
20250609,AG2508,8909.0,802831.0,491386.0,0.0148073382409358
20250609,AG2509,8920.0,37589.0,39413.0,0.0094133472636853
20250609,AG2510,8927.0,233056.0,163832.0,0.0147774997684158
20250609,AG2511,8938.0,6625.0,20022.0,0.0080527908178034
20250609,AG2512,8944.0,59555.0,161071.0,0.0147494291991805
20250609,AG2601,8955.0,5948.0,20411.0,0.0107154823505947
20250609,AG2602,8963.0,11665.0,53034.0,0.0173922768613894
20250609,AG2603,8976.0,6439.0,23016.0,0.012026057462182
20250609,AG2604,8985.0,4960.0,32849.0,0.0173497222014988
20250609,AG2605,8998.0,4581.0,10494.0,0.0
20250610,AG2506,8889.0,5204.0,13928.0,-0.0135074305121771
20250610,AG2507,8879.0,13017.0,15073.0,0.0108071604737812
20250610,AG2508,8887.0,969816.0,465984.0,0.0121464330226596
20250610,AG2509,8896.0,46978.0,37824.0,0.0094387329996912
20250610,AG2510,8903.0,292741.0,161264.0,0.0175094031850586
20250610,AG2511,8916.0,9639.0,18357.0,0.010762332559964
20250610,AG2512,8924.0,71957.0,160490.0,0.0174682299476266
20250610,AG2601,8937.0,8151.0,20378.0,0.0093954481618613
20250610,AG2602,8944.0,23524.0,49456.0,0.0134093208723665
20250610,AG2603,8954.0,5888.0,22093.0,0.0187479114130212
20250610,AG2604,8968.0,6191.0,32692.0,0.0173825870274473
20250610,AG2605,8981.0,5672.0,10608.0,0.0
20250611,AG2506,8881.0,2086.0,13196.0,0.0108047277980492
20250611,AG2507,8889.0,7541.0,15225.0,0.0175369600094969
20250611,AG2508,8902.0,601366.0,455232.0,0.0107792506686649
20250611,AG2509,8910.0,33757.0,37558.0,0.013460461310402
20250611,AG2510,8920.0,189061.0,163554.0,0.0147890893179726
20250611,AG2511,8931.0,3175.0,18188.0,0.0134288286171848
20250611,AG2512,8941.0,41094.0,160853.0,0.0120731104029961
20250611,AG2601,8950.0,4795.0,20658.0,0.0134003364009018
20250611,AG2602,8960.0,8863.0,49194.0,0.0133853890063873
20250611,AG2603,8970.0,2000.0,22037.0,0.0173787141163769
20250611,AG2604,8983.0,2692.0,32647.0,0.0160195818651224
20250611,AG2605,8995.0,3391.0,10740.0,0.0
20250612,AG2506,8795.0,1022.0,12630.0,0.0218107523408543
20250612,AG2507,8811.0,9425.0,14390.0,0.0108905282574135
20250612,AG2508,8819.0,662487.0,432670.0,0.0135992761608195
20250612,AG2509,8829.0,33475.0,36721.0,0.0108683353970642
20250612,AG2510,8837.0,235508.0,162396.0,0.0095017255119904
20250612,AG2511,8844.0,6289.0,17696.0,0.0122054596045472
20250612,AG2512,8853.0,65467.0,157187.0,0.0203148855018365
20250612,AG2601,8868.0,16365.0,18414.0,0.0094685232889728
20250612,AG2602,8875.0,33828.0,44771.0,0.0108120291130126
20250612,AG2603,8883.0,13324.0,20334.0,0.0161997999628138
20250612,AG2604,8895.0,4987.0,33260.0,0.0175251393278729
20250612,AG2605,8908.0,3231.0,11020.0,0.0
20250613,AG2506,8792.0,432.0,12452.0,-0.0163897134515391
20250613,AG2507,8780.0,12138.0,13348.0,0.0150247586641958
20250613,AG2508,8791.0,804386.0,413599.0,0.0136425662715968
20250613,AG2509,8801.0,49462.0,34499.0,0.012265062676962
20250613,AG2510,8810.0,324856.0,162990.0,0.0081697495496476
20250613,AG2511,8816.0,16902.0,14902.0,0.0163228318071746
20250613,AG2512,8828.0,83130.0,156969.0,0.0122275696965292
20250613,AG2601,8837.0,17170.0,15177.0,0.0135715915845793
20250613,AG2602,8847.0,32241.0,44702.0,0.0135562599143651
20250613,AG2603,8857.0,10860.0,19102.0,0.0176002739285051
20250613,AG2604,8870.0,6716.0,32628.0,0.0202759834215174
20250613,AG2605,8885.0,4085.0,10870.0,0.0
20250616,AG2506,8850.0,338.0,12696.0,-0.0027121708783103
20250616,AG2507,8848.0,7364.0,13245.0,0.0135547286523289
20250616,AG2508,8858.0,571364.0,412329.0,0.0121861787623615
20250616,AG2509,8867.0,33628.0,35313.0,0.0094695907061735
20250616,AG2510,8874.0,211675.0,165694.0,0.0067594211216645
20250616,AG2511,8879.0,5805.0,14844.0,0.0135074305121774
20250616,AG2512,8889.0,52537.0,156433.0,0.0161888726070776
20250616,AG2601,8901.0,6225.0,15088.0,0.0094334330199203
20250616,AG2602,8908.0,12223.0,45968.0,0.0080799015509146
20250616,AG2603,8914.0,9993.0,16249.0,0.01748781207433
20250616,AG2604,8927.0,23504.0,27433.0,0.0147774997684158
20250616,AG2605,8938.0,3067.0,11233.0,0.0
20250617,AG2507,8854.0,6017.0,13542.0,0.0135455483397446
20250617,AG2508,8864.0,457021.0,409052.0,0.0108254405176551
20250617,AG2509,8872.0,26166.0,35355.0,0.012166958739613
20250617,AG2510,8881.0,197820.0,168344.0,0.0094546687315409
20250617,AG2511,8888.0,4903.0,14897.0,0.0121450671036161
20250617,AG2512,8897.0,36426.0,157664.0,0.0080898879468446
20250617,AG2601,8903.0,4326.0,15073.0,0.0175094031850586
20250617,AG2602,8916.0,8932.0,46710.0,0.010762332559964
20250617,AG2603,8924.0,2463.0,16258.0,0.0080654198174588
20250617,AG2604,8930.0,5187.0,27492.0,0.0161145950805746
20250617,AG2605,8942.0,2461.0,11155.0,0.0107310536997005
20250617,AG2606,8950.0,733.0,634.0,0.0
20250618,AG2507,9034.0,12041.0,13629.0,0.0146025793781533
20250618,AG2508,9045.0,776804.0,445981.0,0.0092833070883889
20250618,AG2509,9052.0,45463.0,37559.0,0.0119251376235911
20250618,AG2510,9061.0,268788.0,177998.0,0.0158817713708205
20250618,AG2511,9073.0,6797.0,15282.0,0.0105761822423925
20250618,AG2512,9081.0,74599.0,164424.0,0.0066053835542423
20250618,AG2601,9086.0,8376.0,15622.0,0.0158381017272105
20250618,AG2602,9098.0,22940.0,50313.0,0.0131824686441695
20250618,AG2603,9108.0,3733.0,16127.0,0.0157998706169628
20250618,AG2604,9120.0,9575.0,27123.0,0.0144649625755562
20250618,AG2605,9131.0,6641.0,10795.0,0.0131348524497428
20250618,AG2606,9141.0,2214.0,1707.0,0.0
20250619,AG2507,8805.0,11533.0,13021.0,0.0190649154944923
20250619,AG2508,8819.0,746980.0,387527.0,0.0149583565178977
20250619,AG2509,8830.0,46990.0,36616.0,0.010867105112154
20250619,AG2510,8838.0,275656.0,175610.0,0.0135700568571701
20250619,AG2511,8848.0,7499.0,14788.0,0.0135547286523289
20250619,AG2512,8858.0,76497.0,163211.0,0.0203034282263319
20250619,AG2601,8873.0,7367.0,15242.0,0.0081117623638678
20250619,AG2602,8879.0,17776.0,48609.0,0.0189061484077578
20250619,AG2603,8893.0,4542.0,15697.0,0.0161815958894647
20250619,AG2604,8905.0,9535.0,27383.0,0.0228866395733755
20250619,AG2605,8922.0,7642.0,10927.0,0.014785776163547
20250619,AG2606,8933.0,3376.0,3792.0,0.0
20250620,AG2507,8655.0,13736.0,12370.0,0.0124718528462017
20250620,AG2508,8664.0,653140.0,362640.0,0.0179920453519568
20250620,AG2509,8677.0,42442.0,36604.0,0.0110586345805869
20250620,AG2510,8685.0,260460.0,176498.0,0.0110484528463088
20250620,AG2511,8693.0,6298.0,14668.0,0.0124173624187339
20250620,AG2512,8702.0,62356.0,160646.0,0.0151593474079369
20250620,AG2601,8713.0,7788.0,15928.0,0.0220158300487538
20250620,AG2602,8729.0,16259.0,49619.0,0.0137394107063357
20250620,AG2603,8739.0,3834.0,15473.0,0.020579665479555
20250620,AG2604,8754.0,7277.0,27582.0,0.0205444323421808
20250620,AG2605,8769.0,7494.0,11471.0,0.0177767681076847
20250620,AG2606,8782.0,3208.0,6116.0,0.0
20250623,AG2507,8759.0,10644.0,13122.0,0.0150607584376758
20250623,AG2508,8770.0,436999.0,348332.0,0.0164083890652082
20250623,AG2509,8782.0,27708.0,36068.0,0.0122915847541889
20250623,AG2510,8791.0,182357.0,179946.0,0.010915293532586
20250623,AG2511,8799.0,3532.0,14555.0,0.0177162033200759
20250623,AG2512,8812.0,41602.0,161577.0,0.0122497600383986
20250623,AG2601,8821.0,5038.0,16089.0,0.0190303619403586
20250623,AG2602,8835.0,10265.0,47780.0,0.0135746620810666
20250623,AG2603,8845.0,1671.0,15503.0,0.0135593234765785
20250623,AG2604,8855.0,3144.0,27568.0,0.0216630996438346
20250623,AG2605,8871.0,3335.0,11588.0,0.0202736997032037
20250623,AG2606,8886.0,1111.0,6207.0,0.0
20250624,AG2507,8730.0,32422.0,15705.0,0.0123647615267568
20250624,AG2508,8739.0,446808.0,341852.0,0.0150952046893885
20250624,AG2509,8750.0,32302.0,35247.0,0.0123365137371457
20250624,AG2510,8759.0,209098.0,177506.0,0.0136923793951992
20250624,AG2511,8769.0,3812.0,14691.0,0.0095753781085277
20250624,AG2512,8776.0,44936.0,163497.0,0.0150316024893237
20250624,AG2601,8787.0,6744.0,16337.0,0.0245566252135599
20250624,AG2602,8805.0,9283.0,47949.0,0.0122594936595092
20250624,AG2603,8814.0,1648.0,15519.0,0.0176860754196062
20250624,AG2604,8827.0,4003.0,27431.0,0.0081540206987922
20250624,AG2605,8833.0,3306.0,11450.0,0.0298507616616204
20250624,AG2606,8855.0,715.0,6212.0,0.0
20250625,AG2507,8715.0,12791.0,10087.0,0.0151367487532045
20250625,AG2508,8726.0,606376.0,336670.0,0.013744131613575
20250625,AG2509,8736.0,41794.0,36352.0,0.0109839824602584
20250625,AG2510,8744.0,262533.0,185044.0,0.0096027441534797
20250625,AG2511,8751.0,4232.0,14489.0,0.0205514693150814
20250625,AG2512,8766.0,59737.0,163869.0,0.0164158712330977
20250625,AG2601,8778.0,5691.0,16255.0,0.0122971829719662
20250625,AG2602,8787.0,12015.0,48322.0,0.0177403796454547
20250625,AG2603,8800.0,2369.0,15452.0,0.0149906328051827
20250625,AG2604,8811.0,5126.0,27544.0,0.0190519432172118
20250625,AG2605,8825.0,6055.0,11394.0,0.0135900354275902
20250625,AG2606,8835.0,1233.0,6253.0,0.0
20250626,AG2507,8790.0,4554.0,8244.0,0.008188331945149
20250626,AG2508,8796.0,427375.0,331807.0,0.0177222412217259
20250626,AG2509,8809.0,29530.0,36804.0,0.013614705340622
20250626,AG2510,8819.0,210448.0,197355.0,0.0108806535846254
20250626,AG2511,8827.0,2660.0,14423.0,0.0135869579732586
20250626,AG2512,8837.0,39423.0,167934.0,0.0189959334104714
20250626,AG2601,8851.0,3811.0,16356.0,0.0108413333178646
20250626,AG2602,8859.0,7503.0,48605.0,0.01353790757304
20250626,AG2603,8869.0,1105.0,15579.0,0.0162253545846195
20250626,AG2604,8881.0,3782.0,27935.0,0.0189018940971777
20250626,AG2605,8895.0,4401.0,11373.0,0.0202190443790333
20250626,AG2606,8910.0,2294.0,7465.0,0.0
20250627,AG2507,8784.0,2057.0,7616.0,0.0109239880097446
20250627,AG2508,8792.0,469549.0,315448.0,0.0163673587547397
20250627,AG2509,8804.0,31111.0,38188.0,0.0108991833105772
20250627,AG2510,8812.0,257797.0,216423.0,0.0108892929432389
20250627,AG2511,8820.0,5263.0,14336.0,0.0163154341924758
20250627,AG2512,8832.0,42675.0,169951.0,0.0108646453777502
20250627,AG2601,8840.0,5187.0,16404.0,0.0230547621347264
20250627,AG2602,8857.0,12061.0,48220.0,0.0121875539449902
20250627,AG2603,8866.0,1903.0,15533.0,0.0216362465645836
20250627,AG2604,8882.0,4309.0,28350.0,0.0121532672290964
20250627,AG2605,8891.0,4472.0,11460.0,0.0242696711940564
20250627,AG2606,8909.0,1150.0,7502.0,0.0
20250630,AG2507,8753.0,2009.0,6949.0,0.0123322876968692
20250630,AG2508,8762.0,504424.0,277702.0,0.0191584029746677
20250630,AG2509,8776.0,42491.0,35066.0,0.0163971785932149
20250630,AG2510,8788.0,301429.0,229718.0,0.0122831969780845
20250630,AG2511,8797.0,5579.0,14549.0,0.0136332666334185
20250630,AG2512,8807.0,60238.0,171111.0,0.012256711046836
20250630,AG2601,8816.0,5692.0,16068.0,0.013603901241562
20250630,AG2602,8826.0,15448.0,46506.0,0.0095135629876767
20250630,AG2603,8833.0,2023.0,15472.0,0.024428870684936
20250630,AG2604,8851.0,4520.0,28607.0,0.0176121962182585
20250630,AG2605,8864.0,4337.0,11472.0,0.0162345007850341
20250630,AG2606,8876.0,1517.0,7612.0,0.0
20250701,AG2507,8800.0,593.0,6862.0,0.0136286215671291
20250701,AG2508,8810.0,342536.0,264724.0,0.0149736279424996
20250701,AG2509,8821.0,20530.0,34594.0,0.0149549670973141
20250701,AG2510,8832.0,231588.0,239174.0,0.0135792704317428
20250701,AG2511,8842.0,3950.0,14666.0,0.0108523633894389
20250701,AG2512,8850.0,40561.0,174356.0,0.0108425577740185
20250701,AG2601,8858.0,3319.0,16145.0,0.0203034282263319
20250701,AG2602,8873.0,8192.0,46690.0,0.0162180450409662
20250701,AG2603,8885.0,1607.0,15411.0,0.0134983141342054
20250701,AG2604,8895.0,2570.0,28612.0,0.0161779599832068
20250701,AG2605,8907.0,2484.0,11560.0,0.0148106610666291
20250701,AG2606,8918.0,1134.0,7644.0,0.0
20250702,AG2507,8734.0,320.0,6776.0,0.0178479524921824
20250702,AG2508,8747.0,323881.0,249023.0,0.0137111532284352
20250702,AG2509,8757.0,14265.0,33854.0,0.0164327310855733
20250702,AG2510,8769.0,233273.0,237158.0,0.0136767737622376
20250702,AG2511,8779.0,3905.0,14558.0,0.0081985883398661
20250702,AG2512,8785.0,34757.0,174093.0,0.0191082842923584
20250702,AG2601,8799.0,2939.0,16037.0,0.0149923354159748
20250702,AG2602,8810.0,7121.0,46817.0,0.0095308338816219
20250702,AG2603,8817.0,1003.0,15434.0,0.0258313134357691
20250702,AG2604,8836.0,3182.0,28423.0,0.0176420727281091
20250702,AG2605,8849.0,2038.0,11550.0,0.0162620013594264
20250702,AG2606,8861.0,1029.0,7681.0,0.0
20250703,AG2507,8945.0,1246.0,6520.0,-0.001341606575269
20250703,AG2508,8944.0,427766.0,272055.0,0.0201083664323766
20250703,AG2509,8959.0,20231.0,34670.0,0.0160624675404612
20250703,AG2510,8971.0,360505.0,289990.0,0.0106963795383021
20250703,AG2511,8979.0,7094.0,14232.0,0.0133570806310882
20250703,AG2512,8989.0,68241.0,185296.0,0.0120086739326192
20250703,AG2601,8998.0,5563.0,16109.0,0.0159928944151907
20250703,AG2602,9010.0,13259.0,47191.0,0.0159716083914929
20250703,AG2603,9022.0,2326.0,15545.0,0.0186067154346308
20250703,AG2604,9036.0,9562.0,26297.0,0.010619469719598
20250703,AG2605,9044.0,5321.0,11500.0,0.0159116045412442
20250703,AG2606,9056.0,2213.0,7865.0,0.0
20250704,AG2507,8910.0,312.0,6506.0,0.0121150944162272
20250704,AG2508,8919.0,385997.0,250718.0,0.0228507489939505
20250704,AG2509,8936.0,19724.0,34985.0,0.016103782331802
20250704,AG2510,8948.0,357407.0,300760.0,0.0093839026175043
20250704,AG2511,8955.0,4905.0,14006.0,0.0120542451120658
20250704,AG2512,8964.0,49501.0,185262.0,0.0173903380304512
20250704,AG2601,8977.0,4654.0,15916.0,0.0173651725077299
20250704,AG2602,8990.0,10769.0,47173.0,0.0093400794174328
20250704,AG2603,8997.0,1921.0,15319.0,0.0199900096201957
20250704,AG2604,9012.0,5926.0,25977.0,0.0146382053083868
20250704,AG2605,9023.0,3130.0,11461.0,0.0146203706405864
20250704,AG2606,9034.0,2130.0,7978.0,0.0
20250707,AG2507,8863.0,660.0,6278.0,0.0121793075016613
20250707,AG2508,8872.0,261611.0,229481.0,0.014869052873977
20250707,AG2509,8883.0,15157.0,34429.0,0.0188976417007966
20250707,AG2510,8897.0,316551.0,302244.0,0.0161743257105172
20250707,AG2511,8909.0,4740.0,13786.0,0.0134619713467639
20250707,AG2512,8919.0,53080.0,189438.0,0.0121028754586169
20250707,AG2601,8928.0,3559.0,15929.0,0.0188024660740049
20250707,AG2602,8942.0,11212.0,46657.0,0.0160929840838175
20250707,AG2603,8954.0,1192.0,15332.0,0.0160714309736882
20250707,AG2604,8966.0,4185.0,25998.0,0.014713260495644
20250707,AG2605,8977.0,2769.0,11469.0,0.0213689538939228
20250707,AG2606,8993.0,2110.0,7932.0,0.0
20250708,AG2507,8918.0,1878.0,5492.0,0.010759920021518
20250708,AG2508,8926.0,199598.0,211810.0,0.0188066757401357
20250708,AG2509,8940.0,14029.0,35260.0,0.0174369895991548
20250708,AG2510,8953.0,418168.0,338144.0,0.0133958486784693
20250708,AG2511,8963.0,5203.0,13487.0,0.0133809112883513
20250708,AG2512,8973.0,50655.0,192093.0,0.0093577679782504
20250708,AG2601,8980.0,4310.0,16005.0,0.0173593754192428
20250708,AG2602,8993.0,11820.0,46226.0,0.0106702241108378
20250708,AG2603,9001.0,1757.0,15296.0,0.0199811335503232
20250708,AG2604,9016.0,3434.0,26116.0,0.0133022960080106
20250708,AG2605,9026.0,2908.0,11423.0,0.018598475991308
20250708,AG2606,9040.0,2164.0,7986.0,0.0
20250709,AG2507,8890.0,746.0,5278.0,-0.0148573377074813
20250709,AG2508,8879.0,194268.0,185969.0,0.0081062826770998
20250709,AG2509,8885.0,16399.0,34616.0,0.0188933912173263
20250709,AG2510,8899.0,613081.0,327567.0,0.0148239672959136
20250709,AG2511,8910.0,8251.0,13235.0,0.0121150944162272
20250709,AG2512,8919.0,60564.0,191669.0,0.0161344562121444
20250709,AG2601,8931.0,4372.0,15853.0,0.0134288286171848
20250709,AG2602,8941.0,12279.0,46200.0,0.0134138176274498
20250709,AG2603,8951.0,1553.0,15322.0,0.0200926541333504
20250709,AG2604,8966.0,3947.0,26105.0,0.0187228389703245
20250709,AG2605,8980.0,3103.0,11346.0,0.0160249300467256
20250709,AG2606,8992.0,2659.0,7948.0,0.0
20250710,AG2507,8874.0,612.0,5030.0,0.0256655695294219
20250710,AG2508,8893.0,119962.0,173974.0,0.0161815958894647
20250710,AG2509,8905.0,13496.0,34271.0,0.0188509913093432
20250710,AG2510,8919.0,488322.0,333179.0,0.0134468862121073
20250710,AG2511,8929.0,6271.0,13067.0,0.0174584553205146
20250710,AG2512,8942.0,46944.0,192042.0,0.0080491897931307
20250710,AG2601,8948.0,3430.0,15762.0,0.018760472832817
20250710,AG2602,8962.0,9329.0,46346.0,0.0160570942780825
20250710,AG2603,8974.0,1087.0,15237.0,0.0133645185882051
20250710,AG2604,8984.0,3733.0,26330.0,0.0186853557940605
20250710,AG2605,8998.0,2212.0,11385.0,0.0119966685915024
20250710,AG2606,9007.0,1891.0,8050.0,0.0
20250711,AG2507,9038.0,526.0,4522.0,-0.0292456110193529
20250711,AG2508,9016.0,254830.0,169635.0,0.0199479183742388
20250711,AG2509,9031.0,34214.0,37927.0,0.0119528536250805
20250711,AG2510,9040.0,1169445.0,402956.0,0.0172442410706193
20250711,AG2511,9053.0,16942.0,13541.0,0.0119238210197165
20250711,AG2512,9062.0,125580.0,200531.0,0.0132348088853979
20250711,AG2601,9072.0,13365.0,16417.0,0.0171834583528601
20250711,AG2602,9085.0,38735.0,50701.0,0.018477786317032
20250711,AG2603,9099.0,4694.0,14911.0,0.0144983267677587
20250711,AG2604,9110.0,10899.0,26228.0,0.0157964042117004
20250711,AG2605,9122.0,9023.0,11288.0,0.0184028954897474
20250711,AG2606,9136.0,8139.0,8346.0,0.0
20250714,AG2507,9172.0,1374.0,4934.0,0.0091548148955508
20250714,AG2508,9179.0,218523.0,164208.0,0.0182887037359638
20250714,AG2509,9193.0,23963.0,38824.0,0.0182608730890947
20250714,AG2510,9207.0,1093005.0,448095.0,0.0091200264961965
20250714,AG2511,9214.0,19181.0,15210.0,0.0143174809543887
20250714,AG2512,9225.0,133459.0,206505.0,0.0181975771442067
20250714,AG2601,9239.0,13613.0,17047.0,0.0168730761670156
20250714,AG2602,9252.0,37843.0,54050.0,0.0077795788786324
20250714,AG2603,9258.0,3423.0,14846.0,0.0181327611404606
20250714,AG2604,9272.0,8936.0,26316.0,0.0142279725641377
20250714,AG2605,9283.0,7606.0,11494.0,0.0167931563011176
20250714,AG2606,9296.0,7539.0,8701.0,0.0
20250715,AG2507,9189.0,162.0,4962.0,0.0117474311878103
20250715,AG2508,9198.0,115848.0,154163.0,0.0169482346603984
20250715,AG2509,9211.0,16495.0,37928.0,0.0182252150459077
20250715,AG2510,9225.0,735125.0,450115.0,0.0130010846953494
20250715,AG2511,9235.0,10143.0,15351.0,0.0116889451311717
20250715,AG2512,9244.0,74078.0,207750.0,0.0090835365245672
20250715,AG2601,9251.0,6693.0,17066.0,0.0181464713776997
20250715,AG2602,9265.0,19507.0,54166.0,0.0129449850741099
20250715,AG2603,9275.0,1395.0,14869.0,0.0142233732507733
20250715,AG2604,9286.0,4484.0,26059.0,0.0154972040479576
20250715,AG2605,9298.0,3542.0,11483.0,0.0154772162469925
20250715,AG2606,9310.0,3293.0,8643.0,0.0
20250716,AG2508,9125.0,103121.0,142716.0,0.014457041341191
20250716,AG2509,9136.0,12414.0,36909.0,0.0209973806854532
20250716,AG2510,9152.0,764716.0,430521.0,0.0091748134009016
20250716,AG2511,9159.0,8148.0,15475.0,0.0130947197629581
20250716,AG2512,9169.0,67781.0,208355.0,0.0117730428585351
20250716,AG2601,9178.0,7910.0,17147.0,0.0195961069077098
20250716,AG2602,9193.0,20091.0,54231.0,0.0104381870232786
20250716,AG2603,9201.0,1992.0,15006.0,0.0143376978985757
20250716,AG2604,9212.0,5794.0,26672.0,0.0169224956178247
20250716,AG2605,9225.0,3525.0,11480.0,0.0194963487240237
20250716,AG2606,9240.0,2910.0,8696.0,0.0116826230223636
20250716,AG2607,9249.0,105.0,49.0,0.0
20250717,AG2508,9140.0,102682.0,141275.0,0.0209881994911386
20250717,AG2509,9156.0,11410.0,36068.0,0.0130990079593457
20250717,AG2510,9166.0,906865.0,438247.0,0.0170073618002605
20250717,AG2511,9179.0,10083.0,15456.0,0.0091478359997732
20250717,AG2512,9186.0,76697.0,210744.0,0.0169703590970228
20250717,AG2601,9199.0,11632.0,17184.0,0.0169463935610218
20250717,AG2602,9212.0,22090.0,54557.0,0.0130194219129016
20250717,AG2603,9222.0,1759.0,14848.0,0.013005311774758
20250717,AG2604,9232.0,4013.0,26624.0,0.0155877917566877
20250717,AG2605,9244.0,4661.0,11461.0,0.0155675697508934
20250717,AG2606,9256.0,3594.0,8999.0,0.0194311048016395
20250717,AG2607,9271.0,206.0,83.0,0.0
20250718,AG2508,9246.0,90514.0,136904.0,0.0207477899103172
20250718,AG2509,9262.0,14917.0,35200.0,0.0142433251143434
20250718,AG2510,9273.0,854199.0,479676.0,0.0142264391292211
20250718,AG2511,9284.0,9315.0,15911.0,0.010335917951665
20250718,AG2512,9292.0,79463.0,216579.0,0.0141973665391076
20250718,AG2601,9303.0,8003.0,17972.0,0.014180589285166
20250718,AG2602,9314.0,18560.0,54880.0,0.0180238205754131
20250718,AG2603,9328.0,1923.0,14523.0,0.0128576032873036
20250718,AG2604,9338.0,3881.0,26708.0,0.0102761727538708
20250718,AG2605,9346.0,4566.0,11602.0,0.020525983195734
20250718,AG2606,9362.0,4226.0,9321.0,0.005126014601654
20250718,AG2607,9366.0,465.0,304.0,0.0
20250721,AG2508,9242.0,69946.0,124826.0,0.0194605156439938
20250721,AG2509,9257.0,10910.0,34994.0,0.0181347184772525
20250721,AG2510,9271.0,694363.0,467534.0,0.0116435780791655
20250721,AG2511,9280.0,6597.0,15852.0,0.0129240723316555
20250721,AG2512,9290.0,64053.0,217931.0,0.0129101680015573
20250721,AG2601,9300.0,6284.0,17990.0,0.0154738899584603
20250721,AG2602,9312.0,17062.0,54853.0,0.0180276887645652
20250721,AG2603,9326.0,1544.0,14420.0,0.010289389697938
20250721,AG2604,9334.0,3273.0,26579.0,0.0154175610073265
20250721,AG2605,9346.0,3279.0,11396.0,0.0166800347626213
20250721,AG2606,9359.0,3065.0,9546.0,0.0140957889025371
20250721,AG2607,9370.0,404.0,375.0,0.0
20250722,AG2508,9366.0,85020.0,117554.0,0.0204821897389963
20250722,AG2509,9382.0,18106.0,33209.0,0.0140612532733442
20250722,AG2510,9393.0,961563.0,476010.0,0.0127686753907379
20250722,AG2511,9403.0,14020.0,15998.0,0.0114802028421137
20250722,AG2512,9412.0,101074.0,220226.0,0.0165631496275018
20250722,AG2601,9425.0,9755.0,18104.0,0.0165403196414563
20250722,AG2602,9438.0,24835.0,55000.0,0.0139778699555172
20250722,AG2603,9449.0,2762.0,14252.0,0.0126930411665344
20250722,AG2604,9459.0,6158.0,26260.0,0.0177477319483678
20250722,AG2605,9473.0,6660.0,11492.0,0.0113954110383487
20250722,AG2606,9482.0,6856.0,9771.0,0.0151770677903961
20250722,AG2607,9494.0,1299.0,571.0,0.0
20250723,AG2508,9467.0,89639.0,107803.0,0.0152010998898054
20250723,AG2509,9479.0,21189.0,31123.0,0.0164461572313522
20250723,AG2510,9492.0,1024799.0,478279.0,0.0113726118131424
20250723,AG2511,9501.0,13671.0,15992.0,0.011361843992238
20250723,AG2512,9510.0,122317.0,224379.0,0.0151324105803379
20250723,AG2601,9522.0,13145.0,18454.0,0.0176303946080017
20250723,AG2602,9536.0,30322.0,55671.0,0.0075479612510562
20250723,AG2603,9542.0,2895.0,14233.0,0.020104716744615
20250723,AG2604,9558.0,6284.0,26242.0,0.0150564637067572
20250723,AG2605,9570.0,5745.0,11771.0,0.0100271574666564
20250723,AG2606,9578.0,6081.0,10109.0,0.0150250436991517
20250723,AG2607,9590.0,1459.0,756.0,0.0
20250724,AG2508,9359.0,104717.0,96661.0,-0.0076955966724665
20250724,AG2509,9353.0,15471.0,29673.0,0.0422648390377431
20250724,AG2510,9386.0,1253182.0,459484.0,0.0140552643444245
20250724,AG2511,9397.0,14618.0,16189.0,0.0114875294631403
20250724,AG2512,9406.0,139131.0,223613.0,0.0025512916009773
20250724,AG2601,9408.0,14814.0,18940.0,0.0254831270113624
20250724,AG2602,9428.0,34668.0,56399.0,0.0114497755837362
20250724,AG2603,9437.0,2603.0,14286.0,0.0114388612167522
20250724,AG2604,9446.0,6547.0,26108.0,0.0177721390783397
20250724,AG2605,9460.0,5756.0,11870.0,0.0164791659553254
20250724,AG2606,9473.0,6462.0,10524.0,0.0151914779229613
20250724,AG2607,9485.0,1291.0,819.0,0.0
20250725,AG2508,9368.0,87783.0,91735.0,0.0115230737048622
20250725,AG2509,9377.0,8920.0,28863.0,0.0191805677790297
20250725,AG2510,9392.0,742060.0,450827.0,0.0153224111049896
20250725,AG2511,9404.0,8045.0,16217.0,0.0127537476135294
20250725,AG2512,9414.0,74865.0,223684.0,0.0152866262710626
20250725,AG2601,9426.0,8337.0,18874.0,0.0114522038276934
20250725,AG2602,9435.0,22909.0,57157.0,0.0114412848330361
20250725,AG2603,9444.0,1828.0,14172.0,0.0126997577733366
20250725,AG2604,9454.0,5533.0,26283.0,0.0164896173085151
20250725,AG2605,9467.0,5049.0,12353.0,0.0126689200956447
20250725,AG2606,9477.0,4168.0,10988.0,0.0151850700427641
20250725,AG2607,9489.0,658.0,819.0,0.0
20250728,AG2508,9190.0,83459.0,67677.0,0.016962977869491
20250728,AG2509,9203.0,20200.0,25985.0,0.0117295692206268
20250728,AG2510,9212.0,1203307.0,398421.0,0.0195238396557592
20250728,AG2511,9227.0,15344.0,15822.0,0.0091002658605407
20250728,AG2512,9234.0,160014.0,210928.0,0.0129884199280443
20250728,AG2601,9244.0,15970.0,18207.0,0.0181602023633343
20250728,AG2602,9258.0,40536.0,57766.0,0.0103649326245328
20250728,AG2603,9266.0,3156.0,14200.0,0.0181171176438308
20250728,AG2604,9280.0,8988.0,25927.0,0.0155072173206428
20250728,AG2605,9292.0,6310.0,12304.0,0.0141973665391076
20250728,AG2606,9303.0,6589.0,11272.0,0.0154689032055636
20250728,AG2607,9315.0,1114.0,835.0,0.0
20250729,AG2508,9171.0,33825.0,56933.0,0.0130775950170694
20250729,AG2509,9181.0,9063.0,25564.0,0.0182847227366563
20250729,AG2510,9195.0,591927.0,392743.0,0.0130434795450804
20250729,AG2511,9205.0,5017.0,15852.0,0.0130293172409448
20250729,AG2512,9215.0,60709.0,211846.0,0.0182173099398372
20250729,AG2601,9229.0,5596.0,18229.0,0.0129954528620215
20250729,AG2602,9239.0,23784.0,60831.0,0.0142787620287092
20250729,AG2603,9250.0,1051.0,14184.0,0.0129659656050501
20250729,AG2604,9260.0,2585.0,25806.0,0.0155406885523495
20250729,AG2605,9272.0,2062.0,12204.0,0.0206896602976767
20250729,AG2606,9288.0,2579.0,11557.0,0.0154938691634376
20250729,AG2607,9300.0,652.0,816.0,0.0
20250730,AG2508,9166.0,32014.0,48256.0,0.0156999586285132
20250730,AG2509,9178.0,9864.0,24888.0,0.0182906948857539
20250730,AG2510,9192.0,689866.0,392370.0,0.0117435990452366
20250730,AG2511,9201.0,5140.0,15750.0,0.0156402759188509
20250730,AG2512,9213.0,71085.0,210377.0,0.0169206601060049
20250730,AG2601,9226.0,6309.0,18059.0,0.0117003421868938
20250730,AG2602,9235.0,20271.0,61142.0,0.0168803793458214
20250730,AG2603,9248.0,878.0,14149.0,0.0116725218606297
20250730,AG2604,9257.0,2844.0,25918.0,0.0194290074285177
20250730,AG2605,9272.0,2097.0,12293.0,0.0168130652066213
20250730,AG2606,9285.0,2322.0,11656.0,0.0090434412419231
20250730,AG2607,9292.0,666.0,866.0,0.0
20250731,AG2508,8991.0,38191.0,32678.0,0.0080053371881503
20250731,AG2509,8997.0,21650.0,21192.0,0.014662595548234
20250731,AG2510,9008.0,1100640.0,371110.0,0.0173054553260063
20250731,AG2511,9021.0,13940.0,16043.0,0.0159521459184581
20250731,AG2512,9033.0,141471.0,210165.0,0.0199104077533531
20250731,AG2601,9048.0,15267.0,18322.0,0.0132552758424347
20250731,AG2602,9058.0,40050.0,62053.0,0.0158870279162761
20250731,AG2603,9070.0,3108.0,13984.0,0.0132231418338808
20250731,AG2604,9080.0,7730.0,26395.0,0.0184879534754013
20250731,AG2605,9094.0,4556.0,12479.0,0.0171419181943525
20250731,AG2606,9107.0,5981.0,11960.0,0.0223794700375201
20250731,AG2607,9124.0,1433.0,1028.0,0.0
20250801,AG2508,8898.0,7648.0,29298.0,0.0134786041352547
20250801,AG2509,8908.0,11651.0,20050.0,0.0134634817219638
20250801,AG2510,8918.0,587441.0,365193.0,0.0188235332715172
20250801,AG2511,8932.0,14823.0,15543.0,0.0134273260065281
20250801,AG2512,8942.0,86005.0,209462.0,0.0160929840838175
20250801,AG2601,8954.0,10213.0,18429.0,0.0174097458136401
20250801,AG2602,8967.0,44222.0,60580.0,0.021392763325909
20250801,AG2603,8983.0,2807.0,14079.0,0.0106820970667945
20250801,AG2604,8991.0,6008.0,27136.0,0.0240000080000042
20250801,AG2605,9009.0,2869.0,12540.0,0.0093203888180663
20250801,AG2606,9016.0,2917.0,12256.0,0.0212766013186297
20250801,AG2607,9032.0,937.0,1097.0,0.0
20250804,AG2508,9022.0,6736.0,27244.0,0.0106359413122794
20250804,AG2509,9030.0,13862.0,19600.0,0.0119541766485588
20250804,AG2510,9039.0,513898.0,371051.0,0.0185717481243522
20250804,AG2511,9053.0,21492.0,15495.0,0.0158957965621338
20250804,AG2512,9065.0,93172.0,211408.0,0.0145526725293707
20250804,AG2601,9076.0,11578.0,18797.0,0.0158555407344026
20250804,AG2602,9088.0,52208.0,61496.0,0.0158346185281056
20250804,AG2603,9100.0,2430.0,14142.0,0.014496734507005
20250804,AG2604,9111.0,7018.0,27579.0,0.0184250968420049
20250804,AG2605,9125.0,2771.0,12452.0,0.0197098319700409
20250804,AG2606,9140.0,2895.0,12439.0,0.0249194034575022
20250804,AG2607,9159.0,1322.0,1152.0,0.0
20250805,AG2508,9054.0,13144.0,16058.0,0.0158940420586882
20250805,AG2509,9066.0,6759.0,18909.0,0.0119067315870844
20250805,AG2510,9075.0,313491.0,367528.0,0.0171777819345737
20250805,AG2511,9088.0,15469.0,17048.0,0.0145158647490994
20250805,AG2512,9099.0,52044.0,216045.0,0.0237154227385435
20250805,AG2601,9117.0,7581.0,18828.0,0.0078947371268598
20250805,AG2602,9123.0,36270.0,61932.0,0.0184008798377552
20250805,AG2603,9137.0,1395.0,14191.0,0.0157497561709756
20250805,AG2604,9149.0,3980.0,27681.0,0.0183486274281354
20250805,AG2605,9163.0,1987.0,12336.0,0.0170129261279205
20250805,AG2606,9176.0,2154.0,12509.0,0.0130704729183869
20250805,AG2607,9186.0,776.0,1173.0,0.0
20250806,AG2508,9161.0,5146.0,13990.0,0.0091658032717469
20250806,AG2509,9168.0,8495.0,18728.0,0.0183106302557588
20250806,AG2510,9182.0,372060.0,373376.0,0.0117563825873051
20250806,AG2511,9191.0,17221.0,16654.0,0.018264843708824
20250806,AG2512,9205.0,61871.0,216766.0,0.0143314712219317
20250806,AG2601,9216.0,8629.0,19141.0,0.0169151559588497
20250806,AG2602,9229.0,46407.0,63058.0,0.0194879055443348
20250806,AG2603,9244.0,1513.0,14204.0,0.0116775702571078
20250806,AG2604,9253.0,4884.0,27930.0,0.019437399638838
20250806,AG2605,9268.0,3100.0,12357.0,0.018113210986252
20250806,AG2606,9282.0,2351.0,12418.0,0.0129212890701436
20250806,AG2607,9292.0,930.0,1249.0,0.0
20250807,AG2508,9235.0,4170.0,12460.0,0.0142849429779639
20250807,AG2509,9246.0,5399.0,18556.0,0.0155642045165403
20250807,AG2510,9258.0,326856.0,378070.0,0.0168384721891999
20250807,AG2511,9271.0,14764.0,16555.0,0.0116435780791655
20250807,AG2512,9280.0,56774.0,218852.0,0.0180898063761272
20250807,AG2601,9294.0,8035.0,19122.0,0.0141943131771313
20250807,AG2602,9305.0,44877.0,63248.0,0.0154655804888844
20250807,AG2603,9317.0,1179.0,14214.0,0.0167319166915742
20250807,AG2604,9330.0,4146.0,27777.0,0.0179929347194248
20250807,AG2605,9344.0,2311.0,12396.0,0.0166836024948554
20250807,AG2606,9357.0,1802.0,12430.0,0.0089738800186604
20250807,AG2607,9364.0,1071.0,1346.0,0.0
20250808,AG2508,9262.0,9084.0,6644.0,0.0077711821388353
20250808,AG2509,9268.0,10861.0,17952.0,0.012940797113067
20250808,AG2510,9278.0,420357.0,373954.0,0.0155105579543434
20250808,AG2511,9290.0,21151.0,16148.0,0.0116197760437568
20250808,AG2512,9299.0,84822.0,217309.0,0.018052872521526
20250808,AG2601,9313.0,12485.0,19082.0,0.0128783013004303
20250808,AG2602,9323.0,64478.0,64874.0,0.0180064342467864
20250808,AG2603,9337.0,2059.0,14186.0,0.0141289820978717
20250808,AG2604,9348.0,5959.0,27656.0,0.0179583144152068
20250808,AG2605,9362.0,3171.0,12395.0,0.0153714794716261
20250808,AG2606,9374.0,2410.0,12528.0,0.0153518144605389
20250808,AG2607,9386.0,1239.0,1456.0,0.0
20250811,AG2508,9196.0,1322.0,5974.0,0.0039141071290199
20250811,AG2509,9199.0,8415.0,17227.0,0.0143408132663435
20250811,AG2510,9210.0,386995.0,358701.0,0.0182271923945085
20250811,AG2511,9224.0,21577.0,15924.0,0.0130024934164704
20250811,AG2512,9234.0,84484.0,219610.0,0.014286489051492
20250811,AG2601,9245.0,10432.0,19221.0,0.016862133239887
20250811,AG2602,9258.0,66170.0,65139.0,0.0168384721891999
20250811,AG2603,9271.0,1558.0,14148.0,0.019399691674615
20250811,AG2604,9286.0,4748.0,27812.0,0.014206534511891
20250811,AG2605,9297.0,2659.0,12279.0,0.0193454821843346
20250811,AG2606,9312.0,1959.0,12445.0,0.0154539622131442
20250811,AG2607,9324.0,975.0,1476.0,0.0
20250812,AG2508,9170.0,368.0,5832.0,0.0078491227043518
20250812,AG2509,9176.0,6375.0,16609.0,0.0143767375471169
20250812,AG2510,9187.0,291143.0,349123.0,0.018272790130736
20250812,AG2511,9201.0,14234.0,15752.0,0.0117321176038956
20250812,AG2512,9210.0,62889.0,219981.0,0.015625002207581
20250812,AG2601,9222.0,7753.0,19253.0,0.0169041584002737
20250812,AG2602,9235.0,45185.0,65639.0,0.0142849429779639
20250812,AG2603,9246.0,1440.0,14118.0,0.0194521034651799
20250812,AG2604,9261.0,3176.0,27871.0,0.0129505732405616
20250812,AG2605,9271.0,2102.0,12299.0,0.0219839492489409
20250812,AG2606,9288.0,1847.0,12432.0,0.011622276937566
20250812,AG2607,9297.0,969.0,1392.0,0.0
20250813,AG2508,9276.0,2044.0,4976.0,0.014221840807032
20250813,AG2509,9287.0,8554.0,16783.0,0.0167859283840666
20250813,AG2510,9300.0,415237.0,365333.0,0.0154738899584603
20250813,AG2511,9312.0,23925.0,16369.0,0.0115923370792576
20250813,AG2512,9321.0,92262.0,225756.0,0.0154390500550746
20250813,AG2601,9333.0,11399.0,19478.0,0.0179871554020395
20250813,AG2602,9347.0,71636.0,66596.0,0.0153961316960766
20250813,AG2603,9359.0,2088.0,14068.0,0.0102531246224879
20250813,AG2604,9367.0,4666.0,27934.0,0.0192010281512726
20250813,AG2605,9382.0,3225.0,12488.0,0.0140612532733442
20250813,AG2606,9393.0,3496.0,12650.0,0.0204233641470026
20250813,AG2607,9409.0,1822.0,1585.0,0.0
20250814,AG2508,9323.0,530.0,4562.0,-0.059354959721066
20250814,AG2509,9277.0,7379.0,16572.0,0.0116360511191463
20250814,AG2510,9286.0,350484.0,366680.0,0.014206534511891
20250814,AG2511,9297.0,20239.0,16109.0,0.0167678857830574
20250814,AG2512,9310.0,73749.0,225652.0,0.0115948261745122
20250814,AG2601,9319.0,9637.0,19291.0,0.0167283282679802
20250814,AG2602,9332.0,57415.0,67081.0,0.0179890814286113
20250814,AG2603,9346.0,1775.0,14042.0,0.0115501853738217
20250814,AG2604,9355.0,4604.0,27837.0,0.0166639988323583
20250814,AG2605,9368.0,2849.0,12385.0,0.0191989801499557
20250814,AG2606,9383.0,2534.0,12536.0,0.0089490229471067
20250814,AG2607,9390.0,1212.0,1606.0,0.0
20250815,AG2508,9181.0,102.0,4558.0,0.0130633585729145
20250815,AG2509,9191.0,8445.0,16054.0,0.0169611335657633
20250815,AG2510,9204.0,420183.0,346128.0,0.0130307320872707
20250815,AG2511,9214.0,21433.0,16097.0,0.0156182234628426
20250815,AG2512,9226.0,93581.0,224024.0,0.0142988696981317
20250815,AG2601,9237.0,11908.0,18763.0,0.0142818518345846
20250815,AG2602,9248.0,74002.0,67228.0,0.0129687681486842
20250815,AG2603,9258.0,2306.0,14040.0,0.0220147906130411
20250815,AG2604,9275.0,5327.0,27870.0,0.0116385590243003
20250815,AG2605,9284.0,3303.0,12215.0,0.0167913487383623
20250815,AG2606,9297.0,3151.0,12499.0,0.0180567531920626
20250815,AG2607,9311.0,1462.0,1526.0,0.0
20250818,AG2509,9247.0,6680.0,15093.0,0.0142664161629254
20250818,AG2510,9258.0,298755.0,350742.0,0.0129547675326115
20250818,AG2511,9268.0,15736.0,16369.0,0.015527282735754
20250818,AG2512,9280.0,64782.0,227481.0,0.0142157143327952
20250818,AG2601,9291.0,7606.0,18611.0,0.0154888695269535
20250818,AG2602,9303.0,56422.0,67365.0,0.0128921370371903
20250818,AG2603,9313.0,1656.0,14000.0,0.0180257544624689
20250818,AG2604,9327.0,3508.0,27723.0,0.0154291245942524
20250818,AG2605,9339.0,1999.0,12227.0,0.015409311908748
20250818,AG2606,9351.0,1955.0,12491.0,0.0115440124342927
20250818,AG2607,9360.0,1022.0,1511.0,0.0128136691299616
20250818,AG2608,9370.0,182.0,60.0,0.0
20250819,AG2509,9176.0,5502.0,14461.0,0.0143767375471169
20250819,AG2510,9187.0,272701.0,342500.0,0.0143595339408311
20250819,AG2511,9198.0,13321.0,16618.0,0.0156453737938021
20250819,AG2512,9210.0,52145.0,227235.0,0.0182271923945085
20250819,AG2601,9224.0,6833.0,18468.0,0.0117028778847949
20250819,AG2602,9233.0,52152.0,68136.0,0.0194794696743694
20250819,AG2603,9248.0,1279.0,14050.0,0.0168566670973235
20250819,AG2604,9261.0,3386.0,27546.0,0.0129505732405616
20250819,AG2605,9271.0,1510.0,12170.0,0.0142295063296649
20250819,AG2606,9282.0,1512.0,12585.0,0.020667389392907
20250819,AG2607,9298.0,658.0,1536.0,0.0128990660598272
20250819,AG2608,9308.0,182.0,99.0,0.0
20250820,AG2509,9033.0,14816.0,13521.0,0.011950208456483
20250820,AG2510,9042.0,515093.0,318678.0,0.0132640667865305
20250820,AG2511,9052.0,25831.0,17757.0,0.0198686507115368
20250820,AG2512,9067.0,106147.0,228715.0,0.0171929273913945
20250820,AG2601,9080.0,13821.0,18420.0,0.0145286463182306
20250820,AG2602,9091.0,105092.0,71178.0,0.0184656004782018
20250820,AG2603,9105.0,2666.0,14197.0,0.0144887784463997
20250820,AG2604,9116.0,6924.0,28565.0,0.0144713058156303
20250820,AG2605,9127.0,3641.0,12287.0,0.0170799831758209
20250820,AG2606,9140.0,4108.0,12729.0,0.0131219258564554
20250820,AG2607,9150.0,1632.0,1887.0,0.0183466236458292
20250820,AG2608,9164.0,2610.0,1667.0,0.0
20250821,AG2509,9146.0,8992.0,14356.0,0.0209744427442436
20250821,AG2510,9162.0,311338.0,307098.0,0.0130904343732922
20250821,AG2511,9172.0,15225.0,17191.0,0.0156896949786305
20250821,AG2512,9184.0,67972.0,228190.0,0.0143642217488863
20250821,AG2601,9195.0,8014.0,18425.0,0.0169537603595648
20250821,AG2602,9208.0,62875.0,70888.0,0.0130250745448204
20250821,AG2603,9218.0,1485.0,14207.0,0.0221102322346419
20250821,AG2604,9235.0,4642.0,28520.0,0.0142849429779639
20250821,AG2605,9246.0,1949.0,12261.0,0.0181562771046522
20250821,AG2606,9260.0,2432.0,12586.0,0.0129519710361099
20250821,AG2607,9270.0,1585.0,2256.0,0.0245702979314405
20250821,AG2608,9289.0,5583.0,4727.0,0.0
20250822,AG2509,9176.0,8441.0,14120.0,0.0209059286326208
20250822,AG2510,9192.0,317495.0,303690.0,0.0117435990452366
20250822,AG2511,9201.0,15549.0,16493.0,0.0169427125620139
20250822,AG2512,9214.0,72573.0,228713.0,0.0156182234628426
20250822,AG2601,9226.0,7848.0,18590.0,0.0142988696981317
20250822,AG2602,9237.0,62871.0,71121.0,0.0168767269663308
20250822,AG2603,9250.0,1365.0,14278.0,0.0142617919655761
20250822,AG2604,9261.0,3906.0,28610.0,0.0194206224618391
20250822,AG2605,9276.0,2617.0,12578.0,0.0180976011895425
20250822,AG2606,9290.0,3400.0,12428.0,0.0206496071605145
20250822,AG2607,9306.0,1220.0,2370.0,0.0193267878787594
20250822,AG2608,9321.0,5836.0,7182.0,0.0
20250825,AG2509,9382.0,33779.0,21335.0,0.0153387323824441
20250825,AG2510,9394.0,631045.0,322774.0,0.0127673168762354
20250825,AG2511,9404.0,32714.0,17422.0,0.0127537476135294
20250825,AG2512,9414.0,145892.0,240493.0,0.014013484261486
20250825,AG2601,9425.0,21686.0,20892.0,0.0127253458372691
20250825,AG2602,9435.0,106245.0,73370.0,0.012711865595512
20250825,AG2603,9445.0,3932.0,14508.0,0.0190425853237677
20250825,AG2604,9460.0,8923.0,28750.0,0.0202788387930251
20250825,AG2605,9476.0,4859.0,13044.0,0.015186671505968
20250825,AG2606,9488.0,5556.0,12903.0,0.0113774040653507
20250825,AG2607,9497.0,2143.0,2305.0,0.0164150075578014
20250825,AG2608,9510.0,2857.0,7360.0,0.0
20250826,AG2509,9345.0,12780.0,12312.0,0.0115514207540209
20250826,AG2510,9354.0,295939.0,303822.0,0.01794680390066
20250826,AG2511,9368.0,15538.0,17651.0,0.0115230737048622
20250826,AG2512,9377.0,71499.0,248436.0,0.0127904510084005
20250826,AG2601,9387.0,9937.0,21178.0,0.0140537679092297
20250826,AG2602,9398.0,56985.0,73933.0,0.017862842213904
20250826,AG2603,9412.0,1437.0,14729.0,0.0191092985867668
20250826,AG2604,9427.0,4042.0,29256.0,0.0139941706821887
20250826,AG2605,9438.0,2272.0,13129.0,0.0165175525046788
20250826,AG2606,9451.0,2351.0,13138.0,0.0215656276658215
20250826,AG2607,9468.0,625.0,2309.0,0.0164652514090159
20250826,AG2608,9481.0,849.0,7480.0,0.0
20250827,AG2509,9299.0,2837.0,11200.0,0.0077402711778456
20250827,AG2510,9305.0,268955.0,280655.0,0.0141775431345666
20250827,AG2511,9316.0,15175.0,18212.0,0.0154473310325043
20250827,AG2512,9328.0,70994.0,251986.0,0.0141426062333304
20250827,AG2601,9339.0,8214.0,20772.0,0.0102750728743866
20250827,AG2602,9347.0,70613.0,76572.0,0.0243680947308435
20250827,AG2603,9366.0,1414.0,14865.0,0.0089652600359854
20250827,AG2604,9373.0,3606.0,29567.0,0.0179104510860726
20250827,AG2605,9387.0,2000.0,13301.0,0.020436407281022
20250827,AG2606,9403.0,2210.0,13286.0,0.0153044977701114
20250827,AG2607,9415.0,732.0,2287.0,0.0178306124930946
20250827,AG2608,9429.0,710.0,7570.0,0.0
20250828,AG2509,9363.0,5814.0,9775.0,0.0179295657688325
20250828,AG2510,9377.0,337242.0,278545.0,0.0127904510084005
20250828,AG2511,9387.0,18425.0,18506.0,0.0127768325528788
20250828,AG2512,9397.0,101833.0,266986.0,0.0165895703563243
20250828,AG2601,9410.0,9643.0,20895.0,0.0101975786888948
20250828,AG2602,9418.0,84495.0,81471.0,0.0203691964884839
20250828,AG2603,9434.0,2364.0,14905.0,0.0114424970263464
20250828,AG2604,9443.0,6169.0,30184.0,0.0165088125937234
20250828,AG2605,9456.0,2886.0,13534.0,0.0202874097348894
20250828,AG2606,9472.0,3402.0,13696.0,0.0189883472290795
20250828,AG2607,9487.0,2565.0,2921.0,0.0214838665145916
20250828,AG2608,9504.0,9049.0,11581.0,0.0
20250829,AG2509,9373.0,2427.0,8403.0,0.0166320192945258
20250829,AG2510,9386.0,325317.0,262870.0,0.0153321997007761
20250829,AG2511,9398.0,19454.0,18510.0,0.0153126349999711
20250829,AG2512,9410.0,96322.0,279540.0,0.0127456198918004
20250829,AG2601,9420.0,11498.0,21705.0,0.0140045636817135
20250829,AG2602,9431.0,81325.0,85096.0,0.0165298039382258
20250829,AG2603,9444.0,1496.0,14960.0,0.0177758999810098
20250829,AG2604,9458.0,6325.0,32104.0,0.013948329356148
20250829,AG2605,9469.0,2480.0,13940.0,0.0189943584215522
20250829,AG2606,9484.0,5206.0,15327.0,0.0202275648400337
20250829,AG2607,9500.0,3033.0,3984.0,0.0201935260105924
20250829,AG2608,9516.0,12648.0,16894.0,0.0
20250901,AG2509,9761.0,2403.0,7826.0,0.0171990201432165
20250901,AG2510,9775.0,884674.0,294815.0,0.0122699397193201
20250901,AG2511,9785.0,38397.0,19915.0,0.0159321884201228
20250901,AG2512,9798.0,301127.0,322354.0,0.0048979592516733
20250901,AG2601,9802.0,39963.0,24968.0,0.0159045748928245
20250901,AG2602,9815.0,190432.0,93228.0,0.0097769635716984
20250901,AG2603,9823.0,6824.0,15405.0,0.0183103641649855
20250901,AG2604,9838.0,17818.0,34408.0,0.0170645026217212
20250901,AG2605,9852.0,8408.0,14206.0,0.0170402706390616
20250901,AG2606,9866.0,10334.0,16161.0,0.0133718293733252
20250901,AG2607,9877.0,4706.0,4280.0,0.0218490855424665
20250901,AG2608,9895.0,11768.0,17884.0,0.0
20250902,AG2509,9812.0,1350.0,7350.0,0.0146669401025266
20250902,AG2510,9824.0,547942.0,282718.0,0.0097680103073632
20250902,AG2511,9832.0,17388.0,19259.0,0.0158560779282618
20250902,AG2512,9845.0,197512.0,330789.0,0.0109650243681893
20250902,AG2601,9854.0,38173.0,24277.0,0.0133881042336869
20250902,AG2602,9865.0,127641.0,94024.0,0.0121580557512816
20250902,AG2603,9875.0,3595.0,15385.0,0.0145734255337228
20250902,AG2604,9887.0,11186.0,34627.0,0.0218270068262215
20250902,AG2605,9905.0,5998.0,14062.0,0.009688162802955
20250902,AG2606,9913.0,6256.0,16193.0,0.0169354866818924
20250902,AG2607,9927.0,5022.0,4362.0,0.0181186807787524
20250902,AG2608,9942.0,5997.0,18306.0,0.0
20250903,AG2509,9808.0,1488.0,7012.0,0.014672918070227
20250903,AG2510,9820.0,627101.0,270592.0,0.014654998768309
20250903,AG2511,9832.0,19498.0,19244.0,0.01463712318091
20250903,AG2512,9844.0,238141.0,333080.0,0.0146192911482553
20250903,AG2601,9856.0,45667.0,23227.0,0.0073029721292439
20250903,AG2602,9862.0,156049.0,93251.0,0.0218822874941037
20250903,AG2603,9880.0,3938.0,15494.0,0.013352891975127
20250903,AG2604,9891.0,9603.0,34686.0,0.0169731287137258
20250903,AG2605,9905.0,6071.0,14293.0,0.0145293126416841
20250903,AG2606,9917.0,7523.0,16715.0,0.0169286606068013
20250903,AG2607,9931.0,6072.0,5312.0,0.0229364789913592
20250903,AG2608,9950.0,7700.0,18098.0,0.0
20250904,AG2509,9760.0,2650.0,5864.0,0.0159729711803701
20250904,AG2510,9773.0,788714.0,248568.0,0.0085920322803258
20250904,AG2511,9780.0,31865.0,18090.0,0.0159403283031778
20250904,AG2512,9793.0,382818.0,339737.0,0.0159191818846095
20250904,AG2601,9806.0,59240.0,22472.0,0.0134536017761151
20250904,AG2602,9817.0,204376.0,93619.0,0.0232025717227404
20250904,AG2603,9836.0,7142.0,15404.0,0.0073178170780851
20250904,AG2604,9842.0,16452.0,35898.0,0.0194923900727959
20250904,AG2605,9858.0,9239.0,14694.0,0.0145985419464511
20250904,AG2606,9870.0,10047.0,17400.0,0.0230780981095623
20250904,AG2607,9889.0,11241.0,8052.0,0.0157647438165313
20250904,AG2608,9902.0,13602.0,18321.0,0.0
20250905,AG2509,9790.0,948.0,5786.0,0.0269360382458873
20250905,AG2510,9812.0,464003.0,241114.0,0.0085578934909245
20250905,AG2511,9819.0,12807.0,18072.0,0.0183178176311347
20250905,AG2512,9834.0,193902.0,338386.0,0.0109772838879207
20250905,AG2601,9843.0,38612.0,21791.0,0.0134030576963638
20250905,AG2602,9854.0,124470.0,92448.0,0.0109550142010226
20250905,AG2603,9863.0,4084.0,15326.0,0.0182361617589206
20250905,AG2604,9878.0,11546.0,36929.0,0.0169954504888393
20250905,AG2605,9892.0,5125.0,14768.0,0.0181827399806821
20250905,AG2606,9907.0,5173.0,17603.0,0.0193646032945358
20250905,AG2607,9923.0,2748.0,7848.0,0.0145029728601079
20250905,AG2608,9935.0,7445.0,18365.0,0.0
20250908,AG2509,9811.0,1938.0,5252.0,0.0024459845172344
20250908,AG2510,9813.0,702009.0,232496.0,0.0097789554153689
20250908,AG2511,9821.0,20593.0,17566.0,0.0170940199846226
20250908,AG2512,9835.0,364530.0,348554.0,0.0121951230007964
20250908,AG2601,9845.0,66454.0,21850.0,0.012182742163136
20250908,AG2602,9855.0,187271.0,95429.0,0.0133867464823553
20250908,AG2603,9866.0,7055.0,15136.0,0.0133718293733252
20250908,AG2604,9877.0,20789.0,38853.0,0.02548673524445
20250908,AG2605,9898.0,7742.0,14905.0,0.0145395817464277
20250908,AG2606,9910.0,8296.0,17553.0,0.0193587458802303
20250908,AG2607,9926.0,4646.0,7701.0,0.0157060178474334
20250908,AG2608,9939.0,14716.0,20600.0,0.0
20250909,AG2509,9827.0,294.0,5068.0,0.0231789834686293
20250909,AG2510,9846.0,526614.0,223011.0,0.0146163233661267
20250909,AG2511,9858.0,20668.0,17569.0,0.010950571102123
20250909,AG2512,9867.0,277038.0,352855.0,0.0121555926115273
20250909,AG2601,9877.0,49534.0,22464.0,0.0121432918680683
20250909,AG2602,9887.0,150463.0,96248.0,0.0157679307065811
20250909,AG2603,9900.0,5296.0,15086.0,0.0169577094940536
20250909,AG2604,9914.0,15384.0,43288.0,0.0205593398740725
20250909,AG2605,9931.0,5213.0,14907.0,0.0169048126165685
20250909,AG2606,9945.0,5100.0,17280.0,0.018085911486856
20250909,AG2607,9960.0,2153.0,7656.0,0.0144491287776541
20250909,AG2608,9972.0,9600.0,20666.0,0.0
20250910,AG2509,9799.0,384.0,4864.0,-0.0036744067651217
20250910,AG2510,9796.0,485859.0,212530.0,0.0073476887692136
20250910,AG2511,9802.0,14392.0,16449.0,0.0171271310550555
20250910,AG2512,9816.0,284247.0,351570.0,0.0158819061105834
20250910,AG2601,9829.0,45339.0,22410.0,0.0158609143115313
20250910,AG2602,9842.0,159442.0,97297.0,0.0170575721685293
20250910,AG2603,9856.0,5831.0,15112.0,0.0170333598507155
20250910,AG2604,9870.0,19829.0,45077.0,0.0194371372725277
20250910,AG2605,9886.0,6726.0,15393.0,0.0157695246348335
20250910,AG2606,9899.0,21014.0,24653.0,0.0254301523093333
20250910,AG2607,9920.0,11477.0,11281.0,0.0096735192662951
20250910,AG2608,9928.0,11740.0,21311.0,0.0
20250911,AG2509,9780.0,210.0,4856.0,0.022065590035885
20250911,AG2510,9798.0,301985.0,203343.0,0.0110175983256032
20250911,AG2511,9807.0,10409.0,16322.0,0.0171184051854482
20250911,AG2512,9821.0,196315.0,353668.0,0.0158738257693243
20250911,AG2601,9834.0,26682.0,22502.0,0.0146341481551342
20250911,AG2602,9846.0,97320.0,98269.0,0.0133989761675175
20250911,AG2603,9857.0,2765.0,15044.0,0.0182472537567612
20250911,AG2604,9872.0,9535.0,45151.0,0.0145778515599791
20250911,AG2605,9884.0,2537.0,15268.0,0.0206216881681668
20250911,AG2606,9901.0,4535.0,24679.0,0.0193763287633251
20250911,AG2607,9917.0,1966.0,11330.0,0.0145117421696295
20250911,AG2608,9929.0,6041.0,21546.0,0.0
20250912,AG2509,9960.0,132.0,4814.0,0.0900229278215363
20250912,AG2510,10035.0,628438.0,219328.0,0.0155355297304959
20250912,AG2511,10048.0,19685.0,17484.0,0.0155154430088487
20250912,AG2512,10061.0,485410.0,399297.0,0.0143041638075642
20250912,AG2601,10073.0,61874.0,26928.0,0.0107169443987396
20250912,AG2602,10082.0,198598.0,102075.0,0.0166518016610199
20250912,AG2603,10096.0,8549.0,15337.0,0.0118800128503135
20250912,AG2604,10106.0,17901.0,44224.0,0.018983591066032
20250912,AG2605,10122.0,6129.0,15153.0,0.0177698833005159
20250912,AG2606,10137.0,9998.0,23982.0,0.0165615168243761
20250912,AG2607,10151.0,4153.0,11160.0,0.0118156764174032
20250912,AG2608,10161.0,14002.0,21631.0,0.0
20250915,AG2509,9799.0,614.0,4840.0,0.2640397197113489
20250915,AG2510,10017.0,356647.0,204407.0,0.0155634281306047
20250915,AG2511,10030.0,11874.0,17068.0,0.017932755516642
20250915,AG2512,10045.0,274732.0,404977.0,0.0107468040418292
20250915,AG2601,10054.0,39898.0,27014.0,0.0119296162524148
20250915,AG2602,10064.0,108608.0,101426.0,0.0142999023873496
20250915,AG2603,10076.0,4321.0,15252.0,0.0154723552305407
20250915,AG2604,10089.0,9978.0,44597.0,0.0202030253216941
20250915,AG2605,10106.0,3203.0,14930.0,0.0166122838752313
20250915,AG2606,10120.0,4445.0,24233.0,0.0154051272823327
20250915,AG2607,10133.0,1882.0,11173.0,0.0153853761398126
20250915,AG2608,10146.0,7064.0,21596.0,0.0
20250916,AG2510,10108.0,387860.0,195504.0,0.0189798378831573
20250916,AG2511,10124.0,14929.0,17445.0,0.011847172450084
20250916,AG2512,10134.0,348285.0,417083.0,0.0118354876938254
20250916,AG2601,10144.0,43209.0,27305.0,0.0141871937707439
20250916,AG2602,10156.0,140203.0,106087.0,0.0165305546164386
20250916,AG2603,10170.0,5363.0,15245.0,0.0117936127428969
20250916,AG2604,10180.0,15878.0,44528.0,0.0153143887667888
20250916,AG2605,10193.0,4386.0,14832.0,0.0188216880072323
20250916,AG2606,10209.0,5389.0,24561.0,0.0176185613796067
20250916,AG2607,10224.0,2488.0,11202.0,0.0140762479483601
20250916,AG2608,10236.0,9664.0,21766.0,0.0105463607198485
20250916,AG2609,10245.0,492.0,223.0,0.0
20250917,AG2510,9906.0,457876.0,171891.0,0.0145278468107542
20250917,AG2511,9918.0,18918.0,16080.0,0.0181351099953212
20250917,AG2512,9933.0,505164.0,388338.0,0.0156949567119349
20250917,AG2601,9946.0,65870.0,26665.0,0.0108537266833547
20250917,AG2602,9955.0,201546.0,110939.0,0.0168640862928865
20250917,AG2603,9969.0,6334.0,15342.0,0.0132337473936685
20250917,AG2604,9980.0,19279.0,44703.0,0.0240240320480756
20250917,AG2605,10000.0,6084.0,14655.0,0.0143913669057862
20250917,AG2606,10012.0,7357.0,25173.0,0.0215547408517971
20250917,AG2607,10030.0,2532.0,11235.0,0.0155432692482935
20250917,AG2608,10043.0,11943.0,22059.0,0.0167164206136955
20250917,AG2609,10057.0,641.0,352.0,0.0
20250918,AG2510,9808.0,301538.0,144039.0,0.0195599065311716
20250918,AG2511,9824.0,18596.0,16746.0,0.0134289652348301
20250918,AG2512,9835.0,646031.0,395854.0,0.015851244493561
20250918,AG2601,9848.0,66070.0,26998.0,0.0133962565290224
20250918,AG2602,9859.0,218976.0,114542.0,0.0206739346803456
20250918,AG2603,9876.0,6617.0,15326.0,0.0133582971847527
20250918,AG2604,9887.0,17880.0,45125.0,0.0181919282908255
20250918,AG2605,9902.0,6484.0,14522.0,0.0205842338955056
20250918,AG2606,9919.0,8110.0,25238.0,0.0181332830556246
20250918,AG2607,9934.0,3268.0,11244.0,0.0108668317533331
20250918,AG2608,9943.0,11049.0,22531.0,0.0241133407773933
20250918,AG2609,9963.0,642.0,393.0,0.0
20250919,AG2510,9940.0,169285.0,134212.0,0.0156839111453261
20250919,AG2511,9953.0,20034.0,19568.0,0.0216823989927518
20250919,AG2512,9971.0,571883.0,433982.0,0.0168370442534728
20250919,AG2601,9985.0,59180.0,27557.0,0.0084096714659755
20250919,AG2602,9992.0,164208.0,117452.0,0.0168016829128399
20250919,AG2603,10006.0,4903.0,15265.0,0.0167781910884657
20250919,AG2604,10020.0,12905.0,45372.0,0.014362658806154
20250919,AG2605,10032.0,4593.0,14392.0,0.0215118073742391
20250919,AG2606,10050.0,4956.0,25259.0,0.0178970950400414
20250919,AG2607,10065.0,2174.0,11234.0,0.0154892539998184
20250919,AG2608,10078.0,8944.0,22505.0,0.0095219207535271
20250919,AG2609,10086.0,841.0,481.0,0.0
20251027,AG2511,11398.0,36068.0,14948.0,-0.0042112651342343
20251027,AG2512,11394.0,762347.0,341694.0,8.28348450692653e-05
20251027,AG2601,11401.0,86055.0,25523.0,0.0063152355056583
20251027,AG2602,11407.0,318175.0,173670.0,0.0157797843429472
20251027,AG2603,11422.0,8238.0,15994.0,0.0105060409735608
20251027,AG2604,11432.0,47152.0,77575.0,0.0020993701889437
20251027,AG2605,11434.0,5372.0,14135.0,0.0062970089207636
20251027,AG2606,11440.0,15283.0,29751.0,0.0167832167832164
20251027,AG2607,11456.0,1793.0,7889.0,0.0041899441340769
20251027,AG2608,11460.0,13407.0,15150.0,0.016753926701571
20251027,AG2609,11476.0,3335.0,3748.0,0.0073196235622177
20251027,AG2610,11483.0,1468.0,1741.0,0.0
20251028,AG2511,11054.0,17274.0,8968.0,-0.0054278994029313
20251028,AG2512,11049.0,1052828.0,321876.0,0.0001342335113961
20251028,AG2601,11060.0,126643.0,26825.0,0.0097649186256774
20251028,AG2602,11069.0,412808.0,175936.0,0.0086728701779748
20251028,AG2603,11077.0,12189.0,15894.0,0.0140832355330857
20251028,AG2604,11090.0,67080.0,78542.0,0.0043282236248867
20251028,AG2605,11094.0,11157.0,14524.0,0.0118983234180634
20251028,AG2606,11105.0,27100.0,31580.0,0.0086447546150383
20251028,AG2607,11113.0,2916.0,7962.0,0.0118779807432733
20251028,AG2608,11124.0,21131.0,14655.0,0.0107874865156407
20251028,AG2609,11134.0,6347.0,3652.0,0.0150889168313268
20251028,AG2610,11148.0,3250.0,2004.0,0.0
20251029,AG2511,11331.0,4923.0,7406.0,0.0074132909716704
20251029,AG2512,11338.0,747886.0,304414.0,0.0001070279719586
20251029,AG2601,11347.0,89612.0,26695.0,0.0116330307570295
20251029,AG2602,11358.0,313685.0,179509.0,0.0042260961436868
20251029,AG2603,11362.0,7812.0,15759.0,0.0126738250308031
20251029,AG2604,11374.0,43117.0,79815.0,0.0052751890276061
20251029,AG2605,11379.0,6371.0,14444.0,0.0084365937252837
20251029,AG2606,11387.0,18771.0,32918.0,0.0136998331430575
20251029,AG2607,11400.0,1445.0,7809.0,0.011578947368422
20251029,AG2608,11411.0,11515.0,14295.0,0.012619402331083
20251029,AG2609,11423.0,3268.0,3537.0,0.0084040969972871
20251029,AG2610,11431.0,2909.0,2270.0,0.0
20251030,AG2511,11247.0,3317.0,6600.0,0.0064017071218991
20251030,AG2512,11253.0,820874.0,283230.0,0.0001677455300309
20251030,AG2601,11267.0,99194.0,28177.0,0.0106505724682692
20251030,AG2602,11277.0,381484.0,191926.0,0.0085129023676513
20251030,AG2603,11285.0,7787.0,15952.0,0.0127603012848913
20251030,AG2604,11297.0,40670.0,79436.0,0.0074356023723121
20251030,AG2605,11304.0,6544.0,14350.0,0.0063694267515916
20251030,AG2606,11310.0,18292.0,33452.0,0.0159151193633961
20251030,AG2607,11325.0,1289.0,7890.0,0.0137748344370862
20251030,AG2608,11338.0,12289.0,14084.0,0.0074087140589176
20251030,AG2609,11345.0,3217.0,3491.0,0.003173204054649
20251030,AG2610,11348.0,5064.0,2875.0,0.0
20251031,AG2511,11430.0,2083.0,5869.0,0.0115485564304451
20251031,AG2512,11441.0,877344.0,279241.0,0.0001532041769743
20251031,AG2601,11454.0,105340.0,27879.0,0.0125720272393934
20251031,AG2602,11466.0,422196.0,205904.0,0.0136054421768703
20251031,AG2603,11479.0,10934.0,16102.0,0.002090774457705
20251031,AG2604,11481.0,48038.0,79815.0,0.0041808204860211
20251031,AG2605,11485.0,8212.0,14361.0,0.0146277753591643
20251031,AG2606,11499.0,21324.0,34878.0,0.0073049830420028
20251031,AG2607,11506.0,3074.0,7908.0,0.0114722753346079
20251031,AG2608,11517.0,13571.0,14613.0,0.0093774420421972
20251031,AG2609,11526.0,4141.0,3680.0,0.0010411244143684
20251031,AG2610,11527.0,5200.0,4034.0,0.0
20251103,AG2511,11450.0,1165.0,5662.0,0.0052401746724894
20251103,AG2512,11455.0,752034.0,261467.0,0.0001294758679542
20251103,AG2601,11466.0,70782.0,28585.0,0.0136054421768703
20251103,AG2602,11479.0,359871.0,219720.0,0.0177715828904965
20251103,AG2603,11496.0,8604.0,16330.0,0.0020876826722346
20251103,AG2604,11498.0,36814.0,80435.0,0.009392937902243
20251103,AG2605,11507.0,6400.0,14375.0,0.003128530459719
20251103,AG2606,11510.0,14656.0,34893.0,0.0052128583840129
20251103,AG2607,11515.0,2052.0,7808.0,0.0114633087277455
20251103,AG2608,11526.0,9763.0,14730.0,0.0135346173867789
20251103,AG2609,11539.0,2470.0,3612.0,0.0072796602825189
20251103,AG2610,11546.0,3375.0,4034.0,0.0
20251104,AG2511,11245.0,1974.0,5308.0,-0.0074699866607379
20251104,AG2512,11238.0,783853.0,257090.0,0.0001799672459612
20251104,AG2601,11253.0,66900.0,29147.0,0.0117302052785923
20251104,AG2602,11264.0,392169.0,223296.0,0.0127840909090899
20251104,AG2603,11276.0,12564.0,16482.0,0.0117062788222774
20251104,AG2604,11287.0,51091.0,80182.0,0.006379020111634
20251104,AG2605,11293.0,7435.0,14380.0,0.0116886566899854
20251104,AG2606,11304.0,16426.0,35263.0,0.0116772823779198
20251104,AG2607,11315.0,1827.0,7793.0,0.0074237737516558
20251104,AG2608,11322.0,11036.0,14659.0,0.0169581346051925
20251104,AG2609,11338.0,3429.0,3773.0,0.0031751631681071
20251104,AG2610,11341.0,4050.0,4078.0,0.0
20251105,AG2511,11279.0,310.0,5280.0,-0.0031917723202408
20251105,AG2512,11276.0,805726.0,244274.0,0.0001674033743737
20251105,AG2601,11290.0,63334.0,28388.0,0.0106288751107186
20251105,AG2602,11300.0,408628.0,225586.0,0.0127433628318591
20251105,AG2603,11312.0,12235.0,16251.0,0.0063649222065054
20251105,AG2604,11318.0,46589.0,81355.0,0.0169641279377987
20251105,AG2605,11334.0,8637.0,14440.0,0.0010587612493395
20251105,AG2606,11335.0,23152.0,35494.0,0.0201146890163217
20251105,AG2607,11354.0,2339.0,7736.0,0.0073982737361273
20251105,AG2608,11361.0,11536.0,14356.0,0.0073937153419585
20251105,AG2609,11368.0,3882.0,3548.0,0.0021111893033083
20251105,AG2610,11370.0,4514.0,4018.0,0.0
20251106,AG2511,11428.0,772.0,4628.0,-0.0010500525026251
20251106,AG2512,11427.0,571201.0,245863.0,9.439500178465536e-05
20251106,AG2601,11435.0,46614.0,28106.0,0.0178399650196769
20251106,AG2602,11452.0,329437.0,231019.0,0.0052392595179879
20251106,AG2603,11457.0,9573.0,16231.0,0.0146635244828496
20251106,AG2604,11471.0,30889.0,81803.0,0.0020922325865226
20251106,AG2605,11473.0,6585.0,14545.0,0.0135971411139186
20251106,AG2606,11486.0,16794.0,36414.0,0.0125370015671242
20251106,AG2607,11498.0,1547.0,7788.0,0.0052182988345803
20251106,AG2608,11503.0,9187.0,14580.0,0.0010432061201415
20251106,AG2609,11504.0,2348.0,3674.0,0.0083449235048691
20251106,AG2610,11512.0,2859.0,4180.0,0.0
20251107,AG2511,11481.0,682.0,4564.0,0.0031356153645152
20251107,AG2512,11484.0,684427.0,245517.0,0.0001291489086917
20251107,AG2601,11495.0,48276.0,27553.0,0.0125271857329281
20251107,AG2602,11507.0,404015.0,238766.0,0.0062570609194407
20251107,AG2603,11513.0,9603.0,16181.0,0.0114653000955442
20251107,AG2604,11524.0,39634.0,82949.0,0.0052065255119755
20251107,AG2605,11529.0,7290.0,14752.0,0.009367681498829
20251107,AG2606,11538.0,19566.0,38124.0,0.0072802912116491
20251107,AG2607,11545.0,1978.0,7743.0,0.0093546990038966
20251107,AG2608,11554.0,8920.0,14763.0,0.0072702094512733
20251107,AG2609,11561.0,2790.0,3651.0,0.0145316149122045
20251107,AG2610,11575.0,3929.0,4236.0,0.0
20251110,AG2511,11750.0,1414.0,4288.0,-0.0316595744680845
20251110,AG2512,11719.0,1015910.0,243217.0,0.0001150537252958
20251110,AG2601,11729.0,79534.0,26197.0,0.0143234717367199
20251110,AG2602,11743.0,630366.0,253871.0,0.0081750830281865
20251110,AG2603,11751.0,17658.0,16395.0,0.0081695174878726
20251110,AG2604,11759.0,56154.0,83737.0,0.0091844544604127
20251110,AG2605,11768.0,12891.0,14954.0,0.0050985723997287
20251110,AG2606,11773.0,25712.0,38815.0,0.0061156884396513
20251110,AG2607,11779.0,2916.0,7798.0,0.0152814330588331
20251110,AG2608,11794.0,18889.0,15326.0,0.0071222655587579
20251110,AG2609,11801.0,5110.0,3715.0,0.0050843148885677
20251110,AG2610,11806.0,7022.0,4471.0,0.0
20251111,AG2511,11920.0,258.0,4082.0,-0.0402684563758395
20251111,AG2512,11880.0,675734.0,233702.0,0.0001815911928271
20251111,AG2601,11896.0,49923.0,27105.0,0.0110961667787483
20251111,AG2602,11907.0,520056.0,271157.0,0.0120937263794402
20251111,AG2603,11919.0,12773.0,16488.0,0.0070475711049597
20251111,AG2604,11926.0,53117.0,85868.0,0.0090558443736377
20251111,AG2605,11935.0,12341.0,15368.0,0.0060326770004195
20251111,AG2606,11941.0,21543.0,40048.0,0.0030148228791571
20251111,AG2607,11944.0,2364.0,7796.0,0.009042196918954
20251111,AG2608,11953.0,13472.0,15623.0,0.0090353886053717
20251111,AG2609,11962.0,4082.0,3592.0,0.0090285905366984
20251111,AG2610,11971.0,4477.0,4477.0,0.0
20251112,AG2511,12030.0,206.0,3986.0,0.0428927680797999
20251112,AG2512,12073.0,669617.0,235542.0,0.0001563522280657
20251112,AG2601,12087.0,52476.0,27185.0,0.0109208240258125
20251112,AG2602,12098.0,604834.0,290034.0,0.0089270953876665
20251112,AG2603,12107.0,14330.0,16013.0,0.0128851077888816
20251112,AG2604,12120.0,72596.0,91122.0,0.0059405940594059
20251112,AG2605,12126.0,11739.0,14992.0,0.0049480455220196
20251112,AG2606,12131.0,29923.0,40442.0,0.00395680488006
20251112,AG2607,12135.0,2946.0,7714.0,0.0079110012360938
20251112,AG2608,12143.0,12909.0,15872.0,0.0138351313513958
20251112,AG2609,12157.0,4106.0,3530.0,0.0029612568890362
20251112,AG2610,12160.0,5294.0,4725.0,0.0
20251113,AG2511,12540.0,154.0,3986.0,0.0459330143540661
20251113,AG2512,12588.0,1130701.0,231753.0,9.639999571556725e-05
20251113,AG2601,12597.0,95987.0,27573.0,0.0123839009287918
20251113,AG2602,12610.0,1012852.0,320013.0,0.0161776367961934
20251113,AG2603,12627.0,23761.0,16439.0,0.0009503444998815
20251113,AG2604,12628.0,123807.0,89140.0,0.0057016154577143
20251113,AG2605,12634.0,20104.0,15067.0,0.0056989077093554
20251113,AG2606,12640.0,47214.0,44921.0,0.0104430379746842
20251113,AG2607,12651.0,5235.0,7698.0,0.0018970832345273
20251113,AG2608,12653.0,27376.0,16423.0,0.016122658658026
20251113,AG2609,12670.0,10342.0,4531.0,0.0
20251113,AG2610,12670.0,12561.0,5418.0,0.0
20251114,AG2511,12370.0,100.0,3892.0,-0.0184316895715435
20251114,AG2512,12351.0,1026209.0,210326.0,0.0001419163621378
20251114,AG2601,12364.0,72885.0,27688.0,0.0106761565836288
20251114,AG2602,12375.0,1038750.0,313877.0,0.0096969696969697
20251114,AG2603,12385.0,24130.0,16903.0,0.0067823980621719
20251114,AG2604,12392.0,105529.0,92107.0,0.0193673337637179
20251114,AG2605,12412.0,19139.0,14495.0,0.005800837898807
20251114,AG2606,12418.0,46598.0,48835.0,0.0067643742953782
20251114,AG2607,12425.0,4070.0,8155.0,0.0048289738430575
20251114,AG2608,12430.0,23923.0,16360.0,0.0135156878519699
20251114,AG2609,12444.0,6557.0,4830.0,0.0077145612343301
20251114,AG2610,12452.0,10139.0,5485.0,0.0
20251117,AG2511,11920.0,210.0,3844.0,-0.0130872483221482
20251117,AG2512,11907.0,797943.0,163624.0,0.0001698557075764
20251117,AG2601,11922.0,83432.0,23015.0,0.011071967790639
20251117,AG2602,11933.0,1558545.0,311515.0,0.0050280734098722
20251117,AG2603,11938.0,36917.0,17231.0,0.0070363544982416
20251117,AG2604,11945.0,142467.0,92869.0,0.0140644621180419
20251117,AG2605,11959.0,22901.0,14046.0,0.0060205702817972
20251117,AG2606,11965.0,67004.0,45721.0,0.021061429168407
20251117,AG2607,11986.0,8599.0,9011.0,0.0040046721174711
20251117,AG2608,11990.0,51922.0,21723.0,0.0100083402835693
20251117,AG2609,12000.0,9952.0,5158.0,0.0039999999999995
20251117,AG2610,12004.0,11714.0,5436.0,0.0
20251118,AG2512,11687.0,361112.0,151935.0,8.075812652684494e-05
20251118,AG2601,11694.0,49002.0,23920.0,0.0051308363263204
20251118,AG2602,11699.0,1157926.0,322401.0,0.0041029147790396
20251118,AG2603,11703.0,20700.0,17736.0,0.0102537810817748
20251118,AG2604,11713.0,91510.0,97427.0,0.017416545718432
20251118,AG2605,11730.0,13578.0,14404.0,0.0102301790281327
20251118,AG2606,11740.0,29771.0,48120.0,0.0
20251118,AG2607,11740.0,3070.0,9353.0,0.0163543441226581
20251118,AG2608,11756.0,20394.0,23255.0,0.0153113303844856
20251118,AG2609,11771.0,4386.0,5337.0,0.0091750913261394
20251118,AG2610,11780.0,6711.0,5551.0,0.0132427843803064
20251118,AG2611,11793.0,296.0,71.0,0.0
20251119,AG2512,12141.0,332666.0,136943.0,-2.2210931665294265e-05
20251119,AG2601,12139.0,45471.0,23710.0,0.0088969437350678
20251119,AG2602,12148.0,1360286.0,340206.0,0.0069147184721769
20251119,AG2603,12155.0,24867.0,18078.0,0.0059234882764291
20251119,AG2604,12161.0,96486.0,98349.0,0.0088808486144236
20251119,AG2605,12170.0,13915.0,14815.0,0.0049301561216106
20251119,AG2606,12175.0,37478.0,50574.0,0.0137987679671454
20251119,AG2607,12189.0,2569.0,9299.0,0.0039379768643854
20251119,AG2608,12193.0,17623.0,24181.0,0.0049208562289839
20251119,AG2609,12198.0,5442.0,5195.0,0.0088539104771268
20251119,AG2610,12207.0,6615.0,6007.0,0.0167117227820092
20251119,AG2611,12224.0,494.0,159.0,0.0
20251120,AG2512,12046.0,363600.0,130630.0,0.0
20251120,AG2601,12046.0,52053.0,23378.0,0.0039847252199907
20251120,AG2602,12050.0,1878447.0,349596.0,0.0019917012448127
20251120,AG2603,12052.0,27872.0,17888.0,-0.0079654829074016
20251120,AG2604,12044.0,145139.0,106355.0,0.0079707738292915
20251120,AG2605,12052.0,19385.0,14657.0,0.0
20251120,AG2606,12052.0,47577.0,52417.0,0.0119482243611024
20251120,AG2607,12064.0,4566.0,9140.0,0.0079575596816967
20251120,AG2608,12072.0,25422.0,25394.0,0.0129224652087485
20251120,AG2609,12085.0,7005.0,5247.0,-0.0069507654116676
20251120,AG2610,12078.0,9276.0,6441.0,0.0198708395429694
20251120,AG2611,12098.0,543.0,261.0,0.0
20251121,AG2512,11696.0,349883.0,114783.0,-3.45839929909766e-05
20251121,AG2601,11693.0,66677.0,22371.0,-0.0133413153168562
20251121,AG2602,11680.0,2141453.0,346638.0,-0.0020547945205473
20251121,AG2603,11678.0,42786.0,16785.0,-0.0123308785750988
20251121,AG2604,11666.0,175268.0,102361.0,0.0010286302074407
20251121,AG2605,11667.0,23943.0,14832.0,-0.0092568783749036
20251121,AG2606,11658.0,64803.0,51417.0,-0.0082346886258362
20251121,AG2607,11650.0,7464.0,7945.0,0.0113304721030029
20251121,AG2608,11661.0,50420.0,21280.0,-0.0082325701054797
20251121,AG2609,11653.0,11049.0,4518.0,0.0123573328756556
20251121,AG2610,11665.0,14461.0,7492.0,0.013373339048436
20251121,AG2611,11678.0,826.0,463.0,0.0
20251124,AG2512,11810.0,268401.0,102061.0,9.133375828901704e-05
20251124,AG2601,11818.0,42048.0,22543.0,-0.0101540023692665
20251124,AG2602,11808.0,1574854.0,347468.0,0.0
20251124,AG2603,11808.0,24039.0,16447.0,-0.0101626016260158
20251124,AG2604,11798.0,106135.0,98689.0,-0.0040684861840993
20251124,AG2605,11794.0,14036.0,14641.0,0.0
20251124,AG2606,11794.0,37557.0,52870.0,-0.0081397320671521
20251124,AG2607,11786.0,5645.0,6559.0,0.0030544714067541
20251124,AG2608,11789.0,20871.0,21479.0,-0.0010178980405468
20251124,AG2609,11788.0,4760.0,4559.0,0.0162877502544969
20251124,AG2610,11804.0,9244.0,7570.0,-0.004066418163334
20251124,AG2611,11800.0,620.0,541.0,0.0
20251125,AG2512,12130.0,146623.0,79922.0,0.0
20251125,AG2601,12130.0,40352.0,21448.0,-0.0029678483099746
20251125,AG2602,12127.0,1369380.0,366660.0,0.0029685825018566
20251125,AG2603,12130.0,26623.0,16435.0,-0.0108821104699088
20251125,AG2604,12119.0,106136.0,99312.0,-0.0049509035398966
20251125,AG2605,12114.0,13794.0,14480.0,0.0
20251125,AG2606,12114.0,37105.0,53895.0,-0.0009905894006934
20251125,AG2607,12113.0,2110.0,6597.0,-0.0009906711797236
20251125,AG2608,12112.0,21760.0,20290.0,0.0059445178335542
20251125,AG2609,12118.0,4464.0,4303.0,-0.002970787258623
20251125,AG2610,12115.0,7081.0,7603.0,0.0089145687164675
20251125,AG2611,12124.0,977.0,615.0,0.0
20251126,AG2512,12220.0,122982.0,69820.0,9.930303977638007e-05
20251126,AG2601,12229.0,46153.0,22463.0,-0.0019625480415399
20251126,AG2602,12227.0,1643769.0,385232.0,-0.0019628690602768
20251126,AG2603,12225.0,30555.0,16661.0,-0.0058895705521466
20251126,AG2604,12219.0,115295.0,99755.0,-0.0068745396513625
20251126,AG2605,12212.0,17334.0,14468.0,-0.0039305601048149
20251126,AG2606,12208.0,40533.0,56071.0,-0.0078636959370905
20251126,AG2607,12200.0,1721.0,6639.0,0.0078688524590173
20251126,AG2608,12208.0,19721.0,20360.0,0.0
20251126,AG2609,12208.0,4200.0,4236.0,0.0009829619921353
20251126,AG2610,12209.0,8364.0,7727.0,0.0029486444426236
20251126,AG2611,12212.0,793.0,646.0,0.0
20251127,AG2512,12511.0,103921.0,58608.0,5.388516532418264e-05
20251127,AG2601,12516.0,47538.0,22313.0,0.0086289549376799
20251127,AG2602,12525.0,1827650.0,427960.0,-0.007664670658682
20251127,AG2603,12517.0,44131.0,18777.0,-0.0239674043301114
20251127,AG2604,12492.0,153497.0,105478.0,-0.003842459173871
20251127,AG2605,12488.0,16170.0,14568.0,-0.015374759769378
20251127,AG2606,12472.0,47849.0,59873.0,-0.0019243104554198
20251127,AG2607,12470.0,8845.0,6108.0,0.0
20251127,AG2608,12470.0,23366.0,21683.0,-0.0048115477145147
20251127,AG2609,12465.0,4819.0,3768.0,0.0115523465703963
20251127,AG2610,12477.0,8987.0,7912.0,0.0057706179370047
20251127,AG2611,12483.0,1129.0,776.0,0.0
20251128,AG2512,12724.0,68399.0,47210.0,-0.0001165628786085
20251128,AG2601,12713.0,46363.0,22736.0,0.0132148194761274
20251128,AG2602,12727.0,1631347.0,467799.0,-0.0132002828632047
20251128,AG2603,12713.0,30329.0,17312.0,-0.0264296389522535
20251128,AG2604,12685.0,148641.0,107382.0,-0.02837997635002
20251128,AG2605,12655.0,20448.0,17116.0,-0.0009482418016593
20251128,AG2606,12654.0,46997.0,63252.0,-0.0066382171645336
20251128,AG2607,12647.0,4101.0,6254.0,0.006641891357634
20251128,AG2608,12654.0,24021.0,23220.0,-0.0123281175912759
20251128,AG2609,12641.0,4086.0,3669.0,0.0018985839727863
20251128,AG2610,12643.0,7745.0,8055.0,-0.0018982836352128
20251128,AG2611,12641.0,1936.0,967.0,0.0
20251201,AG2512,13282.0,43548.0,38724.0,-0.000121817311255
20251201,AG2601,13270.0,88123.0,22155.0,0.0072343632253204
20251201,AG2602,13278.0,2703384.0,473217.0,-0.011748757342973
20251201,AG2603,13265.0,83086.0,15218.0,0.004523181304183
20251201,AG2604,13270.0,434169.0,115403.0,-0.0081386586284848
20251201,AG2605,13261.0,42877.0,17776.0,0.0018098182640828
20251201,AG2606,13263.0,117695.0,70504.0,0.0036190907034603
20251201,AG2607,13267.0,10204.0,6487.0,0.0018089997738739
20251201,AG2608,13269.0,50443.0,26245.0,0.0018087271082984
20251201,AG2609,13271.0,14221.0,4117.0,-0.0090422726245198
20251201,AG2610,13261.0,25942.0,7971.0,0.0162883643767433
20251201,AG2611,13279.0,5613.0,1494.0,0.0
20251202,AG2512,13417.0,25782.0,34710.0,0.0
20251202,AG2601,13417.0,83076.0,21929.0,0.005366326302453
20251202,AG2602,13423.0,2464589.0,459321.0,-0.0026819637934893
20251202,AG2603,13420.0,88310.0,17933.0,-0.0080476900149029
20251202,AG2604,13411.0,518510.0,115340.0,0.0026843635821345
20251202,AG2605,13414.0,51720.0,19331.0,-0.0125242284180711
20251202,AG2606,13400.0,99872.0,71911.0,0.008059701492538
20251202,AG2607,13409.0,8898.0,6418.0,-0.0026847639645017
20251202,AG2608,13406.0,50451.0,29032.0,0.000895121587348
20251202,AG2609,13407.0,10305.0,4346.0,0.0134258223316168
20251202,AG2610,13422.0,20442.0,9108.0,-0.001788109074654
20251202,AG2611,13420.0,5805.0,1714.0,0.0
20251203,AG2512,13575.0,23526.0,31524.0,9.932335961274043e-06
20251203,AG2601,13576.0,81038.0,22190.0,0.005303476723629
20251203,AG2602,13582.0,2664403.0,458527.0,0.0017670446178765
20251203,AG2603,13584.0,94857.0,18785.0,-0.0097173144876325
20251203,AG2604,13573.0,604397.0,119658.0,-0.002652324467693
20251203,AG2605,13570.0,40981.0,19870.0,0.0008843036109054
20251203,AG2606,13571.0,95904.0,74550.0,-0.00176847689927
20251203,AG2607,13569.0,6255.0,6439.0,0.0035374751271284
20251203,AG2608,13573.0,38413.0,29011.0,-0.0017682163117958
20251203,AG2609,13571.0,10584.0,4360.0,0.0017684768992713
20251203,AG2610,13573.0,20383.0,9505.0,0.0097251897148762
20251203,AG2611,13584.0,6082.0,1831.0,0.0
20251204,AG2512,13414.0,19662.0,27706.0,3.0154643061174937e-05
20251204,AG2601,13417.0,67227.0,23021.0,0.0062607140195272
20251204,AG2602,13424.0,2280887.0,452403.0,-0.0035756853396904
20251204,AG2603,13420.0,91213.0,20098.0,-0.0035767511177349
20251204,AG2604,13416.0,624414.0,119825.0,-0.0044722719141327
20251204,AG2605,13411.0,44124.0,19829.0,0.0035791514428442
20251204,AG2606,13415.0,96302.0,75575.0,-0.005367126351099
20251204,AG2607,13409.0,5506.0,6195.0,0.0035796852860006
20251204,AG2608,13413.0,36741.0,29144.0,0.0053679266383355
20251204,AG2609,13419.0,11073.0,4192.0,0.0017885088307636
20251204,AG2610,13421.0,19080.0,9955.0,0.0026823634602477
20251204,AG2611,13424.0,6238.0,1814.0,0.0
20251205,AG2512,13669.0,14580.0,25562.0,8.877629278420776e-05
20251205,AG2601,13678.0,51234.0,22193.0,0.0078958912121658
20251205,AG2602,13687.0,1704214.0,452319.0,-0.000876744355958
20251205,AG2603,13686.0,73824.0,20416.0,-0.0017536168347218
20251205,AG2604,13684.0,557602.0,124507.0,-0.0035077462730193
20251205,AG2605,13680.0,32579.0,19799.0,0.0
20251205,AG2606,13680.0,72851.0,76857.0,0.0061403508771942
20251205,AG2607,13687.0,3688.0,6193.0,-0.0043837217797904
20251205,AG2608,13682.0,29598.0,29847.0,-0.0070165180529166
20251205,AG2609,13674.0,8144.0,4074.0,0.0149188240456332
20251205,AG2610,13691.0,14083.0,10223.0,-0.0008764882039291
20251205,AG2611,13690.0,4569.0,1887.0,0.0
20251208,AG2512,13691.0,18050.0,20186.0,9.848182066634744e-06
20251208,AG2601,13692.0,55071.0,22539.0,0.0122699386503057
20251208,AG2602,13706.0,2033731.0,435755.0,-0.0008755289654165
20251208,AG2603,13705.0,104832.0,20795.0,0.0026267785479747
20251208,AG2604,13708.0,680641.0,132179.0,-0.0026262036766855
20251208,AG2605,13705.0,40321.0,20158.0,-0.0017511856986507
20251208,AG2606,13703.0,93679.0,82295.0,-0.0008757206451139
20251208,AG2607,13702.0,6847.0,6380.0,0.0052547073419946
20251208,AG2608,13708.0,37561.0,30498.0,0.0078786110300566
20251208,AG2609,13717.0,10029.0,4072.0,-0.0034993074287386
20251208,AG2610,13713.0,16827.0,10238.0,0.0105009844672938
20251208,AG2611,13725.0,5692.0,2046.0,0.0
20251209,AG2512,13600.0,2524.0,18604.0,-2.974223397224347e-05
20251209,AG2601,13597.0,31076.0,22831.0,0.0088254762079875
20251209,AG2602,13607.0,1309030.0,417326.0,0.0044094951128101
20251209,AG2603,13612.0,74498.0,21120.0,-0.0026447252424333
20251209,AG2604,13609.0,492162.0,133147.0,0.0052906165037853
20251209,AG2605,13615.0,32358.0,20203.0,-0.0035255233198672
20251209,AG2606,13611.0,60278.0,83807.0,-0.002644919550363
20251209,AG2607,13608.0,3210.0,6347.0,0.0097001763668433
20251209,AG2608,13619.0,23386.0,30844.0,0.0079300976576845
20251209,AG2609,13628.0,6349.0,4058.0,0.0008805400645721
20251209,AG2610,13629.0,10554.0,10188.0,-0.0008804754567464
20251209,AG2611,13628.0,3483.0,2159.0,0.0
20251210,AG2512,14369.0,10560.0,8972.0,-4.691748231407034e-05
20251210,AG2601,14364.0,50547.0,23129.0,0.007518796992481
20251210,AG2602,14373.0,1814842.0,450557.0,0.003339595074097
20251210,AG2603,14377.0,100735.0,22365.0,-0.0041733324059265
20251210,AG2604,14372.0,634056.0,139533.0,0.0008349568605634
20251210,AG2605,14373.0,55295.0,22074.0,-0.0066791901481941
20251210,AG2606,14365.0,94552.0,85868.0,-0.0033414549251649
20251210,AG2607,14361.0,6779.0,6890.0,0.012533946104031
20251210,AG2608,14376.0,36559.0,30682.0,-0.0041736227045077
20251210,AG2609,14371.0,12820.0,4827.0,0.0058451047247931
20251210,AG2610,14378.0,25953.0,12493.0,0.004173042147725
20251210,AG2611,14383.0,6922.0,2397.0,0.0
20251211,AG2512,14473.0,1996.0,8292.0,1.863213717601369e-05
20251211,AG2601,14475.0,41994.0,21484.0,0.0107772020725382
20251211,AG2602,14488.0,1633505.0,423172.0,0.0041413583655431
20251211,AG2603,14493.0,88185.0,23480.0,0.0
20251211,AG2604,14493.0,605275.0,145053.0,0.0008279859242392
20251211,AG2605,14494.0,41732.0,22249.0,-0.0074513591831109
20251211,AG2606,14485.0,86899.0,90784.0,0.0057991025198491
20251211,AG2607,14492.0,5624.0,7004.0,0.006624344465913
20251211,AG2608,14500.0,40901.0,30895.0,0.0008275862068973
20251211,AG2609,14501.0,9835.0,4652.0,-0.0008275291359214
20251211,AG2610,14500.0,19587.0,12036.0,0.0091034482758631
20251211,AG2611,14511.0,7321.0,2705.0,0.0
20251212,AG2512,14900.0,1294.0,7402.0,-0.0001266872784857
20251212,AG2601,14886.0,41639.0,20222.0,0.004836759371221
20251212,AG2602,14892.0,1726584.0,414777.0,0.0040290088638199
20251212,AG2603,14897.0,102505.0,22985.0,-0.0008055313150299
20251212,AG2604,14896.0,686677.0,150474.0,0.0048335123523086
20251212,AG2605,14902.0,51686.0,22345.0,-0.0072473493490807
20251212,AG2606,14893.0,84212.0,92303.0,0.0088632243335782
20251212,AG2607,14904.0,3841.0,7093.0,0.001610305958132
20251212,AG2608,14906.0,34961.0,30885.0,0.0104655843284575
20251212,AG2609,14919.0,9221.0,4602.0,-0.0112608083651712
20251212,AG2610,14905.0,18294.0,12360.0,0.0128815833612891
20251212,AG2611,14921.0,5705.0,2792.0,0.0
20251215,AG2512,14810.0,522.0,7206.0,-0.0002093938957127
20251215,AG2601,14787.0,60188.0,18086.0,0.0048691418137565
20251215,AG2602,14793.0,2357226.0,381828.0,0.0089231393226523
20251215,AG2603,14804.0,146863.0,24052.0,0.0032423669278562
20251215,AG2604,14808.0,1028837.0,160753.0,0.0040518638573736
20251215,AG2605,14813.0,75193.0,22976.0,-0.0064807938972517
20251215,AG2606,14805.0,143433.0,97181.0,0.0121580547112456
20251215,AG2607,14820.0,11553.0,7099.0,0.0016194331983809
20251215,AG2608,14822.0,55889.0,30870.0,0.0064768587235182
20251215,AG2609,14830.0,16793.0,5536.0,0.0040458530006732
20251215,AG2610,14835.0,38014.0,14719.0,0.0056622851365011
20251215,AG2611,14842.0,11586.0,3360.0,0.0
20251216,AG2601,14654.0,38080.0,17354.0,0.0098266684864194
20251216,AG2602,14666.0,1571376.0,364062.0,0.0090004091095039
20251216,AG2603,14677.0,101539.0,24586.0,0.0
20251216,AG2604,14677.0,768216.0,165470.0,0.0032704231109903
20251216,AG2605,14681.0,46674.0,22725.0,-0.0040869150602818
20251216,AG2606,14676.0,90905.0,99281.0,0.0098119378577266
20251216,AG2607,14688.0,7473.0,7051.0,0.00326797385621
20251216,AG2608,14692.0,34403.0,30903.0,0.0057173972229795
20251216,AG2609,14699.0,12399.0,5795.0,0.0048982924008447
20251216,AG2610,14705.0,18487.0,14898.0,0.0122407344440658
20251216,AG2611,14720.0,7419.0,3538.0,0.008152173913043
20251216,AG2612,14730.0,671.0,283.0,0.0
20251217,AG2601,15497.0,43177.0,18292.0,0.0116151513196109
20251217,AG2602,15512.0,1627068.0,388994.0,0.0046415678184628
20251217,AG2603,15518.0,105552.0,23918.0,0.0
20251217,AG2604,15518.0,818621.0,172641.0,0.0030931821110975
20251217,AG2605,15522.0,55418.0,22853.0,-0.0046385775028996
20251217,AG2606,15516.0,112954.0,102645.0,0.0177880897138447
20251217,AG2607,15539.0,12155.0,8025.0,-0.0092670055988164
20251217,AG2608,15527.0,43197.0,32569.0,0.0115927094738186
20251217,AG2609,15542.0,15892.0,7505.0,0.0054047098185572
20251217,AG2610,15549.0,29630.0,17259.0,0.0046305228632057
20251217,AG2611,15555.0,8212.0,3548.0,0.003857280617165
20251217,AG2612,15560.0,1091.0,482.0,0.0
20251218,AG2601,15505.0,32939.0,18284.0,0.0123831022250886
20251218,AG2602,15521.0,1571738.0,363402.0,0.0046388763610591
20251218,AG2603,15527.0,91988.0,24289.0,0.0007728472982542
20251218,AG2604,15528.0,802753.0,178131.0,0.0038639876352393
20251218,AG2605,15533.0,47556.0,22557.0,-0.0038627438357052
20251218,AG2606,15528.0,101520.0,105563.0,0.0023183925811425
20251218,AG2607,15531.0,8586.0,7926.0,0.0069538342669508
20251218,AG2608,15540.0,40896.0,33299.0,0.0154440154440145
20251218,AG2609,15560.0,10733.0,7980.0,-0.0015424164524415
20251218,AG2610,15558.0,18858.0,17514.0,0.0107983031237939
20251218,AG2611,15572.0,7148.0,3545.0,0.0115592088363731
20251218,AG2612,15587.0,1455.0,778.0,0.0
20251219,AG2601,15359.0,40261.0,17662.0,0.0132821147210107
20251219,AG2602,15376.0,1904227.0,337467.0,0.0039021852237262
20251219,AG2603,15381.0,111249.0,23811.0,0.0007801833430844
20251219,AG2604,15382.0,1017174.0,180952.0,0.0015602652450921
20251219,AG2605,15384.0,62590.0,22939.0,0.0
20251219,AG2606,15384.0,142997.0,110743.0,-0.0062402496099842
20251219,AG2607,15376.0,19212.0,11210.0,0.0109261186264317
20251219,AG2608,15390.0,51876.0,34364.0,0.0023391812865503
20251219,AG2609,15393.0,19713.0,9646.0,0.0077957513155322
20251219,AG2610,15403.0,22785.0,18175.0,0.0179185872881912
20251219,AG2611,15426.0,8107.0,3791.0,-0.0007779074290152
20251219,AG2612,15425.0,2965.0,1186.0,0.0
20251222,AG2601,16195.0,49059.0,17427.0,0.0111145415251607
20251222,AG2602,16210.0,1704712.0,341431.0,0.0059222702035786
20251222,AG2603,16218.0,100448.0,23241.0,0.0
20251222,AG2604,16218.0,954625.0,186132.0,0.0
20251222,AG2605,16218.0,60470.0,22923.0,0.0
20251222,AG2606,16218.0,126820.0,112349.0,-0.0088790233074367
20251222,AG2607,16206.0,9761.0,11052.0,0.0059237319511282
20251222,AG2608,16214.0,49182.0,37354.0,-0.0051807080300978
20251222,AG2609,16207.0,12777.0,9297.0,0.0096254704757194
20251222,AG2610,16220.0,23419.0,19016.0,0.0110974106041936
20251222,AG2611,16235.0,8256.0,3687.0,0.0
20251222,AG2612,16235.0,3042.0,1643.0,0.0
20251223,AG2601,16437.0,28203.0,16247.0,0.0029202409198765
20251223,AG2602,16441.0,1230157.0,340510.0,0.0087585913265622
20251223,AG2603,16453.0,77429.0,23703.0,0.0
20251223,AG2604,16453.0,804372.0,189580.0,0.0036467513523357
20251223,AG2605,16458.0,51095.0,23173.0,-0.0051039008384976
20251223,AG2606,16451.0,102655.0,116406.0,-0.0007294389398824
20251223,AG2607,16450.0,9950.0,11081.0,0.0036474164133739
20251223,AG2608,16455.0,41100.0,38982.0,0.0029170464904275
20251223,AG2609,16459.0,9033.0,8981.0,0.0007290843915184
20251223,AG2610,16460.0,21267.0,20311.0,0.0058323207776416
20251223,AG2611,16468.0,7305.0,3898.0,0.0014573718727231
20251223,AG2612,16470.0,4147.0,2032.0,0.0
20251224,AG2601,17610.0,51967.0,11811.0,-0.0006814310051108
20251224,AG2602,17609.0,1367254.0,348865.0,0.0040888182179559
20251224,AG2603,17615.0,152000.0,23798.0,-0.0074936133976728
20251224,AG2604,17604.0,1192255.0,199441.0,0.0034083162917522
20251224,AG2605,17609.0,107859.0,23791.0,-0.0034073485149641
20251224,AG2606,17604.0,212208.0,116122.0,0.0068166325835044
20251224,AG2607,17614.0,23051.0,13510.0,-0.0027251050300898
20251224,AG2608,17610.0,99802.0,41439.0,-0.0047700170357747
20251224,AG2609,17603.0,29142.0,11766.0,0.0088621257740149
20251224,AG2610,17616.0,45530.0,22028.0,0.0006811989100823
20251224,AG2611,17617.0,14048.0,4256.0,-0.0020434807288411
20251224,AG2612,17614.0,6155.0,2393.0,0.0
20251225,AG2601,17381.0,79798.0,22915.0,0.0110465450779599
20251225,AG2602,17397.0,1313979.0,304054.0,0.0062079668908436
20251225,AG2603,17406.0,154553.0,24529.0,0.0013788348845222
20251225,AG2604,17408.0,1324140.0,199226.0,0.0020680147058831
20251225,AG2605,17411.0,119201.0,24382.0,-0.0082706335075526
20251225,AG2606,17399.0,195540.0,116139.0,0.0
20251225,AG2607,17399.0,13808.0,13741.0,0.0027587792401861
20251225,AG2608,17403.0,89034.0,42626.0,0.0006895362868473
20251225,AG2609,17404.0,19181.0,12280.0,0.0041369800045973
20251225,AG2610,17410.0,29428.0,21915.0,-0.0048248133256749
20251225,AG2611,17403.0,11113.0,5141.0,0.0027581451473892
20251225,AG2612,17407.0,5724.0,2761.0,0.0
20251226,AG2601,18328.0,39905.0,8944.0,-0.0058926233085982
20251226,AG2602,18319.0,985258.0,279633.0,0.0058955183143174
20251226,AG2603,18328.0,140658.0,24903.0,-0.0130947184635523
20251226,AG2604,18308.0,1207605.0,217602.0,0.0078654140266545
20251226,AG2605,18320.0,108164.0,24142.0,-0.0098253275109168
20251226,AG2606,18305.0,211155.0,114838.0,0.0
20251226,AG2607,18305.0,18646.0,14828.0,0.0078667030865879
20251226,AG2608,18317.0,93488.0,43052.0,0.0019653873450895
20251226,AG2609,18320.0,21382.0,13876.0,0.0032751091703069
20251226,AG2610,18325.0,36264.0,22839.0,0.0124420190995904
20251226,AG2611,18344.0,10361.0,5859.0,0.0071958133449632
20251226,AG2612,18355.0,11199.0,4207.0,0.0
20251229,AG2601,18285.0,26844.0,5670.0,-0.0525020508613622
20251229,AG2602,18205.0,1442805.0,225916.0,0.0112057127162854
20251229,AG2603,18222.0,239326.0,23999.0,-0.0138294369443525
20251229,AG2604,18201.0,2328363.0,216399.0,0.011867479808802
20251229,AG2605,18219.0,185777.0,24966.0,-0.0039519183270217
20251229,AG2606,18213.0,365473.0,110082.0,0.0164717509471259
20251229,AG2607,18238.0,33320.0,15211.0,-0.0006579668823341
20251229,AG2608,18237.0,164023.0,43779.0,0.0039480177660795
20251229,AG2609,18243.0,34099.0,14058.0,-0.0013155730965301
20251229,AG2610,18241.0,59357.0,25871.0,0.0256564881311325
20251229,AG2611,18280.0,21106.0,7976.0,0.0177242888402631
20251229,AG2612,18307.0,30153.0,8380.0,0.0
20251230,AG2601,18225.0,13339.0,4164.0,-0.0559670781893002
20251230,AG2602,18140.0,1127485.0,195074.0,-0.0099228224917307
20251230,AG2603,18125.0,213419.0,23670.0,-0.0119172413793102
20251230,AG2604,18107.0,2059507.0,225839.0,-0.0079527254652895
20251230,AG2605,18095.0,195435.0,24794.0,0.0092843326885887
20251230,AG2606,18109.0,292684.0,108293.0,0.0019879617869573
20251230,AG2607,18112.0,18664.0,15086.0,-0.0046378091872791
20251230,AG2608,18105.0,131730.0,42398.0,0.007290803645402
20251230,AG2609,18116.0,22651.0,13903.0,0.0006623978803279
20251230,AG2610,18117.0,43919.0,26358.0,0.0039741679085949
20251230,AG2611,18123.0,12479.0,8727.0,0.0059592782651884
20251230,AG2612,18132.0,23398.0,9233.0,0.0
20251231,AG2601,16867.0,7752.0,2608.0,0.1679018201221325
20251231,AG2602,17103.0,735853.0,146798.0,-0.0161375197333804
20251231,AG2603,17080.0,188459.0,22502.0,-0.0042154566744732
20251231,AG2604,17074.0,2299506.0,222892.0,-0.0035141150286981
20251231,AG2605,17069.0,166585.0,24373.0,0.0035151444138499
20251231,AG2606,17074.0,253934.0,104920.0,-0.002811292022959
20251231,AG2607,17070.0,17346.0,14662.0,-0.0091388400702983
20251231,AG2608,17057.0,115854.0,44538.0,0.0077387582810564
20251231,AG2609,17068.0,21411.0,13605.0,0.0049214905085541
20251231,AG2610,17075.0,43445.0,25043.0,-0.0105417276720345
20251231,AG2611,17060.0,10811.0,9257.0,0.0056271981242668
20251231,AG2612,17068.0,22176.0,9683.0,0.0
20260105,AG2601,18420.0,1542.0,2370.0,-0.1042345276872964
20260105,AG2602,18260.0,158284.0,128270.0,-0.0026286966046003
20260105,AG2603,18256.0,41424.0,20640.0,-0.005915863277826
20260105,AG2604,18247.0,671811.0,238881.0,-0.0078917082260097
20260105,AG2605,18235.0,49042.0,23083.0,-0.0059226761721959
20260105,AG2606,18226.0,91314.0,107399.0,-0.0026336003511464
20260105,AG2607,18222.0,5238.0,14860.0,-0.0079025353967736
20260105,AG2608,18210.0,33715.0,44746.0,0.0019769357495889
20260105,AG2609,18213.0,5849.0,13606.0,0.0013177400757689
20260105,AG2610,18215.0,11064.0,25182.0,-0.0013175953884161
20260105,AG2611,18213.0,3554.0,9328.0,-0.0006588700378844
20260105,AG2612,18212.0,6506.0,10009.0,0.0
20260106,AG2601,19590.0,1600.0,1752.0,-0.0814701378254212
20260106,AG2602,19457.0,312075.0,123842.0,-0.0074009353960011
20260106,AG2603,19445.0,73024.0,19573.0,0.0043198765749554
20260106,AG2604,19452.0,1929943.0,277149.0,-0.0148056755089451
20260106,AG2605,19428.0,164970.0,23796.0,-0.0123533045089567
20260106,AG2606,19408.0,226753.0,113918.0,-0.0049464138499581
20260106,AG2607,19400.0,13747.0,14955.0,-0.0068041237113396
20260106,AG2608,19389.0,94930.0,46249.0,0.0030945381401839
20260106,AG2609,19394.0,16106.0,13523.0,-0.0136124574610705
20260106,AG2610,19372.0,38161.0,26943.0,0.0117695643196373
20260106,AG2611,19391.0,10992.0,10287.0,0.0043319065545865
20260106,AG2612,19398.0,14039.0,10566.0,0.0
20260107,AG2601,19298.0,1002.0,1614.0,-0.0068400870556528
20260107,AG2602,19287.0,299666.0,112959.0,-0.0105770726396019
20260107,AG2603,19270.0,72042.0,20131.0,0.0124545926310331
20260107,AG2604,19290.0,2172110.0,273460.0,-0.0180404354587873
20260107,AG2605,19261.0,179020.0,23777.0,-0.009345309173979
20260107,AG2606,19246.0,256216.0,113046.0,-0.0149641483944713
20260107,AG2607,19222.0,16806.0,15598.0,0.00436999271668
20260107,AG2608,19229.0,118445.0,44822.0,-0.0012481148265641
20260107,AG2609,19227.0,26938.0,13734.0,0.0006241223279763
20260107,AG2610,19228.0,48685.0,27788.0,-0.0018722696068227
20260107,AG2611,19225.0,23711.0,13444.0,0.0112353706111827
20260107,AG2612,19243.0,29703.0,14819.0,0.0
20260108,AG2601,18535.0,382.0,1500.0,-0.0498516320474773
20260108,AG2602,18458.0,253846.0,98424.0,-0.0032506230360813
20260108,AG2603,18453.0,61654.0,19388.0,-0.0019509022923096
20260108,AG2604,18450.0,2142360.0,281631.0,-0.0130081300813014
20260108,AG2605,18430.0,188735.0,24763.0,-0.0117200217037436
20260108,AG2606,18412.0,262577.0,114250.0,-0.0104279817510324
20260108,AG2607,18396.0,17908.0,16627.0,0.0078277886497071
20260108,AG2608,18408.0,113189.0,46164.0,-0.005215123859191
20260108,AG2609,18400.0,15232.0,13777.0,0.0130434782608688
20260108,AG2610,18420.0,32597.0,27491.0,-0.0006514657980458
20260108,AG2611,18419.0,8349.0,13676.0,0.0091210163418198
20260108,AG2612,18433.0,17102.0,15070.0,0.0
20260109,AG2601,18839.0,74.0,1468.0,-0.0522320717660171
20260109,AG2602,18757.0,172012.0,86808.0,0.0006397611558357
20260109,AG2603,18758.0,49640.0,18164.0,-0.0172726303443861
20260109,AG2604,18731.0,1273159.0,296031.0,-0.0064064919118034
20260109,AG2605,18721.0,226445.0,23952.0,-0.0070509054003529
20260109,AG2606,18710.0,370611.0,118287.0,-0.0038482095136287
20260109,AG2607,18704.0,13081.0,16440.0,-0.0025662959794692
20260109,AG2608,18700.0,121085.0,46023.0,0.0057754010695187
20260109,AG2609,18709.0,12516.0,14032.0,0.0070554278689405
20260109,AG2610,18720.0,26709.0,27537.0,-0.0012820512820512
20260109,AG2611,18718.0,7467.0,13550.0,0.0147451650817389
20260109,AG2612,18741.0,12162.0,15610.0,0.0
20260112,AG2601,21069.0,192.0,1474.0,-0.0637904029616969
20260112,AG2602,20957.0,166150.0,80173.0,-0.0028630052011267
20260112,AG2603,20952.0,56504.0,18764.0,-0.0040091638029786
20260112,AG2604,20945.0,1207195.0,325729.0,-0.0355216042014805
20260112,AG2605,20883.0,285898.0,25176.0,-0.014940382129005
20260112,AG2606,20857.0,506232.0,129525.0,-0.0327947451694869
20260112,AG2607,20800.0,15377.0,16925.0,0.0334615384615375
20260112,AG2608,20858.0,158229.0,46141.0,-0.0316425352382774
20260112,AG2609,20803.0,17304.0,13922.0,-0.0023073595154547
20260112,AG2610,20799.0,35252.0,27441.0,0.051348622529928
20260112,AG2611,20888.0,8968.0,13455.0,-0.0356185369590198
20260112,AG2612,20826.0,17461.0,16055.0,0.0
20260113,AG2601,21202.0,152.0,1370.0,-0.0973493066691815
20260113,AG2602,21030.0,136532.0,72853.0,-0.0097004279600576
20260113,AG2603,21013.0,43801.0,18511.0,-0.0051396754390142
20260113,AG2604,21004.0,1141819.0,334660.0,-0.010855075223767
20260113,AG2605,20985.0,289004.0,25336.0,-0.0051465332380269
20260113,AG2606,20976.0,515332.0,130310.0,-0.0125858123569795
20260113,AG2607,20954.0,16977.0,16905.0,-0.0022907320797944
20260113,AG2608,20950.0,156835.0,45518.0,-0.0206205250596656
20260113,AG2609,20914.0,23112.0,15276.0,0.0120493449364049
20260113,AG2610,20935.0,32618.0,27858.0,-0.0011464055409597
20260113,AG2611,20933.0,10836.0,13478.0,-0.0131849233268046
20260113,AG2612,20910.0,15618.0,16259.0,0.0
20260114,AG2601,22906.0,220.0,1438.0,-0.0555313018423127
20260114,AG2602,22800.0,147139.0,69317.0,-0.0084210526315784
20260114,AG2603,22784.0,54454.0,19257.0,-0.0110603932584263
20260114,AG2604,22763.0,1276402.0,344654.0,-0.0121249395949565
20260114,AG2605,22740.0,338724.0,26780.0,-0.004749340369393
20260114,AG2606,22731.0,590895.0,138435.0,-0.0163653160881609
20260114,AG2607,22700.0,16990.0,17028.0,0.0074008810572676
20260114,AG2608,22714.0,197595.0,46899.0,-0.0095095535792899
20260114,AG2609,22696.0,21064.0,15435.0,-0.0074021854071197
20260114,AG2610,22682.0,47216.0,27922.0,0.0047614848778758
20260114,AG2611,22691.0,12609.0,13840.0,0.0
20260114,AG2612,22691.0,21580.0,17495.0,0.0
20260115,AG2601,22200.0,128.0,1470.0,0.2772972972972978
20260115,AG2602,22713.0,142691.0,64298.0,-0.0079249768854836
20260115,AG2603,22698.0,62744.0,20277.0,-0.0174464710547184
20260115,AG2604,22665.0,1463056.0,344468.0,-0.0100595632031765
20260115,AG2605,22646.0,387054.0,26576.0,-0.005828843945951
20260115,AG2606,22635.0,698665.0,145075.0,-0.004771371769384
20260115,AG2607,22626.0,22142.0,17335.0,0.009016176080614
20260115,AG2608,22643.0,235245.0,47926.0,-0.0079494766594532
20260115,AG2609,22628.0,19525.0,15670.0,0.0021212656885278
20260115,AG2610,22632.0,46693.0,28029.0,0.0031813361611865
20260115,AG2611,22638.0,14657.0,13925.0,-0.0095414789292336
20260115,AG2612,22620.0,24447.0,18532.0,0.0
20260116,AG2602,22555.0,103970.0,60437.0,-0.0085125249390376
20260116,AG2603,22539.0,42866.0,21249.0,-0.0298149873552509
20260116,AG2604,22483.0,1195162.0,326436.0,-0.0026686830049365
20260116,AG2605,22478.0,328130.0,26521.0,-0.0122786724797574
20260116,AG2606,22455.0,600505.0,143134.0,-0.0048096192384772
20260116,AG2607,22446.0,14451.0,17147.0,0.0021384656508942
20260116,AG2608,22450.0,186261.0,47685.0,0.0048106904231621
20260116,AG2609,22459.0,16683.0,15361.0,-0.0101518322276148
20260116,AG2610,22440.0,33486.0,28187.0,0.0139037433155086
20260116,AG2611,22466.0,10099.0,13810.0,-0.0058755452684056
20260116,AG2612,22455.0,17674.0,19033.0,0.000192144588803
20260116,AG2701,22487.0,398.0,103.0,0.0
20260119,AG2602,23240.0,106308.0,55313.0,-0.0103270223752156
20260119,AG2603,23220.0,44495.0,21084.0,-0.0160206718346249
20260119,AG2604,23189.0,1278937.0,326648.0,-0.0129371684850569
20260119,AG2605,23164.0,346838.0,24896.0,-0.001554135727853
20260119,AG2606,23161.0,650140.0,140465.0,-0.0031086740641592
20260119,AG2607,23155.0,19545.0,16739.0,0.004664219391059
20260119,AG2608,23164.0,191602.0,48261.0,-0.0036263166983254
20260119,AG2609,23157.0,19664.0,14763.0,0.0010364036792323
20260119,AG2610,23159.0,36105.0,28472.0,0.0031089425277439
20260119,AG2611,23165.0,13161.0,13797.0,-0.0134685948629402
20260119,AG2612,23139.0,26581.0,20577.0,0.0001689836362656
20260119,AG2701,23168.0,970.0,302.0,0.0
20260120,AG2602,23112.0,52935.0,50408.0,-0.0269989615784003
20260120,AG2603,23060.0,28875.0,21065.0,0.0010407632263662
20260120,AG2604,23062.0,715932.0,314710.0,-0.0171711039805742
20260120,AG2605,23029.0,215529.0,24215.0,-0.0026054105692816
20260120,AG2606,23024.0,365398.0,142197.0,-0.007296733842947
20260120,AG2607,23010.0,13346.0,16343.0,-0.005215123859191
20260120,AG2608,23000.0,128304.0,48416.0,-0.017217391304348
20260120,AG2609,22967.0,12949.0,14683.0,0.0015674663647846
20260120,AG2610,22970.0,24035.0,28402.0,-0.0120156726164566
20260120,AG2611,22947.0,8579.0,13338.0,-0.0010458883514186
20260120,AG2612,22945.0,16411.0,22162.0,-0.0001645361036773
20260120,AG2701,22917.0,1137.0,692.0,0.0
20260121,AG2602,23180.0,60910.0,46814.0,-0.0134598792062119
20260121,AG2603,23154.0,29549.0,19727.0,-0.0119201865768334
20260121,AG2604,23131.0,870541.0,301919.0,-0.0212701569322559
20260121,AG2605,23090.0,263849.0,24970.0,0.0015591165006485
20260121,AG2606,23093.0,485471.0,145542.0,-0.017148053522713
20260121,AG2607,23060.0,13288.0,16218.0,0.0088464874241118
20260121,AG2608,23077.0,156526.0,46443.0,-0.0067599774667423
20260121,AG2609,23064.0,15211.0,14361.0,-0.0046826222684703
20260121,AG2610,23055.0,26215.0,28521.0,-0.0208197787898503
20260121,AG2611,23015.0,7076.0,13176.0,0.0151205735389954
20260121,AG2612,23044.0,18234.0,21914.0,2.925522059412368e-05
20260121,AG2701,23049.0,1255.0,875.0,0.0
20260122,AG2602,23370.0,50752.0,43227.0,-0.0189987163029519
20260122,AG2603,23333.0,29057.0,19214.0,0.0030857583679759
20260122,AG2604,23339.0,770373.0,307790.0,-0.0210805947127132
20260122,AG2605,23298.0,257613.0,25864.0,-0.0005150656708727
20260122,AG2606,23297.0,459764.0,151992.0,0.0
20260122,AG2607,23297.0,15623.0,16779.0,-0.0077263166931365
20260122,AG2608,23282.0,163153.0,46638.0,-0.0108238123872514
20260122,AG2609,23261.0,14800.0,14637.0,0.007738274364816
20260122,AG2610,23276.0,29138.0,28825.0,-0.0020622100017191
20260122,AG2611,23272.0,9460.0,13936.0,0.0036094877964947
20260122,AG2612,23279.0,18838.0,23029.0,0.0
20260122,AG2701,23279.0,1675.0,1095.0,0.0
20260123,AG2602,24994.0,62807.0,40319.0,-0.0158438025126033
20260123,AG2603,24961.0,27338.0,19630.0,0.0019229998798131
20260123,AG2604,24965.0,753712.0,316349.0,-0.0115361506108548
20260123,AG2605,24941.0,256841.0,25498.0,-0.0052924902770539
20260123,AG2606,24930.0,476023.0,160299.0,-0.0091456077015643
20260123,AG2607,24911.0,12171.0,16509.0,0.0086708682911158
20260123,AG2608,24929.0,171509.0,45791.0,-0.0081832404027437
20260123,AG2609,24912.0,13749.0,14426.0,0.0
20260123,AG2610,24912.0,27096.0,28339.0,0.0033718689788058
20260123,AG2611,24919.0,7938.0,13799.0,-0.0067418435731769
20260123,AG2612,24905.0,18991.0,24866.0,0.0001191042816635
20260123,AG2701,24927.0,4239.0,2937.0,0.0
20260126,AG2602,27250.0,96084.0,38445.0,-0.0083669724770638
20260126,AG2603,27231.0,36779.0,18584.0,-0.0105761815577829
20260126,AG2604,27207.0,965900.0,322579.0,0.000882125923475
20260126,AG2605,27209.0,305707.0,27385.0,-0.0088206108272999
20260126,AG2606,27189.0,605689.0,169868.0,0.0039721946375363
20260126,AG2607,27198.0,18244.0,16973.0,-0.00617692477388
20260126,AG2608,27184.0,223320.0,46524.0,0.0088287227781043
20260126,AG2609,27204.0,18525.0,14474.0,-0.0026466696074103
20260126,AG2610,27198.0,50259.0,27623.0,0.0013236267372604
20260126,AG2611,27201.0,10213.0,13824.0,-0.0008823205029222
20260126,AG2612,27199.0,32078.0,27436.0,0.0001239305311538
20260126,AG2701,27224.0,13486.0,6817.0,0.0
20260127,AG2602,28647.0,64214.0,25473.0,-0.0619960205257097
20260127,AG2603,28499.0,45726.0,21030.0,-0.0837924137689047
20260127,AG2604,28300.0,1038738.0,310210.0,-0.0199293286219082
20260127,AG2605,28253.0,329571.0,29162.0,-0.0097688741018653
20260127,AG2606,28230.0,666443.0,175894.0,-0.0042507970244423
20260127,AG2607,28220.0,25771.0,17813.0,-0.0055279943302619
20260127,AG2608,28207.0,245247.0,50373.0,-0.0038288368135566
20260127,AG2609,28198.0,20544.0,15353.0,-0.0008511241932054
20260127,AG2610,28196.0,47661.0,29332.0,0.0059582919563059
20260127,AG2611,28210.0,11109.0,13959.0,-0.0046791917759656
20260127,AG2612,28199.0,29210.0,29155.0,-6.693997834810597e-05
20260127,AG2701,28185.0,9925.0,8095.0,0.0
20260128,AG2602,30121.0,47169.0,17566.0,-0.0629461173267817
20260128,AG2603,29963.0,43537.0,20366.0,-0.2979674932416647
20260128,AG2604,29219.0,1085495.0,290143.0,-0.0616037509839486
20260128,AG2605,29069.0,351529.0,29126.0,-0.0156868141318935
20260128,AG2606,29031.0,689960.0,176394.0,-0.009920429885295
20260128,AG2607,29007.0,20832.0,17978.0,0.0004136932464566
20260128,AG2608,29008.0,237377.0,56384.0,0.0028957528957533
20260128,AG2609,29015.0,17009.0,15286.0,-0.0107530587627096
20260128,AG2610,28989.0,45233.0,30781.0,-0.0045534513091176
20260128,AG2611,28978.0,10477.0,13913.0,-0.0186348264200431
20260128,AG2612,28933.0,27308.0,29950.0,0.0003029082688908
20260128,AG2701,28998.0,7968.0,8217.0,0.0
20260129,AG2602,32060.0,27181.0,13190.0,-0.0067373674360573
20260129,AG2603,32042.0,35713.0,19943.0,-0.4310592347543847
20260129,AG2604,30891.0,759570.0,281218.0,-0.2567738176167822
20260129,AG2605,30230.0,247405.0,28225.0,-0.0694674164737012
20260129,AG2606,30055.0,469943.0,172230.0,-0.1018133422059555
20260129,AG2607,29800.0,15240.0,17604.0,-0.0032214765100673
20260129,AG2608,29792.0,168872.0,57269.0,-0.0326262083780881
20260129,AG2609,29711.0,15178.0,15824.0,-0.0161556325939891
20260129,AG2610,29671.0,34649.0,31740.0,-0.0084931414512481
20260129,AG2611,29650.0,7291.0,14143.0,-0.0311635750421586
20260129,AG2612,29573.0,22072.0,30579.0,0.0003282678513691
20260129,AG2701,29645.0,6831.0,9348.0,0.0
20260130,AG2602,28200.0,30270.0,12066.0,-0.0042553191489358
20260130,AG2603,28190.0,69594.0,18707.0,-0.1059950336998931
20260130,AG2604,27941.0,1385183.0,260869.0,-0.137861923338463
20260130,AG2605,27620.0,355744.0,28524.0,-0.1590152063721945
20260130,AG2606,27254.0,763802.0,159582.0,-0.125045864827181
20260130,AG2607,26970.0,24713.0,16794.0,0.0066740823136814
20260130,AG2608,26985.0,237710.0,55433.0,-0.0422456920511393
20260130,AG2609,26890.0,22169.0,15026.0,-0.0276682781703239
20260130,AG2610,26828.0,58323.0,32728.0,-0.008051289697331
20260130,AG2611,26810.0,12278.0,13867.0,0.0089518836255129
20260130,AG2612,26830.0,38207.0,33193.0,-0.0001155841817184
20260130,AG2701,26807.0,11838.0,10904.0,0.0
20260202,AG2602,25690.0,3968.0,11866.0,-0.0794083300895294
20260202,AG2603,25520.0,33870.0,19776.0,-0.3235109717868334
20260202,AG2604,24832.0,674117.0,252527.0,-0.0304445876288657
20260202,AG2605,24769.0,141508.0,29057.0,-0.1666599378255071
20260202,AG2606,24425.0,328544.0,156344.0,-0.1557420675537359
20260202,AG2607,24108.0,9712.0,16723.0,0.0258835241413644
20260202,AG2608,24160.0,102995.0,55496.0,-0.0908940397350996
20260202,AG2609,23977.0,6714.0,14495.0,-0.0740709846936642
20260202,AG2610,23829.0,28902.0,32906.0,-0.0312224600276969
20260202,AG2611,23767.0,3464.0,13664.0,-0.0358480245718859
20260202,AG2612,23696.0,23562.0,34369.0,0.0010412794270497
20260202,AG2701,23879.0,5995.0,11682.0,0.0
20260203,AG2602,21820.0,6424.0,11084.0,-0.0384967919340049
20260203,AG2603,21750.0,33191.0,17860.0,-0.1677241379310348
20260203,AG2604,21446.0,931055.0,226336.0,-0.2383661288818421
20260203,AG2605,21020.0,123355.0,24847.0,-0.1136060894386301
20260203,AG2606,20821.0,338513.0,134684.0,-0.2437923250564337
20260203,AG2607,20398.0,13891.0,16471.0,-0.0194136680066669
20260203,AG2608,20365.0,84702.0,52813.0,-0.0677633194205746
20260203,AG2609,20250.0,10188.0,13632.0,0.0029629629629637
20260203,AG2610,20255.0,31817.0,30146.0,-0.0776104665514689
20260203,AG2611,20124.0,5804.0,13081.0,-0.0143112701252241
20260203,AG2612,20100.0,31484.0,32717.0,-0.0001341606573872
20260203,AG2701,20080.0,9551.0,9876.0,0.0
20260204,AG2602,24222.0,4102.0,11034.0,-0.1783502600941289
20260204,AG2603,23862.0,35076.0,17201.0,-0.1765149610258993
20260204,AG2604,23511.0,943213.0,237208.0,-0.2199821360214366
20260204,AG2605,23080.0,219787.0,28693.0,-0.0743500866551132
20260204,AG2606,22937.0,448333.0,144377.0,-0.1360247634825828
20260204,AG2607,22677.0,13220.0,17385.0,-0.0248710146844821
20260204,AG2608,22630.0,147190.0,54690.0,-0.0196199734865225
20260204,AG2609,22593.0,8977.0,13730.0,-0.0339928296374978
20260204,AG2610,22529.0,43247.0,30454.0,-0.0223711660526437
20260204,AG2611,22487.0,4351.0,13251.0,-0.0138746831502651
20260204,AG2612,22461.0,30583.0,32682.0,-7.803788739433552e-05
20260204,AG2701,22448.0,6628.0,10806.0,0.0
20260205,AG2602,21171.0,5208.0,9766.0,-0.1604081054272357
20260205,AG2603,20888.0,60044.0,18379.0,-0.3636537725009572
20260205,AG2604,20255.0,1653202.0,225425.0,-0.3910145643051095
20260205,AG2605,19595.0,382310.0,30023.0,-0.0643021178872165
20260205,AG2606,19490.0,791756.0,129392.0,-0.1483837865572086
20260205,AG2607,19249.0,26085.0,16274.0,-0.0280534053717071
20260205,AG2608,19204.0,243582.0,51849.0,-0.0343678400333264
20260205,AG2609,19149.0,16082.0,13050.0,-0.0526398245339181
20260205,AG2610,19065.0,73543.0,30088.0,-0.0283241542092835
20260205,AG2611,19020.0,10221.0,13407.0,-0.0315457413249209
20260205,AG2612,18970.0,56399.0,33560.0,-0.0002771969934787
20260205,AG2701,18931.0,9101.0,11060.0,0.0
20260206,AG2602,19574.0,3286.0,9248.0,-0.080923674261776
20260206,AG2603,19442.0,51035.0,18925.0,-0.3968727497171067
20260206,AG2604,18799.0,1291544.0,227163.0,-0.439810628224905
20260206,AG2605,18110.0,312248.0,29361.0,-0.1099944781888462
20260206,AG2606,17944.0,597736.0,128060.0,-0.1792242532322787
20260206,AG2607,17676.0,32232.0,13945.0,-0.0448065173116094
20260206,AG2608,17610.0,180848.0,47367.0,-0.0572402044293021
20260206,AG2609,17526.0,20457.0,12430.0,-0.0431359123587813
20260206,AG2610,17463.0,54110.0,28726.0,-0.0508503693523447
20260206,AG2611,17389.0,16503.0,11734.0,-0.0269135660475017
20260206,AG2612,17350.0,61382.0,33020.0,-0.0003497069585208
20260206,AG2701,17305.0,14494.0,9133.0,0.0
20260209,AG2602,21313.0,2408.0,9210.0,-0.0675643973161914
20260209,AG2603,21193.0,29081.0,17073.0,-0.1811919029868347
20260209,AG2604,20873.0,1015255.0,222366.0,-0.3242466344080874
20260209,AG2605,20309.0,249205.0,28600.0,-0.0791767196809294
20260209,AG2606,20175.0,462132.0,129095.0,-0.1718959107806692
20260209,AG2607,19886.0,8832.0,14179.0,-0.0241375842301114
20260209,AG2608,19846.0,128950.0,47846.0,-0.0622795525546715
20260209,AG2609,19743.0,7433.0,12375.0,-0.0334295699741682
20260209,AG2610,19688.0,28066.0,28914.0,-0.0457131247460376
20260209,AG2611,19613.0,3743.0,11659.0,0.0
20260209,AG2612,19613.0,30703.0,33473.0,-0.0003231060343489
20260209,AG2701,19566.0,5455.0,9128.0,0.0
20260210,AG2602,20680.0,458.0,8976.0,-0.0417794970986467
20260210,AG2603,20608.0,19068.0,16581.0,-0.1886645962732922
20260210,AG2604,20284.0,611557.0,216295.0,-0.2567540918950901
20260210,AG2605,19850.0,174853.0,28858.0,-0.0840302267002521
20260210,AG2606,19711.0,305042.0,132072.0,-0.1808127441530116
20260210,AG2607,19414.0,7936.0,13988.0,-0.0302874214484396
20260210,AG2608,19365.0,96957.0,47272.0,-0.0811773818745158
20260210,AG2609,19234.0,4769.0,12011.0,-0.0193407507538738
20260210,AG2610,19203.0,18792.0,28850.0,-0.0174972660521799
20260210,AG2611,19175.0,3382.0,11324.0,-0.0356714471968708
20260210,AG2612,19118.0,20442.0,33234.0,-0.0004302081337547
20260210,AG2701,19057.0,3058.0,9132.0,0.0
20260211,AG2602,21120.0,860.0,9050.0,0.0670454545454548
20260211,AG2603,21238.0,22390.0,15294.0,-0.166117336849044
20260211,AG2604,20944.0,504079.0,211818.0,-0.1982429335370517
20260211,AG2605,20598.0,155600.0,29056.0,-0.0541800174774254
20260211,AG2606,20505.0,266728.0,134806.0,-0.1743964886613023
20260211,AG2607,20207.0,6479.0,13822.0,-0.0130647795318452
20260211,AG2608,20185.0,89379.0,48557.0,-0.0873916274461228
20260211,AG2609,20038.0,3728.0,11397.0,-0.0227567621519115
20260211,AG2610,20000.0,15165.0,28715.0,-0.0552000000000005
20260211,AG2611,19908.0,1444.0,11255.0,-0.0054249547920428
20260211,AG2612,19899.0,16178.0,33169.0,-0.0005352874713934
20260211,AG2701,19820.0,2027.0,9046.0,0.0
20260212,AG2602,20860.0,322.0,9092.0,-0.0143815915627998
20260212,AG2603,20835.0,21260.0,14689.0,-0.120374370050396
20260212,AG2604,20626.0,509006.0,198505.0,-0.1140308348686125
20260212,AG2605,20430.0,137498.0,27823.0,-0.0481644640234946
20260212,AG2606,20348.0,288400.0,135582.0,-0.1509730686062509
20260212,AG2607,20092.0,6709.0,13777.0,-0.031057137169022
20260212,AG2608,20040.0,97383.0,48007.0,-0.0766467065868257
20260212,AG2609,19912.0,3717.0,11561.0,-0.0355564483728407
20260212,AG2610,19853.0,16905.0,28295.0,-0.0392887724777111
20260212,AG2611,19788.0,2973.0,11475.0,-0.0078835657974529
20260212,AG2612,19775.0,21162.0,32853.0,-8.18193440247673e-05
20260212,AG2701,19763.0,3806.0,8509.0,0.0
20260213,AG2602,21189.0,340.0,9112.0,-0.5629335976214076
20260213,AG2603,20195.0,44850.0,15331.0,-0.2454072790294628
20260213,AG2604,19782.0,556455.0,181220.0,-0.0824992417349101
20260213,AG2605,19646.0,177894.0,25897.0,-0.0464216634429397
20260213,AG2606,19570.0,346255.0,128713.0,-0.1122125702606027
20260213,AG2607,19387.0,11806.0,13992.0,0.0278537164079013
20260213,AG2608,19432.0,120539.0,45199.0,-0.0321119802387808
20260213,AG2609,19380.0,10100.0,9843.0,-0.043343653250774
20260213,AG2610,19310.0,32360.0,28053.0,-0.0341791817711034
20260213,AG2611,19255.0,12053.0,8516.0,0.0280446637237083
20260213,AG2612,19300.0,35904.0,30953.0,2.095825813589382e-05
20260213,AG2701,19303.0,6937.0,8163.0,0.0
20260224,AG2602,23018.0,1522.0,8274.0,-0.2085324528629772
20260224,AG2603,22618.0,13776.0,11642.0,-0.1543903086037668
20260224,AG2604,22327.0,210732.0,175097.0,-0.1139427598871325
20260224,AG2605,22115.0,68965.0,26755.0,-0.0461225412615875
20260224,AG2606,22030.0,129011.0,136869.0,-0.0582841579664092
20260224,AG2607,21923.0,7751.0,12128.0,-0.0235369246909642
20260224,AG2608,21880.0,48193.0,46598.0,0.0065813528336375
20260224,AG2609,21892.0,5629.0,9698.0,-0.0334368719166815
20260224,AG2610,21831.0,10013.0,28154.0,0.0027483853236214
20260224,AG2611,21836.0,4316.0,8067.0,-0.0225315991939916
20260224,AG2612,21795.0,11097.0,31149.0,-3.0931741379707895e-05
20260224,AG2701,21790.0,2513.0,8081.0,0.0
20260225,AG2603,23200.0,10229.0,9740.0,-0.0884482758620688
20260225,AG2604,23029.0,413159.0,182667.0,-0.0932736983803028
20260225,AG2605,22850.0,133503.0,27640.0,-0.0336105032822762
20260225,AG2606,22786.0,272487.0,149845.0,-0.0368647415079439
20260225,AG2607,22716.0,7507.0,12824.0,-0.0089804543053348
20260225,AG2608,22699.0,96211.0,51224.0,-0.0047579188510513
20260225,AG2609,22690.0,4421.0,9855.0,-0.0068752754517404
20260225,AG2610,22677.0,15549.0,28505.0,-0.016933456806456
20260225,AG2611,22645.0,2318.0,7950.0,-0.0042393464340917
20260225,AG2612,22637.0,18927.0,34532.0,9.52998794357265e-05
20260225,AG2701,22653.0,6415.0,8109.0,0.0068865050986621
20260225,AG2702,22666.0,283.0,166.0,0.0
20260226,AG2603,22748.0,4401.0,8949.0,-0.0928433268858794
20260226,AG2604,22572.0,357610.0,173529.0,-0.1105794790005321
20260226,AG2605,22364.0,131321.0,26591.0,-0.041852978000358
20260226,AG2606,22286.0,276956.0,153835.0,-0.0371533698285917
20260226,AG2607,22217.0,9060.0,12054.0,-0.021064950263312
20260226,AG2608,22178.0,98402.0,50154.0,-0.0075750743980527
20260226,AG2609,22164.0,10473.0,8202.0,-0.0189496480779647
20260226,AG2610,22129.0,22498.0,27870.0,-0.0157259704460206
20260226,AG2611,22100.0,5682.0,6848.0,-0.0103167420814473
20260226,AG2612,22081.0,22783.0,32817.0,6.106220763301626e-06
20260226,AG2701,22082.0,6703.0,7140.0,0.0168463001539702
20260226,AG2702,22113.0,392.0,298.0,0.0
20260227,AG2603,23220.0,2988.0,8069.0,-0.1038759689922481
20260227,AG2604,23019.0,389182.0,171170.0,-0.090707676267431
20260227,AG2605,22845.0,147239.0,27648.0,-0.0367695338148386
20260227,AG2606,22775.0,299789.0,162275.0,-0.0152799121844133
20260227,AG2607,22746.0,8858.0,11838.0,-0.005275652862041
20260227,AG2608,22736.0,103635.0,53898.0,0.0021111893033083
20260227,AG2609,22740.0,8835.0,8919.0,-0.0042216358839053
20260227,AG2610,22732.0,21383.0,29572.0,-0.0052789019883863
20260227,AG2611,22722.0,4318.0,7430.0,-0.0116186955373649
20260227,AG2612,22700.0,20633.0,34845.0,0.0001781913577191
20260227,AG2701,22730.0,4788.0,7944.0,0.015838099428068
20260227,AG2702,22760.0,1576.0,1141.0,0.0
20260302,AG2603,24690.0,2129.0,7186.0,-0.1258809234507891
20260302,AG2604,24431.0,525491.0,170820.0,-0.1380213662969178
20260302,AG2605,24150.0,153877.0,28236.0,-0.0442236024844726
20260302,AG2606,24061.0,414015.0,165240.0,-0.0384023939154642
20260302,AG2607,23984.0,13770.0,12741.0,0.0
20260302,AG2608,23984.0,148013.0,55567.0,-0.0020013342228146
20260302,AG2609,23980.0,10022.0,9292.0,0.0030025020850708
20260302,AG2610,23986.0,27077.0,29087.0,0.0045026265321439
20260302,AG2611,23995.0,3010.0,7667.0,-0.0235048968535114
20260302,AG2612,23948.0,26151.0,34989.0,0.0001576449348119
20260302,AG2701,23976.0,4369.0,8012.0,-0.0055055055055048
20260302,AG2702,23965.0,1019.0,1239.0,0.0
20260303,AG2603,21881.0,2334.0,6074.0,-0.1294273570677755
20260303,AG2604,21645.0,713888.0,161172.0,-0.0709632709632708
20260303,AG2605,21517.0,179555.0,25423.0,-0.0568852535204715
20260303,AG2606,21415.0,598151.0,169820.0,-0.008405323371468
20260303,AG2607,21400.0,30758.0,10868.0,-0.0128971962616817
20260303,AG2608,21377.0,238493.0,58608.0,0.0072975628011411
20260303,AG2609,21390.0,21221.0,7616.0,-0.0263674614305755
20260303,AG2610,21343.0,50676.0,28618.0,0.0286745068640765
20260303,AG2611,21394.0,12349.0,6488.0,-0.0224361970645978
20260303,AG2612,21354.0,49945.0,31630.0,0.0001325962664679
20260303,AG2701,21375.0,10083.0,6455.0,-0.0022456140350874
20260303,AG2702,21371.0,2833.0,1114.0,0.0
20260304,AG2603,22118.0,1720.0,5406.0,-0.1432317569400485
20260304,AG2604,21854.0,526514.0,150089.0,-0.1065251212592657
20260304,AG2605,21660.0,113099.0,25369.0,-0.045429362880887
20260304,AG2606,21578.0,482764.0,169813.0,-0.0144591713782555
20260304,AG2607,21552.0,22222.0,9139.0,-0.021158129175947
20260304,AG2608,21514.0,198687.0,62009.0,0.0111555266338196
20260304,AG2609,21534.0,10652.0,7655.0,-0.0273056561716353
20260304,AG2610,21485.0,33782.0,29195.0,0.0083779380963457
20260304,AG2611,21500.0,3718.0,6847.0,0.0011162790697687
20260304,AG2612,21502.0,35472.0,31327.0,7.52477689559188e-05
20260304,AG2701,21514.0,3444.0,6350.0,-0.0189643952774942
20260304,AG2702,21480.0,949.0,1199.0,0.0
20260305,AG2603,21992.0,2922.0,3718.0,-0.1926154965441973
20260305,AG2604,21639.0,412856.0,143059.0,-0.100928878413975
20260305,AG2605,21457.0,87935.0,25664.0,-0.0492147084867404
20260305,AG2606,21369.0,412744.0,173457.0,-0.0421170854976833
20260305,AG2607,21294.0,14107.0,9319.0,0.0112707805015492
20260305,AG2608,21314.0,191478.0,65996.0,0.0061931125082104
20260305,AG2609,21325.0,7768.0,7753.0,-0.0039390386869873
20260305,AG2610,21318.0,27618.0,29349.0,0.0011258091753454
20260305,AG2611,21320.0,2469.0,6914.0,-0.0090056285178241
20260305,AG2612,21304.0,27119.0,31354.0,3.164463496858816e-05
20260305,AG2701,21309.0,2651.0,6357.0,0.0106997043502747
20260305,AG2702,21328.0,1019.0,1244.0,0.0
20260306,AG2603,22150.0,770.0,3544.0,-0.2221218961625286
20260306,AG2604,21740.0,305817.0,133508.0,-0.0739650413983437
20260306,AG2605,21606.0,68102.0,24778.0,-0.0405442932518744
20260306,AG2606,21533.0,356791.0,178177.0,-0.0406817442994476
20260306,AG2607,21460.0,8601.0,9176.0,-0.0055917986952467
20260306,AG2608,21450.0,156464.0,65689.0,0.0016783216783213
20260306,AG2609,21453.0,4429.0,7586.0,0.0011187246538932
20260306,AG2610,21455.0,19036.0,29497.0,-0.0039151712887441
20260306,AG2611,21448.0,2096.0,6878.0,-0.006713912719134
20260306,AG2612,21436.0,17448.0,31152.0,0.0001320890405932
20260306,AG2701,21457.0,2228.0,6265.0,-0.0201332898354853
20260306,AG2702,21421.0,727.0,1269.0,0.0
20260309,AG2603,22168.0,1542.0,3326.0,-0.2289787080476362
20260309,AG2604,21745.0,273936.0,117522.0,-0.0778109910324209
20260309,AG2605,21604.0,84208.0,24030.0,-0.0316608035548968
20260309,AG2606,21547.0,619645.0,189060.0,-0.0345291687937998
20260309,AG2607,21485.0,12351.0,9094.0,-0.0134047009541538
20260309,AG2608,21461.0,195021.0,68512.0,0.0139788453473741
20260309,AG2609,21486.0,7047.0,7224.0,-0.006702038536722
20260309,AG2610,21474.0,40798.0,28666.0,0.0212349818385035
20260309,AG2611,21512.0,4016.0,6810.0,-0.0334696913350685
20260309,AG2612,21452.0,26346.0,30483.0,0.0002074136771511
20260309,AG2701,21485.0,4399.0,5986.0,-0.0083779380963457
20260309,AG2702,21470.0,1866.0,1355.0,0.0
20260310,AG2603,23361.0,462.0,3294.0,-0.2306408116090921
20260310,AG2604,22912.0,154464.0,104781.0,-0.0565642458100557
20260310,AG2605,22804.0,52826.0,23688.0,-0.0242062796000706
20260310,AG2606,22758.0,471040.0,200036.0,-0.0490377010282099
20260310,AG2607,22665.0,8398.0,9035.0,0.0021178027796162
20260310,AG2608,22669.0,144830.0,70401.0,-0.0158807181613651
20260310,AG2609,22639.0,5355.0,7707.0,0.0058306462299571
20260310,AG2610,22650.0,25787.0,28413.0,-0.0015894039735102
20260310,AG2611,22647.0,1559.0,6790.0,0.013246787653995
20260310,AG2612,22672.0,15508.0,31420.0,-8.325866484819265e-05
20260310,AG2701,22658.0,1752.0,5867.0,0.0026480713213885
20260310,AG2702,22663.0,980.0,1404.0,0.0
20260311,AG2603,22639.0,394.0,3152.0,-0.1219135120809227
20260311,AG2604,22409.0,103506.0,96028.0,-0.0423044312552987
20260311,AG2605,22330.0,38125.0,22204.0,-0.0397671294223012
20260311,AG2606,22256.0,394983.0,204352.0,-0.0350467289719627
20260311,AG2607,22191.0,5958.0,9039.0,-0.0032445586048401
20260311,AG2608,22185.0,126498.0,72438.0,-0.0048681541582151
20260311,AG2609,22176.0,3498.0,7569.0,-0.010281385281385
20260311,AG2610,22157.0,22671.0,28875.0,0.0232883513110992
20260311,AG2611,22200.0,994.0,6784.0,-0.0064864864864864
20260311,AG2612,22188.0,10202.0,31232.0,0.0002248406366028
20260311,AG2701,22225.0,1375.0,5975.0,-0.0080989876265467
20260311,AG2702,22210.0,778.0,1495.0,0.0
20260312,AG2603,22366.0,594.0,3354.0,-0.0756505409997316
20260312,AG2604,22225.0,89591.0,90728.0,-0.0388751406074239
20260312,AG2605,22153.0,33446.0,21339.0,-0.0492935494064012
20260312,AG2606,22062.0,414009.0,206073.0,-0.0375305955942346
20260312,AG2607,21993.0,6513.0,9027.0,-0.0054562815441272
20260312,AG2608,21983.0,136990.0,74168.0,-0.0021835054360184
20260312,AG2609,21979.0,3149.0,7660.0,-0.0010919514081622
20260312,AG2610,21977.0,13667.0,29936.0,-0.0032761523410833
20260312,AG2611,21971.0,705.0,6833.0,0.0098311410495659
20260312,AG2612,21989.0,10825.0,31660.0,-1.839530592670533e-05
20260312,AG2701,21986.0,1591.0,6040.0,0.0180114618393529
20260312,AG2702,22019.0,700.0,1486.0,0.0
20260313,AG2603,21135.0,238.0,3280.0,-0.0181689141234917
20260313,AG2604,21103.0,93889.0,83802.0,-0.048334360043595
20260313,AG2605,21018.0,41173.0,20666.0,-0.0542392235226945
20260313,AG2606,20923.0,519958.0,212096.0,-0.0418678009845621
20260313,AG2607,20850.0,8957.0,8680.0,-0.0017266187050353
20260313,AG2608,20847.0,180852.0,74630.0,-0.0080587134839551
20260313,AG2609,20833.0,6496.0,6691.0,0.002304036864591
20260313,AG2610,20837.0,29696.0,29312.0,-0.0155492633296545
20260313,AG2611,20810.0,3396.0,6114.0,0.0069197501201339
20260313,AG2612,20822.0,17738.0,30705.0,-0.0001230332222077
20260313,AG2701,20803.0,3772.0,5517.0,0.0155746767293178
20260313,AG2702,20830.0,1634.0,1391.0,0.0
20260316,AG2603,20500.0,256.0,3328.0,-0.0702439024390244
20260316,AG2604,20380.0,122227.0,78920.0,-0.0094210009813542
20260316,AG2605,20364.0,54152.0,20287.0,-0.0371243370654101
20260316,AG2606,20301.0,723961.0,216658.0,-0.0130042855031775
20260316,AG2607,20279.0,14385.0,8407.0,-0.0177523546525959
20260316,AG2608,20249.0,233978.0,74651.0,0.001777865573608
20260316,AG2609,20252.0,6552.0,6430.0,-0.0195536243333989
20260316,AG2610,20219.0,39645.0,28609.0,0.0112765220831887
20260316,AG2611,20238.0,2970.0,5558.0,-0.009487103468722
20260316,AG2612,20222.0,20251.0,29872.0,-8.001075700177638e-05
20260316,AG2701,20210.0,3626.0,5105.0,0.0136566056407732
20260316,AG2702,20233.0,1832.0,1333.0,0.0
20260317,AG2604,20371.0,74236.0,73981.0,-0.0106033086250061
20260317,AG2605,20353.0,38656.0,19910.0,-0.0265317152262563
20260317,AG2606,20308.0,550109.0,218466.0,-0.0141816033090411
20260317,AG2607,20284.0,8964.0,8365.0,-0.0005915992900802
20260317,AG2608,20283.0,176905.0,75458.0,-0.0076911699452737
20260317,AG2609,20270.0,3673.0,6422.0,-0.0142081894425265
20260317,AG2610,20246.0,21754.0,29503.0,0.0308209028943986
20260317,AG2611,20298.0,1081.0,5631.0,-0.0236476500147793
20260317,AG2612,20258.0,10916.0,29853.0,1.33114286379849e-05
20260317,AG2701,20260.0,1330.0,5047.0,0.017176702862784
20260317,AG2702,20289.0,763.0,1318.0,0.0437675587756922
20260317,AG2703,20363.0,30.0,10.0,0.0
20260318,AG2604,19997.0,68139.0,68403.0,-0.0156023403510525
20260318,AG2605,19971.0,35241.0,18907.0,0.005407841369986
20260318,AG2606,19980.0,552862.0,225308.0,-0.0018018018018022
20260318,AG2607,19977.0,10348.0,8416.0,-0.0048055263553088
20260318,AG2608,19969.0,182001.0,78621.0,-0.0066102458811161
20260318,AG2609,19958.0,3482.0,6459.0,0.0096202024250917
20260318,AG2610,19974.0,20759.0,30119.0,-0.0006007810153203
20260318,AG2611,19973.0,844.0,5739.0,-0.005407299854804
20260318,AG2612,19964.0,11193.0,29915.0,-0.000135074594945
20260318,AG2701,19944.0,1261.0,5110.0,0.0138387484957878
20260318,AG2702,19967.0,1110.0,1447.0,-0.0408674312615819
20260318,AG2703,19899.0,30.0,27.0,0.0
20260319,AG2604,18023.0,95017.0,63539.0,-0.0346224268989621
20260319,AG2605,17971.0,50349.0,18028.0,0.0086806521618161
20260319,AG2606,17984.0,774107.0,227107.0,-0.0140124555160143
20260319,AG2607,17963.0,15288.0,8150.0,0.0053443188776931
20260319,AG2608,17971.0,258518.0,76861.0,0.0060096822658737
20260319,AG2609,17980.0,6017.0,6392.0,-0.0193548387096771
20260319,AG2610,17951.0,25423.0,30355.0,0.0046794050470717
20260319,AG2611,17958.0,2328.0,5541.0,-0.0060140327430668
20260319,AG2612,17949.0,21950.0,29636.0,6.009536383048417e-05
20260319,AG2701,17957.0,3331.0,4923.0,0.0280670490616463
20260319,AG2702,17999.0,2284.0,1510.0,-0.0093338518806596
20260319,AG2703,17985.0,214.0,67.0,0.0
20260320,AG2604,17714.0,139648.0,59085.0,-0.0494524105227509
20260320,AG2605,17641.0,72231.0,16513.0,-0.010883736749617
20260320,AG2606,17625.0,1134237.0,219146.0,-0.0047659574468084
20260320,AG2607,17618.0,21476.0,8017.0,-0.0115790668634345
20260320,AG2608,17601.0,360828.0,77526.0,0.0034088972217496
20260320,AG2609,17606.0,12692.0,6404.0,-0.0163580597523567
20260320,AG2610,17582.0,44889.0,30360.0,0.0
20260320,AG2611,17582.0,2750.0,5595.0,-0.0013650324195193
20260320,AG2612,17580.0,32071.0,29357.0,3.834796947502934e-05
20260320,AG2701,17585.0,5314.0,4926.0,0.0068239977253341
20260320,AG2702,17595.0,2196.0,1560.0,-0.0061381074168793
20260320,AG2703,17586.0,444.0,132.0,0.0
20260323,AG2604,15498.0,136668.0,55828.0,-0.0085172280294227
20260323,AG2605,15487.0,79867.0,16728.0,-0.0588880996965195
20260323,AG2606,15411.0,1259324.0,222721.0,0.0070079813120491
20260323,AG2607,15420.0,23371.0,7142.0,-0.0280155642023345
20260323,AG2608,15384.0,406028.0,77289.0,-0.0156006240249606
20260323,AG2609,15364.0,12611.0,6089.0,0.0015620932048943
20260323,AG2610,15366.0,60298.0,29433.0,-0.0343615775087862
20260323,AG2611,15322.0,3615.0,5551.0,0.0086150633076629
20260323,AG2612,15333.0,36286.0,28762.0,-8.79354729499554e-05
20260323,AG2701,15323.0,4676.0,4611.0,0.0219278209227971
20260323,AG2702,15351.0,3029.0,1613.0,0.0320500293140506
20260323,AG2703,15392.0,479.0,213.0,0.0
20260324,AG2604,17195.0,124882.0,52442.0,-0.0153533003780168
20260324,AG2605,17173.0,87090.0,15694.0,-0.0614918767833225
20260324,AG2606,17085.0,1247893.0,211635.0,-0.0161545215100962
20260324,AG2607,17062.0,21670.0,7369.0,-0.0239127886531478
20260324,AG2608,17028.0,356130.0,76219.0,-0.0352360817477097
20260324,AG2609,16978.0,9756.0,5871.0,-0.0098951584403343
20260324,AG2610,16964.0,50680.0,30387.0,-0.0155623673661877
20260324,AG2611,16942.0,2937.0,5592.0,-0.0212489670641011
20260324,AG2612,16912.0,33108.0,29588.0,0.0001674231713669
20260324,AG2701,16933.0,4645.0,4711.0,-0.0233862871316365
20260324,AG2702,16900.0,3851.0,2135.0,-0.0156213017751474
20260324,AG2703,16878.0,590.0,272.0,0.0
20260325,AG2604,18174.0,110528.0,47438.0,-0.0244305051172002
20260325,AG2605,18137.0,55636.0,16642.0,-0.0172024039256766
20260325,AG2606,18111.0,967928.0,214737.0,-0.0112638727844962
20260325,AG2607,18094.0,13057.0,7874.0,-0.0059688294462252
20260325,AG2608,18085.0,272986.0,78596.0,-0.0212330660768595
20260325,AG2609,18053.0,6834.0,6016.0,-0.0026588378662828
20260325,AG2610,18049.0,36051.0,30518.0,-0.0259294143719879
20260325,AG2611,18010.0,1576.0,5423.0,-0.0066629650194336
20260325,AG2612,18000.0,25999.0,29953.0,-5.243445692883816e-05
20260325,AG2701,17993.0,2583.0,4724.0,-0.0246762629911634
20260325,AG2702,17956.0,2938.0,2787.0,0.0160392069503219
20260325,AG2703,17980.0,379.0,283.0,0.0
20260326,AG2604,17519.0,54014.0,37336.0,-0.0191791768936586
20260326,AG2605,17491.0,48357.0,17146.0,-0.013035275284432
20260326,AG2606,17472.0,775118.0,219990.0,0.0048076923076916
20260326,AG2607,17479.0,13754.0,8337.0,-0.0102980719720808
20260326,AG2608,17464.0,252465.0,84102.0,-0.0158039395327529
20260326,AG2609,17441.0,6318.0,6481.0,-0.0213290522332441
20260326,AG2610,17410.0,30980.0,31733.0,0.0172314761631247
20260326,AG2611,17435.0,2058.0,5758.0,-0.0220246630341272
20260326,AG2612,17403.0,17806.0,30145.0,0.0001317091783865
20260326,AG2701,17420.0,2403.0,4922.0,-0.0137772675086105
20260326,AG2702,17400.0,2581.0,2838.0,-0.0213793103448272
20260326,AG2703,17369.0,308.0,316.0,0.0
20260327,AG2604,17558.0,40213.0,32692.0,-0.0225538216197738
20260327,AG2605,17525.0,50669.0,17108.0,-0.0246504992867335
20260327,AG2606,17489.0,873570.0,225682.0,0.0027445823088809
20260327,AG2607,17493.0,16609.0,8176.0,-0.0116618075801753
20260327,AG2608,17476.0,265831.0,85790.0,-0.0034332799267566
20260327,AG2609,17471.0,6583.0,6514.0,-0.0171713124606487
20260327,AG2610,17446.0,33288.0,32618.0,-0.0041270205204626
20260327,AG2611,17440.0,1079.0,5762.0,-0.0013761467889907
20260327,AG2612,17438.0,15226.0,30172.0,-0.0002783537437934
20260327,AG2701,17402.0,1912.0,4898.0,-0.0013791518216295
20260327,AG2702,17400.0,2069.0,2962.0,0.0020689655172407
20260327,AG2703,17403.0,202.0,309.0,0.0
20260330,AG2604,17756.0,41513.0,25923.0,-0.0033791394458209
20260330,AG2605,17751.0,75297.0,17399.0,-0.0297448031096836
20260330,AG2606,17707.0,1060304.0,233885.0,-0.0101654712825429
20260330,AG2607,17692.0,19513.0,8158.0,-0.006782726656116
20260330,AG2608,17682.0,319944.0,86565.0,0.0047505938242276
20260330,AG2609,17689.0,7753.0,6478.0,-0.0298490587370681
20260330,AG2610,17645.0,40258.0,33026.0,-0.0081609521110794
20260330,AG2611,17633.0,2122.0,5584.0,-0.0163330119661995
20260330,AG2612,17609.0,21405.0,29930.0,-6.125570363979912e-05
20260330,AG2701,17601.0,2882.0,4889.0,-0.0286347366626897
20260330,AG2702,17559.0,1294.0,2913.0,0.0280198188962916
20260330,AG2703,17600.0,211.0,340.0,0.0
20260331,AG2604,18137.0,24551.0,17199.0,0.006616309202184
20260331,AG2605,18147.0,56251.0,17147.0,-0.0138865928252607
20260331,AG2606,18126.0,881875.0,241055.0,-0.0019860973187681
20260331,AG2607,18123.0,17633.0,8600.0,-0.0059592782651884
20260331,AG2608,18114.0,282653.0,89905.0,0.0086121232196099
20260331,AG2609,18127.0,8577.0,6956.0,-0.0092679428476856
20260331,AG2610,18113.0,39451.0,34407.0,-0.0106001214597251
20260331,AG2611,18097.0,3295.0,6248.0,-0.0106094932861799
20260331,AG2612,18081.0,23026.0,31639.0,-0.0001118561976722
20260331,AG2701,18066.0,2458.0,4784.0,-0.0126203918963794
20260331,AG2702,18047.0,1253.0,2910.0,0.0206128442400386
20260331,AG2703,18078.0,364.0,369.0,0.0
20260401,AG2604,18931.0,8959.0,15520.0,-0.002535523744124
20260401,AG2605,18927.0,55540.0,16459.0,-0.0057061340941513
20260401,AG2606,18918.0,928197.0,248865.0,-0.0038058991436731
20260401,AG2607,18912.0,18869.0,8308.0,-0.0088832487309651
20260401,AG2608,18898.0,310806.0,91721.0,-0.012064768758599
20260401,AG2609,18879.0,7563.0,7034.0,-0.001906880661052
20260401,AG2610,18876.0,48771.0,35051.0,-0.0108073744437384
20260401,AG2611,18859.0,1392.0,6265.0,0.0019089029110768
20260401,AG2612,18862.0,24862.0,32069.0,-7.148311985694351e-06
20260401,AG2701,18861.0,2897.0,4736.0,-0.0025449339907752
20260401,AG2702,18857.0,1520.0,2929.0,0.0070000530307057
20260401,AG2703,18868.0,369.0,403.0,0.0
20260402,AG2604,17653.0,8140.0,12526.0,-0.0122358805868696
20260402,AG2605,17635.0,69959.0,14632.0,-0.0095265097816841
20260402,AG2606,17621.0,1021111.0,237740.0,-0.0143011179842229
20260402,AG2607,17600.0,21724.0,8265.0,-0.0061363636363633
20260402,AG2608,17591.0,340877.0,92676.0,0.0027286680688991
20260402,AG2609,17595.0,10656.0,6723.0,-0.0184143222506394
20260402,AG2610,17568.0,61360.0,34396.0,-0.0102459016393443
20260402,AG2611,17553.0,2440.0,6034.0,-0.0054691505725514
20260402,AG2612,17545.0,30352.0,31816.0,-9.221872488400334e-05
20260402,AG2701,17533.0,3485.0,4704.0,-0.0109507785319107
20260402,AG2702,17517.0,1628.0,2916.0,0.0363075869155684
20260402,AG2703,17570.0,770.0,464.0,0.0
20260403,AG2604,17860.0,4968.0,10314.0,-0.0006718924972006
20260403,AG2605,17859.0,52180.0,14160.0,-0.0107508819082808
20260403,AG2606,17843.0,877251.0,229939.0,-0.024211175250798
20260403,AG2607,17807.0,16349.0,7807.0,-0.0114561689223333
20260403,AG2608,17790.0,278749.0,91480.0,-0.0074198988195619
20260403,AG2609,17779.0,8047.0,6265.0,-0.0161988863265647
20260403,AG2610,17755.0,38972.0,33713.0,-0.0040551957195158
20260403,AG2611,17749.0,2315.0,5685.0,-0.013521888557102
20260403,AG2612,17729.0,17317.0,31755.0,-0.0001140770438328
20260403,AG2701,17714.0,2520.0,4698.0,0.0013548605622668
20260403,AG2702,17716.0,1033.0,2927.0,0.0257394445698802
20260403,AG2703,17754.0,626.0,468.0,0.0
20260407,AG2604,17910.0,3824.0,8962.0,0.0154103852596305
20260407,AG2605,17933.0,21579.0,14112.0,-0.0167289354820718
20260407,AG2606,17908.0,302892.0,231562.0,-0.0087111905293721
20260407,AG2607,17895.0,5469.0,7728.0,-0.0194467728415763
20260407,AG2608,17866.0,107727.0,92154.0,-0.0073883353856487
20260407,AG2609,17855.0,2942.0,6173.0,-0.0127695323438818
20260407,AG2610,17836.0,18256.0,33830.0,-0.0107647454586232
20260407,AG2611,17820.0,502.0,5631.0,-0.0134680134680134
20260407,AG2612,17800.0,7734.0,31802.0,0.0
20260407,AG2701,17800.0,481.0,4689.0,-0.0047191011235949
20260407,AG2702,17793.0,322.0,2924.0,0.019558253245659
20260407,AG2703,17822.0,170.0,502.0,0.0
20260408,AG2604,18965.0,6440.0,6972.0,0.0411283944107561
20260408,AG2605,19030.0,48028.0,14262.0,-0.0264844981607987
20260408,AG2606,18988.0,757977.0,235643.0,-0.0120075837370969
20260408,AG2607,18969.0,12782.0,7854.0,-0.0025304444092992
20260408,AG2608,18965.0,243528.0,94591.0,-0.0196150804112842
20260408,AG2609,18934.0,6201.0,6024.0,0.004436463504807
20260408,AG2610,18941.0,35179.0,34218.0,-0.0196399345335511
20260408,AG2611,18910.0,1563.0,5480.0,-0.0063458487572707
20260408,AG2612,18900.0,17778.0,31881.0,-0.000171214553237
20260408,AG2701,18876.0,1689.0,4658.0,-0.00127145581691
20260408,AG2702,18874.0,1027.0,2973.0,-0.0139874960262793
20260408,AG2703,18852.0,646.0,545.0,0.0
20260409,AG2604,18111.0,1582.0,6206.0,0.0801722709955266
20260409,AG2605,18232.0,42423.0,14680.0,-0.0046072838964454
20260409,AG2606,18225.0,674290.0,234474.0,-0.0105349794238689
20260409,AG2607,18209.0,11816.0,8389.0,0.0019770443187425
20260409,AG2608,18212.0,231547.0,98029.0,0.0006589062156825
20260409,AG2609,18213.0,5475.0,6164.0,-0.0164717509471259
20260409,AG2610,18188.0,29759.0,35031.0,-0.0013195513525401
20260409,AG2611,18186.0,847.0,5400.0,-0.009237875288683
20260409,AG2612,18172.0,16693.0,32754.0,-5.935789596044712e-05
20260409,AG2701,18164.0,1791.0,4738.0,-0.0092490640828009
20260409,AG2702,18150.0,927.0,2969.0,0.0271074380165297
20260409,AG2703,18191.0,408.0,569.0,0.0
20260410,AG2604,18550.0,2658.0,5568.0,0.02587601078167
20260410,AG2605,18590.0,32628.0,14599.0,-0.0045185583647118
20260410,AG2606,18583.0,682996.0,237225.0,0.0
20260410,AG2607,18583.0,12880.0,8212.0,-0.0122692783727065
20260410,AG2608,18564.0,230986.0,97689.0,-0.004524886877828
20260410,AG2609,18557.0,6826.0,6365.0,-0.0096998437247401
20260410,AG2610,18542.0,24644.0,36038.0,-0.0084133318951575
20260410,AG2611,18529.0,739.0,5404.0,-0.0123050353499922
20260410,AG2612,18510.0,13621.0,32946.0,-7.284249631238937e-06
20260410,AG2701,18509.0,1113.0,4765.0,-0.007131665676157
20260410,AG2702,18498.0,691.0,2989.0,0.0253000324359398
20260410,AG2703,18537.0,289.0,598.0,0.0
20260413,AG2604,18396.0,432.0,5380.0,0.0189171559034564
20260413,AG2605,18425.0,31234.0,14480.0,0.0026051560379922
20260413,AG2606,18429.0,616817.0,236494.0,-0.0006511476477291
20260413,AG2607,18428.0,14890.0,8589.0,-0.0084653787714343
20260413,AG2608,18415.0,225814.0,99963.0,-0.0097746402389358
20260413,AG2609,18400.0,6470.0,6486.0,0.0019565217391308
20260413,AG2610,18403.0,31572.0,37551.0,-0.0065206759767426
20260413,AG2611,18393.0,943.0,5344.0,0.0013048442342196
20260413,AG2612,18395.0,14177.0,33918.0,3.664894283071043e-05
20260413,AG2701,18400.0,1580.0,4798.0,-0.0013043478260863
20260413,AG2702,18398.0,939.0,3059.0,-0.0039134688553099
20260413,AG2703,18392.0,334.0,645.0,0.0
20260414,AG2604,18985.0,1098.0,4722.0,0.1365288385567549
20260414,AG2605,19201.0,28935.0,14168.0,0.0056247070465067
20260414,AG2606,19210.0,641526.0,248842.0,-0.0112441436751686
20260414,AG2607,19192.0,12432.0,8573.0,-0.0062526052521882
20260414,AG2608,19182.0,235650.0,104201.0,0.008132624335313
20260414,AG2609,19195.0,6493.0,6731.0,-0.0187548840843971
20260414,AG2610,19165.0,39571.0,40249.0,-0.0081398382468038
20260414,AG2611,19152.0,1012.0,5389.0,0.0100250626566422
20260414,AG2612,19168.0,15419.0,34065.0,-5.627356455515724e-05
20260414,AG2701,19160.0,1613.0,4740.0,-0.0100208768267222
20260414,AG2702,19144.0,773.0,3103.0,-0.0100292519849558
20260414,AG2703,19128.0,353.0,643.0,0.0
20260415,AG2604,19540.0,556.0,4552.0,0.0110542476970305
20260415,AG2605,19558.0,35736.0,13978.0,0.0006135596686771
20260415,AG2606,19559.0,844915.0,256167.0,0.0042946980929494
20260415,AG2607,19566.0,15969.0,8965.0,-0.0098129408157006
20260415,AG2608,19550.0,303404.0,107183.0,0.0018414322250626
20260415,AG2609,19553.0,8355.0,7030.0,-0.007978315348029
20260415,AG2610,19540.0,52432.0,41194.0,0.0055271238485152
20260415,AG2611,19549.0,1128.0,5536.0,-0.0079799478234185
20260415,AG2612,19536.0,23804.0,35157.0,-0.000131132153604
20260415,AG2701,19517.0,1851.0,4665.0,-0.0049187887482706
20260415,AG2702,19509.0,1430.0,3073.0,0.0172228202368129
20260415,AG2703,19537.0,525.0,743.0,0.0
20260416,AG2605,19924.0,23218.0,13848.0,0.0006022886970491
20260416,AG2606,19925.0,693154.0,262487.0,-0.0024090338770395
20260416,AG2607,19921.0,14076.0,9223.0,0.0012047587972494
20260416,AG2608,19923.0,254986.0,112578.0,0.0096371028459572
20260416,AG2609,19939.0,8132.0,7448.0,-0.0120367119715134
20260416,AG2610,19919.0,39940.0,43539.0,-0.0042170791706412
20260416,AG2611,19912.0,815.0,5573.0,-0.0132583366813987
20260416,AG2612,19890.0,22392.0,37326.0,0.0001355771349161
20260416,AG2701,19910.0,1278.0,4624.0,0.0084379708689095
20260416,AG2702,19924.0,1247.0,3279.0,0.003011443485243
20260416,AG2703,19929.0,337.0,753.0,-0.0054192382959503
20260416,AG2704,19920.0,81.0,27.0,0.0
20260417,AG2605,19568.0,23402.0,13694.0,0.0012264922322158
20260417,AG2606,19570.0,676778.0,255911.0,-0.0049054675523763
20260417,AG2607,19562.0,14360.0,9958.0,0.0030671710459051
20260417,AG2608,19567.0,253552.0,117072.0,-0.0024531098277713
20260417,AG2609,19563.0,8134.0,7582.0,-0.0012268057046465
20260417,AG2610,19561.0,38747.0,46108.0,0.0036807934154694
20260417,AG2611,19567.0,1276.0,5784.0,-0.0116522716819136
20260417,AG2612,19548.0,19945.0,38295.0,3.4487277643276056e-05
20260417,AG2701,19553.0,1252.0,4716.0,0.0030685828261658
20260417,AG2702,19558.0,1471.0,3355.0,0.0177932303916561
20260417,AG2703,19587.0,327.0,791.0,-0.0030632562413845
20260417,AG2704,19582.0,116.0,72.0,0.0
20260420,AG2605,19843.0,28914.0,12407.0,0.0060474726603834
20260420,AG2606,19853.0,766618.0,253248.0,-0.0060444265350327
20260420,AG2607,19843.0,22816.0,10603.0,-0.0024189890641541
20260420,AG2608,19839.0,297165.0,120752.0,0.0042340843792532
20260420,AG2609,19846.0,13165.0,8171.0,-0.0060465585004529
20260420,AG2610,19836.0,56067.0,47721.0,-0.0018148820326673
20260420,AG2611,19833.0,2307.0,6122.0,-0.0036303131145061
20260420,AG2612,19827.0,29673.0,39811.0,-4.7602775241793255e-05
20260420,AG2701,19820.0,2891.0,4934.0,0.0121089808274463
20260420,AG2702,19840.0,2938.0,3653.0,0.0018145161290332
20260420,AG2703,19843.0,613.0,820.0,0.0006047472660375
20260420,AG2704,19844.0,291.0,182.0,0.0
20260421,AG2605,19642.0,13008.0,12000.0,0.0067202932491596
20260421,AG2606,19653.0,509851.0,257391.0,0.0
20260421,AG2607,19653.0,11963.0,10522.0,-0.012822469851931
20260421,AG2608,19632.0,211305.0,125950.0,0.0
20260421,AG2609,19632.0,8072.0,8348.0,0.0
20260421,AG2610,19632.0,32856.0,49478.0,-0.008557457212714
20260421,AG2611,19618.0,1433.0,5961.0,-0.0042817820369047
20260421,AG2612,19611.0,17744.0,41043.0,0.0001100047611435
20260421,AG2701,19627.0,875.0,4990.0,-0.0024456106384058
20260421,AG2702,19623.0,981.0,3620.0,0.0122305457881068
20260421,AG2703,19643.0,263.0,849.0,0.0207707580308502
20260421,AG2704,19677.0,148.0,247.0,0.0
20260422,AG2605,19578.0,18737.0,11374.0,0.0049034630707929
20260422,AG2606,19586.0,663562.0,254001.0,-0.0085775553967124
20260422,AG2607,19572.0,14452.0,10580.0,-0.0036787247087675
20260422,AG2608,19566.0,256317.0,127819.0,0.0030665440049073
20260422,AG2609,19571.0,10255.0,8731.0,-0.0049052169025594
20260422,AG2610,19563.0,35334.0,50979.0,-0.0085876399325255
20260422,AG2611,19549.0,1228.0,5928.0,0.0
20260422,AG2612,19549.0,20044.0,42540.0,7.586812969541623e-05
20260422,AG2701,19560.0,1363.0,4980.0,0.0042944785276075
20260422,AG2702,19567.0,1821.0,3711.0,0.0067460520263722
20260422,AG2703,19578.0,372.0,905.0,-0.0006129328838491
20260422,AG2704,19577.0,286.0,336.0,0.0
20260423,AG2605,18970.0,17449.0,12354.0,-0.0018977332630463
20260423,AG2606,18967.0,638331.0,247550.0,-0.0145515896029952
20260423,AG2607,18944.0,15358.0,10222.0,0.0031672297297289
20260423,AG2608,18949.0,262151.0,128465.0,-0.0082326244128982
20260423,AG2609,18936.0,11405.0,8620.0,0.0044359949302918
20260423,AG2610,18943.0,41094.0,51482.0,-0.0133030670960243
20260423,AG2611,18922.0,1508.0,5970.0,0.0019025472994398
20260423,AG2612,18925.0,23101.0,43179.0,0.0001139922520891
20260423,AG2701,18941.0,1455.0,5013.0,0.0025341851011022
20260423,AG2702,18945.0,1977.0,3753.0,0.017102137767222
20260423,AG2703,18972.0,315.0,928.0,0.0101201771030998
20260423,AG2704,18988.0,156.0,354.0,0.0
20260424,AG2605,18452.0,35077.0,14860.0,-0.0065033600693693
20260424,AG2606,18442.0,714166.0,222500.0,-0.0123630842641797
20260424,AG2607,18423.0,18265.0,10518.0,-0.0117244748412317
20260424,AG2608,18405.0,289349.0,127060.0,0.0045639771801138
20260424,AG2609,18412.0,11587.0,7981.0,-0.0156419726265473
20260424,AG2610,18388.0,44074.0,51633.0,-0.0091363932999786
20260424,AG2611,18374.0,1513.0,6004.0,-0.0052247741373676
20260424,AG2612,18366.0,24260.0,43885.0,5.8730898692873525e-05
20260424,AG2701,18374.0,1919.0,4975.0,0.0130619353434191
20260424,AG2702,18394.0,1292.0,3772.0,0.0
20260424,AG2703,18394.0,282.0,950.0,0.020223986082418
20260424,AG2704,18425.0,273.0,409.0,0.0
20260427,AG2605,18800.0,18781.0,8215.0,0.0127659574468088
20260427,AG2606,18820.0,577430.0,208635.0,-0.0165781083953238
20260427,AG2607,18794.0,13864.0,10946.0,0.0025540065978502
20260427,AG2608,18798.0,248758.0,128868.0,0.0012767315671879
20260427,AG2609,18800.0,10148.0,8448.0,-0.0153191489361703
20260427,AG2610,18776.0,34718.0,52838.0,-0.0102258201959948
20260427,AG2611,18760.0,991.0,6015.0,-0.0019189765458418
20260427,AG2612,18757.0,17672.0,44749.0,6.46949483428811e-05
20260427,AG2701,18766.0,1109.0,4980.0,0.001278908664605
20260427,AG2702,18768.0,912.0,3748.0,0.0051150895140663
20260427,AG2703,18776.0,305.0,949.0,0.026203664252236
20260427,AG2704,18817.0,186.0,432.0,0.0
20260428,AG2605,18041.0,7261.0,6406.0,0.0179590931766533
20260428,AG2606,18068.0,576563.0,198465.0,-0.0119548372813818
20260428,AG2607,18050.0,20676.0,11180.0,0.0059833795013846
20260428,AG2608,18059.0,265655.0,134929.0,-0.006644886206323
20260428,AG2609,18049.0,12088.0,8314.0,-0.0013297135575376
20260428,AG2610,18047.0,51062.0,53774.0,-0.0206128442400399
20260428,AG2611,18016.0,1104.0,6006.0,0.0046625222024854
20260428,AG2612,18023.0,22839.0,44874.0,-2.2443232648417965e-05
20260428,AG2701,18020.0,1323.0,4979.0,0.0026637069922319
20260428,AG2702,18024.0,867.0,3782.0,0.020639147802929
20260428,AG2703,18055.0,286.0,973.0,-0.001993907504846
20260428,AG2704,18052.0,238.0,453.0,0.0
20260429,AG2605,18078.0,3385.0,5970.0,0.0139395950879528
20260429,AG2606,18099.0,491846.0,189356.0,-0.0079562406762798
20260429,AG2607,18087.0,16345.0,11526.0,-0.003317299718029
20260429,AG2608,18082.0,235510.0,136953.0,0.0059727906205058
20260429,AG2609,18091.0,8845.0,8125.0,-0.0139295782433257
20260429,AG2610,18070.0,37941.0,54480.0,-0.0033204205866073
20260429,AG2611,18065.0,1057.0,6001.0,-0.0026570716855798
20260429,AG2612,18061.0,16016.0,45093.0,7.465337504798273e-05
20260429,AG2701,18071.0,1114.0,4952.0,-0.0019921421061375
20260429,AG2702,18068.0,706.0,3813.0,0.0232455169360203
20260429,AG2703,18103.0,188.0,968.0,0.0072916091255592
20260429,AG2704,18114.0,186.0,482.0,0.0
20260430,AG2605,18000.0,3838.0,5144.0,0.0900000000000007
20260430,AG2606,18135.0,545989.0,176377.0,-0.0158808933002485
20260430,AG2607,18111.0,21835.0,11488.0,0.0079509690243488
20260430,AG2608,18123.0,251819.0,139359.0,0.0006621420294647
20260430,AG2609,18124.0,10887.0,8143.0,-0.0125800044140369
20260430,AG2610,18105.0,43355.0,55669.0,-0.0046396023198016
20260430,AG2611,18098.0,1391.0,6099.0,0.0026522267653881
20260430,AG2612,18102.0,16252.0,45736.0,-8.938114728151232e-05
20260430,AG2701,18090.0,1821.0,4918.0,0.0145936981757879
20260430,AG2702,18112.0,955.0,3888.0,0.0086130742049457
20260430,AG2703,18125.0,342.0,1006.0,0.0145655172413805
20260430,AG2704,18147.0,242.0,530.0,0.0
20260506,AG2605,18839.0,1022.0,4768.0,0.007643717819417
20260506,AG2606,18851.0,212844.0,180229.0,-0.001909713012572
20260506,AG2607,18848.0,12211.0,11600.0,-0.001273344651953
20260506,AG2608,18846.0,118984.0,144771.0,0.0
20260506,AG2609,18846.0,7189.0,8486.0,0.0012734797835083
20260506,AG2610,18848.0,25283.0,57995.0,0.0025466893039061
20260506,AG2611,18852.0,801.0,6265.0,-0.0133672819859964
20260506,AG2612,18831.0,12187.0,46313.0,3.580039845844508e-05
20260506,AG2701,18836.0,1633.0,4978.0,0.0127415587173507
20260506,AG2702,18856.0,964.0,4026.0,-0.0019092066185826
20260506,AG2703,18853.0,164.0,1001.0,0.0063650347424806
20260506,AG2704,18863.0,184.0,547.0,0.0
20260507,AG2605,19470.0,1210.0,4146.0,0.0141756548536209
20260507,AG2606,19493.0,442070.0,181095.0,-0.0006156056020105
20260507,AG2607,19492.0,16684.0,11594.0,0.0036938231069152
20260507,AG2608,19498.0,253640.0,153973.0,-0.005539029644066
20260507,AG2609,19489.0,12898.0,8536.0,0.0036943917081426
20260507,AG2610,19495.0,44414.0,58549.0,-0.0030777122339062
20260507,AG2611,19490.0,1319.0,6412.0,-0.000615700359158
20260507,AG2612,19489.0,21358.0,47460.0,5.534669225682907e-05
20260507,AG2701,19497.0,2221.0,4943.0,0.0018464379135263
20260507,AG2702,19500.0,852.0,4070.0,-0.0061538461538463
20260507,AG2703,19490.0,259.0,1010.0,0.0049256028732695
20260507,AG2704,19498.0,457.0,677.0,0.0
20260508,AG2605,19776.0,1898.0,4148.0,0.0388349514563115
20260508,AG2606,19840.0,618771.0,178221.0,0.0096774193548379
20260508,AG2607,19856.0,22156.0,11289.0,-0.0006043513295725
20260508,AG2608,19855.0,356146.0,163575.0,0.001208763535633
20260508,AG2609,19857.0,16096.0,8604.0,0.0036259253663706
20260508,AG2610,19863.0,65243.0,61028.0,0.0078537985198607
20260508,AG2611,19876.0,1602.0,6348.0,-0.0138860937814451
20260508,AG2612,19853.0,31373.0,48982.0,0.0
20260508,AG2701,19853.0,3414.0,5023.0,0.0048355412280267
20260508,AG2702,19861.0,1775.0,4244.0,0.020542772267257
20260508,AG2703,19895.0,578.0,1007.0,0.0030158331239009
20260508,AG2704,19900.0,620.0,744.0,0.0
20260511,AG2605,19896.0,598.0,3682.0,0.01990349819059034
20260511,AG2606,19929.0,581789.0,175269.0,0.003010687942193613
20260511,AG2607,19934.0,20876.0,11845.0,0.010835758001404017
20260511,AG2608,19952.0,376249.0,167467.0,0.0
20260511,AG2609,19952.0,19131.0,8774.0,0.004210104250200075
20260511,AG2610,19959.0,65078.0,61941.0,0.009018487900195105
20260511,AG2611,19974.0,2804.0,6561.0,-0.004205467107239791
20260511,AG2612,19967.0,37995.0,48244.0,0.00012154887024264701
20260511,AG2701,19985.0,5572.0,5108.0,0.0060045033775342205
20260511,AG2702,19995.0,2947.0,4173.0,0.003600900225056769
20260511,AG2703,20001.0,483.0,971.0,-0.008399580020999498
20260511,AG2704,19987.0,547.0,699.0,0.0
