date,symbol,close,volume,open_interest,roll_yield
20250526,WR2506,3356.0,0.0,0.0,-0.0717276493015129
20250526,WR2507,3336.0,0.0,3.0,0.1465830828831642
20250526,WR2508,3377.0,0.0,1.0,-0.3863730779312233
20250526,WR2509,3270.0,0.0,1.0,-0.0625480490153709
20250526,WR2510,3253.0,159.0,64.0,0.4595767440445569
20250526,WR2511,3380.0,0.0,0.0,0.0743255583615708
20250526,WR2512,3401.0,4.0,1.0,0.059832944020089
20250526,WR2601,3418.0,0.0,0.0,0.1153015130696052
20250526,WR2602,3451.0,0.0,0.0,0.0347222464480905
20250526,WR2603,3461.0,0.0,0.0,0.065696749598109
20250526,WR2604,3480.0,0.0,1.0,0.0413081302916723
20250526,WR2605,3492.0,0.0,0.0,0.0
20250527,WR2506,3356.0,0.0,0.0,-0.2858570266593858
20250527,WR2507,3277.0,0.0,3.0,0.160050872135183
20250527,WR2508,3321.0,0.0,1.0,-0.3445563518974176
20250527,WR2509,3227.0,0.0,1.0,0.0111506899768861
20250527,WR2510,3230.0,329.0,56.0,0.4770769381008399
20250527,WR2511,3361.0,0.0,0.0,-0.2307070158404954
20250527,WR2512,3297.0,1.0,1.0,0.3691496103902607
20250527,WR2601,3400.0,0.0,0.0,0.1751855930538315
20250527,WR2602,3450.0,0.0,0.0,0.031263586941158
20250527,WR2603,3459.0,0.0,0.0,-0.0626088376762594
20250527,WR2604,3441.0,0.0,1.0,0.1041673207716702
20250527,WR2605,3471.0,0.0,0.0,0.0
20250528,WR2506,3356.0,0.0,0.0,-0.3851375071597639
20250528,WR2507,3250.0,1.0,2.0,0.2521024367542965
20250528,WR2508,3319.0,0.0,1.0,-0.337327436016153
20250528,WR2509,3227.0,0.0,1.0,0.0111506899768861
20250528,WR2510,3230.0,108.0,78.0,0.4770769381008399
20250528,WR2511,3361.0,0.0,0.0,-0.2307070158404954
20250528,WR2512,3297.0,0.0,1.0,0.3656196794926186
20250528,WR2601,3399.0,0.0,0.0,0.0352526693014446
20250528,WR2602,3409.0,0.0,0.0,0.126058935718269
20250528,WR2603,3445.0,0.0,0.0,-0.1225393580423574
20250528,WR2604,3410.0,0.0,1.0,0.0421546100949146
20250528,WR2605,3422.0,0.0,0.0,0.0
20250529,WR2506,3356.0,0.0,0.0,-0.3851375071597639
20250529,WR2507,3250.0,0.0,2.0,0.2521024367542965
20250529,WR2508,3319.0,0.0,1.0,-0.337327436016153
20250529,WR2509,3227.0,0.0,1.0,0.1147271653203428
20250529,WR2510,3258.0,111.0,69.0,0.3735004627573823
20250529,WR2511,3361.0,0.0,0.0,-0.227067895266737
20250529,WR2512,3298.0,0.0,1.0,0.3619805589188603
20250529,WR2601,3399.0,0.0,0.0,0.0035299308976423
20250529,WR2602,3400.0,0.0,0.0,0.0528247368076519
20250529,WR2603,3415.0,0.0,0.0,-0.0563546677052926
20250529,WR2604,3399.0,0.0,1.0,0.0
20250529,WR2605,3399.0,0.0,0.0,0.0
20250530,WR2506,3356.0,0.0,0.0,-0.2383466859321511
20250530,WR2507,3290.0,2.0,2.0,0.2490689502345009
20250530,WR2508,3359.0,0.0,1.0,-0.4810847707239712
20250530,WR2509,3227.0,0.0,1.0,0.1368062883844291
20250530,WR2510,3264.0,48.0,53.0,0.3514213396932971
20250530,WR2511,3361.0,0.0,0.0,-0.2088888280117916
20250530,WR2512,3303.0,1.0,0.0,0.2729839358820031
20250530,WR2601,3379.0,42.0,40.0,0.0602215286033761
20250530,WR2602,3396.0,0.0,0.0,-0.0318443353615949
20250530,WR2603,3387.0,0.0,0.0,0.042440362540131
20250530,WR2604,3399.0,0.0,1.0,-0.0282768908457283
20250530,WR2605,3391.0,0.0,0.0,0.0
20250603,WR2506,3356.0,0.0,0.0,-0.2383466859321511
20250603,WR2507,3290.0,0.0,2.0,0.2490689502345009
20250603,WR2508,3359.0,0.0,1.0,-0.4810847707239712
20250603,WR2509,3227.0,0.0,1.0,0.1294510935479686
20250603,WR2510,3262.0,52.0,41.0,0.358776534529757
20250603,WR2511,3361.0,0.0,0.0,-0.2088888280117916
20250603,WR2512,3303.0,0.0,0.0,0.0724421155656556
20250603,WR2601,3323.0,3.0,40.0,0.2607633489197227
20250603,WR2602,3396.0,0.0,0.0,-0.0318443353615949
20250603,WR2603,3387.0,0.0,0.0,0.0247751157167982
20250603,WR2604,3394.0,0.0,1.0,-0.0106116440223957
20250603,WR2605,3391.0,0.0,0.0,0.0
20250604,WR2506,3356.0,0.0,0.0,-0.1946573172842822
20250604,WR2507,3302.0,0.0,2.0,0.2053795815866323
20250604,WR2508,3359.0,0.0,1.0,-0.3774124196354775
20250604,WR2509,3255.0,0.0,1.0,0.1502080366403127
20250604,WR2510,3296.0,51.0,37.0,0.2343472403489211
20250604,WR2511,3361.0,0.0,0.0,-0.2088888280117916
20250604,WR2512,3303.0,0.0,0.0,0.0724421155656556
20250604,WR2601,3323.0,0.0,40.0,0.2607633489197227
20250604,WR2602,3396.0,0.0,0.0,-0.0318443353615949
20250604,WR2603,3387.0,0.0,0.0,0.0247751157167982
20250604,WR2604,3394.0,0.0,1.0,-0.0106116440223957
20250604,WR2605,3391.0,0.0,0.0,0.0
20250605,WR2506,3356.0,0.0,0.0,-0.0645355603837975
20250605,WR2507,3338.0,0.0,2.0,0.0752578246861479
20250605,WR2508,3359.0,0.0,1.0,-0.3774124196354775
20250605,WR2509,3255.0,0.0,1.0,0.1064389911557901
20250605,WR2510,3284.0,52.0,34.0,0.2781162858334409
20250605,WR2511,3361.0,0.0,0.0,-0.2088888280117916
20250605,WR2512,3303.0,0.0,0.0,0.0724421155656556
20250605,WR2601,3323.0,0.0,40.0,0.2607633489197227
20250605,WR2602,3396.0,0.0,0.0,-0.0318443353615949
20250605,WR2603,3387.0,0.0,0.0,0.0247751157167982
20250605,WR2604,3394.0,0.0,1.0,-0.0106116440223957
20250605,WR2605,3391.0,0.0,0.0,0.0
20250606,WR2506,3356.0,0.0,0.0,-0.0645355603837975
20250606,WR2507,3338.0,0.0,2.0,0.0752578246861479
20250606,WR2508,3359.0,0.0,1.0,-0.3774124196354775
20250606,WR2509,3255.0,0.0,1.0,0.1538482611487376
20250606,WR2510,3297.0,59.0,38.0,0.2307070158404963
20250606,WR2511,3361.0,0.0,0.0,-0.2088888280117916
20250606,WR2512,3303.0,0.0,0.0,0.0724421155656556
20250606,WR2601,3323.0,0.0,40.0,0.2607633489197227
20250606,WR2602,3396.0,0.0,0.0,-0.0318443353615949
20250606,WR2603,3387.0,0.0,0.0,0.0247751157167982
20250606,WR2604,3394.0,0.0,1.0,-0.0106116440223957
20250606,WR2605,3391.0,0.0,0.0,0.0
20250609,WR2506,3356.0,0.0,0.0,-0.0645355603837975
20250609,WR2507,3338.0,0.0,2.0,0.0752578246861479
20250609,WR2508,3359.0,0.0,1.0,-0.3774124196354775
20250609,WR2509,3255.0,0.0,1.0,0.1356360858514897
20250609,WR2510,3292.0,29.0,48.0,0.2489191911377421
20250609,WR2511,3361.0,0.0,0.0,-0.2088888280117916
20250609,WR2512,3303.0,0.0,0.0,0.0724421155656556
20250609,WR2601,3323.0,0.0,40.0,0.2607633489197227
20250609,WR2602,3396.0,0.0,0.0,-0.0318443353615949
20250609,WR2603,3387.0,0.0,0.0,0.0247751157167982
20250609,WR2604,3394.0,0.0,1.0,-0.0106116440223957
20250609,WR2605,3391.0,0.0,0.0,0.0
20250610,WR2506,3356.0,0.0,0.0,-0.0645355603837975
20250610,WR2507,3338.0,0.0,2.0,0.0752578246861479
20250610,WR2508,3359.0,0.0,1.0,-0.2600161913768797
20250610,WR2509,3287.0,2.0,1.0,0.0291704792686593
20250610,WR2510,3295.0,34.0,43.0,0.237988569461977
20250610,WR2511,3361.0,0.0,0.0,-0.2088888280117916
20250610,WR2512,3303.0,0.0,0.0,0.0724421155656556
20250610,WR2601,3323.0,0.0,40.0,0.2607633489197227
20250610,WR2602,3396.0,0.0,0.0,-0.0318443353615949
20250610,WR2603,3387.0,0.0,0.0,0.0247751157167982
20250610,WR2604,3394.0,0.0,1.0,-0.0106116440223957
20250610,WR2605,3391.0,0.0,0.0,0.0
20250611,WR2506,3356.0,0.0,0.0,-0.0645355603837975
20250611,WR2507,3338.0,0.0,2.0,0.0752578246861479
20250611,WR2508,3359.0,0.0,1.0,-0.3295816035887906
20250611,WR2509,3268.0,0.0,1.0,0.1423590840227924
20250611,WR2510,3307.0,64.0,43.0,0.1943653769197556
20250611,WR2511,3361.0,0.0,0.0,-0.2088888280117916
20250611,WR2512,3303.0,0.0,0.0,0.0724421155656556
20250611,WR2601,3323.0,0.0,40.0,0.2607633489197227
20250611,WR2602,3396.0,0.0,0.0,-0.0318443353615949
20250611,WR2603,3387.0,0.0,0.0,0.0247751157167982
20250611,WR2604,3394.0,0.0,1.0,-0.0106116440223957
20250611,WR2605,3391.0,0.0,0.0,0.0
20250612,WR2506,3356.0,0.0,0.0,-0.0645355603837975
20250612,WR2507,3338.0,0.0,2.0,0.0752578246861479
20250612,WR2508,3359.0,0.0,1.0,-0.4069418101133619
20250612,WR2509,3247.0,0.0,1.0,0.1469256187364823
20250612,WR2510,3287.0,48.0,39.0,0.2671590487306359
20250612,WR2511,3361.0,0.0,0.0,-0.2088888280117916
20250612,WR2512,3303.0,0.0,0.0,0.1981729469603575
20250612,WR2601,3358.0,2.0,40.0,0.135032517525022
20250612,WR2602,3396.0,0.0,0.0,-0.0318443353615949
20250612,WR2603,3387.0,0.0,0.0,0.0247751157167982
20250612,WR2604,3394.0,0.0,1.0,-0.0106116440223957
20250612,WR2605,3391.0,0.0,0.0,0.0
20250613,WR2506,3356.0,0.0,0.0,-0.0645355603837975
20250613,WR2507,3338.0,0.0,2.0,0.0752578246861479
20250613,WR2508,3359.0,0.0,1.0,-0.4069418101133619
20250613,WR2509,3247.0,0.0,1.0,0.2124597621952878
20250613,WR2510,3305.0,40.0,38.0,0.2016249052718273
20250613,WR2511,3361.0,0.0,0.0,-0.2088888280117916
20250613,WR2512,3303.0,0.0,0.0,0.1981729469603575
20250613,WR2601,3358.0,0.0,40.0,0.135032517525022
20250613,WR2602,3396.0,0.0,0.0,-0.0318443353615949
20250613,WR2603,3387.0,0.0,0.0,0.0177017291282639
20250613,WR2604,3392.0,0.0,1.0,-0.0035382574338608
20250613,WR2605,3391.0,0.0,0.0,0.0
20250616,WR2506,3356.0,0.0,0.0,-0.0645355603837975
20250616,WR2507,3338.0,0.0,2.0,0.0752578246861479
20250616,WR2508,3359.0,0.0,1.0,-0.4069418101133619
20250616,WR2509,3247.0,0.0,1.0,0.1906547895088255
20250616,WR2510,3299.0,20.0,42.0,0.2234298779582917
20250616,WR2511,3361.0,0.0,0.0,-0.2088888280117916
20250616,WR2512,3303.0,0.0,0.0,0.1981729469603575
20250616,WR2601,3358.0,0.0,40.0,0.135032517525022
20250616,WR2602,3396.0,0.0,0.0,-0.0318443353615949
20250616,WR2603,3387.0,0.0,0.0,0.0177017291282639
20250616,WR2604,3392.0,0.0,1.0,-0.0035382574338608
20250616,WR2605,3391.0,0.0,0.0,0.0
20250617,WR2507,3338.0,0.0,2.0,0.0752578246861479
20250617,WR2508,3359.0,0.0,1.0,-0.4402494644965482
20250617,WR2509,3238.0,0.0,1.0,0.1875325434177192
20250617,WR2510,3289.0,30.0,34.0,0.2598597784325834
20250617,WR2511,3361.0,0.0,0.0,-0.2088888280117916
20250617,WR2512,3303.0,0.0,0.0,0.148038585765631
20250617,WR2601,3344.0,13.0,41.0,0.1851668787197483
20250617,WR2602,3396.0,0.0,0.0,-0.0318443353615949
20250617,WR2603,3387.0,0.0,0.0,0.0177017291282639
20250617,WR2604,3392.0,0.0,1.0,-0.0816450420628896
20250617,WR2605,3369.0,0.0,0.0,0.0320142475343093
20250617,WR2606,3378.0,0.0,0.0,0.0
20250618,WR2507,3338.0,0.0,2.0,0.0752578246861479
20250618,WR2508,3359.0,0.0,1.0,-0.4402494644965482
20250618,WR2509,3238.0,0.0,1.0,0.2385034938385108
20250618,WR2510,3303.0,34.0,32.0,0.2088888280117908
20250618,WR2511,3361.0,0.0,0.0,-0.1617517376390413
20250618,WR2512,3316.0,0.0,0.0,-0.003619363622672
20250618,WR2601,3315.0,16.0,43.0,0.2896877377352996
20250618,WR2602,3396.0,0.0,0.0,-0.0318443353615949
20250618,WR2603,3387.0,0.0,0.0,0.0177017291282639
20250618,WR2604,3392.0,0.0,1.0,-0.0816450420628896
20250618,WR2605,3369.0,0.0,0.0,-0.0929682838374505
20250618,WR2606,3343.0,0.0,0.0,0.0
20250619,WR2507,3338.0,0.0,2.0,0.0752578246861479
20250619,WR2508,3359.0,0.0,1.0,-0.4402494644965482
20250619,WR2509,3238.0,0.0,1.0,0.2493977297206697
20250619,WR2510,3306.0,16.0,37.0,0.1979945921296353
20250619,WR2511,3361.0,0.0,0.0,-0.1617517376390413
20250619,WR2512,3316.0,0.0,0.0,-0.018107744495272
20250619,WR2601,3311.0,5.0,40.0,0.3041761186079004
20250619,WR2602,3396.0,0.0,0.0,-0.0318443353615949
20250619,WR2603,3387.0,0.0,0.0,0.0177017291282639
20250619,WR2604,3392.0,0.0,1.0,-0.0816450420628896
20250619,WR2605,3369.0,0.0,0.0,-0.0929682838374505
20250619,WR2606,3343.0,0.0,0.0,0.0
20250620,WR2507,3338.0,0.0,2.0,0.0752578246861479
20250620,WR2508,3359.0,0.0,1.0,-0.4402494644965482
20250620,WR2509,3238.0,0.0,1.0,0.2820212205885902
20250620,WR2510,3315.0,42.0,33.0,0.1653711012617127
20250620,WR2511,3361.0,0.0,0.0,-0.1617517376390413
20250620,WR2512,3316.0,0.0,0.0,-0.003619363622672
20250620,WR2601,3315.0,0.0,40.0,0.2896877377352996
20250620,WR2602,3396.0,0.0,0.0,-0.0318443353615949
20250620,WR2603,3387.0,0.0,0.0,0.0177017291282639
20250620,WR2604,3392.0,0.0,1.0,-0.0816450420628896
20250620,WR2605,3369.0,0.0,0.0,-0.0499703280092484
20250620,WR2606,3355.0,0.0,0.0,0.0
20250623,WR2507,3338.0,0.0,2.0,0.0752578246861479
20250623,WR2508,3359.0,0.0,1.0,-0.4291366376489445
20250623,WR2509,3241.0,0.0,1.0,0.2346545897308712
20250623,WR2510,3305.0,36.0,39.0,0.2016249052718273
20250623,WR2511,3361.0,0.0,0.0,-0.1617517376390413
20250623,WR2512,3316.0,0.0,0.0,0.0325252420172265
20250623,WR2601,3325.0,7.0,40.0,0.2535431320954004
20250623,WR2602,3396.0,0.0,0.0,-0.0318443353615949
20250623,WR2603,3387.0,0.0,0.0,0.0177017291282639
20250623,WR2604,3392.0,0.0,1.0,-0.0816450420628896
20250623,WR2605,3369.0,0.0,0.0,-0.0178226677645698
20250623,WR2606,3364.0,0.0,0.0,0.0
20250624,WR2507,3338.0,0.0,2.0,0.0752578246861479
20250624,WR2508,3359.0,0.0,1.0,-0.4291366376489445
20250624,WR2509,3241.0,0.0,1.0,0.1727706364142779
20250624,WR2510,3288.0,11.0,42.0,0.2635088585884226
20250624,WR2511,3361.0,0.0,0.0,-0.1617517376390413
20250624,WR2512,3316.0,0.0,0.0,0.0829454842616277
20250624,WR2601,3339.0,1.0,40.0,0.2031228898510005
20250624,WR2602,3396.0,0.0,0.0,-0.0318443353615949
20250624,WR2603,3387.0,0.0,0.0,0.0177017291282639
20250624,WR2604,3392.0,0.0,1.0,-0.0816450420628896
20250624,WR2605,3369.0,0.0,0.0,0.0355661196928437
20250624,WR2606,3379.0,0.0,0.0,0.0
20250625,WR2507,3338.0,0.0,2.0,0.0752578246861479
20250625,WR2508,3359.0,0.0,1.0,-0.4291366376489445
20250625,WR2509,3241.0,0.0,1.0,0.1105658927620386
20250625,WR2510,3271.0,28.0,38.0,0.3257136022406612
20250625,WR2511,3361.0,0.0,0.0,-0.1617517376390413
20250625,WR2512,3316.0,0.0,0.0,0.0829454842616277
20250625,WR2601,3339.0,0.0,40.0,0.2031228898510005
20250625,WR2602,3396.0,0.0,0.0,-0.0318443353615949
20250625,WR2603,3387.0,0.0,0.0,0.0177017291282639
20250625,WR2604,3392.0,0.0,1.0,-0.0816450420628896
20250625,WR2605,3369.0,0.0,0.0,0.0355661196928437
20250625,WR2606,3379.0,0.0,0.0,0.0
20250626,WR2507,3338.0,0.0,2.0,0.0752578246861479
20250626,WR2508,3359.0,0.0,1.0,-0.4291366376489445
20250626,WR2509,3241.0,0.0,1.0,0.1105658927620386
20250626,WR2510,3271.0,8.0,37.0,0.3257136022406612
20250626,WR2511,3361.0,0.0,0.0,-0.1617517376390413
20250626,WR2512,3316.0,0.0,0.0,0.0253050251929047
20250626,WR2601,3323.0,3.0,43.0,0.2607633489197227
20250626,WR2602,3396.0,0.0,0.0,-0.0318443353615949
20250626,WR2603,3387.0,0.0,0.0,0.0177017291282639
20250626,WR2604,3392.0,0.0,1.0,-0.0816450420628896
20250626,WR2605,3369.0,0.0,0.0,-0.0106904238696188
20250626,WR2606,3366.0,0.0,0.0,0.0
20250627,WR2507,3338.0,0.0,2.0,0.0752578246861479
20250627,WR2508,3359.0,0.0,1.0,-0.4291366376489445
20250627,WR2509,3241.0,0.0,1.0,0.3106614793359063
20250627,WR2510,3326.0,116.0,48.0,0.1256180156667916
20250627,WR2511,3361.0,0.0,0.0,-0.1617517376390413
20250627,WR2512,3316.0,0.0,0.0,0.050556800631648
20250627,WR2601,3330.0,2.0,43.0,0.2355115734809813
20250627,WR2602,3396.0,0.0,0.0,-0.0318443353615949
20250627,WR2603,3387.0,0.0,0.0,0.0177017291282639
20250627,WR2604,3392.0,0.0,1.0,-0.0816450420628896
20250627,WR2605,3369.0,0.0,0.0,-0.0106904238696188
20250627,WR2606,3366.0,0.0,0.0,0.0
20250630,WR2507,3356.0,2.0,0.0,0.0107222643023523
20250630,WR2508,3359.0,0.0,1.0,-0.4143355256892284
20250630,WR2509,3245.0,0.0,1.0,0.2705781909814109
20250630,WR2510,3319.0,47.0,52.0,0.1509001920615736
20250630,WR2511,3361.0,0.0,0.0,-0.0859961876847795
20250630,WR2512,3337.0,0.0,0.0,-0.0251987493226145
20250630,WR2601,3330.0,0.0,43.0,0.2355115734809813
20250630,WR2602,3396.0,0.0,0.0,-0.0318443353615949
20250630,WR2603,3387.0,0.0,0.0,0.0177017291282639
20250630,WR2604,3392.0,0.0,1.0,-0.0816450420628896
20250630,WR2605,3369.0,0.0,0.0,0.0142390998611696
20250630,WR2606,3373.0,0.0,0.0,0.0
20250701,WR2507,3356.0,0.0,0.0,0.0107222643023523
20250701,WR2508,3359.0,0.0,1.0,-0.3700414120327117
20250701,WR2509,3257.0,0.0,1.0,0.211813168124754
20250701,WR2510,3315.0,22.0,48.0,0.1653711012617127
20250701,WR2511,3361.0,0.0,0.0,-0.0859961876847795
20250701,WR2512,3337.0,0.0,0.0,-0.0432303079370335
20250701,WR2601,3325.0,8.0,45.0,0.2535431320954004
20250701,WR2602,3396.0,0.0,0.0,-0.0318443353615949
20250701,WR2603,3387.0,0.0,0.0,0.0177017291282639
20250701,WR2604,3392.0,0.0,1.0,-0.0816450420628896
20250701,WR2605,3369.0,0.0,0.0,-0.0071258909457412
20250701,WR2606,3367.0,0.0,0.0,0.0
20250702,WR2507,3356.0,0.0,0.0,0.0713014575450125
20250702,WR2508,3376.0,0.0,1.0,-0.3315526217223471
20250702,WR2509,3284.0,0.0,1.0,0.1921200981486615
20250702,WR2510,3337.0,39.0,54.0,0.1002691599294496
20250702,WR2511,3365.0,0.0,0.0,-0.0107031373232071
20250702,WR2512,3362.0,0.0,0.0,-0.0644200771676234
20250702,WR2601,3344.0,5.0,50.0,0.1851668787197483
20250702,WR2602,3396.0,0.0,0.0,-0.0318443353615949
20250702,WR2603,3387.0,0.0,0.0,0.0177017291282639
20250702,WR2604,3392.0,0.0,1.0,-0.0816450420628896
20250702,WR2605,3369.0,0.0,0.0,-0.0071258909457412
20250702,WR2606,3367.0,0.0,0.0,0.0
20250703,WR2507,3356.0,0.0,0.0,0.0784083573677823
20250703,WR2508,3378.0,0.0,1.0,-0.2912502515521715
20250703,WR2509,3297.0,0.0,1.0,0.1447108281557158
20250703,WR2510,3337.0,72.0,55.0,0.1002691599294496
20250703,WR2511,3365.0,0.0,0.0,-0.0107031373232071
20250703,WR2512,3362.0,0.0,0.0,-0.039326714775006
20250703,WR2601,3351.0,6.0,54.0,0.1600735163271311
20250703,WR2602,3396.0,0.0,0.0,-0.0318443353615949
20250703,WR2603,3387.0,0.0,0.0,0.0177017291282639
20250703,WR2604,3392.0,0.0,1.0,-0.0780836827846352
20250703,WR2605,3370.0,0.0,0.0,0.0780836827846356
20250703,WR2606,3392.0,0.0,0.0,0.0
20250704,WR2507,3356.0,0.0,0.0,0.0784083573677823
20250704,WR2508,3378.0,0.0,1.0,-0.2476534733535991
20250704,WR2509,3309.0,2.0,1.0,0.0578837420201088
20250704,WR2510,3325.0,34.0,57.0,0.1434994678664829
20250704,WR2511,3365.0,0.0,0.0,-0.0107031373232071
20250704,WR2512,3362.0,0.0,0.0,-0.1183689167224312
20250704,WR2601,3329.0,2.0,56.0,0.2391157182745548
20250704,WR2602,3396.0,0.0,0.0,-0.0318443353615949
20250704,WR2603,3387.0,0.0,0.0,0.0177017291282639
20250704,WR2604,3392.0,0.0,1.0,-0.0780836827846352
20250704,WR2605,3370.0,0.0,0.0,-0.0642667409332056
20250704,WR2606,3352.0,0.0,0.0,0.0
20250707,WR2507,3356.0,0.0,0.0,0.0784083573677823
20250707,WR2508,3378.0,0.0,1.0,-0.4598541247660799
20250707,WR2509,3251.0,0.0,1.0,0.2158265768064395
20250707,WR2510,3310.0,38.0,57.0,0.1977572844926354
20250707,WR2511,3365.0,0.0,0.0,-0.0107031373232071
20250707,WR2512,3362.0,0.0,0.0,-0.4250482179644472
20250707,WR2601,3245.0,3.0,56.0,0.5457950195165717
20250707,WR2602,3396.0,0.0,0.0,-0.0318443353615949
20250707,WR2603,3387.0,0.0,0.0,0.0177017291282639
20250707,WR2604,3392.0,0.0,1.0,-0.0780836827846352
20250707,WR2605,3370.0,0.0,0.0,-0.3688148083981663
20250707,WR2606,3268.0,0.0,0.0,0.0
20250708,WR2507,3356.0,0.0,0.0,0.0784083573677823
20250708,WR2508,3378.0,0.0,1.0,-0.4598541247660799
20250708,WR2509,3251.0,0.0,1.0,0.2194514069200915
20250708,WR2510,3311.0,24.0,55.0,0.3147721457864362
20250708,WR2511,3399.0,2.0,0.0,-0.1313428287306608
20250708,WR2512,3362.0,0.0,0.0,-0.2306377301882
20250708,WR2601,3298.0,3.0,53.0,0.3513845317403234
20250708,WR2602,3396.0,0.0,0.0,-0.0318443353615949
20250708,WR2603,3387.0,0.0,0.0,0.0177017291282639
20250708,WR2604,3392.0,0.0,1.0,-0.0780836827846352
20250708,WR2605,3370.0,0.0,0.0,-0.1757616236359306
20250708,WR2606,3321.0,0.0,0.0,0.0
20250709,WR2507,3356.0,0.0,0.0,-0.6087464616984787
20250709,WR2508,3190.0,1.0,0.0,0.227300694300182
20250709,WR2509,3251.0,0.0,1.0,0.1503916979166619
20250709,WR2510,3292.0,24.0,50.0,0.2095807562658204
20250709,WR2511,3350.0,0.0,0.0,0.0429082697933844
20250709,WR2512,3362.0,0.0,0.0,-0.1617033002581024
20250709,WR2601,3317.0,2.0,54.0,0.2824501018102266
20250709,WR2602,3396.0,0.0,0.0,-0.0318443353615949
20250709,WR2603,3387.0,0.0,0.0,0.0177017291282639
20250709,WR2604,3392.0,0.0,1.0,-0.0780836827846352
20250709,WR2605,3370.0,0.0,0.0,-0.0499554691117269
20250709,WR2606,3356.0,0.0,0.0,0.0
20250710,WR2507,3356.0,0.0,0.0,-0.6087464616984787
20250710,WR2508,3190.0,0.0,0.0,0.2788661511796936
20250710,WR2509,3265.0,0.0,1.0,0.2437555389144229
20250710,WR2510,3332.0,59.0,49.0,0.0646514583885458
20250710,WR2511,3350.0,0.0,0.0,0.0429082697933844
20250710,WR2512,3362.0,0.0,0.0,-0.1580861186180527
20250710,WR2601,3318.0,4.0,57.0,0.2788329201701787
20250710,WR2602,3396.0,0.0,0.0,-0.0318443353615949
20250710,WR2603,3387.0,0.0,0.0,0.0177017291282639
20250710,WR2604,3392.0,0.0,1.0,-0.0780836827846352
20250710,WR2605,3370.0,0.0,0.0,-0.0499554691117269
20250710,WR2606,3356.0,0.0,0.0,0.0
20250711,WR2507,3356.0,0.0,0.0,-0.6087464616984787
20250711,WR2508,3190.0,0.0,0.0,0.2788661511796936
20250711,WR2509,3265.0,0.0,1.0,0.3798357796305123
20250711,WR2510,3370.0,93.0,62.0,-0.0714287823275432
20250711,WR2511,3350.0,0.0,0.0,0.0429082697933844
20250711,WR2512,3362.0,0.0,0.0,-0.0429082697933851
20250711,WR2601,3350.0,4.0,55.0,0.1636550713455107
20250711,WR2602,3396.0,0.0,0.0,-0.0318443353615949
20250711,WR2603,3387.0,0.0,0.0,0.0177017291282639
20250711,WR2604,3392.0,0.0,1.0,-0.0780836827846352
20250711,WR2605,3370.0,0.0,0.0,0.0248999644699225
20250711,WR2606,3377.0,0.0,0.0,0.0
20250714,WR2507,3356.0,0.0,0.0,-0.5262719102453336
20250714,WR2508,3212.0,0.0,0.0,0.6117829609249459
20250714,WR2509,3380.0,2.0,0.0,0.0707966655262598
20250714,WR2510,3400.0,370.0,137.0,0.028202128139444
20250714,WR2511,3408.0,0.0,0.0,0.0421793052893351
20250714,WR2512,3420.0,0.0,0.0,-0.1092679013951938
20250714,WR2601,3389.0,4.0,54.0,0.0247605098902395
20250714,WR2602,3396.0,0.0,0.0,-0.0318443353615949
20250714,WR2603,3387.0,0.0,0.0,0.0177017291282639
20250714,WR2604,3392.0,0.0,1.0,-0.0780836827846352
20250714,WR2605,3370.0,0.0,0.0,0.1063522470941439
20250714,WR2606,3400.0,0.0,0.0,0.0
20250715,WR2507,3356.0,0.0,0.0,-0.5262719102453336
20250715,WR2508,3212.0,0.0,0.0,0.4509465993968621
20250715,WR2509,3335.0,0.0,0.0,0.0466856791157027
20250715,WR2510,3348.0,120.0,122.0,0.2131494760780856
20250715,WR2511,3408.0,0.0,0.0,-0.0564706924489514
20250715,WR2512,3392.0,0.0,0.0,-0.1997668011978753
20250715,WR2601,3336.0,11.0,51.0,0.213909407431208
20250715,WR2602,3396.0,0.0,0.0,-0.0318443353615949
20250715,WR2603,3387.0,0.0,0.0,0.0177017291282639
20250715,WR2604,3392.0,0.0,1.0,-0.0780836827846352
20250715,WR2605,3370.0,0.0,0.0,0.1063522470941439
20250715,WR2606,3400.0,0.0,0.0,0.0
20250716,WR2508,3212.0,0.0,0.0,0.4509465993968621
20250716,WR2509,3335.0,0.0,0.0,0.0574335526510345
20250716,WR2510,3351.0,56.0,119.0,0.2024016025427522
20250716,WR2511,3408.0,0.0,0.0,-0.0564706924489514
20250716,WR2512,3392.0,0.0,0.0,-0.1674362921935778
20250716,WR2601,3345.0,1.0,50.0,0.1815788984269093
20250716,WR2602,3396.0,0.0,0.0,-0.0318443353615949
20250716,WR2603,3387.0,0.0,0.0,0.0177017291282639
20250716,WR2604,3392.0,0.0,1.0,-0.0780836827846352
20250716,WR2605,3370.0,0.0,0.0,0.1063522470941439
20250716,WR2606,3400.0,0.0,0.0,0.0
20250716,WR2607,3400.0,0.0,0.0,0.0
20250717,WR2508,3212.0,0.0,0.0,0.4509465993968621
20250717,WR2509,3335.0,0.0,0.0,0.1821192521202785
20250717,WR2510,3386.0,50.0,116.0,0.0777159030735089
20250717,WR2511,3408.0,0.0,0.0,-0.0564706924489514
20250717,WR2512,3392.0,0.0,0.0,-0.1316153700721376
20250717,WR2601,3355.0,0.0,50.0,0.1457579763054693
20250717,WR2602,3396.0,0.0,0.0,-0.0318443353615949
20250717,WR2603,3387.0,0.0,0.0,0.0177017291282639
20250717,WR2604,3392.0,0.0,1.0,-0.0780836827846352
20250717,WR2605,3370.0,0.0,0.0,0.1063522470941439
20250717,WR2606,3400.0,0.0,0.0,0.0
20250717,WR2607,3400.0,0.0,0.0,0.0
20250718,WR2508,3212.0,0.0,0.0,0.4509465993968621
20250718,WR2509,3335.0,0.0,0.0,0.2914835251868139
20250718,WR2510,3417.0,119.0,120.0,-0.0316483699930261
20250718,WR2511,3408.0,0.0,0.0,0.1365441428119084
20250718,WR2512,3447.0,0.0,0.0,-0.1647462709513519
20250718,WR2601,3400.0,4.0,46.0,-0.0141259580761783
20250718,WR2602,3396.0,0.0,0.0,-0.0318443353615949
20250718,WR2603,3387.0,0.0,0.0,0.1758530883847455
20250718,WR2604,3437.0,0.0,1.0,-0.2042302816265278
20250718,WR2605,3379.0,0.0,0.0,0.0743474866795537
20250718,WR2606,3400.0,0.0,0.0,0.0
20250718,WR2607,3400.0,0.0,0.0,0.0
20250721,WR2508,3212.0,0.0,0.0,0.4509465993968621
20250721,WR2509,3335.0,0.0,0.0,0.6342156054641226
20250721,WR2510,3516.0,197.0,129.0,-0.1200524519235439
20250721,WR2511,3481.0,0.0,0.0,0.1881184313531411
20250721,WR2512,3536.0,1.0,1.0,-0.0067892505347081
20250721,WR2601,3534.0,5.0,50.0,-0.1297309932505874
20250721,WR2602,3496.0,0.0,0.0,-0.1172760124712581
20250721,WR2603,3462.0,0.0,0.0,0.2130030158389858
20250721,WR2604,3524.0,0.0,1.0,0.4543972720721023
20250721,WR2605,3660.0,2.0,2.0,-0.3864853760452845
20250721,WR2606,3544.0,2.0,2.0,0.171455501162107
20250721,WR2607,3595.0,11.0,7.0,0.0
20250722,WR2508,3212.0,0.0,0.0,0.4509465993968621
20250722,WR2509,3335.0,0.0,0.0,1.0435368087401216
20250722,WR2510,3638.0,349.0,255.0,0.11816288036404
20250722,WR2511,3674.0,5.0,2.0,-0.3445846920166348
20250722,WR2512,3570.0,1.0,1.0,0.183464310181084
20250722,WR2601,3625.0,14.0,62.0,-0.0597346366228335
20250722,WR2602,3607.0,0.0,0.0,-0.0033273256833164
20250722,WR2603,3606.0,0.0,0.0,-0.1675536855536084
20250722,WR2604,3556.0,0.0,1.0,0.3032231300986198
20250722,WR2605,3647.0,3.0,3.0,0.186100859488678
20250722,WR2606,3704.0,0.0,2.0,0.1385064363314077
20250722,WR2607,3747.0,0.0,7.0,0.0
20250723,WR2508,3212.0,0.0,0.0,0.4509465993968621
20250723,WR2509,3335.0,0.0,0.0,0.6137202973222499
20250723,WR2510,3510.0,1494.0,407.0,0.3204687991096561
20250723,WR2511,3605.0,13.0,8.0,-0.1170740993443762
20250723,WR2512,3570.0,0.0,1.0,-0.0168185031034613
20250723,WR2601,3565.0,18.0,61.0,0.1405481766617123
20250723,WR2602,3607.0,0.0,0.0,-0.0033273256833164
20250723,WR2603,3606.0,0.0,0.0,-0.1675536855536084
20250723,WR2604,3556.0,0.0,1.0,0.0471513376786746
20250723,WR2605,3570.0,6.0,2.0,0.8717558427253548
20250723,WR2606,3839.0,3.0,3.0,-0.7646720311787558
20250723,WR2607,3602.0,7.0,7.0,0.0
20250724,WR2508,3212.0,0.0,0.0,0.4509465993968621
20250724,WR2509,3335.0,0.0,0.0,0.8070267241100096
20250724,WR2510,3567.0,409.0,413.0,-0.0336889609252357
20250724,WR2511,3557.0,21.0,6.0,0.0437772339027551
20250724,WR2512,3570.0,0.0,1.0,0.0335664554527346
20250724,WR2601,3580.0,4.0,63.0,0.0901632181055157
20250724,WR2602,3607.0,0.0,0.0,-0.0033273256833164
20250724,WR2603,3606.0,0.0,0.0,-0.1204023478749337
20250724,WR2604,3570.0,0.0,1.0,0.2330170302852182
20250724,WR2605,3640.0,0.0,2.0,0.1311488463862827
20250724,WR2606,3680.0,0.0,3.0,-0.0391943734394541
20250724,WR2607,3668.0,0.0,7.0,0.0
20250725,WR2508,3212.0,0.0,0.0,0.4509465993968621
20250725,WR2509,3335.0,0.0,0.0,0.9208668635898134
20250725,WR2510,3601.0,487.0,446.0,-0.0233495556644502
20250725,WR2511,3594.0,3.0,5.0,-0.0804023108378347
20250725,WR2512,3570.0,0.0,1.0,0.0436181103752284
20250725,WR2601,3583.0,1.0,63.0,0.0801115631830234
20250725,WR2602,3607.0,0.0,0.0,-0.0033273256833164
20250725,WR2603,3606.0,0.0,0.0,-0.1204023478749337
20250725,WR2604,3570.0,0.0,1.0,0.2330170302852182
20250725,WR2605,3640.0,0.0,2.0,0.1311488463862827
20250725,WR2606,3680.0,0.0,3.0,-0.0391943734394541
20250725,WR2607,3668.0,0.0,7.0,0.0
20250728,WR2508,3212.0,0.0,0.0,0.4509465993968621
20250728,WR2509,3335.0,0.0,0.0,0.5348290599111257
20250728,WR2510,3487.0,412.0,417.0,0.082309553913372
20250728,WR2511,3511.0,7.0,3.0,0.0715606266650213
20250728,WR2512,3532.0,0.0,1.0,-0.2228953924659267
20250728,WR2601,3467.0,4.0,62.0,0.3513111490639351
20250728,WR2602,3570.0,0.0,0.0,-0.0168185031034613
20250728,WR2603,3565.0,0.0,0.0,-0.020213368058444
20250728,WR2604,3559.0,0.0,1.0,0.1906660320224942
20250728,WR2605,3616.0,0.0,2.0,-0.053215164814389
20250728,WR2606,3600.0,0.0,3.0,0.11610318628102
20250728,WR2607,3635.0,0.0,7.0,0.0
20250729,WR2508,3212.0,0.0,0.0,0.4509465993968621
20250729,WR2509,3335.0,0.0,0.0,0.7632126043784705
20250729,WR2510,3554.0,253.0,389.0,-0.2283835444673465
20250729,WR2511,3487.0,3.0,3.0,0.1538701805783925
20250729,WR2512,3532.0,0.0,1.0,0.0609998489473292
20250729,WR2601,3550.0,1.0,62.0,0.0674159076506792
20250729,WR2602,3570.0,0.0,0.0,-0.0168185031034613
20250729,WR2603,3565.0,0.0,0.0,-0.020213368058444
20250729,WR2604,3559.0,0.0,1.0,0.1906660320224942
20250729,WR2605,3616.0,0.0,2.0,-0.053215164814389
20250729,WR2606,3600.0,0.0,3.0,0.11610318628102
20250729,WR2607,3635.0,0.0,7.0,0.0
20250730,WR2508,3212.0,0.0,0.0,0.4509465993968621
20250730,WR2509,3335.0,0.0,0.0,0.6580826398981616
20250730,WR2510,3523.0,172.0,395.0,-0.0785991703647905
20250730,WR2511,3500.0,0.0,3.0,0.1092157709561467
20250730,WR2512,3532.0,0.0,1.0,0.0609998489473292
20250730,WR2601,3550.0,4.0,60.0,0.0674159076506792
20250730,WR2602,3570.0,0.0,0.0,-0.0168185031034613
20250730,WR2603,3565.0,0.0,0.0,-0.0168421080278423
20250730,WR2604,3560.0,0.0,1.0,0.1872947719918916
20250730,WR2605,3616.0,0.0,2.0,-0.053215164814389
20250730,WR2606,3600.0,0.0,3.0,0.11610318628102
20250730,WR2607,3635.0,0.0,7.0,0.0
20250731,WR2508,3212.0,0.0,0.0,0.4509465993968621
20250731,WR2509,3335.0,0.0,0.0,0.2668753431340603
20250731,WR2510,3410.0,185.0,362.0,0.3126081263993105
20250731,WR2511,3500.0,0.0,3.0,0.0649666781289602
20250731,WR2512,3519.0,0.0,1.0,-0.3775748045282726
20250731,WR2601,3410.0,1.0,59.0,0.4489732302030915
20250731,WR2602,3540.0,0.0,0.0,0.084447920646913
20250731,WR2603,3565.0,0.0,0.0,-0.0168421080278423
20250731,WR2604,3560.0,0.0,1.0,0.1174013557088523
20250731,WR2605,3595.0,0.0,2.0,0.0133444550866024
20250731,WR2606,3599.0,0.0,3.0,0.1194369826630681
20250731,WR2607,3635.0,0.0,7.0,0.0
20250801,WR2508,3212.0,0.0,0.0,0.47610760906424
20250801,WR2509,3342.0,0.0,0.0,0.3188850174301664
20250801,WR2510,3432.0,71.0,353.0,0.2354374424358263
20250801,WR2511,3500.0,0.0,3.0,0.0034280817259267
20250801,WR2512,3501.0,0.0,1.0,-0.3160362081252385
20250801,WR2601,3410.0,1.0,58.0,0.4489732302030915
20250801,WR2602,3540.0,0.0,0.0,0.084447920646913
20250801,WR2603,3565.0,0.0,0.0,-0.0168421080278423
20250801,WR2604,3560.0,0.0,1.0,0.1174013557088523
20250801,WR2605,3595.0,0.0,2.0,0.0133444550866024
20250801,WR2606,3599.0,0.0,3.0,0.1194369826630681
20250801,WR2607,3635.0,0.0,7.0,0.0
20250804,WR2508,3212.0,0.0,0.0,0.47610760906424
20250804,WR2509,3342.0,0.0,0.0,0.3712182883383169
20250804,WR2510,3447.0,120.0,335.0,0.1487693841552894
20250804,WR2511,3490.0,0.0,3.0,0.0309057260545828
20250804,WR2512,3499.0,0.0,1.0,-0.3444213811612239
20250804,WR2601,3400.0,2.0,58.0,0.4842155462828094
20250804,WR2602,3540.0,0.0,0.0,0.084447920646913
20250804,WR2603,3565.0,0.0,0.0,-0.0168421080278423
20250804,WR2604,3560.0,0.0,1.0,0.1174013557088523
20250804,WR2605,3595.0,0.0,2.0,0.0133444550866024
20250804,WR2606,3599.0,0.0,3.0,0.1194369826630681
20250804,WR2607,3635.0,0.0,7.0,0.0
20250805,WR2508,3212.0,0.0,0.0,0.47610760906424
20250805,WR2509,3342.0,0.0,0.0,0.4544796804773669
20250805,WR2510,3471.0,77.0,334.0,0.0655079920162393
20250805,WR2511,3490.0,0.0,3.0,0.0309057260545828
20250805,WR2512,3499.0,0.0,1.0,-0.1033301447752595
20250805,WR2601,3469.0,4.0,60.0,-0.0415824845775022
20250805,WR2602,3457.0,57.0,1.0,0.3691547151212615
20250805,WR2603,3565.0,0.0,0.0,-0.0168421080278423
20250805,WR2604,3560.0,0.0,1.0,-0.4149577609657187
20250805,WR2605,3439.0,1.0,2.0,0.5457035717611738
20250805,WR2606,3599.0,0.0,3.0,0.1194369826630681
20250805,WR2607,3635.0,0.0,7.0,0.0
20250806,WR2508,3212.0,0.0,0.0,0.47610760906424
20250806,WR2509,3342.0,0.0,0.0,0.4233243189697854
20250806,WR2510,3462.0,98.0,298.0,0.0966633535238203
20250806,WR2511,3490.0,0.0,3.0,0.0309057260545828
20250806,WR2512,3499.0,0.0,1.0,-0.0895012754833684
20250806,WR2601,3473.0,0.0,60.0,0.1715295071659633
20250806,WR2602,3523.0,1.0,0.0,-0.1094960548344194
20250806,WR2603,3491.0,3.0,1.0,0.2348678008924805
20250806,WR2604,3560.0,0.0,1.0,-0.2796375471821739
20250806,WR2605,3478.0,0.0,2.0,0.4103833579776283
20250806,WR2606,3599.0,0.0,3.0,0.1194369826630681
20250806,WR2607,3635.0,0.0,7.0,0.0
20250807,WR2508,3212.0,0.0,0.0,0.47610760906424
20250807,WR2509,3342.0,0.0,0.0,0.4441035449411202
20250807,WR2510,3468.0,38.0,292.0,0.0758841275524834
20250807,WR2511,3490.0,0.0,3.0,0.0309057260545828
20250807,WR2512,3499.0,0.0,1.0,-0.0895012754833684
20250807,WR2601,3473.0,0.0,60.0,0.1715295071659633
20250807,WR2602,3523.0,0.0,0.0,0.2894139156186103
20250807,WR2603,3609.0,1.0,1.0,-0.1640421695605486
20250807,WR2604,3560.0,0.0,1.0,-0.2796375471821739
20250807,WR2605,3478.0,0.0,2.0,0.4103833579776283
20250807,WR2606,3599.0,0.0,3.0,0.1194369826630681
20250807,WR2607,3635.0,0.0,7.0,0.0
20250808,WR2508,3212.0,0.0,0.0,0.47610760906424
20250808,WR2509,3342.0,0.0,0.0,0.3920878588158402
20250808,WR2510,3453.0,49.0,278.0,0.0485549795403734
20250808,WR2511,3467.0,0.0,3.0,0.1102505601919744
20250808,WR2512,3499.0,0.0,1.0,-0.158805539732348
20250808,WR2601,3453.0,2.0,60.0,0.2408337714149447
20250808,WR2602,3523.0,0.0,0.0,0.0916164495386869
20250808,WR2603,3550.0,0.0,1.0,0.0
20250808,WR2604,3550.0,0.0,1.0,-0.245882250662797
20250808,WR2605,3478.0,0.0,2.0,0.4103833579776283
20250808,WR2606,3599.0,0.0,3.0,0.1161352905250282
20250808,WR2607,3634.0,0.0,7.0,0.0
20250811,WR2508,3212.0,0.0,0.0,0.47610760906424
20250811,WR2509,3342.0,0.0,0.0,0.3920878588158402
20250811,WR2510,3453.0,48.0,279.0,-0.0243513636254089
20250811,WR2511,3446.0,2.0,3.0,0.1831569033577563
20250811,WR2512,3499.0,0.0,1.0,-0.2180305111625043
20250811,WR2601,3436.0,0.0,60.0,0.3000587428450987
20250811,WR2602,3523.0,0.0,0.0,0.0916164495386869
20250811,WR2603,3550.0,0.0,1.0,0.0
20250811,WR2604,3550.0,0.0,1.0,-0.245882250662797
20250811,WR2605,3478.0,0.0,2.0,0.4103833579776283
20250811,WR2606,3599.0,0.0,3.0,0.1161352905250282
20250811,WR2607,3634.0,0.0,7.0,0.0
20250812,WR2508,3212.0,0.0,0.0,0.47610760906424
20250812,WR2509,3342.0,0.0,0.0,0.5096680502437468
20250812,WR2510,3487.0,73.0,290.0,-0.0241136868855731
20250812,WR2511,3480.0,0.0,3.0,0.0653390351900167
20250812,WR2512,3499.0,0.0,1.0,-0.013726052397328
20250812,WR2601,3495.0,7.0,64.0,0.0957542840799247
20250812,WR2602,3523.0,0.0,0.0,0.0916164495386869
20250812,WR2603,3550.0,0.0,1.0,0.0
20250812,WR2604,3550.0,0.0,1.0,-0.2424324878102335
20250812,WR2605,3479.0,0.0,2.0,0.4069335951250641
20250812,WR2606,3599.0,0.0,3.0,0.1622765173822944
20250812,WR2607,3648.0,1.0,8.0,0.0
20250813,WR2508,3212.0,0.0,0.0,0.47610760906424
20250813,WR2509,3342.0,0.0,0.0,0.3886121165757547
20250813,WR2510,3452.0,93.0,306.0,0.0969422467824177
20250813,WR2511,3480.0,0.0,3.0,0.0653390351900167
20250813,WR2512,3499.0,0.0,1.0,-0.0102930671071438
20250813,WR2601,3496.0,0.0,64.0,0.0923212987897388
20250813,WR2602,3523.0,0.0,0.0,0.0272186110457853
20250813,WR2603,3531.0,1.0,1.0,0.0643978384929005
20250813,WR2604,3550.0,0.0,1.0,-0.2424324878102335
20250813,WR2605,3479.0,0.0,2.0,0.1848296664864394
20250813,WR2606,3533.0,3.0,5.0,-0.1126127985796817
20250813,WR2607,3500.0,8.0,14.0,0.0
20250814,WR2508,3212.0,0.0,0.0,0.47610760906424
20250814,WR2509,3342.0,0.0,0.0,0.276853450815742
20250814,WR2510,3420.0,65.0,286.0,0.2087009125424308
20250814,WR2511,3480.0,0.0,3.0,0.0653390351900167
20250814,WR2512,3499.0,0.0,1.0,-0.1379722011662317
20250814,WR2601,3459.0,0.0,64.0,0.2200004328488268
20250814,WR2602,3523.0,0.0,0.0,0.0136170227377723
20250814,WR2603,3527.0,0.0,1.0,0.0779994268009125
20250814,WR2604,3550.0,0.0,1.0,-0.3255017552122941
20250814,WR2605,3455.0,0.0,2.0,0.2678989338884986
20250814,WR2606,3533.0,0.0,5.0,-0.0306079236369007
20250814,WR2607,3524.0,0.0,14.0,0.0
20250815,WR2508,3212.0,0.0,0.0,0.47610760906424
20250815,WR2509,3342.0,0.0,0.0,0.2452328791596797
20250815,WR2510,3411.0,127.0,295.0,0.0351288307075069
20250815,WR2511,3421.0,2.0,5.0,0.2705316886809998
20250815,WR2512,3499.0,0.0,1.0,-0.1379722011662317
20250815,WR2601,3459.0,0.0,64.0,0.1927199436911579
20250815,WR2602,3515.0,0.0,0.0,0.0408975118954412
20250815,WR2603,3527.0,0.0,1.0,-0.0613986558340429
20250815,WR2604,3509.0,0.0,1.0,-0.1861036725773378
20250815,WR2605,3455.0,0.0,2.0,0.0485269292157542
20250815,WR2606,3469.0,0.0,5.0,0.1887640810358456
20250815,WR2607,3524.0,0.0,14.0,0.0
20250818,WR2509,3342.0,0.0,0.0,0.1214657587261052
20250818,WR2510,3376.0,92.0,295.0,0.1588959511410821
20250818,WR2511,3421.0,0.0,5.0,0.1741179706101785
20250818,WR2512,3471.0,0.0,1.0,-0.3472403608804825
20250818,WR2601,3372.0,2.0,64.0,0.1906483171478297
20250818,WR2602,3426.0,0.0,0.0,0.0419580847047516
20250818,WR2603,3438.0,0.0,1.0,0.0765441853077037
20250818,WR2604,3460.0,0.0,1.0,-0.0173535821999955
20250818,WR2605,3455.0,0.0,2.0,-0.0312998293667445
20250818,WR2606,3446.0,0.0,5.0,0.2685908396183433
20250818,WR2607,3524.0,0.0,14.0,0.0
20250818,WR2608,3524.0,0.0,0.0,0.0
20250819,WR2509,3342.0,0.0,0.0,0.0929959944825399
20250819,WR2510,3368.0,109.0,309.0,-0.067887630816153
20250819,WR2511,3349.0,0.0,5.0,0.4293713168109802
20250819,WR2512,3471.0,0.0,1.0,-0.3472403608804825
20250819,WR2601,3372.0,0.0,64.0,0.1906483171478297
20250819,WR2602,3426.0,0.0,0.0,0.0419580847047516
20250819,WR2603,3438.0,0.0,1.0,0.0765441853077037
20250819,WR2604,3460.0,0.0,1.0,-0.0173535821999955
20250819,WR2605,3455.0,0.0,2.0,-0.0312998293667445
20250819,WR2606,3446.0,0.0,5.0,0.2617784636193169
20250819,WR2607,3522.0,0.0,14.0,-0.0614860439984327
20250819,WR2608,3504.0,0.0,0.0,0.0
20250820,WR2509,3342.0,0.0,0.0,0.1285726585488752
20250820,WR2510,3378.0,115.0,324.0,-0.1034642948824897
20250820,WR2511,3349.0,0.0,5.0,0.4293713168109802
20250820,WR2512,3471.0,0.0,1.0,-0.3472403608804825
20250820,WR2601,3372.0,0.0,64.0,0.1906483171478297
20250820,WR2602,3426.0,0.0,0.0,0.0419580847047516
20250820,WR2603,3438.0,0.0,1.0,0.0765441853077037
20250820,WR2604,3460.0,0.0,1.0,-0.0173535821999955
20250820,WR2605,3455.0,0.0,2.0,-0.0312998293667445
20250820,WR2606,3446.0,0.0,5.0,0.2617784636193169
20250820,WR2607,3522.0,0.0,14.0,-0.1095272863161433
20250820,WR2608,3490.0,0.0,0.0,0.0
20250821,WR2509,3342.0,0.0,0.0,0.0465880830053177
20250821,WR2510,3355.0,80.0,333.0,-0.0071556352746439
20250821,WR2511,3353.0,0.0,5.0,0.4150472327466938
20250821,WR2512,3471.0,0.0,1.0,-0.3472403608804825
20250821,WR2601,3372.0,0.0,64.0,0.457364448908889
20250821,WR2602,3503.0,2.0,2.0,-0.2247580470563076
20250821,WR2603,3438.0,0.0,1.0,0.0765441853077037
20250821,WR2604,3460.0,0.0,1.0,-0.0173535821999955
20250821,WR2605,3455.0,0.0,2.0,-0.0976465719259378
20250821,WR2606,3427.0,0.0,5.0,0.3281252061785125
20250821,WR2607,3522.0,0.0,14.0,0.1557144557249813
20250821,WR2608,3568.0,0.0,0.0,0.0
20250822,WR2509,3342.0,0.0,0.0,0.1072393195968837
20250822,WR2510,3372.0,57.0,326.0,-0.0892994149250329
20250822,WR2511,3347.0,0.0,5.0,0.3949812927101045
20250822,WR2512,3459.0,0.0,1.0,-0.3056818777850718
20250822,WR2601,3372.0,0.0,64.0,0.457364448908889
20250822,WR2602,3503.0,0.0,2.0,-0.2247580470563076
20250822,WR2603,3438.0,0.0,1.0,0.0591906031077092
20250822,WR2604,3455.0,0.0,1.0,0.0
20250822,WR2605,3455.0,0.0,2.0,-0.1678838224896445
20250822,WR2606,3407.0,1.0,5.0,0.3983624567422179
20250822,WR2607,3522.0,0.0,14.0,0.0848779886096453
20250822,WR2608,3547.0,0.0,0.0,0.0
20250825,WR2509,3342.0,0.0,0.0,0.1427738436382395
20250825,WR2510,3382.0,106.0,328.0,-0.0319763327625048
20250825,WR2511,3373.0,0.0,5.0,0.3954286922197907
20250825,WR2512,3486.0,0.0,1.0,-0.3705508512348209
20250825,WR2601,3380.0,0.0,64.0,0.4289284166450686
20250825,WR2602,3503.0,0.0,2.0,-0.2247580470563076
20250825,WR2603,3438.0,0.0,1.0,0.0591906031077092
20250825,WR2604,3455.0,0.0,1.0,-0.0906454048661997
20250825,WR2605,3429.0,1.0,1.0,0.0209790263223529
20250825,WR2606,3435.0,1.0,5.0,0.1768562570821988
20250825,WR2607,3486.0,3.0,14.0,-0.0310211288652581
20250825,WR2608,3477.0,0.0,0.0,0.0
20250826,WR2509,3342.0,0.0,0.0,0.0537394538963516
20250826,WR2510,3357.0,95.0,315.0,0.0677263048297543
20250826,WR2511,3376.0,2.0,3.0,0.3847604443694218
20250826,WR2512,3486.0,0.0,1.0,-0.3705508512348209
20250826,WR2601,3380.0,0.0,64.0,0.2633609726964703
20250826,WR2602,3455.0,5.0,4.0,-0.0591906031077086
20250826,WR2603,3438.0,0.0,1.0,0.0591906031077092
20250826,WR2604,3455.0,0.0,1.0,-0.0906454048661997
20250826,WR2605,3429.0,0.0,1.0,0.0384335748542843
20250826,WR2606,3440.0,4.0,6.0,0.138729868812912
20250826,WR2607,3480.0,7.0,13.0,-0.0103492891279031
20250826,WR2608,3477.0,0.0,0.0,0.0
20250827,WR2509,3342.0,0.0,0.0,-0.0648066381600019
20250827,WR2510,3324.0,199.0,271.0,0.1399746691791688
20250827,WR2511,3363.0,3.0,5.0,0.3896788207293675
20250827,WR2512,3474.0,0.0,1.0,-0.3291714998878298
20250827,WR2601,3380.0,0.0,64.0,0.2459822585800916
20250827,WR2602,3450.0,1.0,5.0,-0.041811888991331
20250827,WR2603,3438.0,0.0,1.0,0.0591906031077092
20250827,WR2604,3455.0,0.0,1.0,-0.0906454048661997
20250827,WR2605,3429.0,0.0,1.0,0.0384335748542843
20250827,WR2606,3440.0,1.0,5.0,0.0695654122119109
20250827,WR2607,3460.0,0.0,13.0,0.0519106793654719
20250827,WR2608,3475.0,0.0,0.0,0.0
20250828,WR2509,3342.0,0.0,0.0,0.0573135417857665
20250828,WR2510,3358.0,78.0,267.0,0.0356824526967737
20250828,WR2511,3368.0,0.0,5.0,0.3718508572659941
20250828,WR2512,3474.0,0.0,1.0,-0.3291714998878298
20250828,WR2601,3380.0,0.0,64.0,0.2111491426845559
20250828,WR2602,3440.0,0.0,5.0,-0.0069787730957931
20250828,WR2603,3438.0,0.0,1.0,0.0591906031077092
20250828,WR2604,3455.0,0.0,1.0,-0.0906454048661997
20250828,WR2605,3429.0,0.0,1.0,-0.1160448603801893
20250828,WR2606,3396.0,2.0,3.0,0.224043847446383
20250828,WR2607,3460.0,0.0,13.0,-0.1044999347014117
20250828,WR2608,3430.0,0.0,0.0,0.0
20250829,WR2509,3342.0,0.0,0.0,-0.1082063238022649
20250829,WR2510,3312.0,95.0,265.0,-0.0690387975454319
20250829,WR2511,3293.0,4.0,7.0,0.5205807366708228
20250829,WR2512,3439.0,0.0,1.0,-0.2076602634624213
20250829,WR2601,3380.0,0.0,64.0,-0.053372956778835
20250829,WR2602,3365.0,0.0,5.0,0.2575433263675957
20250829,WR2603,3438.0,0.0,1.0,0.0591906031077092
20250829,WR2604,3455.0,0.0,1.0,-0.0906454048661997
20250829,WR2605,3429.0,0.0,1.0,-0.1160448603801893
20250829,WR2606,3396.0,0.0,3.0,0.1858327860672369
20250829,WR2607,3449.0,0.0,13.0,-0.3709996647869843
20250829,WR2608,3344.0,0.0,0.0,0.0
20250901,WR2509,3342.0,0.0,0.0,-0.2797160093376908
20250901,WR2510,3265.0,77.0,244.0,0.1024708879899941
20250901,WR2511,3293.0,2.0,6.0,0.4154398771384654
20250901,WR2512,3409.0,0.0,1.0,-0.102519403930064
20250901,WR2601,3380.0,0.0,64.0,-0.0890872688553873
20250901,WR2602,3355.0,0.0,5.0,0.2932576384441492
20250901,WR2603,3438.0,0.0,1.0,0.0591906031077092
20250901,WR2604,3455.0,0.0,1.0,-0.0906454048661997
20250901,WR2605,3429.0,0.0,1.0,-0.1160448603801893
20250901,WR2606,3396.0,0.0,3.0,0.0739764562086472
20250901,WR2607,3417.0,0.0,13.0,-0.2591433349283953
20250901,WR2608,3344.0,0.0,0.0,0.0
20250902,WR2509,3342.0,0.0,0.0,-0.2430187330318404
20250902,WR2510,3275.0,76.0,223.0,0.0256214829682081
20250902,WR2511,3282.0,0.0,6.0,0.434452834210433
20250902,WR2512,3403.0,0.0,1.0,-0.1704675011414824
20250902,WR2601,3355.0,1.0,65.0,0.0357143120765514
20250902,WR2602,3365.0,1.0,5.0,0.2575433263675957
20250902,WR2603,3438.0,0.0,1.0,-0.1333737040625017
20250902,WR2604,3400.0,0.0,1.0,0.1019189023040112
20250902,WR2605,3429.0,0.0,1.0,-0.1904801898754814
20250902,WR2606,3375.0,2.0,5.0,0.14841178570394
20250902,WR2607,3417.0,0.0,13.0,-0.237631527554157
20250902,WR2608,3350.0,0.0,0.0,0.0
20250903,WR2509,3342.0,0.0,0.0,-0.2650236291735404
20250903,WR2510,3269.0,23.0,226.0,0.153193569876429
20250903,WR2511,3311.0,1.0,6.0,0.1405210472623902
20250903,WR2512,3350.0,0.0,1.0,0.0178970950400414
20250903,WR2601,3355.0,1.0,66.0,-0.0717490926726968
20250903,WR2602,3335.0,0.0,5.0,0.3650067311168454
20250903,WR2603,3438.0,0.0,1.0,-0.1333737040625017
20250903,WR2604,3400.0,0.0,1.0,0.1019189023040112
20250903,WR2605,3429.0,0.0,1.0,-0.1904801898754814
20250903,WR2606,3375.0,0.0,5.0,0.0425909941336978
20250903,WR2607,3387.0,1.0,13.0,-0.2397574908868501
20250903,WR2608,3320.0,0.0,0.0,0.0
20250904,WR2509,3342.0,0.0,0.0,-0.2650236291735404
20250904,WR2510,3269.0,32.0,228.0,0.153193569876429
20250904,WR2511,3311.0,1.0,5.0,0.1369384229635001
20250904,WR2512,3349.0,0.0,1.0,-0.0466717117868061
20250904,WR2601,3336.0,0.0,66.0,0.0035965832728408
20250904,WR2602,3337.0,0.0,5.0,0.3473367108609083
20250904,WR2603,3435.0,0.0,1.0,-0.1228979286263628
20250904,WR2604,3400.0,0.0,1.0,0.1019189023040112
20250904,WR2605,3429.0,0.0,1.0,-0.1904801898754814
20250904,WR2606,3375.0,0.0,5.0,0.0425909941336978
20250904,WR2607,3387.0,0.0,13.0,-0.1318107359839155
20250904,WR2608,3350.0,0.0,0.0,0.0
20250905,WR2509,3342.0,0.0,0.0,-0.1554004551210916
20250905,WR2510,3299.0,85.0,232.0,0.0435703958239787
20250905,WR2511,3311.0,0.0,5.0,0.1369384229635001
20250905,WR2512,3349.0,0.0,1.0,-0.0466717117868061
20250905,WR2601,3336.0,0.0,66.0,0.0035965832728408
20250905,WR2602,3337.0,0.0,5.0,0.3473367108609083
20250905,WR2603,3435.0,0.0,1.0,-0.1228979286263628
20250905,WR2604,3400.0,0.0,1.0,0.1019189023040112
20250905,WR2605,3429.0,0.0,1.0,-0.1904801898754814
20250905,WR2606,3375.0,0.0,5.0,0.0425909941336978
20250905,WR2607,3387.0,0.0,13.0,-0.0461470765422974
20250905,WR2608,3374.0,0.0,0.0,0.0
20250908,WR2509,3342.0,0.0,0.0,-0.1808897683005437
20250908,WR2510,3292.0,138.0,228.0,0.3520156629304269
20250908,WR2511,3390.0,3.0,6.0,-0.1460175309634968
20250908,WR2512,3349.0,0.0,1.0,0.0963573950597187
20250908,WR2601,3376.0,1.0,66.0,-0.139432523573684
20250908,WR2602,3337.0,0.0,5.0,0.3473367108609083
20250908,WR2603,3435.0,0.0,1.0,-0.1228979286263628
20250908,WR2604,3400.0,0.0,1.0,0.1019189023040112
20250908,WR2605,3429.0,0.0,1.0,-0.1904801898754814
20250908,WR2606,3375.0,0.0,5.0,0.0425909941336978
20250908,WR2607,3387.0,0.0,13.0,0.0952806064393706
20250908,WR2608,3414.0,0.0,0.0,0.0
20250909,WR2509,3342.0,0.0,0.0,-0.1991296258934354
20250909,WR2510,3287.0,142.0,182.0,0.087299566596323
20250909,WR2511,3311.0,3.0,6.0,0.1369384229635001
20250909,WR2512,3349.0,0.0,1.0,0.1070161670410254
20250909,WR2601,3379.0,4.0,66.0,-0.1500912955549912
20250909,WR2602,3337.0,0.0,5.0,0.0035955056448752
20250909,WR2603,3338.0,1.0,1.0,0.2208432765896675
20250909,WR2604,3400.0,0.0,1.0,0.0493103130015983
20250909,WR2605,3414.0,0.0,1.0,-0.1378716005730683
20250909,WR2606,3375.0,0.0,5.0,0.0177646220452104
20250909,WR2607,3380.0,2.0,14.0,0.1201069785278562
20250909,WR2608,3414.0,0.0,0.0,0.0
20250910,WR2509,3342.0,0.0,0.0,-0.2356927254782933
20250910,WR2510,3277.0,23.0,180.0,0.0911997093751041
20250910,WR2511,3302.0,0.0,6.0,0.2053795815866323
20250910,WR2512,3359.0,2.0,1.0,0.1102393291464376
20250910,WR2601,3390.0,1.0,67.0,-0.1890926594774628
20250910,WR2602,3337.0,0.0,5.0,0.0035955056448752
20250910,WR2603,3338.0,0.0,1.0,0.2173133456920267
20250910,WR2604,3399.0,0.0,1.0,0.0528402438992396
20250910,WR2605,3414.0,0.0,1.0,-0.1378716005730683
20250910,WR2606,3375.0,0.0,5.0,0.0532151648143893
20250910,WR2607,3390.0,0.0,14.0,0.0846564357586804
20250910,WR2608,3414.0,0.0,0.0,0.0
20250911,WR2509,3342.0,0.0,0.0,-0.1808897683005437
20250911,WR2510,3292.0,60.0,179.0,0.0363967521973547
20250911,WR2511,3302.0,0.0,6.0,0.0796863779431855
20250911,WR2512,3324.0,0.0,1.0,0.1898263729227458
20250911,WR2601,3377.0,1.0,66.0,-0.0677061929769784
20250911,WR2602,3358.0,1.0,5.0,-0.0716848009884684
20250911,WR2603,3338.0,0.0,1.0,0.181956808623252
20250911,WR2604,3389.0,0.0,1.0,0.0881967809680153
20250911,WR2605,3414.0,0.0,1.0,-0.1485430107916784
20250911,WR2606,3372.0,1.0,5.0,0.0638865750329975
20250911,WR2607,3390.0,0.0,14.0,0.0705884388367993
20250911,WR2608,3410.0,0.0,0.0,0.0
20250912,WR2509,3342.0,0.0,0.0,-0.2100868629962421
20250912,WR2510,3284.0,112.0,152.0,0.0655938468930527
20250912,WR2511,3302.0,0.0,6.0,0.0796863779431855
20250912,WR2512,3324.0,0.0,1.0,0.0863313076083267
20250912,WR2601,3348.0,7.0,66.0,0.035788872337441
20250912,WR2602,3358.0,0.0,5.0,-0.0716848009884684
20250912,WR2603,3338.0,0.0,1.0,0.181956808623252
20250912,WR2604,3389.0,0.0,1.0,0.0881967809680153
20250912,WR2605,3414.0,0.0,1.0,-0.1485430107916784
20250912,WR2606,3372.0,0.0,5.0,0.0638865750329975
20250912,WR2607,3390.0,0.0,14.0,0.03181619185944
20250912,WR2608,3399.0,0.0,0.0,0.0
20250915,WR2509,3342.0,0.0,0.0,-0.1954794357512215
20250915,WR2510,3288.0,36.0,149.0,0.050986419648033
20250915,WR2511,3302.0,0.0,6.0,0.0796863779431855
20250915,WR2512,3324.0,0.0,1.0,-0.0760527670145896
20250915,WR2601,3303.0,2.0,66.0,0.1981729469603575
20250915,WR2602,3358.0,0.0,5.0,-0.0716848009884684
20250915,WR2603,3338.0,0.0,1.0,0.181956808623252
20250915,WR2604,3389.0,0.0,1.0,0.0881967809680153
20250915,WR2605,3414.0,0.0,1.0,-0.1485430107916784
20250915,WR2606,3372.0,0.0,5.0,0.0638865750329975
20250915,WR2607,3390.0,0.0,14.0,0.03181619185944
20250915,WR2608,3399.0,0.0,0.0,0.0
20250916,WR2510,3292.0,53.0,153.0,0.0363967521973547
20250916,WR2511,3302.0,0.0,6.0,0.0796863779431855
20250916,WR2512,3324.0,0.0,1.0,0.1185460920563524
20250916,WR2601,3357.0,0.0,66.0,0.003574087889415
20250916,WR2602,3358.0,0.0,5.0,0.1314984282637241
20250916,WR2603,3395.0,1.0,1.0,-0.0212264206289419
20250916,WR2604,3389.0,0.0,1.0,0.0881967809680153
20250916,WR2605,3414.0,0.0,1.0,-0.1485430107916784
20250916,WR2606,3372.0,0.0,5.0,0.0638865750329975
20250916,WR2607,3390.0,0.0,14.0,0.03181619185944
20250916,WR2608,3399.0,0.0,0.0,1.082908770852916
20250916,WR2609,3720.0,21.0,1.0,0.0
20250917,WR2510,3300.0,49.0,145.0,0.0072705243060192
20250917,WR2511,3302.0,0.0,6.0,0.0796863779431855
20250917,WR2512,3324.0,0.0,1.0,0.1328360609972023
20250917,WR2601,3361.0,4.0,67.0,-0.0107158810514346
20250917,WR2602,3358.0,0.0,5.0,0.1314984282637241
20250917,WR2603,3395.0,0.0,1.0,-0.0212264206289419
20250917,WR2604,3389.0,0.0,1.0,0.0881967809680153
20250917,WR2605,3414.0,0.0,1.0,-0.1485430107916784
20250917,WR2606,3372.0,0.0,5.0,0.0638865750329975
20250917,WR2607,3390.0,0.0,14.0,0.03181619185944
20250917,WR2608,3399.0,0.0,0.0,0.5486078223559734
20250917,WR2609,3558.0,0.0,1.0,0.0
20250918,WR2510,3285.0,33.0,138.0,0.0619403227363487
20250918,WR2511,3302.0,0.0,6.0,0.0796863779431855
20250918,WR2512,3324.0,0.0,1.0,0.0899150018263888
20250918,WR2601,3349.0,0.0,67.0,0.0322051781193788
20250918,WR2602,3358.0,0.0,5.0,0.1314984282637241
20250918,WR2603,3395.0,0.0,1.0,-0.0212264206289419
20250918,WR2604,3389.0,0.0,1.0,0.0881967809680153
20250918,WR2605,3414.0,0.0,1.0,-0.1485430107916784
20250918,WR2606,3372.0,0.0,5.0,0.0638865750329975
20250918,WR2607,3390.0,0.0,14.0,0.03181619185944
20250918,WR2608,3399.0,0.0,0.0,0.5317325558989319
20250918,WR2609,3553.0,0.0,1.0,0.0
20250919,WR2510,3282.0,21.0,137.0,0.0729042339604452
20250919,WR2511,3302.0,0.0,6.0,0.0796863779431855
20250919,WR2512,3324.0,0.0,1.0,0.0899150018263888
20250919,WR2601,3349.0,0.0,67.0,0.0322051781193788
20250919,WR2602,3358.0,0.0,5.0,0.1456285447035583
20250919,WR2603,3399.0,0.0,1.0,-0.0353565370687756
20250919,WR2604,3389.0,0.0,1.0,0.0881967809680153
20250919,WR2605,3414.0,0.0,1.0,-0.1485430107916784
20250919,WR2606,3372.0,0.0,5.0,0.0638865750329975
20250919,WR2607,3390.0,0.0,14.0,0.03181619185944
20250919,WR2608,3399.0,0.0,0.0,0.2342390469532257
20250919,WR2609,3466.0,1.0,1.0,0.0
20251027,WR2511,3206.0,1.0,0.0,-0.1759201497192757
20251027,WR2512,3159.0,0.0,0.0,0.0074266141681871
20251027,WR2601,3333.0,75.0,101.0,0.1476147614761478
20251027,WR2602,3374.0,1.0,15.0,0.0035566093657379
20251027,WR2603,3375.0,1.0,1.0,0.078222222222223
20251027,WR2604,3397.0,0.0,1.0,-0.0459228731233443
20251027,WR2605,3384.0,0.0,3.0,-0.0248226950354615
20251027,WR2606,3377.0,1.0,9.0,-0.0568551969203441
20251027,WR2607,3361.0,0.0,17.0,0.2142219577506701
20251027,WR2608,3421.0,0.0,6.0,0.0666471791873721
20251027,WR2609,3440.0,0.0,0.0,-0.0348837209302326
20251027,WR2610,3430.0,0.0,0.0,0.0
20251028,WR2511,3206.0,0.0,0.0,-0.1759201497192757
20251028,WR2512,3159.0,0.0,0.0,0.0077680676931613
20251028,WR2601,3341.0,28.0,96.0,0.1867704280155635
20251028,WR2602,3393.0,1.0,15.0,0.0035366931918652
20251028,WR2603,3394.0,0.0,1.0,0.0106069534472608
20251028,WR2604,3397.0,0.0,1.0,-0.0459228731233443
20251028,WR2605,3384.0,0.0,3.0,-0.0248226950354615
20251028,WR2606,3377.0,0.0,9.0,0.0213206988451295
20251028,WR2607,3383.0,4.0,18.0,0.1347916050842439
20251028,WR2608,3421.0,0.0,6.0,0.0666471791873721
20251028,WR2609,3440.0,0.0,0.0,-0.0348837209302326
20251028,WR2610,3430.0,0.0,0.0,0.0
20251029,WR2511,3206.0,0.0,0.0,-0.1759201497192757
20251029,WR2512,3159.0,0.0,0.0,0.008365611361866
20251029,WR2601,3355.0,48.0,75.0,0.0679582712369608
20251029,WR2602,3374.0,4.0,16.0,0.0711321873147596
20251029,WR2603,3394.0,0.0,1.0,0.0
20251029,WR2604,3394.0,0.0,1.0,-0.0424278137890392
20251029,WR2605,3382.0,0.0,3.0,-0.0177409816676528
20251029,WR2606,3377.0,0.0,9.0,0.0177672490376066
20251029,WR2607,3382.0,0.0,18.0,0.1383796570076887
20251029,WR2608,3421.0,0.0,6.0,0.0666471791873721
20251029,WR2609,3440.0,0.0,0.0,-0.0348837209302326
20251029,WR2610,3430.0,0.0,0.0,0.0
20251030,WR2511,3206.0,0.0,0.0,-0.1759201497192757
20251030,WR2512,3159.0,0.0,0.0,0.0088777916493272
20251030,WR2601,3367.0,21.0,77.0,0.1176121176121167
20251030,WR2602,3400.0,1.0,15.0,-0.0211764705882346
20251030,WR2603,3394.0,0.0,1.0,0.0
20251030,WR2604,3394.0,0.0,1.0,-0.0424278137890392
20251030,WR2605,3382.0,0.0,3.0,-0.0177409816676528
20251030,WR2606,3377.0,0.0,9.0,0.0533017471128225
20251030,WR2607,3392.0,1.0,17.0,0.1025943396226418
20251030,WR2608,3421.0,0.0,6.0,0.0666471791873721
20251030,WR2609,3440.0,0.0,0.0,-0.0348837209302326
20251030,WR2610,3430.0,0.0,0.0,0.0
20251031,WR2511,3206.0,0.0,0.0,-0.1759201497192757
20251031,WR2512,3159.0,0.0,0.0,0.0084082930524878
20251031,WR2601,3356.0,20.0,79.0,0.1573301549463659
20251031,WR2602,3400.0,0.0,15.0,-0.045882352941176
20251031,WR2603,3387.0,0.0,1.0,0.0248007085916732
20251031,WR2604,3394.0,0.0,1.0,-0.0424278137890392
20251031,WR2605,3382.0,0.0,3.0,-0.0177409816676528
20251031,WR2606,3377.0,0.0,9.0,0.0533017471128225
20251031,WR2607,3392.0,0.0,17.0,0.1025943396226418
20251031,WR2608,3421.0,0.0,6.0,0.0666471791873721
20251031,WR2609,3440.0,0.0,0.0,-0.0348837209302326
20251031,WR2610,3430.0,0.0,0.0,0.0
20251103,WR2511,3206.0,0.0,0.0,-0.1759201497192757
20251103,WR2512,3159.0,0.0,0.0,0.0085363381243531
20251103,WR2601,3359.0,12.0,79.0,0.1000297707651087
20251103,WR2602,3387.0,3.0,15.0,0.0
20251103,WR2603,3387.0,0.0,1.0,0.0248007085916732
20251103,WR2604,3394.0,0.0,1.0,-0.0424278137890392
20251103,WR2605,3382.0,0.0,3.0,-0.0177409816676528
20251103,WR2606,3377.0,0.0,9.0,0.0533017471128225
20251103,WR2607,3392.0,0.0,17.0,0.1025943396226418
20251103,WR2608,3421.0,0.0,6.0,0.0666471791873721
20251103,WR2609,3440.0,0.0,0.0,-0.0348837209302326
20251103,WR2610,3430.0,0.0,0.0,0.0
20251104,WR2511,3206.0,0.0,0.0,-0.1759201497192757
20251104,WR2512,3159.0,0.0,0.0,0.0075973409306742
20251104,WR2601,3337.0,12.0,82.0,0.1726101288582571
20251104,WR2602,3385.0,4.0,15.0,-0.0460856720827176
20251104,WR2603,3372.0,0.0,1.0,0.1494661921708173
20251104,WR2604,3414.0,0.0,1.0,-0.1124780316344469
20251104,WR2605,3382.0,0.0,3.0,-0.0177409816676528
20251104,WR2606,3377.0,0.0,9.0,0.0533017471128225
20251104,WR2607,3392.0,0.0,17.0,0.1768867924528292
20251104,WR2608,3442.0,0.0,6.0,-0.0069726902963394
20251104,WR2609,3440.0,0.0,0.0,-0.0348837209302326
20251104,WR2610,3430.0,0.0,0.0,0.0
20251105,WR2511,3206.0,0.0,0.0,-0.1759201497192757
20251105,WR2512,3159.0,0.0,0.0,0.007810749383783
20251105,WR2601,3342.0,24.0,89.0,0.0754039497307008
20251105,WR2602,3363.0,2.0,16.0,-0.1070472792149872
20251105,WR2603,3333.0,1.0,1.0,0.1476147614761478
20251105,WR2604,3374.0,0.0,1.0,-0.1138114997036154
20251105,WR2605,3342.0,0.0,3.0,-0.0179533213644518
20251105,WR2606,3337.0,0.0,9.0,0.197782439316752
20251105,WR2607,3392.0,0.0,17.0,0.0353773584905647
20251105,WR2608,3402.0,0.0,6.0,-0.0070546737213401
20251105,WR2609,3400.0,0.0,0.0,0.1058823529411761
20251105,WR2610,3430.0,0.0,0.0,0.0
20251106,WR2511,3206.0,0.0,0.0,-0.1759201497192757
20251106,WR2512,3159.0,0.0,0.0,0.0073839324775654
20251106,WR2601,3332.0,105.0,74.0,0.0288115246098445
20251106,WR2602,3340.0,9.0,19.0,-0.0251497005988023
20251106,WR2603,3333.0,0.0,1.0,0.0648064806480643
20251106,WR2604,3351.0,0.0,1.0,-0.0752014324082357
20251106,WR2605,3330.0,0.0,3.0,0.0756756756756749
20251106,WR2606,3351.0,2.0,10.0,0.0322291853178162
20251106,WR2607,3360.0,9.0,24.0,0.1499999999999994
20251106,WR2608,3402.0,0.0,6.0,-0.0070546737213401
20251106,WR2609,3400.0,0.0,0.0,0.1058823529411761
20251106,WR2610,3430.0,0.0,0.0,0.0
20251107,WR2511,3206.0,0.0,0.0,-0.1759201497192757
20251107,WR2512,3159.0,0.0,0.0,0.0073839324775654
20251107,WR2601,3332.0,11.0,74.0,-0.0396158463385356
20251107,WR2602,3321.0,1.0,18.0,0.0433604336043353
20251107,WR2603,3333.0,0.0,1.0,0.0648064806480643
20251107,WR2604,3351.0,0.0,1.0,-0.0752014324082357
20251107,WR2605,3330.0,0.0,3.0,0.2018018018018015
20251107,WR2606,3386.0,1.0,10.0,0.0177200236266994
20251107,WR2607,3391.0,7.0,28.0,0.0389265703332339
20251107,WR2608,3402.0,0.0,6.0,-0.0070546737213401
20251107,WR2609,3400.0,0.0,0.0,0.1058823529411761
20251107,WR2610,3430.0,0.0,0.0,0.0
20251110,WR2511,3206.0,0.0,0.0,-0.1759201497192757
20251110,WR2512,3159.0,0.0,0.0,0.0073839324775654
20251110,WR2601,3332.0,23.0,74.0,-0.0396158463385356
20251110,WR2602,3321.0,2.0,18.0,0.0794941282746153
20251110,WR2603,3343.0,0.0,1.0,0.028716721507628
20251110,WR2604,3351.0,0.0,1.0,0.0680393912264998
20251110,WR2605,3370.0,3.0,0.0,0.0569732937685447
20251110,WR2606,3386.0,0.0,10.0,0.0708800945067924
20251110,WR2607,3406.0,17.0,31.0,-0.0810334703464468
20251110,WR2608,3383.0,2.0,7.0,0.0603015075376873
20251110,WR2609,3400.0,0.0,0.0,0.1058823529411761
20251110,WR2610,3430.0,0.0,0.0,0.0
20251111,WR2511,3206.0,0.0,0.0,-0.1759201497192757
20251111,WR2512,3159.0,0.0,0.0,0.0071705240244566
20251111,WR2601,3327.0,19.0,76.0,-0.0036068530207398
20251111,WR2602,3326.0,1.0,18.0,0.0144317498496704
20251111,WR2603,3330.0,1.0,2.0,0.0
20251111,WR2604,3330.0,1.0,2.0,0.0720720720720731
20251111,WR2605,3350.0,1.0,1.0,0.0358208955223871
20251111,WR2606,3360.0,2.0,11.0,0.0999999999999996
20251111,WR2607,3388.0,4.0,31.0,0.1523022432113352
20251111,WR2608,3431.0,0.0,7.0,-0.2028563101136695
20251111,WR2609,3373.0,1.0,1.0,0.0071153276015412
20251111,WR2610,3375.0,1.0,1.0,0.0
20251112,WR2511,3206.0,0.0,0.0,-0.1759201497192757
20251112,WR2512,3159.0,0.0,0.0,0.0073839324775654
20251112,WR2601,3332.0,12.0,74.0,-0.0252100840336133
20251112,WR2602,3325.0,0.0,18.0,0.018045112781956
20251112,WR2603,3330.0,0.0,2.0,-0.0036036036036031
20251112,WR2604,3329.0,0.0,2.0,0.0720937218383888
20251112,WR2605,3349.0,0.0,1.0,0.0286652732158865
20251112,WR2606,3357.0,1.0,11.0,0.0750670241286854
20251112,WR2607,3378.0,0.0,31.0,-0.0284191829484905
20251112,WR2608,3370.0,0.0,7.0,-0.202967359050445
20251112,WR2609,3313.0,0.0,1.0,0.0072441895562933
20251112,WR2610,3315.0,0.0,1.0,0.0
20251113,WR2511,3206.0,0.0,0.0,-0.1759201497192757
20251113,WR2512,3159.0,0.0,0.0,0.006359571902643
20251113,WR2601,3308.0,17.0,73.0,0.06166868198307
20251113,WR2602,3325.0,0.0,18.0,0.0757894736842113
20251113,WR2603,3346.0,1.0,2.0,-0.0071727435744173
20251113,WR2604,3344.0,0.0,2.0,0.0179425837320579
20251113,WR2605,3349.0,0.0,1.0,0.0859958196476569
20251113,WR2606,3373.0,0.0,11.0,-0.0142306552030837
20251113,WR2607,3369.0,8.0,34.0,0.0035618878005339
20251113,WR2608,3370.0,0.0,7.0,-0.2741839762611273
20251113,WR2609,3293.0,0.0,1.0,0.0072881870634669
20251113,WR2610,3295.0,0.0,1.0,0.0
20251114,WR2511,3206.0,0.0,0.0,-0.1759201497192757
20251114,WR2512,3159.0,0.0,0.0,0.004182805680933
20251114,WR2601,3257.0,84.0,85.0,0.2505373042677306
20251114,WR2602,3325.0,0.0,18.0,0.0757894736842113
20251114,WR2603,3346.0,0.0,2.0,-0.0071727435744173
20251114,WR2604,3344.0,0.0,2.0,0.0215311004784695
20251114,WR2605,3350.0,34.0,3.0,0.0823880597014916
20251114,WR2606,3373.0,0.0,11.0,0.0640379484138735
20251114,WR2607,3391.0,7.0,32.0,-0.0743143615452668
20251114,WR2608,3370.0,0.0,7.0,-0.1317507418397627
20251114,WR2609,3333.0,0.0,1.0,0.133213321332132
20251114,WR2610,3370.0,0.0,1.0,0.0
20251117,WR2511,3206.0,0.0,0.0,-0.1759201497192757
20251117,WR2512,3159.0,0.0,0.0,0.0058473916151818
20251117,WR2601,3296.0,97.0,77.0,-0.0109223300970868
20251117,WR2602,3293.0,2.0,18.0,0.156696021864561
20251117,WR2603,3336.0,0.0,2.0,0.028776978417266
20251117,WR2604,3344.0,0.0,2.0,-0.0933014354066985
20251117,WR2605,3318.0,0.0,3.0,0.1989150090415909
20251117,WR2606,3373.0,0.0,11.0,0.017788319003853
20251117,WR2607,3378.0,1.0,33.0,0.0603907637655414
20251117,WR2608,3395.0,0.0,7.0,-0.1979381443298975
20251117,WR2609,3339.0,1.0,2.0,0.1329739442947
20251117,WR2610,3376.0,0.0,1.0,0.0
20251118,WR2512,3159.0,0.0,0.0,0.0056766648526948
20251118,WR2601,3292.0,54.0,79.0,0.120291616038882
20251118,WR2602,3325.0,0.0,18.0,0.0396992481203017
20251118,WR2603,3336.0,0.0,2.0,0.028776978417266
20251118,WR2604,3344.0,0.0,2.0,-0.0933014354066985
20251118,WR2605,3318.0,0.0,3.0,0.1989150090415909
20251118,WR2606,3373.0,0.0,11.0,0.017788319003853
20251118,WR2607,3378.0,0.0,33.0,0.0603907637655414
20251118,WR2608,3395.0,0.0,7.0,-0.1731958762886591
20251118,WR2609,3346.0,0.0,2.0,0.1721458457860132
20251118,WR2610,3394.0,0.0,1.0,-0.0636417206835595
20251118,WR2611,3376.0,0.0,0.0,0.0
20251119,WR2512,3159.0,0.0,0.0,0.0066583437369954
20251119,WR2601,3315.0,35.0,79.0,-0.025339366515837
20251119,WR2602,3308.0,0.0,18.0,0.1015719467956479
20251119,WR2603,3336.0,0.0,2.0,0.028776978417266
20251119,WR2604,3344.0,0.0,2.0,-0.0933014354066985
20251119,WR2605,3318.0,0.0,3.0,0.0723327305605785
20251119,WR2606,3338.0,0.0,11.0,0.0431396045536258
20251119,WR2607,3350.0,1.0,32.0,0.1504477611940311
20251119,WR2608,3392.0,0.0,7.0,-0.2617924528301887
20251119,WR2609,3318.0,0.0,2.0,0.274864376130199
20251119,WR2610,3394.0,0.0,1.0,-0.0636417206835595
20251119,WR2611,3376.0,0.0,0.0,0.0
20251120,WR2512,3159.0,0.0,0.0,0.0055913014714512
20251120,WR2601,3290.0,56.0,84.0,0.0328267477203656
20251120,WR2602,3299.0,0.0,18.0,0.1163989087602299
20251120,WR2603,3331.0,0.0,2.0,0.046832782948063
20251120,WR2604,3344.0,0.0,2.0,-0.0933014354066985
20251120,WR2605,3318.0,0.0,3.0,0.0289330922242303
20251120,WR2606,3326.0,1.0,11.0,0.0865904990980146
20251120,WR2607,3350.0,0.0,32.0,0.1397014925373136
20251120,WR2608,3389.0,0.0,7.0,-0.2018294482148124
20251120,WR2609,3332.0,2.0,2.0,0.2160864345738291
20251120,WR2610,3392.0,0.0,1.0,-0.0566037735849063
20251120,WR2611,3376.0,0.0,0.0,0.0
20251121,WR2512,3159.0,0.0,0.0,0.0061888451401559
20251121,WR2601,3304.0,121.0,82.0,-0.0145278450363197
20251121,WR2602,3300.0,0.0,18.0,0.0872727272727278
20251121,WR2603,3324.0,1.0,1.0,0.0577617328519846
20251121,WR2604,3340.0,1.0,1.0,-0.0359281437125744
20251121,WR2605,3330.0,0.0,3.0,0.2342342342342336
20251121,WR2606,3395.0,1.0,11.0,-0.0918998527245946
20251121,WR2607,3369.0,3.0,32.0,0.0997328584149599
20251121,WR2608,3397.0,1.0,7.0,0.0105975861053879
20251121,WR2609,3400.0,1.0,2.0,0.0705882352941174
20251121,WR2610,3420.0,1.0,0.0,-0.1543859649122803
20251121,WR2611,3376.0,0.0,0.0,0.0
20251124,WR2512,3159.0,0.0,0.0,0.0072558874057001
20251124,WR2601,3329.0,119.0,65.0,0.0
20251124,WR2602,3329.0,2.0,17.0,-0.0180234304595972
20251124,WR2603,3324.0,0.0,1.0,0.0577617328519846
20251124,WR2604,3340.0,0.0,1.0,-0.0359281437125744
20251124,WR2605,3330.0,0.0,3.0,0.0612612612612624
20251124,WR2606,3347.0,4.0,11.0,0.0466089034956676
20251124,WR2607,3360.0,8.0,33.0,0.0535714285714297
20251124,WR2608,3375.0,3.0,7.0,0.0355555555555566
20251124,WR2609,3385.0,5.0,4.0,0.1240768094534718
20251124,WR2610,3420.0,0.0,0.0,-0.1543859649122803
20251124,WR2611,3376.0,0.0,0.0,0.0
20251125,WR2512,3159.0,0.0,0.0,0.0077253860025395
20251125,WR2601,3340.0,63.0,69.0,-0.0431137724550896
20251125,WR2602,3328.0,0.0,17.0,-0.0144230769230775
20251125,WR2603,3324.0,0.0,1.0,0.0577617328519846
20251125,WR2604,3340.0,0.0,1.0,-0.068263473053892
20251125,WR2605,3321.0,1.0,2.0,0.0542005420054199
20251125,WR2606,3336.0,0.0,11.0,0.0683453237410081
20251125,WR2607,3355.0,3.0,32.0,0.0679582712369608
20251125,WR2608,3374.0,0.0,7.0,0.0497925311203317
20251125,WR2609,3388.0,0.0,4.0,0.1133412042502959
20251125,WR2610,3420.0,0.0,0.0,-0.1543859649122803
20251125,WR2611,3376.0,0.0,0.0,0.0
20251126,WR2512,3159.0,0.0,0.0,0.0078534310744048
20251126,WR2601,3343.0,42.0,60.0,-0.028716721507628
20251126,WR2602,3335.0,0.0,17.0,-0.0395802098950528
20251126,WR2603,3324.0,0.0,1.0,0.0577617328519846
20251126,WR2604,3340.0,0.0,1.0,-0.068263473053892
20251126,WR2605,3321.0,0.0,2.0,0.2276422764227641
20251126,WR2606,3384.0,1.0,11.0,0.0106382978723402
20251126,WR2607,3387.0,1.0,32.0,-0.1381753764393263
20251126,WR2608,3348.0,0.0,7.0,0.096774193548387
20251126,WR2609,3375.0,0.0,4.0,0.160000000000001
20251126,WR2610,3420.0,0.0,0.0,-0.1543859649122803
20251126,WR2611,3376.0,0.0,0.0,0.0
20251127,WR2512,3159.0,0.0,0.0,0.0089204733399489
20251127,WR2601,3368.0,64.0,66.0,-0.0641330166270779
20251127,WR2602,3350.0,0.0,17.0,-0.0429850746268658
20251127,WR2603,3338.0,0.0,1.0,0.0071899340922705
20251127,WR2604,3340.0,0.0,1.0,-0.0431137724550896
20251127,WR2605,3328.0,0.0,2.0,0.165865384615385
20251127,WR2606,3374.0,5.0,9.0,-0.0177830468286899
20251127,WR2607,3369.0,4.0,31.0,-0.0071237756010691
20251127,WR2608,3367.0,1.0,7.0,0.0285120285120292
20251127,WR2609,3375.0,0.0,4.0,0.0213333333333345
20251127,WR2610,3381.0,0.0,0.0,-0.0177462289263536
20251127,WR2611,3376.0,0.0,0.0,0.0
20251128,WR2512,3159.0,0.0,0.0,0.0088777916493272
20251128,WR2601,3367.0,46.0,53.0,0.0
20251128,WR2602,3367.0,1.0,16.0,-0.1033561033561034
20251128,WR2603,3338.0,0.0,1.0,0.0647094068304374
20251128,WR2604,3356.0,0.0,1.0,-0.0429082240762812
20251128,WR2605,3344.0,0.0,2.0,0.0071770334928231
20251128,WR2606,3346.0,0.0,9.0,0.1040047818290492
20251128,WR2607,3375.0,4.0,32.0,-0.1102222222222222
20251128,WR2608,3344.0,4.0,7.0,0.1112440191387564
20251128,WR2609,3375.0,0.0,4.0,0.1315555555555567
20251128,WR2610,3412.0,0.0,0.0,-0.126611957796014
20251128,WR2611,3376.0,0.0,0.0,0.0
20251201,WR2512,3159.0,0.0,0.0,0.009816788843006
20251201,WR2601,3389.0,105.0,47.0,0.0566538802006482
20251201,WR2602,3405.0,1.0,16.0,-0.1057268722466955
20251201,WR2603,3375.0,0.0,1.0,0.0640000000000009
20251201,WR2604,3393.0,0.0,1.0,-0.1732979664014147
20251201,WR2605,3344.0,0.0,2.0,0.1830143540669855
20251201,WR2606,3395.0,7.0,9.0,-0.0812960235640645
20251201,WR2607,3372.0,24.0,32.0,0.0213523131672603
20251201,WR2608,3378.0,0.0,7.0,0.0
20251201,WR2609,3378.0,4.0,4.0,0.1705150976909406
20251201,WR2610,3426.0,0.0,0.0,-0.0700525394045539
20251201,WR2611,3406.0,0.0,0.0,0.0
20251202,WR2512,3159.0,0.0,0.0,0.0100301972961148
20251202,WR2601,3394.0,13.0,47.0,-0.060106069534473
20251202,WR2602,3377.0,0.0,16.0,0.0319810482676929
20251202,WR2603,3386.0,0.0,1.0,0.0637920850561126
20251202,WR2604,3404.0,0.0,1.0,-0.1727379553466512
20251202,WR2605,3355.0,0.0,2.0,0.0464977645305513
20251202,WR2606,3368.0,2.0,7.0,0.0320665083135383
20251202,WR2607,3377.0,0.0,32.0,-0.0177672490376079
20251202,WR2608,3372.0,0.0,7.0,-0.0996441281138786
20251202,WR2609,3344.0,0.0,4.0,0.294258373205742
20251202,WR2610,3426.0,0.0,0.0,-0.0700525394045539
20251202,WR2611,3406.0,0.0,0.0,0.0
20251203,WR2512,3159.0,0.0,0.0,0.0095606986992754
20251203,WR2601,3383.0,7.0,45.0,-0.0744900975465565
20251203,WR2602,3362.0,1.0,15.0,0.0107079119571675
20251203,WR2603,3365.0,1.0,0.0,0.0891530460624068
20251203,WR2604,3390.0,0.0,1.0,-0.1238938053097342
20251203,WR2605,3355.0,0.0,2.0,0.0071535022354698
20251203,WR2606,3357.0,7.0,0.0,0.0142984807864161
20251203,WR2607,3361.0,10.0,22.0,-0.0142814638500441
20251203,WR2608,3357.0,4.0,3.0,-0.032171581769437
20251203,WR2609,3348.0,6.0,2.0,0.2795698924731189
20251203,WR2610,3426.0,0.0,0.0,-0.0700525394045539
20251203,WR2611,3406.0,0.0,0.0,0.0
20251204,WR2512,3159.0,0.0,0.0,0.010542377583576
20251204,WR2601,3406.0,45.0,46.0,-0.0775102759835588
20251204,WR2602,3384.0,0.0,15.0,0.0106382978723402
20251204,WR2603,3387.0,0.0,0.0,0.0106288751107186
20251204,WR2604,3390.0,0.0,1.0,-0.0460176991150445
20251204,WR2605,3377.0,0.0,2.0,-0.0710689961504291
20251204,WR2606,3357.0,0.0,0.0,0.1501340482573736
20251204,WR2607,3399.0,35.0,24.0,-0.1059135039717564
20251204,WR2608,3369.0,2.0,2.0,-0.0249332146037399
20251204,WR2609,3362.0,2.0,1.0,0.2284354550862577
20251204,WR2610,3426.0,0.0,0.0,-0.0700525394045539
20251204,WR2611,3406.0,0.0,0.0,0.0
20251205,WR2512,3159.0,0.0,0.0,0.0121216001365814
20251205,WR2601,3443.0,151.0,68.0,-0.2056346209700841
20251205,WR2602,3384.0,0.0,15.0,0.2056737588652488
20251205,WR2603,3442.0,0.0,0.0,-0.1464264962231261
20251205,WR2604,3400.0,1.0,1.0,-0.0811764705882347
20251205,WR2605,3377.0,0.0,2.0,-0.0710689961504291
20251205,WR2606,3357.0,0.0,0.0,0.1215370866845386
20251205,WR2607,3391.0,3.0,24.0,0.0
20251205,WR2608,3391.0,1.0,1.0,-0.0389265703332353
20251205,WR2609,3380.0,0.0,1.0,0.1633136094674556
20251205,WR2610,3426.0,0.0,0.0,-0.0700525394045539
20251205,WR2611,3406.0,0.0,0.0,0.0
20251208,WR2512,3159.0,0.0,0.0,0.0107131043460631
20251208,WR2601,3410.0,78.0,75.0,-0.147800586510264
20251208,WR2602,3368.0,1.0,15.0,0.0819477434679347
20251208,WR2603,3391.0,0.0,0.0,-0.0035387791212038
20251208,WR2604,3390.0,0.0,1.0,-0.1769911504424777
20251208,WR2605,3340.0,3.0,3.0,0.0610778443113781
20251208,WR2606,3357.0,0.0,0.0,0.1036639857015204
20251208,WR2607,3386.0,9.0,21.0,0.0177200236266994
20251208,WR2608,3391.0,0.0,1.0,-0.0247714538484227
20251208,WR2609,3384.0,0.0,1.0,0.0815602836879438
20251208,WR2610,3407.0,0.0,0.0,-0.0035221602582913
20251208,WR2611,3406.0,0.0,0.0,0.0
20251209,WR2512,3159.0,0.0,0.0,0.0108838311085502
20251209,WR2601,3414.0,122.0,68.0,-0.0667838312829527
20251209,WR2602,3395.0,7.0,17.0,-0.1307805596465385
20251209,WR2603,3358.0,4.0,0.0,0.1143537820131017
20251209,WR2604,3390.0,0.0,1.0,-0.1840707964601766
20251209,WR2605,3338.0,0.0,3.0,0.086279209107249
20251209,WR2606,3362.0,2.0,0.0,0.007138607971445
20251209,WR2607,3364.0,4.0,19.0,0.0071343638525567
20251209,WR2608,3366.0,1.0,1.0,0.0641711229946526
20251209,WR2609,3384.0,0.0,1.0,0.0815602836879438
20251209,WR2610,3407.0,0.0,0.0,-0.1267977692985025
20251209,WR2611,3371.0,1.0,1.0,0.0
20251210,WR2512,3159.0,0.0,0.0,0.0102862874398454
20251210,WR2601,3400.0,75.0,50.0,-0.052941176470588
20251210,WR2602,3385.0,1.0,16.0,-0.1276218611521411
20251210,WR2603,3349.0,0.0,0.0,0.1469095252314121
20251210,WR2604,3390.0,0.0,1.0,-0.0141592920353978
20251210,WR2605,3386.0,6.0,3.0,0.0921441228588317
20251210,WR2606,3412.0,1.0,1.0,-0.1934349355216875
20251210,WR2607,3357.0,1.0,20.0,0.1787310098302059
20251210,WR2608,3407.0,3.0,2.0,-0.0669210449075432
20251210,WR2609,3388.0,0.0,1.0,0.0743801652892566
20251210,WR2610,3409.0,1.0,1.0,0.0633616896450579
20251210,WR2611,3427.0,2.0,1.0,0.0
20251211,WR2512,3159.0,0.0,0.0,0.0090485184118142
20251211,WR2601,3371.0,39.0,45.0,-0.0676357164046277
20251211,WR2602,3352.0,2.0,15.0,0.0357995226730301
20251211,WR2603,3362.0,0.0,0.0,0.0963712076145162
20251211,WR2604,3389.0,0.0,1.0,-0.0778990852758929
20251211,WR2605,3367.0,1.0,4.0,0.0249480249480242
20251211,WR2606,3374.0,3.0,2.0,-0.0284528749259038
20251211,WR2607,3366.0,9.0,17.0,0.02139037433155
20251211,WR2608,3372.0,1.0,2.0,0.0569395017793592
20251211,WR2609,3388.0,0.0,1.0,0.0743801652892566
20251211,WR2610,3409.0,0.0,1.0,-0.0528014080375474
20251211,WR2611,3394.0,0.0,1.0,0.0
20251212,WR2512,3159.0,0.0,0.0,0.006914433880726
20251212,WR2601,3321.0,49.0,46.0,-0.0216802168021676
20251212,WR2602,3315.0,0.0,15.0,0.1701357466063342
20251212,WR2603,3362.0,0.0,0.0,0.0963712076145162
20251212,WR2604,3389.0,0.0,1.0,-0.0778990852758929
20251212,WR2605,3367.0,0.0,4.0,0.0534600534600535
20251212,WR2606,3382.0,2.0,0.0,-0.0354819633353042
20251212,WR2607,3372.0,3.0,15.0,0.0640569395017784
20251212,WR2608,3390.0,1.0,2.0,-0.0070796460176989
20251212,WR2609,3388.0,0.0,1.0,0.0743801652892566
20251212,WR2610,3409.0,0.0,1.0,-0.0528014080375474
20251212,WR2611,3394.0,0.0,1.0,0.0
20251215,WR2512,3159.0,0.0,0.0,0.0067010254276171
20251215,WR2601,3316.0,77.0,34.0,0.1266586248492158
20251215,WR2602,3351.0,0.0,15.0,0.0393912264995535
20251215,WR2603,3362.0,0.0,0.0,0.0963712076145162
20251215,WR2604,3389.0,0.0,1.0,-0.0531130126881085
20251215,WR2605,3374.0,1.0,3.0,0.0284528749259038
20251215,WR2606,3382.0,0.0,0.0,0.0177409816676528
20251215,WR2607,3387.0,3.0,16.0,-0.0177147918511959
20251215,WR2608,3382.0,1.0,2.0,0.0212891780011839
20251215,WR2609,3388.0,0.0,1.0,-0.0035419126328219
20251215,WR2610,3387.0,1.0,0.0,-0.0389725420726305
20251215,WR2611,3376.0,1.0,2.0,0.0
20251216,WR2601,3432.0,226.0,59.0,-0.2307692307692312
20251216,WR2602,3366.0,0.0,15.0,0.2745098039215676
20251216,WR2603,3443.0,0.0,0.0,-0.1882079581760094
20251216,WR2604,3389.0,0.0,1.0,-0.0637356152257302
20251216,WR2605,3371.0,11.0,2.0,0.039157520023731
20251216,WR2606,3382.0,0.0,0.0,0.003548196333531
20251216,WR2607,3383.0,7.0,18.0,0.0070942950044345
20251216,WR2608,3385.0,1.0,1.0,0.0177252584933542
20251216,WR2609,3390.0,1.0,1.0,-0.0070796460176989
20251216,WR2610,3388.0,0.0,0.0,-0.0425029515938613
20251216,WR2611,3376.0,0.0,2.0,0.003554502369667
20251216,WR2612,3377.0,0.0,0.0,0.0
20251217,WR2601,3340.0,546.0,70.0,0.179640718562875
20251217,WR2602,3390.0,5.0,18.0,0.2796460176991138
20251217,WR2603,3469.0,0.0,0.0,-0.2490631305851827
20251217,WR2604,3397.0,1.0,1.0,0.0070650574035902
20251217,WR2605,3399.0,0.0,2.0,-0.0600176522506625
20251217,WR2606,3382.0,0.0,0.0,0.0212891780011839
20251217,WR2607,3388.0,3.0,16.0,0.0106257378984659
20251217,WR2608,3391.0,0.0,1.0,-0.0035387791212038
20251217,WR2609,3390.0,0.0,1.0,0.0141592920353978
20251217,WR2610,3394.0,0.0,0.0,-0.0494991160872122
20251217,WR2611,3380.0,0.0,2.0,0.0106508875739654
20251217,WR2612,3383.0,0.0,0.0,0.0
20251218,WR2601,3392.0,240.0,100.0,-0.1839622641509435
20251218,WR2602,3340.0,0.0,18.0,0.3988023952095814
20251218,WR2603,3451.0,4.0,2.0,-0.3546798029556646
20251218,WR2604,3349.0,0.0,1.0,0.3260674828306955
20251218,WR2605,3440.0,2.0,3.0,-0.1709302325581401
20251218,WR2606,3391.0,0.0,0.0,0.0353877912120328
20251218,WR2607,3401.0,0.0,16.0,0.0
20251218,WR2608,3401.0,0.0,1.0,-0.0388121140840929
20251218,WR2609,3390.0,0.0,1.0,0.1557522123893795
20251218,WR2610,3434.0,0.0,0.0,-0.0489225393127541
20251218,WR2611,3420.0,0.0,2.0,0.0105263157894723
20251218,WR2612,3423.0,0.0,0.0,0.0
20251219,WR2601,3410.0,51.0,100.0,-0.2498533724340181
20251219,WR2602,3339.0,3.0,18.0,0.3054806828391747
20251219,WR2603,3424.0,0.0,2.0,-0.2383177570093453
20251219,WR2604,3356.0,0.0,1.0,0.3003575685339701
20251219,WR2605,3440.0,0.0,3.0,-0.1709302325581401
20251219,WR2606,3391.0,0.0,0.0,0.0353877912120328
20251219,WR2607,3401.0,0.0,16.0,0.0
20251219,WR2608,3401.0,0.0,1.0,-0.0388121140840929
20251219,WR2609,3390.0,0.0,1.0,0.1557522123893795
20251219,WR2610,3434.0,0.0,0.0,-0.0489225393127541
20251219,WR2611,3420.0,0.0,2.0,0.0105263157894723
20251219,WR2612,3423.0,0.0,0.0,0.0
20251222,WR2601,3506.0,183.0,64.0,-0.5202509982886481
20251222,WR2602,3354.0,5.0,17.0,0.3255813953488378
20251222,WR2603,3445.0,2.0,2.0,-0.191582002902757
20251222,WR2604,3390.0,0.0,1.0,0.176991150442479
20251222,WR2605,3440.0,0.0,3.0,-0.1709302325581401
20251222,WR2606,3391.0,0.0,0.0,0.0353877912120328
20251222,WR2607,3401.0,0.0,16.0,0.0
20251222,WR2608,3401.0,0.0,1.0,-0.0388121140840929
20251222,WR2609,3390.0,0.0,1.0,0.1557522123893795
20251222,WR2610,3434.0,0.0,0.0,-0.0489225393127541
20251222,WR2611,3420.0,0.0,2.0,0.2771929824561407
20251222,WR2612,3499.0,1.0,1.0,0.0
20251223,WR2601,3456.0,147.0,25.0,-0.3472222222222227
20251223,WR2602,3356.0,0.0,17.0,0.3182359952324196
20251223,WR2603,3445.0,0.0,2.0,-0.1532656023222056
20251223,WR2604,3401.0,0.0,1.0,0.1376065862981477
20251223,WR2605,3440.0,0.0,3.0,-0.1081395348837208
20251223,WR2606,3409.0,0.0,0.0,-0.0281607509533587
20251223,WR2607,3401.0,0.0,16.0,0.0
20251223,WR2608,3401.0,0.0,1.0,-0.0388121140840929
20251223,WR2609,3390.0,0.0,1.0,0.1557522123893795
20251223,WR2610,3434.0,0.0,0.0,-0.0489225393127541
20251223,WR2611,3420.0,0.0,2.0,0.2771929824561407
20251223,WR2612,3499.0,0.0,1.0,0.0
20251224,WR2601,3501.0,85.0,24.0,-0.4353041988003427
20251224,WR2602,3374.0,0.0,17.0,0.2525192649673968
20251224,WR2603,3445.0,0.0,2.0,-0.1567489114658928
20251224,WR2604,3400.0,0.0,1.0,0.1411764705882348
20251224,WR2605,3440.0,0.0,3.0,-0.1116279069767438
20251224,WR2606,3408.0,0.0,0.0,0.1760563380281699
20251224,WR2607,3458.0,2.0,16.0,-0.1908617698091386
20251224,WR2608,3403.0,0.0,1.0,-0.0458419042021751
20251224,WR2609,3390.0,0.0,1.0,0.2619469026548664
20251224,WR2610,3464.0,0.0,0.0,-0.1524249422632793
20251224,WR2611,3420.0,0.0,2.0,0.2771929824561407
20251224,WR2612,3499.0,0.0,1.0,0.0
20251225,WR2601,3515.0,25.0,20.0,-0.4813655761024185
20251225,WR2602,3374.0,0.0,17.0,0.2596324836988728
20251225,WR2603,3447.0,1.0,2.0,-0.1636205395996524
20251225,WR2604,3400.0,0.0,1.0,0.1411764705882348
20251225,WR2605,3440.0,0.0,3.0,-0.1116279069767438
20251225,WR2606,3408.0,0.0,0.0,0.1056338028169019
20251225,WR2607,3438.0,1.0,16.0,-0.1221640488656197
20251225,WR2608,3403.0,0.0,1.0,-0.0458419042021751
20251225,WR2609,3390.0,0.0,1.0,0.2619469026548664
20251225,WR2610,3464.0,0.0,0.0,-0.1524249422632793
20251225,WR2611,3420.0,0.0,2.0,0.2771929824561407
20251225,WR2612,3499.0,0.0,1.0,0.0
20251226,WR2601,3451.0,229.0,49.0,-0.2468849608809047
20251226,WR2602,3380.0,0.0,17.0,0.237869822485206
20251226,WR2603,3447.0,0.0,2.0,-0.1636205395996524
20251226,WR2604,3400.0,0.0,1.0,0.4270588235294124
20251226,WR2605,3521.0,17.0,11.0,-0.3851178642431123
20251226,WR2606,3408.0,0.0,0.0,0.1056338028169019
20251226,WR2607,3438.0,0.0,16.0,-0.0872600349040144
20251226,WR2608,3413.0,1.0,1.0,-0.0421916202754171
20251226,WR2609,3401.0,2.0,1.0,0.2222875624816236
20251226,WR2610,3464.0,0.0,0.0,-0.1316397228637411
20251226,WR2611,3426.0,0.0,2.0,0.2556917688266189
20251226,WR2612,3499.0,0.0,1.0,0.0
20251229,WR2601,3421.0,101.0,36.0,-0.1438175971938036
20251229,WR2602,3380.0,0.0,17.0,0.2343195266272193
20251229,WR2603,3446.0,21.0,2.0,-0.1601857225769012
20251229,WR2604,3400.0,0.0,1.0,0.3282352941176469
20251229,WR2605,3493.0,7.0,14.0,0.0343544231319778
20251229,WR2606,3503.0,8.0,4.0,-0.2226662860405373
20251229,WR2607,3438.0,0.0,16.0,0.0523560209424092
20251229,WR2608,3453.0,0.0,1.0,0.0764552562988694
20251229,WR2609,3475.0,6.0,2.0,-0.0379856115107917
20251229,WR2610,3464.0,0.0,0.0,-0.0969976905311784
20251229,WR2611,3436.0,0.0,2.0,0.2200232828870767
20251229,WR2612,3499.0,0.0,1.0,0.0
20251230,WR2601,3470.0,175.0,12.0,-0.3112391930835736
20251230,WR2602,3380.0,0.0,17.0,0.259171597633137
20251230,WR2603,3453.0,0.0,2.0,-0.1841876629018246
20251230,WR2604,3400.0,0.0,1.0,0.1799999999999988
20251230,WR2605,3451.0,27.0,12.0,0.1182266009852215
20251230,WR2606,3485.0,1.0,4.0,-0.2238163558106172
20251230,WR2607,3420.0,3.0,18.0,0.1157894736842095
20251230,WR2608,3453.0,0.0,1.0,0.1807124239791475
20251230,WR2609,3505.0,4.0,4.0,-0.1403708987161191
20251230,WR2610,3464.0,0.0,0.0,-0.0831408775981525
20251230,WR2611,3440.0,0.0,2.0,0.2058139534883727
20251230,WR2612,3499.0,0.0,1.0,0.0
20251231,WR2601,3600.0,1516.0,3.0,-0.6699999999999995
20251231,WR2602,3399.0,1.0,17.0,0.1518093556928503
20251231,WR2603,3442.0,0.0,2.0,-0.1464264962231261
20251231,WR2604,3400.0,0.0,1.0,0.1835294117647068
20251231,WR2605,3452.0,26.0,14.0,0.0764774044032439
20251231,WR2606,3474.0,0.0,4.0,-0.2728842832469769
20251231,WR2607,3395.0,2.0,19.0,0.2686303387334305
20251231,WR2608,3471.0,0.0,1.0,0.038029386343994
20251231,WR2609,3482.0,1.0,3.0,-0.0620333141872486
20251231,WR2610,3464.0,0.0,0.0,-0.0831408775981525
20251231,WR2611,3440.0,0.0,2.0,0.3069767441860476
20251231,WR2612,3528.0,1.0,1.0,0.0
20260105,WR2601,3600.0,3.0,0.0,-0.8666666666666663
20260105,WR2602,3340.0,6.0,16.0,0.3664670658682638
20260105,WR2603,3442.0,0.0,2.0,-0.1464264962231261
20260105,WR2604,3400.0,0.0,1.0,0.1552941176470588
20260105,WR2605,3444.0,14.0,14.0,0.0418118466898951
20260105,WR2606,3456.0,14.0,5.0,0.0138888888888892
20260105,WR2607,3460.0,9.0,21.0,0.0381502890173415
20260105,WR2608,3471.0,0.0,1.0,0.038029386343994
20260105,WR2609,3482.0,0.0,3.0,-0.0620333141872486
20260105,WR2610,3464.0,0.0,0.0,-0.0831408775981525
20260105,WR2611,3440.0,0.0,2.0,0.3034883720930219
20260105,WR2612,3527.0,0.0,1.0,0.0
20260106,WR2601,3600.0,0.0,0.0,-0.7999999999999998
20260106,WR2602,3360.0,1.0,16.0,0.2928571428571418
20260106,WR2603,3442.0,0.0,2.0,-0.1464264962231261
20260106,WR2604,3400.0,0.0,1.0,0.2682352941176482
20260106,WR2605,3476.0,113.0,48.0,0.048331415420022
20260106,WR2606,3490.0,1.0,6.0,-0.0171919770773638
20260106,WR2607,3485.0,62.0,35.0,-0.0241032998565273
20260106,WR2608,3478.0,0.0,1.0,-0.0897067280046002
20260106,WR2609,3452.0,4.0,3.0,0.0417149478563141
20260106,WR2610,3464.0,0.0,0.0,-0.0069284064665122
20260106,WR2611,3462.0,1.0,1.0,0.2253032928942797
20260106,WR2612,3527.0,0.0,1.0,0.0
20260107,WR2601,3600.0,0.0,0.0,-0.5266666666666664
20260107,WR2602,3442.0,1.0,15.0,0.2928529924462522
20260107,WR2603,3526.0,0.0,2.0,-0.1497447532614861
20260107,WR2604,3482.0,0.0,1.0,0.1068351522113726
20260107,WR2605,3513.0,112.0,52.0,0.1161400512382577
20260107,WR2606,3547.0,1.0,5.0,-0.1590076120665355
20260107,WR2607,3500.0,14.0,33.0,0.1885714285714295
20260107,WR2608,3555.0,0.0,1.0,-0.0843881856540078
20260107,WR2609,3530.0,0.0,3.0,-0.0577903682719544
20260107,WR2610,3513.0,0.0,0.0,-0.0239111870196406
20260107,WR2611,3506.0,0.0,1.0,0.0718767826582995
20260107,WR2612,3527.0,0.0,1.0,0.0
20260108,WR2601,3600.0,0.0,0.0,-0.3466666666666662
20260108,WR2602,3496.0,1.0,16.0,0.1029748283752853
20260108,WR2603,3526.0,0.0,2.0,-0.1497447532614861
20260108,WR2604,3482.0,0.0,1.0,0.0551407237219985
20260108,WR2605,3498.0,74.0,49.0,0.0617495711835331
20260108,WR2606,3516.0,4.0,5.0,-0.0580204778156994
20260108,WR2607,3499.0,2.0,33.0,0.0411546156044577
20260108,WR2608,3511.0,1.0,1.0,0.0649387638849328
20260108,WR2609,3530.0,0.0,3.0,-0.0577903682719544
20260108,WR2610,3513.0,0.0,0.0,-0.0239111870196406
20260108,WR2611,3506.0,0.0,1.0,0.0718767826582995
20260108,WR2612,3527.0,0.0,1.0,0.0
20260109,WR2601,3600.0,0.0,0.0,-0.4833333333333329
20260109,WR2602,3455.0,13.0,21.0,0.1215629522431269
20260109,WR2603,3490.0,0.0,2.0,-0.0275071633237824
20260109,WR2604,3482.0,0.0,1.0,0.0241240666283735
20260109,WR2605,3489.0,32.0,52.0,0.082545141874462
20260109,WR2606,3513.0,0.0,5.0,-0.1468830059777963
20260109,WR2607,3470.0,2.0,33.0,0.1417867435158513
20260109,WR2608,3511.0,0.0,1.0,0.0307604671033896
20260109,WR2609,3520.0,0.0,3.0,-0.0238636363636359
20260109,WR2610,3513.0,0.0,0.0,-0.0273270708795903
20260109,WR2611,3505.0,0.0,1.0,0.0753209700427959
20260109,WR2612,3527.0,0.0,1.0,0.0
20260112,WR2601,3600.0,0.0,0.0,-0.5266666666666664
20260112,WR2602,3442.0,6.0,15.0,0.1673445671121429
20260112,WR2603,3490.0,0.0,2.0,-0.0275071633237824
20260112,WR2604,3482.0,0.0,1.0,-0.1344055140723719
20260112,WR2605,3443.0,244.0,77.0,0.2404879465582334
20260112,WR2606,3512.0,0.0,5.0,-0.1093394077448746
20260112,WR2607,3480.0,4.0,33.0,0.1068965517241373
20260112,WR2608,3511.0,0.0,1.0,0.0205069780689264
20260112,WR2609,3517.0,1.0,3.0,-0.0136479954506683
20260112,WR2610,3513.0,0.0,0.0,-0.0478223740392826
20260112,WR2611,3499.0,0.0,1.0,0.0960274364104023
20260112,WR2612,3527.0,0.0,1.0,0.0
20260113,WR2601,3600.0,0.0,0.0,-0.4533333333333336
20260113,WR2602,3464.0,2.0,15.0,0.0034642032332561
20260113,WR2603,3465.0,0.0,2.0,-0.3636363636363633
20260113,WR2604,3360.0,1.0,1.0,0.3499999999999987
20260113,WR2605,3458.0,1013.0,157.0,-0.0312319259687678
20260113,WR2606,3449.0,2.0,5.0,0.0765439257755877
20260113,WR2607,3471.0,15.0,35.0,0.1382886776145202
20260113,WR2608,3511.0,0.0,1.0,0.0205069780689264
20260113,WR2609,3517.0,0.0,3.0,-0.0136479954506683
20260113,WR2610,3513.0,0.0,0.0,-0.1707941929974383
20260113,WR2611,3463.0,1.0,1.0,0.2217730291654644
20260113,WR2612,3527.0,0.0,1.0,0.0
20260114,WR2601,3600.0,0.0,0.0,-0.5033333333333334
20260114,WR2602,3449.0,0.0,15.0,0.0556683096549717
20260114,WR2603,3465.0,0.0,2.0,-0.3636363636363633
20260114,WR2604,3360.0,0.0,1.0,0.3321428571428573
20260114,WR2605,3453.0,213.0,130.0,-0.0139009556907043
20260114,WR2606,3449.0,0.0,5.0,0.0034792693534368
20260114,WR2607,3450.0,3.0,32.0,0.212173913043479
20260114,WR2608,3511.0,0.0,1.0,0.0205069780689264
20260114,WR2609,3517.0,0.0,3.0,-0.0136479954506683
20260114,WR2610,3513.0,0.0,0.0,-0.1707941929974383
20260114,WR2611,3463.0,0.0,1.0,0.2217730291654644
20260114,WR2612,3527.0,0.0,1.0,0.0
20260115,WR2601,3600.0,0.0,0.0,-0.4499999999999997
20260115,WR2602,3465.0,1.0,14.0,0.0
20260115,WR2603,3465.0,0.0,2.0,-0.2216450216450223
20260115,WR2604,3401.0,0.0,1.0,0.1799470743898856
20260115,WR2605,3452.0,155.0,140.0,-0.1112398609501736
20260115,WR2606,3420.0,3.0,3.0,0.0947368421052621
20260115,WR2607,3447.0,0.0,32.0,0.2228024369016532
20260115,WR2608,3511.0,0.0,1.0,0.0205069780689264
20260115,WR2609,3517.0,0.0,3.0,-0.0136479954506683
20260115,WR2610,3513.0,0.0,0.0,-0.1707941929974383
20260115,WR2611,3463.0,0.0,1.0,0.2217730291654644
20260115,WR2612,3527.0,0.0,1.0,0.0
20260116,WR2602,3440.0,4.0,12.0,0.0872093023255802
20260116,WR2603,3465.0,0.0,2.0,-0.2216450216450223
20260116,WR2604,3401.0,0.0,1.0,0.2716847985886517
20260116,WR2605,3478.0,246.0,99.0,-0.1173087981598617
20260116,WR2606,3444.0,2.0,3.0,-0.0487804878048776
20260116,WR2607,3430.0,1.0,31.0,0.2833819241982507
20260116,WR2608,3511.0,0.0,1.0,0.0034178296781535
20260116,WR2609,3512.0,0.0,3.0,0.0034168564920271
20260116,WR2610,3513.0,0.0,0.0,-0.1707941929974383
20260116,WR2611,3463.0,0.0,1.0,0.2217730291654644
20260116,WR2612,3527.0,0.0,1.0,0.0
20260116,WR2701,3527.0,0.0,0.0,0.0
20260119,WR2602,3455.0,0.0,12.0,0.0347322720694656
20260119,WR2603,3465.0,0.0,2.0,-0.1281385281385287
20260119,WR2604,3428.0,1.0,0.0,0.1015169194865812
20260119,WR2605,3457.0,157.0,135.0,0.1527335840323989
20260119,WR2606,3501.0,7.0,2.0,-0.2433590402742074
20260119,WR2607,3430.0,0.0,31.0,0.2833819241982507
20260119,WR2608,3511.0,0.0,1.0,0.0034178296781535
20260119,WR2609,3512.0,0.0,3.0,0.0034168564920271
20260119,WR2610,3513.0,0.0,0.0,-0.1707941929974383
20260119,WR2611,3463.0,0.0,1.0,0.2217730291654644
20260119,WR2612,3527.0,0.0,1.0,0.0
20260119,WR2701,3527.0,0.0,0.0,0.0
20260120,WR2602,3440.0,4.0,12.0,0.0453488372093016
20260120,WR2603,3453.0,0.0,2.0,-0.086880973066898
20260120,WR2604,3428.0,0.0,0.0,0.0700116686114347
20260120,WR2605,3448.0,116.0,128.0,0.1044083526682122
20260120,WR2606,3478.0,0.0,2.0,-0.1656124209315703
20260120,WR2607,3430.0,0.0,31.0,0.1784256559766754
20260120,WR2608,3481.0,0.0,1.0,0.0586038494685441
20260120,WR2609,3498.0,0.0,3.0,0.0480274442538588
20260120,WR2610,3512.0,0.0,0.0,-0.167425968109339
20260120,WR2611,3463.0,0.0,1.0,0.2148426220040438
20260120,WR2612,3525.0,0.0,1.0,7.65001195314309e-05
20260120,WR2701,3527.0,0.0,0.0,0.0
20260121,WR2602,3460.0,0.0,12.0,-0.0242774566473986
20260121,WR2603,3453.0,0.0,2.0,-0.086880973066898
20260121,WR2604,3428.0,0.0,0.0,0.0840140023337232
20260121,WR2605,3452.0,75.0,122.0,-0.0173812282734648
20260121,WR2606,3447.0,1.0,1.0,-0.1636205395996524
20260121,WR2607,3400.0,4.0,31.0,0.2858823529411776
20260121,WR2608,3481.0,0.0,1.0,-0.0379201378914109
20260121,WR2609,3470.0,1.0,3.0,0.1452449567723341
20260121,WR2610,3512.0,0.0,0.0,-0.167425968109339
20260121,WR2611,3463.0,0.0,1.0,0.1836557897776494
20260121,WR2612,3516.0,0.0,1.0,0.0008053073589753
20260121,WR2701,3537.0,1.0,1.0,0.0
20260122,WR2602,3445.0,3.0,11.0,0.0278664731494924
20260122,WR2603,3453.0,0.0,2.0,-0.086880973066898
20260122,WR2604,3428.0,0.0,0.0,0.1085180863477255
20260122,WR2605,3459.0,80.0,118.0,-0.0104076322636599
20260122,WR2606,3456.0,0.0,1.0,-0.069444444444445
20260122,WR2607,3436.0,0.0,31.0,0.1571594877764841
20260122,WR2608,3481.0,0.0,1.0,0.1172076989370882
20260122,WR2609,3515.0,2.0,5.0,-0.0102418207681367
20260122,WR2610,3512.0,0.0,0.0,-0.0170842824601371
20260122,WR2611,3507.0,0.0,1.0,0.1847733105218134
20260122,WR2612,3561.0,0.0,1.0,-0.0034834300426909
20260122,WR2701,3469.0,1.0,1.0,0.0
20260123,WR2602,3456.0,13.0,1.0,-0.0104166666666669
20260123,WR2603,3453.0,0.0,2.0,-0.086880973066898
20260123,WR2604,3428.0,0.0,0.0,0.1575262543757301
20260123,WR2605,3473.0,159.0,158.0,-0.0587388424992805
20260123,WR2606,3456.0,0.0,1.0,-0.0381944444444442
20260123,WR2607,3445.0,1.0,30.0,0.1253991291727132
20260123,WR2608,3481.0,0.0,1.0,0.1172076989370882
20260123,WR2609,3515.0,0.0,5.0,-0.0102418207681367
20260123,WR2610,3512.0,0.0,0.0,-0.0170842824601371
20260123,WR2611,3507.0,0.0,1.0,0.164242942686057
20260123,WR2612,3555.0,0.0,1.0,-0.0024652728393305
20260123,WR2701,3490.0,0.0,1.0,0.0
20260126,WR2602,3357.0,0.0,1.0,0.3431635388739957
20260126,WR2603,3453.0,0.0,2.0,-0.086880973066898
20260126,WR2604,3428.0,0.0,0.0,0.2625437572928808
20260126,WR2605,3503.0,234.0,160.0,-0.1130459606051959
20260126,WR2606,3470.0,0.0,1.0,-0.0518731988472618
20260126,WR2607,3455.0,0.0,30.0,0.0903039073806084
20260126,WR2608,3481.0,0.0,1.0,0.1172076989370882
20260126,WR2609,3515.0,0.0,5.0,0.017069701280227
20260126,WR2610,3520.0,3.0,1.0,-0.0443181818181814
20260126,WR2611,3507.0,0.0,1.0,0.0992301112061602
20260126,WR2612,3536.0,0.0,1.0,-0.0017540291829782
20260126,WR2701,3490.0,0.0,1.0,0.0
20260127,WR2602,3509.0,4.0,3.0,-0.1915075520091189
20260127,WR2603,3453.0,0.0,2.0,0.3996524761077324
20260127,WR2604,3568.0,0.0,0.0,-0.3901345291479825
20260127,WR2605,3452.0,74.0,159.0,0.0625724217844725
20260127,WR2606,3470.0,0.0,1.0,-0.1279538904899131
20260127,WR2607,3433.0,4.0,31.0,0.1677832799300915
20260127,WR2608,3481.0,0.0,1.0,0.0930767020970995
20260127,WR2609,3508.0,0.0,5.0,-0.020524515393387
20260127,WR2610,3502.0,1.0,0.0,0.0171330668189604
20260127,WR2611,3507.0,0.0,1.0,0.1300256629597935
20260127,WR2612,3545.0,0.0,1.0,-0.0019397473891063
20260127,WR2701,3494.0,0.0,1.0,0.0
20260128,WR2602,3600.0,5.0,2.0,-0.4900000000000006
20260128,WR2603,3453.0,0.0,2.0,0.1702867072111216
20260128,WR2604,3502.0,0.0,0.0,-0.1096516276413472
20260128,WR2605,3470.0,51.0,151.0,0.0
20260128,WR2606,3470.0,0.0,1.0,-0.0691642651296828
20260128,WR2607,3450.0,0.0,31.0,0.107826086956523
20260128,WR2608,3481.0,0.0,1.0,0.0930767020970995
20260128,WR2609,3508.0,0.0,5.0,-0.020524515393387
20260128,WR2610,3502.0,0.0,0.0,0.0171330668189604
20260128,WR2611,3507.0,0.0,1.0,0.1026518391787849
20260128,WR2612,3537.0,0.0,1.0,-0.0016391724085351
20260128,WR2701,3494.0,0.0,1.0,0.0
20260129,WR2602,3500.0,2.0,0.0,-0.1611428571428574
20260129,WR2603,3453.0,0.0,2.0,0.1702867072111216
20260129,WR2604,3502.0,0.0,0.0,-0.0479725870930902
20260129,WR2605,3488.0,58.0,150.0,0.1066513761467877
20260129,WR2606,3519.0,0.0,1.0,-0.2046035805626598
20260129,WR2607,3459.0,7.0,31.0,0.0763226366001745
20260129,WR2608,3481.0,0.0,1.0,0.0930767020970995
20260129,WR2609,3508.0,0.0,5.0,-0.020524515393387
20260129,WR2610,3502.0,0.0,0.0,0.0171330668189604
20260129,WR2611,3507.0,0.0,1.0,0.1026518391787849
20260129,WR2612,3537.0,0.0,1.0,-0.0008767666371234
20260129,WR2701,3514.0,0.0,1.0,0.0
20260130,WR2602,3500.0,0.0,0.0,-0.1611428571428574
20260130,WR2603,3453.0,0.0,2.0,0.1702867072111216
20260130,WR2604,3502.0,0.0,0.0,-0.1096516276413472
20260130,WR2605,3470.0,65.0,156.0,0.2593659942363118
20260130,WR2606,3545.0,1.0,1.0,-0.4129760225669954
20260130,WR2607,3423.0,1.0,31.0,0.203330411919369
20260130,WR2608,3481.0,0.0,1.0,0.0930767020970995
20260130,WR2609,3508.0,0.0,5.0,-0.020524515393387
20260130,WR2610,3502.0,0.0,0.0,0.0171330668189604
20260130,WR2611,3507.0,0.0,1.0,0.1026518391787849
20260130,WR2612,3537.0,0.0,1.0,-0.0008767666371234
20260130,WR2701,3514.0,0.0,1.0,0.0
20260202,WR2602,3500.0,0.0,0.0,-0.1611428571428574
20260202,WR2603,3453.0,0.0,2.0,0.1702867072111216
20260202,WR2604,3502.0,0.0,0.0,-0.1816105082809826
20260202,WR2605,3449.0,105.0,155.0,0.264424470861119
20260202,WR2606,3525.0,0.0,1.0,-0.3608510638297875
20260202,WR2607,3419.0,0.0,31.0,0.2176074875694658
20260202,WR2608,3481.0,0.0,1.0,0.0654984199942552
20260202,WR2609,3500.0,0.0,5.0,0.006857142857144
20260202,WR2610,3502.0,0.0,0.0,0.0137064534551694
20260202,WR2611,3506.0,0.0,1.0,0.1061038220193966
20260202,WR2612,3537.0,0.0,1.0,0.0006480449056999
20260202,WR2701,3554.0,1.0,2.0,0.0
20260203,WR2602,3500.0,0.0,0.0,-0.1611428571428574
20260203,WR2603,3453.0,0.0,2.0,0.1702867072111216
20260203,WR2604,3502.0,0.0,0.0,-0.1062250142775562
20260203,WR2605,3471.0,31.0,159.0,0.1659464131374237
20260203,WR2606,3519.0,0.0,1.0,-0.1705029838022165
20260203,WR2607,3469.0,2.0,30.0,0.041510521764196
20260203,WR2608,3481.0,0.0,1.0,0.0551565642056885
20260203,WR2609,3497.0,0.0,5.0,0.0171575636259646
20260203,WR2610,3502.0,0.0,0.0,0.0137064534551694
20260203,WR2611,3506.0,0.0,1.0,0.2019395322304609
20260203,WR2612,3565.0,0.0,1.0,-0.0004160297524307
20260203,WR2701,3554.0,0.0,2.0,0.0
20260204,WR2602,3500.0,0.0,0.0,-0.1611428571428574
20260204,WR2603,3453.0,0.0,2.0,0.1702867072111216
20260204,WR2604,3502.0,0.0,0.0,-0.126784694460309
20260204,WR2605,3465.0,61.0,161.0,0.1523809523809518
20260204,WR2606,3509.0,0.0,1.0,-0.2564833285836423
20260204,WR2607,3434.0,4.0,28.0,0.1642399534071046
20260204,WR2608,3481.0,0.0,1.0,0.0551565642056885
20260204,WR2609,3497.0,0.0,5.0,0.0171575636259646
20260204,WR2610,3502.0,0.0,0.0,0.0137064534551694
20260204,WR2611,3506.0,0.0,1.0,0.1540216771249287
20260204,WR2612,3551.0,0.0,1.0,0.0001139099921212
20260204,WR2701,3554.0,0.0,2.0,0.0
20260205,WR2602,3500.0,0.0,0.0,-0.1611428571428574
20260205,WR2603,3453.0,0.0,2.0,0.1702867072111216
20260205,WR2604,3502.0,0.0,0.0,-0.2775556824671619
20260205,WR2605,3421.0,64.0,193.0,0.2385267465653315
20260205,WR2606,3489.0,0.0,1.0,-0.1960447119518487
20260205,WR2607,3432.0,0.0,28.0,0.1643356643356632
20260205,WR2608,3479.0,0.0,1.0,0.0620868065536077
20260205,WR2609,3497.0,0.0,5.0,0.0171575636259646
20260205,WR2610,3502.0,0.0,0.0,-0.0034266133637923
20260205,WR2611,3501.0,0.0,1.0,0.0445586975149963
20260205,WR2612,3514.0,0.0,1.0,0.0009976146777257
20260205,WR2701,3540.0,1.0,2.0,0.0
20260206,WR2602,3500.0,0.0,0.0,-0.1611428571428574
20260206,WR2603,3453.0,0.0,2.0,0.1702867072111216
20260206,WR2604,3502.0,0.0,0.0,-0.5037121644774412
20260206,WR2605,3355.0,49.0,198.0,0.4792846497764529
20260206,WR2606,3489.0,0.0,1.0,-0.2751504729148752
20260206,WR2607,3409.0,3.0,30.0,0.2288061014960405
20260206,WR2608,3474.0,0.0,1.0,0.062176165803109
20260206,WR2609,3492.0,0.0,5.0,0.0274914089347078
20260206,WR2610,3500.0,0.0,0.0,-0.099428571428572
20260206,WR2611,3471.0,0.0,1.0,0.148660328435608
20260206,WR2612,3514.0,0.0,1.0,-0.0008825052918342
20260206,WR2701,3491.0,4.0,5.0,0.0
20260209,WR2602,3500.0,0.0,0.0,-0.1611428571428574
20260209,WR2603,3453.0,0.0,2.0,-0.0104257167680272
20260209,WR2604,3450.0,2.0,0.0,-0.3304347826086955
20260209,WR2605,3355.0,81.0,213.0,0.2861400894187778
20260209,WR2606,3435.0,4.0,1.0,-0.1048034934497819
20260209,WR2607,3405.0,3.0,31.0,0.2572687224669607
20260209,WR2608,3478.0,0.0,1.0,-0.0448533640023001
20260209,WR2609,3465.0,0.0,5.0,-0.1558441558441559
20260209,WR2610,3420.0,2.0,0.0,0.1052631578947371
20260209,WR2611,3450.0,0.0,1.0,0.114782608695652
20260209,WR2612,3483.0,0.0,1.0,-0.0021291215438066
20260209,WR2701,3428.0,0.0,5.0,0.0
20260210,WR2602,3500.0,0.0,0.0,-0.1611428571428574
20260210,WR2603,3453.0,0.0,2.0,-0.0973066898349266
20260210,WR2604,3425.0,0.0,0.0,-0.3048175182481758
20260210,WR2605,3338.0,69.0,212.0,0.2947872977831025
20260210,WR2606,3420.0,0.0,1.0,-0.0526315789473685
20260210,WR2607,3405.0,1.0,32.0,0.1691629955947133
20260210,WR2608,3453.0,0.0,1.0,0.0278019113814087
20260210,WR2609,3461.0,0.0,5.0,0.0312048540884131
20260210,WR2610,3470.0,0.0,0.0,-0.0691642651296828
20260210,WR2611,3450.0,0.0,1.0,0.114782608695652
20260210,WR2612,3483.0,0.0,1.0,-0.0028259249581434
20260210,WR2701,3410.0,2.0,3.0,0.0
20260211,WR2602,3500.0,0.0,0.0,-0.1611428571428574
20260211,WR2603,3453.0,0.0,2.0,-0.3440486533449176
20260211,WR2604,3354.0,1.0,1.0,-0.0644007155635066
20260211,WR2605,3336.0,80.0,210.0,0.2841726618705031
20260211,WR2606,3415.0,0.0,1.0,-0.0351390922401164
20260211,WR2607,3405.0,0.0,32.0,0.1691629955947133
20260211,WR2608,3453.0,0.0,1.0,0.0278019113814087
20260211,WR2609,3461.0,0.0,5.0,0.0312048540884131
20260211,WR2610,3470.0,0.0,0.0,-0.0691642651296828
20260211,WR2611,3450.0,0.0,1.0,0.114782608695652
20260211,WR2612,3483.0,0.0,1.0,-0.0043743769900028
20260211,WR2701,3370.0,1.0,3.0,0.0
20260212,WR2602,3500.0,0.0,0.0,-0.1611428571428574
20260212,WR2603,3453.0,0.0,2.0,-0.3440486533449176
20260212,WR2604,3354.0,0.0,1.0,-0.0858676207513422
20260212,WR2605,3330.0,85.0,172.0,0.3063063063063067
20260212,WR2606,3415.0,0.0,1.0,-0.0913616398243046
20260212,WR2607,3389.0,1.0,31.0,0.2266155208025955
20260212,WR2608,3453.0,0.0,1.0,-0.0625543006081663
20260212,WR2609,3435.0,0.0,5.0,0.1048034934497819
20260212,WR2610,3465.0,0.0,0.0,-0.0519480519480515
20260212,WR2611,3450.0,0.0,1.0,0.0730434782608702
20260212,WR2612,3471.0,0.0,1.0,-0.0027580045254581
20260212,WR2701,3400.0,2.0,1.0,0.0
20260213,WR2602,3500.0,0.0,0.0,-0.411428571428571
20260213,WR2603,3380.0,0.0,2.0,-0.142011834319526
20260213,WR2604,3340.0,1.0,0.0,-0.068263473053892
20260213,WR2605,3321.0,19.0,161.0,0.2023486901535687
20260213,WR2606,3377.0,3.0,3.0,-0.0248741486526498
20260213,WR2607,3370.0,1.0,30.0,0.2919881305637979
20260213,WR2608,3452.0,0.0,1.0,-0.0590961761297803
20260213,WR2609,3435.0,0.0,5.0,0.0628820960698686
20260213,WR2610,3453.0,0.0,0.0,-0.0104257167680272
20260213,WR2611,3450.0,0.0,1.0,0.0730434782608702
20260213,WR2612,3471.0,0.0,1.0,-0.0027968496596195
20260213,WR2701,3399.0,0.0,1.0,0.0
20260224,WR2602,3500.0,0.0,0.0,-0.411428571428571
20260224,WR2603,3380.0,0.0,2.0,-0.142011834319526
20260224,WR2604,3340.0,0.0,0.0,-0.0467065868263478
20260224,WR2605,3327.0,56.0,170.0,0.1803426510369696
20260224,WR2606,3377.0,0.0,3.0,-0.0248741486526498
20260224,WR2607,3370.0,0.0,30.0,0.2919881305637979
20260224,WR2608,3452.0,0.0,1.0,-0.0590961761297803
20260224,WR2609,3435.0,0.0,5.0,0.0628820960698686
20260224,WR2610,3453.0,0.0,0.0,-0.0104257167680272
20260224,WR2611,3450.0,0.0,1.0,0.0730434782608702
20260224,WR2612,3471.0,0.0,1.0,-0.0027968496596195
20260224,WR2701,3399.0,0.0,1.0,0.0
20260225,WR2603,3380.0,0.0,2.0,-0.142011834319526
20260225,WR2604,3340.0,0.0,0.0,0.0790419161676654
20260225,WR2605,3362.0,77.0,179.0,0.0535395597858405
20260225,WR2606,3377.0,0.0,3.0,0.0497482973052996
20260225,WR2607,3391.0,1.0,30.0,0.0353877912120328
20260225,WR2608,3401.0,1.0,2.0,0.049397236107028
20260225,WR2609,3415.0,3.0,7.0,0.1335285505124455
20260225,WR2610,3453.0,0.0,0.0,-0.1633362293657687
20260225,WR2611,3406.0,1.0,2.0,0.0528479154433352
20260225,WR2612,3421.0,1.0,2.0,0.0007094318304983
20260225,WR2701,3439.0,3.0,4.0,-0.1395754579819721
20260225,WR2702,3399.0,0.0,0.0,0.0
20260226,WR2603,3380.0,0.0,2.0,-0.142011834319526
20260226,WR2604,3340.0,0.0,0.0,0.0215568862275441
20260226,WR2605,3346.0,57.0,180.0,0.1111775254034679
20260226,WR2606,3377.0,0.0,3.0,0.0071068996150431
20260226,WR2607,3379.0,0.0,30.0,0.0781296241491578
20260226,WR2608,3401.0,0.0,2.0,0.0141134960305802
20260226,WR2609,3405.0,0.0,7.0,0.165638766519824
20260226,WR2610,3452.0,0.0,0.0,-0.1599073001158748
20260226,WR2611,3406.0,0.0,2.0,0.0528479154433352
20260226,WR2612,3421.0,0.0,2.0,-0.0009064962278589
20260226,WR2701,3398.0,3.0,1.0,0.0035314891112427
20260226,WR2702,3399.0,0.0,0.0,0.0
20260227,WR2603,3300.0,2.0,0.0,0.1454545454545464
20260227,WR2604,3340.0,0.0,0.0,0.0359281437125744
20260227,WR2605,3350.0,21.0,177.0,0.0967164179104465
20260227,WR2606,3377.0,0.0,3.0,0.0035534498075202
20260227,WR2607,3378.0,1.0,30.0,0.0817051509769086
20260227,WR2608,3401.0,0.0,2.0,-0.028226992061159
20260227,WR2609,3393.0,0.0,7.0,0.162687886825819
20260227,WR2610,3439.0,0.0,0.0,-0.1151497528351264
20260227,WR2611,3406.0,0.0,2.0,0.0528479154433352
20260227,WR2612,3421.0,0.0,2.0,-0.0009064962278589
20260227,WR2701,3398.0,0.0,1.0,-0.0035314891112414
20260227,WR2702,3397.0,0.0,0.0,0.0
20260302,WR2603,3300.0,0.0,0.0,0.1454545454545464
20260302,WR2604,3340.0,0.0,0.0,0.0143712574850303
20260302,WR2605,3344.0,54.0,175.0,0.1184210526315796
20260302,WR2606,3377.0,0.0,3.0,0.0177672490376066
20260302,WR2607,3382.0,0.0,30.0,0.0674157303370774
20260302,WR2608,3401.0,0.0,2.0,-0.028226992061159
20260302,WR2609,3393.0,0.0,7.0,0.162687886825819
20260302,WR2610,3439.0,0.0,0.0,-0.1151497528351264
20260302,WR2611,3406.0,0.0,2.0,0.0528479154433352
20260302,WR2612,3421.0,0.0,2.0,-0.0007094318304983
20260302,WR2701,3403.0,0.0,1.0,-0.0211578019394651
20260302,WR2702,3397.0,0.0,0.0,0.0
20260303,WR2603,3300.0,0.0,0.0,0.1454545454545464
20260303,WR2604,3340.0,0.0,0.0,-0.0143712574850303
20260303,WR2605,3336.0,18.0,175.0,0.1474820143884896
20260303,WR2606,3377.0,0.0,3.0,0.0177672490376066
20260303,WR2607,3382.0,0.0,30.0,0.0674157303370774
20260303,WR2608,3401.0,0.0,2.0,-0.045868862099383
20260303,WR2609,3388.0,0.0,7.0,0.1806375442739085
20260303,WR2610,3439.0,0.0,0.0,-0.1151497528351264
20260303,WR2611,3406.0,0.0,2.0,0.0528479154433352
20260303,WR2612,3421.0,0.0,2.0,0.0044142425008785
20260303,WR2701,3533.0,1.0,2.0,-0.0237758279082931
20260303,WR2702,3526.0,0.0,0.0,0.0
20260304,WR2603,3300.0,0.0,0.0,0.1454545454545464
20260304,WR2604,3340.0,0.0,0.0,-0.1077844311377247
20260304,WR2605,3310.0,17.0,178.0,0.242900302114803
20260304,WR2606,3377.0,0.0,3.0,-0.0248741486526498
20260304,WR2607,3370.0,8.0,23.0,0.1103857566765578
20260304,WR2608,3401.0,0.0,2.0,0.0
20260304,WR2609,3401.0,1.0,7.0,0.1340782122905039
20260304,WR2610,3439.0,0.0,0.0,-0.1151497528351264
20260304,WR2611,3406.0,0.0,2.0,0.0528479154433352
20260304,WR2612,3421.0,0.0,2.0,-0.000315303035777
20260304,WR2701,3413.0,2.0,3.0,0.3023732786404922
20260304,WR2702,3499.0,0.0,0.0,0.0
20260305,WR2603,3300.0,0.0,0.0,0.1454545454545464
20260305,WR2604,3340.0,0.0,0.0,0.0035928143712569
20260305,WR2605,3341.0,52.0,173.0,0.1293026040107747
20260305,WR2606,3377.0,0.0,3.0,-0.0248741486526498
20260305,WR2607,3370.0,3.0,21.0,0.1103857566765578
20260305,WR2608,3401.0,0.0,2.0,0.0
20260305,WR2609,3401.0,0.0,7.0,0.1340782122905039
20260305,WR2610,3439.0,0.0,0.0,-0.1256179121837743
20260305,WR2611,3403.0,0.0,2.0,0.0634734058183967
20260305,WR2612,3421.0,0.0,2.0,-0.000315303035777
20260305,WR2701,3413.0,0.0,3.0,0.298857310284208
20260305,WR2702,3498.0,0.0,0.0,0.0
20260306,WR2603,3300.0,0.0,0.0,0.1454545454545464
20260306,WR2604,3340.0,0.0,0.0,-0.0035928143712569
20260306,WR2605,3339.0,60.0,174.0,0.1365678346810419
20260306,WR2606,3377.0,0.0,3.0,-0.0959431448030803
20260306,WR2607,3350.0,6.0,27.0,0.1826865671641782
20260306,WR2608,3401.0,0.0,2.0,0.1870038224051757
20260306,WR2609,3454.0,4.0,9.0,-0.0521134916039369
20260306,WR2610,3439.0,0.0,0.0,-0.1256179121837743
20260306,WR2611,3403.0,0.0,2.0,0.0634734058183967
20260306,WR2612,3421.0,0.0,2.0,-0.0006700189510262
20260306,WR2701,3404.0,3.0,6.0,0.3313748531139833
20260306,WR2702,3498.0,0.0,0.0,0.0
20260309,WR2603,3300.0,0.0,0.0,0.1454545454545464
20260309,WR2604,3340.0,0.0,0.0,0.1508982035928143
20260309,WR2605,3382.0,455.0,274.0,0.7593140153755185
20260309,WR2606,3596.0,1.0,3.0,-0.7541713014460516
20260309,WR2607,3370.0,4.0,26.0,0.1103857566765578
20260309,WR2608,3401.0,0.0,2.0,0.1411349603057914
20260309,WR2609,3441.0,11.0,12.0,-0.0069747166521358
20260309,WR2610,3439.0,0.0,0.0,-0.1256179121837743
20260309,WR2611,3403.0,0.0,2.0,0.0634734058183967
20260309,WR2612,3421.0,0.0,2.0,-0.0003941287947213
20260309,WR2701,3411.0,0.0,6.0,0.3060686015831138
20260309,WR2702,3498.0,0.0,0.0,0.0
20260310,WR2603,3300.0,0.0,0.0,0.1454545454545464
20260310,WR2604,3340.0,0.0,0.0,0.0071856287425138
20260310,WR2605,3342.0,69.0,274.0,0.1723518850987444
20260310,WR2606,3390.0,0.0,3.0,-0.1238938053097342
20260310,WR2607,3355.0,0.0,26.0,0.1645305514157984
20260310,WR2608,3401.0,0.0,2.0,0.0458688620993816
20260310,WR2609,3414.0,1.0,13.0,0.0878734622144099
20260310,WR2610,3439.0,0.0,0.0,-0.1256179121837743
20260310,WR2611,3403.0,0.0,2.0,0.0634734058183967
20260310,WR2612,3421.0,0.0,2.0,-0.0003941287947213
20260310,WR2701,3411.0,0.0,6.0,-0.0035180299032546
20260310,WR2702,3410.0,8.0,3.0,0.0
20260311,WR2603,3300.0,0.0,0.0,0.1454545454545464
20260311,WR2604,3340.0,0.0,0.0,0.0251497005988037
20260311,WR2605,3347.0,85.0,273.0,0.1541679115625944
20260311,WR2606,3390.0,0.0,3.0,0.1309734513274332
20260311,WR2607,3427.0,1.0,26.0,-0.1330609862853804
20260311,WR2608,3389.0,0.0,2.0,0.102685157863676
20260311,WR2609,3418.0,3.0,16.0,0.0737273259215927
20260311,WR2610,3439.0,0.0,0.0,-0.1395754579819721
20260311,WR2611,3399.0,0.0,2.0,0.0776699029126204
20260311,WR2612,3421.0,0.0,2.0,-0.0003941287947213
20260311,WR2701,3411.0,0.0,6.0,-0.052770448548812
20260311,WR2702,3396.0,1.0,2.0,0.0
20260312,WR2603,3300.0,0.0,0.0,0.1454545454545464
20260312,WR2604,3340.0,0.0,0.0,-0.0035928143712569
20260312,WR2605,3339.0,114.0,275.0,0.1832884097035032
20260312,WR2606,3390.0,0.0,3.0,0.0637168141592932
20260312,WR2607,3408.0,59.0,27.0,-0.098591549295774
20260312,WR2608,3380.0,0.0,2.0,0.1349112426035512
20260312,WR2609,3418.0,0.0,16.0,0.0737273259215927
20260312,WR2610,3439.0,0.0,0.0,-0.1395754579819721
20260312,WR2611,3399.0,0.0,2.0,0.0776699029126204
20260312,WR2612,3421.0,0.0,2.0,0.0025618371656884
20260312,WR2701,3486.0,4.0,8.0,-0.309810671256455
20260312,WR2702,3396.0,0.0,2.0,0.0
20260313,WR2603,3300.0,0.0,0.0,0.1454545454545464
20260313,WR2604,3340.0,0.0,0.0,0.1257485029940133
20260313,WR2605,3375.0,149.0,279.0,0.0533333333333336
20260313,WR2606,3390.0,0.0,3.0,-0.0530973451327434
20260313,WR2607,3375.0,3.0,26.0,0.017777777777777
20260313,WR2608,3380.0,0.0,2.0,0.1349112426035512
20260313,WR2609,3418.0,0.0,16.0,0.0737273259215927
20260313,WR2610,3439.0,0.0,0.0,-0.1395754579819721
20260313,WR2611,3399.0,0.0,2.0,0.0776699029126204
20260313,WR2612,3421.0,0.0,2.0,0.0009853219868032
20260313,WR2701,3446.0,4.0,9.0,-0.3621590249564712
20260313,WR2702,3342.0,0.0,2.0,0.0
20260316,WR2603,3300.0,0.0,0.0,0.1454545454545464
20260316,WR2604,3340.0,0.0,0.0,0.0754491017964085
20260316,WR2605,3361.0,109.0,280.0,0.1035406129128233
20260316,WR2606,3390.0,0.0,3.0,-0.1238938053097342
20260316,WR2607,3355.0,3.0,26.0,0.0894187779433677
20260316,WR2608,3380.0,0.0,2.0,0.1349112426035512
20260316,WR2609,3418.0,0.0,16.0,0.0737273259215927
20260316,WR2610,3439.0,0.0,0.0,-0.1395754579819721
20260316,WR2611,3399.0,0.0,2.0,0.0776699029126204
20260316,WR2612,3421.0,0.0,2.0,0.002128295491495
20260316,WR2701,3475.0,1.0,9.0,-0.3280575539568349
20260316,WR2702,3380.0,0.0,2.0,0.0
20260317,WR2604,3340.0,0.0,0.0,-0.0323353293413175
20260317,WR2605,3331.0,112.0,286.0,0.2125487841489031
20260317,WR2606,3390.0,0.0,3.0,-0.1097345132743363
20260317,WR2607,3359.0,0.0,26.0,0.0750223280738309
20260317,WR2608,3380.0,0.0,2.0,0.1349112426035512
20260317,WR2609,3418.0,0.0,16.0,0.0737273259215927
20260317,WR2610,3439.0,0.0,0.0,-0.1395754579819721
20260317,WR2611,3399.0,0.0,2.0,0.0776699029126204
20260317,WR2612,3421.0,0.0,2.0,0.0049660228134883
20260317,WR2701,3547.0,1.0,10.0,-0.5649844939385402
20260317,WR2702,3380.0,0.0,2.0,0.1278106508875751
20260317,WR2703,3416.0,4.0,0.0,0.0
20260318,WR2604,3340.0,0.0,0.0,-0.1041916167664664
20260318,WR2605,3311.0,112.0,285.0,0.2863183328299605
20260318,WR2606,3390.0,0.0,3.0,-0.2300884955752211
20260318,WR2607,3325.0,3.0,24.0,0.1984962406015036
20260318,WR2608,3380.0,0.0,2.0,0.1349112426035512
20260318,WR2609,3418.0,0.0,16.0,0.0737273259215927
20260318,WR2610,3439.0,0.0,0.0,-0.1779587089270142
20260318,WR2611,3388.0,1.0,1.0,0.1168831168831179
20260318,WR2612,3421.0,0.0,2.0,-0.0024041856477999
20260318,WR2701,3360.0,4.0,9.0,0.0714285714285711
20260318,WR2702,3380.0,0.0,2.0,0.3195266272189352
20260318,WR2703,3470.0,0.0,0.0,0.0
20260319,WR2604,3340.0,0.0,0.0,-0.2191616766467063
20260319,WR2605,3279.0,293.0,282.0,0.3732845379688934
20260319,WR2606,3381.0,0.0,3.0,-0.2165039929015089
20260319,WR2607,3320.0,0.0,24.0,0.1590361445783141
20260319,WR2608,3364.0,1.0,1.0,0.1926278240190262
20260319,WR2609,3418.0,0.0,16.0,0.0631948507899347
20260319,WR2610,3436.0,0.0,0.0,-0.2339930151338767
20260319,WR2611,3369.0,1.0,0.0,0.0783615316117538
20260319,WR2612,3391.0,1.0,1.0,0.0008747543895109
20260319,WR2701,3413.0,0.0,9.0,-0.0738353354819802
20260319,WR2702,3392.0,0.0,2.0,0.2724056603773581
20260319,WR2703,3469.0,0.0,0.0,0.0
20260320,WR2604,3340.0,0.0,0.0,-0.1724550898203598
20260320,WR2605,3292.0,100.0,289.0,0.1567436208991495
20260320,WR2606,3335.0,0.0,3.0,-0.0539730134932527
20260320,WR2607,3320.0,0.0,24.0,0.1590361445783141
20260320,WR2608,3364.0,0.0,1.0,0.1926278240190262
20260320,WR2609,3418.0,0.0,16.0,0.0631948507899347
20260320,WR2610,3436.0,0.0,0.0,-0.2339930151338767
20260320,WR2611,3369.0,0.0,0.0,0.0783615316117538
20260320,WR2612,3391.0,0.0,1.0,0.0008747543895109
20260320,WR2701,3413.0,0.0,9.0,-0.0738353354819802
20260320,WR2702,3392.0,0.0,2.0,0.2724056603773581
20260320,WR2703,3469.0,0.0,0.0,0.0
20260323,WR2604,3340.0,0.0,0.0,-0.0143712574850303
20260323,WR2605,3336.0,131.0,274.0,0.1690647482014391
20260323,WR2606,3383.0,0.0,3.0,-0.1667159326041969
20260323,WR2607,3336.0,2.0,24.0,0.100719424460431
20260323,WR2608,3364.0,0.0,1.0,0.1926278240190262
20260323,WR2609,3418.0,0.0,16.0,0.0631948507899347
20260323,WR2610,3436.0,0.0,0.0,-0.0663562281722929
20260323,WR2611,3417.0,0.0,0.0,-0.0913081650570677
20260323,WR2612,3391.0,0.0,1.0,-0.0008349928263513
20260323,WR2701,3370.0,5.0,9.0,0.078338278931751
20260323,WR2702,3392.0,0.0,2.0,0.2724056603773581
20260323,WR2703,3469.0,0.0,0.0,0.0
20260324,WR2604,3340.0,0.0,0.0,0.0035928143712569
20260324,WR2605,3341.0,99.0,283.0,0.0646513020053873
20260324,WR2606,3359.0,3.0,2.0,0.0250074426912778
20260324,WR2607,3366.0,0.0,24.0,-0.0071301247771833
20260324,WR2608,3364.0,0.0,1.0,0.1926278240190262
20260324,WR2609,3418.0,0.0,16.0,0.0631948507899347
20260324,WR2610,3436.0,0.0,0.0,-0.0663562281722929
20260324,WR2611,3417.0,0.0,0.0,-0.0913081650570677
20260324,WR2612,3391.0,0.0,1.0,0.0005566618842342
20260324,WR2701,3405.0,5.0,10.0,-0.0458149779735683
20260324,WR2702,3392.0,0.0,2.0,0.2724056603773581
20260324,WR2703,3469.0,0.0,0.0,0.0
20260325,WR2604,3340.0,0.0,0.0,-0.0574850299401199
20260325,WR2605,3324.0,76.0,268.0,0.3285198555956681
20260325,WR2606,3415.0,1.0,2.0,-0.2389458272327962
20260325,WR2607,3347.0,1.0,24.0,0.0609501045712566
20260325,WR2608,3364.0,0.0,1.0,0.1926278240190262
20260325,WR2609,3418.0,0.0,16.0,0.0631948507899347
20260325,WR2610,3436.0,0.0,0.0,-0.0663562281722929
20260325,WR2611,3417.0,0.0,0.0,-0.0913081650570677
20260325,WR2612,3391.0,0.0,1.0,-0.0003578540684362
20260325,WR2701,3382.0,0.0,10.0,0.0354819633353056
20260325,WR2702,3392.0,0.0,2.0,0.2724056603773581
20260325,WR2703,3469.0,0.0,0.0,0.0
20260326,WR2604,3340.0,0.0,0.0,-0.0646706586826351
20260326,WR2605,3322.0,34.0,261.0,0.4298615291992762
20260326,WR2606,3441.0,0.0,2.0,-0.3278116826503923
20260326,WR2607,3347.0,0.0,24.0,0.0609501045712566
20260326,WR2608,3364.0,0.0,1.0,0.1926278240190262
20260326,WR2609,3418.0,0.0,16.0,0.0631948507899347
20260326,WR2610,3436.0,0.0,0.0,-0.0663562281722929
20260326,WR2611,3417.0,0.0,0.0,-0.0913081650570677
20260326,WR2612,3391.0,0.0,1.0,0.0
20260326,WR2701,3391.0,0.0,10.0,0.0035387791212038
20260326,WR2702,3392.0,0.0,2.0,0.2724056603773581
20260326,WR2703,3469.0,0.0,0.0,0.0
20260327,WR2604,3340.0,0.0,0.0,-0.1185628742514968
20260327,WR2605,3307.0,92.0,257.0,0.4862413063199282
20260327,WR2606,3441.0,0.0,2.0,-0.3278116826503923
20260327,WR2607,3347.0,0.0,24.0,0.0609501045712566
20260327,WR2608,3364.0,0.0,1.0,0.1926278240190262
20260327,WR2609,3418.0,0.0,16.0,0.0631948507899347
20260327,WR2610,3436.0,0.0,0.0,-0.0663562281722929
20260327,WR2611,3417.0,0.0,0.0,-0.0913081650570677
20260327,WR2612,3391.0,0.0,1.0,0.0
20260327,WR2701,3391.0,0.0,10.0,0.0035387791212038
20260327,WR2702,3392.0,0.0,2.0,0.2724056603773581
20260327,WR2703,3469.0,0.0,0.0,0.0
20260330,WR2604,3340.0,0.0,0.0,-0.0502994011976047
20260330,WR2605,3326.0,123.0,226.0,0.4149128081779905
20260330,WR2606,3441.0,0.0,2.0,-0.3278116826503923
20260330,WR2607,3347.0,0.0,24.0,0.0609501045712566
20260330,WR2608,3364.0,0.0,1.0,0.1926278240190262
20260330,WR2609,3418.0,0.0,16.0,0.0631948507899347
20260330,WR2610,3436.0,0.0,0.0,-0.0663562281722929
20260330,WR2611,3417.0,0.0,0.0,-0.0913081650570677
20260330,WR2612,3391.0,0.0,1.0,0.0003976156315958
20260330,WR2701,3401.0,0.0,10.0,-0.0317553660688028
20260330,WR2702,3392.0,0.0,2.0,0.2724056603773581
20260330,WR2703,3469.0,0.0,0.0,0.0
20260331,WR2604,3340.0,0.0,0.0,-0.3017964071856287
20260331,WR2605,3256.0,81.0,220.0,0.6818181818181825
20260331,WR2606,3441.0,0.0,2.0,-0.3278116826503923
20260331,WR2607,3347.0,0.0,24.0,0.0609501045712566
20260331,WR2608,3364.0,0.0,1.0,0.1926278240190262
20260331,WR2609,3418.0,0.0,16.0,0.0631948507899347
20260331,WR2610,3436.0,0.0,0.0,-0.0663562281722929
20260331,WR2611,3417.0,0.0,0.0,-0.0913081650570677
20260331,WR2612,3391.0,0.0,1.0,0.0003976156315958
20260331,WR2701,3401.0,0.0,10.0,-0.0317553660688028
20260331,WR2702,3392.0,0.0,2.0,0.2724056603773581
20260331,WR2703,3469.0,0.0,0.0,0.0
20260401,WR2604,3340.0,0.0,0.0,-0.3197604790419159
20260401,WR2605,3251.0,63.0,201.0,0.7013226699477091
20260401,WR2606,3441.0,0.0,2.0,-0.3278116826503923
20260401,WR2607,3347.0,0.0,24.0,0.0609501045712566
20260401,WR2608,3364.0,0.0,1.0,0.1926278240190262
20260401,WR2609,3418.0,0.0,16.0,0.0631948507899347
20260401,WR2610,3436.0,0.0,0.0,-0.0663562281722929
20260401,WR2611,3417.0,0.0,0.0,-0.0913081650570677
20260401,WR2612,3391.0,0.0,1.0,0.0003976156315958
20260401,WR2701,3401.0,0.0,10.0,-0.0317553660688028
20260401,WR2702,3392.0,0.0,2.0,0.2724056603773581
20260401,WR2703,3469.0,0.0,0.0,0.0
20260402,WR2604,3340.0,0.0,0.0,-0.0538922155688617
20260402,WR2605,3325.0,247.0,197.0,0.3717293233082719
20260402,WR2606,3428.0,0.0,2.0,-0.2835472578763123
20260402,WR2607,3347.0,0.0,24.0,0.0609501045712566
20260402,WR2608,3364.0,0.0,1.0,0.1926278240190262
20260402,WR2609,3418.0,0.0,16.0,0.0631948507899347
20260402,WR2610,3436.0,0.0,0.0,-0.0663562281722929
20260402,WR2611,3417.0,0.0,0.0,-0.0913081650570677
20260402,WR2612,3391.0,0.0,1.0,0.0003976156315958
20260402,WR2701,3401.0,0.0,10.0,-0.0317553660688028
20260402,WR2702,3392.0,0.0,2.0,0.2724056603773581
20260402,WR2703,3469.0,0.0,0.0,0.0
20260403,WR2604,3340.0,0.0,0.0,-0.0646706586826351
20260403,WR2605,3322.0,72.0,198.0,0.6357615894039741
20260403,WR2606,3498.0,0.0,2.0,-0.5180102915951976
20260403,WR2607,3347.0,0.0,24.0,0.0609501045712566
20260403,WR2608,3364.0,0.0,1.0,0.1926278240190262
20260403,WR2609,3418.0,0.0,16.0,0.3089526038619077
20260403,WR2610,3506.0,0.0,0.0,-0.3046206503137481
20260403,WR2611,3417.0,0.0,0.0,-0.0913081650570677
20260403,WR2612,3391.0,0.0,1.0,0.0003976156315958
20260403,WR2701,3401.0,0.0,10.0,-0.0635107321376069
20260403,WR2702,3383.0,1.0,3.0,0.3050546851906581
20260403,WR2703,3469.0,0.0,0.0,0.0
20260407,WR2604,3340.0,0.0,0.0,-0.1293413173652688
20260407,WR2605,3304.0,62.0,197.0,0.3305084745762716
20260407,WR2606,3395.0,0.0,2.0,-0.3357879234167895
20260407,WR2607,3300.0,4.0,25.0,0.2327272727272715
20260407,WR2608,3364.0,0.0,1.0,-0.0642092746730078
20260407,WR2609,3346.0,7.0,18.0,0.3048416019127318
20260407,WR2610,3431.0,0.0,0.0,-0.0489653162343337
20260407,WR2611,3417.0,0.0,0.0,-0.0913081650570677
20260407,WR2612,3391.0,0.0,1.0,0.0003976156315958
20260407,WR2701,3401.0,0.0,10.0,-0.0635107321376069
20260407,WR2702,3383.0,0.0,3.0,0.1950931126219339
20260407,WR2703,3438.0,0.0,0.0,0.0
20260408,WR2604,3340.0,0.0,0.0,-0.2371257485029936
20260408,WR2605,3274.0,82.0,176.0,0.3481979230299323
20260408,WR2606,3369.0,0.0,2.0,-0.3668744434550306
20260408,WR2607,3266.0,3.0,24.0,0.360073484384567
20260408,WR2608,3364.0,0.0,1.0,-0.1462544589774075
20260408,WR2609,3323.0,3.0,15.0,0.3069515498043946
20260408,WR2610,3408.0,0.0,0.0,0.03169014084507
20260408,WR2611,3417.0,0.0,0.0,-0.0913081650570677
20260408,WR2612,3391.0,0.0,1.0,0.0003976156315958
20260408,WR2701,3401.0,0.0,10.0,-0.0635107321376069
20260408,WR2702,3383.0,0.0,3.0,0.1950931126219339
20260408,WR2703,3438.0,0.0,0.0,0.0
20260409,WR2604,3340.0,0.0,0.0,-0.2694610778443111
20260409,WR2605,3265.0,74.0,172.0,0.3822358346094949
20260409,WR2606,3369.0,0.0,2.0,-0.3846838824577028
20260409,WR2607,3261.0,30.0,26.0,0.3790248390064406
20260409,WR2608,3364.0,0.0,1.0,-0.1462544589774075
20260409,WR2609,3323.0,0.0,15.0,0.3069515498043946
20260409,WR2610,3408.0,0.0,0.0,0.03169014084507
20260409,WR2611,3417.0,0.0,0.0,-0.0913081650570677
20260409,WR2612,3391.0,0.0,1.0,0.0003976156315958
20260409,WR2701,3401.0,0.0,10.0,-0.0635107321376069
20260409,WR2702,3383.0,0.0,3.0,0.1950931126219339
20260409,WR2703,3438.0,0.0,0.0,0.0
20260410,WR2604,3340.0,0.0,0.0,-0.330538922155688
20260410,WR2605,3248.0,43.0,183.0,0.4100985221674884
20260410,WR2606,3359.0,0.0,2.0,-0.35367668949092
20260410,WR2607,3260.0,3.0,24.0,0.382822085889571
20260410,WR2608,3364.0,0.0,1.0,-0.1462544589774075
20260410,WR2609,3323.0,0.0,15.0,0.3069515498043946
20260410,WR2610,3408.0,0.0,0.0,0.03169014084507
20260410,WR2611,3417.0,0.0,0.0,-0.0913081650570677
20260410,WR2612,3391.0,0.0,1.0,0.0003976156315958
20260410,WR2701,3401.0,0.0,10.0,-0.0635107321376069
20260410,WR2702,3383.0,0.0,3.0,0.1950931126219339
20260410,WR2703,3438.0,0.0,0.0,0.0
20260413,WR2604,3340.0,0.0,0.0,-0.3089820359281439
20260413,WR2605,3254.0,73.0,188.0,0.3872157344806384
20260413,WR2606,3359.0,0.0,2.0,-0.3322417386126828
20260413,WR2607,3266.0,1.0,23.0,0.360073484384567
20260413,WR2608,3364.0,0.0,1.0,-0.1462544589774075
20260413,WR2609,3323.0,0.0,15.0,0.3069515498043946
20260413,WR2610,3408.0,0.0,0.0,0.03169014084507
20260413,WR2611,3417.0,0.0,0.0,-0.0913081650570677
20260413,WR2612,3391.0,0.0,1.0,0.0003976156315958
20260413,WR2701,3401.0,0.0,10.0,-0.0635107321376069
20260413,WR2702,3383.0,0.0,3.0,0.1950931126219339
20260413,WR2703,3438.0,0.0,0.0,0.0
20260414,WR2604,3340.0,0.0,0.0,-0.2407185628742518
20260414,WR2605,3273.0,94.0,163.0,0.3153070577451888
20260414,WR2606,3359.0,0.0,2.0,-0.2000595415302175
20260414,WR2607,3303.0,2.0,23.0,0.2216167120799275
20260414,WR2608,3364.0,0.0,1.0,-0.1462544589774075
20260414,WR2609,3323.0,0.0,15.0,0.3069515498043946
20260414,WR2610,3408.0,0.0,0.0,0.03169014084507
20260414,WR2611,3417.0,0.0,0.0,-0.0913081650570677
20260414,WR2612,3391.0,0.0,1.0,0.0003976156315958
20260414,WR2701,3401.0,0.0,10.0,-0.0635107321376069
20260414,WR2702,3383.0,0.0,3.0,0.1950931126219339
20260414,WR2703,3438.0,0.0,0.0,0.0
20260415,WR2604,3340.0,0.0,0.0,-0.2550898203592808
20260415,WR2605,3269.0,62.0,161.0,0.3303762618537789
20260415,WR2606,3359.0,0.0,2.0,-0.2572194105388505
20260415,WR2607,3287.0,0.0,23.0,0.2811073927593543
20260415,WR2608,3364.0,0.0,1.0,-0.1462544589774075
20260415,WR2609,3323.0,0.0,15.0,0.3069515498043946
20260415,WR2610,3408.0,0.0,0.0,0.03169014084507
20260415,WR2611,3417.0,0.0,0.0,-0.0913081650570677
20260415,WR2612,3391.0,0.0,1.0,0.0003976156315958
20260415,WR2701,3401.0,0.0,10.0,-0.0635107321376069
20260415,WR2702,3383.0,0.0,3.0,0.1950931126219339
20260415,WR2703,3438.0,0.0,0.0,0.0
20260416,WR2605,3286.0,51.0,162.0,0.3067559342665866
20260416,WR2606,3370.0,0.0,2.0,-0.0178041543026705
20260416,WR2607,3365.0,16.0,22.0,-0.0035661218424962
20260416,WR2608,3364.0,0.0,1.0,-0.1391200951248508
20260416,WR2609,3325.0,0.0,15.0,0.2995488721804502
20260416,WR2610,3408.0,0.0,0.0,0.03169014084507
20260416,WR2611,3417.0,0.0,0.0,-0.0913081650570677
20260416,WR2612,3391.0,0.0,1.0,0.001153085331628
20260416,WR2701,3420.0,0.0,10.0,-0.1052631578947371
20260416,WR2702,3390.0,0.0,3.0,0.1699115044247801
20260416,WR2703,3438.0,0.0,0.0,0.0
20260416,WR2704,3438.0,0.0,0.0,0.0
20260417,WR2605,3270.0,46.0,158.0,0.4403669724770642
20260417,WR2606,3390.0,0.0,2.0,-0.1911504424778756
20260417,WR2607,3336.0,12.0,26.0,0.100719424460431
20260417,WR2608,3364.0,0.0,1.0,-0.010701545778835
20260417,WR2609,3361.0,0.0,15.0,0.1678072002380233
20260417,WR2610,3408.0,0.0,0.0,0.03169014084507
20260417,WR2611,3417.0,0.0,0.0,-0.0913081650570677
20260417,WR2612,3391.0,0.0,1.0,0.0003180925052766
20260417,WR2701,3399.0,5.0,14.0,0.0035304501323931
20260417,WR2702,3400.0,1.0,2.0,0.1341176470588241
20260417,WR2703,3438.0,0.0,0.0,0.0
20260417,WR2704,3438.0,0.0,0.0,0.0
20260420,WR2605,3296.0,42.0,168.0,0.342233009708738
20260420,WR2606,3390.0,0.0,2.0,-0.0707964601769908
20260420,WR2607,3370.0,3.0,24.0,-0.0213649851632049
20260420,WR2608,3364.0,0.0,1.0,0.1284185493460157
20260420,WR2609,3400.0,3.0,15.0,0.028235294117648
20260420,WR2610,3408.0,0.0,0.0,-0.0633802816901414
20260420,WR2611,3390.0,33.0,8.0,0.0707964601769921
20260420,WR2612,3410.0,1.0,2.0,-0.0005535602491021
20260420,WR2701,3396.0,2.0,14.0,0.0141342756183746
20260420,WR2702,3400.0,0.0,2.0,0.1341176470588241
20260420,WR2703,3438.0,0.0,0.0,0.0
20260420,WR2704,3438.0,0.0,0.0,0.0
20260421,WR2605,3279.0,66.0,151.0,0.4062214089661484
20260421,WR2606,3390.0,0.0,2.0,-0.0637168141592918
20260421,WR2607,3372.0,0.0,24.0,-0.0284697508896796
20260421,WR2608,3364.0,0.0,1.0,0.1890606420927465
20260421,WR2609,3417.0,0.0,15.0,-0.0316066725197545
20260421,WR2610,3408.0,0.0,0.0,-0.1936619718309855
20260421,WR2611,3353.0,8.0,6.0,0.2039964211154181
20260421,WR2612,3410.0,0.0,2.0,-0.0005535602491021
20260421,WR2701,3396.0,0.0,14.0,0.0141342756183746
20260421,WR2702,3400.0,0.0,2.0,0.0847058823529414
20260421,WR2703,3424.0,3.0,3.0,0.0490654205607485
20260421,WR2704,3438.0,0.0,0.0,0.0
20260422,WR2605,3278.0,71.0,134.0,0.4100061012812697
20260422,WR2606,3390.0,0.0,2.0,-0.0035398230088494
20260422,WR2607,3389.0,10.0,26.0,-0.0885216878135146
20260422,WR2608,3364.0,0.0,1.0,0.0784780023781213
20260422,WR2609,3386.0,0.0,15.0,0.0779681039574722
20260422,WR2610,3408.0,1.0,1.0,-0.133802816901408
20260422,WR2611,3370.0,8.0,3.0,0.1424332344213645
20260422,WR2612,3410.0,0.0,2.0,0.0007908003558601
20260422,WR2701,3430.0,1.0,14.0,-0.1049562682215738
20260422,WR2702,3400.0,0.0,2.0,-0.0882352941176467
20260422,WR2703,3375.0,3.0,0.0,0.2239999999999993
20260422,WR2704,3438.0,0.0,0.0,0.0
20260423,WR2605,3274.0,94.0,128.0,0.4948075748320111
20260423,WR2606,3409.0,1.0,2.0,-0.1372836608976237
20260423,WR2607,3370.0,4.0,28.0,0.1388724035608302
20260423,WR2608,3409.0,4.0,3.0,-0.0809621589909062
20260423,WR2609,3386.0,0.0,15.0,0.0779681039574722
20260423,WR2610,3408.0,0.0,1.0,-0.014084507042253
20260423,WR2611,3404.0,3.0,2.0,-0.0176263219741477
20260423,WR2612,3399.0,1.0,1.0,0.0015073832025942
20260423,WR2701,3437.0,1.0,15.0,-0.129182426534768
20260423,WR2702,3400.0,0.0,2.0,-0.0882352941176467
20260423,WR2703,3375.0,0.0,0.0,0.2239999999999993
20260423,WR2704,3438.0,0.0,0.0,0.0
20260424,WR2605,3259.0,62.0,134.0,0.5523166615526227
20260424,WR2606,3409.0,0.0,2.0,-0.1372836608976237
20260424,WR2607,3370.0,0.0,28.0,0.0747774480712166
20260424,WR2608,3391.0,0.0,3.0,-0.0176938956060164
20260424,WR2609,3386.0,0.0,15.0,0.0779681039574722
20260424,WR2610,3408.0,0.0,1.0,0.066901408450704
20260424,WR2611,3427.0,3.0,4.0,-0.0980449372629119
20260424,WR2612,3399.0,0.0,1.0,-0.0003570118111407
20260424,WR2701,3390.0,1.0,14.0,0.0353982300884947
20260424,WR2702,3400.0,0.0,2.0,-0.0882352941176467
20260424,WR2703,3375.0,0.0,0.0,0.2239999999999993
20260424,WR2704,3438.0,0.0,0.0,0.0
20260427,WR2605,3257.0,60.0,123.0,0.5600245624808116
20260427,WR2606,3409.0,0.0,2.0,-0.1724845995893229
20260427,WR2607,3360.0,1.0,27.0,0.1107142857142866
20260427,WR2608,3391.0,0.0,3.0,0.1309348274845172
20260427,WR2609,3428.0,1.0,16.0,-0.0700116686114347
20260427,WR2610,3408.0,0.0,1.0,0.014084507042253
20260427,WR2611,3412.0,0.0,4.0,-0.0457209847596722
20260427,WR2612,3399.0,0.0,1.0,-0.0003570118111407
20260427,WR2701,3390.0,0.0,14.0,0.0353982300884947
20260427,WR2702,3400.0,0.0,2.0,-0.0882352941176467
20260427,WR2703,3375.0,0.0,0.0,0.2239999999999993
20260427,WR2704,3438.0,0.0,0.0,0.0
20260428,WR2605,3280.0,637.0,163.0,0.4719512195121949
20260428,WR2606,3409.0,0.0,2.0,-0.0563215019067175
20260428,WR2607,3393.0,15.0,36.0,-0.1414677276746236
20260428,WR2608,3353.0,5.0,5.0,0.2218908440202804
20260428,WR2609,3415.0,1.0,17.0,-0.0245973645680819
20260428,WR2610,3408.0,0.0,1.0,-0.0528169014084509
20260428,WR2611,3393.0,0.0,4.0,0.021220159151194
20260428,WR2612,3399.0,0.0,1.0,-0.0003570118111407
20260428,WR2701,3390.0,0.0,14.0,0.0353982300884947
20260428,WR2702,3400.0,0.0,2.0,-0.0882352941176467
20260428,WR2703,3375.0,0.0,0.0,0.2239999999999993
20260428,WR2704,3438.0,0.0,0.0,0.0
20260429,WR2605,3226.0,236.0,98.0,0.6807191568505901
20260429,WR2606,3409.0,0.0,2.0,-0.0915224405984154
20260429,WR2607,3383.0,10.0,36.0,-0.0212828850133024
20260429,WR2608,3377.0,0.0,5.0,0.0923896949955587
20260429,WR2609,3403.0,7.0,19.0,0.0176315016162202
20260429,WR2610,3408.0,0.0,1.0,-0.0528169014084509
20260429,WR2611,3393.0,0.0,4.0,0.021220159151194
20260429,WR2612,3399.0,0.0,1.0,-0.0003570118111407
20260429,WR2701,3390.0,0.0,14.0,0.0353982300884947
20260429,WR2702,3400.0,0.0,2.0,-0.0882352941176467
20260429,WR2703,3375.0,0.0,0.0,0.2239999999999993
20260429,WR2704,3438.0,0.0,0.0,0.0
20260430,WR2605,3338.0,379.0,32.0,0.2552426602756146
20260430,WR2606,3409.0,0.0,2.0,0.0246406570841886
20260430,WR2607,3416.0,4.0,37.0,-0.0245901639344259
20260430,WR2608,3409.0,2.0,4.0,-0.0633616896450566
20260430,WR2609,3391.0,0.0,19.0,0.0601592450604542
20260430,WR2610,3408.0,0.0,1.0,-0.0528169014084509
20260430,WR2611,3393.0,0.0,4.0,0.021220159151194
20260430,WR2612,3399.0,0.0,1.0,0.0014677152235786
20260430,WR2701,3436.0,4.0,15.0,-0.1257275902211878
20260430,WR2702,3400.0,0.0,2.0,-0.0882352941176467
20260430,WR2703,3375.0,0.0,0.0,0.2239999999999993
20260430,WR2704,3438.0,0.0,0.0,0.0
20260506,WR2605,3380.0,32.0,0.0,0.3159763313609458
20260506,WR2606,3469.0,0.0,2.0,-0.1037763044104926
20260506,WR2607,3439.0,104.0,55.0,-0.1151497528351264
20260506,WR2608,3406.0,0.0,4.0,-0.0246623605402236
20260506,WR2609,3399.0,7.0,20.0,0.0317740511915278
20260506,WR2610,3408.0,0.0,1.0,-0.03169014084507
20260506,WR2611,3399.0,0.0,4.0,0.0
20260506,WR2612,3399.0,0.0,1.0,0.0017453910766881
20260506,WR2701,3443.0,0.0,15.0,-0.149869300029044
20260506,WR2702,3400.0,0.0,2.0,-0.052941176470588
20260506,WR2703,3385.0,0.0,0.0,0.1878877400295424
20260506,WR2704,3438.0,0.0,0.0,0.0
20260507,WR2605,3380.0,0.0,0.0,0.3159763313609458
20260507,WR2606,3469.0,0.0,2.0,-0.197174978379937
20260507,WR2607,3412.0,117.0,88.0,-0.0211019929660025
20260507,WR2608,3406.0,0.0,4.0,-0.017615971814445
20260507,WR2609,3401.0,0.0,20.0,0.024698618053514
20260507,WR2610,3408.0,0.0,1.0,-0.0281690140845074
20260507,WR2611,3400.0,0.0,4.0,-0.0035294117647053
20260507,WR2612,3399.0,0.0,1.0,0.0010710354334222
20260507,WR2701,3426.0,4.0,18.0,-0.0910683012259196
20260507,WR2702,3400.0,0.0,2.0,-0.052941176470588
20260507,WR2703,3385.0,0.0,0.0,0.1878877400295424
20260507,WR2704,3438.0,0.0,0.0,0.0
20260508,WR2605,3380.0,0.0,0.0,0.497041420118343
20260508,WR2606,3520.0,0.0,2.0,-0.4090909090909087
20260508,WR2607,3400.0,44.0,86.0,0.0211764705882346
20260508,WR2608,3406.0,0.0,4.0,-0.017615971814445
20260508,WR2609,3401.0,0.0,20.0,0.024698618053514
20260508,WR2610,3408.0,0.0,1.0,-0.0281690140845074
20260508,WR2611,3400.0,0.0,4.0,-0.074117647058824
20260508,WR2612,3379.0,0.0,1.0,0.0019153329719915
20260508,WR2701,3427.0,0.0,18.0,-0.1645754304056028
20260508,WR2702,3380.0,0.0,2.0,-0.053254437869822
20260508,WR2703,3365.0,0.0,0.0,0.2603268945022279
20260508,WR2704,3438.0,0.0,0.0,0.0
20260511,WR2605,3380.0,0.0,0.0,0.5964497041420112
20260511,WR2606,3548.0,0.0,2.0,-0.3145434047350615
20260511,WR2607,3455.0,112.0,108.0,-0.17018813314037562
20260511,WR2608,3406.0,0.0,4.0,0.07751027598355886
20260511,WR2609,3428.0,1.0,20.0,-0.07001166861143471
20260511,WR2610,3408.0,0.0,1.0,-0.02816901408450745
20260511,WR2611,3400.0,0.0,4.0,0.01764705882352935
20260511,WR2612,3405.0,0.0,1.0,0.0004751769539177267
20260511,WR2701,3417.0,1.0,18.0,-0.16505706760316086
20260511,WR2702,3370.0,0.0,2.0,-0.053412462908011715
20260511,WR2703,3355.0,0.0,0.0,0.29687034277198254
20260511,WR2704,3438.0,0.0,0.0,0.0
