date,symbol,close,volume,open_interest,roll_yield
20250526,PB2506,16780.0,7022.0,9634.0,0.0107222643023523
20250526,PB2507,16795.0,36787.0,44332.0,0.0
20250526,PB2508,16795.0,5070.0,11162.0,0.0035719601394857
20250526,PB2509,16800.0,388.0,2470.0,-0.0142942244418374
20250526,PB2510,16780.0,52.0,1112.0,0.0178651216561053
20250526,PB2511,16805.0,3.0,242.0,0.010706320412795
20250526,PB2512,16820.0,3.0,65.0,-0.0035677122308289
20250526,PB2601,16815.0,10.0,55.0,-0.017854489233402
20250526,PB2602,16790.0,3.0,23.0,0.0677061929769789
20250526,PB2603,16885.0,0.0,27.0,0.0
20250526,PB2604,16885.0,0.0,27.0,0.028393979529693
20250526,PB2605,16925.0,0.0,0.0,0.0
20250527,PB2506,16805.0,6626.0,7544.0,0.0142729722446697
20250527,PB2507,16825.0,36820.0,46064.0,-0.0107031373232071
20250527,PB2508,16810.0,8399.0,13378.0,-0.0071407321357314
20250527,PB2509,16800.0,149.0,2468.0,-0.0250260778922564
20250527,PB2510,16765.0,27.0,1124.0,0.017881094055092
20250527,PB2511,16790.0,12.0,251.0,-0.010725458780447
20250527,PB2512,16775.0,1.0,65.0,0.0285799480138481
20250527,PB2601,16815.0,0.0,55.0,0.0178279634633732
20250527,PB2602,16840.0,0.0,23.0,-0.0392565405861888
20250527,PB2603,16785.0,1.0,28.0,0.0712802808663945
20250527,PB2604,16885.0,0.0,27.0,0.028393979529693
20250527,PB2605,16925.0,0.0,0.0,0.0
20250528,PB2506,16700.0,2857.0,6132.0,0.0035922766321246
20250528,PB2507,16705.0,32697.0,49021.0,-0.0035922766321251
20250528,PB2508,16700.0,9072.0,15903.0,-0.0251760919560769
20250528,PB2509,16665.0,309.0,2639.0,0.0143928053236105
20250528,PB2510,16685.0,51.0,1155.0,0.0287339257314584
20250528,PB2511,16725.0,5.0,249.0,-0.0143583624668671
20250528,PB2512,16705.0,1.0,66.0,0.0286995652493765
20250528,PB2601,16745.0,10.0,53.0,0.0678876308161529
20250528,PB2602,16840.0,0.0,23.0,-0.0392565405861888
20250528,PB2603,16785.0,0.0,28.0,0.0712802808663945
20250528,PB2604,16885.0,0.0,27.0,-0.0999113710963567
20250528,PB2605,16745.0,2.0,0.0,0.0
20250529,PB2506,16715.0,2916.0,4926.0,0.0251008607881622
20250529,PB2507,16750.0,37075.0,45996.0,-0.0071663185169539
20250529,PB2508,16740.0,12243.0,16816.0,0.0071663185169544
20250529,PB2509,16750.0,1050.0,3208.0,-0.0143369192681136
20250529,PB2510,16730.0,539.0,1562.0,0.0035858359746886
20250529,PB2511,16735.0,18.0,250.0,0.0214925430588228
20250529,PB2512,16765.0,2.0,67.0,-0.0179077782823508
20250529,PB2601,16740.0,0.0,53.0,0.0714713250342171
20250529,PB2602,16840.0,0.0,23.0,-0.0464079114772226
20250529,PB2603,16775.0,4.0,31.0,0.0784316517574253
20250529,PB2604,16885.0,0.0,27.0,-0.0534204770040818
20250529,PB2605,16810.0,0.0,0.0,0.0
20250530,PB2506,16535.0,2173.0,4029.0,0.0615293159225525
20250530,PB2507,16620.0,52931.0,53330.0,-0.007222389625184
20250530,PB2508,16610.0,19411.0,22326.0,-0.0180750147142533
20250530,PB2509,16585.0,2045.0,4127.0,0.0
20250530,PB2510,16585.0,76.0,1605.0,0.0216867528905012
20250530,PB2511,16615.0,12.0,251.0,-0.0108384773287205
20250530,PB2512,16600.0,7.0,71.0,0.0
20250530,PB2601,16600.0,6.0,51.0,0.1722517614201974
20250530,PB2602,16840.0,0.0,23.0,-0.0571429651229244
20250530,PB2603,16760.0,0.0,31.0,-0.0179131246877641
20250530,PB2604,16735.0,2.0,27.0,0.0536593530868123
20250530,PB2605,16810.0,0.0,0.0,0.0
20250603,PB2506,16530.0,929.0,3385.0,0.029003035266464
20250603,PB2507,16570.0,28541.0,55547.0,0.0
20250603,PB2508,16570.0,10707.0,24936.0,-0.0108679252711435
20250603,PB2509,16555.0,1438.0,4616.0,0.0036237354948481
20250603,PB2510,16560.0,54.0,1636.0,0.0036226415369472
20250603,PB2511,16565.0,2.0,250.0,0.0180968214059285
20250603,PB2512,16590.0,127.0,191.0,0.0072310939217341
20250603,PB2601,16600.0,6.0,49.0,0.0036139135945492
20250603,PB2602,16605.0,1.0,24.0,0.1114948827027258
20250603,PB2603,16760.0,0.0,31.0,-0.1042703189685525
20250603,PB2604,16615.0,3.0,27.0,0.0108286967793456
20250603,PB2605,16630.0,6.0,6.0,0.0
20250604,PB2506,16620.0,315.0,3360.0,0.0360468880248047
20250604,PB2507,16670.0,35010.0,52496.0,-0.0035998200359957
20250604,PB2508,16665.0,12653.0,25431.0,-0.0072028813687197
20250604,PB2509,16655.0,749.0,4776.0,-0.0072072074238563
20250604,PB2510,16645.0,14.0,1640.0,0.0108091885405002
20250604,PB2511,16660.0,4.0,253.0,-0.0108091885404999
20250604,PB2512,16645.0,5.0,189.0,0.0467696589637682
20250604,PB2601,16710.0,16.0,50.0,-0.0756418533431087
20250604,PB2602,16605.0,0.0,24.0,0.1114948827027258
20250604,PB2603,16760.0,0.0,31.0,-0.0538197942071957
20250604,PB2604,16685.0,1.0,27.0,0.010783286632464
20250604,PB2605,16700.0,1.0,7.0,0.0
20250605,PB2506,16680.0,480.0,3095.0,0.010786517580207
20250605,PB2507,16695.0,30915.0,50484.0,0.0
20250605,PB2508,16695.0,10416.0,25334.0,-0.0143841791271654
20250605,PB2509,16675.0,666.0,4773.0,0.0
20250605,PB2510,16675.0,56.0,1667.0,0.0143841791271655
20250605,PB2511,16695.0,0.0,253.0,-0.0215827396309784
20250605,PB2512,16665.0,0.0,189.0,-0.0072028813687197
20250605,PB2601,16655.0,0.0,50.0,-0.0360794018031973
20250605,PB2602,16605.0,0.0,24.0,0.1114948827027258
20250605,PB2603,16760.0,0.0,31.0,0.1952994727079138
20250605,PB2604,17035.0,1.0,27.0,-0.2383359802826452
20250605,PB2605,16700.0,0.0,7.0,0.0
20250606,PB2506,16735.0,360.0,3080.0,0.0322243965092431
20250606,PB2507,16780.0,30853.0,49975.0,-0.0035762181757758
20250606,PB2508,16775.0,10615.0,26587.0,-0.0071556352746439
20250606,PB2509,16765.0,940.0,5028.0,-0.0071599047470178
20250606,PB2510,16755.0,16.0,1670.0,-0.0682330134069253
20250606,PB2511,16660.0,2.0,254.0,0.0718134997828831
20250606,PB2512,16760.0,4.0,192.0,0.0107350536457031
20250606,PB2601,16775.0,7.0,50.0,0.0
20250606,PB2602,16775.0,2.0,25.0,0.0214413398318831
20250606,PB2603,16805.0,3.0,31.0,-0.0107158810514346
20250606,PB2604,16790.0,11.0,26.0,-0.0178810940550906
20250606,PB2605,16765.0,12.0,11.0,0.0
20250609,PB2506,16720.0,515.0,2890.0,0.0322532671396365
20250609,PB2507,16765.0,27538.0,49567.0,0.0035783510031081
20250609,PB2508,16770.0,9774.0,27041.0,-0.0107382557501245
20250609,PB2509,16755.0,1466.0,5253.0,-0.0071641793172702
20250609,PB2510,16745.0,62.0,1698.0,0.0214797193389311
20250609,PB2511,16775.0,134.0,378.0,-0.0071556352746439
20250609,PB2512,16765.0,47.0,222.0,-0.0071599047470178
20250609,PB2601,16755.0,2.0,50.0,0.0071599047470181
20250609,PB2602,16765.0,2.0,25.0,0.0035783510031081
20250609,PB2603,16770.0,3.0,31.0,-0.0179024350673952
20250609,PB2604,16745.0,0.0,26.0,0.0107446656932289
20250609,PB2605,16760.0,0.0,11.0,0.0
20250610,PB2506,16840.0,620.0,2795.0,0.0284697642435647
20250610,PB2507,16880.0,36214.0,43968.0,-0.0035550289106105
20250610,PB2508,16875.0,14540.0,25445.0,0.0
20250610,PB2509,16875.0,1934.0,5506.0,0.0035550289106097
20250610,PB2510,16880.0,267.0,1825.0,0.0106587719813055
20250610,PB2511,16895.0,100.0,474.0,-0.0177698833005157
20250610,PB2512,16870.0,14.0,227.0,-0.0106745744622345
20250610,PB2601,16855.0,0.0,50.0,-0.0642476252139863
20250610,PB2602,16765.0,0.0,25.0,0.0035783510031081
20250610,PB2603,16770.0,0.0,31.0,-0.0179024350673952
20250610,PB2604,16745.0,0.0,26.0,0.121213151838047
20250610,PB2605,16915.0,1.0,12.0,0.0
20250611,PB2506,16820.0,115.0,2805.0,0.0178226677645696
20250611,PB2507,16845.0,21724.0,43989.0,0.003561359278254
20250611,PB2508,16850.0,8611.0,25920.0,-0.0106872502239945
20250611,PB2509,16835.0,803.0,5658.0,0.0142475528758352
20250611,PB2510,16855.0,119.0,1895.0,0.0
20250611,PB2511,16855.0,35.0,505.0,-0.0035603026518397
20250611,PB2512,16850.0,1.0,227.0,0.00356030265184
20250611,PB2601,16855.0,0.0,50.0,0.0177856857814437
20250611,PB2602,16880.0,4.0,24.0,0.007106899822772
20250611,PB2603,16890.0,3.0,28.0,0.0177488569555576
20250611,PB2604,16915.0,4.0,25.0,-0.0070963928738704
20250611,PB2605,16905.0,4.0,12.0,0.0
20250612,PB2506,16880.0,360.0,2790.0,0.007106899822772
20250612,PB2507,16890.0,29540.0,44388.0,0.0106524640816871
20250612,PB2508,16905.0,14051.0,27103.0,-0.0106524640816879
20250612,PB2509,16890.0,1764.0,6351.0,0.0212954803004217
20250612,PB2510,16920.0,146.0,1989.0,-0.0035466233448645
20250612,PB2511,16915.0,152.0,623.0,0.0212640339161136
20250612,PB2512,16945.0,6.0,227.0,-0.0461197906944436
20250612,PB2601,16880.0,0.0,50.0,0.0142095931346012
20250612,PB2602,16900.0,2.0,24.0,0.0602037562022328
20250612,PB2603,16985.0,1.0,29.0,-0.0176756549854823
20250612,PB2604,16960.0,5.0,28.0,-0.0212452106245573
20250612,PB2605,16930.0,0.0,12.0,0.0
20250613,PB2506,16910.0,645.0,2795.0,0.0248117057823078
20250613,PB2507,16945.0,32714.0,43604.0,-0.0035413900212763
20250613,PB2508,16940.0,14741.0,26686.0,-0.0177226438948384
20250613,PB2509,16915.0,1395.0,6700.0,0.0070921987880033
20250613,PB2510,16925.0,284.0,2120.0,-0.0035455754431376
20250613,PB2511,16920.0,36.0,637.0,0.0354087008166931
20250613,PB2512,16970.0,3.0,228.0,0.0035351303834997
20250613,PB2601,16975.0,34.0,53.0,-0.0106085169720336
20250613,PB2602,16960.0,4.0,22.0,0.1546594343082273
20250613,PB2603,17180.0,19.0,39.0,-0.1369837793227446
20250613,PB2604,16985.0,3.0,28.0,0.0282270050763464
20250613,PB2605,17025.0,2.0,12.0,0.0
20250616,PB2506,16930.0,500.0,2550.0,0.0353878168578876
20250616,PB2507,16980.0,30240.0,42057.0,0.0
20250616,PB2508,16980.0,14170.0,27775.0,-0.0035340892612972
20250616,PB2509,16975.0,2837.0,7348.0,-0.0035351303834985
20250616,PB2510,16970.0,541.0,2537.0,-0.0106116440223957
20250616,PB2511,16955.0,10.0,637.0,-0.0070796462230472
20250616,PB2512,16945.0,5.0,229.0,-0.035461018713137
20250616,PB2601,16895.0,5.0,53.0,0.0460789223700454
20250616,PB2602,16960.0,0.0,22.0,0.0212076638410029
20250616,PB2603,16990.0,0.0,39.0,-0.0035320088555205
20250616,PB2604,16985.0,0.0,28.0,0.0105929093240269
20250616,PB2605,17000.0,0.0,12.0,0.0
20250617,PB2507,16860.0,29996.0,41457.0,0.0142264391292211
20250617,PB2508,16880.0,14267.0,29109.0,-0.0035550289106105
20250617,PB2509,16875.0,1902.0,7566.0,0.0
20250617,PB2510,16875.0,112.0,2495.0,0.0
20250617,PB2511,16875.0,553.0,974.0,-0.0035560824085997
20250617,PB2512,16870.0,47.0,254.0,0.0815244606560434
20250617,PB2601,16985.0,8.0,54.0,-0.042465393770502
20250617,PB2602,16925.0,1.0,23.0,0.0459974026260246
20250617,PB2603,16990.0,0.0,39.0,-0.0035320088555205
20250617,PB2604,16985.0,0.0,28.0,-0.0353773841137471
20250617,PB2605,16935.0,0.0,12.0,0.0459702934377715
20250617,PB2606,17000.0,0.0,0.0,0.0
20250618,PB2507,16810.0,36557.0,40054.0,0.0071364854913325
20250618,PB2508,16820.0,19405.0,32387.0,0.0
20250618,PB2509,16820.0,4128.0,8158.0,-0.0071364854913333
20250618,PB2510,16810.0,98.0,2508.0,-0.0321668100279888
20250618,PB2511,16765.0,253.0,1039.0,0.0107318534504186
20250618,PB2512,16780.0,47.0,277.0,0.0142942244418387
20250618,PB2601,16800.0,8.0,48.0,0.0818629898815037
20250618,PB2602,16915.0,0.0,23.0,-0.046201745211613
20250618,PB2603,16850.0,1.0,38.0,0.095759337770117
20250618,PB2604,16985.0,0.0,28.0,-0.0353773841137471
20250618,PB2605,16935.0,0.0,12.0,0.0459702934377715
20250618,PB2606,17000.0,0.0,0.0,0.0
20250619,PB2507,16925.0,37967.0,33907.0,0.007088009656756
20250619,PB2508,16935.0,20028.0,32041.0,0.0070838254713545
20250619,PB2509,16945.0,4208.0,9386.0,0.0070796462230482
20250619,PB2510,16955.0,852.0,3070.0,-0.03898984378289
20250619,PB2511,16900.0,19.0,1041.0,0.0248263720884874
20250619,PB2512,16935.0,3.0,280.0,-0.0781993288673222
20250619,PB2601,16825.0,0.0,48.0,0.0640191204225633
20250619,PB2602,16915.0,0.0,23.0,-0.046201745211613
20250619,PB2603,16850.0,0.0,38.0,-0.0535316872875027
20250619,PB2604,16775.0,2.0,29.0,0.017870442617614
20250619,PB2605,16800.0,1.0,12.0,0.1420134917640335
20250619,PB2606,17000.0,0.0,0.0,0.0
20250620,PB2507,16810.0,26878.0,34107.0,0.0249591532559043
20250620,PB2508,16845.0,15904.0,35545.0,0.003561359278254
20250620,PB2509,16850.0,2803.0,10103.0,-0.0071237758102812
20250620,PB2510,16840.0,376.0,3096.0,-0.0213967367238765
20250620,PB2511,16810.0,266.0,1188.0,-0.0035698349214627
20250620,PB2512,16805.0,5.0,285.0,0.053436335888905
20250620,PB2601,16880.0,3.0,46.0,-0.0427300154761088
20250620,PB2602,16820.0,2.0,23.0,0.0035666518318728
20250620,PB2603,16825.0,2.0,39.0,0.0
20250620,PB2604,16825.0,0.0,29.0,0.0071301249869556
20250620,PB2605,16835.0,0.0,12.0,0.1170394973181384
20250620,PB2606,17000.0,0.0,0.0,0.0
20250623,PB2507,16920.0,26206.0,28273.0,0.0070901036035997
20250623,PB2508,16930.0,17766.0,37689.0,0.0
20250623,PB2509,16930.0,2323.0,10334.0,0.0
20250623,PB2510,16930.0,76.0,3078.0,-0.0177331198223355
20250623,PB2511,16905.0,15.0,1186.0,-0.0319858030336794
20250623,PB2512,16860.0,1.0,285.0,0.0213333389519922
20250623,PB2601,16890.0,0.0,46.0,-0.0177751476731422
20250623,PB2602,16865.0,2.0,23.0,0.0284276117548298
20250623,PB2603,16905.0,0.0,39.0,0.0106430162187354
20250623,PB2604,16920.0,1.0,29.0,-0.0035466233448645
20250623,PB2605,16915.0,1.0,12.0,0.0106367269484654
20250623,PB2606,16930.0,1.0,1.0,0.0
20250624,PB2507,16955.0,34403.0,19560.0,0.0035382574338615
20250624,PB2508,16960.0,32797.0,44284.0,0.0
20250624,PB2509,16960.0,5666.0,10774.0,-0.0035382574338608
20250624,PB2510,16955.0,123.0,3084.0,0.0
20250624,PB2511,16955.0,51.0,1183.0,-0.0035393010137126
20250624,PB2512,16950.0,4.0,285.0,-0.042553236081007
20250624,PB2601,16890.0,0.0,46.0,0.0212954803004217
20250624,PB2602,16920.0,4.0,27.0,0.0106335850998935
20250624,PB2603,16935.0,3.0,38.0,-0.0035434814962925
20250624,PB2604,16930.0,1.0,28.0,0.0
20250624,PB2605,16930.0,4.0,11.0,0.0283185972130913
20250624,PB2606,16970.0,1.0,2.0,0.0
20250625,PB2507,17165.0,36222.0,15153.0,0.0174647098212302
20250625,PB2508,17190.0,56352.0,48344.0,-0.0069828340637828
20250625,PB2509,17180.0,11825.0,12476.0,-0.0104818757574465
20250625,PB2510,17165.0,842.0,3089.0,-0.0244933748835222
20250625,PB2511,17130.0,116.0,1222.0,-0.0105124842465591
20250625,PB2512,17115.0,37.0,303.0,0.0035051847773684
20250625,PB2601,17120.0,6.0,46.0,0.0035041612163152
20250625,PB2602,17125.0,2.0,26.0,0.0035031382528739
20250625,PB2603,17130.0,5.0,37.0,0.0070032100032635
20250625,PB2604,17140.0,1.0,27.0,-0.147932604295077
20250625,PB2605,16930.0,0.0,11.0,0.1234034674142895
20250625,PB2606,17105.0,1.0,2.0,0.0
20250626,PB2507,17190.0,16901.0,9823.0,0.0244079700595736
20250626,PB2508,17225.0,52643.0,51182.0,0.0034828036813912
20250626,PB2509,17230.0,11184.0,15920.0,-0.0034828036813916
20250626,PB2510,17225.0,428.0,3122.0,-0.0139413318033429
20250626,PB2511,17205.0,69.0,1214.0,-0.017449472320013
20250626,PB2512,17180.0,13.0,307.0,-0.0069868997607018
20250626,PB2601,17170.0,7.0,49.0,0.0139697338244856
20250626,PB2602,17190.0,3.0,25.0,-0.0104757754361381
20250626,PB2603,17175.0,3.0,34.0,0.0139656693097972
20250626,PB2604,17195.0,2.0,27.0,-0.0279476108857977
20250626,PB2605,17155.0,0.0,11.0,0.0209668078966106
20250626,PB2606,17185.0,0.0,2.0,0.0
20250627,PB2507,17075.0,6265.0,7425.0,0.0350877442972233
20250627,PB2508,17125.0,40650.0,51800.0,0.014006421199136
20250627,PB2509,17145.0,12840.0,19098.0,-0.0035000729429989
20250627,PB2510,17140.0,695.0,3172.0,0.0
20250627,PB2511,17140.0,163.0,1218.0,-0.0035010941167392
20250627,PB2512,17135.0,24.0,302.0,0.0489226070744578
20250627,PB2601,17205.0,6.0,52.0,-0.0279313480774594
20250627,PB2602,17165.0,2.0,26.0,0.0418726798808029
20250627,PB2603,17225.0,2.0,34.0,-0.0418726798808032
20250627,PB2604,17165.0,0.0,27.0,-0.0069930071909081
20250627,PB2605,17155.0,0.0,11.0,0.0209668078966106
20250627,PB2606,17185.0,0.0,2.0,0.0
20250630,PB2507,17170.0,3700.0,5350.0,0.0209485069202771
20250630,PB2508,17200.0,32321.0,51408.0,0.0174291969637776
20250630,PB2509,17225.0,9261.0,20818.0,-0.0139413318033429
20250630,PB2510,17205.0,342.0,3171.0,-0.0069767443825699
20250630,PB2511,17195.0,39.0,1215.0,-0.0489511168312866
20250630,PB2512,17125.0,17.0,302.0,0.0175054735639184
20250630,PB2601,17150.0,17.0,52.0,0.0
20250630,PB2602,17150.0,1.0,25.0,0.0
20250630,PB2603,17150.0,1.0,33.0,0.0104910395724783
20250630,PB2604,17165.0,0.0,27.0,-0.0069930071909081
20250630,PB2605,17155.0,0.0,11.0,0.0209668078966106
20250630,PB2606,17185.0,0.0,2.0,0.0
20250701,PB2507,17070.0,1330.0,4745.0,0.0210711204271801
20250701,PB2508,17100.0,31387.0,51411.0,0.0210341859289726
20250701,PB2509,17130.0,10083.0,22498.0,-0.0035031382528752
20250701,PB2510,17125.0,309.0,3242.0,-0.0105155549302431
20250701,PB2511,17110.0,22.0,1216.0,0.0
20250701,PB2512,17110.0,7.0,299.0,0.0035062089365581
20250701,PB2601,17115.0,2.0,53.0,0.0035051847773684
20250701,PB2602,17120.0,2.0,23.0,0.0210096347802338
20250701,PB2603,17150.0,0.0,33.0,0.0104910395724783
20250701,PB2604,17165.0,0.0,27.0,-0.0069930071909081
20250701,PB2605,17155.0,0.0,11.0,-0.017500367692614
20250701,PB2606,17130.0,5.0,4.0,0.0
20250702,PB2507,17145.0,610.0,4500.0,0.0209790263223529
20250702,PB2508,17175.0,27524.0,51254.0,0.010475775436139
20250702,PB2509,17190.0,10291.0,22957.0,0.0
20250702,PB2510,17190.0,427.0,3400.0,0.003489893873661
20250702,PB2511,17195.0,46.0,1219.0,-0.0034898938736601
20250702,PB2512,17190.0,34.0,320.0,0.0069787730957935
20250702,PB2601,17200.0,1.0,53.0,-0.041933647797283
20250702,PB2602,17140.0,2.0,22.0,0.006999125307783
20250702,PB2603,17150.0,0.0,33.0,0.0
20250702,PB2604,17150.0,3.0,28.0,0.0034980323815705
20250702,PB2605,17155.0,0.0,11.0,-0.028012851939173
20250702,PB2606,17115.0,0.0,4.0,0.0
20250703,PB2507,17255.0,270.0,4380.0,-0.0069565219339506
20250703,PB2508,17245.0,34446.0,52878.0,0.0208574791791511
20250703,PB2509,17275.0,12657.0,25288.0,0.0
20250703,PB2510,17275.0,362.0,3460.0,0.0208212892028889
20250703,PB2511,17305.0,13.0,1225.0,-0.0312454971843076
20250703,PB2512,17260.0,18.0,324.0,-0.020875621385323
20250703,PB2601,17230.0,2.0,52.0,0.0104423501875924
20250703,PB2602,17245.0,1.0,22.0,0.0069565219339496
20250703,PB2603,17255.0,2.0,33.0,-0.0662503498818067
20250703,PB2604,17160.0,0.0,28.0,-0.0034970129928375
20250703,PB2605,17155.0,0.0,11.0,0.0418970457608898
20250703,PB2606,17215.0,2.0,6.0,0.0
20250704,PB2507,17240.0,735.0,4240.0,0.0382221258430209
20250704,PB2508,17295.0,24330.0,51672.0,0.0069364163781072
20250704,PB2509,17305.0,7900.0,25617.0,-0.0034677070028915
20250704,PB2510,17300.0,412.0,3507.0,0.0069344122126157
20250704,PB2511,17310.0,49.0,1248.0,-0.01040312158783
20250704,PB2512,17295.0,25.0,321.0,0.0
20250704,PB2601,17295.0,5.0,48.0,-0.024309080806202
20250704,PB2602,17260.0,4.0,19.0,-0.0382997568700579
20250704,PB2603,17205.0,10.0,34.0,0.0243867118332402
20250704,PB2604,17240.0,6.0,31.0,-0.0593110671016079
20250704,PB2605,17155.0,0.0,11.0,0.0940634806174334
20250704,PB2606,17290.0,2.0,4.0,0.0
20250707,PB2507,17165.0,645.0,3795.0,0.0314181997655123
20250707,PB2508,17210.0,29406.0,51045.0,0.0104544801152893
20250707,PB2509,17225.0,9590.0,26405.0,-0.01045448011529
20250707,PB2510,17210.0,470.0,3597.0,-0.0174443990598102
20250707,PB2511,17185.0,50.0,1252.0,-0.0069848663206101
20250707,PB2512,17175.0,9.0,316.0,-0.0104849285831612
20250707,PB2601,17160.0,2.0,47.0,0.0244505978929593
20250707,PB2602,17195.0,3.0,18.0,-0.0034898938736601
20250707,PB2603,17190.0,1.0,34.0,0.0348533500894694
20250707,PB2604,17240.0,0.0,31.0,-0.0383442592049976
20250707,PB2605,17185.0,4.0,14.0,-0.0244648402781798
20250707,PB2606,17150.0,2.0,4.0,0.0
20250708,PB2507,17105.0,1135.0,3915.0,0.0385233075629782
20250708,PB2508,17160.0,35649.0,51617.0,0.0209607040192989
20250708,PB2509,17190.0,10919.0,27398.0,-0.0104757754361381
20250708,PB2510,17175.0,785.0,3848.0,-0.0034939583883463
20250708,PB2511,17170.0,66.0,1277.0,0.0
20250708,PB2512,17170.0,27.0,312.0,0.0
20250708,PB2601,17170.0,10.0,55.0,-0.0314914891331415
20250708,PB2602,17125.0,2.0,18.0,0.0105063482561374
20250708,PB2603,17140.0,7.0,34.0,0.0104971576893528
20250708,PB2604,17155.0,2.0,30.0,-0.0245076671618038
20250708,PB2605,17120.0,1.0,14.0,-0.0035051847773685
20250708,PB2606,17115.0,1.0,4.0,0.0
20250709,PB2507,17120.0,475.0,3680.0,0.0384896087378052
20250709,PB2508,17175.0,33005.0,52261.0,0.0139656693097972
20250709,PB2509,17195.0,11658.0,28122.0,-0.0034898938736601
20250709,PB2510,17190.0,793.0,3873.0,-0.0069828340637828
20250709,PB2511,17180.0,75.0,1281.0,0.0104727279374433
20250709,PB2512,17195.0,122.0,412.0,0.0452765012526292
20250709,PB2601,17260.0,2.0,55.0,-0.0837212698277784
20250709,PB2602,17140.0,0.0,18.0,0.0244790992653516
20250709,PB2603,17175.0,0.0,34.0,-0.0069889343850915
20250709,PB2604,17165.0,5.0,35.0,-0.0315006743527122
20250709,PB2605,17120.0,0.0,14.0,0.0280046801546411
20250709,PB2606,17160.0,0.0,4.0,0.0
20250710,PB2507,17205.0,490.0,3605.0,0.0174241354847336
20250710,PB2508,17230.0,30897.0,52534.0,0.0139211152503653
20250710,PB2509,17250.0,12052.0,29411.0,0.0139049841746213
20250710,PB2510,17270.0,880.0,4218.0,0.0104181745800071
20250710,PB2511,17285.0,26.0,1281.0,-0.0382442740049954
20250710,PB2512,17230.0,1.0,412.0,0.04865341156674
20250710,PB2601,17300.0,2.0,56.0,-0.0591048565589542
20250710,PB2602,17215.0,0.0,18.0,0.0348028086176223
20250710,PB2603,17265.0,2.0,33.0,0.00347473579958
20250710,PB2604,17270.0,6.0,34.0,-0.0278260994249881
20250710,PB2605,17230.0,1.0,15.0,0.0
20250710,PB2606,17230.0,4.0,1.0,0.0
20250711,PB2507,17045.0,265.0,3585.0,0.0211019984038474
20250711,PB2508,17075.0,52461.0,53479.0,0.0280783983035397
20250711,PB2509,17115.0,19693.0,32352.0,0.0175156942498222
20250711,PB2510,17140.0,1113.0,4511.0,0.0035000729429996
20250711,PB2511,17145.0,119.0,1335.0,-0.0280292098237878
20250711,PB2512,17105.0,40.0,420.0,0.003507233694409
20250711,PB2601,17110.0,4.0,56.0,0.0105155549302413
20250711,PB2602,17125.0,3.0,18.0,0.0524399960534206
20250711,PB2603,17200.0,21.0,47.0,-0.0559441572697356
20250711,PB2604,17120.0,9.0,31.0,0.0315006743527109
20250711,PB2605,17165.0,2.0,16.0,-0.0139900919372606
20250711,PB2606,17145.0,7.0,7.0,0.0
20250714,PB2507,17030.0,400.0,3525.0,0.0386926907118977
20250714,PB2508,17085.0,31556.0,52444.0,0.0210526369787231
20250714,PB2509,17115.0,10100.0,31936.0,0.0175156942498222
20250714,PB2510,17140.0,1275.0,4953.0,-0.0280373959322351
20250714,PB2511,17100.0,63.0,1365.0,-0.0070195965733761
20250714,PB2512,17090.0,20.0,422.0,0.021046483033157
20250714,PB2601,17120.0,1.0,55.0,0.0629188741182245
20250714,PB2602,17210.0,1.0,17.0,-0.0034868516880521
20250714,PB2603,17205.0,3.0,48.0,-0.0629372072075409
20250714,PB2604,17115.0,5.0,28.0,0.0175156942498222
20250714,PB2605,17140.0,7.0,19.0,0.0349548747014909
20250714,PB2606,17190.0,1.0,8.0,0.0
20250715,PB2507,16885.0,90.0,3525.0,0.0319385076901548
20250715,PB2508,16930.0,33602.0,52667.0,0.0247824250937933
20250715,PB2509,16965.0,16819.0,32715.0,0.0212014189426307
20250715,PB2510,16995.0,1611.0,5438.0,0.0141134976574764
20250715,PB2511,17015.0,41.0,1374.0,0.02817729501288
20250715,PB2512,17055.0,32.0,417.0,0.0070339978567367
20250715,PB2601,17065.0,4.0,54.0,-0.0070339978567358
20250715,PB2602,17055.0,1.0,17.0,0.0
20250715,PB2603,17055.0,2.0,48.0,0.0035175143150885
20250715,PB2604,17060.0,9.0,30.0,0.014059755562689
20250715,PB2605,17080.0,13.0,20.0,0.0175515608297293
20250715,PB2606,17105.0,5.0,9.0,0.0
20250716,PB2508,16895.0,32614.0,53407.0,0.0212891835850246
20250716,PB2509,16925.0,21023.0,34223.0,0.0177121803374481
20250716,PB2510,16950.0,2676.0,6135.0,0.0106147729168101
20250716,PB2511,16965.0,1228.0,2241.0,0.0106053917640923
20250716,PB2512,16980.0,33.0,429.0,0.0211827062948297
20250716,PB2601,17010.0,9.0,54.0,0.0141010592019177
20250716,PB2602,17030.0,0.0,17.0,0.0316669293870832
20250716,PB2603,17075.0,0.0,48.0,-0.0351906410553316
20250716,PB2604,17025.0,2.0,30.0,0.0105680323871244
20250716,PB2605,17040.0,1.0,20.0,-0.0070443207188728
20250716,PB2606,17030.0,1.0,8.0,-0.0035237116682504
20250716,PB2607,17025.0,6.0,6.0,0.0
20250717,PB2508,16845.0,31395.0,51951.0,0.0213523188009282
20250717,PB2509,16875.0,22474.0,37575.0,0.0213143928150707
20250717,PB2510,16905.0,3182.0,7518.0,0.0141885916618724
20250717,PB2511,16925.0,199.0,2392.0,0.0530583030945297
20250717,PB2512,17000.0,61.0,466.0,-0.0105929093240257
20250717,PB2601,16985.0,5.0,57.0,-0.010602268396947
20250717,PB2602,16970.0,2.0,16.0,0.0141342772524679
20250717,PB2603,16990.0,6.0,49.0,0.0035309695708649
20250717,PB2604,16995.0,4.0,32.0,-0.0070629784263849
20250717,PB2605,16985.0,3.0,20.0,0.0176496575426775
20250717,PB2606,17010.0,4.0,10.0,-0.0035278553833392
20250717,PB2607,17005.0,3.0,8.0,0.0
20250718,PB2508,16820.0,32288.0,50581.0,0.0178226677645696
20250718,PB2509,16845.0,26525.0,41432.0,0.0249073477115383
20250718,PB2510,16880.0,2742.0,8403.0,-0.0071111113192097
20250718,PB2511,16870.0,169.0,2493.0,-0.0035571365311603
20250718,PB2512,16865.0,25.0,484.0,0.0248778409849717
20250718,PB2601,16900.0,1.0,56.0,0.046065315685988
20250718,PB2602,16965.0,0.0,16.0,-0.0247824250937942
20250718,PB2603,16930.0,6.0,49.0,0.0106273069676493
20250718,PB2604,16945.0,2.0,32.0,0.0212264206289419
20250718,PB2605,16975.0,4.0,21.0,0.0035340892612971
20250718,PB2606,16980.0,1.0,10.0,-0.0176808636671919
20250718,PB2607,16955.0,3.0,9.0,0.0
20250721,PB2508,16960.0,44659.0,44870.0,0.0247386334118682
20250721,PB2509,16995.0,39822.0,42069.0,0.0141134976574764
20250721,PB2510,17015.0,4475.0,8777.0,0.0211391716439697
20250721,PB2511,17045.0,211.0,2454.0,-0.0176133893356604
20250721,PB2512,17020.0,44.0,496.0,0.0316855105613078
20250721,PB2601,17065.0,33.0,76.0,0.0
20250721,PB2602,17065.0,10.0,26.0,0.0245865737993267
20250721,PB2603,17100.0,6.0,50.0,0.0070154927458545
20250721,PB2604,17110.0,1.0,33.0,-0.0386360644019165
20250721,PB2605,17055.0,11.0,24.0,-0.0528868198488929
20250721,PB2606,16980.0,0.0,10.0,0.0950290931873694
20250721,PB2607,17115.0,8.0,12.0,0.0
20250722,PB2508,16900.0,34982.0,41631.0,0.0212828905921932
20250722,PB2509,16930.0,36791.0,47218.0,0.0247824250937933
20250722,PB2510,16965.0,2915.0,9464.0,0.0
20250722,PB2511,16965.0,141.0,2419.0,0.0388406989084164
20250722,PB2512,17020.0,1.0,497.0,-0.0529958170345612
20250722,PB2601,16945.0,23.0,73.0,0.0035403452093357
20250722,PB2602,16950.0,10.0,27.0,0.0741069845297983
20250722,PB2603,17055.0,0.0,50.0,-0.0246515127045711
20250722,PB2604,17020.0,9.0,36.0,-0.0105804562328321
20250722,PB2605,17005.0,25.0,30.0,0.0843835882695629
20250722,PB2606,17125.0,2.0,10.0,-0.0035041612163159
20250722,PB2607,17120.0,4.0,10.0,0.0
20250723,PB2508,16810.0,46125.0,25485.0,0.0285205125341585
20250723,PB2509,16850.0,70210.0,62272.0,0.0213459884332827
20250723,PB2510,16880.0,6571.0,10259.0,0.0177593639044583
20250723,PB2511,16905.0,1487.0,3321.0,0.0141885916618724
20250723,PB2512,16925.0,59.0,487.0,-0.0070921987880026
20250723,PB2601,16915.0,19.0,79.0,0.0495575925585045
20250723,PB2602,16985.0,0.0,27.0,0.0105929093240269
20250723,PB2603,17000.0,0.0,50.0,0.0493103130015983
20250723,PB2604,17070.0,0.0,36.0,-0.0457814201662859
20250723,PB2605,17005.0,3.0,29.0,0.0070546739245237
20250723,PB2606,17015.0,1.0,11.0,0.0105742406607349
20250723,PB2607,17030.0,0.0,10.0,0.0
20250724,PB2508,16885.0,16432.0,20062.0,0.003552923786131
20250724,PB2509,16890.0,46419.0,69992.0,0.0319290654003152
20250724,PB2510,16935.0,6054.0,12272.0,0.0141634716944035
20250724,PB2511,16955.0,722.0,3395.0,0.0035382574338615
20250724,PB2512,16960.0,66.0,500.0,0.0212076638410029
20250724,PB2601,16990.0,14.0,85.0,0.0317413851490707
20250724,PB2602,17035.0,1.0,28.0,0.0105618313991496
20250724,PB2603,17050.0,2.0,52.0,0.0210958155707755
20250724,PB2604,17080.0,16.0,29.0,-0.0316576469699273
20250724,PB2605,17035.0,23.0,27.0,0.0246298283210319
20250724,PB2606,17070.0,2.0,12.0,0.0105401851308715
20250724,PB2607,17085.0,2.0,10.0,0.0
20250725,PB2508,16925.0,14309.0,15852.0,0.0212514813511588
20250725,PB2509,16955.0,46763.0,73327.0,0.0282768908457284
20250725,PB2510,16995.0,6606.0,13550.0,-0.0070629784263849
20250725,PB2511,16985.0,466.0,3461.0,0.0493537710967413
20250725,PB2512,17055.0,37.0,494.0,0.0175772698777768
20250725,PB2601,17080.0,31.0,73.0,-0.0316576469699273
20250725,PB2602,17035.0,1.0,28.0,0.0351700134519042
20250725,PB2603,17085.0,4.0,54.0,0.0035113387229321
20250725,PB2604,17090.0,13.0,26.0,0.0175412982557894
20250725,PB2605,17115.0,15.0,38.0,-0.0351082754817394
20250725,PB2606,17065.0,2.0,13.0,0.0316020665451809
20250725,PB2607,17110.0,3.0,13.0,0.0
20250728,PB2508,16880.0,12585.0,11588.0,0.0248557567783284
20250728,PB2509,16915.0,72526.0,70546.0,0.0070921987880033
20250728,PB2510,16925.0,15804.0,15199.0,0.0177121803374481
20250728,PB2511,16950.0,1201.0,3898.0,0.0176860754196062
20250728,PB2512,16975.0,55.0,494.0,0.017660047337475
20250728,PB2601,17000.0,18.0,78.0,0.0141093490681444
20250728,PB2602,17020.0,9.0,29.0,0.0140927790712999
20250728,PB2603,17040.0,11.0,54.0,0.0386700202811399
20250728,PB2604,17095.0,0.0,26.0,-0.0527627993524389
20250728,PB2605,17020.0,14.0,41.0,0.0105711356124209
20250728,PB2606,17035.0,3.0,13.0,0.0246298283210319
20250728,PB2607,17070.0,3.0,15.0,0.0
20250729,PB2508,16880.0,4704.0,9484.0,0.0142095931346012
20250729,PB2509,16900.0,47978.0,64534.0,0.0106461636437291
20250729,PB2510,16915.0,16923.0,17465.0,0.0141802084447601
20250729,PB2511,16935.0,1059.0,4137.0,0.0389093929692674
20250729,PB2512,16990.0,34.0,502.0,0.0070609004685042
20250729,PB2601,17000.0,3.0,78.0,0.0633618368554021
20250729,PB2602,17090.0,1.0,28.0,0.014035089319232
20250729,PB2603,17110.0,6.0,54.0,-0.0105247777540502
20250729,PB2604,17095.0,0.0,26.0,0.0315466809404281
20250729,PB2605,17140.0,4.0,38.0,-0.0280373959322351
20250729,PB2606,17100.0,0.0,13.0,0.0350365212400181
20250729,PB2607,17150.0,2.0,17.0,0.0
20250730,PB2508,16870.0,3607.0,7991.0,0.0142180111419812
20250730,PB2509,16890.0,37318.0,66741.0,0.0071026933118297
20250730,PB2510,16900.0,11194.0,19293.0,0.0141927869885927
20250730,PB2511,16920.0,850.0,4566.0,0.0
20250730,PB2512,16920.0,98.0,540.0,0.0424779204614878
20250730,PB2601,16980.0,36.0,108.0,0.0634362710777763
20250730,PB2602,17070.0,0.0,28.0,-0.0105494512288828
20250730,PB2603,17055.0,0.0,54.0,0.0281112866478679
20250730,PB2604,17095.0,0.0,26.0,-0.0140474116129305
20250730,PB2605,17075.0,2.0,39.0,0.0175566966211237
20250730,PB2606,17100.0,0.0,13.0,-0.010530935296308
20250730,PB2607,17085.0,6.0,17.0,0.0
20250731,PB2508,16440.0,3266.0,6424.0,0.2134193404230718
20250731,PB2509,16735.0,53359.0,72631.0,0.0143326383118044
20250731,PB2510,16755.0,13081.0,20856.0,0.0250409988021089
20250731,PB2511,16790.0,1438.0,4852.0,0.0178544892334025
20250731,PB2512,16815.0,379.0,780.0,0.0106999561257797
20250731,PB2601,16830.0,126.0,217.0,0.0391517476177964
20250731,PB2602,16885.0,1.0,28.0,0.0071047959446672
20250731,PB2603,16895.0,1.0,54.0,0.0
20250731,PB2604,16895.0,7.0,30.0,0.0602215286033761
20250731,PB2605,16980.0,6.0,40.0,0.0845073915049554
20250731,PB2606,17100.0,0.0,13.0,-0.0809743427528023
20250731,PB2607,16985.0,3.0,19.0,0.0
20250801,PB2508,16680.0,1609.0,6015.0,0.0395032527922718
20250801,PB2509,16735.0,47634.0,76338.0,0.0071684589945365
20250801,PB2510,16745.0,15117.0,24899.0,0.0143240840642866
20250801,PB2511,16765.0,1141.0,5332.0,-0.0322532671396355
20250801,PB2512,16720.0,112.0,831.0,0.0322532671396365
20250801,PB2601,16765.0,28.0,232.0,0.0855872870320688
20250801,PB2602,16885.0,0.0,28.0,-0.0320237402802039
20250801,PB2603,16840.0,1.0,53.0,0.0106840784621202
20250801,PB2604,16855.0,3.0,30.0,0.0106745744622344
20250801,PB2605,16870.0,12.0,39.0,0.1624988034088461
20250801,PB2606,17100.0,0.0,13.0,-0.1518337160529977
20250801,PB2607,16885.0,13.0,19.0,0.0
20250804,PB2508,16700.0,835.0,5975.0,0.0358744661803918
20250804,PB2509,16750.0,46198.0,71330.0,0.0071620413943382
20250804,PB2510,16760.0,12802.0,25769.0,0.0071577693741658
20250804,PB2511,16770.0,643.0,5367.0,0.017875766749662
20250804,PB2512,16795.0,29.0,836.0,0.0356718455311213
20250804,PB2601,16845.0,9.0,230.0,-0.0071258909457412
20250804,PB2602,16835.0,1.0,28.0,0.0178067995280582
20250804,PB2603,16860.0,2.0,52.0,-0.0071195493040646
20250804,PB2604,16850.0,0.0,30.0,0.0426540733454188
20250804,PB2605,16910.0,0.0,39.0,0.134079607177503
20250804,PB2606,17100.0,0.0,13.0,-0.1447289201083302
20250804,PB2607,16895.0,0.0,19.0,0.0
20250805,PB2508,16715.0,1885.0,5580.0,0.0429979558282029
20250805,PB2509,16775.0,40133.0,72083.0,-0.0035772842715362
20250805,PB2510,16770.0,13651.0,28411.0,0.017875766749662
20250805,PB2511,16795.0,530.0,5405.0,0.0285459545853812
20250805,PB2512,16835.0,45.0,846.0,0.0142475528758352
20250805,PB2601,16855.0,14.0,231.0,-0.0392215473217302
20250805,PB2602,16800.0,1.0,27.0,0.0178438694589403
20250805,PB2603,16825.0,1.0,52.0,0.0213776778627904
20250805,PB2604,16855.0,1.0,30.0,0.0745233801327967
20250805,PB2605,16960.0,8.0,39.0,-0.1351926543436749
20250805,PB2606,16770.0,3.0,13.0,0.1493352605770049
20250805,PB2607,16980.0,1.0,20.0,0.0
20250806,PB2508,16795.0,835.0,5380.0,0.042793507461215
20250806,PB2509,16855.0,48645.0,65019.0,-0.0035603026518397
20250806,PB2510,16850.0,13936.0,28200.0,0.0213459884332827
20250806,PB2511,16880.0,983.0,5372.0,0.0177593639044583
20250806,PB2512,16905.0,88.0,849.0,0.0035487210076746
20250806,PB2601,16910.0,27.0,234.0,0.0425029960277518
20250806,PB2602,16970.0,1.0,27.0,-0.1029744445841215
20250806,PB2603,16825.0,0.0,52.0,0.0213776778627904
20250806,PB2604,16855.0,0.0,30.0,0.1380342605220209
20250806,PB2605,17050.0,7.0,39.0,-0.1344750138697963
20250806,PB2606,16860.0,0.0,13.0,0.085106739713902
20250806,PB2607,16980.0,0.0,20.0,0.0
20250807,PB2508,16825.0,330.0,5425.0,0.0356083347336241
20250807,PB2509,16875.0,32431.0,62019.0,0.0177646220452104
20250807,PB2510,16900.0,12691.0,28980.0,0.0212828905921932
20250807,PB2511,16930.0,2189.0,6828.0,0.0141676521769848
20250807,PB2512,16950.0,99.0,848.0,0.0247532134330551
20250807,PB2601,16985.0,10.0,232.0,-0.010602268396947
20250807,PB2602,16970.0,0.0,27.0,0.0282519259396243
20250807,PB2603,17010.0,1.0,51.0,0.0105773475336677
20250807,PB2604,17025.0,2.0,30.0,0.0035237116682496
20250807,PB2605,17030.0,12.0,39.0,0.0246370522088819
20250807,PB2606,17065.0,1.0,14.0,-0.017592731490008
20250807,PB2607,17040.0,3.0,22.0,0.0
20250808,PB2508,16790.0,630.0,5620.0,0.0392448692288007
20250808,PB2509,16845.0,31008.0,59123.0,0.003561359278254
20250808,PB2510,16850.0,12474.0,30386.0,0.0177909595226747
20250808,PB2511,16875.0,1000.0,7003.0,0.0071090049472512
20250808,PB2512,16885.0,36.0,852.0,0.04964546088085
20250808,PB2601,16955.0,18.0,239.0,0.0106116440223953
20250808,PB2602,16970.0,0.0,27.0,0.0247240705562864
20250808,PB2603,17005.0,0.0,51.0,0.0176289145852574
20250808,PB2604,17030.0,0.0,30.0,-0.0246877383182115
20250808,PB2605,16995.0,5.0,40.0,0.017639279965786
20250808,PB2606,17020.0,1.0,14.0,0.0281690270196586
20250808,PB2607,17060.0,0.0,22.0,0.0
20250811,PB2508,16835.0,715.0,5575.0,0.0355872146939195
20250811,PB2509,16885.0,35623.0,54395.0,0.0
20250811,PB2510,16885.0,12662.0,31201.0,0.01420538786782
20250811,PB2511,16905.0,1795.0,7082.0,0.0319007719993185
20250811,PB2512,16950.0,102.0,845.0,0.0247532134330551
20250811,PB2601,16985.0,13.0,240.0,0.0105929093240269
20250811,PB2602,17000.0,1.0,26.0,0.0246804846805645
20250811,PB2603,17035.0,2.0,50.0,-0.0246804846805653
20250811,PB2604,17000.0,1.0,31.0,-0.0105929093240257
20250811,PB2605,16985.0,1.0,41.0,0.0247022583921711
20250811,PB2606,17020.0,0.0,14.0,0.0281690270196586
20250811,PB2607,17060.0,0.0,22.0,0.0
20250812,PB2508,16900.0,280.0,5635.0,0.0106461636437291
20250812,PB2509,16915.0,29986.0,51223.0,0.0070921987880033
20250812,PB2510,16925.0,11971.0,30832.0,0.010630445106837
20250812,PB2511,16940.0,1804.0,7196.0,0.0212326802667183
20250812,PB2512,16970.0,48.0,847.0,0.0176652468233332
20250812,PB2601,16995.0,13.0,243.0,0.0035299308976423
20250812,PB2602,17000.0,0.0,26.0,0.0211578074205693
20250812,PB2603,17030.0,0.0,50.0,0.0140845086591476
20250812,PB2604,17050.0,2.0,30.0,0.0386473764005058
20250812,PB2605,17105.0,7.0,37.0,-0.0210649556725705
20250812,PB2606,17075.0,0.0,14.0,-0.0105463607198478
20250812,PB2607,17060.0,0.0,22.0,0.0
20250813,PB2508,16870.0,105.0,5630.0,0.042603595046004
20250813,PB2509,16930.0,28937.0,49424.0,0.0070859169463731
20250813,PB2510,16940.0,13114.0,31563.0,0.0141592936781852
20250813,PB2511,16960.0,1741.0,7604.0,0.0176756549854834
20250813,PB2512,16985.0,96.0,852.0,-0.0070671380134491
20250813,PB2601,16975.0,58.0,242.0,0.0211889401727873
20250813,PB2602,17005.0,4.0,27.0,0.0176289145852574
20250813,PB2603,17030.0,0.0,50.0,0.0562391187540612
20250813,PB2604,17110.0,1.0,30.0,0.0070113937139264
20250813,PB2605,17120.0,8.0,34.0,0.0349956503494562
20250813,PB2606,17170.0,1.0,14.0,-0.0771255941502131
20250813,PB2607,17060.0,0.0,22.0,0.0
20250814,PB2508,16730.0,255.0,5675.0,0.0286567300366189
20250814,PB2509,16770.0,45616.0,51370.0,0.0143027430519828
20250814,PB2510,16790.0,21543.0,32301.0,0.0071449838371642
20250814,PB2511,16800.0,2968.0,8132.0,0.0178438694589403
20250814,PB2512,16825.0,127.0,900.0,0.0569227275486935
20250814,PB2601,16905.0,13.0,239.0,0.0813562438245452
20250814,PB2602,17020.0,0.0,27.0,-0.063623124002209
20250814,PB2603,16930.0,0.0,50.0,0.1269107011086991
20250814,PB2604,17110.0,0.0,30.0,-0.0668133594147962
20250814,PB2605,17015.0,4.0,34.0,0.1088204034781818
20250814,PB2606,17170.0,0.0,14.0,-0.0771255941502131
20250814,PB2607,17060.0,0.0,22.0,0.0
20250815,PB2508,16760.0,45.0,5675.0,0.0642667409332059
20250815,PB2509,16850.0,32601.0,51207.0,0.00356030265184
20250815,PB2510,16855.0,12644.0,32922.0,0.0142306568708333
20250815,PB2511,16875.0,1305.0,8213.0,0.0213143928150707
20250815,PB2512,16905.0,84.0,898.0,-0.0213143928150693
20250815,PB2601,16875.0,7.0,239.0,0.1026706366396133
20250815,PB2602,17020.0,0.0,27.0,-0.063623124002209
20250815,PB2603,16930.0,0.0,50.0,0.1269107011086991
20250815,PB2604,17110.0,0.0,30.0,-0.0668133594147962
20250815,PB2605,17015.0,9.0,30.0,0.1088204034781818
20250815,PB2606,17170.0,0.0,14.0,-0.0771255941502131
20250815,PB2607,17060.0,0.0,22.0,0.0
20250818,PB2509,16775.0,30595.0,49496.0,0.0107254587804481
20250818,PB2510,16790.0,14735.0,34351.0,0.0178544892334025
20250818,PB2511,16815.0,1281.0,8329.0,0.0534046275297103
20250818,PB2512,16890.0,74.0,937.0,-0.0248925856042158
20250818,PB2601,16855.0,8.0,236.0,0.0142306568708333
20250818,PB2602,16875.0,3.0,27.0,0.0390475126374055
20250818,PB2603,16930.0,0.0,50.0,0.0212452106245556
20250818,PB2604,16960.0,5.0,30.0,-0.0106179036569078
20250818,PB2605,16945.0,14.0,37.0,0.0176912902454429
20250818,PB2606,16970.0,5.0,13.0,0.0634735538087776
20250818,PB2607,17060.0,0.0,22.0,-0.0352216278691523
20250818,PB2608,17010.0,7.0,7.0,0.0
20250819,PB2509,16825.0,27255.0,48112.0,0.0071301249869556
20250819,PB2510,16835.0,14712.0,34643.0,0.010687250223994
20250819,PB2511,16850.0,2117.0,8529.0,0.0213459884332827
20250819,PB2512,16880.0,181.0,1003.0,0.0248557567783284
20250819,PB2601,16915.0,22.0,246.0,0.0
20250819,PB2602,16915.0,3.0,27.0,0.0106367269484654
20250819,PB2603,16930.0,0.0,50.0,0.0283185972130913
20250819,PB2604,16970.0,0.0,30.0,-0.0176912902454428
20250819,PB2605,16945.0,4.0,37.0,0.0282935586423918
20250819,PB2606,16985.0,0.0,13.0,0.0528712854118288
20250819,PB2607,17060.0,0.0,22.0,-0.0316948093279684
20250819,PB2608,17015.0,0.0,7.0,0.0
20250820,PB2509,16725.0,38671.0,46776.0,0.0107575085644464
20250820,PB2510,16740.0,22610.0,39501.0,0.0107478735353326
20250820,PB2511,16755.0,1842.0,8688.0,0.0214669109126929
20250820,PB2512,16785.0,70.0,997.0,0.0142899689408485
20250820,PB2601,16805.0,22.0,236.0,0.078292092667235
20250820,PB2602,16915.0,0.0,27.0,-0.0747222577457709
20250820,PB2603,16810.0,2.0,49.0,0.0640760941020432
20250820,PB2604,16900.0,0.0,30.0,0.0035497707698595
20250820,PB2605,16905.0,4.0,36.0,0.0035487210076746
20250820,PB2606,16910.0,1.0,13.0,0.0177278803109537
20250820,PB2607,16935.0,1.0,22.0,0.0565538601976083
20250820,PB2608,17015.0,0.0,7.0,0.0
20250821,PB2509,16745.0,28843.0,44230.0,0.0
20250821,PB2510,16745.0,14994.0,40670.0,0.0107446656932289
20250821,PB2511,16760.0,1386.0,8875.0,0.0143112718214772
20250821,PB2512,16780.0,49.0,1013.0,0.0178651216561053
20250821,PB2601,16805.0,21.0,253.0,0.0640951078702105
20250821,PB2602,16895.0,1.0,27.0,0.0177436081418884
20250821,PB2603,16920.0,3.0,49.0,-0.0141927869885925
20250821,PB2604,16900.0,0.0,30.0,0.0
20250821,PB2605,16900.0,0.0,36.0,0.0070984917775334
20250821,PB2606,16910.0,0.0,13.0,0.046038126411251
20250821,PB2607,16975.0,1.0,22.0,0.0105991468689699
20250821,PB2608,16990.0,1.0,8.0,0.0
20250822,PB2509,16780.0,22945.0,41165.0,0.0
20250822,PB2510,16780.0,18950.0,43900.0,0.0071492406046726
20250822,PB2511,16790.0,1933.0,9067.0,0.0071449838371642
20250822,PB2512,16800.0,31.0,1021.0,0.0178438694589403
20250822,PB2601,16825.0,7.0,256.0,0.049822135625541
20250822,PB2602,16895.0,0.0,27.0,-0.0284444577627501
20250822,PB2603,16855.0,1.0,49.0,0.0319952789160442
20250822,PB2604,16900.0,0.0,30.0,0.0354505427691765
20250822,PB2605,16950.0,8.0,37.0,0.028285222288576
20250822,PB2606,16990.0,7.0,13.0,-0.0105991468689699
20250822,PB2607,16975.0,0.0,22.0,0.0105991468689699
20250822,PB2608,16990.0,0.0,8.0,0.0
20250825,PB2509,16845.0,41202.0,27975.0,0.0142390998611696
20250825,PB2510,16865.0,49559.0,47516.0,0.0035571365311601
20250825,PB2511,16870.0,6524.0,10131.0,0.0177698833005159
20250825,PB2512,16895.0,226.0,1003.0,0.014196984797022
20250825,PB2601,16915.0,47.0,265.0,0.0106367269484654
20250825,PB2602,16930.0,3.0,28.0,-0.0141843988146598
20250825,PB2603,16910.0,0.0,49.0,-0.0070984917775336
20250825,PB2604,16900.0,0.0,30.0,0.0707966655262598
20250825,PB2605,17000.0,0.0,37.0,0.038760861772715
20250825,PB2606,17055.0,1.0,12.0,-0.0564209091101906
20250825,PB2607,16975.0,0.0,22.0,0.0105991468689699
20250825,PB2608,16990.0,0.0,8.0,0.0
20250826,PB2509,16910.0,22230.0,18541.0,0.0141843988146601
20250826,PB2510,16930.0,45181.0,50846.0,-0.0070901036036012
20250826,PB2511,16920.0,11291.0,14678.0,0.0070901036035997
20250826,PB2512,16930.0,459.0,883.0,0.0035434814962932
20250826,PB2601,16935.0,27.0,264.0,0.0247751157167982
20250826,PB2602,16970.0,2.0,28.0,0.0353045267891162
20250826,PB2603,17020.0,3.0,47.0,0.0176133893356597
20250826,PB2604,17045.0,4.0,31.0,-0.0105649309832337
20250826,PB2605,17030.0,2.0,37.0,0.0176030543521456
20250826,PB2606,17055.0,0.0,12.0,0.0386360644019167
20250826,PB2607,17110.0,2.0,20.0,-0.0070154927458559
20250826,PB2608,17100.0,1.0,9.0,0.0
20250827,PB2509,16865.0,13658.0,13567.0,0.0177751476731405
20250827,PB2510,16890.0,49426.0,49915.0,-0.0071068998227712
20250827,PB2511,16880.0,15705.0,20575.0,0.007106899822772
20250827,PB2512,16890.0,422.0,1032.0,0.0177488569555576
20250827,PB2601,16915.0,16.0,269.0,0.0354191520422606
20250827,PB2602,16965.0,0.0,28.0,0.0212014189426307
20250827,PB2603,16995.0,0.0,47.0,0.0070588237329533
20250827,PB2604,17005.0,1.0,30.0,0.0422659667941392
20250827,PB2605,17065.0,10.0,43.0,0.0
20250827,PB2606,17065.0,10.0,21.0,0.0140556385030177
20250827,PB2607,17085.0,30.0,33.0,-0.0035123664819759
20250827,PB2608,17080.0,2.0,10.0,0.0
20250828,PB2509,16890.0,5324.0,10461.0,0.0142011850893615
20250828,PB2510,16910.0,34152.0,49909.0,-0.0070984917775336
20250828,PB2511,16900.0,10333.0,22349.0,0.0177383624317315
20250828,PB2512,16925.0,127.0,1033.0,-0.0070921987880026
20250828,PB2601,16915.0,3.0,269.0,0.0354191520422606
20250828,PB2602,16965.0,0.0,28.0,0.0212014189426307
20250828,PB2603,16995.0,0.0,47.0,-0.0070629784263849
20250828,PB2604,16985.0,1.0,30.0,0.0352733940045911
20250828,PB2605,17035.0,6.0,45.0,0.0175978914072386
20250828,PB2606,17060.0,10.0,24.0,0.0210834607675977
20250828,PB2607,17090.0,21.0,43.0,0.0070195965733761
20250828,PB2608,17100.0,3.0,13.0,0.0
20250829,PB2509,16840.0,5439.0,8070.0,0.0284697642435647
20250829,PB2510,16880.0,43853.0,49182.0,0.0142095931346012
20250829,PB2511,16900.0,14214.0,22964.0,0.0106461636437291
20250829,PB2512,16915.0,604.0,1146.0,0.0
20250829,PB2601,16915.0,50.0,297.0,0.0354191520422606
20250829,PB2602,16965.0,0.0,28.0,-0.0070754719030989
20250829,PB2603,16955.0,4.0,49.0,0.0212139124193447
20250829,PB2604,16985.0,10.0,30.0,0.0599032223256244
20250829,PB2605,17070.0,11.0,49.0,0.031592822109592
20250829,PB2606,17115.0,9.0,25.0,-0.0035062089365582
20250829,PB2607,17110.0,18.0,59.0,0.0140186931831183
20250829,PB2608,17130.0,3.0,15.0,0.0
20250901,PB2509,16810.0,4015.0,6405.0,0.032080815185998
20250901,PB2510,16855.0,39854.0,51017.0,0.0106745744622344
20250901,PB2511,16870.0,11644.0,23139.0,0.0142180111419812
20250901,PB2512,16890.0,576.0,1201.0,0.0177488569555576
20250901,PB2601,16915.0,42.0,301.0,0.0141802084447601
20250901,PB2602,16935.0,11.0,30.0,0.010624170680692
20250901,PB2603,16950.0,16.0,52.0,0.03181619185944
20250901,PB2604,16995.0,3.0,31.0,0.031732059037085
20250901,PB2605,17040.0,6.0,46.0,0.0105587336332715
20250901,PB2606,17055.0,13.0,29.0,0.0105494512288811
20250901,PB2607,17070.0,23.0,70.0,0.0561076416671957
20250901,PB2608,17150.0,1.0,14.0,0.0
20250902,PB2509,16800.0,2440.0,5620.0,0.0356612446698897
20250902,PB2510,16850.0,42223.0,51504.0,0.0106777405829147
20250902,PB2511,16865.0,18048.0,24486.0,0.0
20250902,PB2512,16865.0,1761.0,1281.0,0.0213270198316751
20250902,PB2601,16895.0,80.0,291.0,0.0035508211532954
20250902,PB2602,16900.0,9.0,22.0,0.0283688075385656
20250902,PB2603,16940.0,5.0,54.0,0.0176965081474203
20250902,PB2604,16965.0,2.0,32.0,0.0317880980589223
20250902,PB2605,17010.0,6.0,46.0,0.0211453799207906
20250902,PB2606,17040.0,1.0,30.0,0.0351597087159583
20250902,PB2607,17090.0,1.0,70.0,0.042056117813393
20250902,PB2608,17150.0,0.0,14.0,0.0
20250903,PB2509,16820.0,970.0,5295.0,0.0320617676257386
20250903,PB2510,16865.0,30342.0,50638.0,0.007113218939759
20250903,PB2511,16875.0,8598.0,25361.0,0.0106619287333828
20250903,PB2512,16890.0,950.0,1523.0,0.0212954803004217
20250903,PB2601,16920.0,24.0,294.0,-0.0070942952110598
20250903,PB2602,16910.0,0.0,22.0,0.035429609439218
20250903,PB2603,16960.0,0.0,54.0,0.0317974571448213
20250903,PB2604,17005.0,3.0,31.0,0.0070546739245237
20250903,PB2605,17015.0,13.0,55.0,0.0176185613796067
20250903,PB2606,17040.0,0.0,30.0,0.0351597087159583
20250903,PB2607,17090.0,0.0,70.0,0.0070195965733761
20250903,PB2608,17100.0,16.0,23.0,0.0
20250904,PB2509,16805.0,665.0,4940.0,0.0392098967596856
20250904,PB2510,16860.0,25910.0,50042.0,0.0071153278100097
20250904,PB2511,16870.0,8442.0,26091.0,0.0177698833005159
20250904,PB2512,16895.0,475.0,1513.0,-0.0035518721585346
20250904,PB2601,16890.0,62.0,292.0,0.0142011850893615
20250904,PB2602,16910.0,0.0,22.0,0.0248117057823078
20250904,PB2603,16945.0,5.0,54.0,0.0353565370687751
20250904,PB2604,16995.0,0.0,31.0,0.0105866791162939
20250904,PB2605,17010.0,0.0,55.0,0.0070526008494919
20250904,PB2606,17020.0,1.0,30.0,0.0211329670115738
20250904,PB2607,17050.0,10.0,80.0,0.0210958155707755
20250904,PB2608,17080.0,2.0,23.0,0.0
20250905,PB2509,16830.0,1190.0,4530.0,0.0498073647157585
20250905,PB2510,16900.0,33992.0,49426.0,0.0
20250905,PB2511,16900.0,10693.0,26918.0,0.0035497707698595
20250905,PB2512,16905.0,486.0,1518.0,0.0106430162187354
20250905,PB2601,16920.0,28.0,287.0,0.0035455754431384
20250905,PB2602,16925.0,1.0,22.0,0.024789738785021
20250905,PB2603,16960.0,0.0,54.0,0.0247386334118682
20250905,PB2604,16995.0,0.0,31.0,0.0
20250905,PB2605,16995.0,1.0,55.0,0.017639279965786
20250905,PB2606,17020.0,0.0,30.0,0.0316855105613078
20250905,PB2607,17065.0,4.0,76.0,0.0105432720210421
20250905,PB2608,17080.0,0.0,23.0,0.0
20250908,PB2509,16825.0,925.0,4525.0,0.049822135625541
20250908,PB2510,16895.0,40658.0,48884.0,0.0
20250908,PB2511,16895.0,13686.0,28464.0,0.0035508211532954
20250908,PB2512,16900.0,804.0,1577.0,0.0212828905921932
20250908,PB2601,16930.0,50.0,277.0,-0.0035445281604633
20250908,PB2602,16925.0,0.0,22.0,0.024789738785021
20250908,PB2603,16960.0,0.0,54.0,0.0141426062333304
20250908,PB2604,16980.0,2.0,32.0,0.0105960271785369
20250908,PB2605,16995.0,0.0,55.0,0.017639279965786
20250908,PB2606,17020.0,17.0,25.0,0.0105711356124209
20250908,PB2607,17035.0,27.0,69.0,0.0211143749488858
20250908,PB2608,17065.0,4.0,23.0,0.0
20250909,PB2509,16870.0,740.0,4420.0,0.042603595046004
20250909,PB2510,16930.0,30476.0,49701.0,0.0035434814962932
20250909,PB2511,16935.0,9580.0,29619.0,0.0
20250909,PB2512,16935.0,823.0,1766.0,-0.0035434814962925
20250909,PB2601,16930.0,109.0,336.0,0.0106273069676493
20250909,PB2602,16945.0,1.0,22.0,0.0176912902454429
20250909,PB2603,16970.0,1.0,54.0,0.0141342772524679
20250909,PB2604,16990.0,1.0,33.0,0.0035309695708649
20250909,PB2605,16995.0,2.0,56.0,0.0105866791162939
20250909,PB2606,17010.0,2.0,24.0,0.0070526008494919
20250909,PB2607,17020.0,0.0,69.0,0.0281690270196586
20250909,PB2608,17060.0,0.0,23.0,0.0
20250910,PB2509,16760.0,285.0,4495.0,0.0250335361238297
20250910,PB2510,16795.0,45315.0,50467.0,0.0178491777665523
20250910,PB2511,16820.0,18576.0,31480.0,0.0106967768188287
20250910,PB2512,16835.0,2760.0,2939.0,0.0355872146939195
20250910,PB2601,16885.0,36.0,336.0,0.0425658146578024
20250910,PB2602,16945.0,0.0,22.0,-0.0248117057823091
20250910,PB2603,16910.0,1.0,55.0,0.0283520509916438
20250910,PB2604,16950.0,5.0,33.0,-0.0035403452093352
20250910,PB2605,16945.0,2.0,56.0,0.0600442753869865
20250910,PB2606,17030.0,0.0,24.0,-0.0070484583524265
20250910,PB2607,17020.0,0.0,69.0,0.0281690270196586
20250910,PB2608,17060.0,0.0,23.0,0.0
20250911,PB2509,16850.0,825.0,4375.0,0.0355555815678845
20250911,PB2510,16900.0,41772.0,49603.0,0.0035497707698595
20250911,PB2511,16905.0,16270.0,31713.0,-0.0035497707698589
20250911,PB2512,16900.0,1522.0,2960.0,0.0248263720884874
20250911,PB2601,16935.0,44.0,336.0,-0.0283771932417812
20250911,PB2602,16895.0,2.0,23.0,0.010649312930829
20250911,PB2603,16910.0,2.0,55.0,0.0
20250911,PB2604,16910.0,2.0,33.0,0.021270315761034
20250911,PB2605,16940.0,10.0,54.0,-0.0070859169463731
20250911,PB2606,16930.0,15.0,20.0,0.0212452106245556
20250911,PB2607,16960.0,26.0,63.0,0.0
20250911,PB2608,16960.0,3.0,22.0,0.0
20250912,PB2509,17000.0,575.0,4080.0,0.028202128139444
20250912,PB2510,17040.0,63429.0,52188.0,0.0070401879402745
20250912,PB2511,17050.0,24522.0,34306.0,0.007036060008086
20250912,PB2512,17060.0,1728.0,3242.0,0.0
20250912,PB2601,17060.0,59.0,348.0,-0.0105556376839998
20250912,PB2602,17045.0,0.0,23.0,-0.0458486964799823
20250912,PB2603,16980.0,3.0,54.0,0.1125447874371904
20250912,PB2604,17140.0,3.0,33.0,0.0035000729429996
20250912,PB2605,17145.0,6.0,54.0,-0.1478891957417835
20250912,PB2606,16935.0,0.0,20.0,0.1478891957417843
20250912,PB2607,17145.0,5.0,63.0,-0.0070011670597388
20250912,PB2608,17135.0,1.0,22.0,0.0
20250915,PB2509,17150.0,235.0,4120.0,0.0069950453744073
20250915,PB2510,17160.0,58666.0,47056.0,0.0209607040192989
20250915,PB2511,17190.0,29545.0,35633.0,0.003489893873661
20250915,PB2512,17195.0,3001.0,3894.0,-0.0034898938736601
20250915,PB2601,17190.0,194.0,446.0,-0.0034909091155281
20250915,PB2602,17185.0,3.0,20.0,0.0139575473717581
20250915,PB2603,17205.0,15.0,50.0,-0.0104666382562302
20250915,PB2604,17190.0,6.0,33.0,-0.0419580847047517
20250915,PB2605,17130.0,14.0,56.0,-0.0175259268775269
20250915,PB2606,17105.0,1.0,20.0,0.0769233403310282
20250915,PB2607,17215.0,5.0,61.0,-0.003485838804468
20250915,PB2608,17210.0,2.0,23.0,0.0
20250916,PB2510,17055.0,54978.0,45095.0,0.0175772698777768
20250916,PB2511,17080.0,35199.0,39352.0,0.0105340167700906
20250916,PB2512,17095.0,4000.0,5116.0,-0.0070216502881136
20250916,PB2601,17085.0,91.0,446.0,0.0280619829724066
20250916,PB2602,17125.0,2.0,20.0,0.0035031382528739
20250916,PB2603,17130.0,1.0,49.0,0.052424722960982
20250916,PB2604,17205.0,0.0,33.0,-0.0664434161440987
20250916,PB2605,17110.0,12.0,61.0,-0.0035072336944089
20250916,PB2606,17105.0,0.0,20.0,0.0350262945701403
20250916,PB2607,17155.0,11.0,55.0,-0.0034980323815699
20250916,PB2608,17150.0,16.0,34.0,0.0453950781424573
20250916,PB2609,17215.0,13.0,13.0,0.0
20250917,PB2510,17100.0,44958.0,42195.0,0.0070154927458545
20250917,PB2511,17110.0,22170.0,40429.0,0.0035062089365581
20250917,PB2512,17115.0,3943.0,5772.0,0.0140146001330809
20250917,PB2601,17135.0,91.0,455.0,-0.0070052541393977
20250917,PB2602,17125.0,0.0,20.0,0.0454612229576257
20250917,PB2603,17190.0,1.0,50.0,0.003489893873661
20250917,PB2604,17195.0,0.0,33.0,-0.0104727279374427
20250917,PB2605,17180.0,4.0,61.0,-0.0244719676947071
20250917,PB2606,17145.0,1.0,21.0,0.003499052364784
20250917,PB2607,17150.0,16.0,44.0,0.0488799046516304
20250917,PB2608,17220.0,1.0,35.0,0.0
20250917,PB2609,17220.0,1.0,14.0,0.0
20250918,PB2510,17145.0,39143.0,39036.0,0.0139900919372617
20250918,PB2511,17165.0,25638.0,43750.0,0.0069889343850919
20250918,PB2512,17175.0,5665.0,8002.0,-0.0069889343850915
20250918,PB2601,17165.0,67.0,473.0,0.0069889343850919
20250918,PB2602,17175.0,1.0,21.0,0.010475775436139
20250918,PB2603,17190.0,0.0,50.0,0.003489893873661
20250918,PB2604,17195.0,0.0,33.0,0.020918076185913
20250918,PB2605,17225.0,17.0,52.0,-0.0558627718180626
20250918,PB2606,17145.0,0.0,21.0,0.0488941305072413
20250918,PB2607,17215.0,8.0,41.0,-0.0139494348750907
20250918,PB2608,17195.0,9.0,37.0,0.0174342613842622
20250918,PB2609,17220.0,0.0,14.0,0.0
20250919,PB2510,17150.0,35975.0,32743.0,0.0209729153299238
20250919,PB2511,17180.0,35232.0,53199.0,0.0139616071595765
20250919,PB2512,17200.0,5226.0,9711.0,-0.0209485069202781
20250919,PB2601,17170.0,29.0,473.0,0.0034939583883453
20250919,PB2602,17175.0,0.0,21.0,0.010475775436139
20250919,PB2603,17190.0,0.0,50.0,0.0313725668888507
20250919,PB2604,17235.0,1.0,33.0,-0.0209059286326204
20250919,PB2605,17205.0,6.0,52.0,-0.041921440014721
20250919,PB2606,17145.0,0.0,21.0,0.0732666907498204
20250919,PB2607,17250.0,3.0,41.0,-0.003478765062775
20250919,PB2608,17245.0,6.0,37.0,-0.0243796339842739
20250919,PB2609,17210.0,1.0,14.0,0.0
20251027,PB2511,17525.0,21406.0,15167.0,-0.0034236804564913
20251027,PB2512,17520.0,81722.0,84395.0,3.847929813761085e-05
20251027,PB2601,17525.0,26196.0,28911.0,-0.0068473609129813
20251027,PB2602,17515.0,551.0,926.0,-0.0479588923779616
20251027,PB2603,17445.0,44.0,558.0,0.0171969045571787
20251027,PB2604,17470.0,24.0,72.0,0.0652547223812245
20251027,PB2605,17565.0,94.0,73.0,-0.0409906063193847
20251027,PB2606,17505.0,6.0,33.0,0.0034275921165392
20251027,PB2607,17510.0,9.0,42.0,0.0068532267275847
20251027,PB2608,17520.0,13.0,30.0,0.0034246575342473
20251027,PB2609,17525.0,24.0,21.0,0.0102710413694726
20251027,PB2610,17540.0,10.0,7.0,0.0
20251028,PB2511,17375.0,10812.0,9092.0,-0.0138129496402878
20251028,PB2512,17355.0,57175.0,77635.0,7.769026832275519e-05
20251028,PB2601,17365.0,20691.0,34457.0,0.0
20251028,PB2602,17365.0,306.0,1007.0,0.0552836164699099
20251028,PB2603,17445.0,6.0,562.0,0.0515907136715387
20251028,PB2604,17520.0,1.0,72.0,-0.0684931506849313
20251028,PB2605,17420.0,14.0,68.0,0.027554535017221
20251028,PB2606,17460.0,3.0,32.0,-0.0103092783505154
20251028,PB2607,17445.0,3.0,41.0,0.0171969045571787
20251028,PB2608,17470.0,5.0,28.0,-0.0034344590726962
20251028,PB2609,17465.0,6.0,23.0,0.0652734039507585
20251028,PB2610,17560.0,7.0,12.0,0.0
20251029,PB2511,17370.0,4779.0,7203.0,-0.0103626943005186
20251029,PB2512,17355.0,46325.0,73518.0,0.0001942256708069
20251029,PB2601,17380.0,19696.0,39813.0,0.0069044879171471
20251029,PB2602,17390.0,568.0,1067.0,0.0069005175388143
20251029,PB2603,17400.0,3.0,564.0,0.0068965517241377
20251029,PB2604,17410.0,9.0,74.0,-0.0034462952326244
20251029,PB2605,17405.0,19.0,76.0,0.0310255673656998
20251029,PB2606,17450.0,0.0,32.0,0.0275071633237811
20251029,PB2607,17490.0,1.0,41.0,-0.0068610634648371
20251029,PB2608,17480.0,0.0,28.0,-0.0377574370709385
20251029,PB2609,17425.0,7.0,28.0,0.0344332855093263
20251029,PB2610,17475.0,21.0,19.0,0.0
20251030,PB2511,17360.0,3622.0,5350.0,-0.0069124423963131
20251030,PB2512,17350.0,39452.0,69287.0,3.885632872452672e-05
20251030,PB2601,17355.0,17143.0,43198.0,0.0034572169403626
20251030,PB2602,17360.0,457.0,1074.0,0.0138248847926263
20251030,PB2603,17380.0,8.0,569.0,0.0207134637514387
20251030,PB2604,17410.0,2.0,74.0,-0.0034462952326244
20251030,PB2605,17405.0,1.0,75.0,-0.0103418557885666
20251030,PB2606,17390.0,2.0,31.0,0.0345025876940772
20251030,PB2607,17440.0,1.0,40.0,0.0137614678899078
20251030,PB2608,17460.0,0.0,28.0,0.0034364261168384
20251030,PB2609,17465.0,0.0,28.0,0.0206126538791862
20251030,PB2610,17495.0,2.0,21.0,0.0
20251031,PB2511,17310.0,4248.0,3655.0,0.055459272097055
20251031,PB2512,17390.0,48319.0,68184.0,7.753390493049861e-05
20251031,PB2601,17400.0,18419.0,45023.0,-0.0068965517241377
20251031,PB2602,17390.0,1919.0,1331.0,-0.0034502587694071
20251031,PB2603,17385.0,7.0,567.0,0.0172562553925796
20251031,PB2604,17410.0,0.0,74.0,0.0206777713957491
20251031,PB2605,17440.0,7.0,76.0,-0.0240825688073393
20251031,PB2606,17405.0,0.0,31.0,0.0241309968399887
20251031,PB2607,17440.0,0.0,40.0,0.0137614678899078
20251031,PB2608,17460.0,0.0,28.0,0.0171821305841923
20251031,PB2609,17485.0,7.0,27.0,-0.0205890763511575
20251031,PB2610,17455.0,3.0,19.0,0.0
20251103,PB2511,17390.0,655.0,3500.0,0.0207015526164457
20251103,PB2512,17420.0,34978.0,68089.0,7.740037926186437e-05
20251103,PB2601,17430.0,12842.0,45486.0,-0.0206540447504299
20251103,PB2602,17400.0,1256.0,1786.0,0.0275862068965508
20251103,PB2603,17440.0,5.0,565.0,-0.0206422018348617
20251103,PB2604,17410.0,0.0,74.0,0.0448018380241252
20251103,PB2605,17475.0,6.0,76.0,0.0
20251103,PB2606,17475.0,1.0,30.0,-0.0103004291845487
20251103,PB2607,17460.0,1.0,39.0,-0.0309278350515462
20251103,PB2608,17415.0,3.0,28.0,0.0551248923341951
20251103,PB2609,17495.0,3.0,25.0,0.0034295513003703
20251103,PB2610,17500.0,1.0,20.0,0.0
20251104,PB2511,17390.0,830.0,3200.0,0.0172512938470372
20251104,PB2512,17415.0,32675.0,66092.0,7.742260159295574e-05
20251104,PB2601,17425.0,15593.0,48304.0,-0.0103299856527976
20251104,PB2602,17410.0,2391.0,2766.0,0.0068925904652488
20251104,PB2603,17420.0,43.0,589.0,0.0068886337543059
20251104,PB2604,17430.0,9.0,75.0,0.0206540447504313
20251104,PB2605,17460.0,23.0,85.0,-0.0137457044673539
20251104,PB2606,17440.0,0.0,30.0,0.0309633027522933
20251104,PB2607,17485.0,1.0,39.0,0.0171575636259646
20251104,PB2608,17510.0,3.0,28.0,0.0068532267275847
20251104,PB2609,17520.0,5.0,22.0,-0.0582191780821919
20251104,PB2610,17435.0,15.0,21.0,0.0
20251105,PB2511,17450.0,300.0,3190.0,0.0171919770773651
20251105,PB2512,17475.0,46416.0,65699.0,0.0001543135458359
20251105,PB2601,17495.0,19541.0,52110.0,-0.0068591026007434
20251105,PB2602,17485.0,1755.0,3013.0,-0.0102945381755787
20251105,PB2603,17470.0,122.0,637.0,0.0343445907269597
20251105,PB2604,17520.0,13.0,73.0,-0.0136986301369868
20251105,PB2605,17500.0,46.0,110.0,-0.0411428571428573
20251105,PB2606,17440.0,0.0,30.0,0.0309633027522933
20251105,PB2607,17485.0,0.0,39.0,0.0137260509007717
20251105,PB2608,17505.0,0.0,28.0,-0.0034275921165378
20251105,PB2609,17500.0,5.0,20.0,0.030857142857144
20251105,PB2610,17545.0,17.0,30.0,0.0
20251106,PB2511,17370.0,435.0,3030.0,0.0414507772020718
20251106,PB2512,17430.0,44172.0,62498.0,0.0001547119456961
20251106,PB2601,17450.0,18904.0,53056.0,-0.0034383954154733
20251106,PB2602,17445.0,657.0,2930.0,-0.0068787618228722
20251106,PB2603,17435.0,44.0,636.0,0.0137654143963281
20251106,PB2604,17455.0,4.0,73.0,-0.0378115153251212
20251106,PB2605,17400.0,16.0,109.0,0.0620689655172421
20251106,PB2606,17490.0,3.0,33.0,-0.0034305317324179
20251106,PB2607,17485.0,0.0,39.0,-0.0240205890763505
20251106,PB2608,17450.0,2.0,29.0,0.0240687679083091
20251106,PB2609,17485.0,4.0,21.0,-0.0205890763511575
20251106,PB2610,17455.0,18.0,31.0,0.0
20251107,PB2511,17360.0,1070.0,2995.0,0.041474654377879
20251107,PB2512,17420.0,27206.0,59818.0,0.0001935009481546
20251107,PB2601,17445.0,12002.0,53516.0,-0.0206362854686155
20251107,PB2602,17415.0,796.0,3035.0,-0.0068906115417743
20251107,PB2603,17405.0,4.0,634.0,0.006894570525711
20251107,PB2604,17415.0,0.0,73.0,0.0344530577088706
20251107,PB2605,17465.0,3.0,108.0,-0.0137417692527916
20251107,PB2606,17445.0,2.0,32.0,-0.0068787618228722
20251107,PB2607,17435.0,2.0,37.0,0.003441353599082
20251107,PB2608,17440.0,6.0,30.0,0.0275229357798156
20251107,PB2609,17480.0,0.0,21.0,-0.010297482837529
20251107,PB2610,17465.0,12.0,31.0,0.0
20251110,PB2511,17405.0,130.0,3020.0,0.0689457052571107
20251110,PB2512,17505.0,31610.0,58725.0,0.0
20251110,PB2601,17505.0,17496.0,54506.0,-0.0102827763496149
20251110,PB2602,17490.0,1171.0,3092.0,0.0171526586620922
20251110,PB2603,17515.0,6.0,633.0,-0.0274050813588346
20251110,PB2604,17475.0,1.0,73.0,0.0
20251110,PB2605,17475.0,22.0,106.0,0.0137339055793992
20251110,PB2606,17495.0,2.0,31.0,0.0068591026007434
20251110,PB2607,17505.0,1.0,37.0,-0.0274207369323056
20251110,PB2608,17465.0,0.0,30.0,0.0274835385055833
20251110,PB2609,17505.0,1.0,20.0,0.0034275921165392
20251110,PB2610,17510.0,13.0,31.0,0.0
20251111,PB2511,17395.0,370.0,2935.0,0.0310434032768025
20251111,PB2512,17440.0,30855.0,55107.0,7.731161735904779e-05
20251111,PB2601,17450.0,17087.0,56528.0,0.0068767908309466
20251111,PB2602,17460.0,1814.0,3506.0,-0.0103092783505154
20251111,PB2603,17445.0,2.0,633.0,0.0103181427343077
20251111,PB2604,17460.0,0.0,73.0,-0.0034364261168384
20251111,PB2605,17455.0,21.0,114.0,-0.0103122314523065
20251111,PB2606,17440.0,19.0,25.0,0.0103211009174302
20251111,PB2607,17455.0,2.0,37.0,0.0240618733887139
20251111,PB2608,17490.0,3.0,32.0,-0.0137221269296743
20251111,PB2609,17470.0,2.0,18.0,0.0309101316542648
20251111,PB2610,17515.0,5.0,30.0,0.0
20251112,PB2511,17600.0,1000.0,2960.0,0.040909090909091
20251112,PB2512,17660.0,55843.0,50539.0,7.634850547801412e-05
20251112,PB2601,17670.0,47493.0,68855.0,0.0
20251112,PB2602,17670.0,1984.0,3837.0,-0.0067911714770798
20251112,PB2603,17660.0,262.0,804.0,0.0373725934314839
20251112,PB2604,17715.0,33.0,85.0,-0.0440304826418285
20251112,PB2605,17650.0,23.0,130.0,0.0475920679886696
20251112,PB2606,17720.0,11.0,21.0,0.0135440180586918
20251112,PB2607,17740.0,5.0,34.0,-0.0947012401352873
20251112,PB2608,17600.0,18.0,46.0,0.0511363636363624
20251112,PB2609,17675.0,14.0,31.0,-0.0509193776520513
20251112,PB2610,17600.0,15.0,32.0,0.0
20251113,PB2511,17630.0,155.0,2930.0,0.0136131593874075
20251113,PB2512,17650.0,61405.0,43468.0,0.0001527835248432
20251113,PB2601,17670.0,56267.0,76610.0,0.0
20251113,PB2602,17670.0,2559.0,4607.0,0.0101867572156191
20251113,PB2603,17685.0,41.0,819.0,0.0
20251113,PB2604,17685.0,9.0,89.0,0.0033927056827813
20251113,PB2605,17690.0,22.0,126.0,0.006783493499153
20251113,PB2606,17700.0,6.0,22.0,0.0338983050847447
20251113,PB2607,17750.0,15.0,41.0,0.0067605633802827
20251113,PB2608,17760.0,15.0,53.0,0.0101351351351341
20251113,PB2609,17775.0,14.0,42.0,0.0
20251113,PB2610,17775.0,17.0,40.0,0.0
20251114,PB2511,17445.0,110.0,2875.0,0.03439380911436
20251114,PB2512,17495.0,37346.0,38417.0,7.70685685476787e-05
20251114,PB2601,17505.0,41244.0,76209.0,0.0068551842330757
20251114,PB2602,17515.0,2774.0,4914.0,0.0102769055095635
20251114,PB2603,17530.0,56.0,799.0,0.0581859669138618
20251114,PB2604,17615.0,26.0,108.0,-0.0102185637240981
20251114,PB2605,17600.0,27.0,123.0,-0.017045454545455
20251114,PB2606,17575.0,1.0,21.0,0.0409672830725469
20251114,PB2607,17635.0,1.0,42.0,0.0612418485965413
20251114,PB2608,17725.0,7.0,53.0,-0.0744710860366715
20251114,PB2609,17615.0,6.0,42.0,0.0102185637240994
20251114,PB2610,17630.0,12.0,39.0,0.0
20251117,PB2511,17270.0,80.0,2835.0,0.0382165605095554
20251117,PB2512,17325.0,48502.0,25188.0,0.0002334743907777
20251117,PB2601,17355.0,74591.0,74585.0,0.0172860847018156
20251117,PB2602,17380.0,4577.0,5356.0,-0.0069044879171458
20251117,PB2603,17370.0,101.0,800.0,0.0
20251117,PB2604,17370.0,17.0,105.0,0.0449050086355793
20251117,PB2605,17435.0,55.0,138.0,-0.0240894751935756
20251117,PB2606,17400.0,3.0,19.0,0.0068965517241377
20251117,PB2607,17410.0,3.0,41.0,0.0137851809305002
20251117,PB2608,17430.0,2.0,53.0,0.1170395869191045
20251117,PB2609,17600.0,6.0,40.0,-0.0511363636363637
20251117,PB2610,17525.0,21.0,34.0,0.0
20251118,PB2512,17210.0,23494.0,19112.0,0.0001566896695806
20251118,PB2601,17230.0,55068.0,69126.0,0.0104468949506681
20251118,PB2602,17245.0,2779.0,5848.0,-0.0034792693534355
20251118,PB2603,17240.0,51.0,825.0,0.0452436194895593
20251118,PB2604,17305.0,2.0,105.0,-0.0173360300491189
20251118,PB2605,17280.0,15.0,135.0,0.0416666666666678
20251118,PB2606,17340.0,1.0,19.0,-0.0103806228373697
20251118,PB2607,17325.0,3.0,42.0,0.0207792207792216
20251118,PB2608,17355.0,6.0,49.0,0.0242005185825409
20251118,PB2609,17390.0,7.0,40.0,-0.0172512938470386
20251118,PB2610,17365.0,14.0,32.0,0.0345522602936947
20251118,PB2611,17415.0,2.0,2.0,0.0
20251119,PB2512,17230.0,15912.0,15564.0,0.000156507789523
20251119,PB2601,17250.0,46208.0,63895.0,0.0139130434782606
20251119,PB2602,17270.0,3570.0,6310.0,-0.0138969310943828
20251119,PB2603,17250.0,17.0,829.0,0.0069565217391316
20251119,PB2604,17260.0,1.0,105.0,0.0243337195828505
20251119,PB2605,17295.0,11.0,134.0,0.0034692107545524
20251119,PB2606,17300.0,2.0,20.0,-0.0104046242774571
20251119,PB2607,17285.0,2.0,42.0,0.0104136534567533
20251119,PB2608,17300.0,4.0,49.0,0.176878612716762
20251119,PB2609,17555.0,20.0,44.0,-0.1948162916547997
20251119,PB2610,17270.0,43.0,49.0,0.0208453966415742
20251119,PB2611,17300.0,5.0,6.0,0.0
20251120,PB2512,17200.0,10134.0,14164.0,0.0001567807682257
20251120,PB2601,17220.0,37231.0,60285.0,0.0104529616724731
20251120,PB2602,17235.0,4068.0,7017.0,0.0069625761531764
20251120,PB2603,17245.0,32.0,833.0,0.0208756161206133
20251120,PB2604,17275.0,1.0,106.0,-0.0208393632416785
20251120,PB2605,17245.0,12.0,131.0,0.0243548854740502
20251120,PB2606,17280.0,0.0,20.0,0.0069444444444446
20251120,PB2607,17290.0,0.0,42.0,0.0242914979757093
20251120,PB2608,17325.0,1.0,49.0,-0.0138528138528135
20251120,PB2609,17305.0,8.0,47.0,-0.0104016180294705
20251120,PB2610,17290.0,31.0,66.0,0.0242914979757093
20251120,PB2611,17325.0,0.0,6.0,0.0
20251121,PB2512,17160.0,9295.0,10600.0,3.928655614049675e-05
20251121,PB2601,17165.0,40133.0,55106.0,0.0034954849985435
20251121,PB2602,17170.0,5759.0,8271.0,-0.0069889341875368
20251121,PB2603,17160.0,48.0,847.0,0.0279720279720283
20251121,PB2604,17200.0,1.0,107.0,-0.0034883720930229
20251121,PB2605,17195.0,8.0,131.0,0.059319569642338
20251121,PB2606,17280.0,0.0,20.0,0.0069444444444446
20251121,PB2607,17290.0,0.0,42.0,-0.024291497975708
20251121,PB2608,17255.0,0.0,49.0,-0.0069545059403077
20251121,PB2609,17245.0,2.0,47.0,-0.0034792693534355
20251121,PB2610,17240.0,2.0,67.0,0.0417633410672859
20251121,PB2611,17300.0,1.0,5.0,0.0
20251124,PB2512,17110.0,6900.0,9921.0,0.0001970068098687
20251124,PB2601,17135.0,38420.0,52888.0,0.0
20251124,PB2602,17135.0,6777.0,9938.0,0.0
20251124,PB2603,17135.0,319.0,785.0,0.0245112343157289
20251124,PB2604,17170.0,17.0,115.0,0.0209668025626079
20251124,PB2605,17200.0,52.0,181.0,-0.0209302325581393
20251124,PB2606,17170.0,0.0,20.0,0.0139778683750737
20251124,PB2607,17190.0,0.0,42.0,0.0418848167539263
20251124,PB2608,17250.0,5.0,54.0,-0.0173913043478264
20251124,PB2609,17225.0,6.0,46.0,-0.0104499274310589
20251124,PB2610,17210.0,17.0,80.0,0.0034863451481683
20251124,PB2611,17215.0,1.0,5.0,0.0
20251125,PB2512,17005.0,6582.0,7996.0,0.0003171572141703
20251125,PB2601,17045.0,40496.0,52466.0,0.0
20251125,PB2602,17045.0,9433.0,12134.0,0.0035200938691701
20251125,PB2603,17050.0,201.0,855.0,-0.0070381231671556
20251125,PB2604,17040.0,9.0,117.0,0.0035211267605639
20251125,PB2605,17045.0,42.0,214.0,0.045761220299207
20251125,PB2606,17110.0,0.0,20.0,0.0561075394506129
20251125,PB2607,17190.0,0.0,42.0,0.0418848167539263
20251125,PB2608,17250.0,0.0,54.0,-0.114782608695652
20251125,PB2609,17085.0,6.0,46.0,-0.0035118525021946
20251125,PB2610,17080.0,3.0,80.0,0.0948477751756451
20251125,PB2611,17215.0,0.0,5.0,0.0
20251126,PB2512,17040.0,4181.0,5825.0,0.000197816110144
20251126,PB2601,17065.0,40187.0,49033.0,0.0
20251126,PB2602,17065.0,9043.0,15386.0,-0.0035159683562842
20251126,PB2603,17060.0,291.0,896.0,0.0105509964830012
20251126,PB2604,17075.0,12.0,118.0,0.0175695461200575
20251126,PB2605,17100.0,28.0,229.0,0.0105263157894723
20251126,PB2606,17115.0,1.0,19.0,0.0525854513584587
20251126,PB2607,17190.0,0.0,42.0,0.0418848167539263
20251126,PB2608,17250.0,0.0,54.0,-0.0800000000000005
20251126,PB2609,17135.0,0.0,46.0,-0.0140064196089868
20251126,PB2610,17115.0,0.0,80.0,0.0420683610867653
20251126,PB2611,17175.0,0.0,5.0,0.0
20251127,PB2512,16945.0,4253.0,3392.0,7.957005646159579e-05
20251127,PB2601,16955.0,57305.0,48129.0,0.0
20251127,PB2602,16955.0,16110.0,18978.0,0.0176938956060164
20251127,PB2603,16980.0,1208.0,1399.0,0.0424028268551239
20251127,PB2604,17040.0,132.0,209.0,-0.049295774647887
20251127,PB2605,16970.0,32.0,241.0,0.0070713022981729
20251127,PB2606,16980.0,1.0,20.0,0.1484098939929339
20251127,PB2607,17190.0,0.0,42.0,0.0279232111692842
20251127,PB2608,17230.0,0.0,54.0,-0.1392919326755661
20251127,PB2609,17030.0,3.0,48.0,-0.0317087492660008
20251127,PB2610,16985.0,5.0,82.0,0.1342360906682378
20251127,PB2611,17175.0,0.0,5.0,0.0
20251128,PB2512,17055.0,2333.0,1682.0,0.0002766989811548
20251128,PB2601,17090.0,43419.0,47922.0,-0.0070216500877711
20251128,PB2602,17080.0,13280.0,21607.0,0.0140515222482422
20251128,PB2603,17100.0,482.0,1513.0,0.0245614035087715
20251128,PB2604,17135.0,139.0,304.0,-0.0210096294134816
20251128,PB2605,17105.0,28.0,258.0,0.0070154925460386
20251128,PB2606,17115.0,0.0,20.0,0.0525854513584587
20251128,PB2607,17190.0,0.0,42.0,-0.0104712041884815
20251128,PB2608,17175.0,1.0,54.0,-0.0244541484716158
20251128,PB2609,17140.0,1.0,48.0,-0.0035005834305721
20251128,PB2610,17135.0,3.0,85.0,0.0385176539247158
20251128,PB2611,17190.0,5.0,9.0,0.0
20251201,PB2512,17060.0,787.0,1285.0,0.0001185505222809
20251201,PB2601,17075.0,38782.0,47187.0,-0.0140556368960473
20251201,PB2602,17055.0,12892.0,24348.0,0.0175901495162706
20251201,PB2603,17080.0,2663.0,3108.0,0.0
20251201,PB2604,17080.0,110.0,404.0,0.0316159250585483
20251201,PB2605,17125.0,18.0,269.0,-0.0070072992700729
20251201,PB2606,17115.0,0.0,20.0,0.0525854513584587
20251201,PB2607,17190.0,0.0,42.0,-0.0104712041884815
20251201,PB2608,17175.0,0.0,54.0,-0.0733624454148476
20251201,PB2609,17070.0,2.0,47.0,0.0281195079086113
20251201,PB2610,17110.0,2.0,85.0,0.0350672121566324
20251201,PB2611,17160.0,0.0,9.0,0.0
20251202,PB2512,17180.0,535.0,1220.0,0.0002354449255078
20251202,PB2601,17210.0,52077.0,47601.0,-0.0244044160371879
20251202,PB2602,17175.0,15389.0,25949.0,0.0069868995633184
20251202,PB2603,17185.0,1867.0,3204.0,-0.0034914169333721
20251202,PB2604,17180.0,27.0,420.0,0.0139697322467986
20251202,PB2605,17200.0,24.0,268.0,0.0
20251202,PB2606,17200.0,6.0,19.0,-0.0069767441860459
20251202,PB2607,17190.0,0.0,42.0,0.0279232111692842
20251202,PB2608,17230.0,0.0,54.0,-0.0069645966337779
20251202,PB2609,17220.0,0.0,47.0,-0.0209059233449475
20251202,PB2610,17190.0,2.0,85.0,0.0418848167539263
20251202,PB2611,17250.0,0.0,9.0,0.0
20251203,PB2512,17195.0,300.0,1275.0,0.0001176197679623
20251203,PB2601,17210.0,27017.0,46627.0,-0.0209180708890182
20251203,PB2602,17180.0,8298.0,27053.0,0.0034924330616989
20251203,PB2603,17185.0,379.0,3210.0,-0.0174570846668609
20251203,PB2604,17160.0,5.0,417.0,0.0279720279720283
20251203,PB2605,17200.0,9.0,265.0,-0.0453488372093029
20251203,PB2606,17135.0,1.0,18.0,0.0210096294134816
20251203,PB2607,17165.0,1.0,41.0,0.0454413049810664
20251203,PB2608,17230.0,2.0,53.0,0.0139291932675558
20251203,PB2609,17250.0,3.0,47.0,-0.0417391304347831
20251203,PB2610,17190.0,3.0,85.0,0.0593368237347302
20251203,PB2611,17275.0,1.0,10.0,0.0
20251204,PB2512,17220.0,240.0,1380.0,0.0001957483459264
20251204,PB2601,17245.0,37288.0,46582.0,-0.0069585387068711
20251204,PB2602,17235.0,15756.0,27804.0,0.0034812880765882
20251204,PB2603,17240.0,2076.0,3440.0,0.0452436194895593
20251204,PB2604,17305.0,29.0,408.0,0.0312048540884131
20251204,PB2605,17350.0,30.0,268.0,-0.0657060518731986
20251204,PB2606,17255.0,2.0,19.0,-0.0173862648507681
20251204,PB2607,17230.0,4.0,40.0,-0.0034822983168889
20251204,PB2608,17225.0,0.0,53.0,0.0208998548621179
20251204,PB2609,17255.0,1.0,47.0,-0.0139090118806142
20251204,PB2610,17235.0,9.0,92.0,0.0313315926892938
20251204,PB2611,17280.0,8.0,16.0,0.0
20251205,PB2512,17280.0,260.0,1510.0,7.802746566791733e-05
20251205,PB2601,17290.0,44508.0,44944.0,0.0104106419895897
20251205,PB2602,17305.0,17503.0,29757.0,0.0173360300491189
20251205,PB2603,17330.0,1845.0,3721.0,0.0069244085401036
20251205,PB2604,17340.0,20.0,408.0,0.0207612456747394
20251205,PB2605,17370.0,45.0,284.0,0.0276338514680496
20251205,PB2606,17410.0,1.0,19.0,-0.1068351522113726
20251205,PB2607,17255.0,0.0,40.0,0.0869313242538405
20251205,PB2608,17380.0,2.0,53.0,-0.024165707710011
20251205,PB2609,17345.0,6.0,45.0,-0.003459210147017
20251205,PB2610,17340.0,3.0,92.0,0.0519031141868513
20251205,PB2611,17415.0,6.0,17.0,0.0
20251208,PB2512,17285.0,425.0,1435.0,0.0004290269214393
20251208,PB2601,17340.0,38061.0,43107.0,-0.0034602076124565
20251208,PB2602,17335.0,16624.0,31492.0,0.0103836169599089
20251208,PB2603,17350.0,1957.0,3940.0,-0.0242074927953894
20251208,PB2604,17315.0,93.0,425.0,0.0450476465492357
20251208,PB2605,17380.0,18.0,285.0,-0.0207134637514387
20251208,PB2606,17350.0,1.0,18.0,-0.0657060518731986
20251208,PB2607,17255.0,0.0,40.0,0.0869313242538405
20251208,PB2608,17380.0,0.0,53.0,0.0138089758342916
20251208,PB2609,17400.0,15.0,44.0,0.0068965517241377
20251208,PB2610,17410.0,19.0,96.0,0.0
20251208,PB2611,17410.0,14.0,21.0,0.0
20251209,PB2512,17115.0,145.0,1575.0,0.0004332883632532
20251209,PB2601,17170.0,35748.0,40620.0,-0.0034944670937684
20251209,PB2602,17165.0,15037.0,32919.0,0.0
20251209,PB2603,17165.0,2906.0,4326.0,-0.0104864549956307
20251209,PB2604,17150.0,72.0,427.0,0.0314868804664723
20251209,PB2605,17195.0,40.0,275.0,0.1081709799360268
20251209,PB2606,17350.0,0.0,18.0,-0.1106628242074934
20251209,PB2607,17190.0,2.0,38.0,0.0628272251308894
20251209,PB2608,17280.0,3.0,51.0,-0.0208333333333339
20251209,PB2609,17250.0,3.0,43.0,-0.0243478260869567
20251209,PB2610,17215.0,2.0,96.0,0.017426662794076
20251209,PB2611,17240.0,6.0,24.0,0.0
20251210,PB2512,17065.0,90.0,1590.0,0.0003950526243016
20251210,PB2601,17115.0,36449.0,39315.0,0.0105170902716906
20251210,PB2602,17130.0,14879.0,32717.0,0.0
20251210,PB2603,17130.0,1581.0,4406.0,0.0035026269702269
20251210,PB2604,17135.0,35.0,436.0,0.0140064196089868
20251210,PB2605,17155.0,39.0,295.0,0.1364033809385008
20251210,PB2606,17350.0,0.0,18.0,-0.1106628242074934
20251210,PB2607,17190.0,0.0,38.0,-0.0698080279232118
20251210,PB2608,17090.0,2.0,51.0,0.0
20251210,PB2609,17090.0,2.0,43.0,0.0035108250438842
20251210,PB2610,17095.0,3.0,95.0,0.0842351564785017
20251210,PB2611,17215.0,26.0,13.0,0.0
20251211,PB2512,17170.0,45.0,1585.0,-0.0001177910256326
20251211,PB2601,17155.0,34885.0,35754.0,0.0034975225881659
20251211,PB2602,17160.0,14064.0,34157.0,-0.0104895104895099
20251211,PB2603,17145.0,2532.0,4476.0,0.0244969378827635
20251211,PB2604,17180.0,36.0,457.0,0.0174621653084976
20251211,PB2605,17205.0,21.0,281.0,-0.0174367916303403
20251211,PB2606,17180.0,3.0,17.0,0.0069848661233979
20251211,PB2607,17190.0,0.0,38.0,0.0349040139616052
20251211,PB2608,17240.0,4.0,51.0,-0.0243619489559163
20251211,PB2609,17205.0,1.0,42.0,0.0139494333042717
20251211,PB2610,17225.0,2.0,95.0,0.0208998548621179
20251211,PB2611,17255.0,10.0,12.0,0.0
20251212,PB2512,17050.0,195.0,1500.0,0.0005931002668951
20251212,PB2601,17125.0,29694.0,33768.0,0.0140145985401458
20251212,PB2602,17145.0,14275.0,33978.0,-0.0034995625546803
20251212,PB2603,17140.0,3440.0,5713.0,0.0105017502917164
20251212,PB2604,17155.0,58.0,493.0,0.0139900903526664
20251212,PB2605,17175.0,22.0,288.0,-0.0034934497816592
20251212,PB2606,17170.0,0.0,17.0,0.0139778683750737
20251212,PB2607,17190.0,0.0,38.0,0.0034904013961618
20251212,PB2608,17195.0,0.0,51.0,0.0069787728990995
20251212,PB2609,17205.0,0.0,42.0,0.017436791630339
20251212,PB2610,17230.0,8.0,97.0,-0.0104468949506668
20251212,PB2611,17215.0,4.0,14.0,0.0
20251215,PB2512,16960.0,105.0,1520.0,0.0003974984100063
20251215,PB2601,17010.0,41512.0,32396.0,0.0141093474426803
20251215,PB2602,17030.0,25387.0,37834.0,0.0035231943628879
20251215,PB2603,17035.0,5523.0,6609.0,0.0281772820663332
20251215,PB2604,17075.0,93.0,566.0,-0.007027818448023
20251215,PB2605,17065.0,25.0,292.0,0.0316437152065631
20251215,PB2606,17110.0,1.0,18.0,0.0175336060783175
20251215,PB2607,17135.0,3.0,40.0,0.0175080245112342
20251215,PB2608,17160.0,9.0,50.0,0.0104895104895099
20251215,PB2609,17175.0,19.0,41.0,0.0139737991266368
20251215,PB2610,17195.0,26.0,106.0,0.0034893864495497
20251215,PB2611,17200.0,21.0,31.0,0.0
20251216,PB2601,16825.0,40679.0,29732.0,0.014264487369985
20251216,PB2602,16845.0,28290.0,42747.0,0.0071237756010678
20251216,PB2603,16855.0,5728.0,8640.0,0.0249184218332834
20251216,PB2604,16890.0,318.0,750.0,0.0248667850799302
20251216,PB2605,16925.0,104.0,365.0,0.0389955686853777
20251216,PB2606,16980.0,4.0,20.0,-0.0212014134275619
20251216,PB2607,16950.0,6.0,42.0,0.0672566371681426
20251216,PB2608,17045.0,1.0,50.0,-0.0281607509533587
20251216,PB2609,17005.0,3.0,40.0,0.0035283740076437
20251216,PB2610,17010.0,12.0,110.0,0.00352733686067
20251216,PB2611,17015.0,7.0,30.0,-0.0141052012929767
20251216,PB2612,16995.0,1.0,1.0,0.0
20251217,PB2601,16735.0,40173.0,26930.0,0.0035853002688979
20251217,PB2602,16740.0,33744.0,52531.0,0.0071684587813622
20251217,PB2603,16750.0,7429.0,11821.0,-0.0071641791044774
20251217,PB2604,16740.0,375.0,937.0,0.0250896057347667
20251217,PB2605,16775.0,199.0,418.0,0.0178837555886746
20251217,PB2606,16800.0,31.0,41.0,0.0428571428571427
20251217,PB2607,16860.0,8.0,45.0,0.0142348754448411
20251217,PB2608,16880.0,7.0,53.0,0.0213270142180102
20251217,PB2609,16910.0,11.0,42.0,-0.003548196333531
20251217,PB2610,16905.0,17.0,117.0,0.0354924578527073
20251217,PB2611,16955.0,7.0,31.0,0.0141551164848126
20251217,PB2612,16975.0,7.0,8.0,0.0
20251218,PB2601,16780.0,24095.0,23743.0,0.0035756853396904
20251218,PB2602,16785.0,31223.0,55672.0,0.0071492403932094
20251218,PB2603,16795.0,3986.0,11772.0,0.0250074426912778
20251218,PB2604,16830.0,102.0,964.0,0.0178253119429596
20251218,PB2605,16855.0,59.0,433.0,-0.0391575200237324
20251218,PB2606,16800.0,13.0,40.0,0.0857142857142854
20251218,PB2607,16920.0,4.0,45.0,0.0141843971631212
20251218,PB2608,16940.0,5.0,54.0,0.0247933884297513
20251218,PB2609,16975.0,9.0,43.0,0.0106038291605301
20251218,PB2610,16990.0,13.0,117.0,0.0176574455562086
20251218,PB2611,17015.0,3.0,34.0,-0.0387893035556867
20251218,PB2612,16960.0,0.0,8.0,0.0
20251219,PB2601,16850.0,19945.0,18554.0,0.0213649851632036
20251219,PB2602,16880.0,56461.0,62177.0,0.0177725118483405
20251219,PB2603,16905.0,4452.0,12142.0,0.0248447204968949
20251219,PB2604,16940.0,74.0,970.0,0.0247933884297513
20251219,PB2605,16975.0,30.0,433.0,-0.0600883652430042
20251219,PB2606,16890.0,0.0,40.0,0.0603907637655414
20251219,PB2607,16975.0,0.0,45.0,-0.0141384388807068
20251219,PB2608,16955.0,0.0,54.0,0.0849306989088756
20251219,PB2609,17075.0,2.0,43.0,0.014055636896046
20251219,PB2610,17095.0,6.0,118.0,0.0140391927464174
20251219,PB2611,17115.0,2.0,34.0,-0.0420683610867653
20251219,PB2612,17055.0,0.0,8.0,0.0
20251222,PB2601,16895.0,12125.0,15118.0,0.0177567327611729
20251222,PB2602,16920.0,49244.0,59586.0,0.0
20251222,PB2603,16920.0,10990.0,15185.0,0.0141843971631212
20251222,PB2604,16940.0,122.0,1012.0,0.0354191263282173
20251222,PB2605,16990.0,52.0,426.0,0.0176574455562086
20251222,PB2606,17015.0,1.0,41.0,0.0
20251222,PB2607,17015.0,1.0,44.0,-0.0423156038789303
20251222,PB2608,16955.0,0.0,54.0,0.063698024181658
20251222,PB2609,17045.0,0.0,43.0,0.0387210325608693
20251222,PB2610,17100.0,2.0,118.0,-0.0105263157894737
20251222,PB2611,17085.0,0.0,34.0,0.0245829675153652
20251222,PB2612,17120.0,1.0,7.0,0.0
20251223,PB2601,16980.0,8415.0,12601.0,0.0106007067137809
20251223,PB2602,16995.0,44610.0,58086.0,-0.0105913503971755
20251223,PB2603,16980.0,8567.0,17434.0,0.0070671378091873
20251223,PB2604,16990.0,102.0,1028.0,0.0035314891112427
20251223,PB2605,16995.0,16.0,430.0,0.021182700794351
20251223,PB2606,17025.0,39.0,31.0,0.0176211453744494
20251223,PB2607,17050.0,9.0,48.0,0.0211143695014657
20251223,PB2608,17080.0,4.0,55.0,0.0316159250585483
20251223,PB2609,17125.0,3.0,45.0,0.01051094890511
20251223,PB2610,17140.0,5.0,117.0,-0.0070011668611429
20251223,PB2611,17130.0,2.0,35.0,-0.0070052539404552
20251223,PB2612,17120.0,0.0,7.0,0.0
20251224,PB2601,17240.0,8558.0,11001.0,-0.0104408352668214
20251224,PB2602,17225.0,68022.0,56538.0,-0.017416545718432
20251224,PB2603,17200.0,17565.0,21291.0,0.0174418604651149
20251224,PB2604,17225.0,1499.0,1769.0,0.0069666182873717
20251224,PB2605,17235.0,70.0,441.0,0.0069625761531764
20251224,PB2606,17245.0,12.0,34.0,0.0347926935343583
20251224,PB2607,17295.0,12.0,41.0,0.0312228967909797
20251224,PB2608,17340.0,13.0,50.0,0.0207612456747394
20251224,PB2609,17370.0,9.0,46.0,-0.0379965457685669
20251224,PB2610,17315.0,24.0,127.0,0.0658388680334978
20251224,PB2611,17410.0,12.0,34.0,0.0413555427914982
20251224,PB2612,17470.0,5.0,12.0,0.0
20251225,PB2601,17280.0,8368.0,9298.0,0.0243055555555562
20251225,PB2602,17315.0,55100.0,56328.0,0.0
20251225,PB2603,17315.0,13887.0,23132.0,-0.010395610742131
20251225,PB2604,17300.0,426.0,1670.0,-0.0069364161849714
20251225,PB2605,17290.0,143.0,359.0,0.0173510699826495
20251225,PB2606,17315.0,9.0,37.0,0.0103956107421323
20251225,PB2607,17330.0,3.0,39.0,0.0103866128101568
20251225,PB2608,17345.0,1.0,50.0,-0.024214471029115
20251225,PB2609,17310.0,8.0,43.0,0.0485268630849224
20251225,PB2610,17380.0,23.0,124.0,-0.0138089758342916
20251225,PB2611,17360.0,9.0,34.0,-0.0311059907834105
20251225,PB2612,17315.0,12.0,13.0,0.0
20251226,PB2601,17540.0,4085.0,7242.0,0.0102622576966942
20251226,PB2602,17555.0,58769.0,55558.0,-0.013671318712618
20251226,PB2603,17535.0,21012.0,26939.0,0.0
20251226,PB2604,17535.0,540.0,1706.0,-0.003421727972626
20251226,PB2605,17530.0,120.0,320.0,-0.0308043354249862
20251226,PB2606,17485.0,14.0,39.0,0.0583357163282824
20251226,PB2607,17570.0,7.0,40.0,-0.0204894706886742
20251226,PB2608,17540.0,3.0,50.0,0.0239452679589513
20251226,PB2609,17575.0,5.0,43.0,0.0034139402560464
20251226,PB2610,17580.0,19.0,120.0,0.0068259385665525
20251226,PB2611,17590.0,13.0,36.0,0.0034110289937459
20251226,PB2612,17595.0,6.0,14.0,0.0
20251229,PB2601,17440.0,6021.0,5399.0,0.0344036697247709
20251229,PB2602,17490.0,84769.0,54475.0,-0.0171526586620922
20251229,PB2603,17465.0,32769.0,31157.0,-0.0137417692527916
20251229,PB2604,17445.0,1465.0,1901.0,-0.0206362854686155
20251229,PB2605,17415.0,599.0,546.0,0.0275624461670975
20251229,PB2606,17455.0,88.0,91.0,-0.0068748209682043
20251229,PB2607,17445.0,5.0,40.0,0.0206362854686155
20251229,PB2608,17475.0,1.0,51.0,0.0
20251229,PB2609,17475.0,9.0,43.0,-0.0103004291845487
20251229,PB2610,17460.0,34.0,121.0,0.0481099656357386
20251229,PB2611,17530.0,19.0,39.0,0.0102681118083296
20251229,PB2612,17545.0,23.0,23.0,0.0
20251230,PB2601,17475.0,2748.0,4430.0,0.0206008583690975
20251230,PB2602,17505.0,69782.0,53891.0,0.0034275921165392
20251230,PB2603,17510.0,27660.0,34016.0,0.0
20251230,PB2604,17510.0,2661.0,3106.0,0.0274129069103361
20251230,PB2605,17550.0,589.0,462.0,-0.0068376068376072
20251230,PB2606,17540.0,27.0,85.0,-0.0239452679589513
20251230,PB2607,17505.0,0.0,40.0,0.0239931448157664
20251230,PB2608,17540.0,3.0,51.0,0.0547320410490312
20251230,PB2609,17620.0,3.0,42.0,0.0272417707150971
20251230,PB2610,17660.0,17.0,122.0,0.0339750849377136
20251230,PB2611,17710.0,5.0,36.0,-0.125352907961604
20251230,PB2612,17525.0,3.0,22.0,0.0
20251231,PB2601,17315.0,2411.0,3180.0,0.0277216286456827
20251231,PB2602,17355.0,77958.0,45412.0,0.0034572169403626
20251231,PB2603,17360.0,25082.0,33311.0,0.0069124423963131
20251231,PB2604,17370.0,1356.0,3268.0,-0.0034542314335062
20251231,PB2605,17365.0,216.0,476.0,-0.0656492945580189
20251231,PB2606,17270.0,37.0,101.0,0.0069484655471914
20251231,PB2607,17280.0,7.0,45.0,-0.0208333333333339
20251231,PB2608,17250.0,7.0,50.0,0.062608695652174
20251231,PB2609,17340.0,21.0,47.0,0.235294117647058
20251231,PB2610,17680.0,41.0,115.0,-0.203619909502263
20251231,PB2611,17380.0,15.0,40.0,0.1380897583429217
20251231,PB2612,17580.0,12.0,30.0,0.0
20260105,PB2601,17375.0,1195.0,3275.0,0.0138129496402878
20260105,PB2602,17395.0,38065.0,47544.0,0.0137970681230239
20260105,PB2603,17415.0,18917.0,36596.0,-0.0103359173126609
20260105,PB2604,17400.0,1665.0,3359.0,0.0379310344827574
20260105,PB2605,17455.0,138.0,484.0,0.0034374104841008
20260105,PB2606,17460.0,14.0,101.0,0.0515463917525771
20260105,PB2607,17535.0,11.0,51.0,0.0171086398631317
20260105,PB2608,17560.0,10.0,57.0,0.0136674259681086
20260105,PB2609,17580.0,25.0,64.0,-0.0341296928327641
20260105,PB2610,17530.0,29.0,120.0,0.0616086708499725
20260105,PB2611,17620.0,8.0,41.0,-0.0136208853575485
20260105,PB2612,17600.0,18.0,31.0,0.0
20260106,PB2601,17490.0,210.0,3345.0,0.0205831903945101
20260106,PB2602,17520.0,56885.0,51000.0,0.0171232876712341
20260106,PB2603,17545.0,24614.0,41928.0,0.0034197777144484
20260106,PB2604,17550.0,2613.0,3770.0,0.0205128205128204
20260106,PB2605,17580.0,491.0,566.0,0.0273037542662129
20260106,PB2606,17620.0,53.0,118.0,0.0204313280363228
20260106,PB2607,17650.0,8.0,50.0,0.0169971671388111
20260106,PB2608,17675.0,8.0,58.0,-0.0033946251768037
20260106,PB2609,17670.0,18.0,72.0,0.0271646859083194
20260106,PB2610,17710.0,21.0,128.0,0.0271033314511566
20260106,PB2611,17750.0,8.0,43.0,0.0135211267605628
20260106,PB2612,17770.0,7.0,32.0,0.0
20260107,PB2601,17755.0,500.0,3790.0,0.0506899464939447
20260107,PB2602,17830.0,83341.0,52009.0,0.0100953449242853
20260107,PB2603,17845.0,56447.0,54072.0,0.0134491454188836
20260107,PB2604,17865.0,6104.0,5645.0,0.0167926112510494
20260107,PB2605,17890.0,897.0,778.0,-0.0201229737283394
20260107,PB2606,17860.0,55.0,136.0,0.0167973124300102
20260107,PB2607,17885.0,30.0,65.0,0.0301928990774387
20260107,PB2608,17930.0,16.0,53.0,-0.0133853876185163
20260107,PB2609,17910.0,58.0,70.0,0.1273031825795652
20260107,PB2610,18100.0,29.0,123.0,-0.1690607734806626
20260107,PB2611,17845.0,13.0,49.0,0.1546651723171752
20260107,PB2612,18075.0,14.0,39.0,0.0
20260108,PB2601,17295.0,260.0,3785.0,0.0277536860364273
20260108,PB2602,17335.0,87520.0,46028.0,0.0242284395731191
20260108,PB2603,17370.0,55659.0,57724.0,0.0241796200345421
20260108,PB2604,17405.0,5337.0,6407.0,0.0034472852628555
20260108,PB2605,17410.0,728.0,945.0,-0.0103388856978745
20260108,PB2606,17395.0,43.0,136.0,0.0517390054613384
20260108,PB2607,17470.0,13.0,69.0,0.0377790497996572
20260108,PB2608,17525.0,8.0,54.0,-0.0205420827389439
20260108,PB2609,17495.0,115.0,120.0,0.0514432695055742
20260108,PB2610,17570.0,64.0,129.0,0.1468412066021622
20260108,PB2611,17785.0,14.0,56.0,-0.074219848186674
20260108,PB2612,17675.0,8.0,43.0,0.0
20260109,PB2601,17340.0,1035.0,3835.0,0.0103806228373697
20260109,PB2602,17355.0,58684.0,42928.0,0.0276577355229035
20260109,PB2603,17395.0,41211.0,58364.0,0.0172463351537786
20260109,PB2604,17420.0,3963.0,7011.0,0.0103329506314588
20260109,PB2605,17435.0,663.0,1045.0,0.0
20260109,PB2606,17435.0,62.0,140.0,0.0240894751935769
20260109,PB2607,17470.0,37.0,58.0,0.0068689181453924
20260109,PB2608,17480.0,4.0,54.0,0.0652173913043467
20260109,PB2609,17575.0,27.0,119.0,-0.0273115220483637
20260109,PB2610,17535.0,18.0,132.0,0.0581693755346446
20260109,PB2611,17620.0,3.0,58.0,0.0238365493757086
20260109,PB2612,17655.0,1.0,44.0,0.0
20260112,PB2601,17405.0,275.0,3705.0,0.0241309968399887
20260112,PB2602,17440.0,38367.0,40313.0,0.0240825688073407
20260112,PB2603,17475.0,35542.0,63535.0,0.0206008583690975
20260112,PB2604,17505.0,2915.0,7558.0,0.0102827763496149
20260112,PB2605,17520.0,1074.0,1400.0,0.0136986301369868
20260112,PB2606,17540.0,77.0,149.0,0.0239452679589513
20260112,PB2607,17575.0,13.0,65.0,0.0034139402560464
20260112,PB2608,17580.0,6.0,53.0,0.040955631399318
20260112,PB2609,17640.0,32.0,119.0,-0.0034013605442182
20260112,PB2610,17635.0,12.0,131.0,0.0272185993762414
20260112,PB2611,17675.0,4.0,58.0,0.0033946251768037
20260112,PB2612,17680.0,4.0,44.0,0.0
20260113,PB2601,17315.0,480.0,3765.0,-0.0034652035807103
20260113,PB2602,17310.0,33329.0,34986.0,0.0346620450606574
20260113,PB2603,17360.0,41289.0,64233.0,0.0311059907834092
20260113,PB2604,17405.0,4249.0,8508.0,0.0172364263142776
20260113,PB2605,17430.0,1076.0,1288.0,-0.0206540447504299
20260113,PB2606,17400.0,172.0,169.0,0.0724137931034487
20260113,PB2607,17505.0,68.0,59.0,0.0239931448157664
20260113,PB2608,17540.0,24.0,48.0,0.0239452679589513
20260113,PB2609,17575.0,62.0,152.0,0.0273115220483637
20260113,PB2610,17615.0,7.0,131.0,-0.0102185637240981
20260113,PB2611,17600.0,4.0,60.0,0.0681818181818174
20260113,PB2612,17700.0,1.0,44.0,0.0
20260114,PB2601,17320.0,45.0,3765.0,-0.0034642032332561
20260114,PB2602,17315.0,23509.0,30400.0,0.0485128501299447
20260114,PB2603,17385.0,48180.0,70437.0,0.020707506471095
20260114,PB2604,17415.0,6451.0,10987.0,0.0034453057708878
20260114,PB2605,17420.0,781.0,1249.0,-0.0034443168771529
20260114,PB2606,17415.0,54.0,192.0,0.0516795865633072
20260114,PB2607,17490.0,27.0,73.0,0.0686106346483717
20260114,PB2608,17590.0,9.0,51.0,-0.0477544059124506
20260114,PB2609,17520.0,48.0,167.0,0.0684931506849313
20260114,PB2610,17620.0,1.0,131.0,-0.0102156640181614
20260114,PB2611,17605.0,9.0,64.0,0.0272649815393357
20260114,PB2612,17645.0,3.0,43.0,0.0
20260115,PB2601,17450.0,20.0,3775.0,0.0206303724928371
20260115,PB2602,17480.0,29666.0,26135.0,0.0480549199084663
20260115,PB2603,17550.0,88441.0,78429.0,0.0307692307692306
20260115,PB2604,17595.0,9293.0,12680.0,0.0238704177323105
20260115,PB2605,17630.0,1965.0,1639.0,0.0136131593874075
20260115,PB2606,17650.0,130.0,212.0,-0.0441926345609071
20260115,PB2607,17585.0,25.0,77.0,-0.003411998862667
20260115,PB2608,17580.0,19.0,52.0,0.0784982935153584
20260115,PB2609,17695.0,169.0,230.0,0.0508618253743984
20260115,PB2610,17770.0,12.0,131.0,0.0202588632526738
20260115,PB2611,17800.0,6.0,64.0,0.0033707865168537
20260115,PB2612,17805.0,7.0,45.0,0.0
20260116,PB2602,17415.0,22799.0,22674.0,0.0413436692506463
20260116,PB2603,17475.0,121413.0,82668.0,0.0412017167381977
20260116,PB2604,17535.0,12737.0,14285.0,0.0102651839178795
20260116,PB2605,17550.0,2416.0,2044.0,0.0136752136752145
20260116,PB2606,17570.0,97.0,239.0,0.0136596471257837
20260116,PB2607,17590.0,17.0,77.0,-0.0170551449687321
20260116,PB2608,17565.0,12.0,50.0,0.0204953031596923
20260116,PB2609,17595.0,89.0,235.0,0.0204603580562654
20260116,PB2610,17625.0,50.0,146.0,0.0340425531914894
20260116,PB2611,17675.0,17.0,73.0,0.02036775106082
20260116,PB2612,17705.0,8.0,45.0,0.0014850118515368
20260116,PB2701,17900.0,3.0,3.0,0.0
20260119,PB2602,17125.0,14607.0,19132.0,0.0420437956204375
20260119,PB2603,17185.0,70963.0,74190.0,0.0349141693337218
20260119,PB2604,17235.0,9894.0,15442.0,0.0208877284595292
20260119,PB2605,17265.0,1703.0,2408.0,0.0243266724587316
20260119,PB2606,17300.0,145.0,297.0,0.0242774566473986
20260119,PB2607,17335.0,10.0,78.0,-0.0138448226132101
20260119,PB2608,17315.0,12.0,51.0,0.0138608143228413
20260119,PB2609,17335.0,78.0,251.0,0.0449956734929344
20260119,PB2610,17400.0,21.0,149.0,-0.0206896551724131
20260119,PB2611,17370.0,23.0,70.0,0.0138169257340248
20260119,PB2612,17390.0,21.0,50.0,-3.87669524652493e-05
20260119,PB2701,17385.0,20.0,16.0,0.0
20260120,PB2602,17165.0,6890.0,16906.0,0.0419458199825228
20260120,PB2603,17225.0,36736.0,74190.0,0.0417997097242386
20260120,PB2604,17285.0,6943.0,17549.0,0.0208273069135094
20260120,PB2605,17315.0,708.0,2375.0,0.0034652035807116
20260120,PB2606,17320.0,22.0,296.0,0.0207852193995368
20260120,PB2607,17350.0,1.0,77.0,0.0034582132564828
20260120,PB2608,17355.0,2.0,50.0,0.0103716508210878
20260120,PB2609,17370.0,15.0,242.0,0.0310880829015545
20260120,PB2610,17415.0,20.0,142.0,0.0172265288544366
20260120,PB2611,17440.0,0.0,70.0,-0.0034403669724776
20260120,PB2612,17435.0,0.0,50.0,3.866689437170834e-05
20260120,PB2701,17440.0,1.0,16.0,0.0
20260121,PB2602,17060.0,7591.0,14113.0,0.038686987104338
20260121,PB2603,17115.0,46316.0,69351.0,0.0350569675723049
20260121,PB2604,17165.0,13342.0,19643.0,0.0314593649868921
20260121,PB2605,17210.0,1422.0,2436.0,0.0034863451481683
20260121,PB2606,17215.0,31.0,302.0,-0.0104559976764453
20260121,PB2607,17200.0,2.0,78.0,0.0697674418604652
20260121,PB2608,17300.0,0.0,50.0,-0.0104046242774571
20260121,PB2609,17285.0,18.0,248.0,0.05553948510269
20260121,PB2610,17365.0,6.0,142.0,-0.0276418082349549
20260121,PB2611,17325.0,2.0,72.0,0.0
20260121,PB2612,17325.0,5.0,51.0,0.0027238678924072
20260121,PB2701,17675.0,4.0,19.0,0.0
20260122,PB2602,17075.0,5486.0,12407.0,0.0456808199121523
20260122,PB2603,17140.0,36011.0,65743.0,0.0315052508751465
20260122,PB2604,17185.0,12421.0,20890.0,0.0279313354669774
20260122,PB2605,17225.0,1612.0,3318.0,0.0208998548621179
20260122,PB2606,17255.0,21.0,308.0,0.0
20260122,PB2607,17255.0,3.0,77.0,-0.0243407707910745
20260122,PB2608,17220.0,2.0,49.0,0.031358885017422
20260122,PB2609,17265.0,30.0,237.0,0.0104257167680286
20260122,PB2610,17280.0,7.0,143.0,0.0347222222222232
20260122,PB2611,17330.0,7.0,74.0,0.0346220427005183
20260122,PB2612,17380.0,14.0,51.0,7.757851592300169e-05
20260122,PB2701,17390.0,28.0,26.0,0.0
20260123,PB2602,17035.0,3014.0,11611.0,0.0422659230995012
20260123,PB2603,17095.0,37429.0,65194.0,0.0421175782392522
20260123,PB2604,17155.0,8567.0,21712.0,0.0244826581171668
20260123,PB2605,17190.0,903.0,3457.0,0.024432809773125
20260123,PB2606,17225.0,27.0,312.0,0.0104499274310603
20260123,PB2607,17240.0,6.0,80.0,0.0243619489559163
20260123,PB2608,17275.0,1.0,50.0,0.0243125904486243
20260123,PB2609,17310.0,18.0,239.0,0.0242634315424599
20260123,PB2610,17345.0,10.0,140.0,0.0103776304410496
20260123,PB2611,17360.0,15.0,73.0,0.0069124423963131
20260123,PB2612,17370.0,7.0,52.0,0.0
20260123,PB2701,17370.0,19.0,32.0,0.0
20260126,PB2602,17010.0,4072.0,11265.0,0.0423280423280436
20260126,PB2603,17070.0,49016.0,63785.0,0.0316344463971871
20260126,PB2604,17115.0,13705.0,23247.0,0.0350569675723049
20260126,PB2605,17165.0,2403.0,3599.0,0.0314593649868921
20260126,PB2606,17210.0,76.0,320.0,0.0174317257408471
20260126,PB2607,17235.0,12.0,84.0,0.073107049608355
20260126,PB2608,17340.0,5.0,53.0,-0.0138408304498276
20260126,PB2609,17320.0,21.0,244.0,0.0311778290993078
20260126,PB2610,17365.0,3.0,140.0,0.0449179383818023
20260126,PB2611,17430.0,4.0,73.0,-0.0206540447504299
20260126,PB2612,17400.0,3.0,52.0,0.00015497869043
20260126,PB2701,17420.0,1.0,31.0,0.0
20260127,PB2602,16935.0,4357.0,8818.0,0.0460584588131078
20260127,PB2603,17000.0,62123.0,60800.0,0.0423529411764693
20260127,PB2604,17060.0,20016.0,24564.0,0.0316529894490038
20260127,PB2605,17105.0,2372.0,4152.0,-0.0105232388190592
20260127,PB2606,17090.0,253.0,473.0,0.0245757753071975
20260127,PB2607,17125.0,17.0,96.0,0.0420437956204375
20260127,PB2608,17185.0,5.0,54.0,0.0314227524003483
20260127,PB2609,17230.0,13.0,240.0,0.0313406848520019
20260127,PB2610,17275.0,6.0,143.0,0.0104196816208386
20260127,PB2611,17290.0,9.0,76.0,0.0173510699826495
20260127,PB2612,17315.0,3.0,52.0,0.0002336092301602
20260127,PB2701,17345.0,9.0,36.0,0.0
20260128,PB2602,16915.0,3326.0,8109.0,0.0567543600354714
20260128,PB2603,16995.0,53913.0,59512.0,0.0494263018534857
20260128,PB2604,17065.0,16057.0,27627.0,0.0351596835628473
20260128,PB2605,17115.0,2241.0,4528.0,0.0245398773006142
20260128,PB2606,17150.0,93.0,485.0,-0.0069970845481046
20260128,PB2607,17140.0,15.0,97.0,0.0280046674445744
20260128,PB2608,17180.0,5.0,54.0,0.0384167636786969
20260128,PB2609,17235.0,16.0,242.0,0.0034812880765882
20260128,PB2610,17240.0,16.0,145.0,0.0069605568445467
20260128,PB2611,17250.0,44.0,81.0,0.0243478260869567
20260128,PB2612,17285.0,16.0,55.0,0.0025351590812323
20260128,PB2701,17610.0,18.0,46.0,0.0
20260129,PB2602,17095.0,3929.0,7563.0,0.063176367358877
20260129,PB2603,17185.0,87949.0,59088.0,0.0488798370672105
20260129,PB2604,17255.0,29987.0,32499.0,0.0278180237612284
20260129,PB2605,17295.0,3204.0,5041.0,0.0069384215091075
20260129,PB2606,17305.0,219.0,524.0,0.0208032360589411
20260129,PB2607,17335.0,46.0,121.0,0.1107585809056814
20260129,PB2608,17495.0,25.0,58.0,-0.0445841669048294
20260129,PB2609,17430.0,207.0,334.0,-0.0103270223752156
20260129,PB2610,17415.0,111.0,126.0,-0.0172265288544353
20260129,PB2611,17390.0,348.0,368.0,0.0103507763082228
20260129,PB2612,17405.0,39.0,64.0,0.0005810031341891
20260129,PB2701,17480.0,75.0,85.0,0.0
20260130,PB2602,17140.0,4116.0,5647.0,-0.1925320886814474
20260130,PB2603,16865.0,122859.0,56480.0,0.0569226208123323
20260130,PB2604,16945.0,42794.0,33479.0,0.0460312776630278
20260130,PB2605,17010.0,4787.0,5616.0,0.0352733686067008
20260130,PB2606,17060.0,352.0,582.0,0.0281359906213367
20260130,PB2607,17100.0,27.0,127.0,0.0526315789473672
20260130,PB2608,17175.0,10.0,57.0,-0.0489082969432317
20260130,PB2609,17105.0,90.0,320.0,0.0561239403683142
20260130,PB2610,17185.0,13.0,125.0,-0.0174570846668609
20260130,PB2611,17160.0,84.0,328.0,0.0174825174825183
20260130,PB2612,17185.0,31.0,78.0,-3.922940374575486e-05
20260130,PB2701,17180.0,50.0,100.0,0.0
20260202,PB2602,16585.0,657.0,5525.0,0.0687368103708179
20260202,PB2603,16680.0,101052.0,57029.0,0.057553956834532
20260202,PB2604,16760.0,34377.0,34552.0,0.0465393794749404
20260202,PB2605,16825.0,5464.0,6124.0,0.0249628528974739
20260202,PB2606,16860.0,476.0,664.0,0.1209964412811377
20260202,PB2607,17030.0,11.0,121.0,-0.0739870816206695
20260202,PB2608,16925.0,15.0,54.0,0.0035450516986719
20260202,PB2609,16930.0,54.0,309.0,0.0248080330773765
20260202,PB2610,16965.0,21.0,113.0,0.0282935455349244
20260202,PB2611,17005.0,184.0,248.0,0.0035283740076437
20260202,PB2612,17010.0,40.0,58.0,-0.0005152289796484
20260202,PB2701,16945.0,20.0,101.0,0.0
20260203,PB2602,16560.0,750.0,5385.0,0.0579710144927538
20260203,PB2603,16640.0,72295.0,54749.0,0.0432692307692299
20260203,PB2604,16700.0,30801.0,37151.0,0.0538922155688617
20260203,PB2605,16775.0,3921.0,6740.0,0.0536512667660211
20260203,PB2606,16850.0,527.0,902.0,0.024925816023738
20260203,PB2607,16885.0,29.0,124.0,-0.0213206988451282
20260203,PB2608,16855.0,12.0,53.0,0.0
20260203,PB2609,16855.0,20.0,307.0,0.0747552654998529
20260203,PB2610,16960.0,11.0,113.0,-0.0283018867924531
20260203,PB2611,16920.0,63.0,209.0,0.0106382978723402
20260203,PB2612,16935.0,9.0,55.0,0.0003184681681113
20260203,PB2701,16975.0,38.0,88.0,0.0
20260204,PB2602,16490.0,385.0,5305.0,0.0727713765918736
20260204,PB2603,16590.0,50833.0,58276.0,0.0578661844484633
20260204,PB2604,16670.0,24726.0,40448.0,0.0467906418716266
20260204,PB2605,16735.0,3991.0,8285.0,0.0466089034956676
20260204,PB2606,16800.0,110.0,961.0,0.0321428571428583
20260204,PB2607,16845.0,28.0,121.0,0.0142475512021382
20260204,PB2608,16865.0,11.0,57.0,0.0533649570115617
20260204,PB2609,16940.0,26.0,306.0,0.0283353010625733
20260204,PB2610,16980.0,22.0,113.0,-0.0070671378091873
20260204,PB2611,16970.0,32.0,202.0,-0.0141426045963459
20260204,PB2612,16950.0,18.0,58.0,0.0003977329223426
20260204,PB2701,17000.0,40.0,100.0,0.0
20260205,PB2602,16500.0,2440.0,5570.0,0.0400000000000009
20260205,PB2603,16555.0,44073.0,54708.0,0.0398671096345504
20260205,PB2604,16610.0,24845.0,44498.0,0.0541842263696574
20260205,PB2605,16685.0,3851.0,9031.0,0.0143841774048549
20260205,PB2606,16705.0,123.0,1026.0,0.0395091290032922
20260205,PB2607,16760.0,20.0,125.0,0.0823389021479705
20260205,PB2608,16875.0,4.0,55.0,0.0213333333333345
20260205,PB2609,16905.0,32.0,310.0,0.0390417036379773
20260205,PB2610,16960.0,30.0,120.0,0.0283018867924518
20260205,PB2611,17000.0,146.0,155.0,0.028235294117648
20260205,PB2612,17040.0,16.0,55.0,0.0
20260205,PB2701,17040.0,40.0,124.0,0.0
20260206,PB2602,16490.0,715.0,5765.0,0.0145542753183747
20260206,PB2603,16510.0,50420.0,52027.0,0.0508782556026643
20260206,PB2604,16580.0,23822.0,48626.0,0.0470446320868518
20260206,PB2605,16645.0,3283.0,9642.0,0.0396515470111138
20260206,PB2606,16700.0,57.0,1035.0,0.0610778443113781
20260206,PB2607,16785.0,8.0,127.0,0.0428954423592484
20260206,PB2608,16845.0,8.0,53.0,0.0284951024042738
20260206,PB2609,16885.0,16.0,304.0,0.0284275984601727
20260206,PB2610,16925.0,8.0,120.0,0.0567208271787293
20260206,PB2611,17005.0,9.0,152.0,0.0211702440458676
20260206,PB2612,17035.0,2.0,54.0,0.0001187245030884
20260206,PB2701,17050.0,4.0,124.0,0.0
20260209,PB2602,16545.0,365.0,5645.0,0.0290117860380769
20260209,PB2603,16585.0,49645.0,50305.0,0.0144709074464888
20260209,PB2604,16605.0,31028.0,56644.0,0.0397470641373089
20260209,PB2605,16660.0,3663.0,10318.0,0.0216086434573821
20260209,PB2606,16690.0,72.0,1009.0,0.014379868184541
20260209,PB2607,16710.0,11.0,126.0,0.1220825852782772
20260209,PB2608,16880.0,7.0,53.0,0.0071090047393367
20260209,PB2609,16890.0,24.0,301.0,0.0817051509769086
20260209,PB2610,17005.0,6.0,116.0,0.024698618053514
20260209,PB2611,17040.0,6.0,149.0,-0.0704225352112679
20260209,PB2612,16940.0,2.0,54.0,-0.0001591870846211
20260209,PB2701,16920.0,12.0,125.0,0.0
20260210,PB2602,16640.0,240.0,5695.0,0.0180288461538449
20260210,PB2603,16665.0,58100.0,42295.0,0.018001800180019
20260210,PB2604,16690.0,42179.0,64642.0,0.0431396045536258
20260210,PB2605,16750.0,5083.0,11476.0,0.0358208955223871
20260210,PB2606,16800.0,37.0,981.0,0.0428571428571427
20260210,PB2607,16860.0,17.0,128.0,-0.0142348754448398
20260210,PB2608,16840.0,2.0,53.0,0.078384798099762
20260210,PB2609,16950.0,30.0,296.0,0.0743362831858416
20260210,PB2610,17055.0,14.0,109.0,-0.0140721196130173
20260210,PB2611,17035.0,11.0,151.0,0.0035221602582913
20260210,PB2612,17040.0,9.0,55.0,0.0
20260210,PB2701,17040.0,17.0,133.0,0.0
20260211,PB2602,16650.0,270.0,5770.0,0.0648648648648642
20260211,PB2603,16740.0,29976.0,38060.0,0.0107526881720421
20260211,PB2604,16755.0,26579.0,66699.0,0.0358102059086835
20260211,PB2605,16805.0,2164.0,11649.0,0.0357036596251116
20260211,PB2606,16855.0,52.0,965.0,0.0106793236428357
20260211,PB2607,16870.0,5.0,127.0,0.0213396561944279
20260211,PB2608,16900.0,0.0,53.0,0.0674556213017743
20260211,PB2609,16995.0,12.0,297.0,0.0494263018534857
20260211,PB2610,17065.0,4.0,108.0,0.0386756519191315
20260211,PB2611,17120.0,3.0,150.0,-0.0560747663551395
20260211,PB2612,17040.0,1.0,54.0,0.000197816110144
20260211,PB2701,17065.0,1.0,133.0,0.0
20260212,PB2602,16690.0,40.0,5750.0,0.0035949670461352
20260212,PB2603,16695.0,29928.0,32162.0,0.0035938903863419
20260212,PB2604,16700.0,34699.0,68447.0,0.0287425149700606
20260212,PB2605,16740.0,2117.0,11799.0,0.032258064516129
20260212,PB2606,16785.0,103.0,1002.0,0.0536193029490625
20260212,PB2607,16860.0,16.0,130.0,0.0284697508896796
20260212,PB2608,16900.0,0.0,53.0,0.0461538461538459
20260212,PB2609,16965.0,14.0,291.0,0.0141467727674635
20260212,PB2610,16985.0,13.0,112.0,0.0777156314395055
20260212,PB2611,17095.0,11.0,152.0,0.0175489909330224
20260212,PB2612,17120.0,9.0,53.0,0.0
20260212,PB2701,17120.0,6.0,136.0,0.0
20260213,PB2602,16630.0,25.0,5725.0,0.0469031870114262
20260213,PB2603,16695.0,25913.0,26840.0,0.0035938903863419
20260213,PB2604,16700.0,46911.0,69507.0,0.0287425149700606
20260213,PB2605,16740.0,3909.0,11827.0,0.0286738351254491
20260213,PB2606,16780.0,135.0,992.0,-0.0107270560190699
20260213,PB2607,16765.0,8.0,128.0,0.0715776916194466
20260213,PB2608,16865.0,5.0,52.0,0.0071153276015412
20260213,PB2609,16875.0,14.0,287.0,0.1102222222222222
20260213,PB2610,17030.0,5.0,107.0,-0.0211391661773343
20260213,PB2611,17000.0,17.0,149.0,0.0423529411764693
20260213,PB2612,17060.0,3.0,54.0,-0.003121830420064
20260213,PB2701,16665.0,12.0,141.0,0.0
20260224,PB2602,16795.0,65.0,5660.0,-0.0964572789520694
20260224,PB2603,16660.0,20565.0,21211.0,0.0072028811524598
20260224,PB2604,16670.0,55285.0,69712.0,0.0143971205758859
20260224,PB2605,16690.0,17079.0,15797.0,0.0323547034152174
20260224,PB2606,16735.0,277.0,1123.0,0.014341201075589
20260224,PB2607,16755.0,5.0,129.0,0.1289167412712624
20260224,PB2608,16935.0,2.0,54.0,-0.0177147918511959
20260224,PB2609,16910.0,6.0,286.0,0.0248373743347123
20260224,PB2610,16945.0,3.0,109.0,0.0247860725877844
20260224,PB2611,16980.0,18.0,141.0,0.0494699646643113
20260224,PB2612,17050.0,10.0,50.0,-7.908003558601894e-05
20260224,PB2701,17040.0,8.0,139.0,0.0
20260225,PB2603,16690.0,16773.0,15812.0,0.0323547034152174
20260225,PB2604,16735.0,67705.0,71996.0,0.0107559008066937
20260225,PB2605,16750.0,16950.0,22599.0,0.0250746268656723
20260225,PB2606,16785.0,1240.0,2047.0,0.0142984807864161
20260225,PB2607,16805.0,7.0,133.0,0.0642665873251999
20260225,PB2608,16895.0,35.0,70.0,0.0603728913879848
20260225,PB2609,16980.0,28.0,297.0,0.0247349823321556
20260225,PB2610,17015.0,5.0,109.0,0.0070526006464897
20260225,PB2611,17025.0,14.0,137.0,0.0387665198237883
20260225,PB2612,17080.0,5.0,47.0,7.894113622609498e-05
20260225,PB2701,17090.0,7.0,142.0,-0.0245757753071975
20260225,PB2702,17055.0,4.0,4.0,0.0
20260226,PB2603,16745.0,6572.0,13354.0,0.0358315915198561
20260226,PB2604,16795.0,55290.0,64924.0,0.0035724918130393
20260226,PB2605,16800.0,21604.0,29891.0,0.0214285714285713
20260226,PB2606,16830.0,1606.0,2906.0,0.0
20260226,PB2607,16830.0,8.0,136.0,0.0570409982174693
20260226,PB2608,16910.0,13.0,69.0,0.0141927853341217
20260226,PB2609,16930.0,85.0,354.0,0.0318960425280563
20260226,PB2610,16975.0,8.0,110.0,0.049484536082474
20260226,PB2611,17045.0,3.0,136.0,0.0211205632150184
20260226,PB2612,17075.0,0.0,47.0,-0.0001579285044499
20260226,PB2701,17055.0,0.0,142.0,-0.0035180299032546
20260226,PB2702,17050.0,0.0,4.0,0.0
20260227,PB2603,16800.0,6203.0,9815.0,0.0285714285714284
20260227,PB2604,16840.0,49069.0,63844.0,0.0106888361045127
20260227,PB2605,16855.0,15488.0,33194.0,0.0355977454761191
20260227,PB2606,16905.0,1626.0,3475.0,0.0212954747116249
20260227,PB2607,16935.0,10.0,140.0,0.0531443755535878
20260227,PB2608,17010.0,5.0,67.0,0.0317460317460307
20260227,PB2609,17055.0,17.0,357.0,-0.0492524186455587
20260227,PB2610,16985.0,4.0,110.0,0.0777156314395055
20260227,PB2611,17095.0,10.0,131.0,0.0
20260227,PB2612,17095.0,15.0,50.0,0.0004337952814904
20260227,PB2701,17150.0,11.0,142.0,-0.0384839650145769
20260227,PB2702,17095.0,8.0,8.0,0.0
20260302,PB2603,16845.0,2215.0,8270.0,0.0356188780053416
20260302,PB2604,16895.0,60587.0,63962.0,-0.0035513465522343
20260302,PB2605,16890.0,21596.0,35455.0,0.0319715808170508
20260302,PB2606,16935.0,1807.0,3688.0,0.0177147918511959
20260302,PB2607,16960.0,13.0,139.0,0.0212264150943388
20260302,PB2608,16990.0,31.0,67.0,0.0529723366686285
20260302,PB2609,17065.0,56.0,356.0,0.0035159683562842
20260302,PB2610,17070.0,4.0,110.0,0.0702987697715284
20260302,PB2611,17170.0,23.0,135.0,-0.0524170064065225
20260302,PB2612,17095.0,3.0,50.0,0.0
20260302,PB2701,17095.0,16.0,140.0,0.0737057619186893
20260302,PB2702,17200.0,8.0,16.0,0.0
20260303,PB2603,16830.0,1105.0,7460.0,0.0071301247771833
20260303,PB2604,16840.0,53661.0,60215.0,0.0106888361045127
20260303,PB2605,16855.0,17897.0,36764.0,0.0106793236428357
20260303,PB2606,16870.0,1214.0,3714.0,0.0497925311203317
20260303,PB2607,16940.0,4.0,139.0,0.0425029515938613
20260303,PB2608,17000.0,4.0,65.0,0.0352941176470587
20260303,PB2609,17050.0,58.0,373.0,-0.0211143695014657
20260303,PB2610,17020.0,4.0,110.0,0.0352526439482954
20260303,PB2611,17070.0,9.0,132.0,0.0456942003514928
20260303,PB2612,17135.0,5.0,50.0,-0.0002360632518368
20260303,PB2701,17105.0,5.0,138.0,0.0315697164571764
20260303,PB2702,17150.0,0.0,16.0,0.0
20260304,PB2603,16755.0,1245.0,6925.0,0.0608773500447625
20260304,PB2604,16840.0,46772.0,59776.0,0.0
20260304,PB2605,16840.0,17367.0,39757.0,0.0178147268408555
20260304,PB2606,16865.0,1707.0,4003.0,0.0035576638007706
20260304,PB2607,16870.0,7.0,142.0,0.0213396561944279
20260304,PB2608,16900.0,3.0,64.0,0.0568047337278114
20260304,PB2609,16980.0,19.0,372.0,0.0282685512367493
20260304,PB2610,17020.0,10.0,118.0,0.0352526439482954
20260304,PB2611,17070.0,0.0,132.0,0.0175746924428814
20260304,PB2612,17095.0,0.0,50.0,0.0001577437387237
20260304,PB2701,17115.0,7.0,142.0,0.0245398773006142
20260304,PB2702,17150.0,0.0,16.0,0.0
20260305,PB2603,16695.0,840.0,6920.0,0.0575022461814924
20260305,PB2604,16775.0,38944.0,59365.0,0.0178837555886746
20260305,PB2605,16800.0,12966.0,41417.0,0.0250000000000012
20260305,PB2606,16835.0,2091.0,4883.0,0.0249480249480242
20260305,PB2607,16870.0,13.0,151.0,0.0924718435091875
20260305,PB2608,17000.0,3.0,65.0,-0.007058823529412
20260305,PB2609,16990.0,27.0,372.0,0.0211889346674514
20260305,PB2610,17020.0,17.0,109.0,0.0141010575793192
20260305,PB2611,17040.0,2.0,132.0,0.0422535211267618
20260305,PB2612,17100.0,4.0,50.0,-0.0003153952296471
20260305,PB2701,17060.0,16.0,146.0,0.0281359906213367
20260305,PB2702,17100.0,4.0,19.0,0.0
20260306,PB2603,16715.0,355.0,6840.0,0.043075082261442
20260306,PB2604,16775.0,39263.0,57675.0,0.0107302533532047
20260306,PB2605,16790.0,11159.0,42718.0,0.0285884455032761
20260306,PB2606,16830.0,1110.0,5150.0,0.0142602495543666
20260306,PB2607,16850.0,10.0,158.0,0.0640949554896135
20260306,PB2608,16940.0,6.0,65.0,0.0070838252656439
20260306,PB2609,16950.0,12.0,378.0,0.0035398230088494
20260306,PB2610,16955.0,9.0,109.0,0.031849012090829
20260306,PB2611,17000.0,7.0,132.0,0.0423529411764693
20260306,PB2612,17060.0,2.0,50.0,0.0001580673630412
20260306,PB2701,17080.0,3.0,148.0,0.0140515222482422
20260306,PB2702,17100.0,2.0,20.0,0.0
20260309,PB2603,16640.0,860.0,6720.0,0.072115384615385
20260309,PB2604,16740.0,55371.0,55892.0,0.0107526881720421
20260309,PB2605,16755.0,20300.0,44293.0,0.0358102059086835
20260309,PB2606,16805.0,4597.0,6389.0,0.0142814638500441
20260309,PB2607,16825.0,43.0,186.0,0.039227340267459
20260309,PB2608,16880.0,12.0,68.0,0.0319905213270139
20260309,PB2609,16925.0,29.0,376.0,0.0070901033973411
20260309,PB2610,16935.0,4.0,107.0,0.0814880425154997
20260309,PB2611,17050.0,7.0,133.0,0.0316715542521999
20260309,PB2612,17095.0,7.0,50.0,3.943593468095525e-05
20260309,PB2701,17100.0,17.0,161.0,0.0105263157894723
20260309,PB2702,17115.0,2.0,20.0,0.0
20260310,PB2603,16580.0,440.0,6430.0,0.0506634499396874
20260310,PB2604,16650.0,46530.0,58157.0,0.0216216216216214
20260310,PB2605,16680.0,17571.0,47416.0,0.0323741007194255
20260310,PB2606,16725.0,3193.0,7710.0,0.0179372197309426
20260310,PB2607,16750.0,70.0,205.0,0.0716417910447768
20260310,PB2608,16850.0,6.0,69.0,0.0
20260310,PB2609,16850.0,46.0,371.0,0.0427299703264099
20260310,PB2610,16910.0,16.0,107.0,0.0283855706682434
20260310,PB2611,16950.0,13.0,133.0,0.0353982300884947
20260310,PB2612,17000.0,9.0,52.0,0.0
20260310,PB2701,17000.0,16.0,173.0,0.0599999999999987
20260310,PB2702,17085.0,4.0,21.0,0.0
20260311,PB2603,16615.0,335.0,6235.0,0.0469455311465552
20260311,PB2604,16680.0,40968.0,61083.0,0.0179856115107925
20260311,PB2605,16705.0,16217.0,49292.0,0.0215504340017957
20260311,PB2606,16735.0,2592.0,8316.0,0.0107559008066937
20260311,PB2607,16750.0,18.0,218.0,0.0752238805970142
20260311,PB2608,16855.0,6.0,72.0,0.0427172945713429
20260311,PB2609,16915.0,55.0,400.0,0.0
20260311,PB2610,16915.0,2.0,106.0,0.0354714750221702
20260311,PB2611,16965.0,11.0,138.0,0.0247568523430592
20260311,PB2612,17000.0,4.0,50.0,-0.0001586252478519
20260311,PB2701,16980.0,4.0,172.0,0.0212014134275619
20260311,PB2702,17010.0,2.0,22.0,0.0
20260312,PB2603,16530.0,695.0,6160.0,0.0617059891107079
20260312,PB2604,16615.0,30328.0,62266.0,0.0288895576286485
20260312,PB2605,16655.0,15416.0,53063.0,0.036025217652357
20260312,PB2606,16705.0,2064.0,9260.0,0.025142173002095
20260312,PB2607,16740.0,79.0,271.0,0.0215053763440868
20260312,PB2608,16770.0,7.0,75.0,0.0357781753130597
20260312,PB2609,16820.0,41.0,394.0,0.0677764565992875
20260312,PB2610,16915.0,1.0,105.0,0.0035471475022159
20260312,PB2611,16920.0,28.0,142.0,0.0141843971631212
20260312,PB2612,16940.0,9.0,50.0,0.0002387806269317
20260312,PB2701,16970.0,4.0,172.0,0.0176782557454338
20260312,PB2702,16995.0,3.0,23.0,0.0
20260313,PB2603,16535.0,240.0,6015.0,0.0145146658602959
20260313,PB2604,16555.0,45931.0,63681.0,0.0362428269405006
20260313,PB2605,16605.0,26032.0,60117.0,0.0397470641373089
20260313,PB2606,16660.0,2685.0,10672.0,0.0288115246098445
20260313,PB2607,16700.0,38.0,298.0,0.0395209580838313
20260313,PB2608,16755.0,11.0,86.0,0.025067144136079
20260313,PB2609,16790.0,24.0,393.0,0.0750446694460977
20260313,PB2610,16895.0,0.0,105.0,0.0426161586268118
20260313,PB2611,16955.0,9.0,143.0,-0.0176938956060164
20260313,PB2612,16930.0,1.0,50.0,0.0003583825003152
20260313,PB2701,16975.0,9.0,177.0,0.0
20260313,PB2702,16975.0,2.0,23.0,0.0
20260316,PB2603,16260.0,240.0,6000.0,0.0405904059040578
20260316,PB2604,16315.0,74012.0,66049.0,0.0294207784247628
20260316,PB2605,16355.0,48971.0,73015.0,0.0366860287373898
20260316,PB2606,16405.0,8764.0,14737.0,0.062176165803109
20260316,PB2607,16490.0,216.0,462.0,-0.0036385688295936
20260316,PB2608,16485.0,63.0,144.0,0.0764331210191082
20260316,PB2609,16590.0,62.0,395.0,0.0144665461121151
20260316,PB2610,16610.0,8.0,108.0,0.0614087898856112
20260316,PB2611,16695.0,10.0,145.0,0.0035938903863419
20260316,PB2612,16700.0,11.0,50.0,0.0002422122048038
20260316,PB2701,16730.0,16.0,183.0,0.0537955768081293
20260316,PB2702,16805.0,2.0,24.0,0.0
20260317,PB2604,16600.0,67847.0,51162.0,0.0
20260317,PB2605,16600.0,55822.0,75773.0,0.0144578313253003
20260317,PB2606,16620.0,11130.0,15642.0,0.0108303249097474
20260317,PB2607,16635.0,70.0,459.0,0.0036068530207398
20260317,PB2608,16640.0,54.0,136.0,0.0144230769230775
20260317,PB2609,16660.0,74.0,405.0,0.0576230492196891
20260317,PB2610,16740.0,6.0,109.0,0.0215053763440868
20260317,PB2611,16770.0,12.0,143.0,0.0178890876565285
20260317,PB2612,16795.0,9.0,51.0,0.0006021053617482
20260317,PB2701,16870.0,13.0,183.0,-0.0462359217545937
20260317,PB2702,16805.0,31.0,24.0,0.0821184171377558
20260317,PB2703,16920.0,31.0,5.0,0.0
20260318,PB2604,16645.0,54361.0,40136.0,0.0036046860919194
20260318,PB2605,16650.0,57483.0,75302.0,0.0252252252252258
20260318,PB2606,16685.0,7018.0,16033.0,0.0107881330536399
20260318,PB2607,16700.0,93.0,479.0,0.0179640718562872
20260318,PB2608,16725.0,25.0,125.0,0.0
20260318,PB2609,16725.0,38.0,410.0,0.0035874439461895
20260318,PB2610,16730.0,17.0,106.0,0.0573819485953386
20260318,PB2611,16810.0,7.0,145.0,0.0249851279000603
20260318,PB2612,16845.0,6.0,50.0,0.0004802545349035
20260318,PB2701,16905.0,12.0,185.0,-0.0425909494232472
20260318,PB2702,16845.0,7.0,22.0,0.0747996438112199
20260318,PB2703,16950.0,9.0,9.0,0.0
20260319,PB2604,16400.0,35991.0,31141.0,0.0109756097560982
20260319,PB2605,16415.0,68844.0,84931.0,0.0109655802619563
20260319,PB2606,16430.0,10200.0,17545.0,0.0328667072428485
20260319,PB2607,16475.0,52.0,497.0,0.0036418816388472
20260319,PB2608,16480.0,11.0,120.0,0.0327669902912619
20260319,PB2609,16525.0,19.0,408.0,-0.0072617246596067
20260319,PB2610,16515.0,12.0,101.0,0.0544959128065389
20260319,PB2611,16590.0,13.0,149.0,0.021699819168174
20260319,PB2612,16620.0,12.0,41.0,-0.0005678822050054
20260319,PB2701,16550.0,11.0,181.0,0.1776435045317228
20260319,PB2702,16795.0,2.0,23.0,0.0142899672521572
20260319,PB2703,16815.0,3.0,11.0,0.0
20260320,PB2604,16255.0,32486.0,24122.0,0.0258382036296529
20260320,PB2605,16290.0,76606.0,93141.0,0.0331491712707174
20260320,PB2606,16335.0,13209.0,21926.0,0.0183654729109274
20260320,PB2607,16360.0,214.0,580.0,0.0403422982885093
20260320,PB2608,16415.0,56.0,151.0,0.0255863539445622
20260320,PB2609,16450.0,44.0,427.0,0.0255319148936177
20260320,PB2610,16485.0,5.0,103.0,0.0109190172884447
20260320,PB2611,16500.0,15.0,151.0,0.0327272727272722
20260320,PB2612,16545.0,9.0,45.0,0.0004482157955321
20260320,PB2701,16600.0,18.0,175.0,-0.0108433734939752
20260320,PB2702,16585.0,5.0,25.0,0.0217063611697305
20260320,PB2703,16615.0,18.0,11.0,0.0
20260323,PB2604,16370.0,18518.0,19581.0,0.0183262064752591
20260323,PB2605,16395.0,63444.0,89207.0,0.0256175663311974
20260323,PB2606,16430.0,13516.0,22175.0,0.0146074254412669
20260323,PB2607,16450.0,947.0,992.0,-0.0364741641337382
20260323,PB2608,16400.0,12.0,146.0,0.0585365853658537
20260323,PB2609,16480.0,151.0,468.0,0.0182038834951461
20260323,PB2610,16505.0,9.0,102.0,0.0617994547106928
20260323,PB2611,16590.0,9.0,153.0,-0.0614828209764914
20260323,PB2612,16505.0,2.0,44.0,0.001511288714009
20260323,PB2701,16690.0,1.0,174.0,-0.0431396045536245
20260323,PB2702,16630.0,2.0,24.0,-0.0036079374624176
20260323,PB2703,16625.0,0.0,11.0,0.0
20260324,PB2604,16410.0,12477.0,16131.0,0.0073126142595967
20260324,PB2605,16420.0,49289.0,84978.0,0.0073081607795373
20260324,PB2606,16430.0,15098.0,23933.0,0.0036518563603173
20260324,PB2607,16435.0,757.0,1123.0,-0.0182537268025555
20260324,PB2608,16410.0,165.0,149.0,0.0255941499085912
20260324,PB2609,16445.0,502.0,863.0,-0.0255396777135912
20260324,PB2610,16410.0,13.0,97.0,0.0438756855575857
20260324,PB2611,16470.0,17.0,154.0,0.0145719489981797
20260324,PB2612,16490.0,7.0,45.0,8.176559167626248e-05
20260324,PB2701,16500.0,25.0,170.0,0.0181818181818176
20260324,PB2702,16525.0,6.0,24.0,0.0145234493192134
20260324,PB2703,16545.0,9.0,14.0,0.0
20260325,PB2604,16455.0,15055.0,11629.0,0.0291704649042836
20260325,PB2605,16495.0,57581.0,79125.0,0.0036374658987563
20260325,PB2606,16500.0,18771.0,28084.0,0.0218181818181806
20260325,PB2607,16530.0,1297.0,1829.0,-0.0108892921960066
20260325,PB2608,16515.0,13.0,145.0,0.0
20260325,PB2609,16515.0,189.0,960.0,0.0108991825613067
20260325,PB2610,16530.0,2.0,97.0,0.0580762250453732
20260325,PB2611,16610.0,9.0,150.0,-0.0469596628537023
20260325,PB2612,16545.0,0.0,45.0,0.0002037344525145
20260325,PB2701,16570.0,2.0,169.0,0.0072420036210019
20260325,PB2702,16580.0,0.0,24.0,0.0506634499396874
20260325,PB2703,16650.0,6.0,14.0,0.0
20260326,PB2604,16425.0,5045.0,9383.0,0.0255707762557086
20260326,PB2605,16460.0,57200.0,75091.0,0.0036452004860256
20260326,PB2606,16465.0,15473.0,31295.0,0.0036440935317347
20260326,PB2607,16470.0,492.0,2076.0,0.0182149362477233
20260326,PB2608,16495.0,21.0,140.0,-0.0145498635950294
20260326,PB2609,16475.0,41.0,957.0,-0.0036418816388472
20260326,PB2610,16470.0,9.0,95.0,0.0400728597449902
20260326,PB2611,16525.0,12.0,151.0,0.0181543116490168
20260326,PB2612,16550.0,5.0,48.0,-4.0734580264100014e-05
20260326,PB2701,16545.0,3.0,167.0,0.0036264732547586
20260326,PB2702,16550.0,2.0,25.0,0.0906344410876132
20260326,PB2703,16675.0,1.0,14.0,0.0
20260327,PB2604,16515.0,3692.0,7968.0,0.0290644868301539
20260327,PB2605,16555.0,56785.0,66116.0,0.0
20260327,PB2606,16555.0,18283.0,35319.0,0.0144971307762018
20260327,PB2607,16575.0,252.0,2094.0,-0.0072398190045248
20260327,PB2608,16565.0,29.0,143.0,-0.0072441895562933
20260327,PB2609,16555.0,32.0,959.0,0.0072485653880995
20260327,PB2610,16565.0,0.0,95.0,0.0181104738907347
20260327,PB2611,16590.0,9.0,152.0,-0.021699819168174
20260327,PB2612,16560.0,0.0,48.0,0.0003256798567008
20260327,PB2701,16600.0,1.0,167.0,0.0216867469879504
20260327,PB2702,16630.0,1.0,25.0,-0.0180396873120867
20260327,PB2703,16605.0,6.0,17.0,0.0
20260330,PB2604,16465.0,3953.0,6203.0,0.0218645611904033
20260330,PB2605,16495.0,50614.0,62160.0,0.0036374658987563
20260330,PB2606,16500.0,20062.0,38772.0,0.0072727272727259
20260330,PB2607,16510.0,670.0,2235.0,-0.0072683222289522
20260330,PB2608,16500.0,16.0,145.0,0.0290909090909092
20260330,PB2609,16540.0,32.0,959.0,0.0181378476420803
20260330,PB2610,16565.0,0.0,95.0,-0.0362209477814667
20260330,PB2611,16515.0,1.0,152.0,0.0326975476839228
20260330,PB2612,16560.0,0.0,48.0,0.0003256798567008
20260330,PB2701,16600.0,6.0,169.0,-0.0253012048192768
20260330,PB2702,16565.0,2.0,25.0,0.1412616963477218
20260330,PB2703,16760.0,11.0,15.0,0.0
20260331,PB2604,16490.0,2495.0,4925.0,0.0072771376591873
20260331,PB2605,16500.0,40498.0,60663.0,-0.0036363636363629
20260331,PB2606,16495.0,11123.0,38930.0,0.018187329493787
20260331,PB2607,16520.0,444.0,2264.0,-0.0181598062954
20260331,PB2608,16495.0,0.0,145.0,0.0072749317975153
20260331,PB2609,16505.0,21.0,955.0,0.0109057861254155
20260331,PB2610,16520.0,2.0,94.0,0.0290556900726395
20260331,PB2611,16560.0,2.0,151.0,0.0181159420289862
20260331,PB2612,16585.0,1.0,48.0,-0.0004064861642271
20260331,PB2701,16535.0,3.0,167.0,0.0471726640459637
20260331,PB2702,16600.0,1.0,25.0,0.0144578313253003
20260331,PB2703,16620.0,1.0,15.0,0.0
20260401,PB2604,16625.0,1185.0,4280.0,0.0216541353383457
20260401,PB2605,16655.0,78614.0,61668.0,0.010807565295706
20260401,PB2606,16670.0,25890.0,39704.0,0.0
20260401,PB2607,16670.0,568.0,2258.0,0.0
20260401,PB2608,16670.0,12.0,137.0,-0.017996400719856
20260401,PB2609,16645.0,115.0,971.0,0.0396515470111138
20260401,PB2610,16700.0,4.0,94.0,0.0
20260401,PB2611,16700.0,24.0,134.0,0.0107784431137734
20260401,PB2612,16715.0,3.0,49.0,-0.0001613298961102
20260401,PB2701,16695.0,13.0,167.0,0.0215633423180596
20260401,PB2702,16725.0,5.0,25.0,-0.0035874439461882
20260401,PB2703,16720.0,12.0,22.0,0.0
20260402,PB2604,16690.0,990.0,3595.0,0.0035949670461352
20260402,PB2605,16695.0,57226.0,56966.0,0.0143755615453731
20260402,PB2606,16715.0,18364.0,38801.0,0.0035895901884535
20260402,PB2607,16720.0,1061.0,2490.0,0.0
20260402,PB2608,16720.0,24.0,134.0,0.0035885167464115
20260402,PB2609,16725.0,32.0,966.0,0.0251121076233191
20260402,PB2610,16760.0,11.0,93.0,0.0035799522673043
20260402,PB2611,16765.0,17.0,122.0,0.0
20260402,PB2612,16765.0,5.0,45.0,0.0002412731178183
20260402,PB2701,16795.0,12.0,166.0,-0.0071449836260786
20260402,PB2702,16785.0,1.0,24.0,0.0035746201966047
20260402,PB2703,16790.0,8.0,19.0,0.0
20260403,PB2604,16745.0,1580.0,2475.0,0.0286652732158865
20260403,PB2605,16785.0,45005.0,55067.0,0.0250223413762276
20260403,PB2606,16820.0,14289.0,39302.0,-0.0035671819262783
20260403,PB2607,16815.0,506.0,2563.0,0.017841213202498
20260403,PB2608,16840.0,21.0,130.0,-0.0320665083135396
20260403,PB2609,16795.0,86.0,969.0,-0.057159869008633
20260403,PB2610,16715.0,0.0,93.0,0.0933293448997911
20260403,PB2611,16845.0,3.0,121.0,-0.0249332146037399
20260403,PB2612,16810.0,1.0,45.0,0.0
20260403,PB2701,16810.0,4.0,166.0,0.0107079119571675
20260403,PB2702,16825.0,0.0,24.0,0.0213967310549776
20260403,PB2703,16855.0,4.0,17.0,0.0
20260407,PB2604,16650.0,260.0,2340.0,0.0576576576576579
20260407,PB2605,16730.0,32883.0,53320.0,0.0143454871488346
20260407,PB2606,16750.0,14735.0,40891.0,0.0107462686567174
20260407,PB2607,16765.0,556.0,2755.0,0.0035788845809729
20260407,PB2608,16770.0,11.0,130.0,-0.0178890876565298
20260407,PB2609,16745.0,64.0,976.0,0.0214989549119142
20260407,PB2610,16775.0,3.0,94.0,0.0178837555886746
20260407,PB2611,16800.0,4.0,119.0,0.0035714285714298
20260407,PB2612,16805.0,1.0,45.0,-0.0010430282587111
20260407,PB2701,16675.0,5.0,166.0,0.1079460269865055
20260407,PB2702,16825.0,1.0,24.0,0.0213967310549776
20260407,PB2703,16855.0,1.0,17.0,0.0
20260408,PB2604,16770.0,835.0,2315.0,0.0214669051878342
20260408,PB2605,16800.0,47623.0,52228.0,0.010714285714287
20260408,PB2606,16815.0,20688.0,42059.0,0.0
20260408,PB2607,16815.0,1409.0,3050.0,0.0
20260408,PB2608,16815.0,19.0,135.0,0.0392506690454963
20260408,PB2609,16870.0,55.0,973.0,-0.0391227030231178
20260408,PB2610,16815.0,1.0,93.0,0.0035682426405001
20260408,PB2611,16820.0,1.0,119.0,0.0249702734839472
20260408,PB2612,16855.0,1.0,45.0,0.0001999873341355
20260408,PB2701,16880.0,7.0,165.0,-0.0319905213270139
20260408,PB2702,16835.0,2.0,25.0,0.0356400356400365
20260408,PB2703,16885.0,1.0,17.0,0.0
20260409,PB2604,16750.0,75.0,2250.0,0.0250746268656723
20260409,PB2605,16785.0,36330.0,52646.0,0.0107238605898114
20260409,PB2606,16800.0,13811.0,42197.0,0.0035714285714298
20260409,PB2607,16805.0,568.0,3119.0,-0.0107110978875337
20260409,PB2608,16790.0,20.0,141.0,0.0071471113758176
20260409,PB2609,16800.0,72.0,974.0,0.010714285714287
20260409,PB2610,16815.0,0.0,93.0,0.0249776984834957
20260409,PB2611,16850.0,5.0,118.0,-0.0106824925816018
20260409,PB2612,16835.0,2.0,45.0,4.004498386519469e-05
20260409,PB2701,16840.0,2.0,166.0,0.00356294536817
20260409,PB2702,16845.0,1.0,25.0,0.0391807658058782
20260409,PB2703,16900.0,1.0,18.0,0.0
20260410,PB2604,16630.0,345.0,2120.0,0.039687312086591
20260410,PB2605,16685.0,52927.0,51416.0,0.0035960443512124
20260410,PB2606,16690.0,22460.0,42497.0,0.0
20260410,PB2607,16690.0,2019.0,3776.0,-0.0323547034152187
20260410,PB2608,16645.0,9.0,141.0,0.025232802643436
20260410,PB2609,16680.0,75.0,958.0,0.0971223021582741
20260410,PB2610,16815.0,0.0,93.0,-0.039250669045495
20260410,PB2611,16760.0,3.0,116.0,-0.0429594272076374
20260410,PB2612,16700.0,2.0,45.0,0.0
20260410,PB2701,16700.0,3.0,163.0,0.0179640718562872
20260410,PB2702,16725.0,5.0,25.0,0.0932735426008974
20260410,PB2703,16855.0,6.0,19.0,0.0
20260413,PB2604,16500.0,310.0,2080.0,0.0509090909090899
20260413,PB2605,16570.0,40823.0,51056.0,0.0144840072420038
20260413,PB2606,16590.0,20483.0,44080.0,0.0072332730560589
20260413,PB2607,16600.0,3340.0,5467.0,-0.0108433734939752
20260413,PB2608,16585.0,38.0,154.0,0.0325595417545985
20260413,PB2609,16630.0,47.0,962.0,-0.0324714371617558
20260413,PB2610,16585.0,2.0,93.0,0.0253240880313541
20260413,PB2611,16620.0,2.0,115.0,0.0144404332129974
20260413,PB2612,16640.0,2.0,44.0,0.000324114088159
20260413,PB2701,16680.0,1.0,164.0,-0.0071942446043165
20260413,PB2702,16670.0,3.0,24.0,0.0143971205758859
20260413,PB2703,16690.0,5.0,23.0,0.0
20260414,PB2604,16680.0,180.0,1985.0,-0.0179856115107912
20260414,PB2605,16655.0,38562.0,49622.0,0.0144100870609422
20260414,PB2606,16675.0,22951.0,44750.0,0.0107946026986516
20260414,PB2607,16690.0,3391.0,7077.0,0.0287597363690821
20260414,PB2608,16730.0,24.0,155.0,-0.0251046025104599
20260414,PB2609,16695.0,34.0,963.0,0.0
20260414,PB2610,16695.0,0.0,93.0,-0.0071877807726865
20260414,PB2611,16685.0,4.0,113.0,0.0323643991609223
20260414,PB2612,16730.0,8.0,49.0,0.0001611852488633
20260414,PB2701,16750.0,1.0,164.0,0.0429850746268645
20260414,PB2702,16810.0,1.0,24.0,0.0178465199286126
20260414,PB2703,16835.0,5.0,21.0,0.0
20260415,PB2604,16705.0,55.0,1950.0,-0.0287339120023943
20260415,PB2605,16665.0,43041.0,50590.0,0.0108010801080098
20260415,PB2606,16680.0,26266.0,46271.0,0.039568345323742
20260415,PB2607,16735.0,5911.0,9557.0,0.0215118016133848
20260415,PB2608,16765.0,96.0,179.0,-0.0035788845809716
20260415,PB2609,16760.0,60.0,962.0,-0.0322195704057284
20260415,PB2610,16715.0,1.0,94.0,0.0251271313191745
20260415,PB2611,16750.0,2.0,113.0,0.0143283582089548
20260415,PB2612,16770.0,5.0,50.0,0.0007638037426383
20260415,PB2701,16865.0,2.0,165.0,-0.0498072932107911
20260415,PB2702,16795.0,1.0,24.0,0.178624590651979
20260415,PB2703,17045.0,5.0,25.0,0.0
20260416,PB2605,16775.0,66758.0,50166.0,0.0250372578241417
20260416,PB2606,16810.0,36474.0,47475.0,0.0249851279000603
20260416,PB2607,16845.0,5406.0,9657.0,0.0284951024042738
20260416,PB2608,16885.0,35.0,173.0,0.0177672490376066
20260416,PB2609,16910.0,92.0,962.0,-0.003548196333531
20260416,PB2610,16905.0,1.0,94.0,-0.035492457852706
20260416,PB2611,16855.0,0.0,113.0,0.1032334618807482
20260416,PB2612,17000.0,4.0,50.0,-0.0002379378717779
20260416,PB2701,16970.0,10.0,169.0,-0.0318208603417797
20260416,PB2702,16925.0,5.0,22.0,0.0177252584933542
20260416,PB2703,16950.0,6.0,22.0,0.0637168141592932
20260416,PB2704,17040.0,1.0,1.0,0.0
20260417,PB2605,16775.0,42286.0,45892.0,0.0214605067064095
20260417,PB2606,16805.0,28946.0,50150.0,0.0249925617375792
20260417,PB2607,16840.0,2744.0,10371.0,0.0178147268408555
20260417,PB2608,16865.0,196.0,332.0,-0.0035576638007706
20260417,PB2609,16860.0,36.0,961.0,0.0320284697508892
20260417,PB2610,16905.0,1.0,94.0,-0.0496894409937884
20260417,PB2611,16835.0,18.0,126.0,0.0463320463320462
20260417,PB2612,16900.0,6.0,51.0,-7.978192939298991e-05
20260417,PB2701,16890.0,4.0,171.0,0.0177619893428069
20260417,PB2702,16915.0,3.0,23.0,0.0035471475022159
20260417,PB2703,16920.0,13.0,21.0,0.0070921985815592
20260417,PB2704,16930.0,88.0,8.0,0.0
20260420,PB2605,16730.0,39050.0,41067.0,0.0251046025104599
20260420,PB2606,16765.0,32505.0,54457.0,0.0250521920668056
20260420,PB2607,16800.0,4163.0,10241.0,0.010714285714287
20260420,PB2608,16815.0,129.0,347.0,0.0071364852810003
20260420,PB2609,16825.0,38.0,962.0,0.0499257057949478
20260420,PB2610,16895.0,5.0,90.0,0.0213080793134059
20260420,PB2611,16925.0,1.0,126.0,-0.0035450516986705
20260420,PB2612,16920.0,0.0,51.0,-0.0001593752490238
20260420,PB2701,16900.0,3.0,170.0,0.0568047337278114
20260420,PB2702,16980.0,1.0,23.0,-0.0353356890459366
20260420,PB2703,16930.0,2.0,21.0,0.0248080330773765
20260420,PB2704,16965.0,1.0,8.0,0.0
20260421,PB2605,16845.0,37485.0,33173.0,0.0284951024042738
20260421,PB2606,16885.0,43474.0,60270.0,0.0177672490376066
20260421,PB2607,16910.0,5686.0,10598.0,-0.0070963926670608
20260421,PB2608,16900.0,261.0,276.0,0.0035502958579893
20260421,PB2609,16905.0,20.0,959.0,0.0070984915705425
20260421,PB2610,16915.0,0.0,90.0,0.0248300325155197
20260421,PB2611,16950.0,2.0,126.0,0.0070796460176989
20260421,PB2612,16960.0,2.0,49.0,-0.0001589993640025
20260421,PB2701,16940.0,0.0,170.0,0.0283353010625733
20260421,PB2702,16980.0,2.0,22.0,0.0141342756183746
20260421,PB2703,17000.0,2.0,21.0,-0.0035294117647053
20260421,PB2704,16995.0,0.0,8.0,0.0
20260422,PB2605,16690.0,32460.0,23224.0,0.0287597363690821
20260422,PB2606,16730.0,69098.0,63832.0,0.0179318589360439
20260422,PB2607,16755.0,9302.0,11670.0,0.0179051029543417
20260422,PB2608,16780.0,1303.0,1238.0,-0.0107270560190699
20260422,PB2609,16765.0,68.0,955.0,0.0322099612287516
20260422,PB2610,16810.0,2.0,91.0,0.0035693039857225
20260422,PB2611,16815.0,3.0,125.0,0.0035682426405001
20260422,PB2612,16820.0,4.0,48.0,0.0005210490454114
20260422,PB2701,16885.0,3.0,172.0,0.0461948474977793
20260422,PB2702,16950.0,0.0,22.0,-0.0495575221238939
20260422,PB2703,16880.0,1.0,21.0,0.0284360189573469
20260422,PB2704,16920.0,2.0,8.0,0.0
20260423,PB2605,16620.0,19128.0,16885.0,0.0288808664259923
20260423,PB2606,16660.0,63020.0,71059.0,0.0180072028811535
20260423,PB2607,16685.0,8754.0,14705.0,0.0107881330536399
20260423,PB2608,16700.0,122.0,1262.0,0.0
20260423,PB2609,16700.0,113.0,944.0,0.0071856287425138
20260423,PB2610,16710.0,3.0,94.0,0.0251346499102336
20260423,PB2611,16745.0,3.0,124.0,0.0143326366079419
20260423,PB2612,16765.0,2.0,47.0,8.042437260610481e-05
20260423,PB2701,16775.0,7.0,170.0,0.0214605067064095
20260423,PB2702,16805.0,5.0,21.0,0.0107110978875324
20260423,PB2703,16820.0,7.0,24.0,-0.0142687277051134
20260423,PB2704,16800.0,3.0,11.0,0.0
20260424,PB2605,16630.0,10507.0,14047.0,0.0288634996993382
20260424,PB2606,16670.0,42241.0,69504.0,0.0107978404319144
20260424,PB2607,16685.0,7601.0,16569.0,0.0251723104584948
20260424,PB2608,16720.0,61.0,1262.0,-0.0215311004784695
20260424,PB2609,16690.0,36.0,948.0,0.0287597363690821
20260424,PB2610,16730.0,2.0,92.0,0.0215182307232506
20260424,PB2611,16760.0,2.0,122.0,0.028639618138424
20260424,PB2612,16800.0,0.0,47.0,-0.0002407704654895
20260424,PB2701,16770.0,10.0,168.0,0.0214669051878342
20260424,PB2702,16800.0,3.0,23.0,0.0035714285714298
20260424,PB2703,16805.0,6.0,22.0,0.0071407319250234
20260424,PB2704,16815.0,0.0,11.0,0.0
20260427,PB2605,16665.0,13147.0,10312.0,0.0360036003600354
20260427,PB2606,16715.0,60891.0,64204.0,0.0179479509422675
20260427,PB2607,16740.0,12583.0,18174.0,0.0143369175627245
20260427,PB2608,16760.0,150.0,1275.0,0.007159904534606
20260427,PB2609,16770.0,48.0,944.0,-0.0143112701252241
20260427,PB2610,16750.0,0.0,92.0,0.0071641791044774
20260427,PB2611,16760.0,0.0,122.0,0.0680190930787585
20260427,PB2612,16855.0,4.0,49.0,0.0002799822677897
20260427,PB2701,16890.0,6.0,168.0,0.0
20260427,PB2702,16890.0,2.0,23.0,-0.0177619893428069
20260427,PB2703,16865.0,5.0,21.0,-0.0213459828046249
20260427,PB2704,16835.0,0.0,11.0,0.0
20260428,PB2605,16600.0,7333.0,8118.0,0.0686746987951805
20260428,PB2606,16695.0,50707.0,63499.0,0.017969451931715
20260428,PB2607,16720.0,11932.0,22150.0,0.0215311004784695
20260428,PB2608,16750.0,418.0,1399.0,0.0214925373134322
20260428,PB2609,16780.0,153.0,1003.0,0.0607866507747321
20260428,PB2610,16865.0,3.0,93.0,0.0071153276015412
20260428,PB2611,16875.0,3.0,122.0,-0.0106666666666672
20260428,PB2612,16860.0,2.0,50.0,0.0001199568155463
20260428,PB2701,16875.0,6.0,169.0,0.0106666666666672
20260428,PB2702,16890.0,1.0,23.0,-0.0248667850799289
20260428,PB2703,16855.0,0.0,21.0,-0.0142390981904476
20260428,PB2704,16835.0,0.0,11.0,0.0
20260429,PB2605,16680.0,5194.0,6550.0,0.0467625899280585
20260429,PB2606,16745.0,47714.0,65054.0,0.0143326366079419
20260429,PB2607,16765.0,11850.0,23802.0,0.0143155383238893
20260429,PB2608,16785.0,388.0,1430.0,0.0071492403932094
20260429,PB2609,16795.0,58.0,994.0,0.0392974099434351
20260429,PB2610,16850.0,1.0,92.0,0.0178041543026719
20260429,PB2611,16875.0,0.0,122.0,-0.0106666666666672
20260429,PB2612,16860.0,0.0,50.0,0.0
20260429,PB2701,16860.0,0.0,169.0,0.0177935943060507
20260429,PB2702,16885.0,3.0,24.0,0.0106603494225634
20260429,PB2703,16900.0,1.0,21.0,0.0213017751479283
20260429,PB2704,16930.0,4.0,8.0,0.0
20260430,PB2605,16595.0,2622.0,5820.0,0.02530882796023
20260430,PB2606,16630.0,59655.0,63295.0,0.0180396873120853
20260430,PB2607,16655.0,17566.0,28512.0,0.0144100870609422
20260430,PB2608,16675.0,866.0,1553.0,0.0107946026986516
20260430,PB2609,16690.0,52.0,979.0,0.0215698022768116
20260430,PB2610,16720.0,1.0,92.0,0.0
20260430,PB2611,16720.0,1.0,121.0,0.0610047846889942
20260430,PB2612,16805.0,0.0,50.0,-0.0002005823574444
20260430,PB2701,16780.0,4.0,170.0,0.0429082240762825
20260430,PB2702,16840.0,0.0,24.0,-0.0071258907363414
20260430,PB2703,16830.0,1.0,21.0,0.02139037433155
20260430,PB2704,16860.0,0.0,8.0,0.0
20260506,PB2605,16905.0,2640.0,5370.0,0.0532386867790597
20260506,PB2606,16980.0,89769.0,71237.0,0.0106007067137809
20260506,PB2607,16995.0,30027.0,31939.0,0.0141218005295673
20260506,PB2608,17015.0,1170.0,1722.0,0.0035263003232435
20260506,PB2609,17020.0,126.0,1030.0,-0.0141010575793179
20260506,PB2610,17000.0,9.0,92.0,0.0
20260506,PB2611,17000.0,7.0,122.0,-0.052941176470588
20260506,PB2612,16925.0,0.0,50.0,3.983204155811145e-05
20260506,PB2701,16930.0,4.0,171.0,0.1240401653868881
20260506,PB2702,17105.0,3.0,23.0,0.0035077462730193
20260506,PB2703,17110.0,3.0,20.0,-0.0420806545879597
20260506,PB2704,17050.0,2.0,8.0,0.0
20260507,PB2605,16740.0,580.0,5130.0,0.0573476702508957
20260507,PB2606,16820.0,56960.0,65876.0,0.0285374554102268
20260507,PB2607,16860.0,17506.0,31833.0,0.0177935943060507
20260507,PB2608,16885.0,520.0,1797.0,0.0
20260507,PB2609,16885.0,63.0,1029.0,0.0248741486526498
20260507,PB2610,16920.0,2.0,94.0,0.0248226950354615
20260507,PB2611,16955.0,8.0,115.0,-0.0141551164848126
20260507,PB2612,16935.0,2.0,48.0,0.0004378937311531
20260507,PB2701,16990.0,7.0,166.0,-0.0247204237786928
20260507,PB2702,16955.0,1.0,23.0,0.0
20260507,PB2703,16955.0,13.0,24.0,0.0353877912120328
20260507,PB2704,17005.0,2.0,9.0,0.0
20260508,PB2605,16650.0,410.0,4965.0,0.0432432432432428
20260508,PB2606,16710.0,64262.0,60428.0,0.0359066427289036
20260508,PB2607,16760.0,28439.0,33105.0,0.0178997613365163
20260508,PB2608,16785.0,2601.0,3010.0,0.0107238605898114
20260508,PB2609,16800.0,129.0,1038.0,0.010714285714287
20260508,PB2610,16815.0,3.0,95.0,-0.0071364852809989
20260508,PB2611,16805.0,1.0,114.0,0.0321332936625999
20260508,PB2612,16850.0,19.0,62.0,0.0004401026906278
20260508,PB2701,16905.0,3.0,166.0,-0.0035492457852712
20260508,PB2702,16900.0,4.0,24.0,-0.003550295857988
20260508,PB2703,16895.0,11.0,23.0,0.0142053862089372
20260508,PB2704,16915.0,7.0,12.0,0.0
20260511,PB2605,16635.0,290.0,4805.0,0.028854824165915893
20260511,PB2606,16675.0,40515.0,59697.0,0.03598200899550186
20260511,PB2607,16725.0,15604.0,34505.0,0.01434977578475305
20260511,PB2608,16745.0,510.0,2981.0,0.01791579575992941
20260511,PB2609,16770.0,69.0,1031.0,0.010733452593917114
20260511,PB2610,16785.0,2.0,95.0,0.035746201966041724
20260511,PB2611,16835.0,1.0,114.0,0.021384021384021956
20260511,PB2612,16865.0,2.0,63.0,-3.9973750570456236e-05
20260511,PB2701,16860.0,2.0,166.0,0.024911032028470004
20260511,PB2702,16895.0,2.0,24.0,0.010654039656704306
20260511,PB2703,16910.0,3.0,24.0,0.024837374334712337
20260511,PB2704,16945.0,0.0,12.0,0.0
