时间,开盘,最高,最低,收盘,成交量,持仓量,MA5,MA10,MA20,MA60,MACD,MACD_SIGNAL,MACD_HIST,RSI14,ATR14,CCI20,VOL_MA20,OBV,OI_MA20,OI_CHANGE,OI_CHANGE_PCT
2023-09-15,2950.0,3060.0,2790.0,2859.0,407987,30330,2859.0,2859.0,2859.0,2859.0,0.0,0.0,0.0,0.0,270.0,0.0,407987.0,0,30330.0,0.0,0.0
2023-09-18,2858.0,2922.0,2836.0,2904.0,283416,32473,2881.5,2881.5,2881.5,2881.5,3.589743589744103,0.7179487179488206,2.871794871795282,99.99999999955556,178.0,-35.35533905932789,345701.5,283416,31401.5,2143.0,7.065611605670963
2023-09-19,2913.0,3086.0,2898.0,3040.0,515904,46067,2934.3333333333335,2934.3333333333335,2934.3333333333335,2934.3333333333335,17.210314851340627,4.016421944627182,13.193892906713444,99.99999999983426,181.33333333333334,57.3221027303734,402435.6666666667,799320,36290.0,13594.0,41.86247035999138
2023-09-20,3058.0,3148.0,3038.0,3113.0,598941,59971,2979.0,2979.0,2979.0,2979.0,33.508935471095356,9.914924649920817,23.59401082117454,99.99999999984252,163.5,63.11230408630969,451562.0,1398261,42210.25,13904.0,30.18212603382031
2023-09-21,3116.0,3118.0,3033.0,3049.0,432914,52380,2993.0,2993.0,2993.0,2993.0,40.791228714821955,16.090185462901047,24.701043251920908,79.87421383647799,147.8,38.70264090869323,447832.4,965347,44244.2,-7591.0,-12.65778459588801
2023-09-22,3061.0,3106.0,3051.0,3070.0,326405,51010,3035.2,3005.8333333333335,3005.8333333333335,3005.8333333333335,47.70708548737366,22.41356546779557,25.29352001957809,81.12094395280236,132.66666666666666,37.612734090855994,427594.5,1291752,45371.833333333336,-1370.0,-2.6155021000381806
2023-09-25,3078.0,3094.0,2930.0,2945.0,323538,53987,3043.4,2997.1428571428573,2997.1428571428573,2997.1428571428573,42.61031132925973,26.452914640088405,16.157396689171325,59.26724137931034,137.14285714285714,-8.71083929037277,412729.28571428574,968214,46602.57142857143,2977.0,5.836110566555575
2023-09-26,2946.0,2970.0,2870.0,2902.0,291703,51323,3015.8,2985.25,2985.25,2985.25,34.70132517883712,28.10259674783815,6.598728430998975,54.24063116370809,132.5,-47.02909960056377,397601.0,676511,47192.625,-2664.0,-4.934521273639946
2023-09-27,2908.0,2943.0,2860.0,2888.0,242500,44508,2970.8,2974.4444444444443,2974.4444444444443,2974.4444444444443,26.99256024413171,27.88058944709686,-0.88802920296515,52.783109404990405,127.0,-50.29498667481769,380367.55555555556,434011,46894.333333333336,-6815.0,-13.278647000370203
2023-09-28,2898.0,2905.0,2797.0,2800.0,218744,44124,2921.0,2957.0,2957.0,2957.0,13.6253790531905,25.029547368315587,-11.404168315125087,45.15599343185551,125.1,-71.98982243360082,364205.2,215267,46617.3,-384.0,-0.8627662442706963
2023-10-09,2795.0,2839.0,2750.0,2779.0,111355,47212,2862.8,2949.0,2940.818181818182,2940.818181818182,1.3220276465758616,20.288043423967643,-18.96601577739178,43.650793650793645,121.81818181818181,-78.57313322030062,341218.8181818182,103912,46671.36363636364,3088.0,6.9984588885867005
2023-10-10,2783.0,2783.0,2626.0,2720.0,344386,58555,2817.8,2930.6,2922.4166666666665,2922.4166666666665,-13.038968784777808,13.622640982218552,-26.66160976699636,39.91291727140784,124.75,-91.8993085108544,341482.75,-240474,47661.666666666664,11343.0,24.025671439464546
2023-10-11,2716.0,2743.0,2657.0,2704.0,304232,61771,2778.2,2897.0,2905.6153846153848,2905.6153846153848,-25.41822275481536,5.81446823481177,-31.23269098962713,39.00709219858155,121.76923076923077,-80.47155548365683,338617.3076923077,-544706,48747.0,3216.0,5.492272222696615
2023-10-12,2695.0,2765.0,2677.0,2749.0,217512,63391,2750.4,2860.6,2894.4285714285716,2894.4285714285716,-31.237658511912286,-1.5959571145330411,-29.641701397379244,42.666666666666664,119.35714285714286,-62.62835411569847,329966.9285714286,-327194,49793.0,1620.0,2.6225898884589816
2023-10-13,2752.0,2765.0,2666.0,2682.0,232766,70131,2726.8,2823.9,2880.266666666667,2880.266666666667,-40.78579013343369,-9.433923718313173,-31.35186641512052,39.16768665850673,107.14285714285714,-65.22111687361516,323486.86666666664,-559960,51148.86666666667,6740.0,10.632424161158527
2023-10-16,2706.0,2713.0,2641.0,2658.0,232274,80874,2702.6,2782.7,2866.375,2866.375,-49.716254621708686,-17.490389898992277,-32.22586472271641,34.54773869346734,106.14285714285714,-69.58335936485805,317786.0625,-792234,53006.6875,10743.0,15.318475424562594
2023-10-17,2650.0,2655.0,2561.0,2569.0,298316,103956,2672.4,2745.1,2848.8823529411766,2848.8823529411766,-63.246205378941795,-26.641552994982185,-36.60465238395961,18.55807743658211,99.64285714285714,-83.74240908281466,316640.76470588235,-1090550,56003.705882352944,23082.0,28.540692929742573
2023-10-18,2571.0,2604.0,2563.0,2584.0,206359,101662,2648.4,2713.3,2834.1666666666665,2834.1666666666665,-71.9292584750201,-35.699094090989774,-36.23016438403033,11.72214182344429,94.71428571428571,-78.2842417391313,310514.0,-884191,58540.27777777778,-2294.0,-2.2067028358151553
2023-10-19,2570.0,2578.0,2506.0,2527.0,383008,108959,2604.0,2677.2,2818.0,2818.0,-82.45952220015215,-45.051179712822254,-37.4083424873299,11.84210526315789,94.21428571428571,-82.57221780069958,314329.4736842105,-1267199,61193.89473684211,7297.0,7.177706517676219
2023-10-20,2525.0,2572.0,2504.0,2533.0,299451,107147,2574.2,2650.5,2803.75,2803.75,-89.29138668907171,-53.89922110807215,-35.39216558099957,9.865470852017935,95.0,-75.50414228501909,313585.55,-967748,63491.55,-1812.0,-1.6630108572949442
2023-10-23,2531.0,2582.0,2519.0,2545.0,305841,113158,2551.6,2627.1,2788.05,2791.4285714285716,-92.66915645458948,-61.65320817737562,-31.015948277213866,14.02877697841727,87.78571428571429,-64.5341540774969,308478.25,-661907,67632.95,6011.0,5.610049744743195
2023-10-24,2543.0,2596.0,2525.0,2583.0,300187,106394,2554.4,2613.4,2772.0,2781.9545454545455,-91.22815947367508,-67.56819843663551,-23.659961037039565,21.05263157894737,85.71428571428571,-53.80537345478429,309316.8,-361720,71329.0,-6764.0,-5.977482811643897
2023-10-25,2587.0,2609.0,2555.0,2557.0,209723,102488,2549.0,2598.7,2747.85,2772.1739130434785,-91.13361016414183,-72.28128078213678,-18.852329382005053,20.60390763765541,83.64285714285714,-47.46936869027646,294007.75,-571443,74150.05,-3906.0,-3.6712596574994816
2023-10-26,2551.0,2578.0,2525.0,2552.0,236277,108706,2554.0,2579.0,2719.8,2763.0,-90.41983380864804,-75.90899138743903,-14.510842421209006,24.16666666666667,79.71428571428571,-49.37814051401076,275874.55,-807720,76586.8,6218.0,6.0670517524002765
2023-10-27,2539.0,2581.0,2538.0,2571.0,164847,105619,2561.6,2567.9,2695.9,2755.32,-87.31451234712267,-78.19009557937576,-9.124416767746908,28.242677824267787,76.42857142857143,-42.740415401767564,262471.2,-642873,79248.75,-3087.0,-2.8397696539289474
2023-10-30,2572.0,2611.0,2557.0,2594.0,200479,100535,2571.4,2561.5,2672.1,2749.1153846153848,-82.05177316960726,-78.96243109742207,-3.0893420721851896,35.74660633484163,69.07142857142857,-32.70004373555074,256174.9,-442394,81725.0,-5084.0,-4.8135278690387135
2023-10-31,2590.0,2638.0,2582.0,2621.0,204110,92551,2579.0,2566.7,2655.9,2744.3703703703704,-74.83963537332511,-78.13787195260268,3.298236579277571,40.838852097130236,66.92857142857143,-19.40179810908072,250203.5,-238284,83653.2,-7984.0,-7.941512905953152
2023-11-01,2625.0,2629.0,2566.0,2574.0,175771,93459,2582.4,2565.7,2639.5,2738.285714285714,-72.08551447454738,-76.92740045699162,4.841885982444239,30.769230769230774,65.14285714285714,-25.850703486232067,244406.9,-414055,85760.0,908.0,0.981080701451087
2023-11-02,2579.0,2588.0,2554.0,2579.0,140797,95755,2587.8,2570.9,2624.05,2732.793103448276,-68.70737970229038,-75.28339630605137,6.576016603760991,36.895674300254456,60.5,-30.870472888836797,239321.75,-273258,88322.35,2296.0,2.4566922393777
2023-11-03,2590.0,2636.0,2590.0,2620.0,163152,79173,2597.6,2579.6,2615.05,2729.0333333333333,-62.00704756217738,-72.62812655727657,10.621078995099197,45.36585365853659,59.42857142857143,-1.2231531851338064,236542.15,-110106,90074.8,-16582.0,-17.317111377995932
2023-11-06,2635.0,2689.0,2626.0,2684.0,188287,73703,2615.6,2593.5,2610.3,2727.5806451612902,-50.94545346308951,-68.29159193843915,17.346138475349647,64.93506493506493,57.42857142857143,44.0844794607566,240388.75,78181,91399.35,-5470.0,-6.908920970532884
2023-11-07,2687.0,2700.0,2632.0,2642.0,158264,66734,2619.8,2599.4,2606.4,2724.90625,-45.04881474200238,-63.643036499151805,18.594221757149427,57.03883495145631,59.357142857142854,41.69539850308341,231082.65,-80083,91808.3,-6969.0,-9.455517414487879
2023-11-08,2638.0,2668.0,2636.0,2665.0,98689,64082,2638.0,2610.2,2604.45,2723.090909090909,-38.080806459190626,-58.53059049115957,20.449784031968946,68.25396825396825,56.07142857142857,44.36461328229796,220805.5,18606,91923.85,-2652.0,-3.9739862738633946
2023-11-09,2656.0,2656.0,2552.0,2631.0,157454,63188,2648.4,2618.1,2598.55,2720.3823529411766,-34.89982211842107,-53.804436816611876,18.904614698190805,62.06896551724138,59.285714285714285,13.106841101474933,217802.6,-138848,91913.7,-894.0,-1.3950875440841393
2023-11-10,2641.0,2752.0,2635.0,2682.0,351128,63569,2660.8,2629.2,2598.55,2719.285714285714,-27.94150308085591,-48.63185006946068,20.690346988604773,65.3932584269663,63.42857142857143,95.9886137865644,223720.7,212280,91585.6,381.0,0.6029625878331224
2023-11-13,2678.0,2695.0,2622.0,2630.0,170541,60127,2650.0,2632.8,2597.15,2716.8055555555557,-26.31955508184228,-44.169391071937,17.849835990094718,55.11982570806101,63.57142857142857,55.604846375061115,220634.05,41739,90548.25,-3442.0,-5.414588871934434
2023-11-14,2643.0,2677.0,2637.0,2672.0,90160,59208,2656.0,2637.9,2602.3,2715.5945945945946,-21.39843280248033,-39.61519941804567,18.21676661556534,62.10526315789473,63.07142857142857,63.231661594352346,210226.25,131899,88310.85,-919.0,-1.52843148668651
2023-11-15,2670.0,2701.0,2651.0,2665.0,92573,59778,2656.0,2647.0,2606.35,2714.2631578947367,-17.85740044340764,-35.26363962311807,17.406239179710425,61.84486373165618,62.857142857142854,66.236454555675,204536.95,39326,86216.65,570.0,0.9627077421969998
2023-11-16,2655.0,2684.0,2644.0,2677.0,58632,57267,2665.2,2656.8,2613.85,2713.3076923076924,-13.922319245348717,-30.9953755475642,17.073056302215484,61.276595744680854,62.642857142857146,56.73803747502203,188318.15,97958,83632.05,-2511.0,-4.200542005420049
2023-11-17,2680.0,2719.0,2665.0,2686.0,99120,55430,2666.0,2663.4,2621.5,2712.625,-9.96267079393192,-26.788834596837745,16.826163802905825,60.08771929824562,62.642857142857146,71.88215783983787,178301.6,197078,81046.2,-1837.0,-3.2077810955698727
2023-11-20,2690.0,2696.0,2657.0,2677.0,60545,55261,2675.4,2662.7,2628.1,2711.756097560976,-7.464796129215301,-22.924026903313255,15.459230774097954,56.39269406392694,61.42857142857143,53.192019712663225,166036.8,136533,78151.35,-169.0,-0.3048890492513112
2023-11-21,2683.0,2704.0,2600.0,2612.0,94270,55889,2663.4,2659.7,2629.55,2709.3809523809523,-10.60788810267968,-20.46079914318654,9.85291104050686,54.166666666666664,64.35714285714286,9.205278396809913,155740.95,42263,75626.1,628.0,1.1364253270842006
2023-11-22,2613.0,2632.0,2547.0,2591.0,113455,54297,2648.6,2652.3,2631.25,2706.6279069767443,-14.624750610634237,-19.293589436676083,4.668838826041846,51.27118644067797,68.0,-47.12291665346173,150927.55,-71192,73216.55,-1592.0,-2.8485032832936685
2023-11-23,2595.0,2626.0,2566.0,2604.0,93977,52284,2634.0,2649.6,2633.85,2704.2954545454545,-16.568164249508754,-18.74850439924262,2.1803401497338655,48.198198198198206,68.21428571428571,-43.231083151290065,143812.55,22785,70395.45,-2013.0,-3.7073871484612386
2023-11-24,2601.0,2615.0,2562.0,2611.0,58015,51288,2619.0,2642.5,2635.85,2702.222222222222,-17.343566225840732,-18.46751676456224,1.123950538721509,40.56847545219638,67.07142857142857,-51.62027753456082,138470.95,80800,67678.9,-996.0,-1.9049804911636437
2023-11-27,2609.0,2638.0,2575.0,2583.0,80202,52922,2600.2,2637.8,2635.3,2699.6304347826085,-19.98704565201706,-18.771422542053205,-1.215623109963854,42.091152815013395,66.71428571428571,-49.73852920545096,132457.1,598,65298.25,1634.0,3.1859304320698723
2023-11-28,2580.0,2617.0,2566.0,2593.0,57817,48073,2596.4,2629.9,2633.9,2697.3617021276596,-21.03265436879883,-19.22366890740233,-1.8089854613964995,40.0,68.07142857142857,-55.75673056911741,125142.45,58415,63074.35,-4849.0,-9.162541098220023
2023-11-29,2601.0,2685.0,2585.0,2657.0,146361,47533,2609.6,2629.1,2638.05,2696.5208333333335,-16.506762003099993,-18.680287526541864,2.173525523441871,53.33333333333333,67.14285714285714,6.765665413452123,123671.95,204776,60778.05,-540.0,-1.1232916605995014
2023-11-30,2661.0,2692.0,2631.0,2683.0,77611,51027,2625.4,2629.7,2643.25,2696.2448979591836,-10.698649613984344,-17.08395994403036,6.385310330046018,50.13698630136986,62.857142857142854,38.82213189219394,120512.65,282387,58541.65,3494.0,7.350682683609278
2023-12-01,2672.0,2691.0,2634.0,2674.0,75641,47171,2638.0,2628.5,2645.95,2695.8,-6.744160994432605,-15.016000154110811,8.271839159678207,56.83229813664596,61.714285714285715,31.872348154017445,116137.1,206746,56941.55,-3856.0,-7.55678366355067
2023-12-04,2655.0,2677.0,2611.0,2619.0,83965,47729,2645.2,2622.7,2642.7,2694.294117647059,-7.95652277689851,-13.604104678668351,5.647581901769842,42.08955223880597,63.07142857142857,-11.061116799928133,110921.0,122781,55642.85,558.0,1.1829301901592038
2023-12-05,2613.0,2613.0,2568.0,2575.0,72694,46487,2641.6,2619.0,2639.35,2692.0,-12.325677760005874,-13.348419294935857,1.0227415349299829,37.903225806451616,63.142857142857146,-75.55053561666028,106642.5,50087,54630.5,-1242.0,-2.602191539734755
2023-12-06,2567.0,2607.0,2560.0,2590.0,55602,46710,2628.2,2618.9,2635.6,2690.0754716981132,-14.4117601227249,-13.561087460493667,-0.8506726622312328,38.400000000000006,63.642857142857146,-66.9876678381275,104488.15,105689,53761.9,223.0,0.47970400326973195
2023-12-07,2570.0,2597.0,2523.0,2564.0,125799,51403,2604.4,2614.9,2632.25,2687.740740740741,-17.95599262773021,-14.440068493940977,-3.515924133789234,34.43877551020408,65.07142857142857,-88.21567715130954,102905.4,-20110,53172.65,4693.0,10.04709912224364
2023-12-08,2567.0,2745.0,2551.0,2642.0,259877,56801,2598.0,2618.0,2630.25,2686.909090909091,-14.305964047575344,-14.413247604667852,0.10728355709250792,46.20390455531454,76.14285714285714,19.10608902794174,98342.85,239767,52834.25,5398.0,10.501332607046287
2023-12-11,2628.0,2677.0,2592.0,2651.0,131705,56292,2604.4,2624.8,2631.3,2686.2678571428573,-10.565275398763333,-13.643653163486949,3.0783777647236157,54.81481481481482,74.78571428571429,12.000674621511484,96401.05,371472,52642.5,-509.0,-0.8961109839615511
2023-12-12,2647.0,2709.0,2632.0,2680.0,146219,57628,2625.4,2633.5,2631.7,2686.157894736842,-5.200744116659735,-11.955071354121507,6.754327237461773,60.77481840193705,74.21428571428571,54.03168630461879,99204.0,517691,52563.5,1336.0,2.3733390179776936
2023-12-13,2677.0,2691.0,2636.0,2660.0,90250,53622,2639.4,2633.8,2631.45,2685.706896551724,-2.5339376236538556,-10.070844608027977,7.536906984374122,56.666666666666664,73.85714285714286,40.719369754721505,99087.85,427441,52255.7,-4006.0,-6.951481918511837
2023-12-14,2663.0,2702.0,2655.0,2670.0,100397,56704,2660.6,2632.5,2631.1,2685.4406779661017,0.3820382625890488,-7.980268033904572,8.362306296493621,56.973995271867615,73.42857142857143,56.874438537218644,101176.1,527838,52227.55,3082.0,5.747640893663042
2023-12-15,2682.0,2697.0,2661.0,2673.0,76754,52921,2666.8,2632.4,2630.45,2685.233333333333,2.9015972815818714,-5.803894970807284,8.705492252389156,61.30653266331658,71.5,60.86089687049389,100057.8,604592,52102.1,-3783.0,-6.671487020316025
2023-12-18,2676.0,2679.0,2647.0,2672.0,57710,51401,2671.0,2637.7,2630.2,2682.116666666667,4.762772042541201,-3.690561568137587,8.453333610678788,60.15424164524422,70.14285714285714,47.9160600754532,99916.05,546882,51909.1,-1520.0,-2.872205740632261
2023-12-19,2663.0,2711.0,2656.0,2664.0,80150,50550,2667.8,2646.6,2632.8,2678.116666666667,5.528504153918675,-1.8467484237263345,7.37525257764501,51.051051051051054,66.92857142857143,57.82530245150867,99210.05,466732,51642.15,-851.0,-1.655609813038661
2023-12-20,2661.0,2712.0,2661.0,2692.0,66740,53447,2674.2,2656.8,2637.85,2672.3166666666666,8.299052057090194,0.1824116724369711,8.116640384653223,51.343283582089555,66.21428571428571,65.00324067760393,96874.3,533472,51599.65,2897.0,5.730959446092987
2023-12-21,2705.0,2748.0,2675.0,2744.0,89938,59219,2689.0,2674.8,2644.85,2666.1666666666665,14.523281302514533,3.050585598452484,11.47269570406205,59.25925925925926,67.35714285714286,92.52796326741702,96672.35,623410,51946.4,5772.0,10.799483600576277
2023-12-22,2752.0,2972.0,2743.0,2814.0,556139,80508,2717.2,2692.0,2655.0,2662.25,24.818352291920746,7.404138937146137,17.41421335477461,74.80916030534351,79.0,154.96676742093342,121578.55,1179549,53407.4,21289.0,35.94961076681471
2023-12-25,2801.0,2851.0,2768.0,2836.0,228672,76982,2750.0,2710.5,2667.65,2658.35,34.35644663072162,12.794600475861234,21.561846154860387,85.17520215633424,81.28571428571429,110.06716801500217,129002.05,1408221,54610.4,-3526.0,-4.379688975008699
2023-12-26,2837.0,2893.0,2808.0,2817.0,227969,72188,2780.6,2724.2,2678.85,2656.2166666666667,39.922116592679686,18.220103699224925,21.70201289345476,80.26666666666667,84.0,104.64424572653965,137509.65,1180252,55816.15,-4794.0,-6.227429788781791
2023-12-27,2820.0,2842.0,2783.0,2794.0,111657,67775,2801.0,2737.6,2685.7,2654.4166666666665,41.99297349629114,22.97467765863817,19.01829583765297,80.91397849462365,82.92857142857143,73.4604204564053,135774.45,1068595,56828.25,-4413.0,-6.113204410705375
2023-12-28,2794.0,2850.0,2766.0,2838.0,149604,69254,2819.8,2754.4,2693.45,2653.5833333333335,46.64685883677021,27.709113894264583,18.937744942505624,78.99408284023669,75.07142857142857,71.68373556783695,139374.1,1218199,57739.6,1479.0,2.1822205828107677
2023-12-29,2838.0,2871.0,2816.0,2823.0,125951,61324,2821.6,2769.4,2700.9,2653.9666666666667,48.56489596863548,31.880270309138766,16.684625659496717,75.0,72.92857142857143,73.05288721986446,141889.6,1092248,58447.25,-7930.0,-11.450602131284837
2024-01-02,2826.0,2906.0,2820.0,2853.0,125811,71016,2825.0,2787.5,2712.6,2655.2,51.90734789851649,35.88568582701431,16.021662071502178,75.07246376811594,73.57142857142857,75.44941008034243,143981.9,1218059,59611.6,9692.0,15.80457895766747
2024-01-03,2825.0,2876.0,2786.0,2811.0,152586,69672,2823.8,2802.2,2724.4,2656.7166666666667,50.584113964394874,38.82537145449043,11.758742509904444,70.57220708446866,76.07142857142857,52.02487055764395,147976.5,1065473,60770.85,-1344.0,-1.8925312605610034
2024-01-04,2815.0,2840.0,2682.0,2736.0,207491,63051,2812.2,2806.6,2731.7,2657.25,42.988029099035884,39.657902983399524,3.330126115636361,57.638888888888886,84.0,10.309147617141559,155570.95,857982,61587.9,-6621.0,-9.50310024112987
2024-01-05,2740.0,2752.0,2694.0,2745.0,101866,60125,2793.6,2806.7,2740.75,2657.1833333333334,37.26473720624381,39.17926982796838,-1.9145326217245753,58.21917808219179,85.57142857142857,-7.949204975429905,154374.3,959848,62024.0,-2926.0,-4.640687697260947
2024-01-08,2752.0,2774.0,2680.0,2692.0,123797,59763,2767.4,2794.5,2743.25,2657.35,28.12808700868618,36.96903326411194,-8.840946255425763,52.04081632653062,90.0,-20.46224409465969,147570.3,836051,62172.1,-362.0,-0.6020790020790034
2024-01-09,2688.0,2716.0,2629.0,2699.0,111507,58214,2736.6,2780.8,2745.65,2658.0333333333333,21.20759939511572,33.816746490312696,-12.609147095196974,53.57873210633947,92.28571428571429,-45.814595724280885,146560.4,947558,62268.2,-1549.0,-2.5919046901929255
2024-01-10,2710.0,2718.0,2662.0,2669.0,98224,57714,2708.2,2766.0,2745.1,2659.7,13.150720502488184,29.683541292747798,-16.532820790259613,47.65784114052953,92.64285714285714,-45.28759659887743,144160.65,849334,62272.5,-500.0,-0.8588999209812043
2024-01-11,2661.0,2702.0,2638.0,2685.0,80818,58155,2698.0,2755.1,2746.35,2661.383333333333,7.964838515358679,25.339800737269975,-17.374962221911296,43.51648351648351,92.0,-51.753241043210245,143689.05,930152,62499.15,441.0,0.7641126936271947
2024-01-12,2689.0,2733.0,2673.0,2709.0,76302,58216,2690.8,2742.2,2748.3,2664.4166666666665,5.725588086521384,21.416958207120256,-15.691370120598872,37.1638141809291,79.92857142857143,-32.5131907691063,142484.3,1006454,62574.75,61.0,0.10489209870174765
2024-01-15,2716.0,2726.0,2688.0,2706.0,63939,59181,2693.6,2730.5,2749.95,2667.3,3.6666244959901633,17.866891464894238,-14.200266968904074,33.33333333333333,76.71428571428571,-33.00717284351685,141843.55,942515,62887.75,965.0,1.6576198983097479
2024-01-16,2702.0,2741.0,2702.0,2732.0,62017,58514,2700.2,2718.4,2752.95,2670.4166666666665,4.08576556328353,15.110666284572098,-11.024900721288567,39.29471032745592,73.42857142857143,-22.789470924669015,142058.9,1004532,63243.4,-667.0,-1.1270509116101501
2024-01-17,2754.0,2755.0,2720.0,2728.0,60943,55650,2712.0,2710.1,2756.15,2672.8333333333335,4.048502689358884,12.898233565529456,-8.849730876170572,41.269841269841265,71.71428571428571,-18.596614831406175,141098.55,943589,63498.4,-2864.0,-4.894555149195067
2024-01-18,2724.0,2790.0,2714.0,2782.0,83936,58292,2731.4,2714.7,2760.65,2676.5833333333335,8.280863654923905,11.974759583408346,-3.693895928484441,42.78350515463917,71.14285714285714,0.053623017303667656,141958.35,1027525,63740.65,2642.0,4.7475292003593905
2024-01-19,2781.0,2803.0,2762.0,2769.0,65335,55946,2743.4,2717.1,2761.9,2680.2,10.46541012475518,11.672889691677714,-1.207479566922533,43.00518134715026,70.14285714285714,10.79260345752722,140728.2,962190,63577.0,-2346.0,-4.024565978178829
2024-01-22,2760.0,2858.0,2760.0,2820.0,109573,53710,2766.2,2729.9,2762.2,2684.35,16.12606151707587,12.563524056757345,3.5625374603185236,45.94594594594595,71.0,41.31929834134063,118399.9,1071763,62237.1,-2236.0,-3.9967111142887757
2024-01-23,2820.0,2829.0,2782.0,2795.0,54255,51169,2778.8,2739.5,2760.15,2687.7,18.382970026534167,13.72741325071271,4.6555567758214575,47.94871794871795,67.92857142857143,33.47429376854049,109679.05,1017508,60946.45,-2541.0,-4.730962576801345
2024-01-24,2790.0,2816.0,2765.0,2787.0,69559,52085,2790.6,2751.3,2758.65,2690.4666666666667,19.30353401512366,14.8426374035949,4.46089661152876,57.89473684210526,60.285714285714285,25.94274741895498,101758.55,947949,59941.3,916.0,1.7901463776896165
2024-01-25,2787.0,2806.0,2771.0,2780.0,50467,51192,2790.2,2760.8,2757.95,2693.9,19.24638575529889,15.723387073935697,3.522998681363191,55.451713395638635,58.642857142857146,23.920737047591906,98699.05,897482,59112.15,-893.0,-1.7145051358356533
2024-01-26,2781.0,2781.0,2716.0,2722.0,66203,49294,2780.8,2762.1,2752.15,2696.2833333333333,14.355498819478726,15.449809423044304,-1.094310603565578,54.601226993865026,56.57142857142857,-14.027890429287218,94529.0,831279,58114.15,-1898.0,-3.707610564150654
2024-01-29,2715.0,2748.0,2707.0,2722.0,41677,47757,2761.2,2763.7,2747.1,2697.983333333333,10.360011917403426,14.431849921916129,-4.071838004512703,53.605015673981185,53.285714285714285,-23.15790644686232,90315.3,831279,57435.8,-1537.0,-3.118026534669538
2024-01-30,2722.0,2736.0,2690.0,2697.0,45015,49117,2741.6,2760.2,2739.3,2698.2,5.11727987825725,12.568935913184353,-7.451656034927103,54.45859872611465,52.57142857142857,-38.02246141674629,86275.5,786264,56340.85,1360.0,2.8477500680528456
2024-01-31,2697.0,2718.0,2682.0,2714.0,43149,47127,2727.0,2758.8,2734.45,2699.4,2.307535062649549,10.516655743077393,-8.209120680427844,54.60317460317461,50.57142857142857,-37.87825590151078,80803.65,829413,55213.6,-1990.0,-4.0515503797056045
2024-02-01,2715.0,2728.0,2665.0,2670.0,42789,48011,2705.0,2747.6,2731.15,2699.483333333333,-3.430100163967836,7.7273045616683484,-11.157404725636184,44.17910447761194,50.785714285714285,-53.120646578871735,72568.55,786624,54461.6,884.0,1.8757824601608464
2024-02-02,2670.0,2688.0,2655.0,2685.0,36003,46199,2697.6,2739.2,2728.15,2700.383333333333,-6.689727761300219,4.843898097074636,-11.533625858374855,46.97406340057637,50.42857142857143,-61.03162657903176,69275.4,822627,53765.3,-1812.0,-3.7741350940409535
2024-02-05,2685.0,2712.0,2668.0,2698.0,28278,44877,2692.8,2727.0,2728.45,2700.65,-8.130293796119076,2.2490597184358934,-10.37935351455497,44.91017964071856,50.785714285714285,-40.23277767121679,64499.45,850905,53021.0,-1322.0,-2.8615337994328915
2024-02-06,2698.0,2708.0,2662.0,2699.0,26584,44133,2693.2,2717.4,2728.45,2701.8,-9.086517398372507,-0.018055704925786786,-9.06846169344672,45.61933534743203,51.57142857142857,-44.47187368472315,60253.3,877489,52316.95,-744.0,-1.6578648305368038
2024-02-07,2702.0,2709.0,2630.0,2652.0,42216,43455,2680.8,2703.9,2727.6,2701.4666666666667,-13.481433127791206,-2.710731189498871,-10.770701938292335,29.938271604938265,51.785714285714285,-70.69781548267902,57452.9,835273,51604.0,-678.0,-1.5362653796478831
2024-02-08,2652.0,2675.0,2613.0,2615.0,34285,42833,2669.8,2687.4,2724.1,2700.633333333333,-19.722675558215542,-6.113120063242206,-13.609555494973335,27.873563218390814,53.285714285714285,-93.87144973408112,55126.25,800988,50837.9,-622.0,-1.4313657806926727
2024-02-19,2625.0,2682.0,2623.0,2659.0,30854,43796,2664.6,2681.1,2721.6,2700.3333333333335,-20.87780651586263,-9.06605735376629,-11.81174916209634,26.392961876832857,51.07142857142857,-67.22636683603535,52853.85,831842,50116.9,963.0,2.2482665234748955
2024-02-20,2674.0,2691.0,2651.0,2671.0,39994,46893,2659.2,2676.0,2719.85,2700.0833333333335,-20.58763496967822,-11.370372876948675,-9.217262092729545,31.097560975609753,50.57142857142857,-48.401231135664176,51656.6,871836,49502.5,3097.0,7.071422047675591
2024-02-21,2688.0,2733.0,2675.0,2704.0,82388,46813,2660.2,2676.7,2718.45,2700.5333333333333,-17.493197034978948,-12.594937708554731,-4.898259326424217,38.243626062322946,51.357142857142854,-15.926383532461744,52675.15,954224,48917.45,-80.0,-0.17060115582283597
2024-02-22,2700.0,2719.0,2672.0,2690.0,44921,46252,2667.8,2674.3,2716.55,2701.8333333333335,-15.98623629371923,-13.273197425587632,-2.713038868131598,37.49999999999999,52.214285714285715,-23.70535796095344,51874.05,909303,48447.55,-561.0,-1.198385063977958
2024-02-23,2695.0,2716.0,2690.0,2704.0,31262,45467,2685.6,2677.7,2712.65,2703.7166666666667,-13.506580598501841,-13.319874060170475,-0.1867065383313662,47.15189873417721,49.42857142857143,-11.995447652156123,49240.35,940565,47806.3,-785.0,-1.697223903831191
2024-02-26,2702.0,2703.0,2640.0,2671.0,48930,46212,2688.0,2676.3,2707.75,2704.8333333333335,-14.042387895997763,-13.464376827335933,-0.57801106866183,42.69340974212034,51.07142857142857,-38.590879530023265,48420.1,891635,47319.6,745.0,1.6385510370158674
2024-02-27,2668.0,2681.0,2659.0,2678.0,25175,46569,2689.4,2674.3,2700.65,2705.95,-13.743748167301419,-13.52025109532903,-0.223497071972389,47.129909365558916,49.357142857142854,-34.05720202227061,44200.2,916810,46962.55,357.0,0.7725266164632538
2024-02-28,2681.0,2700.0,2664.0,2675.0,38340,45556,2683.6,2671.9,2694.65,2707.483333333333,-13.59246350046169,-13.534693576355561,-0.05776992410612891,43.84858044164038,49.357142857142854,-22.64779185141598,43404.45,878470,46681.9,-1013.0,-2.1752668083918514
2024-02-29,2675.0,2680.0,2628.0,2669.0,50426,46210,2679.4,2673.6,2688.75,2708.75,-13.79766823726277,-13.587288508537004,-0.2103797287257656,49.82078853046595,48.57142857142857,-47.741583147018204,42447.8,828044,46388.15,654.0,1.4355957502853567
2024-03-01,2670.0,2683.0,2652.0,2664.0,34743,45404,2671.4,2678.5,2682.95,2708.866666666667,-14.200063193591632,-13.70984344554793,-0.4902197480437014,46.09665427509294,48.42857142857143,-36.85250138395352,41661.6,793301,46098.75,-806.0,-1.744211209694868
2024-03-04,2666.0,2712.0,2658.0,2695.0,49243,44282,2676.2,2682.1,2681.6,2709.0666666666666,-11.88057134235487,-13.34398902490932,1.46341768255445,49.4773519163763,49.142857142857146,13.945609620752906,40813.6,842544,45848.15,-1122.0,-2.4711479164831296
2024-03-05,2701.0,2744.0,2690.0,2706.0,56709,43166,2681.8,2685.6,2680.8,2709.6,-9.050421643039954,-12.485275548535446,3.4348539054954923,51.17845117845118,49.714285714285715,77.28863978355014,41565.2,899253,45618.6,-1116.0,-2.5202113725667274
2024-03-06,2709.0,2715.0,2647.0,2709.0,50637,41681,2688.6,2686.1,2681.4,2711.1,-6.490612942516236,-11.286343027331604,4.795730084815368,61.26482213438735,48.92857142857143,24.192729780733583,41846.3,949890,45246.8,-1485.0,-3.4402075707732904
2024-03-07,2711.0,2748.0,2706.0,2720.0,47634,40543,2698.8,2689.1,2681.7,2713.516666666667,-3.533604838772135,-9.73579538961971,6.202190550847575,73.12775330396477,47.5,100.21554306242653,42070.55,997524,44917.6,-1138.0,-2.7302607902881415
2024-03-08,2728.0,2745.0,2716.0,2741.0,36086,41202,2714.2,2692.8,2685.25,2716.0333333333333,0.49862207827800376,-7.6889118960401674,8.187533974318171,70.09803921568627,44.785714285714285,102.39508797201464,41735.4,1033610,44577.15,659.0,1.625434723626773
2024-03-11,2746.0,2752.0,2672.0,2680.0,48004,39726,2711.2,2693.7,2685.0,2717.9666666666667,-1.2140049477175126,-6.393930506375637,5.179925558658124,51.77865612648221,47.642857142857146,32.43393708702968,42335.45,985606,44253.5,-1476.0,-3.582350371341192
2024-03-12,2687.0,2707.0,2680.0,2690.0,25157,39626,2708.0,2694.9,2684.6,2718.766666666667,-1.744251136771254,-5.46399463245476,3.719743495683506,46.95652173913044,45.142857142857146,14.150364257571919,42179.4,1010763,43990.95,-100.0,-0.2517243115340073
2024-03-13,2692.0,2698.0,2643.0,2655.0,35955,42102,2697.2,2692.9,2682.4,2718.8333333333335,-4.931831471365513,-5.357562000236911,0.42573052887139795,43.027888446215144,45.714285714285715,-37.76609366291998,42647.95,974808,43889.4,2476.0,6.248422752738092
2024-03-14,2653.0,2676.0,2647.0,2660.0,29646,40696,2685.2,2692.0,2682.8,2718.5,-6.974159864892499,-5.680881573168028,-1.2932782917244712,40.90909090909091,45.92857142857143,-45.962966478597316,42019.45,1004454,43751.45,-1406.0,-3.339508811932923
2024-03-15,2669.0,2685.0,2657.0,2676.0,23935,40132,2672.2,2693.2,2685.85,2718.766666666667,-7.218443821474921,-5.988394022829407,-1.2300497986455134,51.11111111111111,43.357142857142854,-29.680132511660773,41501.95,1028389,43616.4,-564.0,-1.3858855907214473
2024-03-18,2672.0,2717.0,2636.0,2705.0,46223,37345,2677.2,2694.2,2688.15,2719.35,-5.01418260430728,-5.7935517391249824,0.7793691348177028,55.465587044534416,47.57142857142857,-3.5881563575459237,42270.4,1074612,43293.85,-2787.0,-6.944582876507521
2024-03-19,2710.0,2730.0,2702.0,2723.0,32836,35702,2683.8,2695.9,2690.75,2720.1833333333334,-1.7941582022035618,-4.993673031740698,3.1995148295371365,59.16030534351145,47.0,65.17354284811694,41912.5,1107448,42734.3,-1643.0,-4.399518007765435
2024-03-20,2723.0,2730.0,2660.0,2668.0,32162,36190,2686.4,2691.8,2688.95,2720.116666666667,-3.6383652011004415,-4.722611465612648,1.0842462645122062,49.839228295819936,48.285714285714285,-6.911185523958848,39401.2,1075286,42203.15,488.0,1.366870203349957
2024-03-21,2666.0,2703.0,2652.0,2698.0,36863,35286,2694.0,2689.6,2689.35,2720.6833333333334,-2.6486314799954016,-4.307815468489198,1.6591839884937967,55.0595238095238,49.714285714285715,-9.693659540430849,38998.3,1112149,41654.85,-904.0,-2.497927604310579
2024-03-22,2698.0,2716.0,2660.0,2668.0,38089,36317,2692.4,2682.3,2687.55,2720.2833333333333,-4.236177636053071,-4.2934879020019725,0.05731026594890132,45.970149253731336,49.857142857142854,-14.25197639861474,39339.65,1074060,41197.35,1031.0,2.9218386895652593
2024-03-25,2678.0,2688.0,2564.0,2570.0,74235,43739,2665.4,2671.3,2682.5,2717.383333333333,-13.249369893522271,-6.084664300306033,-7.1647055932162385,33.88625592417061,54.857142857142854,-138.65712410719095,40604.9,999825,41073.7,7422.0,20.436710080678466
2024-03-26,2570.0,2597.0,2542.0,2556.0,50111,44954,2632.0,2657.9,2676.4,2713.0833333333335,-21.27680690557372,-9.12309282135957,-12.153714084214151,32.3325635103926,53.92857142857143,-147.99081614586817,41851.7,949714,40992.95,1215.0,2.777841285809002
2024-03-27,2558.0,2585.0,2545.0,2555.0,36387,43776,2609.4,2647.9,2670.4,2708.4,-27.403410753698154,-12.779156407827287,-14.624254345870867,30.496453900709213,53.785714285714285,-119.5658587484641,41754.05,913327,40903.95,-1178.0,-2.6204564666103103
2024-03-28,2553.0,2568.0,2473.0,2495.0,80009,46949,2568.8,2631.4,2661.7,2703.0333333333333,-36.677491708739126,-17.558823468009656,-19.11866824072947,23.376623376623385,58.5,-130.5301440376652,43233.2,833318,40940.9,3173.0,7.248263888888884
2024-03-29,2497.0,2504.0,2420.0,2429.0,78383,53631,2521.0,2606.7,2649.95,2696.95,-48.7904897024755,-23.805156714902825,-24.985332987572672,23.12633832976445,58.785714285714285,-134.24733502038612,45415.2,754935,41352.25,6682.0,14.232465015229302
2024-04-01,2420.0,2477.0,2389.0,2475.0,93686,46046,2502.0,2583.7,2638.95,2690.9,-54.0551976496763,-29.85516490185752,-24.20003274781878,28.62823061630219,63.142857142857146,-110.6578088331527,47637.35,848621,41440.45,-7585.0,-14.142939717700587
2024-04-02,2480.0,2483.0,2433.0,2442.0,48575,47303,2479.2,2555.6,2625.75,2684.55,-60.196433817429806,-35.92341868497198,-24.27301513245783,28.742514970059872,62.785714285714285,-91.87641465786798,47230.65,800046,41647.3,1257.0,2.7298788168353294
2024-04-03,2435.0,2476.0,2433.0,2449.0,46326,44362,2458.0,2533.7,2612.75,2677.8166666666666,-63.76353983128274,-41.491442914234135,-22.272096917048607,29.02584493041749,63.785714285714285,-80.24401567033497,47015.1,846372,41781.35,-2941.0,-6.217364649176583
2024-04-08,2406.0,2410.0,2328.0,2385.0,65207,44673,2436.0,2502.4,2596.0,2670.7166666666667,-70.93704408907342,-47.380563149202,-23.556480939871427,23.593466424682404,70.42857142857143,-99.91632841074765,47893.75,781165,41987.85,311.0,0.7010504485821301
2024-04-09,2368.0,2388.0,2320.0,2370.0,92048,49710,2424.2,2472.6,2577.45,2664.616666666667,-76.94549279145531,-53.293549077652656,-23.651943713802652,18.808193668528872,69.5,-92.173173386291,50691.85,689117,42413.25,5037.0,11.275266939762263
2024-04-10,2361.0,2455.0,2361.0,2453.0,96990,45207,2419.8,2460.9,2566.1,2659.75,-74.15501251222258,-57.46584176456665,-16.689170747655936,27.57475083056478,74.21428571428571,-59.25779884171976,53141.15,786107,42687.3,-4503.0,-9.05853952926976
2024-04-11,2456.0,2459.0,2382.0,2389.0,66965,44434,2409.2,2444.2,2551.05,2654.7,-76.22908052692992,-61.2184895170393,-15.010591009890618,27.16857610474632,74.71428571428571,-58.25442288510375,55231.55,719142,42927.7,-773.0,-1.7099121817417684
2024-04-12,2389.0,2418.0,2366.0,2394.0,55904,43002,2398.2,2428.1,2538.0,2649.616666666667,-76.58649472048182,-64.29209055772782,-12.294404162754006,24.061433447098977,74.78571428571429,-58.77868225364721,56229.0,775046,42972.7,-1432.0,-3.222757347976779
2024-04-15,2398.0,2453.0,2392.0,2420.0,65569,40344,2405.2,2420.6,2526.0,2645.4666666666667,-73.9196654451107,-66.2176055352044,-7.702059909906296,28.69415807560138,75.14285714285714,-42.68009411488003,58025.15,840615,42955.1,-2658.0,-6.1811078554485865
2024-04-16,2430.0,2433.0,2344.0,2354.0,51694,41289,2402.0,2413.1,2509.9,2639.95,-76.25283720434891,-68.22465186903331,-8.028185335315598,30.363636363636374,72.64285714285714,-54.916473058260515,59413.1,788921,43012.95,945.0,2.342355740630575
2024-04-17,2359.0,2392.0,2354.0,2389.0,37783,37857,2389.2,2404.5,2494.1,2634.616666666667,-74.41981978261992,-69.46368545175064,-4.95613433086929,35.37653239929948,71.42857142857143,-49.589248430877134,58991.1,826704,43038.55,-3432.0,-8.312141248274363
2024-04-18,2400.0,2445.0,2386.0,2422.0,62256,35883,2395.8,2402.5,2479.05,2629.883333333333,-69.50312727519531,-69.47157381643957,-0.031553458755738006,38.971807628524054,72.78571428571429,-29.65023144788251,60462.1,888960,43047.6,-1974.0,-5.214359299469051
2024-04-19,2416.0,2458.0,2388.0,2410.0,52754,32633,2399.0,2398.6,2466.15,2624.516666666667,-65.81622428760966,-68.7405039106736,2.9242796230639385,42.34234234234234,71.0,-25.486998177161656,61491.7,836206,42869.75,-3250.0,-9.0572137223755
2024-04-22,2422.0,2484.0,2421.0,2451.0,46755,26932,2405.2,2405.2,2453.8,2619.9,-58.90692736813253,-66.77378860216538,7.866861234032854,52.075471698113205,70.28571428571429,-3.3651618944679433,61986.3,882961,42452.05,-5701.0,-17.470045659301935
2024-04-23,2458.0,2474.0,2416.0,2433.0,30360,25404,2421.0,2411.5,2442.05,2614.0833333333335,-54.258253971184786,-64.27068167596927,10.012427704784486,45.81673306772909,68.14285714285714,-3.511860523799084,61599.85,852601,41906.4,-1528.0,-5.673548195455225
2024-04-24,2426.0,2444.0,2372.0,2386.0,34241,24874,2420.4,2404.8,2432.85,2607.7,-53.747091008092866,-62.165963542393996,8.41887253430113,44.57364341085271,69.71428571428571,-30.744018827140874,59600.15,818360,40963.15,-530.0,-2.086285624311135
2024-04-25,2378.0,2403.0,2352.0,2376.0,29598,22505,2411.2,2403.5,2423.85,2600.3,-53.5318255411903,-60.43913594215326,6.907310400962956,42.967244701348754,70.28571428571429,-50.0611682064971,58574.5,788762,39840.7,-2369.0,-9.52400096486291
2024-04-26,2383.0,2393.0,2354.0,2358.0,18870,20273,2400.8,2399.9,2414.0,2593.016666666667,-54.189018402834336,-59.18911243428947,5.000094031455134,47.145877378435515,64.42857142857143,-61.88499596550389,57698.65,769892,38665.55,-2232.0,-9.917796045323257
2024-04-29,2362.0,2381.0,2280.0,2295.0,35716,13842,2369.6,2387.4,2404.0,2584.8166666666666,-59.112015449388764,-59.173693037309334,0.06167758792057043,42.80230326295586,66.78571428571429,-116.4834579879892,55484.0,734176,37010.2,-6431.0,-31.721994771370788
2024-04-30,2667.0,2696.0,2643.0,2686.0,41832,23317,2420.2,2420.6,2416.85,2583.25,-31.104540024902235,-53.55986243482792,22.455322409925685,64.05307599517491,88.71428571428571,182.1530588662559,53656.45,776008,35494.5,9475.0,68.4510908828204
2024-05-06,2694.0,2734.0,2675.0,2725.0,27692,23330,2488.0,2454.2,2429.35,2583.3,-5.695782469821097,-43.987046441826564,38.29126397200547,70.8955223880597,87.42857142857143,145.41239054564505,50356.75,803700,34358.7,13.0,0.05575331303340203
2024-05-07,2726.0,2756.0,2720.0,2742.0,40015,24716,2561.2,2486.2,2444.35,2583.633333333333,15.632398320853554,-32.063157489290546,47.6955558101441,71.3235294117647,86.28571428571429,123.99822880367499,49928.75,843715,33229.35,1386.0,5.940848692670375
2024-05-08,2744.0,2818.0,2731.0,2791.0,77042,26179,2647.8,2524.3,2461.45,2585.2,36.073196395360355,-18.435886712360368,54.50908310772073,72.10965435041716,88.14285714285714,113.49485768258462,51464.55,920757,32320.2,1463.0,5.919242595889296
2024-05-09,2791.0,2832.0,2765.0,2802.0,82666,27872,2749.2,2559.4,2482.3,2586.6666666666665,52.55446900193556,-4.237815569501183,56.79228457143674,78.57142857142857,86.57142857142857,100.56009912610928,52337.5,1003423,31480.15,1693.0,6.467015546812327
2024-05-10,2815.0,2815.0,2770.0,2807.0,47879,26791,2773.4,2596.8,2504.15,2588.95,65.26709604125335,9.663166752649724,55.60392928860363,77.71883289124668,87.07142857142857,86.33749370697167,50129.05,1051302,30334.2,-1081.0,-3.87844431687715
2024-05-13,2810.0,2844.0,2782.0,2812.0,87680,28176,2790.8,2639.4,2522.1,2591.0666666666666,74.88220729950808,22.706974862021397,52.175232437486684,76.85950413223141,87.28571428571429,79.45203419971247,49663.55,1138982,29482.65,1385.0,5.169646523086113
2024-05-14,2810.0,2835.0,2772.0,2785.0,48590,27821,2799.4,2680.3,2541.9,2592.516666666667,79.4082094841865,34.047221786454415,45.360987697732085,75.30364372469636,86.78571428571429,67.05672685136139,48744.8,1090392,28652.0,-355.0,-1.2599375354911957
2024-05-15,2784.0,2826.0,2776.0,2804.0,49368,28950,2802.0,2724.9,2562.4,2594.266666666667,83.56495524729053,43.95076847862164,39.61418676866889,74.54798331015299,85.07142857142857,61.298228159458816,48418.0,1139760,27949.4,1129.0,4.058085618777185
2024-05-16,2800.0,2817.0,2779.0,2810.0,44210,28346,2803.6,2776.4,2581.9,2596.9,86.34799018707554,52.43021282031242,33.91777736676312,76.66195190947667,83.64285714285714,55.28590674033112,47350.05,1183970,27349.5,-604.0,-2.086355785837646
2024-05-17,2815.0,2855.0,2806.0,2829.0,57080,28945,2808.0,2790.7,2605.65,2600.4666666666667,89.06007750243862,59.756185756737665,29.303891745700952,82.62150220913108,82.0,56.334466605316145,47619.35,1241050,26732.3,599.0,2.113172934452834
2024-05-20,2833.0,2880.0,2820.0,2869.0,49233,29440,2819.4,2805.1,2629.65,2603.9666666666667,93.36088576943303,66.47712575927675,26.88376001015628,84.76727785613541,82.64285714285714,56.96683767725385,48191.85,1290283,26311.45,495.0,1.7101399205389445
2024-05-21,2860.0,2978.0,2852.0,2884.0,118517,32400,2839.2,2819.3,2652.75,2607.516666666667,96.86310437440716,72.55432148230284,24.30878289210432,87.25212464589235,88.85714285714286,62.231375253973056,51004.9,1408800,26137.3,2960.0,10.054347826086962
2024-05-22,2881.0,2914.0,2853.0,2875.0,70434,33723,2853.4,2827.7,2676.0,2610.366666666667,97.78520608059034,77.60049840196034,20.184707678630005,94.47852760736197,86.0,51.02397112945931,51888.9,1338366,26191.8,1323.0,4.083333333333328
2024-05-23,2875.0,2875.0,2803.0,2820.0,58667,31002,2855.4,2829.5,2694.45,2612.5333333333333,93.0058247269667,80.68156366696161,12.324261060005085,71.20253164556962,62.5,34.99998953856564,52484.5,1279699,26395.3,-2721.0,-8.068677163953385
2024-05-24,2830.0,2860.0,2805.0,2842.0,49568,30609,2858.0,2833.0,2714.9,2614.8333333333335,89.95638549290834,82.53652803215095,7.419857460757385,69.56521739130434,62.214285714285715,31.91306985038781,53444.9,1329267,26655.55,-393.0,-1.2676601509580054
2024-05-27,2842.0,2853.0,2809.0,2817.0,38553,31367,2847.6,2833.5,2736.45,2617.266666666667,84.54777771131967,82.93877796798469,1.6089997433349765,62.214983713355046,62.785714285714285,25.67006066639101,53660.5,1290714,26980.2,758.0,2.4763958312914447
2024-05-28,2820.0,2846.0,2790.0,2801.0,51429,32084,2831.0,2835.1,2757.7,2619.3166666666666,78.07040377746762,81.96510312988127,-3.894699352413653,51.824817518248175,60.57142857142857,17.543823243986953,54752.05,1239285,27459.15,717.0,2.2858418082698284
2024-05-29,2807.0,2813.0,2739.0,2772.0,65013,34156,2810.4,2831.9,2778.4,2620.9333333333334,69.79245663524716,79.53057383095445,-9.73811719570729,44.86301369863014,61.07142857142857,-1.9762606970218328,57059.2,1174272,28153.3,2072.0,6.458047624984409
2024-05-30,2800.0,2816.0,2756.0,2792.0,74537,33077,2804.8,2830.1,2803.25,2622.983333333333,64.10697147669543,76.44585336010265,-12.338881883407211,47.557003257328994,62.142857142857146,-14.094017297111225,59000.25,1248809,29115.05,-1079.0,-3.159035015809819
2024-05-31,2793.0,2865.0,2781.0,2851.0,161772,36544,2806.6,2832.3,2811.5,2626.1,63.62852046670014,73.88238678142216,-10.253866314722018,55.4016620498615,63.714285714285715,24.650650154832977,64997.25,1410581,29776.4,3467.0,10.48160353115457
2024-06-03,2865.0,2865.0,2767.0,2779.0,119841,32439,2799.0,2823.3,2814.2,2627.5,56.784964598849456,70.46290234490762,-13.677937746058163,49.26108374384236,66.21428571428571,-15.8077095110402,69604.7,1290740,30231.85,-4105.0,-11.233034150612964
2024-06-04,2782.0,2794.0,2747.0,2788.0,63761,31221,2796.4,2813.7,2816.5,2628.866666666667,51.49403091778322,66.66912805948274,-15.175097141699524,47.97979797979798,66.0,-60.416896131293846,70792.0,1354501,30557.1,-1218.0,-3.754739665217799
2024-06-05,2785.0,2785.0,2753.0,2767.0,52320,32389,2795.4,2802.9,2815.3,2629.8333333333335,45.08667226831176,62.35263690124855,-17.265964632936793,44.76885644768857,65.78571428571429,-69.79065553686306,69555.9,1302181,30867.6,1168.0,3.741071714551114
2024-06-06,2767.0,2784.0,2700.0,2722.0,91666,36531,2781.4,2793.1,2811.3,2629.866666666667,35.96311010968566,57.07473154293598,-21.11162143325032,37.75743707093822,68.28571428571429,-100.1553182883197,70005.9,1210515,31300.55,4142.0,12.788292321467164
2024-06-07,2722.0,2764.0,2709.0,2713.0,66503,35027,2753.8,2780.2,2806.6,2629.4,27.68723536877087,51.19723230810296,-23.50999693933209,30.78817733990148,67.92857142857143,-93.98323342660304,70937.1,1144012,31712.35,-1504.0,-4.11705127152282
2024-06-11,2719.0,2760.0,2699.0,2759.0,51551,34311,2749.8,2774.4,2803.95,2630.7166666666667,24.557279541914795,45.869241754865335,-21.31196221295054,35.69794050343249,63.285714285714285,-72.74691656706985,69130.65,1195563,32019.1,-716.0,-2.0441373797356333
2024-06-12,2771.0,2776.0,2725.0,2738.0,55123,33986,2739.8,2768.1,2801.6,2631.516666666667,20.149966235495413,40.725386650991354,-20.57542041549594,34.74387527839643,62.57142857142857,-59.90912957378554,69457.3,1140440,32327.35,-325.0,-0.9472180933228436
2024-06-13,2748.0,2762.0,2717.0,2756.0,56881,35062,2737.6,2766.5,2799.2,2633.2,17.903211180773724,36.16095155694783,-18.257740376174105,42.23300970873787,60.642857142857146,-56.24780544197258,69832.95,1197321,32632.95,1076.0,3.166009533337255
2024-06-14,2759.0,2777.0,2723.0,2738.0,64417,34570,2740.8,2761.1,2795.6,2634.5,14.503010369458934,31.82936331945005,-17.326352949991115,37.254901960784316,60.57142857142857,-50.899845943228534,70843.3,1132904,32944.15,-492.0,-1.4032285665392719
2024-06-17,2739.0,2750.0,2707.0,2742.0,58575,35181,2746.6,2750.2,2791.25,2635.6,11.992847222480577,27.862060100056155,-15.869212877575578,40.310077519379846,60.5,-57.29370492670796,70918.05,1191479,33255.95,611.0,1.7674284061324874
2024-06-18,2742.0,2745.0,2689.0,2705.0,67176,37628,2735.8,2742.8,2783.05,2635.6,6.937957609064597,23.677239601857845,-16.73928199279325,38.23529411764706,60.5,-68.55642127244694,71815.2,1124303,33665.35,2447.0,6.955458912481172
2024-06-19,2702.0,2714.0,2676.0,2686.0,48171,39039,2725.4,2732.6,2773.15,2634.983333333333,1.382839449162475,19.21835957131877,-17.835520122156296,39.19597989949749,57.92857142857143,-84.31108644053455,68297.9,1076132,33997.3,1411.0,3.749867120229622
2024-06-20,2691.0,2723.0,2672.0,2720.0,53572,38648,2718.2,2727.9,2765.4,2635.85,-0.2729692453381176,15.320093807987394,-15.593063053325512,41.2621359223301,57.285714285714285,-68.1508534351493,67454.8,1129704,34243.55,-391.0,-1.0015625400240813
2024-06-21,2720.0,2741.0,2709.0,2722.0,44249,36928,2715.0,2727.9,2760.5,2636.25,-1.407600339372948,11.974554978515327,-13.382155317888275,31.83098591549296,53.57142857142857,-42.9177984450666,66733.9,1173953,34539.85,-1720.0,-4.4504243427861745
2024-06-24,2728.0,2741.0,2702.0,2706.0,48994,38501,2707.8,2727.2,2753.7,2636.883333333333,-3.5568685715725223,8.868270268497758,-12.42513884007028,37.792642140468224,49.357142857142854,-47.78497584176166,66705.2,1124959,34934.45,1573.0,4.259640381282503
2024-06-25,2706.0,2736.0,2683.0,2733.0,63976,40200,2713.4,2724.6,2749.5,2639.6,-3.0463879150729554,6.485338631783616,-9.531726546856572,41.32492113564669,49.785714285714285,-42.82265492322977,67976.35,1188935,35376.1,1699.0,4.412872392924849
2024-06-26,2740.0,2756.0,2712.0,2750.0,46139,40696,2726.2,2725.8,2746.95,2642.8333333333335,-1.2555966552508835,4.937151574376717,-6.1927482296276,47.284345047923324,50.42857142857143,-9.798402111534399,67711.85,1235074,35806.7,496.0,1.2338308457711333
2024-06-27,2747.0,2765.0,2732.0,2734.0,48062,40231,2729.0,2723.6,2745.05,2645.8166666666666,-1.1145995524811951,3.7268013490051346,-4.841400901486329,52.11267605633803,46.785714285714285,-1.4295165296426773,66864.3,1187012,36110.45,-465.0,-1.142618439158638
2024-06-28,2734.0,2744.0,2696.0,2711.0,65254,44095,2726.8,2720.9,2741.0,2649.4166666666665,-2.826187582476905,2.416203562708727,-5.242391145185632,49.664429530201346,46.285714285714285,-36.151693461103264,66400.15,1121758,36661.35,3864.0,9.60453381720563
2024-07-01,2708.0,2719.0,2652.0,2661.0,100594,56016,2717.8,2712.8,2731.5,2653.2833333333333,-8.123572077972312,0.30824843457251916,-8.431820512544832,33.7748344370861,46.714285714285715,-97.58863978063495,63341.25,1021164,37634.95,11921.0,27.034811203084242
2024-07-02,2666.0,2693.0,2665.0,2692.0,55603,53489,2709.6,2711.5,2727.15,2656.9,-9.70843375304139,-1.6950880029502629,-8.013345750091128,42.628205128205124,45.357142857142854,-85.82750082685997,60129.35,1076767,38687.45,-2527.0,-4.511211082547839
2024-07-03,2696.0,2697.0,2664.0,2683.0,57116,56619,2696.2,2711.2,2721.9,2660.9166666666665,-11.557445791878763,-3.6675595607359632,-7.8898862311428,37.95379537953795,44.5,-82.94639535204898,59797.1,1019651,39957.35,3130.0,5.85167043691226
2024-07-04,2686.0,2744.0,2684.0,2736.0,101767,49225,2696.6,2712.8,2720.35,2665.7,-8.646472935789461,-4.663342235746663,-3.983130700042798,49.70414201183432,45.0,2.453795578958497,62269.45,1121418,40799.15,-7394.0,-13.059220403044913
2024-07-05,2739.0,2748.0,2714.0,2725.0,84153,46523,2699.4,2713.1,2720.5,2671.366666666667,-7.1447537700701105,-5.159624542611353,-1.9851292274587573,47.53623188405797,44.357142857142854,20.42694320777549,61893.8,1037265,41298.75,-2702.0,-5.489080751650588
2024-07-08,2724.0,2731.0,2629.0,2637.0,108150,52486,2694.6,2706.2,2716.7,2675.8166666666666,-12.906714494705284,-6.709042533030139,-6.197671961675145,41.41414141414141,47.642857142857146,-101.41113621671404,63976.15,929115,42171.7,5963.0,12.817316166197369
2024-07-09,2633.0,2651.0,2594.0,2610.0,91662,55603,2678.2,2693.9,2709.25,2678.4333333333334,-19.42783227617474,-9.25280048165906,-10.17503179451568,40.59405940594059,49.0,-140.59691084880888,65981.7,837453,43236.3,3117.0,5.938726517547543
2024-07-10,2615.0,2615.0,2552.0,2574.0,84507,56050,2656.4,2676.3,2701.05,2681.516666666667,-27.18736521292476,-12.839713427912201,-14.347651785012559,32.01970443349754,49.857142857142854,-142.50450416235338,67450.9,752946,44339.5,447.0,0.8039134579069573
2024-07-11,2580.0,2612.0,2564.0,2605.0,58663,52220,2630.2,2663.4,2693.5,2685.0333333333333,-30.484009363222867,-16.368572614974337,-14.11543674824853,36.55172413793104,51.0,-105.45486691836648,67540.0,811609,45197.4,-3830.0,-6.833184656556646
2024-07-12,2613.0,2613.0,2586.0,2601.0,47706,51779,2605.4,2652.4,2686.65,2688.05,-33.038542422706996,-19.70256657652087,-13.335975846186127,37.5886524822695,50.142857142857146,-86.16060877982264,66704.45,763903,46057.85,-441.0,-0.8445040214477229
2024-07-15,2590.0,2594.0,2558.0,2563.0,71533,52831,2590.6,2642.6,2677.7,2691.5333333333333,-37.694788638283626,-23.301010988873422,-14.393777649410204,30.414746543778804,49.42857142857143,-96.65326583002279,67352.35,692370,46940.35,1052.0,2.0317116977925487
2024-07-16,2558.0,2579.0,2530.0,2572.0,85292,53313,2583.0,2630.6,2671.05,2694.5833333333335,-40.19532583124828,-26.679873957348395,-13.515451873899888,29.107981220657265,49.785714285714285,-91.20408142337638,68258.15,777662,47724.6,482.0,0.9123431318733388
2024-07-17,2566.0,2585.0,2553.0,2558.0,55622,52765,2579.8,2618.1,2664.65,2696.85,-42.81317889318598,-29.90653494451591,-12.906643948670066,29.245283018867923,49.714285714285715,-76.64672016494204,68630.7,722040,48410.9,-548.0,-1.027891883780696
2024-07-18,2560.0,2567.0,2540.0,2564.0,47998,53365,2571.6,2600.9,2656.85,2699.4166666666665,-43.8976714187138,-32.70476223935549,-11.19290917935831,31.941031941031937,48.214285714285715,-73.34823417356253,68352.0,770038,49146.75,600.0,1.1371174073723012
2024-07-19,2553.0,2561.0,2534.0,2534.0,45710,58392,2558.2,2581.8,2647.45,2700.8,-46.64024907924113,-35.49185960733262,-11.148389471908509,33.591731266149864,45.57142857142857,-74.0149937106349,68425.05,724328,50219.95,5027.0,9.420031856085442
2024-07-22,2500.0,2505.0,2413.0,2421.0,157479,69328,2529.8,2560.2,2633.2,2700.6,-57.27172446479153,-39.84783257882441,-17.423891885967123,21.108742004264386,51.92857142857143,-114.17644099521604,73849.3,566849,51761.3,10936.0,18.728592957939448
2024-07-23,2410.0,2424.0,2358.0,2359.0,120090,73821,2487.2,2535.1,2614.5,2700.15,-69.89442769318794,-45.85715160169711,-24.037276091490824,18.965517241379317,54.285714285714285,-121.36457498189259,76655.0,446759,53442.35,4493.0,6.480786983614117
2024-07-24,2372.0,2410.0,2368.0,2401.0,90156,65154,2455.8,2517.8,2597.05,2700.5666666666666,-75.63706494970165,-51.813134271298026,-23.823930678403627,17.221135029354215,53.57142857142857,-98.26146245892642,78855.85,536915,54665.25,-8667.0,-11.740561628804812
2024-07-25,2405.0,2418.0,2370.0,2412.0,105163,60726,2425.4,2498.5,2580.95,2701.4666666666667,-78.39682844184563,-57.12987310540755,-21.26695533643808,19.373776908023487,54.57142857142857,-84.06891632668184,81710.9,642078,55690.0,-4428.0,-6.796205912146602
2024-07-26,2412.0,2447.0,2385.0,2386.0,145115,64094,2395.8,2477.0,2564.7,2702.983333333333,-81.73969922980041,-62.05183833028612,-19.68786089951429,22.048997772828514,51.714285714285715,-72.76662861908625,85703.95,496963,56689.95,3368.0,5.546224022659163
2024-07-29,2383.0,2415.0,2371.0,2391.0,121226,61832,2389.8,2459.8,2551.2,2698.0666666666666,-83.02839059666212,-66.24714878356133,-16.78124181310079,24.355971896955495,50.785714285714285,-70.28678411273418,86735.55,618189,56980.75,-2262.0,-3.5291914999843965
2024-07-30,2400.0,2400.0,2335.0,2380.0,156715,60804,2394.0,2440.6,2535.6,2692.3166666666666,-83.96934946703277,-69.79158892025562,-14.17776054677715,25.870646766169145,50.92857142857143,-70.83879297113748,91791.15,461474,57346.5,-1028.0,-1.662569543278558
2024-07-31,2385.0,2443.0,2364.0,2439.0,140434,54999,2401.6,2428.7,2523.4,2687.266666666667,-79.04309958522072,-71.64189105324864,-7.401208531972074,30.69767441860465,53.142857142857146,-47.47591920312002,95957.05,601908,57265.5,-5805.0,-9.547069271758435
2024-08-01,2451.0,2466.0,2414.0,2431.0,135458,53288,2405.4,2415.4,2508.15,2681.266666666667,-74.92090267399772,-72.29769337739846,-2.6232092965992564,30.414746543778804,54.92857142857143,-34.42406918217792,97641.6,466450,57468.65,-1711.0,-3.110965653920983
2024-08-02,2422.0,2478.0,2422.0,2473.0,129366,48441,2422.8,2409.3,2495.55,2675.7833333333333,-67.48703440823601,-71.33556158356598,3.848527175329963,39.726027397260275,55.857142857142854,-20.99160481333598,99902.25,595816,57564.55,-4847.0,-9.095856478006304
2024-08-05,2460.0,2469.0,2431.0,2447.0,86319,46883,2434.0,2411.9,2486.05,2669.7833333333333,-62.96776970533756,-69.66200320792029,6.694233502582733,36.26373626373627,55.357142857142854,-21.699700008552266,98810.7,509497,57284.4,-1558.0,-3.216283726595237
2024-08-06,2434.0,2491.0,2430.0,2451.0,92534,43920,2448.2,2421.1,2478.1,2663.766666666667,-58.3903655112681,-67.40767566858986,9.01731015732176,37.977528089887635,57.42857142857143,-13.151770133414576,98854.3,602031,56700.25,-2963.0,-6.3199880553718835
2024-08-07,2446.0,2473.0,2432.0,2455.0,86424,42864,2451.4,2426.5,2472.15,2658.266666666667,-53.81957458416218,-64.69005545170432,10.870480867542142,37.69751693002257,58.42857142857143,-12.22901556575201,98950.15,688455,56040.95,-1056.0,-2.4043715846994496
2024-08-08,2462.0,2479.0,2411.0,2414.0,111458,43907,2448.0,2426.7,2462.6,2651.766666666667,-52.8957973668098,-62.33120383472542,9.43540646791562,36.78414096916299,61.142857142857146,-20.366593539976495,101589.9,576997,55625.3,1043.0,2.4332773422919063
2024-08-09,2412.0,2473.0,2384.0,2457.0,157340,39123,2444.8,2433.8,2455.4,2645.883333333333,-48.13903974789446,-59.49277101735923,11.353731269464774,54.6875,58.857142857142854,-13.934144951939592,107071.6,734337,54992.5,-4784.0,-10.8957569408067
2024-08-12,2444.0,2455.0,2374.0,2392.0,125915,40158,2433.8,2433.9,2446.85,2638.6,-49.048827485235506,-57.40398231093449,8.355154825698982,54.263565891472865,60.07142857142857,-33.66739546826324,109790.7,608422,54358.85,1035.0,2.645502645502651
2024-08-13,2395.0,2425.0,2373.0,2400.0,102795,36910,2423.6,2435.9,2438.25,2630.7833333333333,-48.56448651038636,-55.63608315082487,7.071596640438507,49.85835694050992,60.142857142857146,-36.414423823332164,110665.85,711217,53538.7,-3248.0,-8.08805219383435
2024-08-14,2399.0,2423.0,2364.0,2413.0,115975,33381,2415.2,2433.3,2431.0,2622.9333333333334,-46.594538606896094,-53.82777424203911,7.233235635143018,50.14084507042254,60.92857142857143,-33.02622307119122,113683.5,827192,52569.5,-3529.0,-9.561094554321325
2024-08-15,2415.0,2466.0,2404.0,2461.0,112833,31643,2424.6,2436.3,2425.85,2616.0333333333333,-40.6910804077861,-51.20043547518851,10.50935506740241,59.94694960212202,60.92857142857143,22.59930696016186,116925.25,940025,51483.4,-1738.0,-5.206554626883553
2024-08-16,2460.0,2478.0,2438.0,2444.0,70394,25591,2422.0,2433.4,2421.35,2609.766666666667,-36.95827321010438,-48.35200302217169,11.393729812067306,56.81233933161954,60.642857142857146,56.33707754887095,118159.45,869631,49843.35,-6052.0,-19.125873020889294
2024-08-19,2436.0,2536.0,2430.0,2503.0,105088,23006,2444.2,2439.0,2425.45,2604.116666666667,-28.905979557105184,-44.46279832915839,15.556818772053205,64.07322654462243,63.57142857142857,104.41297227788382,115539.9,974719,47527.25,-2585.0,-10.101207455746163
2024-08-20,2513.0,2539.0,2497.0,2521.0,72082,20625,2468.4,2446.0,2433.55,2599.1833333333334,-20.831892170201627,-39.73661709736704,18.90472492716541,60.35353535353536,60.92857142857143,121.48050083802796,113139.5,1046801,44867.45,-2381.0,-10.349474050247764
2024-08-21,2523.0,2535.0,2492.0,2522.0,47642,18588,2490.2,2452.7,2439.6,2594.5333333333333,-14.188867668550756,-34.62706721160378,20.438199543053024,61.69665809768638,60.285714285714285,99.59904153154602,111013.8,1094443,42539.15,-2037.0,-9.876363636363639
2024-08-22,2510.0,2520.0,2411.0,2411.0,82176,18647,2480.2,2452.4,2439.55,2588.516666666667,-17.677223199524633,-31.237098409187954,13.559875209663321,43.23144104803493,64.21428571428571,10.200116573424552,109864.45,1012267,40435.2,59.0,0.31740908112760646
2024-08-23,2416.0,2474.0,2389.0,2390.0,63785,17611,2469.4,2445.7,2439.75,2581.8166666666666,-21.884029120378273,-29.36648455142602,7.482455431047747,43.70860927152317,67.28571428571429,-29.02335081541574,105797.95,948482,38111.05,-1036.0,-5.555853488496809
2024-08-26,2388.0,2478.0,2353.0,2470.0,106653,14731,2462.8,2453.5,2443.7,2575.4666666666667,-18.548802658136992,-27.202948172768217,8.654145514631225,51.79584120982986,71.85714285714286,-11.382156200787295,105069.3,1055135,35756.0,-2880.0,-16.353415478962006
2024-08-27,2476.0,2507.0,2440.0,2503.0,43871,10323,2459.2,2463.8,2449.85,2570.866666666667,-13.091872493610026,-24.38073303693658,11.288860543326553,54.30107526881721,73.71428571428571,52.582819400554264,99427.1,1099006,33231.95,-4408.0,-29.923291018939647
2024-08-28,2503.0,2526.0,2485.0,2490.0,27638,5636,2452.8,2471.5,2452.4,2565.9,-9.704341766489506,-21.445454782847165,11.741113016357659,57.16981132075472,71.78571428571429,69.22526646094678,93787.3,1071368,30763.8,-4687.0,-45.40346798411314
2024-08-29,2520.0,2563.0,2515.0,2552.0,72039,34531,2481.0,2480.6,2458.45,2562.3166666666666,-1.9938337407797917,-17.55513057443369,15.561296833653898,58.65209471766849,70.64285714285714,106.88915673831988,90616.35,1143407,29825.95,28895.0,512.6863023420866
2024-08-30,2552.0,2559.0,2526.0,2543.0,56766,34504,2511.6,2490.5,2461.95,2559.3333333333335,3.3519356097422133,-13.37371733759851,16.725652947340723,65.31440162271807,67.07142857142857,91.05861624217128,86986.35,1086641,29129.1,-27.0,-0.07819061133473859
2024-09-02,2547.0,2547.0,2486.0,2491.0,59145,35191,2515.8,2489.3,2464.15,2555.633333333333,3.3538695953675415,-10.028199951005302,13.382069546372843,58.472998137802605,67.71428571428571,47.736409730458924,85627.65,1027496,28544.5,687.0,1.9910734987247825
2024-09-03,2495.0,2519.0,2466.0,2507.0,78413,35931,2516.6,2487.9,2466.95,2551.4333333333334,4.59351736649478,-7.103856487505286,11.697373854000066,58.7037037037037,67.28571428571429,33.46727550719789,84921.6,1105909,28145.05,740.0,2.1028103776533857
2024-09-04,2502.0,2513.0,2451.0,2465.0,87807,35333,2511.6,2482.2,2467.45,2546.883333333333,2.16197624852839,-5.250689940298551,7.412666188826941,50.37453183520599,67.28571428571429,9.514387201874062,84990.75,1018102,27768.5,-598.0,-1.664301021402137
2024-09-05,2470.0,2535.0,2470.0,2524.0,124581,38007,2506.0,2493.5,2472.95,2543.016666666667,4.93883746666279,-3.2127844589062837,8.151621925569074,56.944444444444436,69.42857142857143,41.35048765180591,85646.9,1142683,27473.5,2674.0,7.567995924489845
2024-09-06,2528.0,2598.0,2513.0,2583.0,162959,50076,2514.0,2512.8,2479.25,2540.4333333333334,11.764710643643411,-0.2172854383963445,11.981996082039757,56.944444444444436,67.92857142857143,86.85211827540641,85927.85,1305642,28021.15,12069.0,31.75467677006867
2024-09-09,2579.0,2583.0,2471.0,2502.0,150882,42832,2516.2,2516.0,2484.75,2536.4333333333334,10.517007740780628,1.92957319743905,8.587434543341578,48.5133020344288,72.92857142857143,36.92977594645011,87176.2,1154760,28154.85,-7244.0,-14.466011662273349
2024-09-10,2498.0,2509.0,2440.0,2447.0,100260,43018,2504.2,2510.4,2487.1,2532.133333333333,5.0321464038852355,2.5500878387282873,2.4820585651569482,44.58874458874459,74.78571428571429,-24.055228721655155,87049.45,1054500,28460.25,186.0,0.43425476279417285
2024-09-11,2444.0,2495.0,2424.0,2487.0,117415,40680,2508.6,2510.1,2490.8,2528.8166666666666,3.868427163823526,2.813755703747335,1.0546714600761908,56.10932475884244,71.92857142857143,-27.037688195556303,87121.45,1171915,28825.2,-2338.0,-5.434934213585008
2024-09-12,2485.0,2493.0,2415.0,2463.0,124083,40346,2496.4,2501.2,2490.9,2524.5333333333333,0.9980667658969651,2.4506179161772614,-1.4525511502802964,55.84,71.42857142857143,-43.50007721154546,87683.95,1047832,29260.35,-334.0,-0.8210422812192752
2024-09-13,2459.0,2459.0,2419.0,2423.0,117903,41092,2464.4,2489.2,2489.85,2519.55,-4.453048266847873,1.0698846795722345,-5.522932946420108,45.98290598290598,65.64285714285714,-70.18781939437808,90059.4,929929,30035.4,746.0,1.8490060972587097
2024-09-18,2417.0,2420.0,2292.0,2306.0,135466,52877,2425.2,2470.7,2480.0,2512.883333333333,-18.006451232481595,-2.7453825028385315,-15.261068729643064,35.276532137518686,70.21428571428571,-136.91162497350913,91578.3,794463,31528.95,11785.0,28.679548330575287
2024-09-19,2310.0,2359.0,2300.0,2338.0,102809,48082,2403.4,2453.8,2470.85,2506.3,-25.867305963591207,-7.369767194989067,-18.49753876860214,38.95348837209302,71.5,-114.8834682979768,93114.65,897272,32901.8,-4795.0,-9.068214913856687
2024-09-20,2338.0,2345.0,2265.0,2286.0,168170,54247,2363.2,2435.9,2459.05,2498.5666666666666,-35.87945931743934,-13.071705619479122,-22.80775369796022,30.3834808259587,72.0,-114.20070200624146,99141.05,729102,34684.75,6165.0,12.821846013061023
2024-09-23,2283.0,2298.0,2251.0,2284.0,101781,53286,2327.4,2411.9,2452.7,2491.0666666666666,-43.47440044290488,-19.152244584164276,-24.322155858740604,30.700447093889707,73.0,-106.50824256470958,100121.3,627321,36416.7,-961.0,-1.771526536029644
2024-09-24,2295.0,2345.0,2275.0,2342.0,115260,45646,2311.2,2387.8,2450.3,2484.9166666666665,-44.30263750196855,-24.18232316772513,-20.120314334243417,38.99556868537666,73.64285714285714,-73.15090744621764,102695.05,742581,37818.45,-7640.0,-14.337724730698497
2024-09-25,2344.0,2410.0,2317.0,2351.0,162774,41761,2320.2,2372.7,2444.35,2479.75,-43.728719100928174,-28.09160235436574,-15.637116746562434,38.35820895522388,76.5,-47.6996500650312,105501.1,905355,39169.95,-3885.0,-8.511151031853837
2024-09-26,2344.0,2383.0,2344.0,2380.0,86594,39155,2328.6,2366.0,2438.2,2474.55,-40.467344637423594,-30.56675081097731,-9.900593826446283,43.53120243531202,74.85714285714286,-38.66358941832509,107637.25,991949,40611.55,-2606.0,-6.24027202413735
2024-09-27,2407.0,2478.0,2378.0,2467.0,125666,33989,2364.8,2364.0,2437.05,2470.95,-30.510799463596868,-30.555560541501226,0.044761077904357904,45.83941605839416,77.0,2.698592607885918,112538.65,1117615,42029.2,-5166.0,-13.193717277486916
2024-09-30,2487.0,2566.0,2468.0,2533.0,103900,31690,2414.6,2371.0,2436.1,2467.5666666666666,-17.097428749475057,-27.863934183095992,10.766505433620935,46.38728323699422,78.0,49.361311215973224,114131.7,1221515,41887.15,-2299.0,-6.763953043631766
2024-10-08,2578.0,2578.0,2482.0,2495.0,100149,34206,2445.2,2378.2,2433.7,2463.733333333333,-9.424874158644798,-24.176122178205755,14.751248019560958,49.46070878274268,76.85714285714286,48.55700606852938,116300.85,1121366,41872.25,2516.0,7.939413064058054
2024-10-09,2505.0,2530.0,2445.0,2494.0,103904,38120,2473.8,2397.0,2433.85,2461.35,-3.3859795457879045,-20.01809365172219,16.632114105934285,53.949579831932766,78.0,32.873741570515804,118538.8,1017462,42018.7,3914.0,11.442436999356831
2024-10-10,2500.0,2568.0,2478.0,2522.0,170272,44620,2502.2,2415.4,2434.6,2459.883333333333,3.6175530374566733,-15.290964313886416,18.90851735134309,53.00171526586621,79.35714285714286,50.58913517192131,123131.75,1187734,42453.15,6500.0,17.05141657922351
2024-10-11,2535.0,2619.0,2535.0,2595.0,179175,47812,2527.8,2446.3,2441.1,2460.233333333333,14.886787362933774,-9.255413978522379,24.14220134145615,60.443037974683534,80.71428571428571,76.97726495176384,127700.15,1366909,43077.1,3192.0,7.153742716270739
2024-10-14,2612.0,2685.0,2600.0,2645.0,175505,51496,2550.2,2482.4,2447.15,2460.9,27.534913545425297,-1.8973484737328432,29.43226201915814,67.28971962616822,84.0,95.8973033240598,130246.35,1542414,43751.55,3684.0,7.705178616246977
2024-10-15,2633.0,2647.0,2540.0,2558.0,178062,49230,2562.8,2504.0,2445.9,2460.1833333333334,30.190454987030535,4.520212218419832,25.670242768610702,70.58823529411765,82.28571428571429,64.78448384642498,131001.5,1364352,43709.25,-2266.0,-4.4003417741183775
2024-10-16,2585.0,2631.0,2571.0,2625.0,154537,53029,2589.0,2531.4,2452.05,2461.2166666666667,37.27168597419086,11.070506969574037,26.201179004616822,72.17928902627511,83.28571428571429,72.21390452942809,131184.25,1518889,44219.1,3799.0,7.716839325614466
2024-10-17,2675.0,2705.0,2623.0,2653.0,322812,66774,2615.2,2558.7,2462.35,2462.5666666666666,44.628528645337155,17.782111304726662,26.846417340610493,79.45425361155698,83.42857142857143,83.90867744184263,142311.85,1841701,45406.9,13745.0,25.9197797431594
2024-10-18,2675.0,2803.0,2656.0,2780.0,708050,86486,2652.2,2590.0,2477.0,2466.266666666667,60.014903631045854,26.228669769990503,33.78623386105535,83.15508021390374,90.78571428571429,100.67919841069424,171843.6,2549751,47697.2,19712.0,29.520472040015576
2024-10-21,2800.0,2865.0,2685.0,2728.0,531604,79742,2668.8,2609.5,2490.25,2469.0,67.23767715396843,34.43047124678609,32.80720590718234,76.01078167115904,98.64285714285714,90.43472121681458,192219.65,2018147,49667.0,-6744.0,-7.797793862590474
2024-10-22,2728.0,2749.0,2641.0,2712.0,385217,78522,2699.6,2631.2,2504.7,2471.9666666666667,70.85395068726712,41.71516713488229,29.138783552384822,74.09879839786382,99.71428571428571,63.45213970388625,205585.35,1632930,51538.5,-1220.0,-1.5299340372701975
2024-10-23,2715.0,2715.0,2596.0,2617.0,332332,80676,2698.0,2643.5,2520.25,2475.233333333333,65.30141341919898,46.43241639174563,18.868997027453347,64.5398773006135,105.42857142857143,40.42596970757061,215428.65,1300598,52928.45,2154.0,2.743180255215094
2024-10-24,2618.0,2648.0,2581.0,2637.0,294169,74428,2694.8,2655.0,2535.2,2479.866666666667,61.80240087676111,49.50641328874873,12.29598758801238,61.36363636363636,103.07142857142857,29.913752141223608,224996.65,1594767,54245.75,-6248.0,-7.744558480836927
2024-10-25,2635.0,2664.0,2582.0,2600.0,278262,74852,2658.8,2655.5,2550.9,2483.1833333333334,55.40514146742362,50.686158924483706,4.718982542939912,54.65924895688456,101.85714285714286,23.901646230094613,230501.25,1316505,55276.0,424.0,0.5696780781426325
2024-10-28,2596.0,2650.0,2557.0,2647.0,247720,71997,2642.6,2655.7,2569.05,2487.1,53.510933765322534,51.251113892651475,2.259819872671059,60.43956043956044,101.64285714285714,20.999132076723285,237798.2,1564225,56211.55,-2855.0,-3.8141933415272833
2024-10-29,2641.0,2668.0,2601.0,2643.0,244547,70926,2628.8,2664.2,2584.1,2491.383333333333,51.09796837176418,51.22048478847402,-0.1225164167098356,60.191518467852255,100.35714285714286,25.20348704967043,244262.55,1319678,57475.55,-1071.0,-1.4875619817492414
2024-10-30,2652.0,2699.0,2627.0,2669.0,286166,74381,2639.2,2668.6,2600.0,2496.016666666667,50.69922946374254,51.11623372352773,-0.4170042597851875,60.08230452674897,99.07142857142857,34.655975212178745,250432.15,1605844,59106.55,3455.0,4.871274285875415
2024-10-31,2683.0,2728.0,2661.0,2727.0,185201,85686,2657.2,2676.0,2617.35,2501.8,54.43583881542054,51.780154741906294,2.6556840735142444,59.2436974789916,96.92857142857143,54.10582041782011,255362.5,1791045,61433.1,11305.0,15.198773880426453
2024-11-01,2731.0,2742.0,2687.0,2701.0,155332,80517,2677.4,2668.1,2629.05,2506.1666666666665,54.66895624120389,52.35791504176582,2.3110411994380655,54.05797101449275,94.42857142857143,54.02908989972178,256845.8,1635713,63759.5,-5169.0,-6.0324907219382435
2024-11-04,2671.0,2687.0,2572.0,2594.0,202211,73918,2666.8,2654.7,2632.1,2508.883333333333,45.692977515065195,51.02492753642569,-5.331950021360498,52.535211267605625,96.0,-10.193982610059166,261761.35,1433502,65870.9,-6599.0,-8.195784741110568
2024-11-05,2599.0,2616.0,2550.0,2603.0,145858,70129,2658.8,2643.8,2637.5,2511.05,38.8577465756116,48.59149134426288,-9.733744768651277,48.31288343558282,95.5,-34.089238820621794,264046.8,1579360,67667.05,-3789.0,-5.125950377445276
2024-11-06,2605.0,2623.0,2565.0,2585.0,101228,67681,2642.0,2640.6,2642.05,2513.35,31.623787901388823,45.197950655688075,-13.574162754299252,44.70404984423676,93.78571428571429,-41.905150185718625,263913.0,1478132,69145.1,-2448.0,-3.4907099773274997
2024-11-07,2592.0,2704.0,2591.0,2698.0,158265,71642,2636.2,2646.7,2650.85,2517.4666666666667,34.61001642840665,43.08036381023179,-8.470347381825135,43.47133757961783,91.57142857142857,15.33873463825818,263312.65,1636397,70496.2,3961.0,5.852454898716042
2024-11-08,2698.0,2725.0,2661.0,2683.0,155032,70364,2632.6,2655.0,2655.25,2521.266666666667,35.35865682503436,41.5360224131923,-6.17736558815794,46.192893401015226,83.28571428571429,35.27247936996167,262105.5,1481365,71623.8,-1278.0,-1.7838697970464223
2024-11-11,2655.0,2689.0,2578.0,2601.0,131132,66355,2634.0,2650.4,2653.05,2524.383333333333,29.000940248887673,39.02900598033138,-10.028065731443704,41.55251141552512,83.5,-28.710043026592054,259886.85,1350233,72366.75,-4009.0,-5.697515775112272
2024-11-12,2616.0,2660.0,2594.0,2648.0,107788,62074,2643.0,2650.9,2657.55,2527.5666666666666,27.43861597699015,36.71092797966313,-9.272312002672983,52.545155993431855,79.71428571428571,-21.323053065164633,256373.15,1458021,73008.95,-4281.0,-6.451661517594753
2024-11-13,2635.0,2646.0,2601.0,2615.0,91033,60870,2649.0,2645.5,2657.05,2531.2833333333333,23.26940333117909,34.02262304996633,-10.753219718787236,48.231511254019296,78.28571428571429,-35.81095535867115,253197.95,1366988,73401.0,-1204.0,-1.9396204530076955
2024-11-14,2611.0,2632.0,2586.0,2587.0,92499,59803,2626.8,2631.5,2653.75,2534.4,17.50412956786613,30.71892435354629,-13.214794785680159,48.939641109298535,75.71428571428571,-50.77883646397866,241682.3,1274489,73052.45,-1067.0,-1.75291605059964
2024-11-15,2610.0,2648.0,2578.0,2622.0,139785,56579,2614.6,2623.6,2645.85,2537.883333333333,15.579722721192411,27.69108402707551,-12.1113613058831,47.920133111480865,74.07142857142857,-33.005583554091444,213269.05,1414274,71557.1,-3224.0,-5.3910338946206675
2024-11-18,2615.0,2631.0,2586.0,2590.0,89669,57595,2612.4,2623.2,2638.95,2540.0333333333333,11.341743308884816,24.421215883437373,-13.079472574552558,45.78696343402226,72.5,-47.2580247327359,191172.3,1324605,70449.75,1016.0,1.795719259796047
2024-11-19,2574.0,2585.0,2530.0,2571.0,128639,58521,2597.0,2620.0,2631.9,2542.15,6.376468916804697,20.81226649011084,-14.435797573306143,42.12218649517685,71.64285714285714,-89.57716452392319,178343.4,1195966,69449.7,926.0,1.6077784529907158
2024-11-20,2596.0,2632.0,2581.0,2625.0,118379,62293,2599.0,2624.0,2632.3,2544.1833333333334,6.721322667547156,17.994077725598103,-11.272755058050947,41.74757281553398,71.21428571428571,-22.14265790976556,167645.75,1314345,68530.55,3772.0,6.445549460877298
2024-11-21,2638.0,2688.0,2630.0,2652.0,153279,61982,2612.0,2619.4,2633.05,2546.366666666667,9.068757114225264,16.209013603323534,-7.14025648909827,46.04200323101777,71.78571428571429,31.939394642378055,160601.25,1467624,67908.25,-311.0,-0.49925352768368514
2024-11-22,2659.0,2685.0,2641.0,2666.0,88283,63365,2620.8,2617.7,2636.35,2548.766666666667,11.92137661388233,15.351486205435293,-3.430109591552963,56.844106463878326,65.71428571428571,37.75509610095789,151102.3,1555907,67333.9,1383.0,2.2312929560194927
2024-11-25,2639.0,2649.0,2603.0,2623.0,115051,55480,2627.4,2619.9,2635.15,2552.3,10.590279337387074,14.39924483182565,-3.808965494438576,51.78571428571429,65.5,-11.85739305612956,144468.85,1440856,66508.05,-7885.0,-12.443778110944525
2024-11-26,2609.0,2652.0,2608.0,2641.0,66879,59575,2641.4,2619.2,2635.05,2556.483333333333,10.862607347684389,13.691917334997399,-2.8293099873130103,55.0,64.5,-0.6740552503913267,135585.45,1507735,65940.5,4095.0,7.381038211968272
2024-11-27,2640.0,2669.0,2635.0,2653.0,71862,65083,2647.0,2623.0,2634.25,2559.5333333333333,11.90944430905438,13.335422729808794,-1.425978420754415,45.09803921568628,58.42857142857143,23.97273858319242,124870.25,1579597,65475.6,5508.0,9.24548887956358
2024-11-28,2645.0,2649.0,2613.0,2616.0,66359,57633,2639.8,2625.9,2628.7,2561.4166666666665,9.64232860290258,12.596803904427553,-2.9544753015249725,43.03534303534303,56.714285714285715,-5.096378734852795,118928.15,1513238,64072.95,-7450.0,-11.446921623158124
2024-11-29,2623.0,2642.0,2608.0,2609.0,52769,56805,2628.4,2624.6,2624.1,2563.4,7.197809703747225,11.517005064291489,-4.3191953605442635,50.985221674876854,51.214285714285715,-9.073533490585485,113800.0,1460469,62887.35,-828.0,-1.4366769038571703
2024-12-02,2596.0,2605.0,2570.0,2591.0,83986,54640,2622.0,2624.7,2623.95,2564.05,3.7646645867025654,9.966536968773704,-6.201872382071139,42.44031830238727,49.285714285714285,-56.55590137211998,107888.75,1376483,61923.45,-2165.0,-3.8112842179385598
2024-12-03,2590.0,2593.0,2565.0,2584.0,43363,53395,2610.6,2626.0,2623.0,2564.733333333333,0.47357180740300464,8.067943936499566,-7.594372129096561,45.58404558404558,47.92857142857143,-67.4998620054064,102764.0,1333120,61086.75,-1245.0,-2.278550512445099
2024-12-04,2584.0,2598.0,2528.0,2560.0,66604,52699,2592.0,2619.5,2621.75,2565.883333333333,-4.0248464305941525,5.6493858630808225,-9.674232293674976,46.10951008645533,49.642857142857146,-88.76321642735414,101032.8,1266516,60337.65,-696.0,-1.3034928364079046
2024-12-05,2552.0,2556.0,2506.0,2523.0,58608,50987,2573.4,2606.6,2613.0,2566.15,-10.454947939786962,2.4285191025072654,-12.883467042294228,35.816618911174785,48.5,-113.82500008811657,96049.95,1207908,59304.9,-1712.0,-3.2486384940890733
2024-12-06,2520.0,2547.0,2518.0,2536.0,35087,50101,2558.8,2593.6,2605.65,2567.3333333333335,-14.336595014627164,-0.9245037209196205,-13.412091293707544,41.81818181818182,47.357142857142854,-96.91172448666362,90052.7,1242995,58291.75,-886.0,-1.7376978445486135
2024-12-09,2531.0,2539.0,2473.0,2514.0,64134,49200,2543.4,2582.7,2601.3,2567.1666666666665,-18.969377252582944,-4.533478427252286,-14.435898825330659,41.44144144144145,47.785714285714285,-106.40768426984022,86702.8,1178861,57434.0,-901.0,-1.7983672980579235
2024-12-10,2526.0,2551.0,2515.0,2529.0,52513,44567,2532.4,2571.5,2595.35,2566.266666666667,-21.186293510211726,-7.864041443844174,-13.322252066367552,33.673469387755105,46.07142857142857,-70.99842498914957,83939.05,1231374,56558.65,-4633.0,-9.416666666666663
2024-12-11,2532.0,2534.0,2506.0,2528.0,34447,42937,2526.0,2559.0,2591.0,2566.7,-22.761526549547398,-10.84353846498482,-11.917988084562579,26.86567164179104,43.57142857142857,-71.64698313924103,81109.75,1196927,55662.0,-1630.0,-3.657414679022597
2024-12-12,2505.0,2526.0,2497.0,2507.0,39380,40583,2522.8,2548.1,2587.0,2567.7,-25.411506548462967,-13.75713208168045,-11.654374466782517,21.090909090909093,42.642857142857146,-75.00806242273983,78453.8,1157547,54701.0,-2354.0,-5.482451032908675
2024-12-13,2495.0,2498.0,2433.0,2435.0,57075,37145,2502.6,2530.7,2577.65,2566.8333333333335,-32.941701629681575,-17.594045991280673,-15.347655638400902,19.078947368421055,43.42857142857143,-105.55303740859905,74318.3,1100472,53729.3,-3438.0,-8.471527486878738
2024-12-16,2437.0,2443.0,2351.0,2379.0,56750,31815,2475.6,2509.5,2567.1,2565.4333333333334,-42.93325958072546,-22.66188870916963,-20.27137087155583,11.695906432748544,46.857142857142854,-123.72308402461547,72672.35,1043722,52440.3,-5330.0,-14.34917216314443
2024-12-17,2388.0,2407.0,2376.0,2397.0,30112,25549,2449.2,2490.8,2558.4,2565.0,-48.83623792321623,-27.89675855197895,-20.93947937123728,13.21839080459769,46.642857142857146,-101.96586219303674,67746.0,1073834,50791.7,-6266.0,-19.695112368379696
2024-12-18,2643.0,2648.0,2580.0,2585.0,73935,51666,2460.6,2493.3,2556.4,2569.65,-37.90738918387751,-29.898884678358666,-8.008504505518847,46.893787575150306,61.714285714285715,27.622301312762776,65523.8,1147769,50260.35,26117.0,102.22317898939295
2024-12-19,2599.0,2715.0,2587.0,2691.0,177191,64237,2497.4,2510.1,2558.35,2575.5333333333333,-20.457067360363,-28.01052121475953,7.553453854396533,56.8561872909699,68.57142857142857,63.86577974068537,66719.4,1324960,50373.1,12571.0,24.33128169395735
2024-12-20,2695.0,2732.0,2682.0,2716.0,149473,71442,2553.6,2528.1,2560.85,2582.7,-4.5577318307109635,-23.31996333794982,18.762231507238855,60.3305785123967,69.35714285714286,86.49866641219472,69778.9,1474433,50776.95,7205.0,11.21627722340708
2024-12-23,2717.0,2764.0,2705.0,2737.0,159732,83889,2625.2,2550.4,2566.55,2590.25,9.626166169224689,-16.730737436514918,26.356903605739607,62.35864297253635,71.57142857142857,90.17321279279189,72012.95,1634165,52197.4,12447.0,17.422524565381714
2024-12-24,2730.0,2782.0,2726.0,2772.0,157429,103524,2700.2,2574.7,2573.1,2597.4166666666665,23.421229660122663,-8.700344017187403,32.12157367731007,66.82539682539682,70.57142857142857,91.55756246986881,76540.45,1791594,54394.85,19635.0,23.405929263669844
2024-12-25,2780.0,2790.0,2750.0,2761.0,145000,101254,2735.4,2598.0,2578.5,2604.25,33.08492635914399,-0.3432899419211237,33.42821630106511,69.7019867549669,69.57142857142857,85.76128122025841,80197.35,1646594,56203.4,-2270.0,-2.192728256249754
2024-12-26,2764.0,2783.0,2758.0,2778.0,116250,107835,2752.8,2625.1,2586.6,2610.883333333333,41.63528785998233,8.052425618459568,33.58286224152276,69.90131578947368,69.28571428571429,79.37347737222568,82691.9,1762844,58713.5,6581.0,6.499496316194908
2024-12-27,2783.0,2787.0,2754.0,2761.0,108905,100129,2761.8,2657.7,2594.2,2615.7833333333333,46.503687464798986,15.74267798772745,30.761009477071536,70.48092868988391,66.92857142857143,69.85145259819214,85498.7,1653939,60879.7,-7706.0,-7.1461028423053685
2024-12-30,2760.0,2812.0,2742.0,2796.0,183819,108836,2773.6,2699.4,2604.45,2620.1666666666665,52.58002689917339,23.11014777001664,29.46987912915675,71.42857142857143,69.28571428571429,68.51763484485582,90490.35,1837758,63589.5,8707.0,8.695782440651566
2024-12-31,2799.0,2908.0,2794.0,2907.0,355408,146611,2800.6,2750.4,2620.6,2627.0333333333333,65.59618996713925,31.607356209441164,33.98883375769809,75.85266030013642,75.42857142857143,87.54409970004134,106092.6,2193166,68250.3,37775.0,34.708184791796825
2025-01-02,2908.0,2954.0,2875.0,2917.0,412232,152896,2831.8,2783.6,2638.45,2634.0833333333335,75.8442243939835,40.45472984634963,35.389494547633866,78.39335180055402,78.85714285714286,88.7824831557728,123374.0,2605398,73260.15,6285.0,4.28685432880207
2025-01-03,2903.0,2947.0,2880.0,2920.0,436933,161448,2860.2,2806.5,2658.3,2640.7166666666667,83.24830578944284,49.01344503496827,34.23486075447457,87.13629402756509,78.35714285714286,77.97719616351336,142290.25,3042331,78783.2,8552.0,5.593344495604846
2025-01-06,2929.0,3066.0,2914.0,3041.0,919117,195532,2916.2,2839.0,2683.55,2648.15,97.75294727261553,58.761345482497724,38.991601790117805,96.10027855153203,82.64285714285714,90.29285476055509,186491.75,3961448,86054.75,34084.0,21.111441454833745
2025-01-07,3050.0,3068.0,2988.0,3059.0,875760,224961,2968.8,2871.2,2710.8,2655.05,109.43888635746453,68.89685365749109,40.54203269997343,96.10027855153203,86.14285714285714,85.92715355301907,227073.05,4837208,94842.8,29429.0,15.050733383793947
2025-01-08,3035.0,3055.0,2999.0,3012.0,821768,212429,2989.8,2895.2,2734.95,2662.616666666667,113.59808209223229,77.83709934443934,35.76098274779295,87.00173310225303,72.5,72.49191151497311,265535.8,4015440,103235.9,-12532.0,-5.570743373295817
2025-01-09,3000.0,3035.0,2930.0,3026.0,1095801,232063,3011.6,2921.7,2759.85,2669.3,116.67895530787973,85.60547053712742,31.073484770752316,84.5360824742268,70.71428571428571,59.73787310657364,318603.5,5111241,112692.2,19634.0,9.24261753338762
2025-01-10,3033.0,3144.0,3019.0,3122.0,1263344,284954,3052.0,2956.1,2790.6,2677.116666666667,125.42118981805515,93.56861439331297,31.852575424742184,86.51079136690647,76.07142857142857,74.77330646991302,379801.7,6374585,124910.75,52891.0,22.79165571418107
2025-01-13,3140.0,3169.0,3106.0,3152.0,915960,280109,3074.2,2995.2,2826.45,2683.3166666666666,133.23437993493872,101.50176750163811,31.732612433300602,86.72566371681415,76.35714285714286,77.98819186261234,422745.95,7290545,137058.95,-4845.0,-1.700274430258919
2025-01-14,3139.0,3144.0,3078.0,3091.0,734449,250393,3080.6,3024.7,2862.05,2689.366666666667,132.97138780503246,107.79569156231699,25.175696242715475,76.98815566835871,77.64285714285714,65.47779883727804,456630.9,6556096,147987.85,-29716.0,-10.608727316865929
2025-01-15,3094.0,3204.0,3085.0,3194.0,1056071,304888,3117.0,3053.4,2901.9,2697.4,139.46652060576116,114.12985737100584,25.33666323475532,81.69838945827233,83.28571428571429,79.00060524965158,507928.85,7612167,161954.8,54495.0,21.763787326323026
2025-01-16,3206.0,3299.0,3181.0,3258.0,1578036,303403,3163.4,3087.5,2935.55,2708.0833333333335,148.07135091281907,120.91815607936849,27.153194833450584,82.87671232876713,89.92857142857143,92.65328638928484,583133.9,9190203,174541.65,-1485.0,-0.4870641022277078
2025-01-17,3253.0,3268.0,3173.0,3194.0,1027125,277309,3177.8,3114.9,2960.7,2717.366666666667,148.02019117147893,126.33856309779058,21.681628073688344,77.86357786357786,94.35714285714286,74.87210651100358,625630.6,8163078,185195.25,-26094.0,-8.60044231599556
2025-01-20,3185.0,3233.0,3035.0,3113.0,1460535,257748,3170.0,3122.1,2980.55,2725.9166666666665,139.83173050608184,129.03719657944885,10.794533926632994,69.2588092345079,103.5,46.013026694928634,691183.7,6702543,194510.55,-19561.0,-7.05386410105694
2025-01-21,3122.0,3180.0,3096.0,3116.0,859156,262436,3175.0,3127.8,2999.5,2733.733333333333,132.06206211574408,129.6421696867079,2.419892429036196,64.61538461538461,101.35714285714286,42.79462004611219,726154.9,7561699,203437.9,4688.0,1.818830795971249
2025-01-22,3140.0,3196.0,3112.0,3184.0,724716,294845,3173.0,3145.0,3020.1,2742.75,129.89423574592684,129.69258289855168,0.20165284737515776,67.27037516170763,101.71428571428571,48.41753837994975,754519.25,8286415,213003.95,32409.0,12.3492965904068
2025-01-23,3192.0,3213.0,3135.0,3209.0,712086,299965,3163.2,3163.3,3042.5,2751.75,128.70982208585974,129.4960307360133,-0.7862086501535543,68.17610062893081,102.5,50.78235540549071,782873.55,8998501,222939.5,5120.0,1.7365056215977948
2025-01-24,3220.0,3292.0,3198.0,3252.0,781069,280381,3174.8,3176.3,3066.2,2760.5,129.74528349651018,129.5458812881127,0.1994022083974869,64.71408647140865,98.35714285714286,65.94885791052805,816114.5,9779570,231566.8,-19584.0,-6.528761688863705
2025-01-27,3254.0,3343.0,3227.0,3339.0,496588,275898,3220.0,3195.0,3095.1,2771.133333333333,136.0181346473437,130.84033195995892,5.177802687384769,67.81170483460559,100.92857142857143,79.75907610201062,835498.65,10276158,240355.25,-4483.0,-1.598895788231014
2025-02-05,3250.0,3358.0,3230.0,3346.0,462060,294780,3266.0,3220.5,3122.6,2783.6666666666665,139.94110196326983,132.66048596062112,7.2806160026487134,72.38605898123325,105.78571428571429,79.12350625547332,849410.7,10738218,249652.45,18882.0,6.843833590674819
2025-02-06,3333.0,3347.0,3216.0,3276.0,898249,318135,3284.4,3228.7,3141.05,2794.883333333333,135.83583587787552,133.29555594407202,2.540279933803504,65.5860349127182,107.64285714285714,62.53781177229501,876552.75,9839969,258228.65,23355.0,7.922857724404642
2025-02-07,3258.0,3284.0,3186.0,3227.0,844329,301242,3288.0,3225.6,3156.55,2805.5833333333335,127.16264067276188,132.06897288981,-4.906332217048117,56.953642384105954,105.71428571428571,39.16126786188357,898157.6,8995640,265645.95,-16893.0,-5.310009901456924
2025-02-10,3226.0,3288.0,3215.0,3256.0,707239,315420,3288.8,3231.8,3173.35,2814.883333333333,121.23164567533331,129.90150744691468,-8.669861771581367,56.89655172413793,106.42857142857143,45.866703395125626,911672.9,9702879,273344.55,14178.0,4.706515027784963
2025-02-11,3270.0,3295.0,3038.0,3094.0,1494048,266122,3239.8,3229.9,3176.0,2821.733333333333,102.28022058418219,124.37725007436819,-22.097029490186003,50.17543859649123,119.5,-14.988468721676643,940419.45,8208831,276874.05,-49298.0,-15.629319637308981
2025-02-12,3099.0,3122.0,3010.0,3032.0,921190,256814,3177.0,3221.5,3174.65,2828.9166666666665,81.32078245767661,115.76595655102989,-34.44517409335327,40.04914004914006,119.0,-64.27474209499161,942690.95,7287641,278466.7,-9308.0,-3.4976439377428448
2025-02-13,3030.0,3040.0,2888.0,2897.0,1271655,250251,3101.2,3192.8,3168.9,2833.0666666666666,53.20360691744963,103.25348662431385,-50.04987970686422,29.604519774011294,121.42857142857143,-114.13987024778855,965185.3,6015986,280357.8,-6563.0,-2.5555460372098104
2025-02-14,2901.0,2925.0,2861.0,2892.0,818457,227650,3034.2,3161.1,3162.2,2837.6833333333334,30.169311472343907,88.63665159391986,-58.46734012157596,31.719128329297817,119.21428571428571,-122.06755890791189,951318.1,5197529,280137.15,-22601.0,-9.031332542127702
2025-02-17,2892.0,2932.0,2830.0,2877.0,826025,220955,2958.4,3123.6,3149.95,2842.516666666667,10.58210778774719,73.02574283268534,-62.44363504493815,34.473684210526315,112.35714285714286,-107.30801891381458,929452.15,4371504,276937.2,-6695.0,-2.940918075993848
2025-02-18,2877.0,2922.0,2857.0,2917.0,422293,241574,2923.0,3081.4,3138.2,2847.4333333333334,-1.6937025952015574,58.08185374710796,-59.775556342309514,37.515683814303635,111.0,-86.69577586381014,904768.8,4793797,275010.45,20619.0,9.331764386413521
2025-02-19,2900.0,2931.0,2865.0,2873.0,537826,239330,2891.2,3034.1,3127.3,2852.15,-14.802172808677824,43.5050484359508,-58.30722124462862,29.883570504527825,109.71428571428571,-79.88494694321017,894937.65,4255971,274457.3,-2244.0,-0.928907912275323
2025-02-20,2867.0,2910.0,2828.0,2881.0,663460,252420,2888.0,2994.6,3111.65,2857.3166666666666,-24.265479411160413,29.950942866528557,-54.21642227768897,28.306878306878303,110.0,-75.48747872734805,875307.1,4919431,271833.9,13090.0,5.469435507458331
2025-02-21,2889.0,2912.0,2855.0,2885.0,430725,232625,2886.6,2960.4,3093.0,2861.65,-31.0841329668242,17.74392769985801,-48.828060666682205,24.407252440725244,107.35714285714286,-64.4696476649794,817941.55,5350156,268295.0,-19795.0,-7.842088582521189
2025-02-24,2888.0,2902.0,2848.0,2894.0,383370,233374,2890.0,2924.2,3078.0,2865.6833333333334,-35.35419905212393,7.124302349461622,-42.478501401585554,15.179968701095461,102.92857142857143,-58.72289430370622,785753.8,5733526,266098.25,749.0,0.3219774314884516
2025-02-25,2895.0,2906.0,2846.0,2849.0,309347,225529,2876.4,2899.7,3064.8,2868.733333333333,-41.88653915824625,-2.6778659520799524,-39.208673206166296,13.293943870014758,98.07142857142857,-57.077320645510596,728194.4,5424179,264487.3,-7845.0,-3.3615569857824767
2025-02-26,2836.0,2845.0,2758.0,2761.0,590208,267519,2854.0,2872.6,3047.05,2871.0333333333333,-53.547072983176804,-12.851707358299324,-40.69536562487748,12.949640287769782,95.21428571428571,-70.84824778729696,714747.0,4833971,264741.45,41990.0,18.61844818183027
2025-02-27,2760.0,2819.0,2759.0,2809.0,486570,229842,2839.6,2863.8,3028.3,2873.8333333333335,-58.24353597441086,-21.930073081521634,-36.31346289288923,19.88472622478386,92.5,-61.684933237083484,702839.7,5320541,261491.3,-37677.0,-14.083859464187586
2025-02-28,2818.0,2916.0,2791.0,2912.0,686377,252346,2845.0,2865.8,3013.45,2878.15,-53.04283277980085,-28.152625021177478,-24.89020775862337,27.604166666666657,96.21428571428571,-37.337617083282105,701554.25,6006918,259110.35,22504.0,9.791073868135491
2025-03-03,2900.0,2932.0,2876.0,2922.0,562326,245553,2850.6,2870.3,2996.95,2883.25,-47.566010245222515,-32.035302065986485,-15.53070817923603,36.03896103896104,81.85714285714286,-23.993651912721486,690617.1,6569244,257368.95,-6793.0,-2.6919388458703564
2025-03-04,2917.0,2919.0,2865.0,2902.0,524132,236292,2861.2,2868.8,2975.1,2888.133333333333,-44.32843121961014,-34.49392789671121,-9.834503322898925,38.67595818815332,77.92857142857143,-24.24284964534107,691994.3,6045112,255388.65,-9261.0,-3.7714872145728218
2025-03-05,2890.0,2905.0,2845.0,2885.0,508163,242259,2886.0,2870.0,2952.05,2893.0333333333333,-42.642824504732744,-36.123707218315516,-6.519117286417227,48.68421052631579,71.35714285714286,-25.655471471123207,694299.45,5536949,252762.6,5967.0,2.525265349652117
2025-03-06,2892.0,2894.0,2802.0,2843.0,627297,233058,2892.8,2866.2,2930.4,2897.35,-44.18666169957578,-37.73629811456757,-6.450363585008212,45.030425963488845,73.35714285714286,-33.340097623636765,680751.85,4909652,248508.75,-9201.0,-3.7980013126447276
2025-03-07,2850.0,2859.0,2810.0,2831.0,476962,223993,2876.6,2860.8,2910.6,2901.866666666667,-45.84993401234942,-39.35902529412394,-6.490908718225484,45.30612244897959,69.57142857142857,-35.81928838865133,662383.5,4432690,244646.3,-9065.0,-3.8895897158647164
2025-03-10,2840.0,2885.0,2766.0,2780.0,677465,260277,2848.2,2849.4,2886.8,2906.15,-50.698937288598245,-41.6270076930188,-9.071929595579448,36.32734530938124,73.42857142857143,-49.96235931629289,660894.8,3755225,241889.15,36284.0,16.198720495729766
2025-03-11,2775.0,2806.0,2719.0,2723.0,510897,244606,2812.4,2836.8,2868.25,2909.266666666667,-58.467256809436094,-44.99505751630226,-13.472199293133833,35.40856031128405,74.92857142857143,-97.11776701731739,611737.25,3244328,240813.35,-15671.0,-6.020893125401017
2025-03-12,2729.0,2734.0,2701.0,2715.0,370847,248965,2778.4,2832.2,2852.4,2912.616666666667,-64.52543014559751,-48.901132042161315,-15.624298103436196,33.852140077821005,71.42857142857143,-122.22696934439624,584220.1,2873481,240420.9,4359.0,1.7820495000122616
2025-03-13,2714.0,2732.0,2664.0,2716.0,544903,245093,2753.0,2822.9,2843.35,2915.733333333333,-68.45675762953488,-52.812257159636026,-15.644500469898851,33.46379647749511,72.21428571428571,-111.9359724054347,547882.5,3418384,240163.0,-3872.0,-1.555238688169025
2025-03-14,2720.0,2733.0,2704.0,2720.0,246812,223889,2730.8,2803.7,2834.75,2918.9333333333334,-70.43763520094353,-56.337332767897536,-14.100302433045997,32.80632411067194,70.42857142857143,-86.39472810935972,519300.25,3665196,239974.95,-21204.0,-8.651409872986992
2025-03-17,2713.0,2717.0,2626.0,2646.0,590562,272327,2704.0,2776.1,2823.2,2921.25,-77.0900306178487,-60.48787233788777,-16.602158279960925,31.028037383177576,72.85714285714286,-105.58278548617649,507527.1,3074634,242543.55,48438.0,21.634827972790085
2025-03-18,2640.0,2649.0,2631.0,2633.0,188433,250405,2686.0,2749.2,2809.0,2924.55,-82.46053949869656,-64.88240577004953,-17.578133728647032,36.086956521739125,67.64285714285714,-102.36190436099277,495834.1,2886201,242985.1,-21922.0,-8.049881208987719
2025-03-19,2633.0,2646.0,2578.0,2591.0,418297,271058,2661.2,2719.8,2794.9,2928.0833333333335,-89.0789092543614,-69.72170646691191,-19.357202787449495,25.991189427312776,68.21428571428571,-101.8772107059755,489857.65,2467904,244571.5,20653.0,8.247838501627358
2025-03-20,2585.0,2591.0,2542.0,2557.0,468091,270507,2629.4,2691.2,2778.7,2930.75,-95.96134813125718,-74.96963479978098,-20.991713331476205,3.896103896103895,62.785714285714285,-103.14671633318966,480089.2,1999813,245475.85,-551.0,-0.20327752731887916
2025-03-21,2556.0,2577.0,2522.0,2531.0,390382,277199,2591.6,2661.2,2761.0,2929.85,-102.33406977975119,-80.44252179577502,-21.891547983976167,1.2468827930174484,62.714285714285715,-95.86315308552234,478072.05,1609431,247704.55,6692.0,2.473873134521476
2025-03-24,2531.0,2611.0,2516.0,2576.0,526486,259227,2577.6,2640.8,2745.1,2927.9333333333334,-102.57099905102405,-84.86821724682484,-17.702781804199205,11.737089201877922,65.42857142857143,-75.55455834620695,485227.85,2135917,248997.2,-17972.0,-6.483428872398534
2025-03-25,2578.0,2585.0,2539.0,2552.0,348722,257575,2561.4,2623.7,2730.25,2925.2,-103.50225703790693,-88.59502520504125,-14.907231832865676,11.547344110854496,64.42857142857143,-70.67601030212748,487196.6,1787195,250599.5,-1652.0,-0.6372792957523687
2025-03-26,2548.0,2568.0,2531.0,2549.0,320240,259561,2553.0,2607.1,2719.65,2922.0666666666666,-103.29167845739767,-91.53435585551254,-11.757322601885122,12.690355329949242,60.5,-66.49190350227755,473698.2,1466955,250201.6,1986.0,0.7710375618751764
2025-03-27,2545.0,2574.0,2545.0,2559.0,225228,242078,2553.4,2591.4,2707.15,2918.516666666667,-101.15186129651556,-93.45785694371315,-7.694004352802409,15.306122448979593,59.07142857142857,-56.47761591805114,460631.1,1692183,250813.4,-17483.0,-6.735603576808535
2025-03-28,2562.0,2605.0,2549.0,2596.0,503607,240383,2566.4,2579.0,2691.35,2915.766666666667,-95.37107165426823,-93.84049988582417,-1.5305717684440623,25.661375661375658,54.57142857142857,-42.959221863170285,451492.6,2195790,250215.25,-1695.0,-0.7001875428580884
2025-03-31,2592.0,2599.0,2507.0,2512.0,404349,247513,2553.6,2565.6,2670.85,2911.3333333333335,-96.45596784163263,-94.36359347698587,-2.0923743646467585,23.95061728395062,54.92857142857143,-55.37245101546855,443593.75,1791441,250313.25,7130.0,2.966099932191546
2025-04-01,2510.0,2533.0,2486.0,2515.0,345168,242066,2546.2,2553.8,2651.5,2907.233333333333,-95.96742818396524,-94.68436041838174,-1.2830677655834961,25.000000000000014,55.92857142857143,-62.03566316480226,434645.55,2136609,250601.95,-5447.0,-2.2006924888793744
2025-04-02,2514.0,2566.0,2488.0,2511.0,370414,228765,2538.6,2545.8,2632.8,2902.483333333333,-94.81011160677326,-94.70951065606005,-0.10060095071321484,24.56575682382133,56.642857142857146,-54.00777501633286,427758.1,1766195,249927.25,-13301.0,-5.49478241471334
2025-04-03,2515.0,2535.0,2488.0,2501.0,293173,217301,2527.0,2540.2,2615.7,2895.7166666666667,-93.62064578012087,-94.49173768087222,0.8710919007513525,23.22738386308069,57.92857142857143,-56.632373522906946,411051.9,1473022,249139.4,-11464.0,-5.011256092496663
2025-04-07,2420.0,2502.0,2400.0,2477.0,326967,206427,2503.2,2534.8,2598.0,2888.383333333333,-93.53635607798424,-94.30066136029463,0.7643052823103886,26.46239554317549,58.5,-76.49425948315513,403552.15,1146055,248261.1,-10874.0,-5.0041187109125085
2025-04-08,2471.0,2480.0,2363.0,2372.0,471256,223395,2475.2,2514.4,2577.6,2879.25,-100.78044413382668,-95.59661791500105,-5.183826218825629,21.06430155210643,65.57142857142857,-98.24033774998429,393241.7,674799,246417.0,16968.0,8.219854960833617
2025-04-09,2370.0,2376.0,2267.0,2355.0,472927,189889,2443.2,2494.7,2559.2,2867.8166666666666,-106.6636419652259,-97.81002272504603,-8.853619240179881,22.300469483568065,68.5,-117.0872094641791,391343.2,201872,243681.15,-33506.0,-14.99854517782403
2025-04-10,2343.0,2395.0,2333.0,2355.0,363160,172464,2412.0,2475.3,2541.2,2856.0833333333335,-110.05744491614905,-100.25950716326663,-9.797937752882419,24.234693877551024,69.42857142857143,-91.02116899990318,390958.85,201872,239856.1,-17425.0,-9.176413588991462
2025-04-11,2349.0,2374.0,2335.0,2361.0,213060,151963,2384.0,2455.5,2523.45,2845.233333333333,-110.9835589669733,-102.40431752400798,-8.579241442965326,27.150537634408607,68.28571428571429,-83.72212721522716,374366.7,414932,235199.6,-20501.0,-11.88711847110121
2025-04-14,2362.0,2418.0,2351.0,2401.0,293143,133840,2368.8,2436.0,2507.5,2834.8166666666666,-107.25349380488979,-103.37415278018435,-3.8793410247054396,26.158038147138967,66.28571428571429,-63.14351858282857,376683.25,708075,230697.15,-18123.0,-11.925929338062558
2025-04-15,2400.0,2432.0,2381.0,2425.0,287638,117460,2379.4,2427.3,2496.45,2823.2,-101.19428612741831,-102.93817944963115,1.7438933222128412,32.6975476839237,66.64285714285714,-47.06590279295957,361537.05,995713,222953.8,-16380.0,-12.238493723849375
2025-04-16,2427.0,2428.0,2395.0,2414.0,165744,101464,2391.2,2417.2,2485.5,2810.9,-96.17132528464253,-101.58480861663344,5.4134833319909035,32.0,66.35714285714286,-43.10317099074785,360402.6,829969,215506.75,-15996.0,-13.61825302230547
2025-04-17,2426.0,2498.0,2419.0,2481.0,248956,94800,2416.4,2414.2,2480.0,2800.733333333333,-85.79525823933773,-98.4268985411743,12.631640301836569,40.97222222222222,70.28571428571429,-8.563820389550704,351935.55,1078925,206693.85,-6664.0,-6.567846723961212
2025-04-18,2480.0,2492.0,2449.0,2462.0,183991,80338,2436.6,2410.3,2475.25,2788.5333333333333,-78.20380675667047,-94.38228018427354,16.178473427603066,33.81642512077295,69.35714285714286,-4.773795081773591,337730.55,894934,197185.4,-14462.0,-15.255274261603379
2025-04-21,2463.0,2463.0,2382.0,2430.0,220716,71016,2442.4,2405.6,2470.2,2774.733333333333,-73.91758343826541,-90.28934083507193,16.371757396806515,38.67403314917127,68.57142857142857,-28.135047110804347,329247.25,674218,186876.25,-9322.0,-11.603475316786572
2025-04-22,2427.0,2433.0,2387.0,2390.0,87492,59925,2435.4,2407.4,2460.9,2761.3333333333335,-72.90794883338094,-86.81306243473374,13.905113601352795,34.335839598997495,68.5,-37.74264538086414,307297.55,586726,176911.15,-11091.0,-15.617607299763437
2025-04-23,2455.0,2511.0,2452.0,2496.0,284067,92337,2451.8,2421.5,2458.1,2751.05,-62.830224298689245,-82.01649480752485,19.186270508835605,48.50299401197605,71.57142857142857,19.62202150152938,304064.8,870793,168649.25,32412.0,54.087609511889866
2025-04-24,2495.0,2501.0,2453.0,2472.0,317493,110025,2450.0,2433.2,2454.25,2740.3166666666666,-56.13308713562719,-76.83981327314532,20.70672613751813,47.18446601941748,71.64285714285714,15.288083717814764,303927.45,553300,161172.45,17688.0,19.155917996036266
2025-04-25,2469.0,2487.0,2434.0,2439.0,377380,131515,2445.4,2441.0,2448.25,2727.9,-52.87882768153986,-72.04761615482424,19.16878847328438,46.37404580152672,68.14285714285714,3.6476815858858873,311535.05,175920,155644.3,21490.0,19.5319245625994
2025-04-28,2425.0,2456.0,2425.0,2441.0,242809,121539,2447.6,2445.0,2440.5,2715.1,-49.5670423237043,-67.55150138860026,17.984459064895958,58.19477434679335,62.0,-0.636135675557556,298495.15,418729,149702.1,-9976.0,-7.585446527012129
2025-04-29,2443.0,2447.0,2403.0,2431.0,339470,119022,2455.8,2445.6,2436.45,2701.4166666666665,-47.20519291430355,-63.48223969374092,16.27704677943737,59.17874396135266,57.357142857142854,-8.306511633663993,295251.2,79259,143277.55,-2517.0,-2.0709401920371184
2025-04-30,2435.0,2481.0,2430.0,2479.0,364058,100323,2452.4,2452.1,2434.65,2687.0833333333335,-40.987730352359904,-58.98333782546472,17.99560747310482,63.41991341991342,56.57142857142857,29.779386145116213,296195.7,443317,136190.4,-18699.0,-15.710540908403491
2025-05-06,2490.0,2515.0,2470.0,2498.0,267519,117251,2457.6,2453.8,2434.0,2672.95,-34.13373284254794,-54.013416828881375,19.879683986333433,64.42105263157895,57.0,64.79972929123267,291050.95,710836,130614.7,16928.0,16.87349859952354
2025-05-07,2505.0,2520.0,2482.0,2513.0,399098,133319,2472.4,2458.9,2434.6,2660.233333333333,-27.178222168563934,-48.64637789681789,21.468155728253954,62.44444444444444,54.92857142857143,76.43758785999007,296347.2,1109934,126415.6,16068.0,13.703934294803455
2025-05-08,2507.0,2514.0,2453.0,2463.0,410668,118924,2476.8,2462.2,2433.9,2647.5,-25.407628652837047,-43.99862804802173,18.59099939518468,53.991596638655466,55.642857142857146,45.304671918860464,300532.25,699266,122040.45,-14395.0,-10.797410721652579
2025-05-09,2465.0,2510.0,2451.0,2476.0,378979,116813,2485.8,2470.8,2439.1,2634.5,-22.693828848176054,-39.7376682080526,17.043839359876543,56.48535564853556,57.5,43.36550112418523,295918.4,1078245,116711.35,-2111.0,-1.7750832464431099
2025-05-12,2478.0,2548.0,2437.0,2545.0,587093,136783,2499.0,2475.7,2448.6,2625.35,-14.804739783576679,-34.751082523157415,19.946342739580736,56.666666666666664,59.42857142857143,71.53185302439657,301626.7,1665338,114056.05,19970.0,17.09569996490117
2025-05-13,2565.0,2566.0,2488.0,2500.0,444115,135347,2499.4,2478.5,2455.85,2616.483333333333,-12.044858154234134,-30.209837649372762,18.164979495138628,53.754940711462446,61.92857142857143,74.68528043066534,305674.45,1221223,112200.2,-1436.0,-1.049838064671782
2025-05-14,2494.0,2540.0,2468.0,2530.0,592787,130487,2502.8,2487.6,2464.3,2610.366666666667,-7.352131998433379,-25.638296519184888,18.28616452075151,59.92063492063492,61.285714285714285,66.3773545079632,324660.8,1814010,111126.4,-4860.0,-3.590770390182274
2025-05-15,2527.0,2579.0,2514.0,2567.0,625779,144533,2523.6,2500.2,2472.6,2604.95,-0.6401427652740495,-20.638665768402724,19.998523003128675,67.66467065868264,62.642857142857146,104.22474783142468,341292.6,2439789,111661.05,14046.0,10.764290695624856
2025-05-16,2567.0,2567.0,2525.0,2535.0,481571,127260,2535.4,2510.6,2478.1,2599.25,2.0731267793985353,-16.096307258842472,18.169434038241008,54.56674473067916,57.0,80.86705699136375,350989.25,1958218,112151.05,-17273.0,-11.950903945811685
2025-05-19,2533.0,2625.0,2531.0,2586.0,930085,131581,2543.6,2521.3,2486.7,2593.733333333333,8.243658453664011,-11.228314116341176,19.471972570005185,62.55506607929516,60.285714285714285,108.09305536353541,389206.3,2888303,113656.9,4321.0,3.3954109696684
2025-05-20,2582.0,2602.0,2533.0,2545.0,503388,143225,2552.6,2526.0,2489.9,2588.266666666667,9.71352049528332,-7.0399471940162766,16.753467689299598,61.47186147186147,61.42857142857143,74.93918272759252,401927.9,2384915,116078.15,11644.0,8.849301950889576
2025-05-21,2547.0,2551.0,2510.0,2527.0,511928,146992,2552.0,2527.4,2493.15,2582.366666666667,9.3185289837852,-3.7682519584559815,13.08678094224118,58.99581589958159,62.142857142857146,39.00728080259088,418324.75,1872987,119410.85,3767.0,2.6301274218886395
2025-05-22,2527.0,2531.0,2504.0,2528.0,310769,143487,2544.2,2533.9,2498.05,2576.4166666666665,8.982640717127197,-1.2180734233393458,10.200714140466543,60.3411513859275,60.92857142857143,26.624100150658535,422827.4,2183756,123034.4,-3505.0,-2.384483509306634
2025-05-23,2520.0,2540.0,2455.0,2457.0,547220,160286,2528.6,2532.0,2501.4,2569.133333333333,2.9532964544505376,-0.3837994477813692,3.3370959022319067,47.76422764227642,63.357142857142854,-20.539910690522294,445813.8,1636536,128052.45,16799.0,11.707680835197621
2025-05-26,2455.0,2498.0,2452.0,2486.0,339170,140025,2508.6,2526.1,2500.9,2563.0833333333335,0.5091857477441408,-0.2052024086762672,0.714388156420408,48.80478087649402,63.42857142857143,-26.54154886245148,448568.95,1975706,130436.85,-20261.0,-12.640530052531096
2025-05-27,2492.0,2496.0,2437.0,2449.0,398138,146323,2489.4,2521.0,2499.75,2557.883333333333,-4.363085441244948,-1.0367790151900034,-3.326306426054945,43.89312977099237,64.92857142857143,-47.094520964061275,452601.2,1577568,132251.75,6298.0,4.497768255668633
2025-05-28,2452.0,2466.0,2427.0,2456.0,286556,148094,2475.2,2513.6,2500.6,2552.0,-7.572265598530066,-2.343876331858016,-5.22838926667205,49.27234927234927,63.357142857142854,-59.887417648775006,448060.0,1864124,133080.7,1771.0,1.2103360373967087
2025-05-29,2455.0,2501.0,2441.0,2479.0,493147,145147,2465.4,2504.8,2502.5,2544.7833333333333,-8.165529076762141,-3.5082068808388414,-4.6573221959232995,50.30549898167007,63.42857142857143,-34.45990353997059,460576.9,2357271,134261.1,-2947.0,-1.989952327575728
2025-05-30,2470.0,2476.0,2414.0,2456.0,557576,132592,2465.2,2496.9,2503.75,2537.016666666667,-10.372040017522068,-4.880973508175487,-5.491066509346581,39.99999999999999,60.142857142857146,-70.7370528911444,471482.2,1799695,134939.6,-12555.0,-8.649851529828378
2025-06-03,2450.0,2456.0,2368.0,2371.0,319121,163398,2442.2,2475.4,2498.35,2528.1666666666665,-18.76321479996841,-7.657421766534071,-11.105793033434338,36.701030927835056,60.857142857142854,-115.2437378441143,469235.35,1480574,138093.35,30806.0,23.23367925666706
2025-06-04,2370.0,2379.0,2334.0,2367.0,526576,170307,2425.8,2457.6,2491.8,2519.5333333333333,-25.442759546330308,-11.21448932249332,-14.228270223836988,32.244008714596944,58.92857142857143,-123.37420157307152,482188.2,953998,140746.15,6909.0,4.228325928101939
2025-06-05,2357.0,2362.0,2312.0,2332.0,493805,188998,2401.0,2438.1,2482.75,2511.016666666667,-33.178097914034424,-15.607211040801541,-17.570886873232883,24.288840262582056,58.214285714285715,-116.14473431131874,486923.55,460193,143530.1,18691.0,10.974886528445694
2025-06-06,2340.0,2373.0,2321.0,2335.0,504556,173894,2372.2,2418.8,2476.35,2502.75,-38.62113398087922,-20.20999562881708,-18.411138352062142,26.63551401869158,58.92857142857143,-94.08420681162335,491617.95,964749,146278.6,-15104.0,-7.991618958930779
2025-06-09,2333.0,2356.0,2294.0,2308.0,521026,194339,2342.6,2403.9,2467.95,2494.883333333333,-44.599340198710706,-25.087864542795806,-19.5114756559149,15.594059405940598,56.642857142857146,-94.20464240444889,498720.3,443723,150154.9,20445.0,11.757162409283817
2025-06-10,2312.0,2348.0,2310.0,2324.0,375917,176587,2333.2,2387.7,2456.9,2488.233333333333,-47.49851213349348,-29.569994060935343,-17.928518072558134,20.844327176781007,54.57142857142857,-78.14720704224428,488161.5,819640,152145.1,-17752.0,-9.134553537889978
2025-06-11,2320.0,2343.0,2320.0,2332.0,315197,177519,2326.2,2376.0,2448.5,2481.85,-48.59047291278512,-33.3740898313053,-15.216383081479819,23.577235772357724,53.285714285714285,-67.36259284698515,481715.6,1134837,154253.7,932.0,0.5277851710488335
2025-06-12,2328.0,2331.0,2297.0,2301.0,322080,199595,2320.0,2360.5,2437.05,2474.9333333333334,-51.3651946297482,-36.97231079099388,-14.392883838754322,21.553884711779446,53.857142857142854,-70.82439444339829,468180.25,812757,157709.1,22076.0,12.435851936975762
2025-06-13,2293.0,2310.0,2260.0,2263.0,571171,214574,2305.6,2338.9,2421.85,2467.3166666666666,-55.98510258885335,-40.77486915056578,-15.210233438287574,23.497267759562845,51.357142857142854,-78.33743059013663,465449.85,241586,161211.15,14979.0,7.50469701144818
2025-06-16,2260.0,2278.0,2237.0,2276.0,410847,201020,2299.2,2320.9,2408.9,2461.15,-57.929644692552756,-44.205824258963176,-13.72382043358958,20.0,51.0,-76.34320906273283,461913.65,652433,164899.15,-13554.0,-6.316701930336388
2025-06-17,2275.0,2294.0,2266.0,2273.0,370028,200506,2289.0,2311.1,2393.25,2455.15,-59.03229568898314,-47.17111854496717,-11.861177144015969,22.151898734177223,48.785714285714285,-64.04639285991063,433910.8,282405,168345.4,-514.0,-0.2556959506516798
2025-06-18,2276.0,2317.0,2268.0,2298.0,463983,188829,2282.2,2304.2,2380.9,2450.266666666667,-57.229161333605134,-49.18272710269476,-8.046434230910371,26.34730538922156,49.5,-51.094660007656515,431940.55,746388,170625.6,-11677.0,-5.8237658723429675
2025-06-19,2294.0,2305.0,2275.0,2288.0,328413,189164,2279.6,2299.8,2368.95,2445.7833333333333,-55.96198585479215,-50.538578853114245,-5.4234070016779015,20.24922118380063,47.357142857142854,-49.71207329833412,422764.8,417975,172734.2,335.0,0.17740919032562807
2025-06-20,2283.0,2293.0,2247.0,2256.0,555004,211751,2278.2,2291.9,2355.35,2441.2,-56.884147677889814,-51.80769261806936,-5.076455059820454,19.69696969696969,46.0,-59.69802113501321,434976.55,-137029,176147.4,22587.0,11.94043264046012
2025-06-23,2249.0,2280.0,2240.0,2272.0,396959,203420,2277.4,2288.3,2346.1,2436.133333333333,-55.68203346318978,-52.58256078709345,-3.099472676096333,31.034482758620683,42.57142857142857,-55.69207749686583,427463.5,259930,178304.1,-8331.0,-3.93433797242988
2025-06-24,2270.0,2294.0,2262.0,2274.0,421288,195529,2277.6,2283.3,2335.5,2431.5,-53.94610883955693,-52.855270397586146,-1.0908384419707815,32.046332046332054,41.642857142857146,-43.529200145861665,431569.4,681218,181079.3,-7891.0,-3.8791662570052066
2025-06-25,2269.0,2284.0,2255.0,2279.0,369552,200119,2273.8,2278.0,2327.0,2427.0,-51.5724230650344,-52.598700931075804,1.0262778660414043,38.427947598253276,39.785714285714285,-42.593114070151834,430140.1,1050770,183769.1,4590.0,2.347477867733172
2025-06-26,2276.0,2315.0,2276.0,2311.0,430910,188593,2278.4,2279.0,2319.75,2422.866666666667,-46.572271269439625,-51.39341499874857,4.821143729308943,45.34883720930233,38.857142857142854,-17.383457667318066,437357.8,1481680,185794.05,-11526.0,-5.759573054032852
2025-06-27,2315.0,2349.0,2307.0,2319.0,551776,184445,2291.0,2284.6,2311.75,2418.25,-41.48585865158702,-49.411903729316265,7.926045077729242,52.30125523012553,37.42857142857143,11.459472121567122,440289.25,2033456,187758.95,-4148.0,-2.1994453664770153
2025-06-30,2317.0,2363.0,2314.0,2319.0,509396,185574,2300.4,2288.9,2304.9,2415.0333333333333,-37.02800422276687,-46.93512382800639,9.907119605239522,48.87892376681614,38.07142857142857,32.73291933880057,437880.25,2033456,190408.05,1129.0,0.6121065900403844
2025-07-01,2317.0,2361.0,2292.0,2358.0,575701,192999,2317.2,2297.4,2304.25,2412.4166666666665,-30.00230056232067,-43.54855917486925,13.546258612548577,55.11811023622048,41.357142857142854,52.286202529219665,450709.25,2609157,191888.1,7425.0,4.001099291926669
2025-07-02,2363.0,2396.0,2353.0,2391.0,610780,181509,2339.6,2306.7,2305.45,2410.4166666666665,-21.523446690890978,-39.143536678073595,17.620089987182617,67.578125,41.92857142857143,113.19144470613998,454919.45,3219937,192448.2,-11490.0,-5.953398722273173
2025-07-03,2395.0,2399.0,2366.0,2380.0,376474,173256,2353.4,2315.9,2307.85,2408.4,-15.512681444717145,-34.417365631402305,18.90468418668516,75.54585152838428,40.714285714285715,100.97655861969396,449052.9,2843463,191661.1,-8253.0,-4.546881972794736
2025-07-04,2377.0,2407.0,2359.0,2380.0,503908,167135,2365.6,2328.3,2310.1,2406.7833333333333,-10.626609739655578,-29.65921445305296,19.032604713397383,74.07407407407408,41.214285714285715,91.45834609441516,449020.5,2843463,191323.15,-6121.0,-3.5329223807544885
2025-07-07,2376.0,2416.0,2376.0,2408.0,508359,181034,2383.4,2341.9,2315.1,2407.383333333333,-4.443771683101659,-24.616125899062702,20.172354215961043,78.00829875518673,42.07142857142857,97.29703738605365,448387.15,3351822,190657.9,13899.0,8.316031950219882
2025-07-08,2411.0,2439.0,2398.0,2408.0,548213,173173,2393.4,2355.3,2319.3,2408.266666666667,0.45097348010267524,-19.602706023229626,20.0536795033323,75.46296296296296,41.5,97.42058390019629,457001.95,3351822,190487.2,-7861.0,-4.342278246075326
2025-07-09,2405.0,2456.0,2392.0,2454.0,546353,178646,2406.0,2372.8,2325.4,2409.9166666666665,7.95026415235543,-14.092111988112615,22.042376140468043,82.93650793650794,43.92857142857143,98.85852093282323,468559.75,3898175,190543.55,5473.0,3.160423391637268
2025-07-10,2462.0,2525.0,2456.0,2507.0,630247,170734,2431.4,2392.4,2335.7,2412.35,17.963095714350402,-7.681070447620012,25.644166161970414,95.97069597069597,45.714285714285715,120.56515840092197,483968.1,4528422,189100.5,-7912.0,-4.428870503677662
2025-07-11,2504.0,2521.0,2490.0,2496.0,446796,167029,2454.6,2410.1,2347.35,2413.9333333333334,24.725706246234495,-1.1997151088491114,25.925421355083607,91.7910447761194,45.07142857142857,103.94868123771113,477749.35,4081626,186723.25,-3705.0,-2.1700422880035597
2025-07-14,2500.0,2555.0,2495.0,2532.0,720949,159147,2479.4,2431.4,2360.15,2415.7166666666667,32.61406827268229,5.563041567457169,27.05102670522512,92.71523178807948,47.07142857142857,101.4083663852491,493254.45,4802575,184629.6,-7882.0,-4.718941022217704
2025-07-15,2521.0,2534.0,2505.0,2512.0,418780,163571,2500.2,2446.8,2372.1,2417.35,36.82729700254686,11.815892654475107,25.01140434807175,86.75078864353313,47.07142857142857,83.18083196416515,495692.05,4383795,182782.85,4424.0,2.779819914921422
2025-07-16,2515.0,2534.0,2460.0,2466.0,624579,175178,2502.6,2454.3,2380.5,2417.1,36.039059716798874,16.66052606693986,19.378533649859015,73.41389728096676,49.57142857142857,59.414356348975446,503721.85,3759216,182100.3,11607.0,7.096001124893769
2025-07-17,2465.0,2488.0,2456.0,2484.0,373024,164490,2498.0,2464.7,2390.3,2417.4666666666667,36.446690792446134,20.617759012041116,15.828931780405018,74.19354838709677,48.857142857142854,48.42550134262091,505952.4,4132240,180866.6,-10688.0,-6.101222756282176
2025-07-18,2487.0,2508.0,2451.0,2469.0,484251,160937,2492.6,2473.6,2400.95,2418.116666666667,35.15413176860875,23.525033563354643,11.629098205254106,71.06741573033707,49.42857142857143,44.00094669944773,502414.75,3647989,178325.9,-3553.0,-2.1600097270350727
2025-07-21,2475.0,2625.0,2473.0,2569.0,917366,149218,2500.0,2489.7,2415.8,2421.1,41.71803416567536,27.163633683818787,14.554400481856575,75.29976019184652,55.642857142857146,80.684262598536,528435.1,4565355,175615.8,-11719.0,-7.281731360718791
2025-07-22,2565.0,2705.0,2565.0,2658.0,826324,129738,2529.2,2514.7,2435.0,2423.8,53.48498864581961,32.42790467621896,21.057083969600654,78.22410147991543,62.57142857142857,110.0612131152606,548686.9,5391679,172326.25,-19480.0,-13.054725301237113
2025-07-23,2652.0,2667.0,2591.0,2644.0,593540,115625,2564.8,2533.7,2453.25,2426.6666666666665,60.97778786934259,38.13788131484369,22.839906554498903,77.73109243697479,65.64285714285714,93.72900082947024,559886.3,4798139,168101.55,-14113.0,-10.878077355901894
2025-07-24,2635.0,2757.0,2615.0,2675.0,611628,113810,2603.0,2550.5,2471.45,2430.6,68.6262455188903,44.23555415565301,24.390691363237288,79.09270216962526,72.35714285714286,102.05204017629785,568922.2,5409767,164362.4,-1815.0,-1.5697297297297297
2025-07-25,2683.0,2697.0,2602.0,2637.0,666725,139376,2636.6,2564.6,2487.35,2433.866666666667,70.80522236091292,49.549487796704994,21.255734564207927,72.14700193423597,76.28571428571429,75.74121177587055,574669.65,4743042,162108.95,25566.0,22.46375538177665
2025-07-28,2625.0,2638.0,2518.0,2593.0,964030,125869,2641.4,2570.7,2501.05,2436.5666666666666,68.19552931849921,53.278696101063844,14.916833217435368,66.48841354723709,81.92857142857143,42.054057019812454,597401.35,3779012,159123.7,-13507.0,-9.691051544024798
2025-07-29,2609.0,2649.0,2577.0,2642.0,527604,118330,2638.2,2583.7,2515.25,2439.2833333333333,69.28257289702333,56.479471460255745,12.803101436767584,66.66666666666666,82.5,56.679740550637554,594996.5,4306616,155390.25,-7539.0,-5.989560574883413
2025-07-30,2642.0,2664.0,2584.0,2613.0,543330,123762,2632.0,2598.4,2526.35,2441.2,67.03130991271019,58.58983915074664,8.441470761963544,59.81481481481482,83.14285714285714,50.54106375888202,591624.0,3763286,152502.9,5432.0,4.590551846530899
2025-07-31,2597.0,2607.0,2529.0,2560.0,369460,113645,2609.0,2606.0,2535.35,2441.983333333333,60.275690082690744,58.927009337135466,1.3486807455552778,55.49828178694159,86.92857142857143,17.95291234955667,591273.3,3393826,149522.35,-10117.0,-8.174560850664992
2025-08-01,2531.0,2564.0,2513.0,2539.0,240567,107870,2589.4,2613.0,2543.3,2443.25,52.62070941720367,57.66574935314911,-5.045039935945439,50.617283950617285,86.28571428571429,-1.4300164441219674,578106.25,3153259,146559.1,-5775.0,-5.0816137973514035
2025-08-04,2537.0,2548.0,2490.0,2529.0,200456,104475,2576.6,2609.0,2549.35,2444.133333333333,45.22583044091289,55.177765570701865,-9.951935129788978,51.52603231597846,88.35714285714286,-16.447633057113965,562711.1,2952803,142731.15,-3395.0,-3.147306943543149
2025-08-05,2519.0,2523.0,2463.0,2506.0,236535,101182,2549.4,2593.8,2554.25,2443.483333333333,37.08196992739886,51.55860644204127,-14.476636514642408,53.74531835205992,87.78571428571429,-38.60041658262781,547127.2,2716268,139131.6,-3293.0,-3.151950227327116
2025-08-06,2506.0,2515.0,2464.0,2474.0,191400,108500,2521.6,2576.8,2555.25,2443.05,27.726159326470224,46.79211701892706,-19.065957692456834,49.087591240875916,89.14285714285714,-52.43870240825759,529379.55,2524868,135624.3,7318.0,7.232511711569245
2025-08-07,2455.0,2473.0,2412.0,2413.0,220608,117059,2492.2,2550.6,2550.55,2441.1,15.214043792107532,40.47650237356316,-25.262458581455626,45.28619528619529,89.5,-83.65392842060996,508897.6,2304260,132940.55,8559.0,7.888479262672821
2025-08-08,2421.0,2462.0,2413.0,2446.0,160299,96200,2473.6,2531.5,2548.05,2439.0833333333335,7.870203486927494,33.955242596236026,-26.085039109308532,38.330170777988606,81.85714285714286,-72.41072187070219,494572.75,2464559,129399.1,-20859.0,-17.81921936801101
2025-08-11,2452.0,2503.0,2445.0,2492.0,199222,84552,2466.2,2521.4,2546.05,2438.366666666667,5.69630919099518,28.303455915187858,-22.607146724192678,32.85123966942149,76.0,-43.17964314140656,468486.4,2663781,125669.35,-11648.0,-12.108108108108107
2025-08-12,2494.0,2517.0,2466.0,2502.0,147625,74145,2465.4,2507.4,2545.55,2436.9666666666667,4.725921247561018,23.58794898166249,-18.86202773410147,35.20833333333334,74.21428571428571,-32.25394250762437,454928.65,2811406,121198.05,-10407.0,-12.30840193017315
2025-08-13,2495.0,2506.0,2475.0,2481.0,105105,70456,2466.8,2494.2,2546.3,2435.9,2.2365754656957506,19.31767427846914,-17.08109881277339,29.361702127659584,66.28571428571429,-37.33190985648797,428954.95,2706301,115961.95,-3689.0,-4.9753860678400486
2025-08-14,2491.0,2576.0,2491.0,2530.0,321223,61036,2490.2,2491.2,2548.6,2435.95,4.169577198243587,16.28805486242403,-12.118477664180443,38.877338877338886,66.28571428571429,-9.7840470801736,426364.9,3027524,110789.25,-9420.0,-13.370046553877602
2025-08-15,2533.0,2571.0,2510.0,2539.0,147017,49618,2508.8,2491.2,2552.1,2436.133333333333,6.354469413792685,14.301337772697762,-7.946868358905077,43.946188340807176,62.07142857142857,-6.954158387278769,409503.2,3174541,105223.3,-11418.0,-18.706992594534377
2025-08-18,2544.0,2595.0,2530.0,2567.0,101040,42812,2523.8,2495.0,2552.0,2437.9666666666667,10.227482181943287,13.486566654546866,-3.259084472603579,41.17647058823529,61.57142857142857,9.303121767804898,368686.9,3275581,99903.0,-6806.0,-13.716796323914703
2025-08-19,2641.0,2642.0,2581.0,2598.0,210358,64074,2543.0,2504.2,2549.0,2439.8333333333335,15.618275864318093,13.912908496501114,1.7053673678169794,48.24355971896955,61.214285714285715,41.28695883420429,337888.6,3485939,96619.8,21262.0,49.66364570681117
2025-08-20,2605.0,2656.0,2561.0,2655.0,351729,78794,2577.8,2522.3,2549.55,2443.266666666667,24.210854665445822,15.972497730290057,8.238356935155766,61.02088167053365,62.0,54.14631669606559,325798.05,3837668,94778.25,14720.0,22.973436963510952
2025-08-21,2666.0,2711.0,2661.0,2687.0,513145,97156,2609.2,2549.7,2550.15,2447.116666666667,33.21973145076845,19.421944474385736,13.797786976382714,66.74208144796381,62.357142857142854,97.96868722416646,320873.9,4350813,93945.55,18362.0,23.303804858237932
2025-08-22,2687.0,2756.0,2682.0,2741.0,575643,125542,2649.6,2579.2,2555.35,2451.483333333333,44.20708811789291,24.37897320308717,19.828114914805738,71.81069958847736,63.5,111.22578223267959,316319.8,4926456,93253.85,28386.0,29.21692947424761
2025-08-25,2745.0,2762.0,2711.0,2732.0,516749,126264,2682.6,2603.2,2562.3,2456.0833333333335,51.593682793071366,29.82191512108401,21.771767671987355,73.94067796610169,62.42857142857143,99.33869757327162,293955.75,4409707,93273.6,722.0,0.5751063389144662
2025-08-26,2741.0,2784.0,2699.0,2703.0,507419,118465,2703.6,2623.3,2565.35,2461.616666666667,54.47954833296262,34.75344176345973,19.72610656950289,74.4136460554371,64.85714285714286,86.005044898346,292946.5,3902288,93280.35,-7799.0,-6.176740797060132
2025-08-27,2700.0,2726.0,2680.0,2699.0,428788,120085,2712.4,2645.1,2569.65,2467.15,55.80061622509402,38.962876655786594,16.837739569307423,84.70873786407768,63.714285714285715,66.73942535441397,287219.4,3473500,93096.5,1620.0,1.367492508335788
2025-08-28,2702.0,2705.0,2667.0,2692.0,365740,112742,2713.4,2661.3,2576.25,2473.15,55.64133191009614,42.298567706648505,13.342764203447636,81.86528497409327,62.92857142857143,54.82619237200601,287033.4,3107760,93051.35,-7343.0,-6.114835324978141
2025-08-29,2690.0,2694.0,2642.0,2670.0,373618,163,2699.2,2674.4,2582.8,2478.733333333333,53.12746149908571,44.46434646513595,8.663115033949765,74.58563535911603,62.5,41.562216201930916,293685.95,2734142,87666.0,-112579.0,-99.85542211420766
2025-09-01,2670.0,2736.0,2651.0,2735.0,672088,255,2699.8,2691.2,2593.1,2485.85,55.73764893776297,46.71900695966135,9.01864197810162,77.93764988009592,64.92857142857143,54.32564442764063,317267.55,3406230,82455.0,92.0,56.44171779141105
2025-09-02,2740.0,2740.0,2651.0,2665.0,646082,110334,2692.2,2697.9,2601.05,2491.5333333333333,51.56343511977229,47.68789259168354,3.8755425280887508,69.74248927038627,69.07142857142857,39.78439361010796,337744.9,2760148,82912.6,110079.0,43168.23529411765
2025-09-03,2660.0,2674.0,2603.0,2612.0,432087,357,2674.8,2693.6,2607.95,2496.2,43.47750195616436,46.8458144645797,-3.368312508415343,58.72340425531915,67.35714285714286,10.537973539329812,349779.25,2328061,77505.45,-109977.0,-99.67643700038066
2025-09-04,2615.0,2622.0,2584.0,2593.0,404604,321,2655.0,2684.2,2616.95,2501.0666666666666,35.13122951224159,44.50289747411208,-9.371667961870493,55.625,65.71428571428571,-8.834679954849607,358979.05,1923457,71668.55,-36.0,-10.084033613445376
2025-09-05,2602.0,2622.0,2584.0,2610.0,436731,169,2643.0,2671.1,2625.15,2506.85,29.547896634384415,41.511897306166546,-11.96400067178213,54.58422174840085,63.785714285714285,-11.341864398565196,372800.65,2360188,66867.0,-152.0,-47.35202492211839
2025-09-08,2606.0,2607.0,2566.0,2583.0,388943,165,2612.6,2656.2,2629.7,2511.9666666666667,22.682916212879263,37.74610108750909,-15.063184874629826,48.38709677419355,61.57142857142857,-28.37514244679443,382286.7,1971245,62647.65,-4.0,-2.3668639053254448
2025-09-09,2588.0,2593.0,2562.0,2569.0,261849,110018,2593.4,2642.8,2633.05,2516.9,15.929066410129053,33.38269415203308,-17.45362774190403,39.81042654028437,57.0,-40.48408482283302,387997.9,1709396,64441.3,109853.0,66577.57575757576
2025-09-10,2560.0,2588.0,2553.0,2576.0,245799,110586,2586.2,2630.5,2637.8,2521.5333333333333,11.014465380508682,28.909048397728206,-17.894583017219524,36.02015113350126,55.5,-49.615830812500334,395032.6,1955195,66447.8,568.0,0.5162791543201983
2025-09-11,2578.0,2605.0,2572.0,2590.0,299906,21,2585.6,2620.3,2640.8,2526.5666666666666,8.155282632167655,24.7582952446161,-16.603012612448445,28.851540616246496,52.57142857142857,-41.46024926032712,393966.75,2255101,63397.05,-110565.0,-99.98101025446259
2025-09-12,2587.0,2589.0,2546.0,2560.0,339331,118856,2575.6,2609.3,2641.85,2531.633333333333,3.429082101334643,20.49245261595981,-17.063370514625166,27.248677248677254,52.07142857142857,-63.55342512310132,403582.45,1915770,66858.95,118835.0,565880.9523809524
2025-09-15,2559.0,2582.0,2548.0,2571.0,279647,110751,2573.2,2592.9,2642.05,2536.616666666667,0.5646334563643904,16.506888784040726,-15.942255327676335,31.66666666666667,48.42857142857143,-62.23472964286861,412512.8,2195417,70255.9,-8105.0,-6.819176145924477
2025-09-16,2576.0,2612.0,2566.0,2579.0,342702,105935,2575.2,2584.3,2641.1,2541.7,-1.0478506211061358,12.995940903011356,-14.043791524117491,33.516483516483504,48.42857142857143,-45.30187587186006,419130.0,2538119,72348.95,-4816.0,-4.348493467327607
2025-09-17,2578.0,2610.0,2573.0,2608.0,309038,106433,2581.6,2583.9,2638.75,2547.1833333333334,0.01413878396488144,10.399580479202061,-10.38544169523718,39.119170984455955,48.357142857142854,-34.57421156848693,416995.45,2847157,73730.9,498.0,0.4700995893708315
2025-09-18,2610.0,2622.0,2571.0,2580.0,442460,101701,2579.6,2582.6,2633.4,2551.6666666666665,-1.3875975942155492,8.042144864518539,-9.429742458734088,38.52040816326531,48.285714285714285,-35.621628073177874,413461.2,2404697,73958.15,-4732.0,-4.4459894957391
2025-09-19,2583.0,2657.0,2576.0,2641.0,477688,114144,2595.8,2585.7,2628.4,2557.0333333333333,2.3960858427567473,6.91293306016618,-4.516847217409433,37.886597938144334,48.0,-4.630983177563008,408563.45,2882385,73388.25,12443.0,12.23488461273734
2025-09-22,2645.0,2649.0,2592.0,2604.0,345760,104798,2602.4,2587.8,2622.0,2561.7833333333333,2.3816374148264003,6.0066739310982245,-3.625036516271824,41.40845070422535,45.714285714285715,-8.593597268511314,400014.0,2536625,72314.95,-9346.0,-8.187902999719654
2025-09-23,2594.0,2603.0,2524.0,2535.0,420208,116041,2593.6,2584.4,2613.6,2564.733333333333,-3.161097249960676,4.173119694886445,-7.334216944847121,39.62264150943396,46.357142857142854,-62.91561854380368,395653.45,2116417,72193.75,11243.0,10.728258172865889
2025-09-24,2538.0,2564.0,2514.0,2548.0,346437,112252,2581.6,2581.6,2606.05,2567.35,-6.430634696731431,2.0523688165628697,-8.483003513294301,43.83561643835616,47.214285714285715,-69.67835833726367,391535.9,2462854,71802.1,-3789.0,-3.265225222119772
2025-09-25,2552.0,2555.0,2532.0,2537.0,227997,114542,2573.0,2576.3,2598.3,2569.9666666666667,-9.796447400648958,-0.31739442687949593,-9.479052973769463,39.83286908077994,46.142857142857146,-65.13526304896187,384648.75,2234857,71892.1,2290.0,2.0400527384812683
2025-09-26,2537.0,2542.0,2511.0,2528.0,276316,108720,2550.4,2573.1,2591.2,2572.4333333333334,-13.039788437613879,-2.8618732290263726,-10.177915208587507,41.935483870967744,45.214285714285715,-73.55743105844375,379783.65,1958541,77319.95,-5822.0,-5.082851705051428
2025-09-29,2530.0,2536.0,2486.0,2515.0,330110,99146,2532.6,2567.5,2580.2,2574.2166666666667,-16.469303057029265,-5.583359194626951,-10.885943862402314,42.05882352941176,46.57142857142857,-89.66106103094903,362684.75,1628431,82264.5,-9574.0,-8.806107431935251
2025-09-30,2511.0,2531.0,2496.0,2531.0,174268,83862,2531.8,2562.7,2573.5,2576.266666666667,-17.69220706874239,-8.005128769450039,-9.687078299292352,43.553008595988544,46.57142857142857,-81.77744631108168,339094.05,1802699,80940.9,-15284.0,-15.415649647993867
2025-10-09,2520.0,2526.0,2440.0,2450.0,290860,102719,2512.2,2546.9,2565.4,2576.2,-24.910240615597104,-11.386151138679452,-13.524089476917652,33.17307692307692,50.714285714285715,-123.18591495780244,332032.7,1511839,86059.0,18857.0,22.485750399465786
2025-10-10,2455.0,2488.0,2451.0,2470.0,281421,108505,2498.8,2535.9,2559.25,2575.5833333333335,-28.686076122499344,-14.84613613544343,-13.839939987055914,38.91625615763547,50.285714285714285,-104.6131752556308,325873.55,1793260,91468.2,5786.0,5.632842998860976
2025-10-13,2470.0,2474.0,2416.0,2464.0,289693,109226,2486.0,2518.2,2551.95,2575.05,-31.796077432779384,-18.23612439491062,-13.559953037868762,36.65835411471321,52.0,-104.79759867787804,318521.65,1503567,96921.05,721.0,0.6644855075802925
2025-10-14,2465.0,2465.0,2404.0,2428.0,329012,111010,2468.6,2500.6,2544.2,2573.3166666666666,-36.74213455698418,-21.937326427325335,-14.804808129658849,32.400932400932405,53.07142857142857,-103.16015428829927,315525.1,1174555,102463.3,1784.0,1.6333107501876887
2025-10-15,2425.0,2454.0,2415.0,2438.0,256622,111822,2450.0,2490.9,2537.65,2572.0833333333335,-39.40081595564061,-25.430024332988392,-13.970791622652218,29.268292682926827,53.214285714285715,-86.35925722377247,315263.75,1431177,102553.5,812.0,0.7314656337267023
2025-10-16,2446.0,2465.0,2434.0,2453.0,264114,111302,2450.6,2481.4,2531.5,2571.866666666667,-39.838235103241914,-28.311666487039098,-11.526568616202816,34.0050377833753,51.785714285714285,-65.82834611854723,316179.5,1695291,102589.3,-520.0,-0.4650247715118683
2025-10-17,2455.0,2455.0,2339.0,2344.0,417901,136238,2425.4,2462.1,2519.2,2569.5333333333333,-48.42210212653845,-32.33375361493897,-16.088348511599477,16.62921348314606,54.285714285714285,-103.0283704496226,322079.25,1277390,109400.15,24936.0,22.403910082478305
2025-10-20,2348.0,2395.0,2347.0,2380.0,298867,122212,2408.6,2447.3,2510.2,2568.05,-51.72374036841984,-36.21175096563515,-15.511989402784693,24.774774774774784,53.857142857142854,-91.2785128350447,320056.05,1576257,109567.95,-14026.0,-10.295218661460092
2025-10-21,2384.0,2394.0,2371.0,2375.0,223663,121558,2398.0,2433.3,2500.4,2564.8166666666666,-54.11991004090942,-39.79338278069,-14.326527260219414,28.94736842105263,49.785714285714285,-76.77636945749721,317256.85,1352594,110108.3,-654.0,-0.5351356658920614
2025-10-22,2380.0,2399.0,2363.0,2380.0,252513,120124,2386.4,2418.2,2490.45,2560.1833333333334,-54.98163944196631,-42.83103411294527,-12.15060532902104,27.41935483870968,48.785714285714285,-68.30187700332496,312747.4,1605107,110817.75,-1434.0,-1.1796837723555886
2025-10-23,2375.0,2393.0,2354.0,2385.0,307226,123574,2372.8,2411.7,2479.3,2555.866666666667,-54.63135177109052,-45.19109764457432,-9.440254126516201,29.234972677595636,49.92857142857143,-63.649329437749515,312656.8,1912333,111674.8,3450.0,2.8720322333588566
2025-10-24,2387.0,2395.0,2363.0,2373.0,250385,116484,2378.6,2402.0,2468.95,2550.8333333333335,-54.69159531361129,-47.09119717838171,-7.600398135229575,28.997289972899736,50.0,-58.08798558990665,303053.05,1661948,112413.95,-7090.0,-5.737452862252579
2025-10-27,2370.0,2385.0,2346.0,2366.0,359954,131411,2375.8,2392.2,2455.2,2546.3166666666666,-54.67393318523182,-48.607744379751736,-6.066188805480081,29.476584022038566,49.214285714285715,-61.17171540819021,297166.35,1301994,113277.3,14927.0,12.814635486418746
2025-10-28,2365.0,2383.0,2330.0,2341.0,267933,132088,2369.0,2383.5,2442.05,2542.116666666667,-56.031332564020886,-50.092462016605566,-5.93887054741532,24.46236559139784,50.5,-67.4213230220499,293275.0,1034061,114641.8,677.0,0.5151775726537355
2025-10-29,2341.0,2373.0,2330.0,2361.0,301869,134040,2365.2,2375.8,2433.35,2537.4333333333334,-54.86084680593194,-51.04613897447084,-3.8147078314610994,35.69131832797427,47.07142857142857,-59.764092902447246,287358.05,1335930,115541.75,1952.0,1.4778026770032149
2025-10-30,2361.0,2365.0,2313.0,2317.0,362389,165100,2351.6,2362.2,2421.8,2532.5,-56.828576234142474,-52.20262642640517,-4.625949807737307,27.16417910447761,48.07142857142857,-70.3879566869271,288155.65,973541,118184.15,31060.0,23.17218740674425
2025-10-31,2316.0,2335.0,2303.0,2310.0,303344,156821,2339.0,2358.8,2410.45,2528.3333333333335,-58.28103004559944,-53.41830715024402,-4.862722895355418,27.08333333333333,46.214285714285715,-75.87849202939606,291923.0,670197,120298.1,-8279.0,-5.014536644457901
2025-11-03,2312.0,2365.0,2281.0,2350.0,472595,135245,2335.8,2355.8,2401.55,2525.1833333333334,-55.5639379600384,-53.847433312202895,-1.7165046478355066,38.529411764705884,47.857142857142854,-58.995091147133834,301736.95,1142792,121624.35,-21576.0,-13.758361443939272
2025-11-04,2349.0,2353.0,2325.0,2336.0,254101,128062,2334.8,2351.9,2392.6,2521.9666666666667,-53.918763956137354,-53.86169944098979,-0.05706451514756594,35.174418604651166,47.07142857142857,-50.25660943403867,297936.5,888691,123070.15,-7183.0,-5.31110207401383
2025-11-05,2330.0,2331.0,2270.0,2303.0,451353,138392,2323.2,2344.2,2381.2,2518.5833333333335,-54.647829748452295,-54.01892550248229,-0.6289042459700056,29.2817679558011,49.57142857142857,-79.65422097072289,311790.75,437338,125796.65,10330.0,8.066405334915894
2025-11-06,2303.0,2359.0,2298.0,2343.0,409972,134597,2328.4,2340.0,2375.85,2516.4,-51.40538465982809,-53.49621733395145,2.0908326741233623,49.829351535836174,45.642857142857146,-44.79349576638809,317746.35,847310,127390.55,-3795.0,-2.742210532400713
2025-11-07,2345.0,2350.0,2325.0,2331.0,268568,130917,2332.6,2335.8,2368.9,2515.0333333333333,-49.23645606150603,-52.64426507946237,3.407809017956339,40.89219330855018,43.785714285714285,-39.437435026931,317103.7,578742,128511.15,-3680.0,-2.7340876839751282
2025-11-10,2332.0,2353.0,2315.0,2349.0,325392,132265,2332.4,2334.1,2363.15,2513.4166666666665,-45.540156378358915,-51.22344333924168,5.683286960882768,45.39007092198581,44.857142857142854,-31.716623844985588,318888.65,904134,129663.1,1348.0,1.0296600135964118
2025-11-11,2348.0,2385.0,2343.0,2357.0,358267,135944,2336.6,2335.7,2359.6,2511.1666666666665,-41.48704230890371,-49.27616313317409,7.789120824270377,45.96491228070175,45.285714285714285,1.2796445836099148,320351.4,1262401,130909.8,3679.0,2.7815370657392258
2025-11-12,2355.0,2377.0,2331.0,2344.0,363722,136689,2344.8,2334.0,2354.9,2508.5333333333333,-38.87577581791811,-47.1960856701229,8.320309852204787,43.003412969283275,45.785714285714285,-9.10303272259823,325706.4,898679,132153.15,745.0,0.548019772847641
2025-11-13,2338.0,2344.0,2314.0,2337.0,288344,131492,2343.6,2336.0,2349.1,2506.133333333333,-36.945287532184466,-45.14592604253521,8.200638510350743,43.75,45.642857142857146,-40.25967077902156,326917.9,610335,133162.65,-5197.0,-3.8020616143215613
2025-11-14,2338.0,2364.0,2315.0,2327.0,357489,126690,2342.8,2337.7,2348.25,2502.75,-35.809488590003184,-43.27863855202881,7.469149962025625,43.29896907216495,46.357142857142854,-28.71408080608384,323897.3,252846,132685.25,-4802.0,-3.6519331974568803
2025-11-17,2327.0,2329.0,2304.0,2319.0,137302,130646,2336.8,2334.6,2345.2,2499.0833333333335,-35.14970892202655,-41.652852626028356,6.503143704001808,45.98540145985401,44.357142857142854,-61.766101487929575,315819.05,115544,133106.95,3956.0,3.122582682137498
2025-11-18,2287.0,2295.0,2260.0,2286.0,273587,149936,2322.6,2329.6,2340.75,2494.4,-36.86469967877383,-40.69522203657745,3.8305223578036163,36.933797909407666,45.5,-117.61255459743023,318315.25,-158043,134525.85,19290.0,14.76509039695053
2025-11-19,2288.0,2292.0,2257.0,2265.0,211799,153602,2306.8,2325.8,2335.0,2488.85,-39.46345654313427,-40.44886893788882,0.9854123947545474,40.151515151515156,44.285714285714285,-113.33069416266488,316279.55,-369842,136199.75,3666.0,2.4450432184398574
2025-11-20,2262.0,2285.0,2247.0,2261.0,222748,148074,2291.6,2317.6,2328.8,2482.2833333333333,-41.36888193209825,-40.632871536730704,-0.7360103953675434,40.61302681992337,44.714285714285715,-106.92696944805681,312055.65,-592590,137424.75,-5528.0,-3.5989114725068716
2025-11-21,2264.0,2272.0,2233.0,2236.0,190620,157564,2273.4,2308.1,2321.95,2474.766666666667,-44.38459832593526,-41.38321689457162,-3.00138143136364,26.829268292682926,41.5,-113.42983410330046,309067.4,-783210,139478.75,9490.0,6.408957683320504
2025-11-24,2231.0,2254.0,2224.0,2241.0,208016,150401,2257.8,2297.3,2315.7,2466.4333333333334,-45.8426713031472,-42.27510777628674,-3.567563526860461,29.957805907172997,41.642857142857146,-104.85091228520248,301470.5,-575194,140428.25,-7163.0,-4.54608920819477
2025-11-25,2243.0,2259.0,2232.0,2248.0,162227,145091,2250.2,2286.4,2311.05,2458.366666666667,-45.90420800833499,-43.00092782269639,-2.9032801856386,36.96682464454976,38.857142857142854,-83.56671319893098,296185.2,-412967,141078.4,-5310.0,-3.530561631904039
2025-11-26,2245.0,2247.0,2214.0,2229.0,241509,150260,2243.0,2274.9,2304.45,2450.4666666666667,-46.944965164726,-43.78973529110232,-3.155229873623682,20.0,36.92857142857143,-90.51002969042254,293167.2,-654476,141889.4,5169.0,3.5625917527620565
2025-11-27,2226.0,2254.0,2216.0,2238.0,223141,144671,2238.4,2265.0,2300.5,2442.7833333333333,-46.50743911728614,-44.33327605633909,-2.174163060947052,25.1336898395722,37.857142857142854,-73.55985469494779,286204.8,-431335,140867.95,-5589.0,-3.7195527751896718
2025-11-28,2238.0,2248.0,2222.0,2224.0,205326,156453,2236.0,2254.7,2296.2,2434.983333333333,-46.75145786510666,-44.8169124180926,-1.9345454470140595,15.846994535519116,37.0,-70.1506167953288,281303.9,-636661,140849.55,11782.0,8.143995686765138
2025-12-01,2220.0,2236.0,2200.0,2212.0,275167,148447,2230.2,2244.0,2289.3,2427.35,-47.36712545539149,-45.32695502555238,-2.040170429839108,11.229946524064175,36.57142857142857,-76.38430997302704,271432.5,-911828,141509.65,-8006.0,-5.117191744485561
2025-12-02,2210.0,2221.0,2192.0,2211.0,244171,151780,2222.8,2236.5,2283.05,2418.616666666667,-47.3894618813365,-45.7394563967092,-1.6500054846273002,11.999999999999986,35.357142857142854,-74.94028692616686,270936.0,-1155999,142695.55,3333.0,2.245245777954419
2025-12-03,2214.0,2217.0,2156.0,2165.0,290236,173417,2210.0,2226.5,2276.15,2410.2833333333333,-50.536426752019,-46.69885046777116,-3.837576284247838,9.813084112149525,37.57142857142857,-88.66938395383063,262880.15,-1446235,144446.8,21637.0,14.255501383581493
2025-12-04,2163.0,2163.0,2129.0,2140.0,220065,169582,2190.4,2214.4,2266.0,2402.4166666666665,-54.42038581877068,-48.243157537971065,-6.177228280799618,9.170305676855904,36.642857142857146,-101.29684422629786,253384.8,-1666300,146196.05,-3835.0,-2.211432558515025
2025-12-05,2142.0,2144.0,2096.0,2100.0,248138,168289,2165.6,2200.8,2254.45,2394.2,-60.03408154549879,-50.601342339476616,-9.432739206022177,8.045977011494244,38.285714285714285,-105.36570506695406,252363.3,-1914438,148064.65,-1293.0,-0.7624629972520669
2025-12-08,2208.0,2230.0,2208.0,2217.0,224139,107974,2166.6,2198.4,2247.85,2387.65,-54.41479379241673,-51.36403263006464,-3.0507611623520887,39.99999999999999,43.357142857142854,-24.85558436417083,247300.65,-1690299,146850.1,-60315.0,-35.8401321536167
2025-12-09,2215.0,2215.0,2136.0,2166.0,292093,127156,2157.6,2190.2,2238.3,2380.7,-53.46048237570085,-51.78332257919188,-1.6771597965089668,36.8,46.642857142857146,-55.24798846971474,243991.95,-1982392,146410.7,19182.0,17.76538796376905
2025-12-10,2173.0,2179.0,2148.0,2155.0,213671,135389,2155.6,2182.8,2228.85,2373.8,-52.981059101912706,-52.02286988373605,-0.9581892181766563,36.125654450261784,46.142857142857146,-59.90786411300198,236489.4,-2196063,146345.7,8233.0,6.474723961118634
2025-12-11,2152.0,2156.0,2100.0,2113.0,380634,178483,2150.2,2170.3,2217.65,2366.0833333333335,-55.35209717399448,-52.68871534178774,-2.6633818322067384,34.58646616541354,47.357142857142854,-82.84318206284031,241103.9,-2576697,148695.25,43094.0,31.829764604214517
2025-12-12,2110.0,2135.0,2089.0,2110.0,342449,189135,2152.2,2158.9,2206.8,2358.0833333333335,-56.81827119429772,-53.514626512289745,-3.3036446820079775,33.50125944584383,48.5,-85.31020982411155,240351.9,-2919146,151817.5,10652.0,5.96807539093358
2025-12-15,2105.0,2185.0,2097.0,2163.0,440668,174415,2141.4,2154.0,2199.0,2351.4666666666667,-53.09156113961444,-53.43001343775468,0.3384522981402398,40.40632054176073,52.857142857142854,-49.826439767530616,255520.2,-2478478,154005.95,-14720.0,-7.782800645041899
2025-12-16,2162.0,2169.0,2141.0,2160.0,289513,171705,2140.2,2148.9,2192.7,2344.616666666667,-49.80605826327155,-52.70522240285806,2.89916413958651,41.92037470725995,52.42857142857143,-38.065553012186314,256316.5,-2767991,155094.4,-2710.0,-1.553765444485855
2025-12-17,2151.0,2160.0,2134.0,2143.0,252316,181107,2137.8,2146.7,2186.6,2337.35,-48.02048127168382,-51.76827417662322,3.747792904939402,39.08045977011495,51.57142857142857,-44.43004553632815,258342.35,-3020307,156469.65,9402.0,5.475670481348827
2025-12-18,2150.0,2226.0,2145.0,2199.0,463517,160618,2155.0,2152.6,2183.5,2330.5333333333333,-41.60704652019285,-49.73602864533716,8.128982125144304,47.37945492662474,55.642857142857146,4.473822011004983,270380.8,-2556790,157096.85,-20489.0,-11.313201588011513
2025-12-19,2198.0,2205.0,2160.0,2164.0,290411,162376,2165.8,2159.0,2179.9,2323.6,-38.900144119221295,-47.56885174011399,8.668707620892697,45.199999999999996,56.285714285714285,-6.830738333090528,275370.35,-2847201,157337.45,1758.0,1.0945224072021809
2025-12-22,2162.0,2188.0,2143.0,2181.0,324272,166458,2169.4,2155.4,2176.9,2315.9333333333334,-34.97991979801327,-45.05106535169385,10.07114555368058,47.093023255813954,57.42857142857143,-9.819342377539616,281183.15,-2522929,158140.3,4082.0,2.513918313051189
2025-12-23,2176.0,2220.0,2160.0,2219.0,343667,164939,2181.2,2160.7,2175.45,2309.516666666667,-28.47854838056537,-41.736561957468155,13.258013576902783,55.31496062992126,57.357142857142854,29.568078891376864,290255.15,-2179262,159132.7,-1519.0,-0.91254250321402
2025-12-24,2218.0,2263.0,2214.0,2250.0,492973,159783,2202.6,2170.2,2176.5,2304.766666666667,-20.587404980792144,-37.50673056213295,16.919325581340807,60.700389105058356,58.285714285714285,81.32957425449362,302828.35,-1686289,159608.85,-5156.0,-3.1260041591133714
2025-12-25,2250.0,2255.0,2210.0,2233.0,273905,163923,2209.4,2182.2,2176.25,2299.516666666667,-15.526396277484764,-33.110663705203315,17.58426742771855,63.543788187372705,58.07142857142857,69.91220358877035,305366.55,-1960194,160571.45,4140.0,2.591014062822694
2025-12-26,2228.0,2300.0,2190.0,2268.0,588377,155791,2230.2,2198.0,2178.45,2295.0333333333333,-8.592256737543266,-28.206982311671307,19.61472557412804,56.23471882640587,56.642857142857146,89.68446027443983,324519.1,-1371817,160538.35,-8132.0,-4.960865772344336
2025-12-29,2253.0,2277.0,2229.0,2232.0,333945,158907,2240.4,2204.9,2179.45,2290.1,-5.933403744853877,-23.752266598307823,17.818862853453947,58.37563451776649,54.285714285714285,76.31400613264688,327458.0,-1705762,161061.35,3116.0,2.0001155394085757
2025-12-30,2224.0,2290.0,2223.0,2273.0,311138,153459,2251.2,2216.2,2182.55,2286.0666666666666,-0.51198440591088,-19.104210159828437,18.592225753917557,63.91509433962264,56.857142857142854,84.95817782470994,330806.35,-1394624,161145.3,-5448.0,-3.428420396835885
2025-12-31,2273.0,2277.0,2228.0,2242.0,288204,145563,2249.6,2226.1,2186.4,2281.25,1.2684664654084372,-15.029674834781064,16.2981413001895,65.61743341404357,56.357142857142854,64.2455353734208,330704.75,-1682828,159752.6,-7896.0,-5.145348268918736
2026-01-05,2210.0,2213.0,2151.0,2164.0,313841,175556,2235.8,2222.6,2187.6,2276.483333333333,-3.5732710737620437,-12.73839408257726,9.165123008815216,55.532786885245905,59.57142857142857,-11.747468928648281,335393.55,-1996669,160051.3,29993.0,20.604824028084057
2026-01-06,2165.0,2197.0,2146.0,2194.0,344227,159963,2221.0,2225.6,2192.3,2271.883333333333,-4.932771754607984,-11.177269616983406,6.244497862375422,53.33333333333334,56.92857142857143,-12.885673042552675,340198.0,-1652442,159635.0,-15593.0,-8.882066121351595
2026-01-07,2200.0,2282.0,2194.0,2261.0,513710,162077,2226.8,2233.6,2194.5,2268.5,-0.5969643478106264,-9.061208563148849,8.464244215338223,59.54631379962193,61.214285714285715,57.80676762296262,354676.55,-1138732,162340.15,2114.0,1.321555609734748
2026-01-08,2267.0,2286.0,2198.0,2218.0,449364,183748,2215.8,2233.5,2197.1,2265.0,-0.6233606604587294,-7.373638982610825,6.750278322152096,56.75675675675676,65.64285714285714,41.324051003207835,362540.1,-1588096,165169.75,21671.0,13.37080523454901
2026-01-09,2215.0,2228.0,2177.0,2224.0,409949,173603,2212.2,2230.9,2200.55,2261.4333333333334,-0.15830522836904493,-5.93057223176247,5.772267003393425,52.47524752475247,63.357142857142854,13.054187084911531,372354.0,-1178147,167080.45,-10145.0,-5.521148529507802
2026-01-12,2225.0,2233.0,2164.0,2180.0,443793,199578,2215.4,2225.6,2203.9,2256.883333333333,-3.3021130211377567,-5.404880389637528,2.102767368499771,51.55642023346303,65.07142857142857,-10.05814888318695,375511.95,-1621940,168135.2,25975.0,14.962299038611082
2026-01-13,2164.0,2169.0,2123.0,2131.0,485679,208787,2202.8,2211.9,2204.95,2253.3333333333335,-9.63641128588597,-6.251186568887217,-3.385224716998753,45.42124542124542,65.92857142857143,-76.3753969580899,382673.45,-2107619,169117.8,9209.0,4.614236038040276
2026-01-14,2126.0,2131.0,2076.0,2093.0,485406,231988,2169.2,2198.0,2201.45,2248.55,-17.520702960137896,-8.505089847137352,-9.015613113000544,38.46153846153846,65.57142857142857,-111.53193945555915,384910.35,-2593025,171996.45,23201.0,11.112281894945575
2026-01-15,2080.0,2100.0,2055.0,2057.0,405569,243544,2137.0,2176.4,2196.3,2243.25,-26.3699832979687,-12.078068537303622,-14.29191476066508,32.48638838475499,65.28571428571429,-118.73726314824748,390713.15,-2998594,175588.4,11556.0,4.981292135800119
2026-01-16,2053.0,2064.0,2005.0,2006.0,513843,269646,2093.4,2152.8,2189.45,2237.016666666667,-37.07104358204742,-17.076663546252384,-19.99438003579504,30.598290598290603,66.28571428571429,-128.0200363039329,403789.5,-3512437,180015.35,26102.0,10.717570541668042
2026-01-19,2004.0,2029.0,1987.0,2005.0,447887,253220,2058.4,2136.9,2179.75,2230.6833333333334,-45.11237521678686,-22.68380588035928,-22.42856933642758,26.134301270417424,61.42857142857143,-113.87663059767304,403008.0,-3960324,184645.45,-16426.0,-6.0916905869176645
2026-01-20,1999.0,2002.0,1959.0,1960.0,550534,253627,2024.2,2113.5,2169.55,2223.8,-54.48820626717452,-29.04468595772233,-25.44352030945219,25.714285714285722,61.285714285714285,-110.32868123483081,416014.15,-4510858,189208.0,407.0,0.16072980017376448
2026-01-21,1962.0,1977.0,1937.0,1939.0,420709,260393,1993.4,2081.3,2157.45,2216.6833333333334,-62.88820830075883,-35.81339042632963,-27.0748178744292,19.074074074074076,59.357142857142854,-102.4022481003221,420836.0,-4931567,193904.75,6766.0,2.6676970511814613
2026-01-22,1940.0,1955.0,1926.0,1948.0,425328,257163,1971.6,2054.3,2143.9,2210.133333333333,-68.03478301880023,-42.257668944823756,-25.77711407397647,21.621621621621628,57.92857142857143,-90.81870419239685,424919.05,-4506239,198515.95,-3230.0,-1.2404327305265528
2026-01-23,1950.0,1987.0,1921.0,1945.0,683953,282473,1959.4,2026.4,2128.65,2203.2,-71.5309907549431,-48.112333306847624,-23.41865744809548,25.282167042889398,56.142857142857146,-76.85142306481112,434468.05,-5190192,204650.45,25310.0,9.842006820576831
2026-01-26,1945.0,1981.0,1906.0,1973.0,890541,262814,1953.0,2005.7,2115.65,2197.4666666666667,-71.221398630782,-52.7341463716345,-18.487252259147503,24.943310657596385,57.857142857142854,-67.67086114806948,465299.85,-4299651,209595.0,-19659.0,-6.9596032187147046
2026-01-27,1967.0,1986.0,1935.0,1951.0,621860,263142,1951.2,1987.7,2099.8,2191.483333333333,-71.9221865832967,-56.57175441396695,-15.350432169329757,10.858585858585869,55.214285714285715,-59.606946143443054,466974.0,-4921511,214962.55,328.0,0.12480309268152467
2026-01-28,1951.0,1979.0,1937.0,1969.0,431845,245977,1957.2,1975.3,2086.65,2185.133333333333,-70.21571347961685,-59.30054622709694,-10.915167252519915,16.44204851752022,51.92857142857143,-52.433151933487245,471869.0,-4489666,219316.05,-17165.0,-6.523093994877294
2026-01-29,1974.0,1989.0,1959.0,1964.0,481379,234621,1960.4,1966.0,2071.2,2178.9333333333334,-68.47741445559836,-61.135919872797224,-7.34149458280114,14.86486486486487,50.42857142857143,-44.35583872642456,480381.05,-4971045,223374.15,-11356.0,-4.616691804518314
2026-01-30,1959.0,1986.0,1931.0,1975.0,681622,202033,1966.4,1962.9,2057.85,2173.4666666666667,-65.45763699284203,-62.00026329680618,-3.4573736960358445,19.58456973293768,49.42857142857143,-42.99676655852555,500051.95,-4289423,226197.65,-32588.0,-13.88963477267593
2026-02-02,1990.0,2036.0,1984.0,2004.0,955459,176540,1972.6,1962.8,2049.85,2167.8166666666666,-60.03236818877008,-61.60668427519896,1.5743160864288797,29.968454258675067,49.714285714285715,-20.11661837771983,532132.85,-3333964,226246.85,-25493.0,-12.618235634772535
2026-02-03,1999.0,2031.0,1949.0,1969.0,735729,204801,1976.2,1963.7,2038.6,2161.7833333333333,-57.889694701947064,-60.863286360548585,2.9735916586015207,30.254777070063696,51.642857142857146,-27.916716666380452,551707.95,-4069693,228488.75,28261.0,16.00827008043504
2026-02-04,1962.0,1989.0,1934.0,1978.0,442972,188687,1978.0,1967.6,2024.45,2155.6,-54.83330157464161,-59.65728940336719,4.823987828725578,36.236933797909415,52.357142857142854,-32.03223610464915,548171.05,-3626721,229819.25,-16114.0,-7.868125643917756
2026-02-05,1965.0,1973.0,1914.0,1917.0,397730,212569,1968.6,1964.5,2009.4,2148.266666666667,-56.67990751108755,-59.06181302491126,2.3819055138237104,35.01683501683502,52.714285714285715,-46.56728058172567,545589.35,-4024451,231260.3,23882.0,12.656939799774225
2026-02-06,1909.0,1913.0,1859.0,1862.0,562853,210477,1946.0,1956.2,1991.3,2140.233333333333,-61.86821805945874,-59.62309403182076,-2.245124027637978,29.629629629629633,53.857142857142854,-78.20458433194567,553234.55,-4587304,233104.0,-2092.0,-0.9841510286071831
2026-02-09,1862.0,1938.0,1847.0,1937.0,586102,154106,1932.6,1952.6,1979.15,2133.5666666666666,-59.24517683029694,-59.547510591516,0.3023337612190602,46.981627296587924,57.07142857142857,-59.760957505558856,560350.0,-4001202,230830.4,-56371.0,-26.78249880034398
2026-02-10,1947.0,1974.0,1931.0,1963.0,447987,132674,1931.4,1953.8,1970.75,2127.5,-54.44085476379928,-58.526179425972664,4.0853246621733845,53.10880829015543,57.285714285714285,-16.904534910952343,558465.4,-3553215,227024.75,-21432.0,-13.90731055247687
2026-02-11,1963.0,1967.0,1941.0,1954.0,287402,115342,1926.6,1952.3,1963.8,2121.4166666666665,-50.77432488533168,-56.97580851784447,6.20148363251279,50.77720207253886,57.07142857142857,-14.41940175131811,548565.2,-3840617,221192.45,-17332.0,-13.063599499525147
2026-02-12,1955.0,1978.0,1945.0,1958.0,170290,90829,1934.8,1951.7,1958.85,2115.95,-47.00397441205541,-54.981441696686666,7.977467284631253,51.67958656330749,54.714285714285715,0.05095429948022698,536801.25,-3670327,213556.7,-24513.0,-21.252449237918537
2026-02-13,1980.0,2035.0,1980.0,2015.0,377847,56260,1965.4,1955.7,1959.3,2111.7833333333333,-38.96732974596125,-51.778619306541586,12.811289560580335,55.04807692307692,54.857142857142854,80.62052114986876,530001.45,-3292480,202887.4,-34569.0,-38.059430358145526
2026-02-24,2200.0,2200.0,2122.0,2153.0,175128,110994,2008.6,1970.6,1966.7,2109.983333333333,-21.218194127272227,-45.66653427068772,24.448340143415493,68.98496240601503,64.42857142857143,178.1576815235581,516363.5,-3117352,195776.1,54734.0,97.28759331674368
2026-02-25,2146.0,2173.0,2136.0,2167.0,242102,140547,2049.4,1990.4,1977.05,2108.8333333333335,-5.953564293515683,-37.72394027525331,31.77037598173763,68.75,64.07142857142857,132.69172739785893,500941.9,-2875250,190122.1,29553.0,26.62576355478674
2026-02-26,2163.0,2165.0,2112.0,2124.0,283463,171810,2083.4,2005.0,1986.3,2106.883333333333,2.6435509812909004,-29.65044202394447,32.29399300523537,64.13427561837456,65.85714285714286,96.45368659565248,494079.6,-3158713,185692.95,31263.0,22.243804563597934
2026-02-27,2112.0,2128.0,2094.0,2125.0,306861,176710,2116.8,2025.8,1995.15,2104.8333333333335,9.428828749514878,-21.8345878692526,31.26341661876748,63.48920863309352,64.35714285714286,74.6992220055165,488156.25,-2851852,181670.3,4900.0,2.851987660788069
2026-03-02,2132.0,2140.0,2069.0,2082.0,419245,204249,2130.2,2047.8,2002.0,2102.383333333333,11.207279094994874,-15.226214476403108,26.43349357139798,56.84210526315789,65.07142857142857,57.028640371201256,474920.85,-3271097,177759.1,27539.0,15.58429064569069
2026-03-03,2080.0,2156.0,2065.0,2149.0,550462,177262,2129.4,2069.0,2010.8,2100.9,17.8176629372374,-8.617438993675005,26.435101930912406,64.95016611295681,65.71428571428571,65.01907152381675,457916.9,-2720635,173481.5,-26987.0,-13.212794187486843
2026-03-04,2155.0,2162.0,2085.0,2096.0,563132,182316,2115.2,2082.3,2018.05,2098.766666666667,18.5657680793106,-3.1807975790778844,21.746565658388484,59.13312693498452,67.28571428571429,54.08166853306574,454980.5,-3283767,169440.2,5054.0,2.851146889914369
2026-03-05,2103.0,2274.0,2088.0,2274.0,880468,171781,2145.2,2114.3,2033.3,2099.8,33.13974483644142,4.083310904025977,29.056433932415445,73.39449541284404,76.0,92.61480236378732,477411.65,-2403299,165730.4,-10535.0,-5.778428662322566
2026-03-06,2300.0,2348.0,2291.0,2348.0,867169,182108,2189.8,2153.3,2052.5,2102.0833333333335,50.08357568790916,13.283363860802615,36.800211827106544,81.07416879795397,77.14285714285714,119.5381866264901,496701.15,-1536130,163104.75,10327.0,6.011724230269944
2026-03-09,2492.0,2551.0,2402.0,2442.0,1236540,134629,2261.8,2196.0,2075.85,2106.7,70.28647933862749,24.68398695636759,45.602492382259896,81.52309612983771,85.14285714285714,132.34818679102324,524447.05,-299590,159734.55,-47479.0,-26.071891405100267
2026-03-10,2400.0,2403.0,2214.0,2327.0,753926,112635,2297.4,2213.4,2092.0,2109.8166666666666,76.14019041154188,34.97522764740245,41.16496276413943,70.4494382022472,98.35714285714286,72.21812982205624,514370.4,-1053516,156539.3,-21994.0,-16.336747654665785
2026-03-11,2342.0,2484.0,2266.0,2483.0,853848,130630,2374.8,2245.0,2117.7,2116.2,92.30318124745418,46.440818367412795,45.86236288004138,75.5062680810029,112.07142857142857,88.53082700808456,520276.35,-199668,152830.75,17995.0,15.976383894881696
2026-03-12,2523.0,2642.0,2457.0,2489.0,1014037,115668,2417.8,2281.5,2143.25,2120.733333333333,104.39323752918108,58.03130219976646,46.36193532941462,75.55341674687199,122.92857142857143,102.7450230444668,548829.6,814369,149179.8,-14962.0,-11.453724259358488
2026-03-13,2500.0,2645.0,2485.0,2604.0,795488,121297,2469.0,2329.4,2177.6,2128.0333333333333,121.84962649601357,70.79496705901589,51.05465943699768,76.84594348222424,128.85714285714286,98.12476154251371,568717.5,1609857,144616.2,5629.0,4.866514507037389
2026-03-16,2576.0,2675.0,2496.0,2547.0,862523,106914,2490.0,2375.9,2211.85,2134.5666666666666,129.59067623930423,82.55410889507357,47.03656734423066,69.38976377952756,128.42857142857142,85.78597162778676,583701.0,747334,139438.05,-14383.0,-11.85767166541629
2026-03-17,2490.0,2553.0,2419.0,2523.0,627898,101009,2529.2,2413.3,2241.15,2141.4,132.26425451408386,92.49613801887564,39.76811649520822,67.34892787524366,135.35714285714286,62.26571111975374,585790.8,119436,136783.2,-5905.0,-5.52313074059525
2026-03-18,2508.0,2546.0,2381.0,2442.0,514054,102287,2521.0,2447.9,2265.1,2146.9333333333334,126.39011493433463,99.27493340196744,27.11518153236719,64.94360902255639,143.21428571428572,47.60263225575066,589094.15,-394618,135263.85,1278.0,1.2652337910483258
2026-03-19,2492.0,2537.0,2444.0,2465.0,461770,96324,2516.2,2467.0,2290.65,2151.9666666666667,122.18228346946717,103.8564034154674,18.325880053999768,65.65377532228362,147.57142857142858,49.211888738350524,597812.55,67152,134312.95,-5963.0,-5.829675325310157
2026-03-20,2450.0,2580.0,2425.0,2544.0,616478,101416,2504.2,2486.6,2319.95,2158.366666666667,123.79515302298205,107.84415333697032,15.950999686011727,70.58823529411765,153.57142857142858,53.33163942691544,620121.95,683630,134842.3,5092.0,5.286325318716001
2026-03-23,2557.0,2667.0,2502.0,2634.0,455300,99215,2521.6,2505.8,2350.9,2166.55,130.82751346493205,112.44082536256268,18.386688102369376,71.17903930131004,158.85714285714286,69.23495180121225,623994.6,1138930,136990.05,-2201.0,-2.1702689910862216
2026-03-24,2520.0,2685.0,2497.0,2557.0,545075,82702,2528.4,2528.8,2371.1,2172.516666666667,128.7038355950649,115.69342740906313,13.010408186001769,69.71770744225834,166.78571428571428,57.28951576499608,642491.95,593855,135575.45,-16513.0,-16.643652673486876
2026-03-25,2599.0,2624.0,2370.0,2502.0,435158,77901,2540.4,2530.7,2387.85,2178.15,121.1858106475047,116.79190405675146,4.393906590753232,60.89866156787763,171.64285714285714,31.932810103788427,652144.75,158697,132443.15,-4801.0,-5.805180044013447
2026-03-26,2510.0,2540.0,2458.0,2509.0,290628,79721,2549.2,2532.7,2407.1,2183.616666666667,114.47298984075496,116.32812121355217,-1.855131372797203,58.2226762002043,172.21428571428572,29.156841833827976,652503.0,449325,127838.7,1820.0,2.3362986354475535
2026-03-27,2540.0,2540.0,2422.0,2442.0,293149,87167,2528.8,2516.5,2422.95,2187.3333333333335,102.56439245836418,113.57537546251457,-11.01098300415039,50.0,166.14285714285714,15.507545485544503,651817.4,156176,123361.55,7446.0,9.340073506353397
2026-03-30,2449.0,2449.0,2325.0,2353.0,387437,90622,2472.6,2497.1,2436.5,2189.05,84.96575470910238,107.85345131183213,-22.887696602729747,51.40388768898489,158.71428571428572,-19.202574283552945,650227.0,-231261,117680.2,3455.0,3.963655970722857
2026-03-31,2330.0,2378.0,2321.0,2340.0,248665,82863,2429.2,2478.8,2446.05,2190.8333333333335,69.1723404644199,100.11722914234969,-30.944888677929782,40.86845466155811,147.21428571428572,-37.67201110022509,635137.15,-479926,112960.25,-7759.0,-8.561938602105446
2026-04-01,2345.0,2360.0,2243.0,2250.0,317581,83741,2378.8,2459.6,2453.75,2190.5333333333333,48.83080690560155,89.85994469500007,-41.02913778939852,36.2168396770473,142.35714285714286,-76.48918702466709,622859.6,-797507,108031.5,878.0,1.0595802710497981
2026-04-02,2260.0,2311.0,2234.0,2289.0,269512,85359,2334.8,2442.0,2454.5,2191.483333333333,35.44834264264546,78.97762428452914,-43.529281641883685,30.088495575221245,136.42857142857142,-86.32376443009025,592311.8,-527995,103710.4,1618.0,1.9321479323151092
2026-04-03,2330.0,2336.0,2239.0,2242.0,215661,77059,2294.8,2411.8,2449.2,2190.9666666666667,20.810248503376897,67.3441491282987,-46.5339006249218,30.47375160051216,130.57142857142858,-84.12530000667032,559736.4,-743656,98457.95,-8300.0,-9.723637812064345
2026-04-07,2251.0,2323.0,2209.0,2212.0,236105,80042,2266.6,2369.6,2437.7,2190.4666666666667,6.7113400067601106,55.21758730399098,-48.50624729723087,30.241423125794157,129.14285714285714,-83.2563393780104,509714.65,-979761,95728.6,2983.0,3.871059837267543
2026-04-08,2220.0,2235.0,2123.0,2156.0,241317,79625,2229.8,2329.5,2429.15,2190.3333333333335,-8.87853234821614,42.398363373549564,-51.276895721765705,31.233595800524924,125.35714285714286,-102.62244691000751,484084.2,-1221078,94078.1,-417.0,-0.5209764873441491
2026-04-09,2150.0,2197.0,2108.0,2116.0,160721,78422,2203.0,2290.9,2410.8,2189.0333333333333,-24.18252314088204,29.082186070663248,-53.26470921154529,27.599486521180992,124.92857142857143,-97.36798049995174,449427.85,-1381799,91467.7,-1203.0,-1.5108320251177365
2026-04-10,2119.0,2119.0,2054.0,2063.0,155819,78655,2157.8,2246.3,2389.5,2185.733333333333,-40.12516523609429,15.240715809311741,-55.36588104540603,18.061088977423637,118.5,-99.64163640280542,406516.95,-1537618,89617.05,233.0,0.2971105047053113
2026-04-13,2061.0,2067.0,2004.0,2013.0,178983,75170,2112.0,2203.4,2359.95,2182.3166666666666,-56.14717639062155,0.9631373693250822,-57.110313759946635,6.451612903225794,111.21428571428571,-98.28828079370616,375691.7,-1716601,87310.7,-3485.0,-4.430741847307862
2026-04-14,2010.0,2035.0,1995.0,2014.0,133101,62226,2072.4,2169.5,2333.3,2178.8166666666666,-67.98040819099879,-12.825571742739692,-55.1548364482591,7.378335949764519,100.64285714285714,-88.87914039888024,339220.6,-1583500,85076.3,-12944.0,-17.2196354928828
2026-04-15,2099.0,2114.0,2063.0,2082.0,162139,137027,2057.6,2143.7,2311.25,2177.1833333333334,-71.05225181589822,-24.4709077573714,-46.58134405852682,17.692307692307693,89.64285714285714,-62.27868094692289,315932.65,-1421361,86877.2,74801.0,120.20859447819241
2026-04-16,2074.0,2110.0,2067.0,2099.0,238302,160308,2054.2,2128.6,2294.1,2176.65,-71.29312927909996,-33.83535206171712,-37.45777721738284,18.939393939393938,86.85714285714286,-54.83686150304206,302145.05,-1183059,89778.25,23281.0,16.990082246564555
2026-04-17,2097.0,2097.0,2054.0,2075.0,236828,179551,2056.6,2107.2,2274.6,2176.35,-72.58392353911131,-41.585066357195956,-30.998857181915355,20.259319286871957,81.64285714285714,-53.443502341180086,290897.95,-1419887,93939.6,19243.0,12.003767747086869
2026-04-20,2055.0,2086.0,2041.0,2063.0,310491,186275,2066.6,2089.3,2250.55,2176.45,-73.72532732072614,-48.013118549901996,-25.71220877082414,23.148148148148152,76.0,-51.297844036868625,275598.6,-1730378,98182.55,6724.0,3.7448969930548914
2026-04-21,2062.0,2115.0,2056.0,2103.0,348114,193556,2084.4,2078.4,2224.0,2178.0666666666666,-70.58853168158385,-52.52820117623837,-18.060330505345476,29.1005291005291,76.14285714285714,-40.37805190927541,270239.3,-1382264,102899.6,7281.0,3.908737082270841
2026-04-22,2103.0,2146.0,2089.0,2134.0,399951,193465,2094.8,2076.2,2202.85,2180.2166666666667,-64.85356607619815,-54.99327415623033,-9.860291919967821,38.58267716535433,71.85714285714286,-27.902534849801906,262983.1,-982313,108437.75,-91.0,-0.04701481741717917
2026-04-23,2145.0,2147.0,2095.0,2103.0,314014,201677,2095.6,2074.9,2182.9,2182.6,-62.09422190016994,-56.41346370501825,-5.6807581951516894,31.39999999999999,70.07142857142857,-26.71537993439075,256925.9,-1296327,114626.55,8212.0,4.244695422944722
2026-04-24,2102.0,2117.0,2055.0,2057.0,334949,209157,2092.0,2074.3,2160.3,2184.5666666666666,-62.894231769091675,-57.70961731783294,-5.184614451258739,31.462925851703403,67.57142857142857,-37.18447748243364,259141.95,-1631276,121098.35,7480.0,3.7089008662366085
2026-04-27,2055.0,2110.0,2051.0,2087.0,369339,206626,2096.8,2081.7,2142.55,2186.883333333333,-60.41111435278708,-58.24991672482377,-2.161197627963311,37.474949899799604,63.642857142857146,-32.0628571749073,262951.45,-1261937,127071.3,-2531.0,-1.210095765381991
2026-04-28,2079.0,2086.0,2005.0,2053.0,551717,232262,2086.8,2085.6,2127.55,2188.6833333333334,-60.48945695422617,-58.69782477070425,-1.7916321835219193,39.20335429769392,61.5,-45.26295984316791,271165.45,-1813654,134153.3,25636.0,12.406957498088333
2026-04-29,2055.0,2068.0,2023.0,2026.0,370396,232731,2065.2,2080.0,2111.85,2189.5666666666666,-62.015344098325386,-59.361328636228485,-2.6540154620969005,40.30172413793104,58.357142857142854,-47.601987894745314,277252.0,-2184050,141646.7,469.0,0.20192713401245843
2026-04-30,2028.0,2032.0,1999.0,2026.0,360106,226601,2049.8,2072.7,2100.65,2190.8166666666666,-62.50411215597205,-59.989885340177196,-2.5142268157948564,45.49878345498784,56.07142857142857,-55.732311138721,279378.25,-2184050,148789.7,-6130.0,-2.6339421907696003
2026-05-06,2034.0,2109.0,2032.0,2109.0,376045,211695,2060.2,2076.1,2091.65,2193.15,-55.553669897365126,-59.10264225161478,3.5489723542496563,60.810810810810814,57.5,-10.319391074770952,284704.9,-1808005,155106.5,-14906.0,-6.578082179690292
2026-05-07,2106.0,2152.0,2092.0,2136.0,497305,212910,2070.0,2083.4,2086.35,2196.016666666667,-47.321230294213365,-56.746359860134504,9.42512956592114,62.97872340425532,58.92857142857143,33.233134135704226,298787.1,-1310700,161899.05,1215.0,0.5739389215616786
2026-05-08,2136.0,2150.0,2073.0,2089.0,550424,226555,2077.2,2082.0,2080.2,2197.9166666666665,-44.081327695798336,-54.21335342726727,10.132025731468936,50.779510022271715,57.285714285714285,25.814832653382055,314503.05,-1861124,169224.7,13645.0,6.408811234794043
