date,symbol,close,volume,open_interest,roll_yield
20250526,SN2506,264050.0,41674.0,18619.0,0.01271812072567
20250526,SN2507,264330.0,33190.0,19902.0,-0.003178266728127
20250526,SN2508,264260.0,4801.0,7471.0,-0.0018165304303529
20250526,SN2509,264220.0,1603.0,4393.0,0.0090799035809102
20250526,SN2510,264420.0,44.0,748.0,-0.0104424818833156
20250526,SN2511,264190.0,5.0,207.0,-0.0095423826903897
20250526,SN2512,263980.0,0.0,205.0,0.0354049505989624
20250526,SN2601,264760.0,2.0,167.0,-0.0213212417871605
20250526,SN2602,264290.0,0.0,70.0,0.0
20250526,SN2603,264290.0,0.0,48.0,-0.0040871161628049
20250526,SN2604,264200.0,0.0,22.0,0.0403559865695023
20250526,SN2605,265090.0,0.0,0.0,0.0
20250527,SN2506,264690.0,31895.0,12483.0,0.0045327491662316
20250527,SN2507,264790.0,48303.0,21617.0,0.0095132038429603
20250527,SN2508,265000.0,6023.0,7982.0,-0.0063412978488467
20250527,SN2509,264860.0,4140.0,4823.0,0.0067941194937748
20250527,SN2510,265010.0,321.0,857.0,0.0063377095180744
20250527,SN2511,265150.0,4.0,206.0,-0.0181166292194781
20250527,SN2512,264750.0,1.0,205.0,0.0574261133236108
20250527,SN2601,266020.0,5.0,167.0,-0.0782941058802978
20250527,SN2602,264290.0,0.0,70.0,0.0
20250527,SN2603,264290.0,0.0,48.0,-0.0040871161628049
20250527,SN2604,264200.0,0.0,22.0,0.0403559865695023
20250527,SN2605,265090.0,0.0,0.0,0.0
20250528,SN2506,256870.0,22272.0,7001.0,0.006071574652266
20250528,SN2507,257000.0,96332.0,28221.0,0.0074684925391928
20250528,SN2508,257160.0,14020.0,10106.0,0.0065311201705494
20250528,SN2509,257300.0,4105.0,5549.0,0.0065275674764959
20250528,SN2510,257440.0,236.0,887.0,0.0325846819556225
20250528,SN2511,258140.0,8.0,207.0,0.0060417111711751
20250528,SN2512,258270.0,16.0,203.0,0.0060386708456856
20250528,SN2601,258400.0,24.0,166.0,-0.0302237881365294
20250528,SN2602,257750.0,1.0,69.0,0.0172136420468351
20250528,SN2603,258120.0,5.0,49.0,0.236610527155471
20250528,SN2604,263260.0,1.0,22.0,0.0541207261767276
20250528,SN2605,264450.0,7.0,4.0,0.0
20250529,SN2506,257570.0,9677.0,4732.0,0.0139686497225925
20250529,SN2507,257870.0,101767.0,28610.0,0.0060480354857715
20250529,SN2508,258000.0,16654.0,11196.0,-0.0046520644118205
20250529,SN2509,257900.0,4842.0,5843.0,0.0046520644118207
20250529,SN2510,258000.0,716.0,968.0,0.0069747168484877
20250529,SN2511,258150.0,83.0,245.0,-0.0065096095830665
20250529,SN2512,258010.0,17.0,208.0,0.0148739221893721
20250529,SN2601,258330.0,17.0,165.0,0.0032512143871601
20250529,SN2602,258400.0,4.0,72.0,-0.034414626540817
20250529,SN2603,257660.0,10.0,51.0,-0.0457285617727689
20250529,SN2604,256680.0,1.0,22.0,0.0270848852190588
20250529,SN2605,257260.0,17.0,18.0,0.0
20250530,SN2506,249070.0,7834.0,2739.0,0.059114603797397
20250530,SN2507,250300.0,149442.0,33504.0,0.0115006797398077
20250530,SN2508,250540.0,22877.0,12920.0,-0.0023950661716539
20250530,SN2509,250490.0,6258.0,6790.0,0.0435155590528671
20250530,SN2510,251400.0,753.0,1266.0,0.0023863975419196
20250530,SN2511,251450.0,66.0,302.0,-0.0162368697169435
20250530,SN2512,251110.0,16.0,212.0,0.0171912958687232
20250530,SN2601,251470.0,33.0,187.0,-0.0243616109783929
20250530,SN2602,250960.0,3.0,74.0,0.0467688005008098
20250530,SN2603,251940.0,8.0,56.0,-0.0295672366729276
20250530,SN2604,251320.0,3.0,23.0,0.1357877990301377
20250530,SN2605,254180.0,6.0,23.0,0.0
20250603,SN2506,249560.0,1271.0,2230.0,0.0115347653866994
20250603,SN2507,249800.0,68808.0,35021.0,0.010563803651278
20250603,SN2508,250020.0,11615.0,13868.0,0.0004799520048639
20250603,SN2509,250030.0,3323.0,7292.0,0.0057579272566988
20250603,SN2510,250150.0,676.0,1431.0,0.0392720657028748
20250603,SN2511,250970.0,8.0,306.0,-0.0105237988089047
20250603,SN2512,250750.0,10.0,218.0,0.0043063059933031
20250603,SN2601,250840.0,24.0,186.0,-0.0378526537188881
20250603,SN2602,250050.0,4.0,76.0,0.0722475817246788
20250603,SN2603,251560.0,3.0,56.0,-0.0171851409751084
20250603,SN2604,251200.0,0.0,23.0,0.0176621548681995
20250603,SN2605,251570.0,0.0,23.0,0.0
20250604,SN2506,257540.0,778.0,1986.0,0.0186234226872901
20250604,SN2507,257940.0,138136.0,31008.0,-0.0055839926554377
20250604,SN2508,257820.0,22287.0,13170.0,0.0046535076396558
20250604,SN2509,257920.0,6394.0,7738.0,0.006046863317672
20250604,SN2510,258050.0,1210.0,1586.0,-0.0027904813706095
20250604,SN2511,257990.0,86.0,274.0,0.0218414233983191
20250604,SN2512,258460.0,37.0,221.0,0.0018570102172629
20250604,SN2601,258500.0,43.0,172.0,-0.0591008116862605
20250604,SN2602,257230.0,4.0,76.0,-0.0018661793902544
20250604,SN2603,257190.0,11.0,62.0,-0.1275859261069359
20250604,SN2604,254470.0,2.0,25.0,0.1583408357652598
20250604,SN2605,257850.0,19.0,31.0,0.0
20250605,SN2506,258680.0,530.0,1848.0,0.0102013221491999
20250605,SN2507,258900.0,105097.0,27843.0,0.0046340993045485
20250605,SN2508,259000.0,14688.0,13258.0,-0.0092699888735067
20250605,SN2509,258800.0,4668.0,7946.0,0.0004636695582184
20250605,SN2510,258810.0,661.0,1665.0,-0.0088127866666981
20250605,SN2511,258620.0,40.0,298.0,0.0273448933575475
20250605,SN2512,259210.0,40.0,222.0,0.0055540557168433
20250605,SN2601,259330.0,34.0,176.0,-0.0245498319659141
20250605,SN2602,258800.0,10.0,83.0,0.0139022992958261
20250605,SN2603,259100.0,12.0,67.0,0.0106475326700883
20250605,SN2604,259330.0,11.0,30.0,-0.0046282012298489
20250605,SN2605,259230.0,6.0,32.0,0.0
20250606,SN2506,263400.0,330.0,1822.0,0.0091081598300582
20250606,SN2507,263600.0,124338.0,25977.0,-0.0018210789927963
20250606,SN2508,263560.0,21257.0,13089.0,-0.0004553129328386
20250606,SN2509,263550.0,5588.0,7822.0,0.0
20250606,SN2510,263550.0,782.0,1681.0,-0.0246125883913436
20250606,SN2511,263010.0,39.0,301.0,0.0382644669968755
20250606,SN2512,263850.0,77.0,219.0,-0.0346149706752665
20250606,SN2601,263090.0,28.0,167.0,0.0232394839953695
20250606,SN2602,263600.0,0.0,83.0,0.0268288635598651
20250606,SN2603,264190.0,4.0,68.0,-0.03047129794813
20250606,SN2604,263520.0,4.0,28.0,0.0
20250606,SN2605,263520.0,12.0,35.0,0.0
20250609,SN2506,263700.0,406.0,1688.0,0.0018201122437432
20250609,SN2507,263740.0,84455.0,25485.0,-0.0059163744442981
20250609,SN2508,263610.0,13105.0,12844.0,-0.0004552265701119
20250609,SN2509,263600.0,3264.0,8003.0,0.00637160101441
20250609,SN2510,263740.0,323.0,1667.0,-0.0191249613585254
20250609,SN2511,263320.0,77.0,322.0,0.0163946894571723
20250609,SN2512,263680.0,6.0,220.0,0.0077341575668386
20250609,SN2601,263850.0,20.0,170.0,-0.0113754866798969
20250609,SN2602,263600.0,0.0,83.0,-0.039670965015429
20250609,SN2603,262730.0,1.0,67.0,0.0451325444163905
20250609,SN2604,263720.0,4.0,27.0,-0.0104702117755585
20250609,SN2605,263490.0,5.0,34.0,0.0
20250610,SN2506,263500.0,172.0,1648.0,-0.0036438169261981
20250610,SN2507,263420.0,69591.0,25381.0,-0.0022779475760807
20250610,SN2508,263370.0,12245.0,13161.0,-0.0031898532475604
20250610,SN2509,263300.0,3203.0,7951.0,-0.000455762547768
20250610,SN2510,263290.0,282.0,1711.0,0.0186720848314943
20250610,SN2511,263700.0,71.0,298.0,0.004094864397353
20250610,SN2512,263790.0,40.0,214.0,-0.0009098491171243
20250610,SN2601,263770.0,21.0,166.0,0.0050033166649201
20250610,SN2602,263880.0,5.0,83.0,0.0036374659266087
20250610,SN2603,263960.0,17.0,61.0,-0.0031827223829656
20250610,SN2604,263890.0,4.0,23.0,-0.0209360593195179
20250610,SN2605,263430.0,23.0,20.0,0.0
20250611,SN2506,265500.0,34.0,1642.0,0.0013558556028204
20250611,SN2507,265530.0,69001.0,26162.0,-0.008589673921494
20250611,SN2508,265340.0,12694.0,13655.0,-0.0054282268718129
20250611,SN2509,265220.0,3040.0,8268.0,-0.0054306834536761
20250611,SN2510,265100.0,512.0,1827.0,0.0122155834629242
20250611,SN2511,265370.0,40.0,302.0,-0.0122155834629234
20250611,SN2512,265100.0,25.0,222.0,0.0072403652547249
20250611,SN2601,265260.0,19.0,165.0,0.0153712864328622
20250611,SN2602,265600.0,13.0,76.0,-0.0294034639620924
20250611,SN2603,264950.0,19.0,56.0,0.0740492246999835
20250611,SN2604,266590.0,6.0,20.0,-0.0668047615889632
20250611,SN2605,265110.0,12.0,18.0,0.0
20250612,SN2506,265200.0,96.0,1576.0,-0.0022626567428213
20250612,SN2507,265150.0,51029.0,25639.0,-0.0104137195963241
20250612,SN2508,264920.0,10862.0,13713.0,-0.0081561759738467
20250612,SN2509,264740.0,3366.0,8310.0,-0.0040801677795375
20250612,SN2510,264650.0,396.0,1971.0,0.0135951676172955
20250612,SN2511,264950.0,18.0,312.0,0.002264364569414
20250612,SN2512,265000.0,10.0,220.0,-0.0144993221083615
20250612,SN2601,264680.0,5.0,165.0,-0.0158787191653281
20250612,SN2602,264330.0,4.0,73.0,0.0208648374307296
20250612,SN2603,264790.0,0.0,56.0,-0.027676440043098
20250612,SN2604,264180.0,1.0,20.0,0.0040874255291584
20250612,SN2605,264270.0,6.0,19.0,0.0
20250613,SN2506,263300.0,74.0,1560.0,0.0177612510839918
20250613,SN2507,263690.0,79873.0,24592.0,-0.0095604838412504
20250613,SN2508,263480.0,15668.0,13975.0,-0.0086565297905088
20250613,SN2509,263290.0,4961.0,8368.0,-0.0027349388555668
20250613,SN2510,263230.0,991.0,2085.0,-0.0241857363258991
20250613,SN2511,262700.0,56.0,331.0,0.0214501740040227
20250613,SN2512,263170.0,36.0,244.0,-0.0127742094715249
20250613,SN2601,262890.0,11.0,168.0,0.0155097717934012
20250613,SN2602,263230.0,4.0,72.0,-0.0059278400688652
20250613,SN2603,263100.0,2.0,56.0,0.0123083947197608
20250613,SN2604,263370.0,0.0,20.0,0.0368496166738858
20250613,SN2605,264180.0,2.0,20.0,0.0
20250616,SN2506,264600.0,40.0,1558.0,-0.0045360045900147
20250616,SN2507,264500.0,61758.0,23916.0,-0.005445469765206
20250616,SN2508,264380.0,15317.0,14465.0,-0.0140789116348356
20250616,SN2509,264070.0,3636.0,8342.0,-0.0086371819241665
20250616,SN2510,263880.0,806.0,2100.0,0.0136348156925679
20250616,SN2511,264180.0,23.0,335.0,-0.023188413012647
20250616,SN2512,263670.0,10.0,243.0,-0.0031862233957372
20250616,SN2601,263600.0,9.0,169.0,0.0245575558476732
20250616,SN2602,264140.0,0.0,72.0,0.0036338860145973
20250616,SN2603,264220.0,1.0,57.0,-0.0286466857023071
20250616,SN2604,263590.0,1.0,20.0,-0.0205038684478842
20250616,SN2605,263140.0,1.0,21.0,0.0
20250617,SN2507,263730.0,65747.0,21967.0,-0.0031854984164759
20250617,SN2508,263660.0,18458.0,14858.0,-0.0072843161808828
20250617,SN2509,263500.0,3506.0,8176.0,-0.0109347718098636
20250617,SN2510,263260.0,603.0,2128.0,0.0022788992984912
20250617,SN2511,263310.0,184.0,386.0,0.0314046944901629
20250617,SN2512,264000.0,18.0,245.0,-0.0236596724858874
20250617,SN2601,263480.0,6.0,170.0,0.0282042663671314
20250617,SN2602,264100.0,1.0,73.0,-0.0551055068066112
20250617,SN2603,262890.0,2.0,57.0,0.0031948274411407
20250617,SN2604,262960.0,0.0,20.0,-0.0118707919736377
20250617,SN2605,262700.0,2.0,19.0,0.0200821589543753
20250617,SN2606,263140.0,0.0,0.0,0.0
20250618,SN2507,265010.0,61501.0,22547.0,-0.0067941194937751
20250618,SN2508,264860.0,17479.0,15307.0,-0.0149606169852886
20250618,SN2509,264530.0,5711.0,9006.0,-0.0081682048230199
20250618,SN2510,264350.0,799.0,2350.0,-0.0068110871188107
20250618,SN2511,264200.0,19.0,386.0,-0.0086329304569575
20250618,SN2512,264010.0,21.0,250.0,0.0004545196296219
20250618,SN2601,264020.0,11.0,168.0,-0.0036366391671617
20250618,SN2602,263940.0,2.0,72.0,-0.0045473493287348
20250618,SN2603,263840.0,2.0,57.0,-0.0018194223368945
20250618,SN2604,263800.0,0.0,20.0,-0.0027296508439344
20250618,SN2605,263740.0,1.0,20.0,-0.0150241886267256
20250618,SN2606,263410.0,2.0,1.0,0.0
20250619,SN2507,263300.0,53667.0,21158.0,-0.000455762547768
20250619,SN2508,263290.0,14195.0,15781.0,-0.0086627789244327
20250619,SN2509,263100.0,4399.0,9336.0,-0.0136908172294986
20250619,SN2510,262800.0,681.0,2371.0,-0.0137064549453246
20250619,SN2511,262500.0,33.0,393.0,0.0210101678914263
20250619,SN2512,262960.0,53.0,278.0,-0.0196388176813738
20250619,SN2601,262530.0,9.0,170.0,0.0319537620336374
20250619,SN2602,263230.0,1.0,72.0,-0.0150533157938032
20250619,SN2603,262900.0,0.0,57.0,-0.0219294966991898
20250619,SN2604,262420.0,4.0,22.0,0.0073142859407348
20250619,SN2605,262580.0,8.0,21.0,-0.0118879796348574
20250619,SN2606,262320.0,0.0,1.0,0.0
20250620,SN2507,260560.0,109074.0,18534.0,-0.0023029535449803
20250620,SN2508,260510.0,41032.0,16385.0,-0.0078333496109843
20250620,SN2509,260340.0,10527.0,9380.0,-0.0129131449816862
20250620,SN2510,260060.0,1433.0,2395.0,-0.0203202018999044
20250620,SN2511,259620.0,110.0,425.0,0.0013865619057548
20250620,SN2512,259650.0,31.0,288.0,-0.0120221958267671
20250620,SN2601,259390.0,58.0,184.0,0.0503203461129381
20250620,SN2602,260480.0,7.0,71.0,-0.0073732721213732
20250620,SN2603,260320.0,10.0,56.0,0.0184246927029424
20250620,SN2604,260720.0,0.0,22.0,-0.0511983556805459
20250620,SN2605,259610.0,4.0,22.0,-0.0551320391422369
20250620,SN2606,258420.0,3.0,0.0,0.0
20250623,SN2507,261880.0,84305.0,17549.0,-0.0054999619021011
20250623,SN2508,261760.0,28585.0,16642.0,-0.00596113808854
20250623,SN2509,261630.0,7581.0,9597.0,-0.0045875067459848
20250623,SN2510,261530.0,1364.0,2629.0,-0.005966381856603
20250623,SN2511,261400.0,94.0,429.0,-0.0055100636155992
20250623,SN2512,261280.0,58.0,309.0,0.0027553480661419
20250623,SN2601,261340.0,27.0,179.0,0.0156017000295414
20250623,SN2602,261680.0,10.0,71.0,-0.0018344416453976
20250623,SN2603,261640.0,3.0,56.0,-0.0087174295064687
20250623,SN2604,261450.0,3.0,23.0,-0.0004589875500182
20250623,SN2605,261440.0,6.0,26.0,-0.0607409840482432
20250623,SN2606,260120.0,0.0,0.0,0.0
20250624,SN2507,263800.0,55823.0,16401.0,-0.0054599227452882
20250624,SN2508,263680.0,22876.0,17886.0,-0.0081945448762789
20250624,SN2509,263500.0,5728.0,10690.0,-0.0077444339570837
20250624,SN2510,263330.0,1057.0,2892.0,-0.0059255884059741
20250624,SN2511,263200.0,57.0,439.0,0.002735250553193
20250624,SN2512,263260.0,48.0,333.0,0.0118455531848231
20250624,SN2601,263520.0,48.0,197.0,-0.0419676547276126
20250624,SN2602,262600.0,1.0,72.0,0.018264843708824
20250624,SN2603,263000.0,0.0,56.0,-0.0077591619765893
20250624,SN2604,262830.0,0.0,23.0,0.0164252335442411
20250624,SN2605,263190.0,3.0,28.0,-0.0429354903839477
20250624,SN2606,262250.0,0.0,0.0,0.0
20250625,SN2507,263000.0,54756.0,13077.0,0.0063861331191301
20250625,SN2508,263140.0,39911.0,20213.0,-0.0031926417398187
20250625,SN2509,263070.0,8417.0,11849.0,-0.0054750770882486
20250625,SN2510,262950.0,945.0,3071.0,0.0123154124498937
20250625,SN2511,263220.0,68.0,463.0,-0.0223595463493353
20250625,SN2512,262730.0,30.0,340.0,0.0191678750726578
20250625,SN2601,263150.0,31.0,198.0,-0.0251069991731058
20250625,SN2602,262600.0,0.0,72.0,0.018264843708824
20250625,SN2603,263000.0,0.0,56.0,-0.0077591619765893
20250625,SN2604,262830.0,0.0,23.0,-0.041161714266674
20250625,SN2605,261930.0,4.0,28.0,0.0146514574269662
20250625,SN2606,262250.0,0.0,0.0,0.0
20250626,SN2507,267270.0,70273.0,10817.0,-0.0004489925729671
20250626,SN2508,267260.0,87878.0,25878.0,-0.0071861668439963
20250626,SN2509,267100.0,21118.0,14148.0,-0.0098880113463987
20250626,SN2510,266880.0,2306.0,3221.0,-0.0148473108193426
20250626,SN2511,266550.0,392.0,563.0,-0.0067548552304313
20250626,SN2512,266400.0,154.0,370.0,0.0220517979137396
20250626,SN2601,266890.0,65.0,207.0,-0.0328674813858923
20250626,SN2602,266160.0,10.0,71.0,0.0112661254684157
20250626,SN2603,266410.0,0.0,56.0,-0.0040545867898363
20250626,SN2604,266320.0,0.0,23.0,-0.0040559572257321
20250626,SN2605,266230.0,10.0,34.0,-0.0438014371810201
20250626,SN2606,265260.0,0.0,0.0,0.0
20250627,SN2507,268550.0,34714.0,5980.0,0.0142905007399014
20250627,SN2508,268870.0,108804.0,33002.0,-0.0040174835305028
20250627,SN2509,268780.0,19222.0,15096.0,-0.0093793621598336
20250627,SN2510,268570.0,3666.0,3723.0,-0.0268386439083871
20250627,SN2511,267970.0,792.0,759.0,-0.011200508569499
20250627,SN2512,267720.0,511.0,523.0,0.0026890756415048
20250627,SN2601,267780.0,112.0,218.0,0.0008962246540633
20250627,SN2602,267800.0,72.0,70.0,-0.0076200439592441
20250627,SN2603,267630.0,8.0,57.0,-0.0008967939620053
20250627,SN2604,267610.0,5.0,25.0,-0.0143578256051781
20250627,SN2605,267290.0,19.0,39.0,0.0139094034904428
20250627,SN2606,267600.0,6.0,2.0,0.0
20250630,SN2507,268140.0,10516.0,2841.0,-0.0013426573440576
20250630,SN2508,268110.0,85038.0,31484.0,0.0008951215877649
20250630,SN2509,268130.0,12351.0,16031.0,-0.0111938218224947
20250630,SN2510,267880.0,1642.0,3812.0,-0.0152403740929103
20250630,SN2511,267540.0,175.0,748.0,-0.0098717426948508
20250630,SN2512,267320.0,109.0,530.0,0.0031418900143944
20250630,SN2601,267390.0,23.0,213.0,-0.0008975989232995
20250630,SN2602,267370.0,10.0,71.0,-0.0080814130561084
20250630,SN2603,267190.0,1.0,58.0,-0.0004491270094279
20250630,SN2604,267180.0,3.0,23.0,-0.0540176469197859
20250630,SN2605,265980.0,6.0,38.0,0.0683813802125276
20250630,SN2606,267500.0,12.0,2.0,0.0
20250701,SN2507,269360.0,1981.0,2162.0,0.0213649908069096
20250701,SN2508,269840.0,70070.0,31494.0,-0.0013341980927295
20250701,SN2509,269810.0,11407.0,16624.0,-0.0129049017684386
20250701,SN2510,269520.0,1290.0,3954.0,-0.0414785494094772
20250701,SN2511,268590.0,199.0,737.0,-0.0102802874338437
20250701,SN2512,268360.0,151.0,545.0,-0.0668125710036607
20250701,SN2601,266870.0,30.0,218.0,-0.0549839465691596
20250701,SN2602,265650.0,5.0,69.0,0.0653216066275544
20250701,SN2603,267100.0,17.0,58.0,-0.0251855275720118
20250701,SN2604,266540.0,2.0,23.0,-0.0677228179192861
20250701,SN2605,265040.0,11.0,38.0,0.0524057756324504
20250701,SN2606,266200.0,1.0,3.0,0.0
20250702,SN2507,268270.0,788.0,1938.0,0.0111775562767792
20250702,SN2508,268520.0,73999.0,31365.0,0.0058082172513564
20250702,SN2509,268650.0,11953.0,16983.0,-0.0160911857835726
20250702,SN2510,268290.0,1739.0,4167.0,-0.0120825652094052
20250702,SN2511,268020.0,260.0,779.0,-0.0098540560201225
20250702,SN2512,267800.0,152.0,573.0,0.0
20250702,SN2601,267800.0,28.0,212.0,0.000896157724175
20250702,SN2602,267820.0,2.0,69.0,-0.0013442616843471
20250702,SN2603,267790.0,4.0,57.0,-0.0408476650801118
20250702,SN2604,266880.0,0.0,23.0,-0.0035976615469593
20250702,SN2605,266800.0,3.0,38.0,-0.007198560503813
20250702,SN2606,266640.0,0.0,3.0,0.0
20250703,SN2507,268410.0,658.0,1786.0,0.0004470689045468
20250703,SN2508,268420.0,57264.0,30442.0,0.0035759517511145
20250703,SN2509,268500.0,11119.0,16507.0,-0.0134153172160954
20250703,SN2510,268200.0,1353.0,4136.0,-0.0241854297521965
20250703,SN2511,267660.0,106.0,773.0,0.0013449145432952
20250703,SN2512,267690.0,62.0,556.0,0.0049300641228293
20250703,SN2601,267800.0,19.0,208.0,0.0290909233380777
20250703,SN2602,268450.0,10.0,67.0,-0.0447845266958326
20250703,SN2603,267450.0,6.0,56.0,-0.022455096372766
20250703,SN2604,266950.0,0.0,23.0,0.0229037699814639
20250703,SN2605,267460.0,0.0,38.0,-0.0260508392912229
20250703,SN2606,266880.0,0.0,3.0,0.0
20250704,SN2507,266990.0,590.0,1488.0,0.0116801446777633
20250704,SN2508,267250.0,83441.0,30719.0,0.0035916046510012
20250704,SN2509,267330.0,18847.0,17004.0,-0.0139234599694712
20250704,SN2510,267020.0,2429.0,4284.0,-0.0215908297244158
20250704,SN2511,266540.0,267.0,768.0,0.0022508581462658
20250704,SN2512,266590.0,59.0,562.0,0.0004501209700626
20250704,SN2601,266600.0,30.0,206.0,0.0148445279740281
20250704,SN2602,266930.0,20.0,73.0,-0.0247510916347141
20250704,SN2603,266380.0,3.0,56.0,0.028796414268772
20250704,SN2604,267020.0,1.0,23.0,-0.0049444684459587
20250704,SN2605,266910.0,1.0,37.0,-0.0134952780755059
20250704,SN2606,266610.0,9.0,4.0,0.0
20250707,SN2507,263080.0,514.0,1274.0,0.0200531759541598
20250707,SN2508,263520.0,84417.0,28262.0,0.0068286577840001
20250707,SN2509,263670.0,20293.0,17008.0,-0.0141168450715031
20250707,SN2510,263360.0,2908.0,4364.0,-0.0141334717426653
20250707,SN2511,263050.0,378.0,737.0,0.0031928844478231
20250707,SN2512,263120.0,212.0,558.0,-0.0054740364364442
20250707,SN2601,263000.0,60.0,211.0,-0.033354296418232
20250707,SN2602,262270.0,19.0,85.0,-0.0096122675976719
20250707,SN2603,262060.0,15.0,66.0,0.0425102815770196
20250707,SN2604,262990.0,0.0,23.0,-0.0013689514227227
20250707,SN2605,262960.0,1.0,36.0,0.0927347595631001
20250707,SN2606,265000.0,4.0,6.0,0.0
20250708,SN2507,265340.0,514.0,1004.0,0.0063298294674421
20250708,SN2508,265480.0,71334.0,26245.0,0.0045192634134867
20250708,SN2509,265580.0,15963.0,17042.0,-0.0099446270806132
20250708,SN2510,265360.0,1987.0,4435.0,-0.0149324101547488
20250708,SN2511,265030.0,120.0,738.0,-0.0031698711480769
20250708,SN2512,264960.0,112.0,545.0,-0.0135946542238986
20250708,SN2601,264660.0,25.0,229.0,-0.0031743032778395
20250708,SN2602,264590.0,22.0,97.0,-0.0108897046834905
20250708,SN2603,264350.0,25.0,83.0,-0.0363705525629197
20250708,SN2604,263550.0,1.0,23.0,0.0036420198314379
20250708,SN2605,263630.0,23.0,42.0,-0.0698459354937023
20250708,SN2606,262100.0,1.0,5.0,0.0
20250709,SN2507,262200.0,86.0,934.0,0.0315374688752329
20250709,SN2508,262890.0,95678.0,26633.0,0.0013693159140782
20250709,SN2509,262920.0,23650.0,17577.0,0.0027381631607669
20250709,SN2510,262980.0,3405.0,4851.0,-0.0278671487186461
20250709,SN2511,262370.0,394.0,819.0,0.0073156794035649
20250709,SN2512,262530.0,126.0,583.0,0.006397562984738
20250709,SN2601,262670.0,39.0,240.0,-0.002741395077412
20250709,SN2602,262610.0,31.0,89.0,-0.0004569600731684
20250709,SN2603,262600.0,70.0,94.0,-0.0343216937183893
20250709,SN2604,261850.0,6.0,28.0,0.0096199734113103
20250709,SN2605,262060.0,6.0,45.0,0.0
20250709,SN2606,262060.0,15.0,12.0,0.0
20250710,SN2507,267000.0,130.0,850.0,-0.0116910864720128
20250710,SN2508,266740.0,76901.0,26471.0,0.0008997188382838
20250710,SN2509,266760.0,21313.0,17492.0,-0.0062994489428955
20250710,SN2510,266620.0,3541.0,4955.0,-0.0144111703877321
20250710,SN2511,266300.0,413.0,892.0,-0.0067611984134419
20250710,SN2512,266150.0,215.0,608.0,0.0040571761689272
20250710,SN2601,266240.0,39.0,249.0,-0.0904845186037152
20250710,SN2602,264240.0,10.0,96.0,0.0936391519896406
20250710,SN2603,266310.0,16.0,87.0,-0.0437882551148034
20250710,SN2604,265340.0,1.0,29.0,0.0581988846846621
20250710,SN2605,266630.0,7.0,49.0,-0.0971555456773431
20250710,SN2606,264480.0,2.0,10.0,0.0
20250711,SN2507,263730.0,24.0,840.0,0.0095514246898387
20250711,SN2508,263940.0,70958.0,24150.0,0.0059089791160067
20250711,SN2509,264070.0,22313.0,18004.0,-0.0127306494719617
20250711,SN2510,263790.0,3528.0,4810.0,-0.0141104194383397
20250711,SN2511,263480.0,369.0,888.0,0.0072848689443242
20250711,SN2512,263640.0,156.0,616.0,-0.0350990734743216
20250711,SN2601,262870.0,19.0,250.0,0.0877825280143303
20250711,SN2602,264800.0,7.0,97.0,-0.0645236133693492
20250711,SN2603,263380.0,6.0,83.0,0.022304416094215
20250711,SN2604,263870.0,2.0,29.0,0.0372332673463719
20250711,SN2605,264690.0,5.0,49.0,-0.0417818232343547
20250711,SN2606,263770.0,4.0,12.0,0.0
20250714,SN2507,266850.0,90.0,838.0,-0.0058474053296392
20250714,SN2508,266720.0,79659.0,25204.0,-0.0008998537741835
20250714,SN2509,266700.0,27254.0,18372.0,-0.0085519780067861
20250714,SN2510,266510.0,4625.0,5341.0,-0.0202790291797201
20250714,SN2511,266060.0,472.0,890.0,-0.0103780863412675
20250714,SN2512,265830.0,173.0,641.0,-0.0031603303480319
20250714,SN2601,265760.0,34.0,251.0,-0.033460212341936
20250714,SN2602,265020.0,1.0,97.0,0.0555650662457383
20250714,SN2603,266250.0,3.0,82.0,-0.0370147750598868
20250714,SN2604,265430.0,0.0,29.0,0.0356625862027468
20250714,SN2605,266220.0,8.0,50.0,-0.0709780357785188
20250714,SN2606,264650.0,6.0,10.0,0.0
20250715,SN2507,262300.0,132.0,810.0,0.0429273205810854
20250715,SN2508,263240.0,90649.0,24450.0,0.0059246882197045
20250715,SN2509,263370.0,29061.0,19080.0,-0.0027341080090933
20250715,SN2510,263310.0,5875.0,5864.0,-0.0082060636888315
20250715,SN2511,263130.0,661.0,1020.0,-0.0036489414550048
20250715,SN2512,263050.0,357.0,661.0,0.0
20250715,SN2601,263050.0,72.0,272.0,-0.0050191069002968
20250715,SN2602,262940.0,24.0,99.0,-0.01141487444101
20250715,SN2603,262690.0,6.0,84.0,0.0496895119923766
20250715,SN2604,263780.0,0.0,29.0,-0.0122892536675195
20250715,SN2605,263510.0,32.0,55.0,0.0268380165316939
20250715,SN2606,264100.0,6.0,13.0,0.0
20250716,SN2508,263960.0,55566.0,22748.0,0.007725956069867
20250716,SN2509,264130.0,17721.0,19008.0,-0.0095445512086052
20250716,SN2510,263920.0,2671.0,5737.0,-0.0031832048237896
20250716,SN2511,263850.0,831.0,1265.0,-0.0109202601097843
20250716,SN2512,263610.0,606.0,898.0,0.0254651654926127
20250716,SN2601,264170.0,126.0,343.0,-0.0259203920627254
20250716,SN2602,263600.0,15.0,104.0,-0.0414980747597379
20250716,SN2603,262690.0,1.0,84.0,0.0515090722687977
20250716,SN2604,263820.0,1.0,30.0,0.0086391455524567
20250716,SN2605,264010.0,16.0,56.0,0.0109037224024226
20250716,SN2606,264250.0,2.0,12.0,-0.0527933494593081
20250716,SN2607,263090.0,12.0,2.0,0.0
20250717,SN2508,261920.0,62243.0,22969.0,0.0096174034343586
20250717,SN2509,262130.0,26079.0,20442.0,0.0036617462236295
20250717,SN2510,262210.0,3768.0,5881.0,-0.0041195430763327
20250717,SN2511,262120.0,972.0,1489.0,0.001373338166947
20250717,SN2512,262150.0,560.0,878.0,0.0091515733701478
20250717,SN2601,262350.0,49.0,348.0,-0.002744739261737
20250717,SN2602,262290.0,6.0,104.0,0.0452081132901013
20250717,SN2603,263280.0,2.0,84.0,-0.0159632109589866
20250717,SN2604,262930.0,0.0,30.0,-0.0059346053365623
20250717,SN2605,262800.0,2.0,55.0,0.0086726643688236
20250717,SN2606,262990.0,4.0,13.0,-0.044342062987995
20250717,SN2607,262020.0,5.0,2.0,0.0
20250718,SN2508,264540.0,68576.0,19626.0,0.0040818640906072
20250718,SN2509,264630.0,27316.0,20599.0,-0.0018139904044217
20250718,SN2510,264590.0,3938.0,6029.0,-0.0108897046834905
20250718,SN2511,264350.0,771.0,1417.0,0.004538577966356
20250718,SN2512,264450.0,414.0,945.0,-0.0009075782790592
20250718,SN2601,264430.0,60.0,335.0,0.013153171495472
20250718,SN2602,264720.0,7.0,104.0,0.0099686597131047
20250718,SN2603,264940.0,5.0,84.0,0.0031701104062098
20250718,SN2604,265010.0,1.0,30.0,-0.0027171862143414
20250718,SN2605,264950.0,14.0,47.0,0.0054337573095539
20250718,SN2606,265070.0,5.0,12.0,0.0072411844550667
20250718,SN2607,265230.0,3.0,4.0,0.0
20250721,SN2508,267250.0,73273.0,18692.0,0.0098743273076066
20250721,SN2509,267470.0,37852.0,23410.0,-0.0085273495874498
20250721,SN2510,267280.0,5755.0,6604.0,-0.0013469777201578
20250721,SN2511,267250.0,1065.0,1444.0,-0.0013471289328791
20250721,SN2512,267220.0,661.0,1128.0,-0.0031438890836112
20250721,SN2601,267150.0,49.0,349.0,0.0017966089040558
20250721,SN2602,267190.0,18.0,101.0,0.0085302209102972
20250721,SN2603,267380.0,4.0,86.0,-0.0116744630349287
20250721,SN2604,267120.0,0.0,30.0,-0.1478068294046663
20250721,SN2605,263850.0,1.0,47.0,0.15050194451987
20250721,SN2606,267180.0,0.0,12.0,0.0130178634294696
20250721,SN2607,267470.0,6.0,4.0,0.0
20250722,SN2508,268520.0,63667.0,16761.0,0.0125065149413257
20250722,SN2509,268800.0,32489.0,24727.0,-0.0107190717265798
20250722,SN2510,268560.0,5454.0,7019.0,-0.0044691073474734
20250722,SN2511,268460.0,790.0,1486.0,-0.0049179412398258
20250722,SN2512,268350.0,473.0,1180.0,-0.002683363159661
20250722,SN2601,268290.0,57.0,351.0,-0.0246254960213732
20250722,SN2602,267740.0,3.0,101.0,-0.0224307516057008
20250722,SN2603,267240.0,8.0,84.0,0.0237752643146187
20250722,SN2604,267770.0,3.0,30.0,0.0067203048294506
20250722,SN2605,267920.0,4.0,44.0,0.0080594010715729
20250722,SN2606,268100.0,4.0,11.0,-0.0044767767726832
20250722,SN2607,268000.0,14.0,3.0,0.0
20250723,SN2508,268540.0,69039.0,15704.0,0.0075942301278181
20250723,SN2509,268710.0,42080.0,26470.0,-0.004913364792917
20250723,SN2510,268600.0,4869.0,7646.0,0.0017869108811229
20250723,SN2511,268640.0,944.0,1526.0,-0.0017869108811222
20250723,SN2512,268600.0,546.0,1182.0,0.0013402081059294
20250723,SN2601,268630.0,102.0,364.0,0.0107162797819454
20250723,SN2602,268870.0,6.0,100.0,-0.0559191304354083
20250723,SN2603,267620.0,10.0,91.0,0.0121006153929777
20250723,SN2604,267890.0,3.0,28.0,-0.0035840956025258
20250723,SN2605,267810.0,0.0,44.0,0.0424921703108252
20250723,SN2606,268760.0,5.0,12.0,-0.0281622062987032
20250723,SN2607,268130.0,10.0,2.0,0.0
20250724,SN2508,273950.0,104530.0,14958.0,0.0091952349831449
20250724,SN2509,274160.0,83951.0,32751.0,-0.009633279116139
20250724,SN2510,273940.0,12657.0,9269.0,-0.0096410186685383
20250724,SN2511,273720.0,3776.0,2369.0,-0.0118427554981825
20250724,SN2512,273450.0,1390.0,1489.0,0.0092120419065876
20250724,SN2601,273660.0,301.0,453.0,-0.0474517314275653
20250724,SN2602,272580.0,22.0,106.0,0.0197943630960851
20250724,SN2603,273030.0,42.0,117.0,0.0648721308138605
20250724,SN2604,274510.0,23.0,42.0,-0.0266953666739588
20250724,SN2605,273900.0,21.0,53.0,0.004380361428454
20250724,SN2606,274000.0,12.0,16.0,0.0021895812486618
20250724,SN2607,274050.0,15.0,5.0,0.0
20250725,SN2508,271630.0,66936.0,11350.0,0.0216275920612718
20250725,SN2509,272120.0,67410.0,33016.0,0.0052906165894831
20250725,SN2510,272240.0,9332.0,10322.0,-0.0154374894942035
20250725,SN2511,271890.0,1401.0,2432.0,-0.0212037603484805
20250725,SN2512,271410.0,479.0,1543.0,0.0075139507786635
20250725,SN2601,271580.0,131.0,480.0,-0.0300840741551911
20250725,SN2602,270900.0,2.0,104.0,-0.0093059329983646
20250725,SN2603,270690.0,8.0,119.0,0.0931760555374549
20250725,SN2604,272800.0,0.0,42.0,-0.0692610786230671
20250725,SN2605,271230.0,4.0,53.0,0.0326951601374653
20250725,SN2606,271970.0,1.0,16.0,-0.0004412332469752
20250725,SN2607,271960.0,0.0,5.0,0.0
20250728,SN2508,267700.0,36620.0,6528.0,0.0080660221865123
20250728,SN2509,267880.0,99762.0,31508.0,0.0107462693748889
20250728,SN2510,268120.0,13286.0,11354.0,-0.0071631101962809
20250728,SN2511,267960.0,1805.0,2655.0,0.0026866674241861
20250728,SN2512,268020.0,557.0,1526.0,-0.0076137871813549
20250728,SN2601,267850.0,140.0,503.0,-0.0367933282562347
20250728,SN2602,267030.0,4.0,105.0,0.0080862536752565
20250728,SN2603,267210.0,2.0,118.0,0.0850242220469875
20250728,SN2604,269110.0,0.0,42.0,-0.0102604143874393
20250728,SN2605,268880.0,6.0,54.0,0.0320903474556205
20250728,SN2606,269600.0,10.0,26.0,-0.0124693843328615
20250728,SN2607,269320.0,1.0,5.0,0.0
20250729,SN2508,266380.0,13305.0,4128.0,0.0126069349731342
20250729,SN2509,266660.0,73248.0,29121.0,0.0179869628220667
20250729,SN2510,267060.0,11448.0,13590.0,-0.0058428061604872
20250729,SN2511,266930.0,1280.0,2889.0,-0.0098943113318549
20250729,SN2512,266710.0,361.0,1560.0,0.0049481754304486
20250729,SN2601,266820.0,107.0,499.0,0.0008994490878553
20250729,SN2602,266840.0,12.0,104.0,0.0076425964932311
20250729,SN2603,267010.0,9.0,118.0,0.0376921373346274
20250729,SN2604,267850.0,0.0,42.0,0.0013439605785609
20250729,SN2605,267880.0,0.0,54.0,0.003583159178609
20250729,SN2606,267960.0,0.0,26.0,0.0232644916652952
20250729,SN2607,268480.0,1.0,4.0,0.0
20250730,SN2508,267570.0,7828.0,2806.0,0.0134468862121073
20250730,SN2509,267870.0,61692.0,28583.0,0.0111942395102656
20250730,SN2510,268120.0,8886.0,14633.0,0.0035799522938536
20250730,SN2511,268200.0,1027.0,3111.0,-0.006713286888377
20250730,SN2512,268050.0,463.0,1671.0,0.0044759418646503
20250730,SN2601,268150.0,53.0,506.0,-0.0129848336394972
20250730,SN2602,267860.0,11.0,108.0,0.0415913954044823
20250730,SN2603,268790.0,3.0,119.0,0.022747130898443
20250730,SN2604,269300.0,5.0,42.0,-0.0276590330266741
20250730,SN2605,268680.0,2.0,53.0,-0.0259324218810018
20250730,SN2606,268100.0,1.0,27.0,0.0169965364431322
20250730,SN2607,268480.0,0.0,4.0,0.0
20250731,SN2508,265370.0,3558.0,1615.0,-0.0036181359336403
20250731,SN2509,265290.0,61840.0,27818.0,0.0185314261201734
20250731,SN2510,265700.0,13434.0,14590.0,-0.0013549880511972
20250731,SN2511,265670.0,1069.0,3020.0,-0.0013551410678603
20250731,SN2512,265640.0,337.0,1722.0,0.0198600812652559
20250731,SN2601,266080.0,101.0,515.0,-0.0072180453304106
20250731,SN2602,265920.0,6.0,108.0,0.0094727944022624
20250731,SN2603,266130.0,2.0,119.0,0.0333208469253244
20250731,SN2604,266870.0,1.0,42.0,0.0040462319848367
20250731,SN2605,266960.0,4.0,55.0,0.0273885588372866
20250731,SN2606,267570.0,16.0,36.0,-0.0237930531924092
20250731,SN2607,267040.0,2.0,4.0,0.0
20250801,SN2508,264530.0,1175.0,1292.0,0.019037550264721
20250801,SN2509,264950.0,58290.0,27519.0,0.0171984641342295
20250801,SN2510,265330.0,13867.0,15121.0,-0.0049759684060465
20250801,SN2511,265220.0,1441.0,2977.0,0.0099498743121772
20250801,SN2512,265440.0,836.0,1664.0,0.0243874985145944
20250801,SN2601,265980.0,78.0,516.0,0.0031577166883345
20250801,SN2602,266050.0,15.0,108.0,-0.0194105408432836
20250801,SN2603,265620.0,3.0,117.0,0.0563391896673297
20250801,SN2604,266870.0,0.0,42.0,0.0116853941818205
20250801,SN2605,267130.0,3.0,57.0,0.0134690226651723
20250801,SN2606,267430.0,8.0,37.0,-0.0409027458475413
20250801,SN2607,266520.0,0.0,4.0,0.0
20250804,SN2508,265930.0,402.0,1226.0,0.0252432383384609
20250804,SN2509,266490.0,55445.0,27212.0,0.0108022962172565
20250804,SN2510,266730.0,11170.0,15232.0,-0.0022496766155761
20250804,SN2511,266680.0,1375.0,3170.0,0.0085465283342745
20250804,SN2512,266870.0,445.0,1696.0,0.0157276885963881
20250804,SN2601,267220.0,81.0,532.0,-0.0314760175969394
20250804,SN2602,266520.0,5.0,105.0,0.0368636261878859
20250804,SN2603,267340.0,9.0,120.0,0.0049365172071859
20250804,SN2604,267450.0,2.0,43.0,-0.0260518143945229
20250804,SN2605,266870.0,8.0,60.0,0.0533902512716202
20250804,SN2606,268060.0,6.0,37.0,-0.0426033296868063
20250804,SN2607,267110.0,0.0,4.0,0.0
20250805,SN2508,267010.0,546.0,1268.0,0.0215528589276677
20250805,SN2509,267490.0,42925.0,26388.0,0.0138990095681932
20250805,SN2510,267800.0,10479.0,15302.0,-0.0062749786661246
20250805,SN2511,267660.0,1165.0,3288.0,0.0094112379480767
20250805,SN2512,267870.0,358.0,1672.0,0.0102990845361474
20250805,SN2601,268100.0,27.0,534.0,0.0017902431780172
20250805,SN2602,268140.0,0.0,105.0,0.0022374284553858
20250805,SN2603,268190.0,1.0,121.0,0.0241376822798698
20250805,SN2604,268730.0,0.0,43.0,-0.0644753612577964
20250805,SN2605,267290.0,4.0,60.0,0.0680471884970276
20250805,SN2606,268810.0,7.0,36.0,-0.0142936923656113
20250805,SN2607,268490.0,0.0,4.0,0.0
20250806,SN2508,266470.0,356.0,1254.0,0.0211469655971647
20250806,SN2509,266940.0,35662.0,24719.0,0.011682331397822
20250806,SN2510,267200.0,10971.0,15030.0,0.0035922766321246
20250806,SN2511,267280.0,1961.0,3514.0,-0.0044905138420209
20250806,SN2512,267180.0,345.0,1685.0,0.0058373403833995
20250806,SN2601,267310.0,79.0,563.0,0.0322785714108057
20250806,SN2602,268030.0,6.0,104.0,-0.0026865671754001
20250806,SN2603,267970.0,8.0,124.0,0.033985489457439
20250806,SN2604,268730.0,0.0,43.0,-0.0286129564422787
20250806,SN2605,268090.0,0.0,60.0,0.0067122855217208
20250806,SN2606,268240.0,0.0,36.0,0.011178805794176
20250806,SN2607,268490.0,0.0,4.0,0.0
20250807,SN2508,267500.0,256.0,1244.0,0.0197221021533416
20250807,SN2509,267940.0,44115.0,24776.0,0.013875679943616
20250807,SN2510,268250.0,12814.0,15721.0,0.0
20250807,SN2511,268250.0,2248.0,3637.0,0.0008946544401372
20250807,SN2512,268270.0,304.0,1716.0,0.008942877784687
20250807,SN2601,268470.0,55.0,571.0,-0.0035763514029945
20250807,SN2602,268390.0,3.0,104.0,0.0026823634714176
20250807,SN2603,268450.0,2.0,124.0,0.0160816016325231
20250807,SN2604,268810.0,1.0,43.0,-0.0098250842853738
20250807,SN2605,268590.0,6.0,59.0,0.0138421195277372
20250807,SN2606,268900.0,3.0,35.0,-0.0142889054614776
20250807,SN2607,268580.0,0.0,4.0,0.0
20250808,SN2508,267500.0,252.0,1164.0,0.0125541783980683
20250808,SN2509,267780.0,42882.0,24395.0,0.0129887107950223
20250808,SN2510,268070.0,11289.0,15940.0,-0.0004476526216173
20250808,SN2511,268060.0,1934.0,3893.0,0.0098445021742317
20250808,SN2512,268280.0,519.0,1882.0,0.005366326391882
20250808,SN2601,268400.0,99.0,582.0,0.0049170252685501
20250808,SN2602,268510.0,4.0,104.0,0.0263388063554499
20250808,SN2603,269100.0,3.0,123.0,-0.0071370160456351
20250808,SN2604,268940.0,3.0,43.0,0.0075829386409565
20250808,SN2605,269110.0,0.0,59.0,0.0084693824209956
20250808,SN2606,269300.0,0.0,35.0,-0.0111451665854943
20250808,SN2607,269050.0,0.0,4.0,0.0
20250811,SN2508,267900.0,140.0,1132.0,0.0214813214669835
20250811,SN2509,268380.0,52991.0,24278.0,0.0102795216625115
20250811,SN2510,268610.0,13332.0,15855.0,-0.0017871104690681
20250811,SN2511,268570.0,1821.0,4030.0,0.0022338465039644
20250811,SN2512,268620.0,903.0,1997.0,0.0075919691410466
20250811,SN2601,268790.0,136.0,616.0,0.0120479697765656
20250811,SN2602,269060.0,11.0,108.0,0.0293997697078113
20250811,SN2603,269720.0,5.0,122.0,-0.0035597745737169
20250811,SN2604,269640.0,1.0,43.0,0.011565408464651
20250811,SN2605,269900.0,1.0,59.0,-0.0071158552229696
20250811,SN2606,269740.0,0.0,35.0,-0.0307355538393947
20250811,SN2607,269050.0,0.0,4.0,0.0
20250812,SN2508,269660.0,102.0,1080.0,0.0240062318420388
20250812,SN2509,270200.0,79102.0,26525.0,0.0088790237125261
20250812,SN2510,270400.0,21730.0,18133.0,-0.0062146267064277
20250812,SN2511,270260.0,4382.0,4780.0,0.0017759360695439
20250812,SN2512,270300.0,1320.0,2186.0,0.0106501005437497
20250812,SN2601,270540.0,341.0,679.0,0.0070948195104909
20250812,SN2602,270700.0,12.0,105.0,0.0115201426711286
20250812,SN2603,270960.0,9.0,121.0,0.0772530120406352
20250812,SN2604,272710.0,4.0,42.0,-0.0370193837239766
20250812,SN2605,271870.0,6.0,63.0,-0.0499807213391734
20250812,SN2606,270740.0,2.0,35.0,-0.0128605492824494
20250812,SN2607,270450.0,0.0,4.0,0.0
20250813,SN2508,268250.0,100.0,1018.0,0.0700282619983584
20250813,SN2509,269820.0,41715.0,25370.0,0.0102246843387485
20250813,SN2510,270050.0,13538.0,18234.0,-0.0044444444952502
20250813,SN2511,269950.0,2093.0,4939.0,-0.0040014079398562
20250813,SN2512,269860.0,555.0,2269.0,0.0137770139014889
20250813,SN2601,270170.0,130.0,684.0,0.0235176735098831
20250813,SN2602,270700.0,4.0,106.0,0.0296640806325643
20250813,SN2603,271370.0,1.0,121.0,-0.0554027835959358
20250813,SN2604,270120.0,5.0,42.0,0.0576135833590013
20250813,SN2605,271420.0,1.0,64.0,0.0238507200604109
20250813,SN2606,271960.0,2.0,35.0,-0.066813100089875
20250813,SN2607,270450.0,0.0,4.0,0.0
20250814,SN2508,267250.0,74.0,976.0,0.0076308753763768
20250814,SN2509,267420.0,45190.0,23456.0,0.0134544245510629
20250814,SN2510,267720.0,17040.0,17931.0,0.0044814580197446
20250814,SN2511,267820.0,2198.0,5156.0,-0.0071711363903007
20250814,SN2512,267660.0,795.0,2359.0,-0.0022418592551244
20250814,SN2601,267610.0,200.0,713.0,0.0013451658117772
20250814,SN2602,267640.0,53.0,119.0,0.0241872352425569
20250814,SN2603,268180.0,5.0,123.0,0.0241385814304959
20250814,SN2604,268720.0,13.0,43.0,0.0258726541621923
20250814,SN2605,269300.0,55.0,103.0,0.025816991300056
20250814,SN2606,269880.0,15.0,44.0,0.0550093384748555
20250814,SN2607,271120.0,15.0,4.0,0.0
20250815,SN2508,266210.0,48.0,978.0,0.0274656330621415
20250815,SN2509,266820.0,45382.0,22061.0,0.013933890506485
20250815,SN2510,267130.0,16112.0,17715.0,0.0103276026505963
20250815,SN2511,267360.0,3748.0,5506.0,-0.0067343848223489
20250815,SN2512,267210.0,828.0,2452.0,0.0161561788120545
20250815,SN2601,267570.0,171.0,709.0,0.0112067846543329
20250815,SN2602,267820.0,7.0,118.0,-0.0511881038107302
20250815,SN2603,266680.0,4.0,123.0,0.0717812817801254
20250815,SN2604,268280.0,2.0,42.0,0.0214509218449517
20250815,SN2605,268760.0,36.0,122.0,-0.0223455429360591
20250815,SN2606,268260.0,1.0,45.0,0.055340770501291
20250815,SN2607,269500.0,0.0,4.0,0.0
20250818,SN2509,267020.0,34781.0,22096.0,0.0121277920150512
20250818,SN2510,267290.0,14605.0,17957.0,0.0098728502203329
20250818,SN2511,267510.0,2826.0,5471.0,-0.0049354097646596
20250818,SN2512,267400.0,610.0,2539.0,0.0130071589479246
20250818,SN2601,267690.0,52.0,702.0,-0.0094175687327032
20250818,SN2602,267480.0,1.0,118.0,0.0219628411294623
20250818,SN2603,267970.0,2.0,124.0,0.057629059254267
20250818,SN2604,269260.0,4.0,44.0,-0.0133774306893987
20250818,SN2605,268960.0,8.0,128.0,0.0017845192984034
20250818,SN2606,269000.0,0.0,45.0,0.0142666089028912
20250818,SN2607,269320.0,0.0,4.0,0.0080175200636616
20250818,SN2608,269500.0,0.0,0.0,0.0
20250819,SN2509,268090.0,44882.0,21004.0,0.0102906365248275
20250819,SN2510,268320.0,18894.0,18597.0,0.0120690628713075
20250819,SN2511,268590.0,2887.0,5881.0,-0.013410819455698
20250819,SN2512,268290.0,889.0,2609.0,0.0
20250819,SN2601,268290.0,91.0,710.0,0.0147510774567562
20250819,SN2602,268620.0,9.0,117.0,-0.0187772476002121
20250819,SN2603,268200.0,3.0,126.0,0.0277084775450893
20250819,SN2604,268820.0,0.0,44.0,0.0156136753193838
20250819,SN2605,269170.0,0.0,128.0,-0.0075812478133407
20250819,SN2606,269000.0,0.0,45.0,0.0196122174254737
20250819,SN2607,269440.0,0.0,4.0,0.0026719115410785
20250819,SN2608,269500.0,0.0,0.0,0.0
20250820,SN2509,267840.0,64459.0,19377.0,0.0103002376124977
20250820,SN2510,268070.0,28694.0,18195.0,0.0022380126512572
20250820,SN2511,268120.0,4897.0,5831.0,0.0102894855969714
20250820,SN2512,268350.0,1002.0,2578.0,-0.002683363159661
20250820,SN2601,268290.0,307.0,717.0,-0.0013419066270618
20250820,SN2602,268260.0,18.0,126.0,0.0107310536997005
20250820,SN2603,268500.0,11.0,127.0,0.0142931603289937
20250820,SN2604,268820.0,0.0,44.0,0.1013489503394118
20250820,SN2605,271100.0,1.0,128.0,-0.0803866882212331
20250820,SN2606,269290.0,0.0,45.0,0.0066823828133388
20250820,SN2607,269440.0,0.0,4.0,0.0026719115410785
20250820,SN2608,269500.0,0.0,0.0,0.0
20250821,SN2509,266480.0,36709.0,18744.0,0.0108027014047149
20250821,SN2510,266720.0,20378.0,18099.0,0.0089948283950638
20250821,SN2511,266920.0,3101.0,6167.0,0.0053936625374284
20250821,SN2512,267040.0,555.0,2665.0,0.0121268841610916
20250821,SN2601,267310.0,106.0,728.0,0.0278006252434607
20250821,SN2602,267930.0,2.0,127.0,-0.0008957897884118
20250821,SN2603,267910.0,0.0,127.0,0.0237158649020229
20250821,SN2604,268440.0,0.0,44.0,0.0250074517416063
20250821,SN2605,269000.0,3.0,127.0,0.0111472372159057
20250821,SN2606,269250.0,3.0,46.0,0.0084649802095674
20250821,SN2607,269440.0,0.0,4.0,0.0026719115410785
20250821,SN2608,269500.0,0.0,0.0,0.0
20250822,SN2509,265930.0,34606.0,18073.0,0.0090215393490934
20250822,SN2510,266130.0,23047.0,19324.0,0.0135196048550062
20250822,SN2511,266430.0,3468.0,6629.0,0.0036026569865681
20250822,SN2512,266510.0,640.0,2772.0,0.0126007887070628
20250822,SN2601,266790.0,200.0,764.0,0.0
20250822,SN2602,266790.0,30.0,131.0,0.0309955812734316
20250822,SN2603,267480.0,13.0,127.0,-0.0026920919910995
20250822,SN2604,267420.0,3.0,45.0,0.007626025938418
20250822,SN2605,267590.0,3.0,127.0,0.0309030346017846
20250822,SN2606,268280.0,4.0,45.0,-0.0609866783535679
20250822,SN2607,266920.0,6.0,4.0,0.090471820323817
20250822,SN2608,268940.0,3.0,2.0,0.0
20250825,SN2509,269570.0,62749.0,13540.0,0.0142364603506954
20250825,SN2510,269890.0,52881.0,22562.0,0.0075562554584906
20250825,SN2511,270060.0,9436.0,7718.0,0.0044426345329908
20250825,SN2512,270160.0,2512.0,3367.0,0.0013324696969359
20250825,SN2601,270190.0,761.0,946.0,0.0164216391785573
20250825,SN2602,270560.0,28.0,135.0,0.0217130466729248
20250825,SN2603,271050.0,22.0,136.0,0.012389838484044
20250825,SN2604,271330.0,11.0,50.0,0.0207685136443087
20250825,SN2605,271800.0,15.0,134.0,-0.0022077085886939
20250825,SN2606,271750.0,17.0,47.0,-0.0066255638013327
20250825,SN2607,271600.0,1.0,4.0,0.0374965841347953
20250825,SN2608,272450.0,1.0,3.0,0.0
20250826,SN2509,269420.0,26972.0,9915.0,0.0151340945168238
20250826,SN2510,269760.0,39088.0,25992.0,0.0071153278100097
20250826,SN2511,269920.0,7154.0,8214.0,-0.0044465854438456
20250826,SN2512,269820.0,1752.0,3874.0,0.0111133757410654
20250826,SN2601,270070.0,747.0,1243.0,0.0008886255928223
20250826,SN2602,270090.0,16.0,139.0,0.0199766984706325
20250826,SN2603,270540.0,10.0,140.0,-0.00488012280974
20250826,SN2604,270430.0,5.0,54.0,0.0124182292931854
20250826,SN2605,270710.0,2.0,132.0,0.049103343910394
20250826,SN2606,271820.0,14.0,52.0,-0.0141353178385337
20250826,SN2607,271500.0,7.0,9.0,0.0167838372533692
20250826,SN2608,271880.0,6.0,5.0,0.0
20250827,SN2509,271320.0,23636.0,5945.0,0.0207692784442208
20250827,SN2510,271790.0,90281.0,33309.0,0.0110328603104881
20250827,SN2511,272040.0,16951.0,10803.0,0.001323261841778
20250827,SN2512,272070.0,3797.0,4762.0,0.0048507120550253
20250827,SN2601,272180.0,1670.0,1862.0,0.0167419346464741
20250827,SN2602,272560.0,52.0,167.0,-0.0017612093669243
20250827,SN2603,272520.0,48.0,171.0,0.0162813321395396
20250827,SN2604,272890.0,4.0,53.0,-0.0070378653826294
20250827,SN2605,272730.0,73.0,96.0,0.0211012253515237
20250827,SN2606,273210.0,23.0,57.0,0.0017567617057322
20250827,SN2607,273250.0,10.0,6.0,-0.0488458475272263
20250827,SN2608,272140.0,2.0,6.0,0.0
20250828,SN2509,272210.0,8805.0,4226.0,0.0207014311099013
20250828,SN2510,272680.0,69202.0,35483.0,0.007478965651877
20250828,SN2511,272850.0,12399.0,12307.0,0.0039575661327204
20250828,SN2512,272940.0,2189.0,4972.0,-0.0105564115010991
20250828,SN2601,272700.0,900.0,1844.0,0.0043996334131693
20250828,SN2602,272800.0,40.0,154.0,-0.0325955491682767
20250828,SN2603,272060.0,17.0,169.0,0.043148092718011
20250828,SN2604,273040.0,7.0,52.0,-0.0004395040929315
20250828,SN2605,273030.0,26.0,107.0,0.0416811811904322
20250828,SN2606,273980.0,1.0,56.0,-0.031137523180984
20250828,SN2607,273270.0,0.0,6.0,0.0039514845864992
20250828,SN2608,273360.0,0.0,6.0,0.0
20250829,SN2509,278300.0,7345.0,2638.0,0.0150821458044026
20250829,SN2510,278650.0,144881.0,46298.0,0.0043057051053991
20250829,SN2511,278750.0,31434.0,15843.0,-0.0068898699276732
20250829,SN2512,278590.0,6473.0,6712.0,-0.0168106494921582
20250829,SN2601,278200.0,2273.0,2448.0,0.0038814713990055
20250829,SN2602,278290.0,61.0,183.0,-0.0557547510230532
20250829,SN2603,277000.0,6.0,170.0,-0.1171038296848787
20250829,SN2604,274310.0,1.0,52.0,0.1840646730387118
20250829,SN2605,278550.0,14.0,114.0,0.0034459241415591
20250829,SN2606,278630.0,3.0,56.0,-0.094257168336149
20250829,SN2607,276450.0,0.0,6.0,0.0968409622167971
20250829,SN2608,278690.0,6.0,9.0,0.0
20250901,SN2509,272900.0,2222.0,1986.0,0.0149412257922682
20250901,SN2510,273240.0,146445.0,35983.0,0.0096579482074445
20250901,SN2511,273460.0,33209.0,15953.0,0.002193904607825
20250901,SN2512,273510.0,5533.0,6360.0,0.0052637351430676
20250901,SN2601,273630.0,2233.0,2763.0,-0.0140417612102169
20250901,SN2602,273310.0,220.0,322.0,-0.0131790905031887
20250901,SN2603,273010.0,4.0,167.0,0.0087876683653276
20250901,SN2604,273210.0,3.0,51.0,0.0390272767308379
20250901,SN2605,274100.0,26.0,114.0,0.0021887824958084
20250901,SN2606,274150.0,13.0,59.0,-0.0328737307224998
20250901,SN2607,273400.0,5.0,5.0,0.0512437590949027
20250901,SN2608,274570.0,9.0,9.0,0.0
20250902,SN2509,273660.0,644.0,1896.0,0.0140238128589536
20250902,SN2510,273980.0,70585.0,34947.0,0.0087565678141279
20250902,SN2511,274180.0,13548.0,16013.0,-0.0026262994815752
20250902,SN2512,274120.0,2739.0,6476.0,-0.0017511857017577
20250902,SN2601,274080.0,1734.0,2785.0,-0.0043790826307953
20250902,SN2602,273980.0,117.0,408.0,0.0008759443779213
20250902,SN2603,274000.0,94.0,237.0,0.0380418268201263
20250902,SN2604,274870.0,8.0,54.0,-0.0065503376869842
20250902,SN2605,274720.0,11.0,117.0,0.0056771658900487
20250902,SN2606,274850.0,50.0,96.0,-0.0249121426860674
20250902,SN2607,274280.0,0.0,5.0,0.0523865791240059
20250902,SN2608,275480.0,1.0,9.0,0.0
20250903,SN2509,272700.0,472.0,1746.0,0.0184676303350528
20250903,SN2510,273120.0,71671.0,33999.0,0.013612662698452
20250903,SN2511,273430.0,15963.0,16418.0,-0.0074630963279167
20250903,SN2512,273260.0,3672.0,6709.0,-0.0013174989491537
20250903,SN2601,273230.0,1296.0,2819.0,0.0061470912430913
20250903,SN2602,273370.0,47.0,414.0,-0.0140551240400875
20250903,SN2603,273050.0,45.0,238.0,0.0622444411366901
20250903,SN2604,274470.0,1.0,54.0,-0.0253847931849525
20250903,SN2605,273890.0,9.0,118.0,-0.0061354175611636
20250903,SN2606,273750.0,4.0,97.0,0.0232104154254372
20250903,SN2607,274280.0,0.0,5.0,0.0074353509568138
20250903,SN2608,274450.0,0.0,9.0,0.0
20250904,SN2509,271820.0,602.0,1886.0,0.0088261257288717
20250904,SN2510,272020.0,64984.0,31788.0,0.0154301165660182
20250904,SN2511,272370.0,12814.0,16207.0,0.0048453703512313
20250904,SN2512,272480.0,3901.0,6952.0,-0.0180699694415048
20250904,SN2601,272070.0,1421.0,3045.0,-0.0052939231033951
20250904,SN2602,271950.0,84.0,444.0,0.015434085728929
20250904,SN2603,272300.0,19.0,245.0,0.032127354931922
20250904,SN2604,273030.0,0.0,54.0,-0.0083536376502647
20250904,SN2605,272840.0,0.0,118.0,0.0127479543831265
20250904,SN2606,273130.0,3.0,97.0,0.0250169247382525
20250904,SN2607,273700.0,1.0,4.0,0.0328377473911789
20250904,SN2608,274450.0,1.0,9.0,0.0
20250905,SN2509,272030.0,454.0,1852.0,0.018953520074633
20250905,SN2510,272460.0,54111.0,30127.0,0.0096855858800372
20250905,SN2511,272680.0,12744.0,16138.0,0.0048398629361603
20250905,SN2512,272790.0,3139.0,6917.0,-0.015406344393762
20250905,SN2601,272440.0,610.0,3036.0,-0.0057273979976649
20250905,SN2602,272310.0,59.0,442.0,0.0154136946160574
20250905,SN2603,272660.0,29.0,242.0,0.0162729779926835
20250905,SN2604,273030.0,0.0,54.0,0.0030761906674228
20250905,SN2605,273100.0,6.0,118.0,0.0079065854465486
20250905,SN2606,273280.0,5.0,97.0,-0.0013174025226846
20250905,SN2607,273250.0,6.0,4.0,-0.0127423530400042
20250905,SN2608,272960.0,2.0,8.0,0.0
20250908,SN2509,270340.0,554.0,1794.0,0.0159692467748864
20250908,SN2510,270700.0,79322.0,28793.0,0.0101914597267403
20250908,SN2511,270930.0,20358.0,16346.0,0.0031000313866062
20250908,SN2512,271000.0,6390.0,6756.0,-0.0035429583959764
20250908,SN2601,270920.0,1463.0,3072.0,-0.0022148803104647
20250908,SN2602,270870.0,101.0,455.0,-0.0062038406108518
20250908,SN2603,270730.0,13.0,245.0,-0.017299058570939
20250908,SN2604,270340.0,2.0,54.0,0.0447488934447852
20250908,SN2605,271350.0,23.0,122.0,0.0070736471856325
20250908,SN2606,271510.0,6.0,97.0,0.035746491321514
20250908,SN2607,272320.0,0.0,4.0,-0.0105804562328321
20250908,SN2608,272080.0,1.0,9.0,0.0
20250909,SN2509,268920.0,22.0,1774.0,0.0311954719449854
20250909,SN2510,269620.0,47484.0,28206.0,0.0102322656208063
20250909,SN2511,269850.0,12678.0,16451.0,0.0053351117917806
20250909,SN2512,269970.0,3101.0,7119.0,0.0004444856005688
20250909,SN2601,269980.0,768.0,3110.0,-0.0008889876657028
20250909,SN2602,269960.0,143.0,458.0,0.00622153108037
20250909,SN2603,270100.0,32.0,253.0,0.0159834269597253
20250909,SN2604,270460.0,10.0,60.0,0.0026618359383046
20250909,SN2605,270520.0,18.0,128.0,0.0584115026025916
20250909,SN2606,271840.0,6.0,97.0,-0.0743913821557155
20250909,SN2607,270160.0,3.0,7.0,0.0796874469713603
20250909,SN2608,271960.0,3.0,11.0,0.0
20250910,SN2509,270250.0,178.0,1742.0,0.007989938891022
20250910,SN2510,270430.0,48660.0,27350.0,0.014634418562049
20250910,SN2511,270760.0,14912.0,16906.0,0.0
20250910,SN2512,270760.0,3022.0,7166.0,0.0008863611186964
20250910,SN2601,270780.0,1142.0,3306.0,-0.0168520667778689
20250910,SN2602,270400.0,234.0,528.0,0.0022187297835234
20250910,SN2603,270450.0,97.0,297.0,0.02437899074718
20250910,SN2604,271000.0,5.0,58.0,0.015930380686049
20250910,SN2605,271360.0,3.0,131.0,-0.0905530671174975
20250910,SN2606,269320.0,1.0,97.0,0.0724084600205167
20250910,SN2607,270950.0,0.0,7.0,0.0207976156932172
20250910,SN2608,271420.0,1.0,11.0,0.0
20250911,SN2509,270400.0,220.0,1722.0,0.0381051163891181
20250911,SN2510,271260.0,57815.0,26606.0,0.0097284156118663
20250911,SN2511,271480.0,15035.0,17016.0,-0.0008840755888626
20250911,SN2512,271460.0,2888.0,7176.0,0.0022100668607701
20250911,SN2601,271510.0,980.0,3406.0,-0.0114967950425661
20250911,SN2602,271250.0,115.0,534.0,-0.0057525306704809
20250911,SN2603,271120.0,1.0,298.0,0.0538771007715988
20250911,SN2604,272340.0,2.0,57.0,-0.0370697558692698
20250911,SN2605,271500.0,8.0,136.0,0.0176665471732182
20250911,SN2606,271900.0,0.0,97.0,0.0431734376635835
20250911,SN2607,272880.0,5.0,8.0,-0.0224484247033778
20250911,SN2608,272370.0,2.0,11.0,0.0
20250912,SN2509,273180.0,284.0,1520.0,0.0337762729161492
20250912,SN2510,273950.0,69879.0,27490.0,0.008757526387592
20250912,SN2511,274150.0,19918.0,18280.0,-0.0087575263875924
20250912,SN2512,273950.0,4833.0,7426.0,0.0105082649835433
20250912,SN2601,274190.0,1160.0,3498.0,-0.0148894260398754
20250912,SN2602,273850.0,85.0,584.0,0.0043811610563335
20250912,SN2603,273950.0,31.0,313.0,-0.0013141803725695
20250912,SN2604,273920.0,2.0,58.0,0.0301897958807665
20250912,SN2605,274610.0,17.0,143.0,-0.0166168673152493
20250912,SN2606,274230.0,3.0,99.0,0.0218595222207874
20250912,SN2607,274730.0,11.0,10.0,-0.0074277706316634
20250912,SN2608,274560.0,3.0,12.0,0.0
20250915,SN2509,275090.0,40.0,1512.0,-0.0493944782652255
20250915,SN2510,273960.0,54239.0,26117.0,0.0083194982442353
20250915,SN2511,274150.0,18524.0,18255.0,-0.0087575263875924
20250915,SN2512,273950.0,3800.0,7590.0,0.009632927613543
20250915,SN2601,274170.0,894.0,3703.0,-0.0096329276135425
20250915,SN2602,273950.0,223.0,691.0,-0.0092022864156534
20250915,SN2603,273740.0,27.0,323.0,0.0437573413672649
20250915,SN2604,274740.0,11.0,60.0,-0.0065534379871367
20250915,SN2605,274590.0,51.0,145.0,0.0117936127428969
20250915,SN2606,274860.0,23.0,104.0,0.017886684641528
20250915,SN2607,275270.0,25.0,19.0,-0.0091581419232553
20250915,SN2608,275060.0,15.0,23.0,0.0
20250916,SN2510,272730.0,60693.0,24273.0,0.0131926134659697
20250916,SN2511,273030.0,21870.0,18962.0,-0.0004395201905075
20250916,SN2512,273020.0,4099.0,7835.0,0.0017579841812865
20250916,SN2601,273060.0,873.0,3818.0,0.0109815700326385
20250916,SN2602,273310.0,133.0,662.0,-0.0048306527522843
20250916,SN2603,273200.0,57.0,315.0,-0.0131843997881071
20250916,SN2604,272900.0,9.0,60.0,0.0447679828690135
20250916,SN2605,273920.0,10.0,146.0,0.0026282168383949
20250916,SN2606,273980.0,3.0,103.0,0.0524438157171247
20250916,SN2607,275180.0,1.0,18.0,0.0191721173679407
20250916,SN2608,275620.0,3.0,26.0,0.0004353741497083
20250916,SN2609,275630.0,0.0,0.0,0.0
20250917,SN2510,272540.0,55355.0,23007.0,0.0154006951450505
20250917,SN2511,272890.0,19022.0,19365.0,0.0039569861314468
20250917,SN2512,272980.0,4412.0,7849.0,-0.004396731811909
20250917,SN2601,272880.0,837.0,3882.0,-0.0026388125449935
20250917,SN2602,272820.0,126.0,695.0,0.0030785582254563
20250917,SN2603,272890.0,38.0,321.0,-0.0118787932927835
20250917,SN2604,272620.0,10.0,59.0,0.0131979336543094
20250917,SN2605,272920.0,16.0,150.0,0.0017586282730961
20250917,SN2606,272960.0,13.0,91.0,0.0245937723327788
20250917,SN2607,273520.0,11.0,23.0,0.0109631099002831
20250917,SN2608,273770.0,3.0,24.0,-0.0359965151396338
20250917,SN2609,272950.0,2.0,1.0,0.0
20250918,SN2510,269100.0,66986.0,22824.0,0.0160427831380991
20250918,SN2511,269460.0,28334.0,19975.0,0.0097933751772429
20250918,SN2512,269680.0,6874.0,8454.0,-0.001780019286806
20250918,SN2601,269640.0,1608.0,4020.0,-0.0044512037306985
20250918,SN2602,269540.0,270.0,725.0,-0.0093529056268497
20250918,SN2603,269330.0,100.0,330.0,0.0227015665754302
20250918,SN2604,269840.0,10.0,57.0,0.000889382990958
20250918,SN2605,269860.0,23.0,152.0,0.0479290577993884
20250918,SN2606,270940.0,10.0,86.0,0.0653711863992635
20250918,SN2607,272420.0,4.0,23.0,-0.032641078754557
20250918,SN2608,271680.0,4.0,25.0,0.005740676110881
20250918,SN2609,271810.0,0.0,1.0,0.0
20250919,SN2510,268770.0,56060.0,20216.0,0.015170672058481
20250919,SN2511,269110.0,27106.0,20469.0,0.006241177048334
20250919,SN2512,269250.0,5527.0,8924.0,0.0089103401160932
20250919,SN2601,269450.0,1850.0,4444.0,0.0004453433783511
20250919,SN2602,269460.0,512.0,775.0,0.0089033985387208
20250919,SN2603,269660.0,385.0,459.0,0.0297783445095244
20250919,SN2604,270330.0,76.0,114.0,-0.0106583775187264
20250919,SN2605,270090.0,51.0,150.0,0.0284013297771759
20250919,SN2606,270730.0,24.0,90.0,0.020814501555768
20250919,SN2607,271200.0,3.0,22.0,0.005750834165324
20250919,SN2608,271330.0,2.0,24.0,0.0
20250919,SN2609,271330.0,2.0,2.0,0.0
20251027,SN2511,286150.0,31077.0,9032.0,0.0239035470906872
20251027,SN2512,286720.0,102206.0,45084.0,9.40509630818705e-05
20251027,SN2601,286920.0,17266.0,14333.0,0.0037641154328724
20251027,SN2602,287010.0,4195.0,3920.0,-0.0146336364586594
20251027,SN2603,286660.0,917.0,2066.0,0.005860601409334
20251027,SN2604,286800.0,523.0,1011.0,0.0133891213389132
20251027,SN2605,287120.0,207.0,293.0,0.0459738088604071
20251027,SN2606,288220.0,44.0,75.0,-0.0532926236902371
20251027,SN2607,286940.0,16.0,28.0,-0.006273088450547
20251027,SN2608,286790.0,9.0,63.0,-0.0033473970501063
20251027,SN2609,286710.0,12.0,23.0,-0.1586271842628446
20251027,SN2610,282920.0,3.0,7.0,0.0
20251028,SN2511,282780.0,13883.0,6200.0,0.0165499681731393
20251028,SN2512,283170.0,88270.0,40436.0,0.0001190375575397
20251028,SN2601,283420.0,18851.0,16114.0,0.0012701997036206
20251028,SN2602,283450.0,3106.0,4367.0,-0.0165108484741578
20251028,SN2603,283060.0,722.0,2158.0,0.0
20251028,SN2604,283060.0,506.0,1093.0,-0.0245884264820173
20251028,SN2605,282480.0,140.0,335.0,-0.0144435004248086
20251028,SN2606,282140.0,41.0,87.0,0.1012263415325733
20251028,SN2607,284520.0,18.0,28.0,-0.011809363137917
20251028,SN2608,284240.0,2.0,63.0,-0.0692372642837044
20251028,SN2609,282600.0,12.0,22.0,0.0169851380042453
20251028,SN2610,283000.0,1.0,8.0,0.0
20251029,SN2511,286170.0,5683.0,5215.0,0.0230632141733933
20251029,SN2512,286720.0,77861.0,41157.0,0.0001081586075441
20251029,SN2601,286950.0,18350.0,18570.0,-0.0025091479351804
20251029,SN2602,286890.0,3388.0,5120.0,-0.0184042664435843
20251029,SN2603,286450.0,761.0,2329.0,-0.0163379298306858
20251029,SN2604,286060.0,616.0,1306.0,0.0
20251029,SN2605,286060.0,291.0,481.0,-0.027686499335803
20251029,SN2606,285400.0,82.0,135.0,0.0185003503854233
20251029,SN2607,285840.0,27.0,30.0,-0.0184718723761538
20251029,SN2608,285400.0,7.0,62.0,0.013454800280308
20251029,SN2609,285720.0,7.0,22.0,-0.0075598488030239
20251029,SN2610,285540.0,4.0,7.0,0.0
20251030,SN2511,283040.0,5482.0,3537.0,0.0237422272470331
20251030,SN2512,283600.0,74299.0,38515.0,9.508565632875763e-05
20251030,SN2601,283800.0,20521.0,19817.0,0.0012684989429176
20251030,SN2602,283830.0,3855.0,5798.0,-0.0135292252404601
20251030,SN2603,283510.0,645.0,2498.0,-0.0118514338118589
20251030,SN2604,283230.0,289.0,1342.0,-0.0072026268403764
20251030,SN2605,283060.0,81.0,479.0,-0.002543630325726
20251030,SN2606,283000.0,23.0,141.0,0.0139929328621901
20251030,SN2607,283330.0,10.0,31.0,-0.0101648254685353
20251030,SN2608,283090.0,4.0,62.0,0.0356070507612429
20251030,SN2609,283930.0,8.0,21.0,0.0359243475504538
20251030,SN2610,284780.0,1.0,8.0,0.0
20251031,SN2511,283310.0,3229.0,2180.0,0.0254138576118032
20251031,SN2512,283910.0,72347.0,36714.0,0.0001614691156676
20251031,SN2601,284250.0,18477.0,20416.0,0.0050659630606864
20251031,SN2602,284370.0,4301.0,6168.0,-0.0147694904525792
20251031,SN2603,284020.0,500.0,2507.0,-0.0160552073797619
20251031,SN2604,283640.0,514.0,1414.0,-0.0143844309688341
20251031,SN2605,283300.0,172.0,517.0,0.0055065301800221
20251031,SN2606,283430.0,54.0,166.0,0.0012701548883331
20251031,SN2607,283460.0,15.0,30.0,0.0850913709165315
20251031,SN2608,285470.0,13.0,57.0,-0.1332539321119563
20251031,SN2609,282300.0,5.0,20.0,0.0892667375132845
20251031,SN2610,284400.0,4.0,9.0,0.0
20251103,SN2511,285200.0,908.0,1886.0,0.0235624123422164
20251103,SN2512,285760.0,69211.0,36562.0,0.0001038036161405
20251103,SN2601,285980.0,21132.0,21682.0,0.0
20251103,SN2602,285980.0,5052.0,6773.0,-0.023078536960627
20251103,SN2603,285430.0,547.0,2599.0,-0.0012612549486745
20251103,SN2604,285400.0,532.0,1538.0,-0.0142957252978281
20251103,SN2605,285060.0,171.0,598.0,0.0256788044622195
20251103,SN2606,285670.0,45.0,181.0,-0.0168026044036828
20251103,SN2607,285270.0,28.0,33.0,0.0096750446945002
20251103,SN2608,285500.0,10.0,56.0,-0.0525394045534151
20251103,SN2609,284250.0,8.0,20.0,0.0181530343007922
20251103,SN2610,284680.0,0.0,9.0,0.0
20251104,SN2511,282800.0,402.0,1754.0,0.0394625176803389
20251104,SN2512,283730.0,62832.0,34378.0,0.000156819448146
20251104,SN2601,284060.0,17150.0,21505.0,0.0046469055833275
20251104,SN2602,284170.0,3467.0,7025.0,-0.0198472745187734
20251104,SN2603,283700.0,723.0,2768.0,-0.0084596404652801
20251104,SN2604,283500.0,315.0,1626.0,-0.0165079365079363
20251104,SN2605,283110.0,96.0,630.0,-0.0279749920525587
20251104,SN2606,282450.0,27.0,180.0,0.0042485395645259
20251104,SN2607,282550.0,13.0,33.0,0.0450185807821625
20251104,SN2608,283610.0,9.0,57.0,-0.0626212051761228
20251104,SN2609,282130.0,7.0,20.0,0.0034026867047103
20251104,SN2610,282210.0,3.0,7.0,0.0
20251105,SN2511,281440.0,618.0,1398.0,0.0277146105741907
20251105,SN2512,282090.0,71165.0,32622.0,4.779732024325001e-05
20251105,SN2601,282190.0,21904.0,21703.0,0.0004252454020328
20251105,SN2602,282200.0,4715.0,7127.0,-0.0042523033309711
20251105,SN2603,282100.0,1011.0,2781.0,-0.0123360510457279
20251105,SN2604,281810.0,222.0,1646.0,0.0004258188140946
20251105,SN2605,281820.0,157.0,637.0,-0.0229934000425808
20251105,SN2606,281280.0,33.0,184.0,0.0166382252559733
20251105,SN2607,281670.0,13.0,30.0,-0.035360528277772
20251105,SN2608,280840.0,19.0,49.0,0.0589659592650626
20251105,SN2609,282220.0,9.0,20.0,0.0106300049606682
20251105,SN2610,282470.0,0.0,7.0,0.0
20251106,SN2511,283140.0,170.0,1310.0,0.0118669209578312
20251106,SN2512,283420.0,46812.0,30385.0,0.0001094179519972
20251106,SN2601,283650.0,13764.0,21928.0,-0.0004230565838181
20251106,SN2602,283640.0,2490.0,7125.0,-0.008038358482584
20251106,SN2603,283450.0,819.0,2929.0,-0.0097371670488621
20251106,SN2604,283220.0,264.0,1739.0,-0.0135583645222796
20251106,SN2605,282900.0,87.0,651.0,-0.0207847295864267
20251106,SN2606,282410.0,16.0,184.0,0.013597252221948
20251106,SN2607,282730.0,13.0,29.0,-0.0101863969157851
20251106,SN2608,282490.0,7.0,49.0,-0.022938865092569
20251106,SN2609,281950.0,8.0,19.0,0.0255364426316715
20251106,SN2610,282550.0,0.0,7.0,0.0
20251107,SN2511,283030.0,266.0,1178.0,0.0203511995194851
20251107,SN2512,283510.0,46181.0,30090.0,0.0001141390094239
20251107,SN2601,283750.0,13869.0,22640.0,0.0029603524229075
20251107,SN2602,283820.0,3236.0,7549.0,-0.0126840955535194
20251107,SN2603,283520.0,772.0,2970.0,-0.0033860045146729
20251107,SN2604,283440.0,192.0,1777.0,-0.0101608806096531
20251107,SN2605,283200.0,70.0,670.0,-0.0156779661016943
20251107,SN2606,282830.0,14.0,186.0,0.0012728494148417
20251107,SN2607,282860.0,27.0,30.0,-0.018666478116383
20251107,SN2608,282420.0,7.0,48.0,-0.0174208625451455
20251107,SN2609,282010.0,6.0,19.0,0.0289351441438245
20251107,SN2610,282690.0,0.0,7.0,0.0
20251110,SN2511,285980.0,276.0,1168.0,0.0243373662493873
20251110,SN2512,286560.0,70764.0,34257.0,0.0001223345190371
20251110,SN2601,286820.0,22942.0,24372.0,0.0041838086604837
20251110,SN2602,286920.0,6849.0,8240.0,-0.007946465913843
20251110,SN2603,286730.0,1481.0,3159.0,-0.010881316918355
20251110,SN2604,286470.0,467.0,1934.0,-0.0117289768562152
20251110,SN2605,286190.0,430.0,847.0,-0.0046123204863905
20251110,SN2606,286080.0,123.0,239.0,-0.0604026845637579
20251110,SN2607,284640.0,25.0,30.0,0.0341483979763914
20251110,SN2608,285450.0,19.0,48.0,0.0269048870204926
20251110,SN2609,286090.0,12.0,20.0,-0.0935369988465169
20251110,SN2610,283860.0,1.0,8.0,0.0
20251111,SN2511,287020.0,54.0,1184.0,0.0484983624834516
20251111,SN2512,288180.0,49439.0,36392.0,8.889575101702654e-05
20251111,SN2601,288370.0,17908.0,26697.0,0.0041613205257133
20251111,SN2602,288470.0,4004.0,8839.0,-0.0116476583353555
20251111,SN2603,288190.0,822.0,3230.0,-0.0112425830181477
20251111,SN2604,287920.0,383.0,2043.0,-0.0220894692970272
20251111,SN2605,287390.0,260.0,990.0,-0.0288110233480631
20251111,SN2606,286700.0,57.0,273.0,0.000837111963726
20251111,SN2607,286720.0,14.0,33.0,-0.0121372767857148
20251111,SN2608,286430.0,12.0,49.0,-0.0033516042314003
20251111,SN2609,286350.0,1.0,19.0,0.0104766893661603
20251111,SN2610,286600.0,0.0,8.0,0.0
20251112,SN2511,290820.0,108.0,1184.0,0.0668454714256228
20251112,SN2512,292440.0,124419.0,40779.0,0.0001752015971008
20251112,SN2601,292820.0,44863.0,32575.0,-0.0008196161464377
20251112,SN2602,292800.0,10507.0,9929.0,-0.0184426229508201
20251112,SN2603,292350.0,3252.0,3512.0,-0.0123140071831713
20251112,SN2604,292050.0,636.0,2203.0,-0.0156137647663077
20251112,SN2605,291670.0,622.0,1221.0,-0.010697020605479
20251112,SN2606,291410.0,232.0,388.0,-0.0205895473731163
20251112,SN2607,290910.0,30.0,37.0,0.0049499845312981
20251112,SN2608,291030.0,34.0,54.0,-0.0317493041954435
20251112,SN2609,290260.0,11.0,18.0,-0.0103355612209741
20251112,SN2610,290010.0,2.0,10.0,0.0
20251113,SN2511,297250.0,2.0,1184.0,0.0359293523969723
20251113,SN2512,298140.0,151802.0,43594.0,0.0001763744202821
20251113,SN2601,298530.0,56300.0,38549.0,0.0044216661642035
20251113,SN2602,298640.0,9943.0,10887.0,-0.0120546477364054
20251113,SN2603,298340.0,3505.0,3675.0,-0.0120667694576654
20251113,SN2604,298040.0,482.0,2267.0,-0.0100657629848339
20251113,SN2605,297790.0,372.0,1335.0,-0.0249840491621613
20251113,SN2606,297170.0,138.0,466.0,0.0549180603694852
20251113,SN2607,298530.0,21.0,37.0,-0.0996884735202496
20251113,SN2608,296050.0,22.0,55.0,0.126870461070764
20251113,SN2609,299180.0,12.0,23.0,-0.1127080687211714
20251113,SN2610,296370.0,7.0,11.0,0.0
20251114,SN2511,292000.0,12.0,1188.0,-0.0226027397260275
20251114,SN2512,291450.0,103936.0,36341.0,0.0002081803304284
20251114,SN2601,291900.0,43051.0,35111.0,0.0016443987667003
20251114,SN2602,291940.0,9788.0,11400.0,-0.0078098239364248
20251114,SN2603,291750.0,2662.0,3746.0,-0.0020565552699229
20251114,SN2604,291700.0,412.0,2254.0,-0.0115186835790193
20251114,SN2605,291420.0,143.0,1314.0,-0.032118591723286
20251114,SN2606,290640.0,73.0,459.0,0.139554087530966
20251114,SN2607,294020.0,12.0,38.0,-0.1040745527515141
20251114,SN2608,291470.0,27.0,60.0,0.0432291487974749
20251114,SN2609,292520.0,5.0,20.0,-0.042663749487215
20251114,SN2610,291480.0,3.0,12.0,0.0
20251117,SN2511,290300.0,16.0,1204.0,0.0024801929038931
20251117,SN2512,290360.0,78290.0,31904.0,0.0002600413899212
20251117,SN2601,290920.0,36710.0,34233.0,0.0086621751684301
20251117,SN2602,291130.0,8025.0,11621.0,-0.0004121869955007
20251117,SN2603,291120.0,2063.0,3793.0,-0.0206100577081613
20251117,SN2604,290620.0,439.0,2235.0,-0.013626040878123
20251117,SN2605,290290.0,168.0,1247.0,-0.0136415308829098
20251117,SN2606,289960.0,62.0,436.0,0.0380742171333974
20251117,SN2607,290880.0,19.0,34.0,-0.0334158415841581
20251117,SN2608,290070.0,26.0,57.0,0.0314406867307903
20251117,SN2609,290830.0,13.0,24.0,-0.0664305608087203
20251117,SN2610,289220.0,16.0,20.0,0.0
20251118,SN2512,288890.0,67408.0,27950.0,0.0002753662701988
20251118,SN2601,289480.0,34830.0,35152.0,0.0153378471742442
20251118,SN2602,289850.0,9474.0,10855.0,0.009108159392789
20251118,SN2603,290070.0,1773.0,3679.0,-0.0070327851897822
20251118,SN2604,289900.0,443.0,2199.0,-0.0120041393584
20251118,SN2605,289610.0,127.0,1242.0,-0.0314906253237112
20251118,SN2606,288850.0,23.0,434.0,-0.001246321620218
20251118,SN2607,288820.0,17.0,36.0,0.0614915864552303
20251118,SN2608,290300.0,8.0,56.0,0.0140544264553916
20251118,SN2609,290640.0,8.0,24.0,-0.0421139554087526
20251118,SN2610,289620.0,1.0,20.0,0.030246529935777
20251118,SN2611,290350.0,0.0,0.0,0.0
20251119,SN2512,293370.0,93871.0,27645.0,0.0002987369173337
20251119,SN2601,294020.0,58304.0,40035.0,0.0044894905108492
20251119,SN2602,294130.0,8676.0,11244.0,0.0028558800530378
20251119,SN2603,294200.0,1578.0,3710.0,-0.0036709721278036
20251119,SN2604,294110.0,435.0,2240.0,-0.0183604773724113
20251119,SN2605,293660.0,93.0,1239.0,0.006538173397808
20251119,SN2606,293820.0,36.0,448.0,0.0077598529712057
20251119,SN2607,294010.0,15.0,40.0,-0.0759157851773748
20251119,SN2608,292150.0,9.0,55.0,0.0657196645558784
20251119,SN2609,293750.0,20.0,23.0,-0.0200170212765953
20251119,SN2610,293260.0,0.0,20.0,-0.0114574098069977
20251119,SN2611,292980.0,0.0,0.0,0.0
20251120,SN2512,292030.0,67334.0,24513.0,0.000230852071147
20251120,SN2601,292530.0,47145.0,39159.0,0.0127166444467228
20251120,SN2602,292840.0,8204.0,11389.0,0.0040978008468792
20251120,SN2603,292940.0,1288.0,3748.0,-0.0036867617942246
20251120,SN2604,292850.0,361.0,2273.0,-0.0196687724090827
20251120,SN2605,292370.0,70.0,1242.0,-0.0233950131682458
20251120,SN2606,291800.0,18.0,451.0,-0.0078135709389997
20251120,SN2607,291610.0,20.0,41.0,0.0119337471280127
20251120,SN2608,291900.0,18.0,53.0,-0.0061664953751288
20251120,SN2609,291750.0,14.0,24.0,0.0563496143958861
20251120,SN2610,293120.0,0.0,20.0,-0.0057314410480344
20251120,SN2611,292980.0,0.0,0.0,0.0
20251121,SN2512,290740.0,56118.0,21582.0,0.0002921642024651
20251121,SN2601,291370.0,48083.0,36980.0,0.016062051686859
20251121,SN2602,291760.0,10455.0,11914.0,0.010693720866465
20251121,SN2603,292020.0,2775.0,3964.0,-0.0028765153071712
20251121,SN2604,291950.0,823.0,2292.0,-0.0041102928583658
20251121,SN2605,291850.0,69.0,1248.0,-0.0267260579064583
20251121,SN2606,291200.0,32.0,451.0,-0.0346153846153844
20251121,SN2607,290360.0,24.0,43.0,0.1330761812921892
20251121,SN2608,293580.0,9.0,54.0,-0.1054567749846713
20251121,SN2609,291000.0,13.0,23.0,0.0329896907216493
20251121,SN2610,291800.0,0.0,20.0,0.0168608636052098
20251121,SN2611,292210.0,0.0,0.0,0.0
20251124,SN2512,292860.0,69596.0,18347.0,0.0002992571516704
20251124,SN2601,293510.0,79841.0,42170.0,0.0171714762699748
20251124,SN2602,293930.0,13360.0,13498.0,0.0118395536352204
20251124,SN2603,294220.0,4121.0,4407.0,-0.0142750322887632
20251124,SN2604,293870.0,1026.0,2454.0,0.0008166876510022
20251124,SN2605,293890.0,300.0,1384.0,-0.0314403348191505
20251124,SN2606,293120.0,65.0,456.0,-0.0106441048034935
20251124,SN2607,292860.0,27.0,47.0,0.0127023150993661
20251124,SN2608,293170.0,20.0,57.0,0.0949619674591542
20251124,SN2609,295490.0,25.0,22.0,-0.0349250397644587
20251124,SN2610,294630.0,9.0,17.0,0.0476529884940433
20251124,SN2611,295800.0,2.0,2.0,0.0
20251125,SN2512,294640.0,27280.0,12356.0,0.0002974492582073
20251125,SN2601,295290.0,77707.0,44785.0,-0.0012191405059427
20251125,SN2602,295260.0,11914.0,15220.0,0.0268238162974991
20251125,SN2603,295920.0,3449.0,4928.0,-0.0077047850770477
20251125,SN2604,295730.0,411.0,2430.0,-0.0040577553849794
20251125,SN2605,295630.0,67.0,1383.0,-0.0316611981192713
20251125,SN2606,294850.0,22.0,454.0,0.0077327454637963
20251125,SN2607,295040.0,14.0,48.0,0.0154555314533633
20251125,SN2608,295420.0,29.0,62.0,0.0117798388734691
20251125,SN2609,295710.0,13.0,23.0,-0.0328700415948057
20251125,SN2610,294900.0,10.0,16.0,0.0236012207527975
20251125,SN2611,295480.0,0.0,2.0,0.0
20251126,SN2512,295230.0,17725.0,9479.0,0.0002968548231487
20251126,SN2601,295880.0,96629.0,44727.0,0.0194673516290384
20251126,SN2602,296360.0,15586.0,18176.0,0.0048589553246056
20251126,SN2603,296480.0,3685.0,5397.0,0.0012142471667555
20251126,SN2604,296510.0,370.0,2468.0,-0.0125459512326728
20251126,SN2605,296200.0,172.0,1459.0,-0.030384875084402
20251126,SN2606,295450.0,30.0,459.0,-0.0060924014215602
20251126,SN2607,295300.0,28.0,50.0,-0.0004063664070441
20251126,SN2608,295290.0,14.0,61.0,-0.040231636696129
20251126,SN2609,294300.0,12.0,22.0,0.0485219164118246
20251126,SN2610,295490.0,0.0,16.0,-0.00040610511354
20251126,SN2611,295480.0,0.0,2.0,0.0
20251127,SN2512,301460.0,22063.0,7010.0,0.0003309735318081
20251127,SN2601,302200.0,172496.0,54843.0,0.0142951687624091
20251127,SN2602,302560.0,27238.0,21523.0,0.0035695399259658
20251127,SN2603,302650.0,6821.0,6643.0,-0.0146704113662652
20251127,SN2604,302280.0,1637.0,3042.0,-0.0103215561730847
20251127,SN2605,302020.0,752.0,1840.0,-0.0254287795510235
20251127,SN2606,301380.0,194.0,529.0,0.0095560422058529
20251127,SN2607,301620.0,56.0,65.0,-0.0262582056892775
20251127,SN2608,300960.0,20.0,67.0,0.0111642743221693
20251127,SN2609,301240.0,18.0,24.0,0.0748904527951124
20251127,SN2610,303120.0,3.0,15.0,-0.2450514647664294
20251127,SN2611,296930.0,2.0,3.0,0.0
20251128,SN2512,304060.0,9786.0,3965.0,0.000434568280802
20251128,SN2601,305040.0,164904.0,56356.0,0.0118017309205349
20251128,SN2602,305340.0,32281.0,25542.0,-0.0007860090391034
20251128,SN2603,305320.0,6676.0,7413.0,0.0066815144766145
20251128,SN2604,305490.0,1057.0,3399.0,-0.0243543160168915
20251128,SN2605,304870.0,639.0,2145.0,-0.0055105454784012
20251128,SN2606,304730.0,136.0,561.0,-0.0338660453516226
20251128,SN2607,303870.0,30.0,66.0,0.0300128344357775
20251128,SN2608,304630.0,36.0,72.0,-0.1284180809506612
20251128,SN2609,301370.0,20.0,23.0,-0.0796363274380329
20251128,SN2610,299370.0,6.0,15.0,0.1783745866319277
20251128,SN2611,303820.0,0.0,3.0,0.0
20251201,SN2512,305910.0,2815.0,3034.0,0.0002953060660053
20251201,SN2601,306580.0,206252.0,52425.0,0.0219192380455348
20251201,SN2602,307140.0,41511.0,27361.0,0.0093768314123865
20251201,SN2603,307380.0,11477.0,8517.0,-0.0167870388444266
20251201,SN2604,306950.0,2135.0,3698.0,-0.0015637726014015
20251201,SN2605,306910.0,1047.0,2334.0,-0.021895669740314
20251201,SN2606,306350.0,292.0,704.0,0.0203688591480339
20251201,SN2607,306870.0,39.0,79.0,-0.0144686675139307
20251201,SN2608,306500.0,29.0,80.0,0.0849592169657409
20251201,SN2609,308670.0,17.0,25.0,-0.0031101176013224
20251201,SN2610,308590.0,6.0,13.0,-0.1357140542467347
20251201,SN2611,305100.0,3.0,5.0,0.0
20251202,SN2512,306160.0,926.0,2912.0,0.0003611242414189
20251202,SN2601,306980.0,134175.0,49218.0,0.0203270571372717
20251202,SN2602,307500.0,23408.0,27645.0,0.0109268292682918
20251202,SN2603,307780.0,6984.0,8849.0,-0.0101371109233872
20251202,SN2604,307520.0,1255.0,3921.0,-0.0152185223725287
20251202,SN2605,307130.0,363.0,2316.0,-0.0230521277634871
20251202,SN2606,306540.0,157.0,702.0,-0.0598943041691137
20251202,SN2607,305010.0,24.0,80.0,0.0232123536933217
20251202,SN2608,305600.0,28.0,79.0,-0.0141361256544496
20251202,SN2609,305240.0,24.0,24.0,-0.022408596514218
20251202,SN2610,304670.0,1.0,13.0,0.040568483933435
20251202,SN2611,305700.0,1.0,6.0,0.0
20251203,SN2512,311370.0,344.0,2874.0,0.0004330264979739
20251203,SN2601,312370.0,206009.0,53055.0,0.0238179082498311
20251203,SN2602,312990.0,44791.0,31207.0,0.0026837918144346
20251203,SN2603,313060.0,9918.0,9123.0,-0.0045997572350353
20251203,SN2604,312940.0,2016.0,3884.0,-0.0072857416757199
20251203,SN2605,312750.0,728.0,2334.0,-0.037218225419664
20251203,SN2606,311780.0,135.0,715.0,-0.0685098466867657
20251203,SN2607,310000.0,42.0,92.0,0.0201290322580653
20251203,SN2608,310520.0,123.0,156.0,0.0668555970629913
20251203,SN2609,312250.0,29.0,28.0,0.0122978382706158
20251203,SN2610,312570.0,20.0,12.0,-0.0130530761109515
20251203,SN2611,312230.0,2.0,6.0,0.0
20251204,SN2512,315520.0,770.0,2668.0,0.0003034049729926
20251204,SN2601,316230.0,344967.0,52057.0,0.0280808272459918
20251204,SN2602,316970.0,79327.0,34418.0,0.0147648042401478
20251204,SN2603,317360.0,18985.0,10742.0,-0.0098311066296949
20251204,SN2604,317100.0,2894.0,4066.0,-0.015137180700095
20251204,SN2605,316700.0,1787.0,2492.0,-0.0128828544363757
20251204,SN2606,316360.0,389.0,842.0,-0.0045517764572005
20251204,SN2607,316240.0,45.0,98.0,-0.047432329876043
20251204,SN2608,314990.0,193.0,250.0,0.013333756627194
20251204,SN2609,315340.0,63.0,41.0,0.0136994989535095
20251204,SN2610,315700.0,14.0,14.0,0.0038010769718086
20251204,SN2611,315800.0,7.0,9.0,0.0
20251205,SN2512,316950.0,266.0,2542.0,0.000233971614989
20251205,SN2601,317500.0,291276.0,50788.0,0.024566929133857
20251205,SN2602,318150.0,59975.0,35355.0,0.0222536539368229
20251205,SN2603,318740.0,13645.0,11308.0,-0.0112944719834349
20251205,SN2604,318440.0,2136.0,4114.0,-0.0154503203115186
20251205,SN2605,318030.0,1465.0,2901.0,-0.0218847278558622
20251205,SN2606,317450.0,321.0,973.0,0.0291069459757453
20251205,SN2607,318220.0,43.0,97.0,-0.0599585192634024
20251205,SN2608,316630.0,53.0,255.0,0.0375201339102435
20251205,SN2609,317620.0,29.0,41.0,-0.0272023172344306
20251205,SN2610,316900.0,20.0,15.0,0.0015146733985487
20251205,SN2611,316940.0,11.0,11.0,0.0
20251208,SN2512,318850.0,696.0,2334.0,0.0001480037987641
20251208,SN2601,319200.0,227244.0,48471.0,0.022932330827067
20251208,SN2602,319810.0,47690.0,34763.0,0.012382352021512
20251208,SN2603,320140.0,9647.0,11230.0,0.0018741800462294
20251208,SN2604,320190.0,1868.0,4138.0,-0.0101189918485893
20251208,SN2605,319920.0,1060.0,2919.0,-0.0273818454613659
20251208,SN2606,319190.0,146.0,1007.0,-0.0172937748676331
20251208,SN2607,318730.0,45.0,88.0,-0.0203306874156803
20251208,SN2608,318190.0,56.0,266.0,0.0079197963480925
20251208,SN2609,318400.0,27.0,40.0,-0.0516331658291453
20251208,SN2610,317030.0,10.0,15.0,-0.1264233668737979
20251208,SN2611,313690.0,5.0,12.0,0.0
20251209,SN2512,312120.0,412.0,2190.0,8.639719381915383e-05
20251209,SN2601,312320.0,191926.0,43424.0,0.0226690573770502
20251209,SN2602,312910.0,42834.0,34716.0,0.0187913457543711
20251209,SN2603,313400.0,8054.0,10896.0,-0.002297383535418
20251209,SN2604,313340.0,1415.0,4073.0,-0.0049786174762238
20251209,SN2605,313210.0,770.0,2924.0,-0.0172408288368828
20251209,SN2606,312760.0,197.0,989.0,-0.0234045274331751
20251209,SN2607,312150.0,29.0,86.0,-0.0099951946179719
20251209,SN2608,311890.0,123.0,235.0,0.0327038378915656
20251209,SN2609,312740.0,8.0,40.0,0.0049881690861415
20251209,SN2610,312870.0,3.0,16.0,0.082078818678684
20251209,SN2611,315010.0,1.0,13.0,0.0
20251210,SN2512,322500.0,160.0,2208.0,5.435066631827847e-05
20251210,SN2601,322630.0,211108.0,47499.0,0.028639618138424
20251210,SN2602,323400.0,54652.0,39277.0,0.0051948051948054
20251210,SN2603,323540.0,9813.0,11320.0,0.002225381714779
20251210,SN2604,323600.0,2070.0,4303.0,-0.0203955500618051
20251210,SN2605,323050.0,1050.0,2944.0,-0.0026002166847232
20251210,SN2606,322980.0,102.0,972.0,0.0014861601337541
20251210,SN2607,323020.0,19.0,85.0,0.0130022908798217
20251210,SN2608,323370.0,45.0,233.0,-0.0033398274422484
20251210,SN2609,323280.0,36.0,46.0,0.0085374907201201
20251210,SN2610,323510.0,12.0,14.0,-0.1854656733949498
20251210,SN2611,318510.0,8.0,13.0,0.0
20251211,SN2512,318710.0,212.0,2176.0,0.0007995715875691
20251211,SN2601,320600.0,226914.0,42785.0,0.0265751715533371
20251211,SN2602,321310.0,66434.0,41778.0,0.017926612928325
20251211,SN2603,321790.0,11842.0,11799.0,-0.0007458280244878
20251211,SN2604,321770.0,2675.0,4541.0,-0.0205115455138766
20251211,SN2605,321220.0,785.0,2901.0,-0.0156901811842344
20251211,SN2606,320800.0,185.0,1022.0,-0.0258104738154614
20251211,SN2607,320110.0,30.0,82.0,-0.0041235825185088
20251211,SN2608,320000.0,88.0,239.0,-0.0071249999999993
20251211,SN2609,319810.0,31.0,51.0,-0.0506550764516431
20251211,SN2610,318460.0,4.0,15.0,0.0633046536456705
20251211,SN2611,320140.0,35.0,26.0,0.0
20251212,SN2512,332720.0,360.0,1904.0,0.0001134672066264
20251212,SN2601,333000.0,348523.0,48298.0,0.0259459459459456
20251212,SN2602,333720.0,104771.0,45272.0,0.0186983099604463
20251212,SN2603,334240.0,23522.0,13348.0,0.0075394925801806
20251212,SN2604,334450.0,4663.0,5048.0,-0.0143519210644336
20251212,SN2605,334050.0,1952.0,3115.0,-0.0140098787606639
20251212,SN2606,333660.0,240.0,1066.0,0.0097104837259482
20251212,SN2607,333930.0,30.0,87.0,-0.018686551073578
20251212,SN2608,333410.0,247.0,198.0,0.0028793377523168
20251212,SN2609,333490.0,44.0,52.0,0.1554469399382299
20251212,SN2610,337810.0,25.0,24.0,-0.1300139131464432
20251212,SN2611,334150.0,19.0,21.0,0.0
20251215,SN2512,324500.0,108.0,1902.0,0.0012008102352798
20251215,SN2601,327390.0,382401.0,39770.0,0.0311555026115639
20251215,SN2602,328240.0,135572.0,43899.0,0.0091396539117711
20251215,SN2603,328490.0,31338.0,12422.0,0.0069408505586157
20251215,SN2604,328680.0,7290.0,5365.0,-0.0043811610076667
20251215,SN2605,328560.0,2907.0,3036.0,-0.0189919649379102
20251215,SN2606,328040.0,566.0,1199.0,-0.0892574076332159
20251215,SN2607,325600.0,38.0,87.0,0.0368550368550373
20251215,SN2608,326600.0,229.0,226.0,-0.0477648499693819
20251215,SN2609,325300.0,63.0,77.0,0.0844758684291431
20251215,SN2610,327590.0,12.0,26.0,-0.0930431331847736
20251215,SN2611,325050.0,23.0,26.0,0.0
20251216,SN2601,320620.0,222618.0,32285.0,0.0239535899195306
20251216,SN2602,321260.0,95974.0,40691.0,0.0183029322044445
20251216,SN2603,321750.0,17631.0,12899.0,0.0044755244755236
20251216,SN2604,321870.0,5140.0,5930.0,0.0014912853015189
20251216,SN2605,321910.0,1810.0,2870.0,0.0033549749930115
20251216,SN2606,322000.0,430.0,1112.0,-0.0633540372670813
20251216,SN2607,320300.0,92.0,133.0,0.0666874804870429
20251216,SN2608,322080.0,205.0,215.0,-0.0298062593144554
20251216,SN2609,321280.0,65.0,84.0,-0.0082171314741037
20251216,SN2610,321060.0,43.0,50.0,0.0657820968043347
20251216,SN2611,322820.0,37.0,42.0,0.0557586270986929
20251216,SN2612,324320.0,18.0,15.0,0.0
20251217,SN2601,328600.0,166838.0,32130.0,0.0270237370663428
20251217,SN2602,329340.0,88252.0,43247.0,0.0123884131900151
20251217,SN2603,329680.0,15941.0,13887.0,0.0101917010434355
20251217,SN2604,329960.0,3653.0,6682.0,0.0047278457994917
20251217,SN2605,330090.0,1359.0,2942.0,-0.00836135599382
20251217,SN2606,329860.0,115.0,1114.0,0.0050930697871818
20251217,SN2607,330000.0,31.0,139.0,-0.0363636363636366
20251217,SN2608,329000.0,53.0,213.0,0.0258966565349556
20251217,SN2609,329710.0,33.0,93.0,0.0469503503078465
20251217,SN2610,331000.0,6.0,49.0,-0.0902719033232628
20251217,SN2611,328510.0,5.0,40.0,0.1377127028096563
20251217,SN2612,332280.0,5.0,17.0,0.0
20251218,SN2601,334380.0,243529.0,33908.0,0.0351695675578671
20251218,SN2602,335360.0,147436.0,49488.0,0.0143129770992356
20251218,SN2603,335760.0,28146.0,14588.0,0.0060757684060046
20251218,SN2604,335930.0,6869.0,7302.0,-0.0071443455481801
20251218,SN2605,335730.0,3185.0,3088.0,-0.0153694933428645
20251218,SN2606,335300.0,414.0,1171.0,-0.0082314345362357
20251218,SN2607,335070.0,78.0,160.0,0.0469155698809213
20251218,SN2608,336380.0,87.0,197.0,0.0577917831024432
20251218,SN2609,338000.0,76.0,99.0,-0.0386982248520704
20251218,SN2610,336910.0,31.0,39.0,-0.0039179602861292
20251218,SN2611,336800.0,20.0,44.0,0.024228028503562
20251218,SN2612,337480.0,17.0,21.0,0.0
20251219,SN2601,343040.0,240305.0,33801.0,0.0325326492537323
20251219,SN2602,343970.0,184902.0,56604.0,0.0125592348169893
20251219,SN2603,344330.0,25642.0,16109.0,-0.0020910173380181
20251219,SN2604,344270.0,5550.0,7725.0,-0.0128968542132628
20251219,SN2605,343900.0,3881.0,3754.0,-0.0237278278569355
20251219,SN2606,343220.0,328.0,1224.0,-0.0076918594487507
20251219,SN2607,343000.0,58.0,155.0,0.0108454810495626
20251219,SN2608,343310.0,76.0,192.0,-0.0279630654510496
20251219,SN2609,342510.0,92.0,97.0,-0.1503021809582208
20251219,SN2610,338220.0,31.0,22.0,0.1695937555437279
20251219,SN2611,343000.0,35.0,42.0,-0.0279883381924199
20251219,SN2612,342200.0,24.0,16.0,0.0
20251222,SN2601,340440.0,239865.0,29247.0,0.0289037715897073
20251222,SN2602,341260.0,245140.0,56499.0,0.0059778468030238
20251222,SN2603,341430.0,40537.0,16391.0,0.005974870398032
20251222,SN2604,341600.0,11626.0,7984.0,0.0084309133489464
20251222,SN2605,341840.0,5427.0,4125.0,-0.0210624853732745
20251222,SN2606,341240.0,870.0,1642.0,-0.0337592310397378
20251222,SN2607,340280.0,54.0,158.0,0.0038791583401902
20251222,SN2608,340390.0,60.0,180.0,0.0084608831046741
20251222,SN2609,340630.0,65.0,105.0,0.0140915362710281
20251222,SN2610,341030.0,47.0,51.0,-0.1418057062428519
20251222,SN2611,337000.0,23.0,42.0,0.1246290801186953
20251222,SN2612,340500.0,35.0,19.0,0.0
20251223,SN2601,343710.0,90345.0,21260.0,0.0363096796718167
20251223,SN2602,344750.0,228643.0,61161.0,0.0069615663524293
20251223,SN2603,344950.0,23934.0,18426.0,-0.0163501956805336
20251223,SN2604,344480.0,3814.0,8346.0,0.00696702275894
20251223,SN2605,344680.0,2293.0,4333.0,-0.03133341069978
20251223,SN2606,343780.0,354.0,1676.0,-0.0970388038862068
20251223,SN2607,341000.0,28.0,159.0,0.0872727272727278
20251223,SN2608,343480.0,38.0,170.0,-0.0269011296145329
20251223,SN2609,342710.0,60.0,81.0,0.057424644743369
20251223,SN2610,344350.0,25.0,47.0,-0.0700450123420939
20251223,SN2611,342340.0,14.0,37.0,0.0795700181106493
20251223,SN2612,344610.0,13.0,20.0,0.0
20251224,SN2601,340790.0,79849.0,16174.0,0.0355644238387284
20251224,SN2602,341800.0,368780.0,56040.0,0.0087770626097132
20251224,SN2603,342050.0,40519.0,21286.0,0.0140330361058333
20251224,SN2604,342450.0,9238.0,8399.0,0.0
20251224,SN2605,342450.0,5157.0,4244.0,0.0168199737187917
20251224,SN2606,342930.0,812.0,1733.0,-0.0206456128072782
20251224,SN2607,342340.0,216.0,264.0,0.0234854238476369
20251224,SN2608,343010.0,148.0,161.0,0.0227398618116083
20251224,SN2609,343660.0,129.0,111.0,-0.0303788628295413
20251224,SN2610,342790.0,62.0,78.0,0.0728142594591441
20251224,SN2611,344870.0,98.0,106.0,-0.0410589497491802
20251224,SN2612,343690.0,42.0,37.0,0.0
20251225,SN2601,335020.0,50203.0,12949.0,0.0308041310966507
20251225,SN2602,335880.0,298226.0,53244.0,0.017148981779206
20251225,SN2603,336360.0,33940.0,21615.0,0.0064216910453085
20251225,SN2604,336540.0,8301.0,8946.0,0.0092708147619893
20251225,SN2605,336800.0,3077.0,4090.0,-0.0142517814726841
20251225,SN2606,336400.0,355.0,1724.0,0.0107015457788337
20251225,SN2607,336700.0,55.0,265.0,0.0384912384912379
20251225,SN2608,337780.0,49.0,156.0,0.023802474983718
20251225,SN2609,338450.0,71.0,105.0,0.0273009307135465
20251225,SN2610,339220.0,11.0,84.0,-0.0544779199339657
20251225,SN2611,337680.0,20.0,112.0,0.0700071073205403
20251225,SN2612,339650.0,12.0,46.0,0.0
20251226,SN2601,337560.0,34482.0,9637.0,0.035193743334517
20251226,SN2602,338550.0,369071.0,52276.0,0.0046078865751004
20251226,SN2603,338680.0,45919.0,23065.0,0.015235620644856
20251226,SN2604,339110.0,10687.0,9106.0,-0.0070773495325995
20251226,SN2605,338910.0,5859.0,4988.0,-0.0159334336549528
20251226,SN2606,338460.0,1134.0,2042.0,-0.0152455238432906
20251226,SN2607,338030.0,586.0,434.0,-0.0007099961541876
20251226,SN2608,338010.0,479.0,286.0,0.0262714120883984
20251226,SN2609,338750.0,337.0,263.0,0.115129151291514
20251226,SN2610,342000.0,44.0,70.0,0.0091228070175448
20251226,SN2611,342260.0,50.0,111.0,0.0441769415064579
20251226,SN2612,343520.0,101.0,90.0,0.0
20251229,SN2601,333770.0,19931.0,7695.0,0.0294813793929957
20251229,SN2602,334590.0,453324.0,50161.0,0.0258226486147234
20251229,SN2603,335310.0,80376.0,26143.0,0.0146729891741976
20251229,SN2604,335720.0,16835.0,9911.0,-0.0225187656380323
20251229,SN2605,335090.0,5820.0,5317.0,-0.0111014951207133
20251229,SN2606,334780.0,2130.0,2706.0,-0.0168468845211782
20251229,SN2607,334310.0,814.0,649.0,-0.0836349495976787
20251229,SN2608,331980.0,577.0,624.0,0.0491595879269839
20251229,SN2609,333340.0,111.0,270.0,-0.0633587328253435
20251229,SN2610,331580.0,81.0,74.0,0.0875806743470644
20251229,SN2611,334000.0,83.0,117.0,0.0359281437125744
20251229,SN2612,335000.0,58.0,98.0,0.0
20251230,SN2601,326090.0,14413.0,4865.0,0.0088319175687683
20251230,SN2602,326330.0,441257.0,43769.0,0.0312567033371129
20251230,SN2603,327180.0,86592.0,26351.0,-0.0080689528699795
20251230,SN2604,326960.0,23179.0,9371.0,0.0198189380964022
20251230,SN2605,327500.0,9493.0,5207.0,-0.0205190839694657
20251230,SN2606,326940.0,1197.0,2685.0,-0.0077078363002391
20251230,SN2607,326730.0,450.0,634.0,0.047011293728767
20251230,SN2608,328010.0,402.0,621.0,0.0329258254321525
20251230,SN2609,328910.0,136.0,279.0,0.0226201696512733
20251230,SN2610,329530.0,169.0,165.0,0.0054623251297298
20251230,SN2611,329680.0,104.0,155.0,0.031667071099247
20251230,SN2612,330550.0,47.0,113.0,0.0
20251231,SN2601,327680.0,5022.0,3910.0,-0.17431640625
20251231,SN2602,322920.0,297836.0,37928.0,0.028613898179115
20251231,SN2603,323690.0,54953.0,24883.0,0.0025950755352344
20251231,SN2604,323760.0,17652.0,10411.0,0.0129725722757587
20251231,SN2605,324110.0,7464.0,5729.0,-0.0392459350220604
20251231,SN2606,323050.0,1197.0,2784.0,-0.0014858381055566
20251231,SN2607,323010.0,372.0,727.0,0.0170892542026575
20251231,SN2608,323470.0,290.0,726.0,-0.0089034531795832
20251231,SN2609,323230.0,115.0,280.0,0.0181913807505491
20251231,SN2610,323720.0,52.0,159.0,0.0044482886445065
20251231,SN2611,323840.0,40.0,155.0,0.0785573122529648
20251231,SN2612,325960.0,43.0,96.0,0.0
20260105,SN2601,334030.0,1932.0,3366.0,0.0122144717540351
20260105,SN2602,334370.0,148000.0,38437.0,0.0236863354966052
20260105,SN2603,335030.0,35429.0,26370.0,0.0057308300749197
20260105,SN2604,335190.0,9220.0,10296.0,0.0053700886064627
20260105,SN2605,335340.0,5618.0,6330.0,0.0132402934335296
20260105,SN2606,335710.0,430.0,2846.0,-0.0611241845640586
20260105,SN2607,334000.0,114.0,737.0,0.0186826347305402
20260105,SN2608,334520.0,88.0,725.0,-0.0147076407987567
20260105,SN2609,334110.0,147.0,308.0,0.0079015892969378
20260105,SN2610,334330.0,48.0,160.0,0.0854245805042932
20260105,SN2611,336710.0,32.0,157.0,-0.0381337055626507
20260105,SN2612,335640.0,35.0,112.0,0.0
20260106,SN2601,348170.0,1180.0,3070.0,0.0224028491828711
20260106,SN2602,348820.0,324985.0,41195.0,0.0202970013187311
20260106,SN2603,349410.0,74508.0,32333.0,-0.0003434360779603
20260106,SN2604,349400.0,16205.0,11073.0,-0.0065254722381227
20260106,SN2605,349210.0,10022.0,7526.0,-0.0580739383179178
20260106,SN2606,347520.0,2922.0,3517.0,-0.049378453038674
20260106,SN2607,346090.0,1233.0,971.0,-0.0305122944898728
20260106,SN2608,345210.0,821.0,902.0,-0.0020856869731473
20260106,SN2609,345150.0,530.0,284.0,-0.0375488917861801
20260106,SN2610,344070.0,279.0,110.0,-0.0097654547039844
20260106,SN2611,343790.0,193.0,115.0,0.0132639111085266
20260106,SN2612,344170.0,120.0,103.0,0.0
20260107,SN2601,357800.0,640.0,2954.0,0.0419228619340419
20260107,SN2602,359050.0,459909.0,43969.0,0.0183818409692255
20260107,SN2603,359600.0,107812.0,35508.0,0.0060066740823128
20260107,SN2604,359780.0,26911.0,11855.0,-0.0060036689087774
20260107,SN2605,359600.0,15152.0,7694.0,-0.0213570634037818
20260107,SN2606,358960.0,2575.0,3797.0,-0.0755515934923107
20260107,SN2607,356700.0,600.0,1018.0,-0.0003364171572743
20260107,SN2608,356690.0,664.0,925.0,-0.0410440438475991
20260107,SN2609,355470.0,287.0,386.0,0.0172166427546631
20260107,SN2610,355980.0,57.0,106.0,-0.0330355637957193
20260107,SN2611,355000.0,61.0,113.0,-0.0321126760563377
20260107,SN2612,354050.0,79.0,113.0,0.0
20260108,SN2601,349290.0,766.0,2744.0,0.0120243923387448
20260108,SN2602,349640.0,400445.0,38798.0,0.0229950806543879
20260108,SN2603,350310.0,106134.0,33707.0,-0.0020553224287058
20260108,SN2604,350250.0,24213.0,11636.0,-0.0020556745182007
20260108,SN2605,350190.0,12573.0,7402.0,-0.0291270453182557
20260108,SN2606,349340.0,1747.0,3813.0,-0.075571076887845
20260108,SN2607,347140.0,324.0,1080.0,-0.0428645503255173
20260108,SN2608,345900.0,251.0,925.0,-0.0006938421509112
20260108,SN2609,345880.0,139.0,377.0,-0.03053081993755
20260108,SN2610,345000.0,25.0,102.0,0.0045217391304346
20260108,SN2611,345130.0,27.0,111.0,-0.0264248254280996
20260108,SN2612,344370.0,86.0,117.0,0.0
20260109,SN2601,352910.0,98.0,2704.0,-0.0125811113315013
20260109,SN2602,352540.0,253086.0,40737.0,0.0156577976967149
20260109,SN2603,353000.0,99952.0,35804.0,0.0033994334277611
20260109,SN2604,353100.0,15141.0,12064.0,-0.0033984706881904
20260109,SN2605,353000.0,9188.0,7681.0,-0.0350141643059496
20260109,SN2606,351970.0,769.0,3927.0,-0.0511407222206439
20260109,SN2607,350470.0,272.0,1144.0,-0.0030815761691447
20260109,SN2608,350380.0,142.0,928.0,0.0027398824133788
20260109,SN2609,350460.0,115.0,384.0,-0.0359527478171548
20260109,SN2610,349410.0,15.0,99.0,0.0058384133253186
20260109,SN2611,349580.0,14.0,110.0,0.0398192116253781
20260109,SN2612,350740.0,23.0,113.0,0.0
20260112,SN2601,372480.0,116.0,2730.0,0.1430412371134028
20260112,SN2602,376920.0,282983.0,50635.0,0.0226042661572742
20260112,SN2603,377630.0,117232.0,43946.0,-0.0082620554511034
20260112,SN2604,377370.0,21805.0,14483.0,0.0076317672310981
20260112,SN2605,377610.0,13363.0,9817.0,-0.0378167951060617
20260112,SN2606,376420.0,1906.0,4361.0,-0.0468625471547743
20260112,SN2607,374950.0,603.0,1167.0,0.0
20260112,SN2608,374950.0,605.0,981.0,-0.092172289638619
20260112,SN2609,372070.0,186.0,464.0,0.0383798747547494
20260112,SN2610,373260.0,41.0,102.0,-0.0244333708407014
20260112,SN2611,372500.0,54.0,114.0,0.0644295302013411
20260112,SN2612,374500.0,88.0,135.0,0.0
20260113,SN2601,380580.0,130.0,2698.0,-0.0394135267223711
20260113,SN2602,379330.0,470223.0,42853.0,0.0215116125800758
20260113,SN2603,380010.0,192763.0,47519.0,-0.0205257756374828
20260113,SN2604,379360.0,40908.0,15551.0,-0.0246731336988608
20260113,SN2605,378580.0,29920.0,10193.0,-0.0263088382904532
20260113,SN2606,377750.0,3110.0,4678.0,-0.0457445400397094
20260113,SN2607,376310.0,573.0,1219.0,-0.0003188860248193
20260113,SN2608,376300.0,430.0,976.0,-0.0366728673930381
20260113,SN2609,375150.0,391.0,454.0,0.06749300279888
20260113,SN2610,377260.0,67.0,106.0,-0.0054074113343576
20260113,SN2611,377090.0,77.0,112.0,-0.0385053965896728
20260113,SN2612,375880.0,135.0,162.0,0.0
20260114,SN2601,409900.0,22.0,2698.0,0.0957306660161005
20260114,SN2602,413170.0,404698.0,42405.0,0.0151027422126492
20260114,SN2603,413690.0,187917.0,55548.0,-0.0284270830815343
20260114,SN2604,412710.0,36782.0,18145.0,-0.0136657701533766
20260114,SN2605,412240.0,27188.0,11793.0,-0.0160100912090039
20260114,SN2606,411690.0,2902.0,4709.0,-0.009618887998251
20260114,SN2607,411360.0,705.0,1312.0,-0.0189614935822635
20260114,SN2608,410710.0,369.0,981.0,-0.0081809549317033
20260114,SN2609,410430.0,335.0,508.0,-0.1008698194576416
20260114,SN2610,406980.0,66.0,116.0,-0.0350877192982452
20260114,SN2611,405790.0,91.0,118.0,0.0869415214766267
20260114,SN2612,408730.0,168.0,185.0,0.0
20260115,SN2601,423780.0,16.0,2692.0,0.2610788616735107
20260115,SN2602,433000.0,592217.0,38481.0,0.0193995381062359
20260115,SN2603,433700.0,301805.0,52516.0,-0.022688494350934
20260115,SN2604,432880.0,61340.0,17977.0,-0.0113657364627606
20260115,SN2605,432470.0,47408.0,12491.0,-0.0185908849168723
20260115,SN2606,431800.0,7041.0,4613.0,-0.0516905974988426
20260115,SN2607,429940.0,1532.0,1174.0,-0.0318183932641762
20260115,SN2608,428800.0,891.0,998.0,0.0335820895522394
20260115,SN2609,430000.0,744.0,476.0,-0.0831627906976741
20260115,SN2610,427020.0,276.0,165.0,0.0250105381480967
20260115,SN2611,427910.0,299.0,125.0,0.011497744852889
20260115,SN2612,428320.0,407.0,186.0,0.0
20260116,SN2602,405240.0,429257.0,31288.0,-0.0014806040864678
20260116,SN2603,405190.0,258042.0,47530.0,-0.0133270811224357
20260116,SN2604,404740.0,50028.0,17873.0,-0.0148243316697134
20260116,SN2605,404240.0,45159.0,11679.0,-0.0068276271521865
20260116,SN2606,404010.0,4901.0,4399.0,-0.0237617880745522
20260116,SN2607,403210.0,1037.0,1057.0,0.0458321966221086
20260116,SN2608,404750.0,910.0,902.0,0.0077084620135883
20260116,SN2609,405010.0,636.0,423.0,-0.0388138564479887
20260116,SN2610,403700.0,142.0,152.0,-0.1099826603913802
20260116,SN2611,400000.0,141.0,127.0,0.1079999999999987
20260116,SN2612,403600.0,265.0,174.0,-0.001202659213149
20260116,SN2701,400000.0,26.0,11.0,0.0
20260119,SN2602,389500.0,294711.0,26378.0,0.0181771501925558
20260119,SN2603,390090.0,219578.0,42138.0,0.0046143197723607
20260119,SN2604,390240.0,42386.0,18890.0,-0.0070725707257066
20260119,SN2605,390010.0,33953.0,13166.0,-0.0246147534678593
20260119,SN2606,389210.0,3908.0,4573.0,-0.0036998021633571
20260119,SN2607,389090.0,690.0,1089.0,-0.0067850625819221
20260119,SN2608,388870.0,598.0,859.0,0.0111091110139627
20260119,SN2609,389230.0,527.0,356.0,-0.0585771908640135
20260119,SN2610,387330.0,160.0,133.0,0.133839361784525
20260119,SN2611,391650.0,124.0,105.0,-0.0738414400612796
20260119,SN2612,389240.0,158.0,181.0,0.0003256129201359
20260119,SN2701,390180.0,47.0,28.0,0.0
20260120,SN2602,399000.0,247636.0,23827.0,0.0129323308270681
20260120,SN2603,399430.0,202654.0,45673.0,0.0093132714117611
20260120,SN2604,399740.0,34026.0,20503.0,0.0036023415219892
20260120,SN2605,399860.0,24240.0,13996.0,-0.0258090331616065
20260120,SN2606,399000.0,2957.0,4808.0,-0.0171428571428573
20260120,SN2607,398430.0,391.0,1096.0,-0.0286123032904153
20260120,SN2608,397480.0,167.0,862.0,0.0576632786555304
20260120,SN2609,399390.0,256.0,362.0,-0.0417636896266806
20260120,SN2610,398000.0,36.0,139.0,-0.1010050251256284
20260120,SN2611,394650.0,20.0,103.0,0.0738882554161923
20260120,SN2612,397080.0,71.0,182.0,0.0003022061045633
20260120,SN2701,397970.0,34.0,40.0,0.0
20260121,SN2602,418420.0,281963.0,22979.0,0.0195019358539276
20260121,SN2603,419100.0,269364.0,49894.0,-0.0014316392269142
20260121,SN2604,419050.0,33595.0,20921.0,0.0017181720558419
20260121,SN2605,419110.0,31332.0,14738.0,-0.018610865882465
20260121,SN2606,418460.0,2793.0,4765.0,-0.032404530899011
20260121,SN2607,417330.0,616.0,1060.0,-0.0227158363884694
20260121,SN2608,416540.0,191.0,882.0,-0.0244874441830318
20260121,SN2609,415690.0,221.0,358.0,0.0
20260121,SN2610,415690.0,52.0,140.0,-0.0170319228271065
20260121,SN2611,415100.0,20.0,106.0,-0.0135870874488075
20260121,SN2612,414630.0,82.0,196.0,0.0001235703037796
20260121,SN2701,415010.0,34.0,38.0,0.0
20260122,SN2602,409010.0,275621.0,22314.0,0.0261118310065775
20260122,SN2603,409900.0,329467.0,49125.0,0.0026347889729194
20260122,SN2604,409990.0,44634.0,21747.0,0.0149271933461792
20260122,SN2605,410500.0,37016.0,15308.0,-0.0093544457978071
20260122,SN2606,410180.0,3021.0,4846.0,-0.0471012726120245
20260122,SN2607,408570.0,495.0,1055.0,-0.0105734635435785
20260122,SN2608,408210.0,136.0,885.0,0.0058793268170784
20260122,SN2609,408410.0,152.0,362.0,-0.0376092651991877
20260122,SN2610,407130.0,17.0,135.0,-0.0058949229975682
20260122,SN2611,406930.0,52.0,108.0,0.0401051777947065
20260122,SN2612,408290.0,85.0,196.0,-0.0003533509586846
20260122,SN2701,407220.0,48.0,39.0,0.0
20260123,SN2602,428740.0,149294.0,16202.0,0.0232308625274058
20260123,SN2603,429570.0,378618.0,56254.0,0.0145261540610386
20260123,SN2604,430090.0,38539.0,23030.0,-0.000558022739427
20260123,SN2605,430070.0,30996.0,15803.0,-0.0055804868974815
20260123,SN2606,429870.0,4493.0,5273.0,-0.0343359620350334
20260123,SN2607,428640.0,382.0,1091.0,-0.0058790593505042
20260123,SN2608,428430.0,224.0,912.0,-0.003361109166025
20260123,SN2609,428310.0,125.0,372.0,-0.0493100791482805
20260123,SN2610,426550.0,38.0,134.0,0.0455749619036467
20260123,SN2611,428170.0,46.0,114.0,-0.0255038886423619
20260123,SN2612,427260.0,122.0,199.0,3.4712963240557645e-05
20260123,SN2701,427370.0,14.0,34.0,0.0
20260126,SN2602,424960.0,146306.0,14153.0,0.0107304216867465
20260126,SN2603,425340.0,565176.0,55233.0,-0.0002821272393851
20260126,SN2604,425330.0,76816.0,24196.0,-0.0093104177932423
20260126,SN2605,425000.0,54031.0,16280.0,0.0767999999999995
20260126,SN2606,427720.0,8548.0,5714.0,-0.1091368184793792
20260126,SN2607,423830.0,1220.0,1158.0,-0.0014156619399288
20260126,SN2608,423780.0,536.0,983.0,0.0322809004672244
20260126,SN2609,424920.0,498.0,476.0,0.0304998587969507
20260126,SN2610,426000.0,88.0,138.0,-0.0056338028169009
20260126,SN2611,425800.0,64.0,103.0,-0.025082198215125
20260126,SN2612,424910.0,138.0,226.0,0.001297829361882
20260126,SN2701,429000.0,60.0,50.0,0.0
20260127,SN2602,450220.0,49624.0,10395.0,0.0250544178401659
20260127,SN2603,451160.0,351975.0,55071.0,0.0172887667346408
20260127,SN2604,451810.0,43863.0,24829.0,0.0103583364688697
20260127,SN2605,452200.0,32405.0,17556.0,0.0010614772224686
20260127,SN2606,452240.0,6029.0,5988.0,-0.0329028834247306
20260127,SN2607,451000.0,1182.0,1139.0,-0.0244789356984482
20260127,SN2608,450080.0,404.0,969.0,-0.0069321009598288
20260127,SN2609,449820.0,494.0,418.0,-0.0240096038415367
20260127,SN2610,448920.0,59.0,132.0,-0.4119219460037429
20260127,SN2611,433510.0,39.0,105.0,0.4993656432377564
20260127,SN2612,451550.0,113.0,231.0,2.9859696749905333e-05
20260127,SN2701,451650.0,39.0,58.0,0.0
20260128,SN2602,443080.0,47330.0,7799.0,0.0194998645842732
20260128,SN2603,443800.0,467621.0,52024.0,0.0132492113564657
20260128,SN2604,444290.0,63846.0,23906.0,0.0170159130297786
20260128,SN2605,444920.0,51656.0,17779.0,0.0056639395846449
20260128,SN2606,445130.0,7892.0,6130.0,-0.0202188124817475
20260128,SN2607,444380.0,963.0,1152.0,-0.0783113551464964
20260128,SN2608,441480.0,500.0,971.0,0.0799130198423494
20260128,SN2609,444420.0,417.0,396.0,-0.1131362224922365
20260128,SN2610,440230.0,81.0,128.0,0.0825931899234495
20260128,SN2611,443260.0,79.0,108.0,-0.0175968957271126
20260128,SN2612,442610.0,223.0,252.0,0.0005056827110076
20260128,SN2701,444270.0,51.0,69.0,0.0
20260129,SN2602,445180.0,21451.0,5956.0,0.0256076193899108
20260129,SN2603,446130.0,365707.0,48668.0,0.0164077735189307
20260129,SN2604,446740.0,56026.0,23735.0,0.0069839280118202
20260129,SN2605,447000.0,43084.0,18355.0,0.0201342281879197
20260129,SN2606,447750.0,6849.0,6846.0,0.001876046901172
20260129,SN2607,447820.0,1065.0,1344.0,-0.0069670849895047
20260129,SN2608,447560.0,188.0,975.0,-0.0152828671016176
20260129,SN2609,446990.0,226.0,407.0,0.020671603391575
20260129,SN2610,447760.0,108.0,168.0,-0.0517241379310342
20260129,SN2611,445830.0,35.0,116.0,0.0026916089092248
20260129,SN2612,445930.0,68.0,252.0,6.954283397630546e-05
20260129,SN2701,446160.0,34.0,78.0,0.0
20260130,SN2602,408000.0,17448.0,4499.0,0.0294117647058822
20260130,SN2603,409000.0,468870.0,40079.0,0.0293398533007342
20260130,SN2604,410000.0,91063.0,23220.0,0.0187317073170731
20260130,SN2605,410640.0,69978.0,17145.0,0.015780245470486
20260130,SN2606,411180.0,13166.0,7144.0,-0.0131329344812494
20260130,SN2607,410730.0,2353.0,1492.0,0.0280476225257464
20260130,SN2608,411690.0,596.0,936.0,-0.0332288858121399
20260130,SN2609,410550.0,541.0,342.0,0.0172451589331377
20260130,SN2610,411140.0,177.0,222.0,0.0790971445249795
20260130,SN2611,413850.0,82.0,116.0,0.0420442189198997
20260130,SN2612,415300.0,320.0,278.0,-0.0005843887050649
20260130,SN2701,413500.0,127.0,89.0,0.0
20260202,SN2602,394020.0,837.0,4396.0,-0.0417237703669868
20260202,SN2603,392650.0,190922.0,38322.0,-0.0110021647777918
20260202,SN2604,392290.0,37585.0,22102.0,0.0287542379362211
20260202,SN2605,393230.0,29682.0,16580.0,0.1028405767616913
20260202,SN2606,396600.0,6678.0,7161.0,-0.0614220877458402
20260202,SN2607,394570.0,772.0,1651.0,-0.1742656562840556
20260202,SN2608,388840.0,449.0,919.0,0.0518465178479585
20260202,SN2609,390520.0,294.0,300.0,-0.0626856499026939
20260202,SN2610,388480.0,148.0,232.0,-0.0315074135090611
20260202,SN2611,387460.0,58.0,106.0,0.0170340164145965
20260202,SN2612,388010.0,193.0,288.0,-0.0013795543900322
20260202,SN2701,384040.0,249.0,244.0,0.0
20260203,SN2602,382460.0,1576.0,4122.0,0.0276107305339117
20260203,SN2603,383340.0,373435.0,35433.0,0.0206605102519947
20260203,SN2604,384000.0,76655.0,20782.0,-0.0146874999999999
20260203,SN2605,383530.0,53862.0,15418.0,-0.0078220738925249
20260203,SN2606,383280.0,11199.0,6783.0,0.0187852222917968
20260203,SN2607,383880.0,2236.0,1653.0,-0.0318849640512657
20260203,SN2608,382860.0,925.0,846.0,0.0166118163297301
20260203,SN2609,383390.0,461.0,288.0,0.0541485171757223
20260203,SN2610,385120.0,260.0,219.0,0.0289779808890742
20260203,SN2611,386050.0,83.0,101.0,-0.028908172516513
20260203,SN2612,385120.0,242.0,226.0,-0.0002870840199231
20260203,SN2701,384300.0,154.0,198.0,0.0
20260204,SN2602,390390.0,712.0,4082.0,0.0519480519480515
20260204,SN2603,392080.0,319493.0,35914.0,0.0137726994490918
20260204,SN2604,392530.0,63892.0,21027.0,-0.0048913458843906
20260204,SN2605,392370.0,39872.0,15898.0,-0.0018350026760454
20260204,SN2606,392310.0,9775.0,7147.0,0.0036705666437253
20260204,SN2607,392430.0,632.0,1728.0,-0.0015289350967044
20260204,SN2608,392380.0,305.0,845.0,0.0409806819919476
20260204,SN2609,393720.0,301.0,310.0,-0.084425480036574
20260204,SN2610,390950.0,120.0,215.0,0.0801125463614269
20260204,SN2611,393560.0,69.0,100.0,0.0283565402988097
20260204,SN2612,394490.0,736.0,294.0,0.0004785014701103
20260204,SN2701,395890.0,290.0,286.0,0.0
20260205,SN2602,363790.0,304.0,4002.0,0.0445311855740948
20260205,SN2603,365140.0,334791.0,33927.0,0.0075587445911153
20260205,SN2604,365370.0,74278.0,20413.0,-0.0121520650299693
20260205,SN2605,365000.0,48739.0,15624.0,-0.006246575342466
20260205,SN2606,364810.0,10942.0,7302.0,0.027630821523533
20260205,SN2607,365650.0,1098.0,1889.0,-0.0495555859428411
20260205,SN2608,364140.0,294.0,828.0,0.024715768660406
20260205,SN2609,364890.0,293.0,277.0,0.0325577571322872
20260205,SN2610,365880.0,147.0,192.0,0.1554608068219085
20260205,SN2611,370620.0,84.0,100.0,-0.1573579407479362
20260205,SN2612,365760.0,334.0,265.0,-0.0002801616090123
20260205,SN2701,365000.0,421.0,175.0,0.0
20260206,SN2602,355760.0,382.0,3898.0,0.0418259500787039
20260206,SN2603,357000.0,306492.0,32178.0,-0.0020168067226893
20260206,SN2604,356940.0,68837.0,20553.0,-0.0110943015632876
20260206,SN2605,356610.0,42919.0,15311.0,-0.0084125515268782
20260206,SN2606,356360.0,9689.0,7498.0,0.0084184532495221
20260206,SN2607,356610.0,635.0,1799.0,-0.1635400016825103
20260206,SN2608,351750.0,216.0,834.0,0.1576119402985085
20260206,SN2609,356370.0,193.0,308.0,0.0299688525970198
20260206,SN2610,357260.0,63.0,187.0,0.057437160611319
20260206,SN2611,358970.0,54.0,103.0,-0.0294175000696435
20260206,SN2612,358090.0,241.0,231.0,0.0003539377615507
20260206,SN2701,359030.0,172.0,218.0,0.0
20260209,SN2602,383990.0,194.0,3828.0,0.0059376546264235
20260209,SN2603,384180.0,279733.0,33625.0,-0.0049976573481176
20260209,SN2604,384020.0,57839.0,22090.0,0.0024998697984468
20260209,SN2605,384100.0,35657.0,15947.0,-0.0009372559229365
20260209,SN2606,384070.0,8338.0,7851.0,-0.0087484052386277
20260209,SN2607,383790.0,337.0,1783.0,-0.0250136793558972
20260209,SN2608,382990.0,184.0,868.0,-0.0046998616151858
20260209,SN2609,382840.0,147.0,344.0,0.0238219621774113
20260209,SN2610,383600.0,67.0,187.0,0.0644421272158499
20260209,SN2611,385660.0,26.0,107.0,-0.0469843903956856
20260209,SN2612,384150.0,82.0,235.0,0.0009125648776592
20260209,SN2701,386750.0,87.0,191.0,0.0
20260210,SN2602,381260.0,24.0,3814.0,0.0232911923621683
20260210,SN2603,382000.0,244012.0,32207.0,0.0191623036649204
20260210,SN2604,382610.0,48589.0,23040.0,0.0078408823606279
20260210,SN2605,382860.0,27062.0,16327.0,-0.0097163454004074
20260210,SN2606,382550.0,7659.0,8007.0,0.0012547379427516
20260210,SN2607,382590.0,440.0,1891.0,-0.0090958990041554
20260210,SN2608,382300.0,132.0,880.0,-0.0439445461679315
20260210,SN2609,380900.0,62.0,341.0,0.016697295878183
20260210,SN2610,381430.0,102.0,156.0,0.052224523503658
20260210,SN2611,383090.0,15.0,109.0,-0.0820694875877734
20260210,SN2612,380470.0,201.0,258.0,0.0014458757840317
20260210,SN2701,384550.0,20.0,194.0,0.0
20260211,SN2602,393340.0,60.0,3804.0,0.0414908221894538
20260211,SN2603,394700.0,257952.0,31287.0,0.0243222700785405
20260211,SN2604,395500.0,52719.0,23879.0,-0.002427307206068
20260211,SN2605,395420.0,31697.0,16820.0,0.0169945880329782
20260211,SN2606,395980.0,6697.0,8368.0,0.0021213192585483
20260211,SN2607,396050.0,576.0,2081.0,-0.0415099103648528
20260211,SN2608,394680.0,140.0,890.0,-0.0021283064761328
20260211,SN2609,394610.0,79.0,338.0,-0.0267605990725017
20260211,SN2610,393730.0,113.0,143.0,-0.0417545018159657
20260211,SN2611,392360.0,11.0,104.0,0.0223264349067191
20260211,SN2612,393090.0,122.0,261.0,0.0002846933586698
20260211,SN2701,393920.0,25.0,188.0,0.0
20260212,SN2602,392000.0,36.0,3804.0,-0.0208163265306118
20260212,SN2603,391320.0,177854.0,28260.0,0.0147194112235515
20260212,SN2604,391800.0,43840.0,23275.0,0.0079632465543655
20260212,SN2605,392060.0,27176.0,16317.0,0.0238738968525238
20260212,SN2606,392840.0,7063.0,8734.0,-0.014356990123205
20260212,SN2607,392370.0,736.0,2034.0,-0.0250783699059566
20260212,SN2608,391550.0,56.0,877.0,-0.0110330736815216
20260212,SN2609,391190.0,62.0,319.0,-0.0030675630767662
20260212,SN2610,391090.0,28.0,132.0,-0.0503208980030178
20260212,SN2611,389450.0,21.0,97.0,0.0400564899216853
20260212,SN2612,390750.0,68.0,255.0,0.0006763139166253
20260212,SN2701,392710.0,15.0,186.0,0.0
20260213,SN2602,361050.0,42.0,3804.0,0.1445783132530111
20260213,SN2603,365400.0,180497.0,24005.0,0.07487684729064
20260213,SN2604,367680.0,57388.0,23036.0,-0.0156657963446469
20260213,SN2605,367200.0,31822.0,16569.0,0.0277777777777785
20260213,SN2606,368050.0,8232.0,8862.0,0.0088031517456874
20260213,SN2607,368320.0,288.0,2057.0,-0.1182667245873156
20260213,SN2608,364690.0,119.0,868.0,0.00493569881269
20260213,SN2609,364840.0,98.0,293.0,0.0552570990023015
20260213,SN2610,366520.0,24.0,122.0,0.0347047910073117
20260213,SN2611,367580.0,15.0,89.0,0.0437455791936445
20260213,SN2612,368920.0,148.0,215.0,7.309522968354926e-06
20260213,SN2701,368940.0,49.0,188.0,0.0
20260224,SN2602,384450.0,26.0,3804.0,-0.0071790870074135
20260224,SN2603,384220.0,74099.0,21038.0,0.0306074644734799
20260224,SN2604,385200.0,40522.0,25783.0,0.0196261682242999
20260224,SN2605,385830.0,19490.0,17688.0,0.0199051395692393
20260224,SN2606,386470.0,5262.0,9241.0,-0.0006210055114235
20260224,SN2607,386450.0,536.0,2255.0,0.0326044766463979
20260224,SN2608,387500.0,51.0,874.0,0.0210580645161302
20260224,SN2609,388180.0,59.0,291.0,-0.0540986140450305
20260224,SN2610,386430.0,23.0,115.0,0.0574489558264117
20260224,SN2611,388280.0,7.0,91.0,-0.0148346554033174
20260224,SN2612,387800.0,22.0,215.0,0.0005145708143314
20260224,SN2701,389280.0,16.0,186.0,0.0
20260225,SN2603,416160.0,173225.0,18346.0,0.0262399077277981
20260225,SN2604,417070.0,132282.0,34801.0,0.0109334164528736
20260225,SN2605,417450.0,47418.0,20675.0,0.0014372978799856
20260225,SN2606,417500.0,11436.0,10174.0,-0.0068982035928142
20260225,SN2607,417260.0,1153.0,2422.0,-0.0465896563293868
20260225,SN2608,415640.0,159.0,916.0,-0.0049080935424883
20260225,SN2609,415470.0,146.0,316.0,0.0326377355765759
20260225,SN2610,416600.0,63.0,120.0,-0.0181469035045602
20260225,SN2611,415970.0,42.0,92.0,0.0046157174796253
20260225,SN2612,416130.0,110.0,223.0,0.0001620064170741
20260225,SN2701,416630.0,24.0,185.0,-0.0469481314355659
20260225,SN2702,415000.0,7.0,7.0,0.0
20260226,SN2603,414180.0,163249.0,12801.0,0.023178328263075
20260226,SN2604,414980.0,205938.0,38178.0,0.0173502337462041
20260226,SN2605,415580.0,60199.0,22288.0,-0.0083738389720391
20260226,SN2606,415290.0,16753.0,11412.0,-0.0014447735317486
20260226,SN2607,415240.0,2183.0,2980.0,-0.0395915615065982
20260226,SN2608,413870.0,283.0,918.0,0.0130475753255856
20260226,SN2609,414320.0,211.0,338.0,0.0121645105232666
20260226,SN2610,414740.0,58.0,128.0,-0.0659690408448665
20260226,SN2611,412460.0,33.0,94.0,0.0477137176938375
20260226,SN2612,414100.0,155.0,251.0,-0.0008823792765683
20260226,SN2701,411390.0,11.0,188.0,-0.0189601108437251
20260226,SN2702,410740.0,6.0,8.0,0.0
20260227,SN2603,451540.0,86377.0,9136.0,0.0451787217079333
20260227,SN2604,453240.0,391133.0,55792.0,0.0007942811755352
20260227,SN2605,453270.0,100358.0,28533.0,-0.0140313720299163
20260227,SN2606,452740.0,28753.0,13331.0,-0.0543358218845253
20260227,SN2607,450690.0,5019.0,3956.0,0.0125141449777004
20260227,SN2608,451160.0,934.0,1201.0,0.0106392410674702
20260227,SN2609,451560.0,755.0,506.0,-0.0257773053414833
20260227,SN2610,450590.0,81.0,147.0,-0.0234359395459287
20260227,SN2611,449710.0,32.0,99.0,0.0104067065442174
20260227,SN2612,450100.0,169.0,254.0,0.000146783860765
20260227,SN2701,450590.0,171.0,101.0,-0.0143811447213653
20260227,SN2702,450050.0,22.0,20.0,0.0
20260302,SN2603,442530.0,8922.0,7772.0,0.0401328723476375
20260302,SN2604,444010.0,462899.0,49947.0,0.0124321524290005
20260302,SN2605,444470.0,126477.0,29036.0,0.0121493014151683
20260302,SN2606,444920.0,38964.0,14385.0,-0.0026971140879257
20260302,SN2607,444820.0,6302.0,4290.0,-0.0067443010655998
20260302,SN2608,444570.0,1607.0,1386.0,-0.0129563398339973
20260302,SN2609,444090.0,859.0,482.0,-0.0299939201513201
20260302,SN2610,442980.0,125.0,151.0,0.0796424217797655
20260302,SN2611,445920.0,73.0,91.0,-0.0651237890204523
20260302,SN2612,443500.0,196.0,237.0,4.86426915622645e-05
20260302,SN2701,443660.0,76.0,84.0,-0.0064914574223506
20260302,SN2702,443420.0,28.0,24.0,0.0
20260303,SN2603,393210.0,4122.0,6668.0,0.0512703135728997
20260303,SN2604,394890.0,464400.0,39535.0,-0.0243105674998105
20260303,SN2605,394090.0,139171.0,25418.0,0.0158339465604315
20260303,SN2606,394610.0,44897.0,13999.0,-0.0243278173386385
20260303,SN2607,393810.0,8278.0,3780.0,0.0618572408014026
20260303,SN2608,395840.0,1554.0,1088.0,-0.0478981406628937
20260303,SN2609,394260.0,1025.0,279.0,0.0377415918429475
20260303,SN2610,395500.0,170.0,75.0,0.0418710493046763
20260303,SN2611,396880.0,46.0,98.0,0.0949405361822224
20260303,SN2612,400020.0,255.0,262.0,-0.0007213122489942
20260303,SN2701,397880.0,186.0,131.0,0.014778325123153
20260303,SN2702,398370.0,33.0,34.0,0.0
20260304,SN2603,399600.0,1596.0,6342.0,0.0459459459459461
20260304,SN2604,401130.0,383838.0,39459.0,0.0089746466232902
20260304,SN2605,401430.0,114251.0,25342.0,0.00627755773111
20260304,SN2606,401640.0,38595.0,14343.0,-0.0176277263220789
20260304,SN2607,401050.0,6954.0,4079.0,0.0296222416157592
20260304,SN2608,402040.0,1419.0,1201.0,0.010446721719231
20260304,SN2609,402390.0,434.0,265.0,-0.0503988667710424
20260304,SN2610,400700.0,58.0,80.0,0.0479161467432005
20260304,SN2611,402300.0,41.0,103.0,-0.0322147651006705
20260304,SN2612,401220.0,253.0,284.0,0.0013643779730249
20260304,SN2701,405280.0,84.0,122.0,-0.0441176470588233
20260304,SN2702,403790.0,57.0,68.0,0.0
20260305,SN2603,391430.0,1614.0,6016.0,0.0116495925197348
20260305,SN2604,391810.0,367949.0,38758.0,-0.0064316888287696
20260305,SN2605,391600.0,109141.0,25434.0,-0.0003064351378951
20260305,SN2606,391590.0,33612.0,14642.0,-0.0177736918716009
20260305,SN2607,391010.0,5496.0,4413.0,0.0245518017442014
20260305,SN2608,391810.0,1341.0,1287.0,0.0027564380694728
20260305,SN2609,391900.0,466.0,287.0,0.0376626690482266
20260305,SN2610,393130.0,39.0,78.0,-0.3415664029710274
20260305,SN2611,381940.0,11.0,100.0,0.3600565533853483
20260305,SN2612,393400.0,279.0,239.0,-0.0004386992111411
20260305,SN2701,392120.0,48.0,119.0,-0.1416913189839843
20260305,SN2702,387490.0,7.0,69.0,0.0
20260306,SN2603,391530.0,802.0,5918.0,0.0652823538426181
20260306,SN2604,393660.0,296768.0,38571.0,0.0067062947721394
20260306,SN2605,393880.0,82553.0,25204.0,0.0009139839545042
20260306,SN2606,393910.0,23659.0,14807.0,-0.0097484196897772
20260306,SN2607,393590.0,2165.0,4380.0,0.0021342005640399
20260306,SN2608,393660.0,639.0,1291.0,0.0182898948331047
20260306,SN2609,394260.0,293.0,305.0,-0.0328717090245014
20260306,SN2610,393180.0,39.0,89.0,0.0442545399053857
20260306,SN2611,394630.0,22.0,102.0,0.0386184527278707
20260306,SN2612,395900.0,163.0,273.0,-0.0009399717894939
20260306,SN2701,393140.0,9.0,121.0,0.0964541893473054
20260306,SN2702,396300.0,13.0,71.0,0.0
20260309,SN2603,382160.0,1102.0,5748.0,0.0486707138371365
20260309,SN2604,383710.0,301708.0,35900.0,0.014073128143651
20260309,SN2605,384160.0,96344.0,23877.0,-0.0178050812161605
20260309,SN2606,383590.0,32904.0,14257.0,-0.0309705675330436
20260309,SN2607,382600.0,5248.0,4373.0,0.0533193936225826
20260309,SN2608,384300.0,897.0,1279.0,-0.0306010928961755
20260309,SN2609,383320.0,556.0,379.0,0.0507148074715653
20260309,SN2610,384940.0,59.0,96.0,0.0788694341975375
20260309,SN2611,387470.0,43.0,115.0,-0.0266343200763925
20260309,SN2612,386610.0,112.0,277.0,0.0006661185429441
20260309,SN2701,388520.0,22.0,126.0,-0.0228559662308245
20260309,SN2702,387780.0,21.0,71.0,0.0
20260310,SN2603,393000.0,368.0,5628.0,-0.0070229007633582
20260310,SN2604,392770.0,288694.0,34976.0,0.0140540265295205
20260310,SN2605,393230.0,93613.0,25106.0,-0.0143427510617191
20260310,SN2606,392760.0,27603.0,14220.0,0.0067216620837147
20260310,SN2607,392980.0,3798.0,4215.0,-0.0396966766756579
20260310,SN2608,391680.0,1592.0,1255.0,-0.0104166666666669
20260310,SN2609,391340.0,404.0,327.0,0.1134563295344204
20260310,SN2610,395040.0,80.0,103.0,0.0537667071688954
20260310,SN2611,396810.0,55.0,103.0,-0.0096771754744087
20260310,SN2612,396490.0,212.0,218.0,-0.0003944727341976
20260310,SN2701,395330.0,55.0,135.0,0.08104621455493
20260310,SN2702,398000.0,76.0,115.0,0.0
20260311,SN2603,392680.0,198.0,5610.0,0.0018335540389111
20260311,SN2604,392740.0,239265.0,33982.0,0.0109996435300718
20260311,SN2605,393100.0,67637.0,25809.0,-0.0238107351818874
20260311,SN2606,392320.0,19869.0,14292.0,0.0061174551386624
20260311,SN2607,392520.0,1051.0,4245.0,0.0079486395597676
20260311,SN2608,392780.0,522.0,1212.0,0.0012220581496
20260311,SN2609,392820.0,320.0,360.0,0.0650679700626231
20260311,SN2610,394950.0,62.0,110.0,0.01671097607292
20260311,SN2611,395500.0,17.0,105.0,0.0400505689001269
20260311,SN2612,396820.0,41.0,220.0,-0.0003363821028864
20260311,SN2701,395830.0,68.0,190.0,0.0500214738650433
20260311,SN2702,397480.0,17.0,115.0,0.0
20260312,SN2603,392000.0,276.0,5534.0,0.0459183673469389
20260312,SN2604,393500.0,215161.0,33098.0,0.0198221092757293
20260312,SN2605,394150.0,63017.0,25444.0,-0.0082202207281496
20260312,SN2606,393880.0,21168.0,14378.0,-0.0185843404082466
20260312,SN2607,393270.0,1407.0,4263.0,0.0210542375467248
20260312,SN2608,393960.0,614.0,1294.0,0.0167529698446546
20260312,SN2609,394510.0,295.0,364.0,0.0024333983929443
20260312,SN2610,394590.0,31.0,114.0,-0.0419676119516454
20260312,SN2611,393210.0,10.0,109.0,0.0
20260312,SN2612,393210.0,35.0,226.0,-0.0006720827621915
20260312,SN2701,391250.0,25.0,192.0,0.0518338658146975
20260312,SN2702,392940.0,27.0,115.0,0.0
20260313,SN2603,374000.0,154.0,5534.0,0.0035294117647053
20260313,SN2604,374110.0,227740.0,35386.0,0.0105851220229338
20260313,SN2605,374440.0,71238.0,24923.0,0.0070505287896596
20260313,SN2606,374660.0,23056.0,14501.0,0.0028826135696355
20260313,SN2607,374750.0,2031.0,4408.0,0.0233755837224816
20260313,SN2608,375480.0,416.0,1338.0,0.0166187280281251
20260313,SN2609,376000.0,259.0,407.0,0.0376595744680852
20260313,SN2610,377180.0,18.0,125.0,0.0359510048252813
20260313,SN2611,378310.0,15.0,114.0,0.0307684174354356
20260313,SN2612,379280.0,150.0,316.0,0.0002524001715847
20260313,SN2701,379990.0,22.0,188.0,-0.0476854654069849
20260313,SN2702,378480.0,23.0,115.0,0.0
20260316,SN2603,374880.0,154.0,5534.0,-0.0486555697823303
20260316,SN2604,373360.0,239145.0,33035.0,0.014784658238697
20260316,SN2605,373820.0,83153.0,24280.0,-0.0070622224600076
20260316,SN2606,373600.0,28792.0,14383.0,0.0012847965738744
20260316,SN2607,373640.0,3722.0,4567.0,0.0160582378760292
20260316,SN2608,374140.0,1100.0,1567.0,0.0224514887475271
20260316,SN2609,374840.0,751.0,629.0,-0.0092839611567607
20260316,SN2610,374550.0,40.0,129.0,0.0237084501401669
20260316,SN2611,375290.0,63.0,139.0,0.0358123051506824
20260316,SN2612,376410.0,90.0,335.0,0.0003188013070853
20260316,SN2701,377300.0,42.0,200.0,0.0321229790617545
20260316,SN2702,378310.0,29.0,111.0,0.0
20260317,SN2604,375110.0,222329.0,31700.0,0.0054384047346118
20260317,SN2605,375280.0,78960.0,24175.0,0.0041568961841829
20260317,SN2606,375410.0,25704.0,14724.0,0.008310913401349
20260317,SN2607,375670.0,2997.0,4666.0,0.0258737721936803
20260317,SN2608,376480.0,678.0,1511.0,0.0114747131321717
20260317,SN2609,376840.0,401.0,610.0,0.0076425007960949
20260317,SN2610,377080.0,37.0,134.0,0.0206852657261054
20260317,SN2611,377730.0,63.0,124.0,0.0721150027797632
20260317,SN2612,380000.0,41.0,334.0,0.0
20260317,SN2701,380000.0,16.0,194.0,0.0
20260317,SN2702,380000.0,19.0,122.0,-0.0956842105263162
20260317,SN2703,376970.0,0.0,0.0,0.0
20260318,SN2604,370000.0,198364.0,30797.0,0.0087567567567568
20260318,SN2605,370270.0,75448.0,24807.0,-0.0071299322116291
20260318,SN2606,370050.0,25923.0,14992.0,0.0038913660316186
20260318,SN2607,370170.0,3730.0,4881.0,0.0149120674284795
20260318,SN2608,370630.0,642.0,1491.0,0.0327010765453419
20260318,SN2609,371640.0,314.0,644.0,0.0145301905069414
20260318,SN2610,372090.0,31.0,135.0,0.0038700314440047
20260318,SN2611,372210.0,46.0,147.0,0.0538405738695901
20260318,SN2612,373880.0,44.0,342.0,0.0001081882909014
20260318,SN2701,374180.0,24.0,193.0,0.0227697899406713
20260318,SN2702,374890.0,13.0,117.0,0.1987783083037682
20260318,SN2703,381100.0,2.0,1.0,0.0
20260319,SN2604,345730.0,234003.0,29801.0,0.0100656581725617
20260319,SN2605,346020.0,100891.0,26041.0,0.033986474770244
20260319,SN2606,347000.0,34808.0,15749.0,0.0010374639769459
20260319,SN2607,347030.0,6593.0,5722.0,-0.0058784543123073
20260319,SN2608,346860.0,1023.0,1622.0,0.0089949835668567
20260319,SN2609,347120.0,815.0,737.0,-0.0266190366443885
20260319,SN2610,346350.0,125.0,177.0,0.0762234733650926
20260319,SN2611,348550.0,41.0,141.0,-0.0994979199540955
20260319,SN2612,345660.0,143.0,357.0,0.0012950310982994
20260319,SN2701,348980.0,85.0,195.0,-0.1127858329990258
20260319,SN2702,345700.0,39.0,118.0,0.0451258316459366
20260319,SN2703,347000.0,4.0,4.0,0.0
20260320,SN2604,342480.0,304523.0,27184.0,0.0080588647512271
20260320,SN2605,342710.0,143773.0,25589.0,-0.0063027049108579
20260320,SN2606,342530.0,41630.0,16207.0,0.0140133710915844
20260320,SN2607,342930.0,6185.0,5897.0,0.0206456128072796
20260320,SN2608,343520.0,1626.0,1720.0,0.0192128551467156
20260320,SN2609,344070.0,854.0,758.0,-0.0041851948731364
20260320,SN2610,343950.0,72.0,156.0,0.0568687309201916
20260320,SN2611,345580.0,39.0,133.0,-0.0375021702644833
20260320,SN2612,344500.0,140.0,349.0,0.000418779863342
20260320,SN2701,345570.0,102.0,162.0,0.0552131261394226
20260320,SN2702,347160.0,104.0,88.0,0.020394054614587
20260320,SN2703,347750.0,0.0,4.0,0.0
20260323,SN2604,328300.0,268175.0,24984.0,-0.0127931769722811
20260323,SN2605,327950.0,131927.0,25704.0,-0.0021954566244852
20260323,SN2606,327890.0,43403.0,15972.0,0.0164689377535145
20260323,SN2607,328340.0,9311.0,5789.0,0.0091368703173548
20260323,SN2608,328590.0,2272.0,1868.0,0.0102255089929688
20260323,SN2609,328870.0,767.0,791.0,0.0138656612035141
20260323,SN2610,329250.0,79.0,146.0,-0.0054669703872431
20260323,SN2611,329100.0,53.0,120.0,0.0051048313582509
20260323,SN2612,329240.0,107.0,326.0,0.0003112377296572
20260323,SN2701,330000.0,30.0,155.0,-0.072
20260323,SN2702,328020.0,26.0,84.0,0.317907444668009
20260323,SN2703,336710.0,1.0,5.0,0.0
20260324,SN2604,347970.0,249342.0,21087.0,0.0162082938184315
20260324,SN2605,348440.0,154988.0,25242.0,-0.0034439214785897
20260324,SN2606,348340.0,44860.0,16506.0,-0.0103347304357814
20260324,SN2607,348040.0,7417.0,6151.0,0.0010343638662231
20260324,SN2608,348070.0,841.0,1853.0,0.0193064613439837
20260324,SN2609,348630.0,940.0,827.0,-0.0044746579468202
20260324,SN2610,348500.0,83.0,150.0,-0.0055093256814924
20260324,SN2611,348340.0,42.0,113.0,-0.3045300568410178
20260324,SN2612,339500.0,76.0,290.0,0.0030580331286922
20260324,SN2701,347200.0,16.0,159.0,0.0103686635944697
20260324,SN2702,347500.0,17.0,76.0,-0.1108489208633094
20260324,SN2703,344290.0,1.0,4.0,0.0
20260325,SN2604,352430.0,215643.0,18892.0,0.0262179723633053
20260325,SN2605,353200.0,167378.0,28684.0,0.0122310305775767
20260325,SN2606,353560.0,40814.0,17158.0,-0.0156126258626536
20260325,SN2607,353100.0,5547.0,6406.0,0.0142735768903987
20260325,SN2608,353520.0,572.0,1865.0,0.0156143923964702
20260325,SN2609,353980.0,1104.0,946.0,0.0345782247584596
20260325,SN2610,355000.0,34.0,144.0,-0.0016901408450706
20260325,SN2611,354950.0,26.0,119.0,0.0243414565431763
20260325,SN2612,355670.0,79.0,297.0,0.0008150466456249
20260325,SN2701,357820.0,39.0,161.0,-0.013414565982897
20260325,SN2702,357420.0,20.0,85.0,-0.0308880308880303
20260325,SN2703,356500.0,3.0,5.0,0.0
20260326,SN2604,348790.0,145318.0,14757.0,0.0244273058287234
20260326,SN2605,349500.0,149127.0,30710.0,0.0061802575107305
20260326,SN2606,349680.0,30945.0,17520.0,0.00137268359643
20260326,SN2607,349720.0,2816.0,6597.0,0.0199016355941905
20260326,SN2608,350300.0,299.0,1867.0,0.0116471595775058
20260326,SN2609,350640.0,791.0,956.0,0.0975359342915815
20260326,SN2610,353490.0,11.0,139.0,-0.2023253840278367
20260326,SN2611,347530.0,4.0,121.0,0.1374269847207427
20260326,SN2612,351510.0,46.0,294.0,-0.0003452200921929
20260326,SN2701,350610.0,12.0,161.0,0.1153418328056821
20260326,SN2702,353980.0,4.0,87.0,0.0149160969546295
20260326,SN2703,354420.0,0.0,5.0,0.0
20260327,SN2604,361330.0,81965.0,11196.0,0.0375280214762119
20260327,SN2605,362460.0,249565.0,36711.0,0.0086078463830503
20260327,SN2606,362720.0,40416.0,18705.0,-0.0006616674018529
20260327,SN2607,362700.0,6078.0,7254.0,-0.008602150537635
20260327,SN2608,362440.0,1199.0,1729.0,0.0082772320935875
20260327,SN2609,362690.0,768.0,918.0,0.0102566930436465
20260327,SN2610,363000.0,9.0,139.0,0.0343801652892556
20260327,SN2611,364040.0,20.0,124.0,-0.0089001208658383
20260327,SN2612,363770.0,49.0,300.0,0.0004188348422404
20260327,SN2701,364900.0,6.0,161.0,0.0973417374623188
20260327,SN2702,367860.0,36.0,87.0,-0.2564018920241397
20260327,SN2703,360000.0,1.0,5.0,0.0
20260330,SN2604,369790.0,43063.0,8899.0,0.030179290948916
20260330,SN2605,370720.0,266513.0,39745.0,0.0042080276219254
20260330,SN2606,370850.0,43312.0,19429.0,0.0055008763651072
20260330,SN2607,371020.0,6639.0,7688.0,-0.0200528273408435
20260330,SN2608,370400.0,1196.0,1840.0,0.0165226781857441
20260330,SN2609,370910.0,820.0,923.0,-0.000970585856407
20260330,SN2610,370880.0,26.0,134.0,0.0184426229508201
20260330,SN2611,371450.0,48.0,111.0,0.083349037555525
20260330,SN2612,374030.0,28.0,303.0,-7.93062624610647e-05
20260330,SN2701,373810.0,9.0,160.0,0.0125197292742296
20260330,SN2702,374200.0,14.0,87.0,-0.0064136825227154
20260330,SN2703,374000.0,1.0,6.0,0.0
20260331,SN2604,367490.0,17594.0,6991.0,0.0166535143813444
20260331,SN2605,368000.0,250458.0,39048.0,0.0097826086956516
20260331,SN2606,368300.0,46155.0,19340.0,0.0022807493890857
20260331,SN2607,368370.0,8337.0,7741.0,0.0166137307598326
20260331,SN2608,368880.0,1353.0,1986.0,-0.0159401431359795
20260331,SN2609,368390.0,723.0,932.0,-0.0452781020114558
20260331,SN2610,367000.0,17.0,135.0,0.005885558583107
20260331,SN2611,367180.0,52.0,124.0,0.0656898523884743
20260331,SN2612,369190.0,121.0,340.0,0.0005149444989045
20260331,SN2701,370600.0,18.0,159.0,0.0142471667566121
20260331,SN2702,371040.0,15.0,87.0,0.0139068564036213
20260331,SN2703,371470.0,0.0,6.0,0.0
20260401,SN2604,374320.0,2815.0,6432.0,0.0285317375507583
20260401,SN2605,375210.0,225356.0,39547.0,0.0092748061085785
20260401,SN2606,375500.0,44618.0,19503.0,0.0070306258322228
20260401,SN2607,375720.0,9347.0,7766.0,-0.0198019801980193
20260401,SN2608,375100.0,1477.0,2054.0,0.0243135163956287
20260401,SN2609,375860.0,612.0,900.0,-0.0009578034374504
20260401,SN2610,375830.0,21.0,134.0,-0.0089402123300428
20260401,SN2611,375550.0,18.0,124.0,0.0290773532152845
20260401,SN2612,376460.0,56.0,349.0,-1.0744684216708992e-05
20260401,SN2701,376430.0,47.0,185.0,0.0379353399038331
20260401,SN2702,377620.0,11.0,86.0,-0.0514803241353747
20260401,SN2703,376000.0,7.0,9.0,0.0
20260402,SN2604,359710.0,1794.0,6072.0,0.0370298295849433
20260402,SN2605,360820.0,266415.0,38283.0,0.0013303031982712
20260402,SN2606,360860.0,57725.0,19492.0,0.0172920246078813
20260402,SN2607,361380.0,11933.0,7933.0,0.001992362609994
20260402,SN2608,361440.0,2379.0,2093.0,0.0066401062416989
20260402,SN2609,361640.0,1024.0,875.0,0.0225638756774682
20260402,SN2610,362320.0,69.0,149.0,0.0198719364098041
20260402,SN2611,362920.0,61.0,133.0,0.0231455968257465
20260402,SN2612,363620.0,175.0,346.0,0.000363387138938
20260402,SN2701,364600.0,58.0,188.0,-0.0487109160724079
20260402,SN2702,363120.0,29.0,109.0,0.0819563780568399
20260402,SN2703,365600.0,4.0,10.0,0.0
20260403,SN2604,364580.0,884.0,5958.0,0.0381809205112722
20260403,SN2605,365740.0,204746.0,35385.0,0.0045934270246634
20260403,SN2606,365880.0,44330.0,19372.0,0.003935716628403
20260403,SN2607,366000.0,7911.0,8253.0,0.0121311475409831
20260403,SN2608,366370.0,1064.0,2084.0,0.0111362829926031
20260403,SN2609,366710.0,612.0,910.0,0.0081808513539316
20260403,SN2610,366960.0,23.0,147.0,0.0454545454545467
20260403,SN2611,368350.0,15.0,125.0,0.003583548255734
20260403,SN2612,368460.0,13.0,346.0,0.0003183612082356
20260403,SN2701,369330.0,11.0,185.0,-0.0178701973844526
20260403,SN2702,368780.0,1.0,109.0,-0.0107381094419443
20260403,SN2703,368450.0,0.0,10.0,0.0
20260407,SN2604,363320.0,756.0,5746.0,0.0059451722999019
20260407,SN2605,363500.0,114191.0,35146.0,0.00363136176066
20260407,SN2606,363610.0,30380.0,19407.0,0.0019801435604085
20260407,SN2607,363670.0,5818.0,8417.0,0.0042896032117019
20260407,SN2608,363800.0,649.0,2097.0,0.0072567344694896
20260407,SN2609,364020.0,398.0,946.0,0.0052744354705787
20260407,SN2610,364180.0,34.0,146.0,0.0296556647811518
20260407,SN2611,365080.0,9.0,128.0,0.0677111865892401
20260407,SN2612,367140.0,9.0,346.0,-2.2034884895263543e-05
20260407,SN2701,367080.0,38.0,185.0,0.0843412880026148
20260407,SN2702,369660.0,1.0,109.0,-0.0499918844343456
20260407,SN2703,368120.0,0.0,10.0,0.0
20260408,SN2604,377460.0,1162.0,5438.0,0.0486409155937064
20260408,SN2605,378990.0,218146.0,36661.0,-0.0028496794110659
20260408,SN2606,378900.0,52066.0,20839.0,-0.010451306413302
20260408,SN2607,378570.0,9713.0,8624.0,0.0034868056105858
20260408,SN2608,378680.0,1282.0,2067.0,0.0034857927537768
20260408,SN2609,378790.0,852.0,914.0,0.0310462261411341
20260408,SN2610,379770.0,82.0,153.0,-0.021170708586776
20260408,SN2611,379100.0,42.0,129.0,0.0345027697177533
20260408,SN2612,380190.0,71.0,343.0,0.000113485539903
20260408,SN2701,380510.0,72.0,208.0,0.0719034979369794
20260408,SN2702,382790.0,13.0,104.0,-0.0216306591081272
20260408,SN2703,382100.0,3.0,11.0,0.0
20260409,SN2604,369000.0,322.0,5362.0,0.0126829268292674
20260409,SN2605,369390.0,181766.0,34851.0,0.0227401932916437
20260409,SN2606,370090.0,44539.0,21845.0,-0.0129698181523414
20260409,SN2607,369690.0,8918.0,9159.0,-0.0016229814168626
20260409,SN2608,369640.0,1722.0,2278.0,0.0058435234282008
20260409,SN2609,369820.0,529.0,968.0,0.0220647882753768
20260409,SN2610,370500.0,60.0,172.0,0.0032388663967619
20260409,SN2611,370600.0,13.0,127.0,0.0187803561791692
20260409,SN2612,371180.0,24.0,340.0,0.0004250035265605
20260409,SN2701,372350.0,9.0,206.0,0.0215925876191764
20260409,SN2702,373020.0,8.0,106.0,0.0061122728003866
20260409,SN2703,373210.0,3.0,11.0,0.0
20260410,SN2604,376430.0,208.0,5280.0,-0.0522806365061239
20260410,SN2605,374790.0,192518.0,34398.0,0.0124869927159201
20260410,SN2606,375180.0,44602.0,21992.0,-0.000319846473693
20260410,SN2607,375170.0,9474.0,9322.0,0.0041581149878728
20260410,SN2608,375300.0,1508.0,2322.0,0.0083133493205433
20260410,SN2609,375560.0,387.0,979.0,0.1750985195441474
20260410,SN2610,381040.0,16.0,174.0,-0.0091328994331307
20260410,SN2611,380750.0,4.0,127.0,-0.1465528562048588
20260410,SN2612,376100.0,17.0,334.0,0.0002545342650323
20260410,SN2701,376810.0,26.0,199.0,0.0222924020063173
20260410,SN2702,377510.0,36.0,108.0,0.036873195412042
20260410,SN2703,378670.0,2.0,10.0,0.0
20260413,SN2604,371380.0,112.0,5240.0,0.0219721040443747
20260413,SN2605,372060.0,181634.0,32539.0,0.0106434446057077
20260413,SN2606,372390.0,49202.0,22858.0,0.0003222428099585
20260413,SN2607,372400.0,9026.0,9850.0,0.0119226638023635
20260413,SN2608,372770.0,2125.0,2523.0,0.0257531453711417
20260413,SN2609,373570.0,683.0,1016.0,-0.0019273496265759
20260413,SN2610,373510.0,65.0,196.0,-0.154212738614762
20260413,SN2611,368710.0,9.0,125.0,0.1721678283746026
20260413,SN2612,374000.0,59.0,347.0,7.210238538718432e-06
20260413,SN2701,374020.0,78.0,191.0,0.031121330410138
20260413,SN2702,374990.0,66.0,109.0,0.0003200085335599
20260413,SN2703,375000.0,6.0,9.0,0.0
20260414,SN2604,381590.0,68.0,5242.0,0.0421394690636534
20260414,SN2605,382930.0,205829.0,32711.0,0.0115948084506296
20260414,SN2606,383300.0,61270.0,23875.0,-0.0012522828072007
20260414,SN2607,383260.0,11633.0,9837.0,0.007827584407452
20260414,SN2608,383510.0,2681.0,2672.0,0.0071966832677103
20260414,SN2609,383740.0,1211.0,1186.0,-0.0519101474957
20260414,SN2610,382080.0,44.0,193.0,0.0603015075376873
20260414,SN2611,384000.0,22.0,127.0,0.012812499999999
20260414,SN2612,384410.0,44.0,342.0,-0.0003577640797264
20260414,SN2701,383390.0,10.0,190.0,-0.022222801846683
20260414,SN2702,382680.0,86.0,128.0,0.1502038256506743
20260414,SN2703,387470.0,11.0,14.0,0.0
20260415,SN2604,393800.0,154.0,5216.0,-0.1502285424073131
20260415,SN2605,388870.0,256687.0,33287.0,0.0154293208527267
20260415,SN2606,389370.0,78510.0,26311.0,-0.0015409507666235
20260415,SN2607,389320.0,16282.0,10462.0,-0.0033905270728449
20260415,SN2608,389210.0,4310.0,3146.0,0.0030831684694643
20260415,SN2609,389310.0,2416.0,1381.0,0.0240425367958696
20260415,SN2610,390090.0,182.0,212.0,-0.0033838344997305
20260415,SN2611,389980.0,66.0,127.0,-0.004923329401508
20260415,SN2612,389820.0,226.0,332.0,0.0005914570769914
20260415,SN2701,391530.0,77.0,205.0,-0.0024519193931498
20260415,SN2702,391450.0,75.0,149.0,-0.0334142291480388
20260415,SN2703,390360.0,47.0,47.0,0.0
20260416,SN2605,391260.0,193465.0,32077.0,0.0217758012574771
20260416,SN2606,391970.0,59862.0,26288.0,-0.0018368752710671
20260416,SN2607,391910.0,10568.0,10860.0,-0.0055114694700311
20260416,SN2608,391730.0,3040.0,3421.0,-0.0055140019911679
20260416,SN2609,391550.0,1608.0,1687.0,0.0358574894649459
20260416,SN2610,392720.0,50.0,227.0,0.000611122428193
20260416,SN2611,392740.0,15.0,126.0,-0.0091663696083927
20260416,SN2612,392440.0,28.0,333.0,-0.0001924004127446
20260416,SN2701,391880.0,16.0,208.0,0.0450137797284879
20260416,SN2702,393350.0,10.0,148.0,-0.004881149103852
20260416,SN2703,393190.0,10.0,46.0,-0.1388641623642517
20260416,SN2704,388640.0,2.0,1.0,0.0
20260417,SN2605,390660.0,178952.0,29891.0,0.0165873137766849
20260417,SN2606,391200.0,62159.0,27494.0,-0.0024539877300608
20260417,SN2607,391120.0,10158.0,11294.0,-0.012272448353447
20260417,SN2608,390720.0,3391.0,3951.0,0.0082923832923844
20260417,SN2609,390990.0,891.0,1735.0,0.0052175247448786
20260417,SN2610,391160.0,17.0,231.0,0.0134983127109107
20260417,SN2611,391600.0,9.0,125.0,-0.0312563840653732
20260417,SN2612,390580.0,14.0,339.0,0.0002589062304921
20260417,SN2701,391330.0,3.0,208.0,0.0226918457567775
20260417,SN2702,392070.0,15.0,151.0,-0.015303389700819
20260417,SN2703,391570.0,2.0,47.0,-0.0646627678320608
20260417,SN2704,389460.0,0.0,1.0,0.0
20260420,SN2605,390880.0,183422.0,28656.0,0.0190339746213661
20260420,SN2606,391500.0,73913.0,28684.0,-0.0045977011494255
20260420,SN2607,391350.0,12148.0,11655.0,0.0067458796473731
20260420,SN2608,391570.0,3751.0,4323.0,-0.0055162550757201
20260420,SN2609,391390.0,1724.0,1908.0,0.0079715884411974
20260420,SN2610,391650.0,130.0,294.0,-0.0128686327077742
20260420,SN2611,391230.0,30.0,142.0,-0.0377271681619513
20260420,SN2612,390000.0,47.0,333.0,0.0010060501296456
20260420,SN2701,392910.0,21.0,219.0,-0.0320684126135759
20260420,SN2702,391860.0,14.0,153.0,0.0719644771091712
20260420,SN2703,394210.0,2.0,46.0,-0.1445929834352255
20260420,SN2704,389460.0,0.0,1.0,0.0
20260421,SN2605,392300.0,180129.0,26101.0,0.0241651797094064
20260421,SN2606,393090.0,88135.0,31934.0,0.0006105472029309
20260421,SN2607,393110.0,15900.0,12692.0,-0.0027473226323424
20260421,SN2608,393020.0,3667.0,4485.0,0.0036639356775731
20260421,SN2609,393140.0,1462.0,1826.0,-0.0003052347764156
20260421,SN2610,393130.0,78.0,321.0,0.0241141607101971
20260421,SN2611,393920.0,9.0,143.0,-0.0292445166531272
20260421,SN2612,392960.0,56.0,329.0,5.489880320609762e-05
20260421,SN2701,393120.0,23.0,220.0,-0.0036630036630036
20260421,SN2702,393000.0,20.0,155.0,-0.0137404580152677
20260421,SN2703,392550.0,2.0,47.0,-0.0944593045471919
20260421,SN2704,389460.0,0.0,1.0,0.0
20260422,SN2605,394060.0,142861.0,24120.0,0.0261889052428561
20260422,SN2606,394920.0,78030.0,34026.0,-0.0003038590094193
20260422,SN2607,394910.0,12333.0,13093.0,-0.0027348003342533
20260422,SN2608,394820.0,2746.0,4728.0,-0.0021275517957546
20260422,SN2609,394750.0,613.0,1794.0,0.0194553514882827
20260422,SN2610,395390.0,80.0,336.0,-0.0169958774880503
20260422,SN2611,394830.0,8.0,144.0,0.0185396246485822
20260422,SN2612,395440.0,30.0,328.0,-0.0002864111545779
20260422,SN2701,394600.0,10.0,220.0,0.0097313735428272
20260422,SN2702,394920.0,5.0,154.0,-0.0133697964144632
20260422,SN2703,394480.0,0.0,47.0,0.1250253498276219
20260422,SN2704,398590.0,1.0,2.0,0.0
20260423,SN2605,390730.0,137466.0,19207.0,0.015355872341515
20260423,SN2606,391230.0,105971.0,35269.0,0.0226976458860503
20260423,SN2607,391970.0,17481.0,14566.0,-0.0150011480470437
20260423,SN2608,391480.0,2647.0,5101.0,0.0006130581383478
20260423,SN2609,391500.0,1150.0,1854.0,0.0159386973180089
20260423,SN2610,392020.0,39.0,336.0,-0.0165297688893417
20260423,SN2611,391480.0,42.0,127.0,0.020230918565443
20260423,SN2612,392140.0,25.0,325.0,-0.0016469696961014
20260423,SN2701,387350.0,13.0,220.0,0.1502517103394858
20260423,SN2702,392200.0,14.0,148.0,0.0015298317185106
20260423,SN2703,392250.0,43.0,19.0,0.1927342256214137
20260423,SN2704,398550.0,0.0,2.0,0.0
20260424,SN2605,387630.0,107870.0,17058.0,0.0300286355545242
20260424,SN2606,388600.0,106784.0,36599.0,0.0132784354091608
20260424,SN2607,389030.0,15412.0,14943.0,-0.0061691900367586
20260424,SN2608,388830.0,2944.0,5271.0,0.0077154540544706
20260424,SN2609,389080.0,1153.0,1710.0,-0.0441040403001955
20260424,SN2610,387650.0,74.0,329.0,0.0461240810009035
20260424,SN2611,389140.0,27.0,125.0,-0.0265200185023388
20260424,SN2612,388280.0,36.0,319.0,0.0004097587400729
20260424,SN2701,389460.0,31.0,222.0,-0.0332768448621165
20260424,SN2702,388380.0,81.0,113.0,0.0216283021782786
20260424,SN2703,389080.0,13.0,13.0,0.0508892772694569
20260424,SN2704,390730.0,7.0,2.0,0.0
20260427,SN2605,391290.0,74370.0,12799.0,0.0306677911523429
20260427,SN2606,392290.0,129380.0,39069.0,0.0045884422238646
20260427,SN2607,392440.0,17222.0,14525.0,-0.0051982468657629
20260427,SN2608,392270.0,3432.0,5186.0,-0.0006118234889238
20260427,SN2609,392250.0,756.0,1737.0,-0.00642447418738
20260427,SN2610,392040.0,25.0,335.0,0.0437710437710432
20260427,SN2611,393470.0,11.0,120.0,-0.0350725595343996
20260427,SN2612,392320.0,14.0,318.0,0.0001340341294426
20260427,SN2701,392710.0,19.0,215.0,-0.0021389829645288
20260427,SN2702,392640.0,17.0,114.0,0.0213936430317858
20260427,SN2703,393340.0,2.0,13.0,0.0064066710733703
20260427,SN2704,393550.0,0.0,2.0,0.0
20260428,SN2605,383630.0,45485.0,8261.0,0.0303417355264175
20260428,SN2606,384600.0,187538.0,39956.0,0.0143525741029648
20260428,SN2607,385060.0,22620.0,15733.0,0.0
20260428,SN2608,385060.0,4389.0,5746.0,0.0031163974445531
20260428,SN2609,385160.0,1656.0,1877.0,0.0006231176653859
20260428,SN2610,385180.0,87.0,342.0,0.0127732488706575
20260428,SN2611,385590.0,13.0,120.0,-0.0239632770559397
20260428,SN2612,384820.0,34.0,318.0,0.0004414730015317
20260428,SN2701,386080.0,15.0,219.0,-0.0724202237878164
20260428,SN2702,383750.0,11.0,112.0,0.0390879478827361
20260428,SN2703,385000.0,5.0,15.0,-0.1302857142857147
20260428,SN2704,380820.0,5.0,4.0,0.0
20260429,SN2605,387280.0,19508.0,6601.0,0.0316050402809331
20260429,SN2606,388300.0,153966.0,41062.0,0.0064898274530005
20260429,SN2607,388510.0,18037.0,16133.0,0.0024709788679828
20260429,SN2608,388590.0,4555.0,5976.0,-0.0040145140121983
20260429,SN2609,388460.0,1201.0,1950.0,0.0074138907480829
20260429,SN2610,388700.0,39.0,344.0,0.0046308206843335
20260429,SN2611,388850.0,11.0,118.0,-0.012652693840812
20260429,SN2612,388440.0,86.0,291.0,0.0001735550672872
20260429,SN2701,388940.0,34.0,207.0,-0.0351725201830621
20260429,SN2702,387800.0,10.0,112.0,-0.1349149045899946
20260429,SN2703,383440.0,4.0,13.0,0.0037554767369085
20260429,SN2704,383560.0,2.0,3.0,0.0
20260430,SN2605,386000.0,11056.0,5142.0,0.0425906735751295
20260430,SN2606,387370.0,182304.0,38310.0,0.0089836590339986
20260430,SN2607,387660.0,21479.0,16724.0,0.0065005417118086
20260430,SN2608,387870.0,4003.0,6139.0,-0.0012375280377452
20260430,SN2609,387830.0,1612.0,2034.0,0.0176365933527566
20260430,SN2610,388400.0,71.0,340.0,-0.0979402677651908
20260430,SN2611,385230.0,9.0,119.0,0.0292812086286105
20260430,SN2612,386170.0,27.0,286.0,0.0001047451593915
20260430,SN2701,386470.0,22.0,203.0,-0.035086811395451
20260430,SN2702,385340.0,15.0,112.0,0.0246016504904762
20260430,SN2703,386130.0,6.0,14.0,0.0568720379146912
20260430,SN2704,387960.0,2.0,3.0,0.0
20260506,SN2605,414700.0,2846.0,4374.0,0.0193875090426827
20260506,SN2606,415370.0,174856.0,49343.0,0.0063557791848243
20260506,SN2607,415590.0,35706.0,18810.0,-0.0046199379195841
20260506,SN2608,415430.0,9444.0,6226.0,-0.02281972895554
20260506,SN2609,414640.0,5311.0,3552.0,-0.0072351919737609
20260506,SN2610,414390.0,313.0,434.0,-0.0083978860493738
20260506,SN2611,414100.0,66.0,113.0,-0.029847862835064
20260506,SN2612,413070.0,191.0,358.0,0.0003035641862806
20260506,SN2701,414000.0,115.0,235.0,-0.0481159420289856
20260506,SN2702,412340.0,72.0,161.0,0.0288111752437298
20260506,SN2703,413330.0,33.0,40.0,-0.09087170057823
20260506,SN2704,410200.0,2.0,3.0,0.0
20260507,SN2605,420160.0,1972.0,4130.0,0.0382711348057895
20260507,SN2606,421500.0,314914.0,52027.0,0.0116725978647691
20260507,SN2607,421910.0,62087.0,22057.0,-0.0130833590102157
20260507,SN2608,421450.0,14477.0,7610.0,-0.0150907580970454
20260507,SN2609,420920.0,7263.0,4220.0,0.0074123348854895
20260507,SN2610,421180.0,603.0,520.0,-0.0490051759342797
20260507,SN2611,419460.0,73.0,126.0,0.0603633242740677
20260507,SN2612,421570.0,321.0,389.0,-0.0002142872563315
20260507,SN2701,420900.0,95.0,238.0,-0.0136849607982898
20260507,SN2702,420420.0,194.0,217.0,0.0057085771371498
20260507,SN2703,420620.0,23.0,42.0,-0.0935761494936051
20260507,SN2704,417340.0,3.0,5.0,0.0
20260508,SN2605,424050.0,1146.0,3760.0,0.0540502299257168
20260508,SN2606,425960.0,275844.0,53940.0,0.0115503803174012
20260508,SN2607,426370.0,54329.0,23623.0,-0.0112578277083286
20260508,SN2608,425970.0,13740.0,8516.0,-0.0109866892034644
20260508,SN2609,425580.0,6361.0,4731.0,0.007613139715211
20260508,SN2610,425850.0,240.0,537.0,-0.0050722085241288
20260508,SN2611,425670.0,15.0,127.0,-0.0687856790471488
20260508,SN2612,423230.0,80.0,392.0,0.0002198183206889
20260508,SN2701,423920.0,37.0,240.0,0.0133043970560491
20260508,SN2702,424390.0,25.0,215.0,-0.0042413817479198
20260508,SN2703,424240.0,10.0,45.0,0.0384687912502359
20260508,SN2704,425600.0,4.0,8.0,0.0
20260511,SN2605,422390.0,110.0,3730.0,0.02613698240962048
20260511,SN2606,423310.0,276721.0,50824.0,0.017575771892938796
20260511,SN2607,423930.0,61987.0,25236.0,-0.002830656004529253
20260511,SN2608,423830.0,16470.0,9364.0,-0.014156619399286807
20260511,SN2609,423330.0,8546.0,5183.0,0.0017008007937064917
20260511,SN2610,423390.0,495.0,567.0,0.0014171331396575226
20260511,SN2611,423440.0,55.0,135.0,-0.007651615341016438
20260511,SN2612,423170.0,147.0,400.0,-0.0001975459168135152
20260511,SN2701,422550.0,42.0,235.0,0.026979055733048263
20260511,SN2702,423500.0,48.0,213.0,-0.03796930342384952
20260511,SN2703,422160.0,19.0,52.0,-0.07220011370096602
20260511,SN2704,419620.0,4.0,12.0,0.0
